Post,Trans,Label,Type
"وضعیت جنگی در سوسنگرد

شلیک گلوله های گاز اشک اور به سمت مردم

بامداد دوشنبه ۲۸ تیرماه ۱۴۰۰

#خوزستان_تنها_نیست #اعتراضات_خوزستان #انا_عطشان #علی_مزرعه #مصطفی_نعیماوی #قاسم_خضیری #شوش #شادگان #اعتراضات_سراسری #اهواز #اندیمشک #سوسنگرد #نافرمانی_مدنی #بحران_آب
@irannc","War situation in Susangerd, tear gas shells fired at people on Monday morning, July 18, 2021 #Khuzestan_is_not_alone #Khuzestan_protests #Ana_Atshan #Ali_Mazraeh #Mostafa_Naeimawi #Qasem_Khaziri #Shush #Shadegan #Worldwide_Protests #Ahvaz #Andimeshk #Susangerd #Civil_Disobedience #Water_Crisis @irannc",Yes,A
"🎥 **رژیم صهیونیستی با اتکا به حمایت آمریکا مرتکب کشتار و نسل‌کشی شده است**

**وزیر امور خارجه:**
🔹به دستور رئیس‌جمهور آمریکا، حمله به ایران آغاز شد و نخستین «بمب‌ها» پیش از اصابت به خاک، بر پیکر مذاکرات ایران و آمریکا فرود آمد؛ مذاکراتی که پنج دور آن برگزار شده بود و دور ششم آن برای ۲۵ خرداد برنامه‌ریزی شده بود. بدین ترتیب، دیپلماسی نخستین قربانی جنگ ۱۲روزه شد.
🔹رژیم صهیونیستی که با اتکا به حمایت بی‌قید و شرط آمریکا و برخی دولت‌های اروپایی عمل می‌کند، با نقض آشکار حقوق بین‌الملل، جاه‌طلبی‌های نامحدود خود را با تکیه بر انبوهی از تسلیحات غربی دنبال کرده و مرتکب جنایاتی چون کشتار، نسل‌کشی و پاکسازی نژادی شده است.
🔹تجاوز نظامی به خاک ایران، شهادت غیرنظامیان، ترور فرماندهان در منازل مسکونی و هدف قرار دادن تأسیسات صلح‌آمیز هسته‌ای، نقض صریح اصول بنیادین حقوق بین‌الملل و منشور ملل متحد و تجاوزی تمام‌عیار به نظام پادمان و عدم اشاعه به شمار می‌رفت.
✅ @Khabar_Fouri","🎥 **The Zionist regime has committed massacres and genocide relying on US support** **Foreign Minister:** 🔹On the orders of the US President, the attack on Iran began, and the first ""bombs"" fell on the Iranian-American negotiations before hitting the ground; the negotiations had been held for five rounds, with the sixth round scheduled for June 15. Thus, diplomacy became the first victim of the 12-day war. 🔹The Zionist regime, which operates with the unconditional support of the US and some European governments, has pursued its unlimited ambitions by relying on a multitude of Western weapons, in clear violation of international law, and has committed crimes such as massacres, genocide, and ethnic cleansing. 🔹The military invasion of Iranian territory, the martyrdom of civilians, the assassination of commanders in residential buildings, and the targeting of peaceful nuclear facilities were clear violations of the fundamental principles of international law and the UN Charter, and were a complete violation of the safeguards and non-proliferation system. ✅ @Khabar_Fouri",Yes,A
"🔻[ ](https://pbs.twimg.com/media/Fn9ERY-WAAMkuv8?format=jpg&name=900x900) [واشنگتن پست](https://www.washingtonpost.com/world/2023/02/02/iran-protests-government/) در مطلب تحقیقی که یکی دو ساعت پیش منتشر کرد، با روش بررسی علمی ویدیو‌های اعتراضات و داده‌هایی که در اختیارمون میذارن، ساختار و روش سرکوب رو به خوبی نمایان کرده.:

- «۴ ماه از اعتراضات گذشته و معترضان همچنان در خیابانها حضور دارن. حکومت هم همچنان پاسخی جز اعمال خشونت و ایجاد وحشت به اعتراضات نداره.»
با این دو جمله مطلب شروع میشه و میگه که هیچ کجا این تقابل، مثل سیستان و بلوچستان به وضوح قابل مشاهده نبوده که خونین‌ترین سرکوب رو تجربه کرد و الانم هر هفته بعد از نماز جمعه محل برگزاری اعتراضاته.

− این پژوهش تصویری نشون میده که «نیروهای مختلف سرکوب، شامل نیروهای سپاه، ضد شورش، نیروی انتظامی و نیروهای موسوم به لباس شخصی» در چه زمانی، با چه روشهایی، در چه سطح از هماهنگی و هر کدام با چه وظایفی وارد صحنه میشن و عملیات سرکوب رو اجرا میکنن.

این روشها شامل «بازداشت‌های فله‌ای و خودسرانه، ضرب و شتم کورکورانه و بی‌هدف معترضان، شلیک مستقیم به شهروندان...» میشه.
۸ مهر، در ‎#جمعه_خونین_زاهدان، دست کم ۶۶ نفر در این شهر، بنا به گفته امنستی کشته شدن.

− «اگر هدف این کشتار، سرکوب اعتراضات بود، که نتیجه معکوس داده. چون وسط مردم موندن خونه، ولی جمعه بعد ریختن تو خیابونا و از اون جمعه به بعد هم هر جمعه اعتراضاته.»

در ویدیویی که ۲ هفته بعدش از زاهدان منتشر شد، میشد یه تک تیرانداز رو دید که بالای بام یه فروشگاه با اسلحه ایستاده. «برایان کستنر»، کارشناس نظامی، میگه که اسلحه احتمال زیاد، کلاشینکوفه که باهاش فقط میشه گلوله جنگی شلیک کرد، نه مشقی.
گزارش در ادامه، «اشغال نظامی» شهر #زاهدان توسط نیروهای وابسته به سپاه و نیروی انتظامی بررسی میکنه.

گزارش خوندنی و آموزنده‌ست.
با یه جمله از یه هموطن بلوچ هم تموم میشه: «ما هم در این کشور حقوقی داریم. ولی تا الان کوچکترین شکل از حقوق بشر هم ندیدیم. ما حاضریم جونمون رو فدا کنیم برای آینده فرزندانمون.»

لینک مقاله
https://www.washingtonpost.com/world/2023/02/02/iran-protests-government/

[netvand](https://twitter.com/netvand/status/1621107115694895104?t=CuGcI0V80wY1xq69Tp95Pw&s=19)
@mamlekate","🔻[ ](https://pbs.twimg.com/media/Fn9ERY-WAAMkuv8?format=jpg&amp;name=900x900) [The Washington Post](https://www.washingtonpost.com/world/2023/02/02/iran-protests-government/) In an investigative article that it published a couple of hours ago, it clearly showed the structure and method of repression by scientifically examining the videos of the protests and the data they provide us: - ""Four months have passed since the protests and the protesters are still present in the streets. The government still has no response to the protests except violence and instilling fear."" The article begins with these two sentences and says that nowhere has this confrontation been more clearly visible than in Sistan and Baluchestan, which experienced the bloodiest repression and is now the site of protests every week after Friday prayers. − This research shows a picture of when “various repressive forces, including the IRGC, counter-riot forces, the police, and the so-called plainclothes forces,” enter the scene and carry out repression operations, using what methods, at what level of coordination, and with what tasks each has. These methods include “mass and arbitrary arrests, indiscriminate and aimless beatings of protesters, direct shooting at citizens…” On October 28, on #BloodyFriday in Zahedan, at least 66 people were killed in this city, according to Amnesty. − “If the goal of this massacre was to suppress protests, it backfired. Because the people stayed home, but the next Friday they poured into the streets, and from that Friday on, there have been protests every Friday.” In a video released from Zahedan two weeks later, a sniper could be seen standing on the roof of a store with a gun. Military expert Brian Kastner says the weapon is most likely a Kalashnikov, which can only fire live ammunition, not a practice round. The report then examines the “military occupation” of the city of #Zahedan by forces affiliated with the Revolutionary Guard and the police. The report is readable and informative. It ends with a sentence from a fellow Baluch: “We also have rights in this country. But we have not seen even the smallest form of human rights. We are willing to sacrifice our lives for the future of our children.” ",Yes,A
"‏پدر ‎#محسن_شکاری، معترضی که اعدام شد، با انتشار عکسی از خود در کنار آرامگاه ‎#یلدا_آقافضلی نوشت که عکس آرامگاه او «شکسته» شده است.

پیشتر عکسی از چهره یلدا آقافضلی بر بالای سنگ قبر او نصب شده بود. مادر او قبلا گفته بود که تهدیدهایی مبنی بر شکستن سنگ قبر دخترش دریافت کرده است.

[RadioFarda](https://twitter.com/RadioFarda_/status/1652228970027405314?t=s6R7ESkDIGfqKmvwwhmp2Q&s=19)
@mamlekate","The father of #Mohsen_Shekari, a protester who was executed, posted a photo of himself next to the tomb of #Yalda_Aghafazli, writing that the photo of her tomb had been ""broken."" A photo of Yalda Aghafazli's face had previously been placed above her tombstone. Her mother had previously said she had received threats to break her daughter's tombstone. [RadioFarda](https://twitter.com/RadioFarda_/status/1652228970027405314?t=s6R7ESkDIGfqKmvwwhmp2Q&amp;s=19) @mamlekate",Yes,C
"**شهادت سومین بوکسور ایران در حملات رژیم صهیونی**

🔹فدراسیون بوکس:در پی تجاوز رژیم صهیونیستی به خاک ایران، نماینده بوکس استان‌ البرز به فیض شهادت نائل شد.
✅ @Khabar_Fouri","**The third Iranian boxer was martyred in the attacks of the Zionist regime** 🔹Boxing Federation: Following the Zionist regime's aggression on Iranian soil, the boxing representative of Alborz province was martyred. ✅ @Khabar_Fouri",Yes,A
"🔻 [میزان، خبرگزاری قوه قضاییه، اعلام کرد جمشید شارمهد اعدام شد](https://telegra.ph/جمشید-شارمهد-شهروند-دوتابعیتی-در-ایران-اعدام-شد-10-28)

میزان، خبرگزاری قوه قضاییه، اعلام کرد #جمشید_شارمهد، شهروند ایرانی-آلمانی اعدام شد. شارمهد ۶۷ ساله که پیشتر ساکن آمریکا بود، مرداد سال ۹۹ در سفری از آلمان به هند، پس از یک توقف سه‌ روزه در دبی، از سوی ماموران جمهوری اسلامی ربوده و به ایران منتقل و به اعدام محکوم شد.

▫️انتقام سخت جمهوری‌اسلامی از اسرائیل، باز هم نتیجه‌اش گرفتن جان یک ایرانی شد. چقدر حقیرید شما که از ترس مردم با کشتن انسانها برای خودتان وقت میخرید!
[DM42915806](https://twitter.com/DM42915806/status/1850940138995798127)

▫️برای منحرف کردن افکار عمومی از افتضاح پریشب.
[azadtarin123](https://twitter.com/azadtarin123/status/1850943196613738605)

▫️عصبانیتشون رو رو سر این بدبخت خالی کردن. خدا به دخترش صبر بده

[real_gada](https://twitter.com/real_gada/status/1850937837744783791)
@mamlekate","🔻 [Mizan, the judiciary news agency, announced that Jamshid Sharmehed was executed](https://telegra.ph/جمشيد-شارمهد-شاروند-دوتابييتي-در-إيران-عدام-شد-10-28) Mizan, the judiciary news agency, announced that #Jamshid_Sharmehed, an Iranian-German citizen, was executed. Sharmehed, 67, who previously lived in the United States, was kidnapped by the Islamic Republic of Iran agents in August 2020 while traveling from Germany to India. After a three-day stopover in Dubai, he was transferred to Iran and sentenced to death. ▫️The Islamic Republic's harsh revenge on Israel has once again resulted in the death of an Iranian. How despicable you are, buying time for yourselves by killing people out of fear! [DM42915806](https://twitter.com/DM42915806/status/1850940138995798127) ▫️To distract public opinion from last night's disaster. [azadtarin123](https://twitter.com/azadtarin123/status/1850943196613738605) ▫️They vented their anger on this unfortunate person. May God grant his daughter patience [real_gada](https://twitter.com/real_gada/status/1850937837744783791) @mamlekate",Yes,C
"اطلاعیه دادستانی در توجیه اعدام #جمشید_شارمهد، او را عامل «بمب‌گذاری در حسینیه سیدالشهدای شیراز» دانسته.
بعد از آن انفجار، شورای امنیت کشور صراحتا اعلام کرد: «انفجار هرگونه بمب یا انتقال مواد انفجاری از بیرون توسط عوامل و عناصر معاند اعم از داخلی و خارجی در این حادثه منتفی است.»
مدتی بعد نهادهای امنیتی، ادعا کردند تکذیب بمب‌گذاری در حسینیه دروغ مصلحتی بوده! آنها در توجیه موضع جدیدشان، مدعی شدند از عمد دروغ گفته بودند تا عاملان «بمب‌گذاری» را دستگیر کنند. این توضیح، البته کمتر کسی را متقاعد کرد، ولی بین سطور مهمی داشت: حضرات به‌ همین سادگی اعتراف می‌کردند که چگونه در موضوعات امنیتی، هر وقت «مصلحت» بدانند -و در بالاترین سطوح رسمی- اطلاعیه دروغ منتشر می‌کنند.
[hosseinbastani](https://twitter.com/1201045933/status/1851013756295270486)

یادمه یکی از دروغ های دیگه ای که گفتن این بود که تو اون حسینیه گویا نمایشگاه دفاع‌ مقدس بوده و یسری ابزار آلات جنگی‌ (خنثی شده) هم‌بوده برای نمایش، یکی از نارنجک ها گویا عمل کرده بود و بقیه ماجرا.
میزان ریا، دروغگویی، وحوش این رژیم در دنیا نظیر نداره.
[Esdragonglass](https://twitter.com/Esdragonglass/status/1851023021949272129)

البته دلیل انفجار، به احتمال قوی همان انفجار مهمات جنگی بود و نه بمب‌گذاری. مدتی بعد از انفجار، یک «ستاد حقيقت‌ياب دانشجويی» -که متشکل از فعالان حامی حکومت  بود- دو ماه بر روی انفجار کار کرد و نتیجه گرفت که ادعای وزارت اطلاعات در مورد بمب‌گذاری دروغ است. این گزارش تصریح داشت: «حادثه به دليل منفجر شدن مين پلاستيکی تی. ام. ۴۶ ضد تانک (از نوع ايرانی) موجود در غرفه نمايشگاه جنگ (معراج شهدا)، واقع در کانون رهپويان وصال، رخ داده. مواد آر. دی. ايکس (ماده منفجره موجود در مين‌های فوق) در محل انفجار يافت شده و وجود آن توسط کارشناسان هيئت‌های مختلف اعزامی در آزمايشگاه به اثبات رسيده است. بنابراين، با استناد به گزارش‌های کارشناسی- آزمايشگاهی فوق، که در اختيار نهادهای مسئول از جمله ستاد مشترک سپاه پاسداران انقلاب اسلامی است، هيچ شبهه‌ای در اين‌که مين فوق عامل اصلی انفجار بوده وجود ندارد.»
[hosseinbastani](https://twitter.com/hosseinbastani/status/1851192292767383957)

باید ومپایر های عرزشی را خوشحال نگه دارند
[Mansoor](https://twitter.com/Mansoor1896/status/1851242141353202042)

حفظ نظام اوجب واجبات هست ینی حتی از توحید واجب تره. توحید رو می تونن تعطیل کنن برای حفظ نظام لازم باشه. #ایران_اشغالی
[Glperi](https://twitter.com/Glperi67835912/status/1851101665748717750)

از هر نگاه، اعدام‌ ها با هر دلیل و اتهامی که باشد یک « قتل و ترور حکومتی » است. من متحیر از این شتاب قوه قضاییه در اجرای احکام‌ اعدام‌ تحت هر شرایطی هستم‌.
[Amir](https://twitter.com/AmirMCH5/status/1851018630567510075)

دیگه کسی به اتفاقات دهه۷۰ از بمب گذاری حرم امام‌رضا و قتل‌های‌زنجیره‌ایی تا کوی دانشگاه واقف باشه میدونه اطلاعات، دادستانی و قوه‌قضاییه در ج.ا چطور عمل میکنن!

[maspersian2](https://twitter.com/maspersian2/status/1851264321432564081)
@mamlekate","The prosecutor's statement justifying the execution of #Jamshid_Sharmehd considered him the perpetrator of the ""bombing in the Husseiniyeh of Sayyid al-Shohada in Shiraz."" After that explosion, the National Security Council explicitly declared: ""The explosion of any bomb or the transfer of explosive materials from outside by hostile agents and elements, both domestic and foreign, is ruled out in this incident."" Some time later, the security institutions claimed that the denial of the bombing in Husseiniyeh was a convenient lie! In justifying their new position, they claimed that they had deliberately lied in order to arrest the perpetrators of the ""bombing."" This explanation, of course, convinced few people, but it had important implications: the gentlemen were simply admitting how they publish false statements on security issues whenever they ""see fit"" - and at the highest official levels. [hosseinbastani](https://twitter.com/1201045933/status/1851013756295270486) I remember one of the other lies that was told was that there was supposedly a sacred defense exhibition in that Husseiniyeh and there were some (neutralized) war equipment for display, one of the grenades supposedly worked, and the rest of the story. The level of hypocrisy, lying, and brutality of this regime is unparalleled in the world. [Esdragonglass](https://twitter.com/Esdragonglass/status/1851023021949272129) Of course, the reason for the explosion was most likely the explosion of war ammunition and not bombing. Some time after the explosion, a “student fact-finding team” - consisting of pro-government activists - worked on the explosion for two months and concluded that the Ministry of Intelligence’s claim about the bombing was a lie. The report stated: “The incident was caused by the explosion of a T.M. plastic mine.” 46 anti-tank (Iranian type) located in the war exhibition pavilion (Ascension of the Martyrs), located in the Vesal Pilgrims' Center, occurred. R. D. X materials (the explosive material contained in the above mines) were found at the site of the explosion and its presence was proven in the laboratory by experts from various dispatched delegations. Therefore, based on the above expert-laboratory reports, which are in the possession of the responsible institutions, including the Joint Headquarters of the Islamic Revolutionary Guard Corps, there is no doubt that the above mine was the main cause of the explosion. [hosseinbastani](https://twitter.com/hosseinbastani/status/1851192292767383957) They have to keep the precious vampires happy [Mansoor](https://twitter.com/Mansoor1896/status/1851242141353202042) Maintaining the system is a matter of obligation, that is, it is even more obligatory than monotheism. Monotheism can be shut down if it is necessary to maintain the system. #Occupied_Iran [Glperi](https://twitter.com/Glperi67835912/status/1851101665748717750) From any perspective, executions, regardless of the reason or accusation, are a ""state murder and terror."" I am amazed by the judiciary's haste in carrying out death sentences under any circumstances. [Amir](https://twitter.com/AmirMCH5/status/1851018630567510075) Anyone who is aware of the events of the 1970s, from the bombing of the Imam Reza shrine and the chain of murders to the university dormitory, knows how the intelligence, prosecution, and judiciary operate in Iran! [maspersian2](https://twitter.com/maspersian2/status/1851264321432564081) @mamlekate",Yes,C
"۱۶۰ مسیحی نیجریه ای توسط شبه نظامیان مسلمان در یک سری حملات به ۲۰ روستا در کریسمس کشته شدند.

آیا رسانه های بین المللی آن را به تیتر صفحه اول تبدیل کردند؟
آیا ""راهپیمایی میلیون نفری"" در لندن برگزار شد؟

دفن دسته جمعی قربانیان آغاز شده!

[farhad_mottaghi](https://twitter.com/872447296499314689/status/1739942482731778517)
@mamlekate","160 Nigerian Christians were killed by Muslim militants in a series of attacks on 20 villages on Christmas. Did the international media make it front page headlines? Was there a ""million-man march"" in London? Mass burials of the victims have begun! [farhad_mottaghi](https://twitter.com/872447296499314689/status/1739942482731778517) @mamlekate",Yes,A
"[‌](https://pbs.twimg.com/media/EXh55KZXQAAh12_.jpg)🔸 وزارت بهداشت ایران می‌گوید در ٢۴ ساعت گذشته ۴۸ نفر به علت کرونا جان‌ باخته‌اند و یک هزار و ۵۲۹ مورد ابتلای جدید شناسایی شده است.  سخنگوی وزارت بهداشت امروز (شنبه ۲۰ اردیبهشت) گفت #آمار_رسمی مبتلایان کرونا به ۱۰۶ هزار و ۲۲۰ نفر و تعداد کل جان‌باختگان نیز به ۶ هزار و ۵۸۹ نفر رسیده است. روز گذشته آمار مبتلایان به #کرونا در ایران ۱۰۴ هزار و ۶۹۱ نفر و تعداد کل جان باختگان نیز ۶ هزار و ۵۴۱ نفر اعلام شده بود. [🔗
](https://www.bbc.com/persian/iran-52597784)آمار رسمی وزارت بهداشت از تعداد جان‌باختگان و مبتلایان در حالی به شکل روزانه اعلام می‌شود که پیش از این برخی نهادهای رسمی از جمله مرکز ‌پژوهش‌های مجلس آمار واقعی را بسیار بیشتر برآورد کرده‌اند. [🔗


](https://www.radiofarda.com/a/iran-health-ministry-updates-stats-for-coronavirus-9-may/30602692.html)🔸فرماندار یکی از شهرهای ولایت هرات در #افغانستان می‌گوید از بین افغان‌هایی که «با ارعاب مرزبان‌های ایرانی» در هریرود غرق شدند تاکنون ۱۸ جسد کشف شده و «آثار لت و کوب و شکنجه» بر این اجساد دیده می‌شود. مقام‌های جمهوری اسلامی هنوز واکنشی به موضوع «شکنجه» شهروندان افغانستان نشان نداده‌اند اما در روزهای اخیر شماری از آنان، از جمله سخنگوی وزارت خارجه، با ابراز تأسف از جان باختن این افراد، وقوع چنین رویدادی در خاک ایران را بشدت تکذیب کرده‌اند. مایک پومپئو، وزیر خارجه آمریکا، روز چهارشنبه گفت از گزارش‌هایی که درباره این رویداد منتشر شده شوکه شده است. [🔗


](https://www.radiofarda.com/a/Afghan-official-says-bodies-of-beaten-and-tortured-recovered-at-Iran-border/30601422.html)🔸منابع محلی ولایت غور در مرکز افغانستان اعلام کرده که اعتراض شماری از افرادی که به توزیع مواد غذایی اعتراض داشتند به خشونت کشیده شده و با تیراندزای پلیس به معترضان در این حادثه دستکم ۶ نفر کشته از جمله دو پلیس و ۱۹ نفر زخمی از جمله ۱۰ پلیس شده است. یک خبرنگار محلی هم در میان کشته شدگان است. [🔗


](https://www.bbc.com/persian/afghanistan-52598579)🔸حسین اشتری، فرمانده نیروی انتظامی در ایران، می‌گوید تاکنون ۳۲۰ نفر برای ""ایجاد نگرانی و تشویش اذهان عمومی"" درباره کرونا بازداشت شده‌اند. ایران از نظر آزادی مطبوعات یکی از بدترین کشورها در جهان است. [🔗


](https://www.bbc.com/persian/live/institutional-52597838?pinned_post_locator=urn:asset:21cb4da0-4f8a-424b-8514-3f6c2c847eac)🔸خبرگزاری ایرنا از برگشت خوردن نزدیک به یک میلیون و ۳۶ هزار فقره چک تنها در اسفند سال ۹۸ در کل کشور خبر داده و نوشت که در حال حاضر «دومینوی چک‌های برگشتی» بر اقتصاد کشور حاکم شده است. بر اساس این گزارش ارزش مالی چک‌های برگشتی در اسفند ۹۸ نزدیک به ١٧٧ هـزار میلیارد ریال بوده و نسبت به بهمن‌ماه ۹۸ از نظر تعداد ۴۴.۲ درصد و از نظر ارزش ۵۱.۹ درصد افزایش داشته است. [🔗](https://www.radiofarda.com/a/30602425.html) #چک #چک_برگشتی


🔸محمدجواد ظریف، در نامه‌ای به آنتونیو گوترش، دبیرکل سازمان ملل، نسبت به احتمال وضع تحریم‌های جدید علیه ایران در شورای امنیت هشدار داده است. آقای #ظریف گفته: ""هرگونه #تحریم یا محدودیت جدید توسط شورای امنیت خلاف تعهدات اساسی داده شده به مردم ایران است و همه مسئولیت آن بر عهده ایالات متحده و هر موجودیتی خواهد بود که یا به ایالات متحده کمک کرده و یا تلویحا در قبال رفتار غیرقانونی اش سکوت نماید."" [🔗
](https://www.bbc.com/persian/live/institutional-52597838?pinned_post_locator=urn:asset:f20d0933-7481-4591-a97c-2833049c8096)وزیر خارجه جمهوری اسلامی در نامه‌ای به ‌دبیرکل ملل متحد نوشته است برای اجرای برجام «آماده گفت‌وگو در هر سطحی» هستیم. [🔗


](https://www.radiofarda.com/a/iran-zarif-letter-to-un-ready-to-talk-on-any-level-for-jcpoa/30602515.html)🔸خبرگزاری رویترز و سه محقق امنیت سایبری گفته‌اند، آرشیوهای اینترنتی قابل دسترس برای عموم نشان می‌دهند که هکرهای مرتبط با ایران در هفته‌های اخیر کوشیده‌اند تا به حساب‌های کارکنان شرکت داروسازی آمریکایی #گیلیاد رخنه کنند. شرکت آمریکایی گیلیاد تولید کننده دارویی به نام #رمدسیویر است. مقام‌های بهداشتی آمریکا می‌گویند این دارو «شواهد روشنی» از تاثیر بر بهبود بیماران مبتلا به کووید ۱۹ نشان داده است. [🔗](https://www.radiofarda.com/a/hackers-iran-gilead/30601876.html) #هک


🔸علی #مطهری، نماینده مجلس ایران، در نامه‌ای به احمد #جنتی، دبیر شورای نگهبان، از او خواست از «جایگاه خدایی» پایین بیاید و در روش خود «تجدیدنظر» کند. [🔗


](https://www.radiofarda.com/a/30602597.html)🔸سازمان دیدبان حقوق بشر روز جمعه، ۱۹ اردیبهشت، در بیانیه‌ای به محکومیت دست‌کم ۱۳ نفر در ایران به‌ دلیل اعتراض به سرنگون کردن هواپیمای مسافربری اوکراینی به دست سپاه پاسداران جمهوری اسلامی اعتراض کرد. [🔗](https://www.radiofarda.com/a/iran-hrw-report-on-ukraine-crash-13-arrested-over-protests/30602481.html) #PS752

📡 @VahidOnline

انتشار توییتی در ستایش امام دوم شیعیان در حساب علی #خامنه‌ای، گمانه‌زنی‌هایی را در فضای رسانه‌های فارسی‌زبان به راه انداخته است.
برخی چنین موضعی را به عنوان نشانه‌ای برای تمایل به صلح و مذاکره با آمریکا تفسیر کرده‌اند.
البته آنچه در #توییت آمده صحبت‌های جدیدی نیست و بازنشر مطالبی است که او نیم قرن پیش در کتابی درباره #امام_حسن نوشته و همین جمله در آبان ماه سال گذشته هم در وبسایت رسمی‌اش بازنشر شده است.
شفافیت پایین تصمیم‌گیری‌ها و مواضع رهبران عالی ایران باعث می‌شود که برخی ناظران سیاسی به جای تحلیل واقعیت‌ها و اطلاعات قطعی، به تفسیر و گمانه‌زنی‌هایی بپردازند که بر یک توییت یا نشستن یک مقام در نزدیکی رهبر ایران و نشانه‌هایی از این دست متکی است.  [🔗](https://www.bbc.com/persian/live/institutional-52597838?pinned_post_locator=urn:asset:77a7db74-07cf-442a-a49b-1ac9b75e971e)","🔸The governor of a city in Herat province in #Afghanistan says that 18 bodies have been discovered so far among the Afghans who drowned in Harirud “due to intimidation by Iranian border guards,” and “traces of beating and torture” can be seen on these bodies. The Islamic Republic’s authorities have not yet reacted to the issue of “torture” of Afghan citizens, but in recent days a number of them, including the spokesman for the Foreign Ministry, have expressed regret over the loss of these people’s lives and strongly denied that such an event occurred on Iranian soil. US Secretary of State Mike Pompeo said on Wednesday that he was shocked by the reports published about this event. [🔗 ](https://www.radiofarda.com/a/Afghan-official-says-bodies-of-beaten-and-tortured-recovered-at-Iran-border/30601422.html)

🔸Local sources in Ghor province in central Afghanistan have announced that a protest by a number of people protesting against food distribution turned violent, and police opened fire on protesters, killing at least 6 people, including two police officers, and wounding 19, including 10 police officers. A local journalist was among the dead. [🔗 ](https://www.bbc.com/persian/afghanistan-52598579)

🔸IRNA news agency reported that nearly 1 million 36 thousand checks were bounced in the entire country in March 2019 alone, and wrote that the ""domino effect of bounced checks"" has now taken over the country's economy. According to this report, the financial value of bounced checks in March 2019 was nearly 177 trillion rials, an increase of 44.2 percent in number and 51.9 percent in value compared to February 2019. [🔗](https://www.radiofarda.com/a/30602425.html) #Check #Return_Check 🔸Mohammad Javad Zarif, in a letter to UN Secretary-General Antonio Guterres, has warned of the possibility of new sanctions against Iran in the Security Council. Mr. #Zarif said: ""Any new #sanctions or restrictions by the Security Council would be contrary to the fundamental commitments made to the Iranian people and would be fully responsible for the United States and any entity that either assisted the United States or implicitly remained silent about its illegal behavior."" [🔗 ](https://www.bbc.com/persian/live/institutional-52597838?pinned_post_locator=urn:asset:f20d0933-7481-4591-a97c-2833049c8096)The Islamic Republic's Foreign Minister has written in a letter to the UN Secretary-General that we are ""ready to talk at any level"" to implement the JCPOA. [🔗 ](https://www.radiofarda.com/a/iran-zarif-letter-to-un-ready-to-talk-on-any-level-for-jcpoa/30602515.html)🔸Reuters and three cybersecurity researchers have said that publicly available internet archives show that hackers linked to Iran have tried to break into the accounts of employees of the American pharmaceutical company #Gilead in recent weeks. The American company Gilead manufactures a drug called #Remdesivir. US health officials say the drug has shown “clear evidence” of improving the health of patients with Covid-19. [🔗](https://www.radiofarda.com/a/hackers-iran-gilead/30601876.html) #Hack 🔸Ali #Motaheri, a member of the Iranian parliament, wrote to Ahmad #Jennati, the secretary of the Guardian Council, asking him to step down from his “godly position” and “reconsider” his approach. [🔗 ](https://www.radiofarda.com/a/30602597.html)🔸Human Rights Watch on Friday, May 9, protested in a statement the sentencing of at least 13 people in Iran for protesting the downing of a Ukrainian passenger plane by the Islamic Revolutionary Guard Corps. [🔗](https://www.radiofarda.com/a/iran-hrw-report-on-ukraine-crash-13-arrested-over-protests/30602481.html) #PS752 📡 @VahidOnline ",Yes,"A, C"
"♦️ برزین حمزه‌زاده از کودکان بازداشت شده در جنبش زن زندگی آزادی در اثر آسیب دیدگی ناشی از شکنجه جانباخت.

•برزین حمزه‌زاده، کودک اهل سردشت که در اثر ضرب‌وشتم شدید نیروهای سرکوب دچار آسیب‌دیدگی شدید اعضای داخلی بدن شده بود، در نهایت پس از ۱۳ ماه تحت عملیات جراحی در بیمارستان جان خود را از دست داد. او در جریان جنبش زن زندگی آزادی در سن ١۵ سالگی بازداشت و به مدت یک هفته شکنجه شده بود.","♦️ Barzin Hamzehzadeh, a child detained in the Women's Freedom Movement, died from injuries sustained during torture. • Barzin Hamzehzadeh, a child from Sardasht who suffered severe internal injuries from severe beatings by the repressive forces, eventually died in hospital after 13 months of surgery. She was detained at the age of 15 during the Women's Freedom Movement and tortured for a week.",Yes,C
"هرانا: آمار کشته‌شدگان به ۳۱۴ نفر رسید

خبرگزاری هرانا، ارگان خبری مجموعه فعالان حقوق بشر در ایران آخرین آمار کشته شدگان اعتراضات مردمی در ۱۳۳ شهر ایران را از ۲۶ شهریور تا ۱۳ آبان، ۳۱۴ نفر اعلام کرده است. ۴۷ تن از جان‌باختگان کودک هستند.

هرانا به دلیل سرکوب و کشتار معترضان در ایران آمار کشته‌شدگان را در چهار روز گذشته روزانه به روز می‌کند. در مقایسه با روز قبل ۱۴ نفر به آمار جان‌باختگان خیزش مردمی افزوده شده است. این آمار ممکن است با توجه به سرکوب خونین بلوچ‌ها در شهر خاش اضافه شود.

استان سیستان و بلوچستان تا کنون بیشترین کشته را در خیزش عمومی مردم ایران ئر هشت هفته گذشته داده است.

شنبه ۱۴ آبان

#nika_shakarami #mahsaamini

#نافرمانی_مدنی #اعتصابات_سراسری
#opiran #زن_زندگی_آزادی
#حدیث_نجفی #مهسا_امینی #نیکا_شاکرمی #سارینا_اسماعیل_زاده #آرنیکا_قائم_مقامی
@irannc","HRANA: Death toll reaches 314 HRANA News Agency, the news agency of the Human Rights Activists in Iran, has announced the latest death toll of popular protests in 133 cities in Iran from September 16 to November 4, at 314. 47 of the dead are children. HRANA has been updating the death toll daily for the past four days due to the repression and killing of protesters in Iran. Compared to the previous day, 14 people have been added to the death toll of the popular uprising. This figure may increase due to the bloody repression of the Baluch people in the city of Khash. Sistan and Baluchestan province has so far suffered the most deaths in the general uprising of the Iranian people in the past eight weeks. Saturday, November 14 #nika_shakarami #mahsaamini #civil_disobedience #nationwide_strikes #opiran #women_live_freedom #hadith_of_Najafi #mahsa_amini #nika_shakarami #sarina_esmailzadeh #arnika_qaem_magami @irannc",Yes,A
"بر اساس اطلاع «ایران‌وایر»، «رضا حسین‌زاده»، معترض لُر ۲۰ساله، ۱۹‌دی۱۴۰۴ در یاسوج با گلوله سرکوب‌گران جمهوری اسلامی کشته شده است.

یک منبع نزدیک به رضا تایید کرده که گلوله ماموران به هر دو پایس اصابت کرده و او بر اثر خونریزی شدید جان جوان خود را از دست داده است.

بخوانید:
https://iranwire.org/wco3k

@Farsi_Iranwire","According to IranWire, 20-year-old protester Reza Hosseinzadeh was shot dead by Islamic Republic suppressors in Yasuj on 19 Dni 1404. A source close to Reza confirmed that the officers' bullets hit both legs and he lost his young life due to heavy bleeding. Read: https://iranwire.org/wco3k @Farsi_Iranwire",Yes,A
"نام «سامان صیدی» یا همان «سامان یاسین» در ماه‌های اعتراضات سراسری ۱۴۰۱، زمانی که سیستم قضایی جمهوری اسلامی، موج صدور حکم اعدام برای معترضان و بازداشتی‌های جنبش «زن، زندگی، آزادی» به راه انداخته بود، جهانی شد. وقتی به ناگهان اعلام کردند، رپری کرد به اعدام محکوم‌شده است. خبرها می‌آمدند و می‌رفتند، چوبه‌های دار برپا می‌شد، جوانان به دار آویخته می‌شدند و کسی هم خبر نداشت که در زندان‌های ایران چه خبر است؛ برای افکار عمومی محرز بود که بازجویان جمهوری اسلامی به اسم سربازان «گمنام امام زمان» مشغول به شکنجه و گرفتن اعتراف‌های اجباری هستند. دست‌کم ۹ معترض جنبش ژینا به دار آویخته شدند. سامان یاسین نجات پیدا کرد؛ اگرچه با برخی از اعدام‌شده‌ها روزگار گذرانده بود در حبس.

آنچه می‌خوانید و می‌بینید، گفت‌وگوی «ایران‌وایر» با سامان یاسین، پس از ترک ایران است.

گفت‌وگوی کامل را در وب‌سایت «[ایران‌وایر](https://iranwire.org/tendk)» ببینید و بخوانید.

#حقوق_بشر #اعتراضات_۱۴۰۱ #شکنجه #سامان_یاسین

@Farsi_Iranwire","The name ""Saman Sayidi"" or ""Saman Yasin"" became global during the months of nationwide protests in 1401, when the Islamic Republic's judicial system launched a wave of death sentences for protesters and detainees of the ""Women, Life, Freedom"" movement. When they suddenly announced that the rapper had been sentenced to death, he was sentenced to death. News came and went, gallows were erected, young people were hanged, and no one knew what was going on in Iranian prisons; it was clear to public opinion that the interrogators of the Islamic Republic, in the name of the ""Unknown Soldiers of the Imam of the Time,"" were torturing and extracting forced confessions. At least nine protesters of the Zina movement were hanged. Saman Yasin was saved; although he had spent time in prison with some of the executed. What you are reading and watching is an interview with Saman Yasin by ""IranWire"" after he left Iran. Watch and read the full interview on the IranWire website. #HumanRights #Protests_1401 #Torture #Saman_Yasin @Farsi_Iranwire",Yes,"C, D"
"سازمان حقوق بشری کارون اعلام کرد حسن ساعدی، از فعالان عرب اهوازی، روز چهارشنبه ۲۳ مهر بر اثر شکنجه شدید در سلول‌های اداره اطلاعات اهواز جان باخته است.


منابع نزدیک به این سازمان گفته‌اند نیروهای امنیتی جمهوری اسلامی بامداد سه‌شنبه ۲۲ مهر با یورش به منزل حسن ساعدی در منطقه ملاثانی اهواز، او را پس از ضرب‌وشتم بازداشت و تلفن‌های همراه اعضای خانواده را نیز ضبط کرده‌اند.


خانواده ساعدی روز بعد، چهارشنبه ۲۳ مهر، از سوی اداره اطلاعات اهواز موسوم به «ستاد خبری ۱۱۳» فراخوانده شدند تا پیکر فرزند خود را تحویل بگیرند. به گفته خانواده، ماموران علت مرگ را «ایست قلبی» اعلام کرده‌اند، اما خانواده تاکید کرده‌اند که حسن از هیچ بیماری رنج نمی‌برد و از سلامت کامل برخوردار بود.
@[VahidHeadline](https://t.me/VahidHeadline/260919)

📡 @VahidOnline","The Karun Human Rights Organization announced that Hassan Saedi, an Ahwazi Arab activist, died on Wednesday, October 13, as a result of severe torture in the cells of the Ahvaz Intelligence Department. Sources close to the organization said that on Tuesday morning, October 12, security forces of the Islamic Republic of Iran raided Hassan Saedi’s home in the Mullasani area of Ahvaz, beat him, and arrested him after confiscating the mobile phones of his family members. The Saedi family was called the next day, Wednesday, October 13, by the Ahvaz Intelligence Department, known as the “113 News Center,” to receive their son’s body. According to the family, the officers declared the cause of death to be “cardiac arrest,” but the family emphasized that Hassan was not suffering from any illness and was in perfect health. @[VahidHeadline](https://t.me/VahidHeadline/260919) 📡 @VahidOnline",Yes,"D, C"
"به گفته یک مقام ارشد دفاعی ایالات متحده، حمله هوایی اخیر اسرائیل در سوریه باعث کشته شدن علی موسى دقدوق، فرمانده ارشد حزب‌الله شد که در طراحی یکی از پیچیده‌ترین حملات علیه نیروهای آمریکایی در طول جنگ عراق مشارکت داشت.

این مقام ارشد دفاعی آمریکا به ان‌بی‌سی نیوز گفت که هنوز مشخص نیست که این حمله چه زمانی انجام شده، در کجای سوریه صورت گرفته یا به‌طور خاص دقدوق را هدف قرار داده بود یا نه.

علی موسى دقدوق، در پی حملات سال ۲۰۰۷ که منجر به کشته شدن پنج سرباز آمریکایی شد، از سوی نیروهای آمریکایی دستگیر شد، اما بعدا مقامات عراقی او را آزاد کردند.
نیروهای آمریکایی دقدوق را در مارس ۲۰۰۷ بازداشت کردند و دقدوق در بازجویی‌ها گفت که عملیات علیه نیروهای آمریکایی حاصل پشتیبانی و آموزش مستقیم نیروی قدس سپاه پاسداران بوده است.

طرح حمله دقیق دقدوق در یک مجتمع نظامی ایالات متحده و عراق در کربلا در ۲۰ ژانویه ۲۰۰۷ انجام شد.
گروهی از مردان با لباس‌های رزمی ارتش ایالات متحده، حمل سلاح‌های آمریکایی و برخی با صحبت کردن به انگلیسی، خود را به‌عنوان یک تیم امنیتی نظامی آمریکایی جا زدند و نیروهای امنیتی را متقاعد کردند که به آنها اجازه دهند از چندین ایست بازرسی عبور کنند و به ساختمانی برسند که نیروهای آمریکایی و عراقی در آن حضور داشتند.

دقدوق چندین سال در اختیار ارتش آمریکا در عراق بود، اما پس از آن در دسامبر ۲۰۱۱، زمانی که ماموریت نظامی آمریکا به پایان رسید، به مقامات عراقی تحویل داده شد.
او آخرین زندانی بود که قبل از خروج نیروهای آمریکایی از کشور تحویل داده شد.
عراقی‌ها به مقامات آمریکایی اطمینان دادند که دقدوق را محاکمه خواهند کرد، اما در عرض چند ماه او آزاد شد و این امر خشم مقامات و سیاستمداران آمریکایی را برانگیخت.
این مقام ارشد دفاعی ایالات متحده گفت که دقدوق بلافاصله پس از آزادی بار دیگر فرماندهی اعضای حزب‌الله را برعهده گرفت.
@[VahidOOnLine](https://t.me/VahidOOnLine/132837)

📡 @VahidOnline","A recent Israeli airstrike in Syria killed Ali Musa Daqdooq, a senior Hezbollah commander who helped plan one of the most sophisticated attacks on U.S. forces during the Iraq war, a senior U.S. defense official said. It was not immediately clear when the strike took place, where in Syria it took place or whether it specifically targeted Daqdooq, the senior U.S. defense official told NBC News. Ali Musa Daqdooq was captured by U.S. forces following the 2007 attacks that killed five U.S. soldiers, but was later released by Iraqi authorities. U.S. forces arrested Daqdooq in March 2007, and Daqdooq said in interviews that the operation against U.S. forces was supported and trained directly by the Islamic Revolutionary Guard Corps’ Quds Force. The detailed planning of Daqdooq’s attack took place at a U.S.-Iraqi military compound in Karbala on Jan. 20, 2007. A group of men dressed in U.S. military fatigues, carrying American weapons and some speaking English, posed as a U.S. military security team and convinced security forces to let them pass through several checkpoints and reach a building housing U.S. and Iraqi forces. Daqdoq was held by the U.S. military in Iraq for several years, but was then handed over to Iraqi authorities in December 2011, when the U.S. military mission ended. He was the last prisoner to be handed over before U.S. forces left the country. The Iraqis assured U.S. officials that they would put Daqdoq on trial, but he was released within months, angering U.S. officials and politicians. The senior U.S. defense official said that Daqdoq immediately resumed command of Hezbollah members after his release. @[VahidOOnLine](https://t.me/VahidOOnLine/132837) 📡 @VahidOnline",Yes,A
"جمهوری اسلامی درمانده و عاجز در مقابل مبارزه مردم؛
ابراهیم #رئیسی مخالفان را تهدید کرد: به معاندین رحم نخواهیم کرد

ابراهیم رئیسی، سه‌شنبه در مراسمی بار دیگر با اشاره به اعتراضات ضد حکومتی صد روز اخیر در ایران گفت «به معاندین رحم نخواهیم کرد»

او در عین حال گفت «آغوش ملت برای همه آنهایی که دچار فریب شدند باز است».

او بار دیگر در میان جمعیتی که شعار «مرگ بر ضد ولایت فقیه، مرگ بر منافق» می‌داد اعتراضاتی که در واکنش به جان باختن مهسا امینی در بازداشت پلیس گشت ارشاد آغاز شد را اغتشاش نامید.

خبرگزاری فعالان حقوق بشر ایران (هرانا) امروز تخمین زده است که ۵۰۷ نفر از معترضان در فاصله ۲۷ مهرماه تا ۵ دیماه در اعتراض به جان باختن مهسا امینی جان خود را از دست داده‌اند.

نهادهای ناظر بر وضعیت حقوق بشر شمار بازداشت شدگان را دستکم ۱۴ تا ۱۶ هزار نفر تخمین زده‌اند.

سه‌شنبه ۶ دی‌ماه

#نافرمانی_مدنی #اعتصابات_سراسری #دی۱۴۰۱
 #انقلاب۱۴۰۱ #زن_زندگی_آزادی
 #مهسا_امینی #سکوت_نکنید #محسن_شکاری #سکوت_نکنیم
 #mahsaamini #opiran
@irannc","The Islamic Republic is helpless and helpless in the face of the people's struggle; Ebrahim #Raisi threatened the opposition: We will not show mercy to opponents Ebrahim Raisi, referring to the anti-government protests of the past 100 days in Iran, said on Tuesday at a ceremony, ""We will not show mercy to opponents."" He also said, ""The nation's arms are open to all those who have been deceived."" He once again called the protests that began in response to the death of Mahsa Amini in the custody of the Ershad patrol police a riot, amid a crowd chanting ""Death to the Velayat al-Faqih, death to the hypocrite."" The Iranian Human Rights Activists News Agency (HRANA) estimated today that 507 protesters lost their lives between October 17 and January 25 protesting the death of Mahsa Amini. Human rights organizations have estimated the number of detainees at at least 14,000 to 16,000. Tuesday, January 26 #civil_disobedience #global_strikes #1401 #1401_revolution #women_live_freedom #mahsa_amini #don't_be_silent #mohsen_shakari #let's_not_be_silent #mahsaamini #opiran @irannc",Yes,A
"🔻 **قوه قضاییه: صدیقی زمین ازگل را به حوزه علمیه بازگرداند**

سخنگوی قوه قضائیه ایران گفت مؤسسه «پیروان اندیشه‌های قائم» که به کاظم صدیقی، امام جمعه موقت تهران و پسرانش تعلق دارد، زمین ۴۲۰۰ متری ازگل را به حوزه علمیه بازگرداندند.
[DW](https://www.dw.com/fa-ir/a-68779873)

همین؟؟!!! ‌
خب حرومیا به #محسن_شکاری هم می‌گفتید یه سطل آشغال بخره بذاره جای اونی‌که آتیش زده بود؛ دیگه چرا اعدامش کردید؟؟؟ 
[Amir_Thorn](https://twitter.com/Amir_Thorn/status/1778103171312714124)

برخورد مومنانه با دزدی و دروغ 🔺
برخورد کافرانه با چند تار موی بدن انسان🔻

ساعاتی پس از دستور علی خامنه‌ای در سخنرانی نماز عید فطر مبنی بر لزوم برخورد با «هنجارشکنی دینی» در جامعه، فرماندهی انتظامی تهران اعلام کرد طرح موسوم به «عفاف و حجاب» از شنبه در تهران اجرا می‌شود. متولی #حجاب_اجباری؟ ستاد کاظم صدیقی!

[VOA](https://ir.voanews.com/a/khemenei-on-mandatory-hijab-in-iran/7565034.html)
@mamlekate","🔻 **Judiciary: Seddighi returns Azgul land to seminary** A spokesman for the Iranian judiciary said that the ""Followers of Qaem's Thoughts"" organization, which belongs to Kazem Seddighi, the interim Friday prayer leader of Tehran, and his sons, returned the 4,200-meter-long Azgul land to the seminary. [DW](https://www.dw.com/fa-ir/a-68779873) That's it??!!! ‌ Well, Harumia, you also told #Mohsen_Shakari to buy a trash can and put it in the place of the one he set on fire; why did you execute him??? [Amir_Thorn](https://twitter.com/Amir_Thorn/status/1778103171312714124) A faithful approach to theft and lies 🔺 An infidel approach to a few hairs on the human body 🔻 Hours after Ali Khamenei's order in his Eid al-Fitr prayer speech regarding the need to deal with ""violations of religious norms"" in society, the Tehran Police Command announced that a project called ""Chastity and Hijab"" will be implemented in Tehran starting Saturday. The custodian of the #mandatory_hijab? Kazem Seddiqi's headquarters! [VOA](https://ir.voanews.com/a/khemenei-on-mandatory-hijab-in-iran/7565034.html) @mamlekate",Yes,C
"#فاطمه_سپهری: خامنه‌ای مسئول فاجعه متروپل است


 فاطمه سپهری، زندانی سیاسی سابق و از امضاکنندگان بیانیه استعفای خامنه‌ای خائن، در پیامی با اشاره به فاجعه فروریختن برج متروپل آبادان و مرگ و مجروح شدن صدها هموطن بیگناه، گفت: در این قتل‌عام مردم خوزستان، تمام مسئولان استانی، شمخانی، ولایتی و شخص علی خامنه‌ای مسئول هستند.

وی با اشاره به جشن مضحک سلام درمانده، اظهار داشت: خامنه‌ای کارت‌ دعوت‌های خود را فرستاده بود، در ورزشگاه آریامهر جشن و پایکوبی برپا کردند و حالا که سرش خلوت شده، به یاد فاجعه متروپل افتاده و امروز را عزای عمومی اعلام کرده است.

این فعال سیاسی تاکید: همه این افراد مسئول هستند و باید پاسخگو باشند‌.

#آبادان_تسليت
#متروپل_آبادان
#برج_متروپل
@zaramirebrahimi
https://t.me/irannc به صفحه تلگرم ما بپیوندین
#زندانی_سیاسی #سفره_انقلاب #رفراندوم #اعتراضات_سراسری #تظاهرات_سراسری #زرامیرابراهیمی  #نافرمانی_مدنی
#چهار_قلم #سلام_فرمانده #سلام_درمانده
#انقلاب_ایران
#iranncorg
#standwithukraine #IranianStandWithUkraine #ukraine
@irannc","#Fatemeh_Sepehri: Khamenei is responsible for the Metropol disaster Fatemeh Sepehri, a former political prisoner and one of the signatories of the statement of resignation of the traitorous Khamenei, said in a message referring to the disaster of the collapse of the Abadan Metropol tower and the death and injury of hundreds of innocent compatriots: In this massacre of the people of Khuzestan, all provincial, Shamkhani, provincial officials and Ali Khamenei himself are responsible. Referring to the ridiculous Salam Darmandeh celebration, she stated: Khamenei had sent his invitation cards, they held a celebration and a dance at the Aryamehr Stadium, and now that his mind is clear, he has remembered the Metropol disaster and has declared today a day of public mourning. This political activist emphasized: All these people are responsible and must be held accountable. #Abadan_Condolence #Abadan_Metropolitan #Metropolitan_Tower @zaramirebrahimi https://t.me/irannc Join our Telegram page #Political_Prisoner #Revolution_Table #Referendum #Worldwide_Protests #Worldwide_Demonstrations #Zaramirbrahimi #Civil_Disobedience #Four_Pens #Commander_Salute #Resident_Salute #Iranian_Revolution #iranncorg #standwithukraine #IranianStandWithUkraine #ukraine @irannc",Yes,"A, B"
"سعید افکاری، برادر نوید افکاری، در سالروز اعدام او ویدیویی از لحظات شاد برادرش منتشر کرد.

او در دل‌نوشته‌ای با روایت صحنه‌های شب اعدام و رنج مادر و خانواده، یاد نوید را زنده نگه داشت و بر دادخواهی برای او و دیگر جان‌باختگان تاکید کرد.","Saeed Afkari, Navid Afkari's brother, released a video of his brother's happy moments on the anniversary of his execution. In a heartfelt note, he recounted the scenes of the night of the execution and the suffering of his mother and family, keeping Navid's memory alive and emphasizing the need to seek justice for him and the other victims.",Yes,C
"🎥 دختری که در یاسوج مورد تجاوز گروهی قرار گرفت و رسانه‌ها از او با عنوان «دختر یاسوج» یاد می‌کردند، اسما غضنفری نام دارد، او دانشجو است و بر اساس گفته منابع نزدیک به او خودکشی نکرده بلکه به دلیل شدت جراحات وارده بر او در بیمارستان بستری شده و زنده است. **«ایران‌وایر» برای حفظ حریم خصوصی این دختر، از به اشتراک گذاشتن تصویر او پرهیز می‌کند.

** #اخبار_ایران
@Farsi_Iranwire","🎥 The girl who was gang-raped in Yasuj and was referred to by the media as the ""Girl of Yasuj"" is named Asma Ghazanfari. She is a student and, according to sources close to her, she did not commit suicide, but was hospitalized due to the severity of her injuries and is alive. **""IranWire"" refrains from sharing her image to protect the girl's privacy. ** #Iran_News @Farsi_Iranwire",Yes,C
"مخابره کلمه «شکنجه» از طریق کد مورس و با استفاده از پلک زدن، در جلسه اعتراف اجباری جرمایا دنتون اسیر جنگی آمریکایی در زندان‌های ویتنام (۱۹۶۷)
[hafezeh_tarikhi

](https://twitter.com/hafezeh_tarikhi/status/1603797646543462400)📡 @VahidOnline","The word ""torture"" is transmitted via Morse code using blinks during the forced confession session of American prisoner of war Jeremiah Denton in Vietnamese prisons (1967) [hafezeh_tarikhi ](https://twitter.com/hafezeh_tarikhi/status/1603797646543462400)📡 @VahidOnline",Yes,D
"به گفته برخی کنشگران حقوق بشر، جوانی به نام هادی عطازاده، بعد از اجرای حکم شلاق، «در قرنطینه زندان اهر» جان باخته است.

ویدئوهایی از مراسم به خاکسپاری او در اهر، در فضای مجازی منتشر شده است. آذربایجان شرقی، ۹ شهریور ۱۴۰۰
#هادی_عطازاده
[RadioFarda_](https://twitter.com/RadioFarda_/status/1432999042548633600)

[علت مرگ هنوز مشخص نیست. چیزی که مشخصه اما ظلم ج.ا به زندانیان دست‌بسته‌ست.]
@mamlekate","According to some human rights activists, a young man named Hadi Atazadeh died “in quarantine in Ahar Prison” after being sentenced to flogging. Videos of his funeral ceremony in Ahar have been published on social media. East Azerbaijan, September 29, 2021 #Hadi_Atazadeh [RadioFarda_](https://twitter.com/RadioFarda_/status/1432999042548633600) [The cause of death is still unknown. What is certain is the cruelty of the prison to prisoners.] @mamlekate",Yes,D
"🔻محسن تنابنده، بازیگر و کارگردان سینما و تلویزیون، با انتشار پستی اینستاگرامی خبر داد که جاویدنام امیرحسین محمدزاده، بازیکن تیم فوتبال جوانان دلوارافراز تهران که در جریان انقلاب ملی ایرانیان کشته شد، فرزند پسرعمه‌اش بوده و نوشت: «کاش آنقدر که برای مجازات جوان ایرانی قانون دارید، برای آینده‌اش برنامه داشتید.»

🔹تنابنده نوشته: «حیف ایمانم را باخته‌ام وگرنه قاتلی که جان پسرت را نشانه رفت را به تیر غیب خدا واگذار می‌کردم.»

🔹پیش از این گزارش شده است که جاویدنام امیرحسین محمدزاده، بازیکن ۱۸ ساله تیم فوتبال جوانان دلوارافراز تهران، در اعتراضات منطقه افسریه در تهران، با شلیک مستقیم گلوله نیروهای سرکوب جمهوری اسلامی، کشته شد.

🔹باوجود کشته‌ شدن محمدزاده در جریان انقلاب ملی ایرانیان، نیروهای امنیتی به شرط پذیرش «بسیجی» بودن محمدزاده از سوی خانواده، حاضر به تحویل پیکر او شدند.

@iranintltvsport","🔻Mohsen Tanabandeh, an actor and film and television director, announced on Instagram that Javidnam Amirhossein Mohammadzadeh, a player for the Tehran youth football team who was killed during the Iranian National Revolution, was his cousin's son, and wrote: ""I wish you had a plan for his future as much as you have laws to punish young Iranians."" 🔹Tanabandeh wrote: ""It's a shame I've lost my faith, otherwise I would have left the murderer who targeted your son to God's unseen arrows."" 🔹It has previously been reported that Javidnam Amirhossein Mohammadzadeh, an 18-year-old player for the Tehran youth football team, was killed by direct fire from the Islamic Republic's suppression forces during protests in the Afsariyeh area of Tehran. 🔹Despite Mohammadzadeh's death during the Iranian National Revolution, security forces agreed to hand over his body on the condition that the family accepted that Mohammadzadeh was a ""Basij"". @iranintltvsport",Yes,A
"🎥ویدیوی دریافتی نشان می‌هد کە مردم بیواران سردشت در اعتراض بە کشتە شدن هیمن حمزه، کولبر اهل این روستا بە دست هنگ مرزی برای سومین روز متوالی دست به تجمع اعتراضی زدە و شعارهای ضد حکومتی سر می‌دهند.
هیمن حمزە، کولبر اهل روستای بیوران سردشت، بە دنبال یورش نیروهای هنگ بە این روستا بە قصد ضبط اجناس و کالاهای کاسب‌کاران از ناحیە سینە هدف گلولە جنگی قرار گرفته و جان‌باختە بود..



#اعتراضات_سراسری #مهسا_امینی #اعتصابات_سراسری
@Farsi_Iranwire","🎥 The received video shows that the people of Bivaran Sardasht are protesting against the killing of Hayman Hamzeh, Kolber from this village by the border regiment for the third day in a row and chanting anti-government slogans. Heyman Hamzah, a Kolber from the village of Bioran Sardasht, was hit by a war bullet from the chest area following the raid of the regiment forces on this village in order to confiscate the goods and goods of traders.",Yes,A
"📷ناهید فتحعلیان، معلم بازنشسته و فعال صنفی معلمان تهران، روز ۲۶ فروردین ماه ۱۳۹۹، توسط نیروهای امنیتی لباس شخصی بازداشت و به مکان نامعلومی منتقل شد.بازداشت خانم فتحعلیان خارج از منزل صورت گرفته است .از دلایل بازداشت و محل نگهداری این معلم بازنشسته اطلاعات دقیقی در دست نیست.

مجموعه «ایران‌وایر» تلاش کرده است فهرستی از کسانی که به دلیل اطلاع‌رسانی مورد آزار و اذیت قرار گرفته، بازداشت شده و حتی جان خود را از دست داده‌اند، گردآوری کند. شما می‌توانید در تکمیل این لیست به ما کمک کنید. لطفا با این ایمیل در تماس باشید.
info@journalismisnotacrime.com

[جزئیات بیشتر  را اینجا بخوانید

](https://visualization.journalismisnotacrime.com/)#خبرنگاری_جرم_نیست #زندان_خبرنگاران  #سرکوب_و_سانسور #دیوار_شرم
@Farsi_Iranwire","📷Nahid Fathaliyan, a retired teacher and activist of the Tehran Teachers' Union, was arrested by plainclothes security forces on April 16, 2020, and taken to an unknown location. Ms. Fathaliyan was arrested outside her home. There is no exact information about the reasons for the arrest and where the retired teacher is being held. IranWire has tried to compile a list of those who have been harassed, arrested, and even killed for reporting. You can help us complete this list. Please contact us at this email. info@journalismisnotacrime.com [Read more details here ](https://visualization.journalismisnotacrime.com/)#journalism_is_not_a_crime #journalists_in_prison #repression_and_censorship #wall_of_shame @Farsi_Iranwire",Yes,D
"پیام‌های رسیده به ایران اینترنشنال حاکی از آزار و تجاوز جنسی ماموران حکومت به برخی از زنان و دختران بازداشت‌شده در جریان اعتراضات ۱۸ و ۱۹ دی‌ماه است که به گفته مخاطبان منجر به اقدام آن‌ها برای خودکشی شده است.

بنا بر این روایت‌ها، دو دختر نوجوان ۱۵ و ۱۷ ساله در تاریخ ۱۸ دی‌ماه در جریان اعتراضات خیابانی بازداشت شدند. بازداشت آن‌ها در محل تجمع انجام شده و پس از آن، خانواده‌ها برای نزدیک به سه هفته هیچ اطلاعی از محل نگهداری و وضعیت جسمی و روحی آن‌ها نداشتند. بنا بر اظهارات خود این دو نوجوان، آسیب‌های واردشده محدود به جراحات جسمی نبوده است.
آن‌ها اعلام کرده‌اند که در دوران بازداشت، مورد تجاوز جنسی قرار گرفته‌اند. این تجاوزها توسط سربازان حاضر در بازداشتگاه انجام شده است.

در روایتی دیگر از ربایش شهروندان معترض در جریان انقلاب ملی، یک زن جوان و یک نوجوان ۱۷ ساله در بازداشتگاه غیررسمی که به گفته هر دو «متعلق به سپاه پاسداران» بوده است، مورد تجاوز افراد حاضر در محل قرار گرفتند.
https://iranintl.com/202602034625","Reports reaching Iran International indicate that government agents sexually harassed and raped some of the women and girls arrested during the protests on January 8 and 9, which, according to the audience, led to their suicide. According to these accounts, two teenage girls, aged 15 and 17, were arrested on January 8 during street protests. They were arrested at the rally site, and their families had no information about their whereabouts or their physical or mental condition for nearly three weeks. According to the two teenagers themselves, the harm they suffered was not limited to physical injuries. They stated that they were sexually raped during their detention. The rapes were committed by soldiers present at the detention center. In another account of the abduction of protesting citizens during the national revolution, a young woman and a 17-year-old teenager were raped by people present at the location in an unofficial detention center that, according to both, “belonged to the Revolutionary Guard Corps.” https://iranintl.com/202602034625",Yes,C
"تصاویر رسیده به ایران اینترنشنال نشان می‌دهد که در شب‌های ۱۸ و ۱۹ دی ماه، تعدادی از جانباختگان در بیمارستان الغدیر، که با شلیک مستقیم گلوله به سر کشته شده بودند، در مکانی انبار مانند کنار هم قرار داده شده‌اند.

گفت‌وگو با فرنوش فرجی، عضو تحریریه ایران‌اینترنشنال
@iranintltv","Images obtained by Iran International show that on the nights of January 8 and 9, a number of victims at Al-Ghadir Hospital, who had been killed by direct bullets to the head, were placed together in a warehouse-like location. Interview with Farnoush Faraji, a member of the editorial staff of Iran International @iranintltv",Yes,A
"♦️
بامداد ۱۷ دی ۱۴۰۱، طناب دار جمهوری اسلامی دو ورزشکار دیگر را به قتل رساند؛ محمد #مهدی_کرمی، کاراته کای ۲۱ساله و (محمد) #کیان_حسینی، قهرمان ۴۰ساله هنرهای رزمی.

•جمهوری اسلامی مدعی است آنها را به اتهام مشارکت در مرگ یک بسیجی به نام روح الله عجمیان در مراسم چهلم حدیث نجفی در بهشت سکینه کرج، محاکمه و اعدام کرده است.

•دو ماه و پنج روز قبل ۱۷ دی ۱۴۰۱، در بهشت سکینه کرج و در مراسم چهلم حدیث نجفی مامورین لباس شخصی مشغول سرکوب مردم معترض بودند و درگیری ها منجر به مرگ روح الله عجمیان شد. جمهوری اسلامی تعداد زیادی را به اتهام مرگ او بازداشت و برای آنها حکم اعدام صادر کرد.
•دادگاه های فرمایشی بدون وکیل، با استناد به اعترافاتی که تحت تاثیر شدیدترین شکنجه های روحی جسمی و حتی جنسی برگزار شد، کیان حسینی و محمدمهدی کرمی را به چوبه دار برد.
نه به #اعدام","♦️ On the morning of January 7, 1402, the Islamic Republic's noose killed two more athletes; Mohammad #Mehdi_Karami, a 21-year-old karateka, and (Mohammad) #Kian_Hosseini, a 40-year-old martial arts champion. •The Islamic Republic claims to have tried and executed them on charges of participating in the death of a Basij member named Ruhollah Ajamian during the 40th Hadith Najafi ceremony in Behesht Sakineh, Karaj. •Two months and five days earlier, on January 7, 1402, in Behesht Sakineh, Karaj, and during the 40th Hadith Najafi ceremony, plainclothes officers were suppressing protesters, and the clashes led to the death of Ruhollah Ajamian. The Islamic Republic arrested many people on charges of his death and issued death sentences to them. •The arbitrary courts without lawyers, based on confessions that were made under the influence of the most severe mental, physical, and even sexual torture, sent Kian Hosseini and Mohammad Mehdi Karami to the gallows. No to #execution",Yes,A
"ماشالله کرمی پدر سربدار جاویدنام محمد #مهدی_کرمی (کومار) به پنج عنوان اتهامی سنگین متهم شد

جمهوری اسلامی به جای پاسخگویی به قتل جوانان این مرز و بوم خانواده ها را نیز مورد آزار و اذیت قرار می دهد.
صدایشان باشیم

کمیته پیگیری وضعیت بازداشت‌شدگان اعلام کرد که شعبه ۱۱ دادسرای عمومی و انقلاب کرج، در کیفرخواست نهایی صادرشده برای ماشاالله کرمی و هشت فرد بازداشت ‎شده دیگر مرتبط با این پرونده پنج مورد اتهامی را درنظر گرفته است.

براساس کیفرخواست صادره، متهمان این پرونده به ""عضویت در دسته‎جات و جمعیت به قصد اقدام علیه امنیت کشور""، ""تبلیغ علیه نظام جمهوری اسلامی""، ""اهانت به مقدسات""، ""تشکیل گروه به قصد برهم زدن امنیت کشور"" و ""توهین به رهبر نظام"" متهم شده‌اند. 

او پس از تحمل نزدیک به دو ماه‎ونیم سلول انفرادی، در تاریخ ششم آبان‌ماه به بند ۱۵ زندان قزلحصار انتقال یافته و هم‌اکنون در آنجا زندانی است.

ماشاالله کرمی پدر سربدار جاویدنام مهدی کرمی از خانواده‌های دادخواهی است که در جریان انقلاب مهسا و اعدام فرزندش همواره سعی کرد یاد او را زنده نگه دارد و با خانواده‌های دادخواه دیگر همراهی و همدلی کند.

#زن_زندگی_آزادی","Mashallah Karami, father of Sarbedar Javidnam Mohammad #Mehdi_Karami (Kumar), was charged with five serious charges. Instead of responding to the murder of the youth of this border and region, the Islamic Republic is also harassing families. Let's be their voice. The Committee to Follow Up on the Status of Detainees announced that Branch 11 of the Karaj Public and Revolutionary Prosecutor's Office has included five charges in the final indictment issued for Mashallah Karami and eight other detainees related to this case. According to the indictment, the defendants in this case are accused of ""membership in gangs and groups with the intention of acting against the security of the country"", ""propaganda against the Islamic Republic system"", ""insulting the sacred places"", ""forming a group with the intention of disrupting the security of the country"" and ""insulting the leader of the system"". After enduring nearly two and a half months in solitary confinement, he was transferred to Ward 15 of Qezl-e-Hesar Prison on November 26 and is currently imprisoned there. Mashallah Karami, the father of Sarbdar Javidnam Mehdi Karami, is from a family that is demanding justice. During the Mahsa Revolution and the execution of his son, he always tried to keep his memory alive and to support and sympathize with other families demanding justice. #Women_Live_Freedom",Yes,C
"سحرگاه روز دوشنبه ۲۰ بهمن، احکام اعدام دستکم ۱۰ زندانی، از جمله یک زن، در زندان‌های قائمشهر، قوچان، گرگان، نیشابور، اصفهان، دورود، زنجان، کرمان، کاشان و ساوه به اجرا درآمد. روز گذشته نیز احکام اعدام دستکم ۱۰ زندانی دیگر در زندان‌های مختلف کشور اجرا شده بود.


بیشتر بخوانید: https://iranwire.org/ms0b6
@Farsi_Iranwire","At least 10 prisoners, including a woman, were executed in the early hours of Monday, February 10, in prisons in Qaemshahr, Quchan, Gorgan, Neyshabur, Isfahan, Dorud, Zanjan, Kerman, Kashan, and Saveh. The previous day, at least 10 more prisoners were executed in various prisons across the country. Read more: https://iranwire.org/ms0b6 @Farsi_Iranwire",Yes,C
"بهنام در عصر جمهوری‌اسلامی زاده شد، به زندان افتاد، شکنجه شد، و دست آخر به قتل رسید. نه ایران متفاوتی را دید، نه در کشوری دیگر زندگی متفاوتی را تجربه کرد. او یکی از میلیونها جوان ایرانی بود که شیفته زندگی بودند اما از زندگی، آزادی و برابری بهره‌ای نبردند.
#بهنام_محجوبی

[BamdadEtemad](https://twitter.com/BamdadEtemad/status/1368202063608377350)
@mamlekate","Behnam was born in the era of the Islamic Republic, imprisoned, tortured, and finally murdered. He neither saw a different Iran, nor experienced a different life in another country. He was one of millions of young Iranians who were passionate about life but did not enjoy life, freedom, and equality. #Behnam_Mahjoubi [BamdadEtemad](https://twitter.com/BamdadEtemad/status/1368202063608377350) @mamlekate",Yes,C
"**اعتماد گزارش داد: جزئیاتی جدید از ماجرای خودسوزی احمد بالدی جوان اهوازی/ پدر احمد: ۲۰ سال معیشت ما از این مغازه بود/ خواهر احمد: مادرم که فریاد می‌زد، ماموران او را کشیدند و با خود بردند

روزنامه اعتماد نوشت:**
🔹️اهواز دوباره عزادار شده است. این‌بار برای «احمد بالدی» دانشجوی ۲۰ ساله که یک هفته پیش در اعتراض به تخریب اغذیه‌فروشی خانوادگی‌شان در پارک زیتون اهواز خودسوزی کرد و بامداد دیروز ۲۰ آبان جان باخت. این چهارمین خودسوزی در خوزستان در ماه‌های گذشته است که احساسات عمومی را به‌شدت جریحه‌دار کرده است.
🔹️میساء خواهر کوچک‌تر احمد هم که در کنار اغذیه‌فروشی نشسته، می‌گوید که شاهد ماجرا و بازداشت مادرش بوده است: مادرم فریاد می‌زد اما مامور شهرداری دست او را کشید و با خودش برد، آنها مامور زن همراهشان نداشتند. مادرم به او اصرار کرده و گفته بودکه تا حالا بازداشت نشدم و پایم به کلانتری و دادگاه باز نشده، آنها هم نزدیک خانه فامیل‌هایمان  پیاده‌اش کردند. پدر و مادرم حال خوبی ندارند و مادرم بیمار شده است./ اعتماد
✅ @Khabar_Fouri","**Etemad reported: New details of the self-immolation of Ahmad Baldi, a young man from Ahwazi/ Ahmad's father: Our livelihood came from this shop for 20 years/ Ahmad's sister: My mother was screaming, the officers dragged her and took her away Etemad newspaper wrote:** 🔹️Ahvaz is mourning again. This time for ""Ahmad Baldi"", a 20-year-old student who set himself on fire a week ago in protest against the destruction of their family's food stall in Zeytoun Park in Ahwaz and died yesterday morning, November 10. This is the fourth self-immolation in Khuzestan in recent months that has deeply hurt public sentiment. 🔹️Maysa, Ahmad's younger sister, who is sitting next to the food stall, says that she witnessed the incident and her mother's arrest: My mother was screaming, but the municipal officer grabbed her hand and took her away. They did not have a female officer with them. My mother insisted on it and said that I had never been arrested and had never set foot in the police station or court, so they dropped me off near our family's house. My parents are not feeling well and my mother is sick./ Etemad ✅ @Khabar_Fouri",Yes,"A, B"
"🎥 ویدیویی که به «ایران وایر» رسیده، مراسم خاکسپاری «رهام سعادتی» را نشان می‌دهد. ماموران امنیتی جمهوری اسلامی، شامگاه پنج‌شنبه ۱۸دی۱۴۰۴ «رهام سعادتی»، نوجوان ۱۷ ساله و عضو تیم والیبال «ستارگان البرز» را با شلیک گلوله جنگی به قتل رسانده‌اند. طبق گفته منابع مطلع،رهام سعادتی در کرج از ناحیه قفسه سینه مورد اصابت گلوله ماموران حکومت قرار گرفت و در دم جان باخت.
#اعتراضات_سراسری
@Farsi_Iranwire","🎥 A video obtained by IranWire shows the funeral of Raham Saadati. Security agents of the Islamic Republic of Iran shot and killed 17-year-old Raham Saadati, a member of the Alborz Stars volleyball team, on Thursday evening, January 18, 1404, with a live bullet. According to informed sources, Raham Saadati was shot in the chest by government agents in Karaj and died instantly. #NationalProtests @Farsi_Iranwire",Yes,A
"بر اساس اطلاعات رسیده به «ایران‌‌وایر»، «محمد فاتح» که در جریان اعتراضات ۱۸دی۱۴۰۴ قزوین مجروح شده بود بعد از ۱۰ روز کما جان خود را از دست داد.


محمد فاتح ۲۶ساله ساکن شهر «الوند» از توابع «قزوین» بود. او روز ۱۸دی با شلیک مستقیم نیروهای سرکوب‌گر جمهوری اسلامی به سر به شدت مجروح شده بود.منابع آگاه می‌گویند پزشک و شماری از کادر درمان که در جراحی و رسیدگی درمانی به این معترض جوان فعالیت کرده بودند از سوی نهادهای امنیتی بازداشت و به مکانی نامعلوم منتقل شده‌اند.


بیشتر بخوانید: https://iranwire.org/uor6p
@Farsi_Iranwire","According to information received by IranWire, Mohammad Fateh, who was injured during the protests in Qazvin on January 18, 1404, died after 10 days in a coma. Mohammad Fateh, 26, was a resident of the city of Alvand, a province of Qazvin. He was severely injured in the head on January 18 by direct fire from the repressive forces of the Islamic Republic. Informed sources say that the doctor and a number of medical staff who had worked on the surgery and treatment of this young protester have been arrested by security agencies and transferred to an unknown location. Read more: https://iranwire.org/uor6p @Farsi_Iranwire",Yes,A
"🎥 #چکیده_اخبار، ۳۰ مهر ۱۴۰۲

- رسانه‌های داخل ایران از مرگ مغزی آرمیتا گراوند خبر دادند
- ۲۵ سال حبس و مجازات‌های تکمیلی برای نیلوفر حامدی و الهه محمدی
- رویا ذاکری، مشهور به «دختر تبریز» به اداره اطلاعات منتقل شد
- برگزاری دادگاه منوچهر بختیاری از زندان و از طریق ویدئو کنفرانس

#اخبار_ایران #اطلاع_رسانی #خبرنگاری_جرم_نیست #مهسا_امینی

@Farsi_Iranwire","🎥 #News_Summary, October 20, 2023 - Iranian media reported Armita Garavand's brain death - 25 years in prison and additional sentences for Niloufar Hamedi and Elahe Mohammadi - Roya Zakeri, known as the ""Daughter of Tabriz"", was transferred to the Intelligence Directorate - Manouchehr Bakhtiari's trial was held from prison and via video conference #Iran_News #Information_Media #Journalism_is_not_a_Crime #Mahsa_Amini @Farsi_Iranwire",Yes,A
"•مقامات #زندان_دیزل‌آباد کرمانشاه از یک هفته پیش دسترسی #رضا_رسایی به تماس تلفنی و ملاقات حضوری او را با خانواده‌اش قطع کرده‌اند.

مرکز مشاوره حقوقی دادبان با اعلام این خبر اعلام کرد فشار بر خانواده این معترض زندانی محکوم به اعدام و تهدید به بازداشت آنان نیز افزایش یافته است.
#هم‌آوا",• Authorities in Kermanshah's Dieselabad Prison have cut off #Reza_Rasai's access to phone calls and in-person visits with his family since a week ago. The Dadban Legal Counseling Center announced this news and stated that the pressure on the family of this protesting prisoner sentenced to death and the threat of their arrest have also increased. #HamAva,Yes,D
"**⭕ ۵۳۵۵۲ شهید و مفقود در غزه از آغاز جنگ**

🔻 روز ۴۰۰ جنگ در غزه؛ از آغاز جنگ علیه غزه در هفتم اکتبر سال گذشته تاکنون ۵۳۵۵۲ نفر در این باریکه شهید و مفقود شدند.

🔻 تاکنون ۱۷۳۸۵ کودک و ۱۱۸۹۱ زن به شهادت رسیده‌اند.

@iranian_IRCS","**⭕ 53,552 martyrs and missing in Gaza since the start of the war** 🔻 Day 400 of the war in Gaza; Since the start of the war against Gaza on October 7th last year, 53,552 people have been martyred or missing in this strip. 🔻 So far, 17,385 children and 11,891 women have been martyred. @iranian_IRCS",Yes,A
"[‌](https://fxtwitter.com/EtemadOnline/status/1880232406395023839) 🔸دیده‌بان حقوق بشر در گزارش سالانۀ خود در مورد وضعیت کشورهای مختلف، اعلام کرد که وضعیت حقوق بشر در ایران در سال ۲۰۲۴ میلادی وخیم‌تر شده است.
این نهاد مدنی در این گزارش وضعیت و موازین حقوق بشری در ایران را در ۸ محور بررسی کرده است:
افزایش اعدام‌ها
آزادی بیان و تجمع
تجاوز،‌ شکنجه، بازداشت و قتل اقلیت‌های قومی و مذهبی
حقوق زنان و دختران
وضعیت فعالان اجتماعی و مدافعان حقوق بشر
دسترسی به وکیل و محاکمۀ عادلانه
اقلیت‌های جنسی:
@[VahidHeadline](https://t.me/VahidHeadline/215995)



🔸مدیرکل دارو و مواد تحت کنترل سازمان غذا و دارو همزمان با ادامه روند افزایش هزینه خدمات درمانی و دارو در ایران، اعلام کرد که در سناریوهای مختلف برای قیمت دارو در سال آینده، قیمت انواع دارو تا ۴۰ درصد افزایش خواهد یافت.
@[VahidHeadline](https://t.me/VahidHeadline/215963)



🔸مسعود پزشکیان، رئیس جمهور ایران، در پایان سفر خود به تاجیکستان رهسپار روسیه شد.
سند همکاری ۲۰ ساله دو کشور در سال ۲۰۲۰ به پایان رسید و در طول پنج سال گذشته که این سند به طور خودکار تمدید شده بود، مقام‌های جمهوری اسلامی بارها خواستار امضای سند جدیدی شده‌اند.
@[VahidHeadline](https://t.me/VahidHeadline/215934)



خبرگزاری بلومبرگ به نقل از منابع خود گزارش داد که تیم دونالد ترامپ، رئیس‌جمهور منتخب ایالات متحده، در حال تدوین یک راهبرد تحریمی گسترده در ارتباط با ایران، روسیه و ونزوئلا است.
بلومبرگ با اشاره به نقش این سه کشور در بازار نفت در گزارشی نوشت که تیم دونالد ترامپ دربارهٔ بازگشت به سیاست فشار حداکثری بر ایران به اجماع رسیده است.
به گزارش بلومبرگ، مشاوران آقای ترامپ در حال طراحی یک راهبرد تحریمی گسترده هستند که ممکن است از ماه فوریه،‌ یعنی تنها چند هفته پس از ورود او به کاخ سفید، آغاز شود و نفت ایران را هدف قرار دهد.
@[VahidHeadline](https://t.me/VahidHeadline/215975)



🔸هانا نویمن، رئیس بخش ایران در پارلمان اروپا، روز جمعه ۲۸ دی خواستار واکنش قاطع اتحادیه اروپا و جامعه بین‌المللی نسبت به وضعیت حقوق بشر در ایران شد.
@[VahidHeadline](https://t.me/VahidHeadline/215992)



🔸مادر اولیویه گروندو، شهروند فرانسوی که بیش از دو سال است در ایران زندانی است، می‌گوید مقامات جمهوری اسلامی می‌دانند که فرزندش «بی‌گناه» است، اما همچنان او را در بازداشت نگه داشته‌اند.
اولیویه گروندو نویسنده و کتاب‌فروشی فرانسوی است که در جریان تور جهانی خود به ایران سفر کرده بود و ۲۰ مهرماه ۱۴۰۱، همزمان با اعتراضات «زن زندگی آزادی»، در هتل محل اقامتش در شیراز دستگیر شد.
او به‌مدت دو سال از خانواده‌اش خواست پرونده‌اش را مخفی نگه دارند تا مانع تلاش‌های دیپلماتیک برای آزادی او نشوند. پس از آن‌که این تلاش‌ها به بن‌بست خورد،‌ او تصمیم گرفت با انتشار فایل صوتی هویت خود را افشا کند.
@[VahidHeadline](https://t.me/VahidHeadline/216020)



🔸کابینه امنیتی اسرائیل به پذیرش توافقنامه آتش‌بس غزه رای داد. حالا کابینه اصلی دولت اسرائیل باید این توافقنامه را رسما تایید کند تا از روز یکشنبه اجرایی شود.
@[VahidHeadline](https://t.me/VahidHeadline/215908)



به دنبال امضای توافق آتش‌بس میان اسرائیل و حماس فهرست ۳۳ گروگانی که قرار است در مرحله اول توافق از سوی این گروه تحت حمایت جمهوری اسلامی ایران آزاد شوند، منتشر شد.
نشریه تایمز اسرائیل» نوشت: این فهرست به ترتیب آزادی نیست و وضعیت گروگان‌ها را نیز نشان نمی دهد. اسرائیل معتقد است که اکثر این ۳۳ تن زنده هستند.
بر اساس این فهرست، ۱۲ زن و کودک و ۲۱ مرد در میان گروگان‌ها وجود دارند. دو کودک گروگان گرفته شده به دست حماس ۲ و ۵ سال سن دارند.
@[VahidHeadline](https://t.me/VahidHeadline/215974)



🔸یک هفته پس از انتخاب رییس‌جمهوری جدید لبنان، امانوئل مکرون، رییس‌جمهوری فرانسه، به بیروت سفر کرد و نجیب میقاتی، نخست‌وزیر مستقر، گفت که مکرون قول داد از دولت جدید لبنان حمایت کند. تلاش برای اصلاحات ساختاری اقتصادی و خلع سلاح حزب‌الله از جمله اهداف سفر مکرون اعلام شده است.
@[VahidOOnLine](https://t.me/VahidOOnLine/143201)



🔸دادگاهی در پاکستان عمران خان، نخست‌وزیر سابق را در یک پرونده فساد زمین به ۱۴سال زندان محکوم کرد. این طولانی ترین حکم زندان او تا کنون است. همسر او، بشریٰ بی‌بی، نیز به ۷ سال زندان محکوم شده است. هر دوی آن‌ها جریمه نقدی هم شده‌اند.
@[VahidHeadline](https://t.me/VahidHeadline/216009)



🔸شرکت اپل قابلیت تازه هوش مصنوعی خود را که به دلیل اشتباه‌های مکرر در خلاصه خبرها باعث شکایت نهادهای خبری از جمله بی‌بی‌سی و نیویورک تایمز شده بود، به حال تعلیق درآورد.
این قابلیت با استفاده از هوش مصنوعی قراربود اعلان‌های خبری فوری را خلاصه کند، اما در برخی موارد سرخط‌های خبری کاملا نادرستی پدید آورده بود.
سازمان‌های خبری گفته بودند این قابلیت هوش مصنوعی اپل هنوز آماده کار نیست و اشتباه‌های آن، باعث افزایش اطلاعات و اخبار نادرست و بی اعتمادی به محتواهای خبری می‌شد.
@[VahidHeadline](https://t.me/VahidHeadline/215966)


📡 @VahidOnline","[‌](https://fxtwitter.com/EtemadOnline/status/1880232406395023839) 🔸Human Rights Watch announced in its annual report on the situation of various countries that the human rights situation in Iran has worsened in 2024. In this report, this civil society organization has examined the situation and standards of human rights in Iran in 8 areas: Increase in executions Freedom of expression and assembly Rape, torture, detention and murder of ethnic and religious minorities Rights of women and girls Status of social activists and human rights defenders Access to lawyers and fair trials for sexual minorities: @[VahidHeadline](https://t.me/VahidHeadline/215995) ",Yes,"C, D"
"[‌](https://video.twimg.com/ext_tw_video/1567092596371070978/pu/vid/540x540/efMemj59Kq2YlqVJ.mp4?tag=12)امروز سه‌شنبه ۱۵ شهریورماه ۱۴۰۱، تعدادی از خانواده ها و بستگان زندانیان محکوم به [#اعدام](https://twitter.com/hashtag/اعدام)، در مقابل ساختمان دادگاه انقلاب کرج، دست به تجمع اعتراضی زدند.

[#اعتراض](https://twitter.com/hashtag/اعتراض) [#حقوق_بشر](https://twitter.com/hashtag/حقوق_بشر) [#تجمع](https://twitter.com/hashtag/تجمع) [#کرج](https://twitter.com/hashtag/کرج) [#اعدام](https://twitter.com/hashtag/اعدام)_نکنید
[hra_news](https://twitter.com/hra_news/status/1567092672866680835)

🤖 @VahidHeadLine
‏📹","[‌](https://video.twimg.com/ext_tw_video/1567092596371070978/pu/vid/540x540/efMemj59Kq2YlqVJ.mp4?tag=12)Today, Tuesday, September 15, 1402, a number of families and relatives of prisoners sentenced to execution, held a protest rally in front of the Karaj Revolutionary Court building. [#Protest](https://twitter.com/hashtag/Protest) [#Human_Rights](https://twitter.com/hashtag/Human_Rights) [#Gathering](https://twitter.com/hashtag/Gathering) [#Karaj](https://twitter.com/hashtag/Karaj) [#Execution](https://twitter.com/hashtag/Execution)_Don't [hra_news](https://twitter.com/hra_news/status/1567092672866680835) 🤖 @VahidHeadLine ‏📹",Yes,C
"در پی واکنش گسترده به صدور حکم اعدام برای توماج صالحی، رپر معترض بازداشتی اعتراضات سراسری ۱۴۰۱، مرکز رسانه‌ای قوه‌ قضاییه، توضیحاتی در این خصوص ارائه داده است.

قوه‌ قضاییه اعلام کرده: حکم اعدام توماج صالحی که با اتهام افساد فی‌الارض صادر شده، بدوی و قابل فرجام خواهی در دیوان عالی کشور است.

مرکز رسانه‌های قوه‌ قضاییه مدعی شده: «براساس حکم صادره از سوی دادگاه، به دلیل اظهار ندامت و پشیمانی و همکاری متهم، دادگاه او را مستحق تخفیف دانسته به همین جهت در صورت فرجام خواهی احتمالی متهم و وکلای او و در صورت تایید حکم اعدام در دیوان عالی کشور، موضوع تخفیف مجازات در کمیسیون عفو و بخشودگی بررسی خواهد شد.»

رسانه‌ قوه قضاییه افزوده: در صورت موافقت کمیسیون عفو و بخشودگی با تخفیف مجازات و طی همه فرایند قانونی، حکم توماج صالحی با یک درجه تخفیف، به حبس طویل المدت تبدیل و مجازات‌های تکمیلی در مورد او اجرا خواهد شد و  سایر اتهامات توماج صالحی هم در حال رسیدگی قضایی است.
[ManotoNews](https://twitter.com/ManotoNews/status/1783371967438975398)

متنِ مرکز رسانه‌ای قوه عالیه قضاییه = کپی‌برداری از اکانت‌های سایبری دوزاری!

🔺[mamlekate/86988](https://t.me/mamlekate/86988) : مرگ و تب","Following the widespread reaction to the death sentence for Tomaj Salehi, a protester rapper who was arrested during the nationwide protests of 1401, the Judiciary Media Center has provided explanations in this regard. The Judiciary has announced that the death sentence for Tomaj Salehi, who was charged with corruption on earth, is preliminary and can be appealed to the Supreme Court. The Judiciary Media Center claimed: “Based on the verdict issued by the court, due to the defendant’s expression of remorse and cooperation, the court has deemed him eligible for a reduction. Therefore, in the event of a possible appeal by the defendant and his lawyers and if the death sentence is confirmed by the Supreme Court, the issue of a reduction in punishment will be reviewed by the Amnesty and Pardon Commission.” The media of the Judiciary added: If the Amnesty Commission agrees to the reduction of the sentence and through all legal processes, Tomaj Salehi's sentence will be reduced by one degree to a long-term imprisonment and additional punishments will be implemented against him, and other charges against Tomaj Salehi are also under judicial review. [ManotoNews](https://twitter.com/ManotoNews/status/1783371967438975398) Text of the Media Center of the Supreme Judiciary = Copying of Douzari's cyber accounts! 🔺[mamlekate/86988](https://t.me/mamlekate/86988) : Death and fever",Yes,C
"فرهاد، برادر #میلاد_زارع بازداشت شد
میلاد روز ۲۹ شهریور ۱۴۰۱ با شلیک گلوله ماموران حکومتی به پشت سرش در بابل کشته شد.

[masoudkazemi81](https://twitter.com/3297594548/status/1696437462359241147)
@mamlekate","Farhad, brother of #Milad_Zare, arrested. Milad was killed on September 19, 1401, by a bullet to the back of his head in Babol by government agents. [masoudkazemi81](https://twitter.com/3297594548/status/1696437462359241147) @mamlekate",Yes,A
"هومن طاهری نوشته: در آتش سوزی هفته قبل زندان لاکان رشت نزدیک به ۲۰ زندانی در سکوت خبری کشته شده و در گمنامی دفن شدند. [TaheriHoman

](https://twitter.com/TaheriHoman/status/1581582039090094080)مسعود کاظمی نوشته: در جنایت #زندان_لاکان #رشت تاکنون ۶ نفر را در روستای گلرودبار و ۴ نفر را در روستای چوشل، شبانه دفن کردند. تعداد کسانی که در لیالستان دفن شدند، مشخص نیست. به روستاییان گفتند جنازه کودکانی بوده که مرده به دنیا آمدند. قبرها از حد معمول عمیق‌تر است. [masoudkazemi81

](https://twitter.com/masoudkazemi81/status/1581632175488659460)بعضی از اسامی و تصاویری که با شرح 'کشته‌شده در درگیری‌های #زندان_لاکان' منتشر شده‌اند:
مهرزاد بهروز
ساکن رشت
[TaheriHoman
](https://twitter.com/TaheriHoman/status/1581582627928100864)میلاد درخشان
ساکن روستای کلاچاه خمام
[TaheriHoman
](https://twitter.com/TaheriHoman/status/1581583661731717120)مهران رجبی
اهل رشت
[TaheriHoman
](https://twitter.com/TaheriHoman/status/1581584057250435072)عارف عاشوری
[TaheriHoman

](https://twitter.com/TaheriHoman/status/1581074921652129792)📡 @VahidOnline","Homan Taheri wrote: In the fire at Lakan Prison in Rasht last week, nearly 20 prisoners were killed in silence and buried in obscurity. [TaheriHoman ](https://twitter.com/TaheriHoman/status/1581582039090094080) Masoud Kazemi wrote: In the crime of #Lakan_Prison #Rasht, so far 6 people have been buried at night in the village of Golrudbar and 4 in the village of Choshel. The number of those buried in Layalistan is not known. The villagers were told that the bodies were of children who were born dead. The graves are deeper than usual. [masoudkazemi81 ](https://twitter.com/masoudkazemi81/status/1581632175488659460)Some of the names and images published with the caption 'Killed in the clashes in #Lakan_Prison': Mehrzad Behrouz, resident of Rasht [TaheriHoman ](https://twitter.com/TaheriHoman/status/1581582627928100864)Milad Derakhshan, resident of Kalachah Khammam village [TaheriHoman ](https://twitter.com/TaheriHoman/status/1581583661731717120)Mehran Rajabi, resident of Rasht [TaheriHoman ](https://twitter.com/TaheriHoman/status/1581584057250435072)Arif Ashouri [TaheriHoman ](https://twitter.com/TaheriHoman/status/1581074921652129792)📡 @VahidOnline",Yes,"A, D"
"در این ویدیو که گفته می‌شود مربوط به شهر انار در استان #کرمان است، معترضان مجسمه قاسم سلیمانی، فرمانده کشته شده شده نیروی قدس سپاه پاسداران را به آتش می‌کشند.

#مهسا_امینی #اعتراضات_سراسری
@Farsi_Iranwire","In this video, said to be from the city of Anar in #Kerman province, protesters set fire to a statue of Qassem Soleimani, the slain commander of the IRGC's Quds Force. #Mahsa_Amini #WorldwideProtests @Farsi_Iranwire",Yes,B
"🎥معترضان خشمگین ماشین پلیس را واژگون کردند

معترضان در شهر #نیشابور با نیروهای امنیتی درگیر شدند و ماشین پلیس را واژگون کرده‌اند. شهروند خبرنگار از نیشابور می‌گوید: «تعدادی از معترضان مجروح شدند و عده‌ای را بازداشت کرده‌اند.»


#MahsaAmini  #مهسا_امینی  #اعتراضات_سراسری

@Farsi_Iranwire",🎥Angry protesters overturned a police car Protesters clashed with security forces in the city of #Nishapur and overturned a police car. A citizen journalist from Nishapur says: “A number of protesters were injured and some were arrested.” #MahsaAmini #MahsaAmini #NationalProtests @Farsi_Iranwire,Yes,"A, B"
ویدیوی رسیده به ایران‌اینترنشنال نشان می‌دهد یک معترض در شامگاه سه‌شنبه ۱۶ دی به سمت حوزه علمیه نیشابور آتش پرتاب می‌کند.,"Video obtained by Iran International shows a protester throwing fire at the Nishapur Seminary on the evening of Tuesday, January 6.",Yes,B
"کلر چندلر، عضو سنای استرالیا، در گفت‌وگو با ایران‌اینترنشنال، انقلاب ملی ایرانیان را یک نقطه واقعا سرنوشت‌ساز در تاریخ ایران خواند و گفت: «قطع کردن اینترنت و تلاش برای سرکوب مردم، واقعا این حس را ایجاد می‌کند که این همان نقطه‌ای است که در آن تغییر واقعی می‌تواند به‌طور جدی ممکن شود.»

او تاکید کرد کشورهای غربی باید خیلی دقیق به آنچه در ایران رخ می‌دهد توجه کنند و هر کاری از دست‌شان برمی‌آید انجام دهند تا از مردم ایران در نبرد بزرگ‌شان علیه یک رژیم اقتدارگرای بسیار خشن و نفرت‌انگیز، حمایت کنند.

چندلر گفت: جمهوری اسلامی برای مدت خیلی طولانی مردم ایران را سرکوب کرده و کشته است و زنان و دختران را به خاطر تلاش برای برخورداری از همان حقوقی که زنان و دختران در سراسر جهان دارند، سرکوب کرده است.

https://iranintl.com/202601222047","Australian Senator Claire Chandler, speaking to Iran International, called the Iranian National Revolution a truly defining moment in Iranian history, saying: “The internet shutdown and the attempt to suppress people really gives the impression that this is the point where real change can really happen.” She stressed that Western countries should pay close attention to what is happening in Iran and do everything they can to support the Iranian people in their great struggle against a very violent and hateful authoritarian regime. “The Islamic Republic has suppressed and killed the Iranian people for far too long, and has repressed women and girls for trying to have the same rights that women and girls around the world have,” Chandler said. https://iranintl.com/202601222047",Yes,A
"‌Hengaw:
تصویر مستند دیگری از استفاده گسترده نیروهای امنیتی بر علیه معترضان در شهر سقز.  ۵۵۰ ساچمه وارد بدن این دختر جوان شده است.
@[VahidOOnLine

](https://t.me/VahidOOnLine/26603)📡 @VahidOnline",‌Hengaw: Another documentary image of the widespread use of security forces against protesters in the city of Saqqez. 550 bullets entered the body of this young girl. @[VahidOOnLine ](https://t.me/VahidOOnLine/26603)📡 @VahidOnline,Yes,A
"حداقل ۷۷ نفر از معترضان #آبان۹۸ در زندان فشافویه هستند که علاوه بر سه حکم اعدام ، ۲۵۰ سال حکم قابل اجرا دارند.
این فقط یکی از زندان‌ها است
#آبان_ادامه_دارد
[k1mohtdi](https://twitter.com/k1mohtdi/status/1293616462633074694)

این آمار و صدور احکام سنگین، تنها مختص به بازداشت‌شده‌های محبوس در زندان تهران بزرگ (فشافویه) است. از وضعیت بازداشت‌شدگان اعتراض‌های آبان ۹۸ در دیگر زندان‌ها و شهرها اطلاعی در دست نیست و مشخص نیست چه تعداد از این بازداشت‌شدگان وجود دارد و با چه احکامی روبه‌رو هستند.

[Radiozamaneh](https://www.radiozamaneh.com/526778)
@mamlekate","At least 77 of the #Aban98 protesters are in Fashafoyeh prison, facing 250 years in prison in addition to three death sentences. This is just one of the prisons #Aban_continues [k1mohtdi](https://twitter.com/k1mohtdi/status/1293616462633074694) This statistic and the issuance of heavy sentences only apply to detainees held in the Greater Tehran Prison (Fashafoyeh). There is no information about the status of detainees from the Aban 98 protests in other prisons and cities, and it is not clear how many of these detainees there are and what sentences they are facing. [Radiozamaneh](https://www.radiozamaneh.com/526778) @mamlekate",Yes,C
"به گزارش خبرگزاری میزان، حکم اعدام #محمد_بروغنی از بازداشت‌شدگان اعتراضات سراسری، در دیوان عالی کشور تایید شده است.

@mamlekate","According to Mizan News Agency, the death sentence of #Mohammad_Borughni, one of the detainees of the nationwide protests, has been confirmed by the Supreme Court. @mamlekate",Yes,C
"«... و بی‌قانونی باید تاوان سهمگینی داشته باشند. بزرگترین سرمایه‌های این مملکت راکه همانا جوانان و نوجوانان آن هستند به مسلخ می‌برید به جرم اینکه حق خود را فریاد زده‌اند.راه هرگونه گفت‌وگو را بسته‌اید و جواب هر سوال را با اسلحه و کشتار می‌دهید!»
شعار: «حکومت بچه‌کش...»
ادامه سخنرانی: «از یک سو اختلاس و غارت ثروت‌های ملی  فرزندان ما و انواع سوءمدیریت و بی‌تدبیری‌ها، و از دیگر سو گلوله و گاز اشک‌آور و باتون و شکنجه! به  کجا چنین شتابان؟ این همه ظلم و جنایت دیگر بی‌جواب نمی‌ماند. دنیا نظاره‌گر این صحنه‌ها است! دوران بخور و ببر و بکش تمام شده است. باید در برابر تک‌تک این فجایع مسول و پاسخ‌گو باشید.»
شعار: «زن زندگی آزادی»
ویدیوهایی از 'تجمع امروز پزشکان #مشهد و بیانیه پایانی
پنج‌شنبه ۲۸ مهر'
[Vahid
](https://twitter.com/Vahid/status/1583148100515872768)متن بیانیه رو در تصاویر قبلی می‌تونید بخونید: @[VahidOnline
](https://t.me/VahidOnline/49487)🔻آپدیت:
«مادر ایران ز جا برخاسته، کشورش را از ددان پس خواسته!»
نسخه کامل ویدیوی سخنرانی دکتر ریحانه مختاریان در اینجا: [Vahid

](https://twitter.com/Vahid/status/1583490454170918912)📡 @VahidOnline","""... and lawlessness must pay a terrible price. You are slaughtering the greatest assets of this country, which are its youth and teenagers, for the crime of shouting for their rights. You have blocked any dialogue and answer every question with weapons and killing!"" Slogan: ""A baby-killing government..."" The speech continued: ""On the one hand, embezzlement and plunder of the national wealth of our children and all kinds of mismanagement and indiscretion, and on the other hand, bullets and tear gas, batons and torture! Where are you in such a hurry? All these cruelty and crimes will no longer remain unanswered. The world is watching these scenes! The era of eat, take and kill is over. You must be responsible and accountable for each and every one of these tragedies."" Slogan: ""Woman of Freedom"" Videos from 'Today's #Mashhad Doctors' Rally and Final Statement on Thursday, October 18' [Vahid ](https://twitter.com/Vahid/status/1583148100515872768)You can read the text of the statement in the previous images: @[VahidOnline ](https://t.me/VahidOnline/49487)🔻Update: ""Mother Iran has risen, demanded her country back from her mouth!"" The full video version of Dr. Reyhaneh Mokhtarian's speech is here: [Vahid ](https://twitter.com/Vahid/status/1583490454170918912)📡 @VahidOnline",Yes,"A, C"
"در برخی روستاهای مرزهای شرقی ایران، دخترانی که قربانی تجاوز و تعرض شده‌اند، به بهانه «نجس شدن» از خانه طرد می‌شوند.

 مریم مقدم، عضو تحریریه ایران‌اینترنشنال، گزارش می‌دهد
@iranintltv","In some villages on Iran's eastern border, girls who have been raped and assaulted are being thrown out of their homes on the pretext of being ""impure."" Maryam Moghadam, a member of the editorial staff of Iran International, reports @iranintltv",Yes,C
"🎥 ده‌ها هزار معترض سریلانکایی به کاخ ریاست‌جمهوری در پایتخت این کشور حمله و آن را غارت کردند تا خشم خود را علیه رهبری که او را مسئول بدترین بحران اقتصادی این کشور می‌دانند، ابراز کنند. معترضان پس از اشغال کاخ ریاست جمهوری در استخر آن به تفریح پرداختند.

#سریلانکا

@Farsi_Iranwire",🎥 Tens of thousands of Sri Lankan protesters stormed and looted the presidential palace in the country's capital to vent their anger against a leader they blame for the country's worst economic crisis. Protesters took to the presidential palace's swimming pool after occupying it. #SriLanka @Farsi_Iranwire,Yes,B
"قرار توقف اجرای حکم #ماهان_صدرات

عباس موسوی وکیل ماهان صدرات که اخیرا خبر تایید حکم اعدامش در دیوان عالی کشور منتشر شده بود، در حساب اینستاگرام خود نوشت:

«با عنایت دادار جان آفرین و با دور اندیشی و ژرف‌نگری قضات محترم شعبه نهم دیوان عالی کشور و به برکت دعای مردم نجیب، شریف و دلسوز این سرزمین، موکل: «ماهان صدرات» از اعدام نجات یافت و قرار توقف اجرای حکم او مستند به درخواست اعاده دادرسی و موافق ماده ۴۷۶ ق.آ. د. ک صادر شد.
امید به رهایی همه بی‌گناهان در همه جای جهان»

@mamlekate","Order to stay execution of #Mahan_Sadrat's sentence Abbas Mousavi, the lawyer of Mahan Sadrat, whose death sentence was recently confirmed by the Supreme Court, wrote on his Instagram account: ""With the grace of God, and with the foresight and insight of the respected judges of the Ninth Branch of the Supreme Court, and with the blessings of the prayers of the noble, honorable, and compassionate people of this land, my client: ""Mahan Sadrat"" was saved from execution and the order to stay the execution of his sentence was issued based on the request for a retrial and in accordance with Article 476 of the Criminal Procedure Code. Hope for the liberation of all innocent people everywhere"" @mamlekate",Yes,C
"🎥 «صدیقه وسمقی»، اسلام‌پژوه و حقوق‌دان می‌گوید دستگاه قضایی در جمهوری اسلامی از عناوینی اتهامی که در دنیای امروز معنا و مفهومی ندارد، برای حفظ منافع حکومت بهره‌برداری می‌کند تا هزاران نفر را به اعدام محکوم و احکامشان را اجرا کند.

وسمقی در حساب اینستاگرام خود با انتشار فایل صوتی در واکنش به صدور احکام اعدام برای «پخشان عزیزی» و «شریفه محمدی» از سوی دستگاه قضایی جمهوری اسلامی گفت: «جان هزاران انسان در طول عمر جمهوری اسلامی با عناوین کلی که در دنیای امروز معنا و مفهومی ندارد، مثل ""محاربه""، ""افساد فی الارض"" یا ""بغی"" مورد تهدید قرار گرفته است. هزاران نفر یا اعدام شدند یا به اعدام محکوم شدند. جمهوری اسلامی مدعی است که مجری احکام فقه شیعی و شریعت اسلامی است، اما اگر به این منابع به‌طور دقیق نگاهی بیندازیم، می‌بینیم که اصولا در تاریخ اسلام، کارکردی که امروز این واژه‌ها در دستگاه قضایی و حکومت جمهوری اسلامی دارد، تا پیش از این وجود نداشت و تناسبی میان آنها نیست.»

#اخبار_ایران

@Farsi_Iranwire","🎥 ""Sediqah Wasmaqi"", an Islamic scholar and lawyer, says that the judicial system in the Islamic Republic exploits the titles of charges that have no meaning or significance in today's world to protect the interests of the government in order to sentence thousands of people to death and carry out their sentences. Wasmaqi posted an audio file on his Instagram account in response to the issuance of death sentences for ""Pakhshan Azizi"" and ""Sharifa Mohammadi"" by the judicial system of the Islamic Republic, saying: ""Thousands of people's lives have been threatened throughout the life of the Islamic Republic with general titles that have no meaning or significance in today's world, such as ""Moharebeh"", ""Esfad fi al-Arz"" or ""Baghi"". Thousands of people were either executed or sentenced to death. The Islamic Republic claims to be the executor of the rulings of Shiite jurisprudence and Islamic Sharia, but if we look closely at these sources, we see that in principle, in the history of Islam, the function that these words have today in the judicial system and government of the Islamic Republic did not exist before, and there is no proportion between them."" #Iran_News @Farsi_Iranwire",Yes,C
"#محمدرضا_حبیبیان، نگهبان بانک ملی بابلسر به جرم قتل عباسعلی سلیمانی، عضو مجلس خبرگان و نماینده پیشین علی خامنه‌ای در سیستان و بلوچستان، صبح چهارشنبه در زندان اعدام شد. خبر تائید حکم «قصاص عامل سوءقصد به عضو مجلس خبرگان» در دیوان عالی کشور حدود یک ماه پیش منتشر شده بود.

#عباسعلی_سلیمانی روز ۶ اردیبهشت امسال هنگامی که در یکی از شعبه‌های بانک‌ ملی شهر بابلسر بود هدف شلیک گلوله نگهبان بانک قرار گرفت و کشته شد.

[indypersian](https://twitter.com/1065658304884547585/status/1734821988147855669)
🔺https://t.me/mamlekate/78855","#MohammadRezaHabibian, a guard at the National Bank of Babolsar, was executed in prison on Wednesday morning for the murder of Abbas Ali Soleimani, a member of the Assembly of Experts and former representative of Ali Khamenei in Sistan and Baluchestan. The news of the Supreme Court's confirmation of the verdict of ""retribution for the perpetrator of the assassination attempt on a member of the Assembly of Experts"" was published about a month ago. #Abbas Ali Soleimani was shot and killed by a bank guard on May 26 this year while he was in a branch of the National Bank of Babolsar. [indypersian](https://twitter.com/1065658304884547585/status/1734821988147855669) 🔺https://t.me/mamlekate/78855",Yes,C
"تصویری که در فضای مجازی منتشر شده، گروهی از سربازان روس را نشان می‌دهد که در حال غارت فروشگاهی در اوکراین هستند.

#stop_Putin #support_ukraine #stop_russia #standwithukraine
#نه_به_جمهوری_اسلامی #نافرمانی_مدنی  #اعتراضات_سراسری #اعتصابات_سراسری

#معلمان #فرهنگیان #تجمع_اعتراضی #طرح_صیانت

ارسال فيلم، عکس و مطلب به ما:

▫️Telegram ID: @iranncmedia 👈
@irannc","A picture posted online shows a group of Russian soldiers looting a store in Ukraine. #stop_Putin #support_ukraine #stop_russia #standwithukraine #no_to_the_Islamic_Republic #civil_disobedience #worldwide_protests #worldwide_strikes #teachers #culturalists #protest_gathering #protection_plan Send us videos, photos and articles: ▫️Telegram ID: @iranncmedia 👈 @irannc",Yes,B
"#سامان_یاسین در دادگاه گفته سابقه کیفری ندارم؛ صلواتی ۱۱ سابقه گفته که روح سامانم خبر نداشته!

یادمه حسن‌دهواری یک ماه قبل اعدامش تلفنی به من گفت: «قاضی ۲۱ اتهام را ذکر کرده و من گفتم: جناب قاضی! تو یکیش رو اثبات کن من ۲۰ بقیه را چشم بسته قبول می‌کنم!»

[kal_balochi](https://twitter.com/kal_balochi/status/1648071561029595137)
@mamlekate","#Saman_Yasin said in court that he has no criminal record; Salavati said he has 11, but Saman's soul didn't know! I remember Hassan Dehvari telling me on the phone a month before his execution: ""The judge mentioned 21 charges and I said: Your Honor, Judge! You prove one of them, I will accept the other 20 blindfolded!"" [kal_balochi](https://twitter.com/kal_balochi/status/1648071561029595137) @mamlekate",Yes,C
"🎥 گمادری آلمانی چشمان پسرش را هنگام گذر از کنار اجساد یک گور دسته جمعی که نبش قبر شده بودند می‌پوشاند

«پاتریشیا هربرر رایس»، تاریخ‌دان «#موزه_هولوکاست آمریکا»:
«در این عکس مادری آلمانی تحت نظارت سربازان آمریکایی چشمان پسرش را گرفته تا جسد ۵۷ نفر که از گوری دسته جمعی در بیرون شهر سوتراپ نقش قبر شده بودند را نبیند. در این عکس، تعدادی از شهروندان محلی آلمان را می‌بینیم که در حال تماشای جنازه‌ تعدادی از کارگران اجباری اهل شوروی هستند که در آلمان به کار گماشته شده بودند و بسیاری‌شان در روزهای آخر جنگ به قتل رسیدند.»

ایران‌وایر در #پروژه_سرداری با همکاری با «موزه یادبود هولوکاست ایالات متحده آمریکا» به بررسی جنبه‌های مختلف #هولوکاست، #یهودی‌ستیزی، تبعیض و تئوری‌های توطئه می‌پردازد. برای کسب اطلاعات بیشتر درباره موضوع این ویدیو به سایت زیر مراجعه کنید:
http://www.sardariproject.com

#یهودیان #نسل_کشی #جنایت_علیه_بشریت #اطلاع_رسانی #یهودی_ستیزی

@Farsi_Iranwire","🎥 A German mother covers her son's eyes as he walks past bodies from a mass grave that had been exhumed Patricia Herber Rice, historian at the United States Holocaust Memorial Museum: ""In this photo, a German mother, under the supervision of American soldiers, covers her son's eyes so that he does not see the bodies of 57 people who were exhumed from a mass grave outside the town of Sothrop. In this photo, we see a number of local German citizens looking at the bodies of a number of Soviet forced laborers who were assigned to work in Germany, many of whom were murdered in the last days of the war."" IranWire, in collaboration with the United States Holocaust Memorial Museum, examines various aspects of the #Holocaust, #anti-Semitism, discrimination, and conspiracy theories in the #Sardari_Project. For more information on the subject of this video, visit the following site: http://www.sardariproject.com #Jews #Genocide #Crime_Against_Humanity #Information #Anti-Semitism @Farsi_Iranwire",Yes,"A, C, D"
"shahrzad_karimi:
""دعوا سر ارزش مهریه و بکارت یک بچه 6/7 ساله است که بهش تجاوز شده.عجب خراب شده ایه خاورمیانه""
t.co/vmQtk5WkpL

📡 @VahidOnline","shahrzad_karimi: ""The fight is over the value of the dowry and the virginity of a 6/7 year old child who was raped. Wow, the Middle East is ruined"" t.co/vmQtk5WkpL 📡 @VahidOnline",Yes,C
"ایرپین اوکراین/ لحظاتی پیش.
حمله اشغالگران روسی به یک ساختمان مسکونی.

 #war #kharkov #kiev
#StopRussia
#StopRussianAggression
#RussiaInvadedUkraine
#stop_Putin #support_ukraine #stop_russia #standwithukraine #IranianStandWithUkraine
#نه_به_جمهوری_اسلامی #نافرمانی_مدنی  #اعتراضات_سراسری #اعتصابات_سراسری

#معلمان #فرهنگیان #تجمع_اعتراضی #طرح_صیانت

ارسال فيلم، عکس و مطلب به ما:

▫️Telegram ID: @iranncmedia 👈
@irannc","Irpin, Ukraine/ Moments ago. Russian invaders attacked a residential building. #war #kharkov #kiev #StopRussia #StopRussianAggression #RussiaInvadedUkraine #stop_Putin #support_ukraine #stop_russia #standwithukraine #IranianStandWithUkraine #No_to_the_Islamic_Republic #Civil_Disobedience #Worldwide_Protests #Worldwide_Strikes #Teachers #Culturalists #Protest_Gathering #Protection_Plan Send us videos, photos and articles: ▫️Telegram ID: @iranncmedia 👈 @irannc",Yes,B
"گریه های مادر#عرشیا_امامقلی_زاده علمداری نوجوان شانزده ساله که در اعتراضات اخیر بازداشت شده بود و دو روز بعد از آزادی خودکشی کرد
“نبین پرپر میزنم بهت افتخار میکنم. عرشیا تو آدمی نبودی که خودکشی کنی  بیشرفا چکار باهات کردند
نبین اینجوری دارم پرپر میزنم بهت افتخار میکنم به غیرتت. دلبندم جگرم داره میسوزه ولی بهت افتخار میکنم توغیرت داشتی اونا بی ناموس بودند”

به صفحه تلگرام و توییتر ما بپیوندین
https://t.me/irannc
http://twitter.com/Iranncorg



#نافرمانی_مدنی #اعتصابات_سراسری #آذر۱۴۰۱
 #انقلاب۱۴۰۱ #زن_زندگی_آزادی
 #مهسا_امینی #نیکا_شاکرمی
#nika_shakarami #mahsaamini #opiran
@irannc","The cries of the mother of #Arshia_Imamgholi_Zadeh Alamdari, a sixteen-year-old teenager who was arrested in recent protests and committed suicide two days after her release. ""Don't look, I'm jumping up and down, I'm proud of you. Arshia, you weren't the kind of person to commit suicide. What they did to you was dishonorable. Don't look, I'm jumping up and down like this. I'm proud of you for your jealousy. My darling, my heart is burning, but I'm proud of you. You were jealous. They were dishonorable."" Join our Telegram and Twitter pages https://t.me/irannc http://twitter.com/Iranncorg #civil_disobedience #national_strikes #1401 #1401_revolution #women_live_freely #Mahsa_Amini #Nika_Shakarami #nika_shakarami #mahsaamini #opiran @irannc",Yes,A
"قوه قضاییه جمهوری اسلامی اعلام کرد یک بازیگر مشهور سینما پس از طرح شکایت از سوی یک زن، با اتهام «تجاوز به عنف»، با احضار به مرجع قضایی تفهیم اتهام و بازداشت شده است.
قوه قضاییه اشاره‌ای به نام این بازیگر نکرده است.
ساعاتی بعد از انتشار این خبر، بابک نمک‌شناس، رییس مرکز اطلاع‌رسانی پلیس تهران گفت که این نیرو در بازداشت بازیگر معروف «دخالتی» نداشته و متهم پس از احضار به شعبه نهم بازپرسی دادگاه کیفری یک تهران و بدون عملیات پلیسی، بازداشت شده است.
https://iranintl.com/202510213966","The Islamic Republic's judiciary announced that a famous movie actor was summoned to a judicial authority, charged with ""rape"" after a woman filed a complaint. The judiciary did not mention the actor's name. Hours after the news was released, Babak Namakshenas, head of the Tehran Police Information Center, said that the force had ""no interference"" in the arrest of the famous actor and that the accused was arrested after being summoned to the ninth branch of the Tehran Criminal Court No. 1 and without any police operation. https://iranintl.com/202510213966",Yes,C
"ایران‌وایر مطلع شده است که دختر نوجوان ۱۵ ساله‌ای به نام «آیلا پاسدار» در تاریخ ۱۳ اردیبهشت ۱۴۰۳ با انگیزه‌های ناموسی در شهر ایذه به قتل رسیده است.
آیلا پاسدار متولد ۲۱ مرداد ۱۳۸۸ به دست برادر ۱۸ ساله خود و با همدستی عموهایش در منزل یکی از نزدیکان با شلیک اسلحه کشته شده است.
منبع آگاهی که با ایران‌وایر گفتگو کرده از سرنوشت تلخ و غم‌انگیز این دختر نوجوان در زندگی کوتاهش روایت کرده است. سرنوشتی آمیخته به فقر و نابرابری و محرومیت که در سایه برخوردهای زن‌ستیزانه او را از حق حیات بعنوان یک زن محروم کرده است.

#زن_کشی #خوزستان
ادامه خبر:https://iranwire.com/fa/news-1/138668

@Farsi_Iranwire","IranWire has learned that a 15-year-old teenage girl named “Ayla Pasdar” was murdered in the city of Izeh on May 3, 1403, in honor killings. Ayla Pasdar, born on August 11, 2009, was shot dead by her 18-year-old brother, with the help of her uncles, at the home of a relative. A source who spoke to IranWire recounted the bitter and tragic fate of this teenage girl in her short life. A fate mixed with poverty, inequality, and deprivation that, in the shadow of misogynistic attitudes, deprived her of the right to live as a woman. #Femicide #Khuzestan Read more: https://iranwire.com/fa/news-1/138668 @Farsi_Iranwire",Yes,A
"🎥 خبرگزاری رکنا روز پنجشنبه ۹ اسفند ۱۴۰۳ از قتل یک زن در فردیس کرج خبر داده که با ضربات وارده با گوشت‌کوب توسط همسرش جان خود را از دست داده است.

در این گزارش به نقل از فرمانده انتظامی شهرستان فردیس، فرد قاتل که مجروح شده بود، پس از انتقال به بیمارستان و انجام مراحل درمان، ترخیص و در نهایت به قتل همسرش اعتراف کرد.

یکی از انتقادات فعالان حقوق زنان به قانونگذاران در جمهوری اسلامی همواره ناکارآمد بودن قوانین حمایت از خانواده را مطرح کرده‌اند.

#اخبار_ایران #زن‌کشی #خشونت_خانگی

@Farsi_Iranwire","🎥 On Thursday, March 29, 2024, Rokna News Agency reported the murder of a woman in Fardis, Karaj, who lost her life after being beaten with a meat grinder by her husband. In this report, citing the police commander of Fardis, the injured murderer was transferred to the hospital and treated, discharged, and finally confessed to killing his wife. One of the criticisms of women's rights activists to lawmakers in the Islamic Republic has always been the ineffectiveness of family protection laws. #Iran_News #Femicide #Domestic_Violence @Farsi_Iranwire",Yes,A
"احمدرضا حائری، زندانی سیاسی، با انتشار نامه‌ای عنوان کرد: «در شهر ملکشاهی، فرمانده سپاه شخصا با نشستن پشت مسلسل آغازگر شلیک بوده است.» گزارش‌ها از تعداد بالای کشته‌شدگان و زخمی‌ها حکایت دارد. همزمان تصاویری از حمله ماموران به بیمارستان این شهر منتشر شده است.

گفت‌وگو با مسعود کاظمی، روزنامه‌نگار

@iranintltv","Ahmad Reza Haeri, a political prisoner, published a letter stating: “In the city of Malekshahi, the commander of the IRGC personally opened fire by sitting behind a machine gun.” Reports indicate a high number of dead and wounded. At the same time, images of the officers’ attack on the city’s hospital have been published. Interview with Masoud Kazemi, journalist @iranintltv",Yes,A
"۲۰ زندانی سیاسی در اعتراض به شکنجه و پخش اعتراف اجباری امیرحسین موسوی، در بیانیه‌ای تاکید کردند دستگاه امنیتی و قضایی جمهوری اسلامی همچنان از «شیوه‌های منسوخ قرون وسطایی» پیروی می‌کند.

گفت‌وگو با مرتضی کاظمیان، عضو تحریریه ایران‌اینترنشنال
@iranintltv","In a statement, 20 political prisoners protesting the torture and forced broadcast of Amir Hossein Mousavi's confession emphasized that the Islamic Republic's security and judicial apparatus continues to follow ""obsolete medieval methods."" Interview with Morteza Kazemian, editorial board member of Iran International @iranintltv",Yes,C
"مادر یکی از جان‌باختگان هواپیمای اوکراینی در دومین سالگرد انهدام این هواپیما در تجمع خانواده‌ها گفت: «من فقط از علی خامنه‌ای و سرداران سپاه شکایت دارم. اینها مقصرند و پاره‌های جگر ما را اینها کشتند.»
[IranIntl
](https://twitter.com/IranIntl/status/1479766080495226882)پس از حضور یافتن خانواده‌ها در محل سقوط هواپیما، بلافاصله یک فروند هلی‌کوپتر به محل نزدیک می‌شود. به نظر می‌رسد پرواز هلی‌کوپتر بر فراز این محل با هدف گل‌باران محل انجام می‌شود.
با این حال، آن طور که در ویدئوهای موجود در شبکه‌های اجتماعی دیده می‌شود، پرواز این هلی‌کوپتر در ارتفاع اندک بر فراز سر خانواده‌ها، تنها باعث اذیت و آزار آنهاست و موجب می‌شود که صدای شعارهای آنها به گوش نرسد.
در ویدئوها می‌توان فریاد «برو گم شو» از طرف خانواده‌ها را شنید.
[RadioFarda_
](https://www.radiofarda.com/a/31644981.html)""بارها و بارها و بارها هلیکوپتر مذکور در ارتفاع بسیار پایین حرکت کرد و برنامه را به هم ریخت، عکس‌ها، گل‌ها،بادکنک‌ها و شمع‌ها را خراب و پراکنده‌ کرد تا مثلا ۴ تا گلایل پخش کند و احتمالا تصویر/روایت مورد نظر را بسازند.""
‎تصاویر بیشتر: [Ashourinia

](https://twitter.com/Ashourinia/status/1479743358432124931)📡 @VahidOnline","The mother of one of the victims of the Ukrainian plane crash said at a family gathering on the second anniversary of the plane's downing: ""I only have a complaint against Ali Khamenei and the IRGC commanders. They are to blame, and they killed our pieces of liver."" [IranIntl ](https://twitter.com/IranIntl/status/1479766080495226882)After the families arrived at the crash site, a helicopter immediately approached the site. It seems that the helicopter was flying over the site with the aim of raining flowers on the area. However, as can be seen in the videos on social media, the helicopter's flight at a low altitude above the heads of the families only caused them to be harassed and prevented their slogans from being heard. In the videos, the families can be heard shouting ""Get lost."" [RadioFarda_ ](https://www.radiofarda.com/a/31644981.html)""Time and time again, the helicopter flew at a very low altitude and disrupted the program, destroying and scattering photos, flowers, balloons and candles, so that, for example, 4 gladioli would be released and probably create the desired image/narrative."" More images: [Ashourinia ](https://twitter.com/Ashourinia/status/1479743358432124931)📡 @VahidOnline",Yes,A
"#الو #رضا_زارع مؤیدی، سه‌شنبه شب با برادرش می‌رن معالی‌آباد شیراز برای اعتراض. جمهوری اسلامی با گلوله مستقیم می‌زنن می‌کشنش. حالا فردا می‌خوان به نام شهید مدافع امنیت تشییعش کنن و کلی هم پروپاگاندا باهاش بسازن.

متأسفانه پدرش شهید شده (ارتشی بوده، تو حادثه سقوط بالگرد کشته شد رفت جزو شهدا) و این بچه با زحمت مادرش بزرگ شده و ازدواج کرده و یک مغازه در شیراز داشت. گفتن همیار پلیس بوده، در حالیکه همه میدونن مغازه‌دار بود. لعنت به اینها که هم می‌کشند هم نام جنازه رو میدزدند.

@mamlekate","#Hello #Reza_Zare_Moaidi, on Tuesday night he and his brother will go to Maaliabad, Shiraz, to protest. The Islamic Republic will shoot him dead with a live bullet. Now tomorrow they want to hold his funeral in the name of the martyr who defended security and make a lot of propaganda with him. Unfortunately, his father was martyred (he was a soldier, he was killed in a helicopter crash and became one of the martyrs) and this child grew up with the hard work of his mother, got married and owned a shop in Shiraz. They said he was a police officer, while everyone knows he was a shopkeeper. Damn these people who not only kill but also steal the name of the body. @mamlekate",Yes,A
"♦️فریده شیرانی مادر #سپهر_شیرانی:
«ز تن روح و روانم را گرفتند، تمام ارمانم را گرفتند، من آن افتاده در تاریک مطلق،که نور آسمانم را گرفتند»

•«سپهر شیرانی» ۱۹ ساله دانشجوی ترم اول رشته معماری دانشگاه سیستان و بلوچستان فرزند دکتر علی (دندان پزشک) کوچکترین فرزند خانواده و دارای دو خواهر و برادر دیگر، روز دهم بهمن حوالی ساعت ۴ بعدظهر از منزل خارج و توسط نیروهای سپاه بازداشت و بامداد روز پنجشنبه حوالی ساعت ۴:۳۰ صبح پیکر بی جان سپهر در حالی که از ناحیه سر هدف گلوله قرار گرفته بوده و اثار شکنجه کبودی بدن و شکستگی دست و اثار ضربات شلاق به وضوح بر پیکرش پیدا بود در پشت بام منزل آپارتمانی شان پیدا شده است در حالی که خانواده وی هیچ اطلاعی نداشتند که وی چطور از بازداشت اطلاعات سپاه بدون اطلاع، آزاد شده است.»

•گفتنی است منابع گفته‌اند: «پیشتر ماموران امنیتی به سپهر در خصوص فعالیت در فضای مجازی و حضور وی در انتظامات #مسجد_مکی و حمایت از اعتراضات جمعه های زاهدان تذکر و هشدار داده و به وی گفته بودند که حق نداری دیگر پست در مورد اعتراضات بزاری اما او توجهی به این تذکرات نکرده بود.»","♦️Farideh Shirani, mother of #Sepehr_Shirani: ""They took my soul and spirit from my body, they took all my dreams, I was lying in absolute darkness, they took the light of my sky"" • ""Sepehr Shirani"", 19, a first-semester student in the Department of Architecture at the University of Sistan and Baluchestan, the son of Dr. Ali (a dentist), the youngest child in the family and with two other siblings, left her home on February 10 at around 4 pm and was arrested by the IRGC forces. On Thursday morning at around 4:30 am, Sepehr's lifeless body was found on the roof of their apartment building, having been shot in the head and showing signs of torture, bruises on her body, broken hands, and whiplash injuries. Her family had no idea how she was released from the IRGC's detention without notice. • It is worth mentioning that sources said: ""Previously, security agents had warned Sepehr about his activity in cyberspace and his presence in the security of the #Makki_Mosque and his support for the Friday protests in Zahedan, and had told him that he had no right to post about the protests anymore, but he had ignored these warnings.""",Yes,"A, D, C"
"ویدیوهای منتشرشده، عملیات نجات را در کشتی «مینرواگرات» با پرچم هلند در خلیج عدن نشان می‌دهد. این کشتی از سوی حوثی‌های مورد حمایت جمهوری اسلامی هدف موشک کروز قرار گرفته است و عملیات نجات در آن را  نیروهای اتحادیه اروپا بر عهده دارند.
شرکت مالک این کشتی اعلام کرده دو ملوان در این حمله مجروح شده‌اند.",The released videos show the rescue operation on the Dutch-flagged ship Minervagraat in the Gulf of Aden. The ship was targeted by a cruise missile by the Islamic Republic-backed Houthis and is being rescued by European Union forces. The company that owns the ship said two sailors were injured in the attack.,Yes,"A, B"
"🛑فوری
‏منبع نزدیک به خانواده ⁧ #زانیار_مرادی ⁩ و ⁧ #لقمان_مرادی ⁩ گفت مسئولان زندان تلفنی، آنها را برای ملاقات غیرمنتظره جمعه صبح به زندان رجایی‌شهر فراخوانده‌اند و خطر اعدام آنها هست.

@IranRights",🛑Urgent: A source close to the families of #ZaniarMoradi and #LoghmanMoradi said that prison officials have summoned them to Rajai Shahr Prison for an unexpected visit on Friday morning and that they are at risk of execution. @IranRights,Yes,C
"به یاد #محمد_مرادی و‌ همه ی ششصد نفری که چهار ماه گذشته کشته شدند امروز عکسهاشونو روی این پرچم چسبوندیم.

باشد که همگی‌شان جاودانه شوند.

[aboutnilll](https://twitter.com/aboutnilll/status/1621936327791886336)
@mamlekate","In memory of #Mohammad_Moradi and all the six hundred people who were killed in the past four months, today we have attached their photos to this flag. May they all be immortalized. [aboutnilll](https://twitter.com/aboutnilll/status/1621936327791886336) @mamlekate",Yes,A
"Verifierat
اولاد حسین اگر شمائید، حق با طرف یزید بادا

دلم از این می‌سوزد آدم‌هایی که تو را کشتند، دم از حسین می‌زنند!

خانم #بتول_حسینی، مادر زنده‌یاد #بهنام_محجوبی - از #درویشان_گنابادی که در زندان‌های جمهوری شیطانی بقتل رسید، بر آرامگاه فرزندش می‌گوید: بهنامم آتش گرفتم وقتی می‌بینیم آنهایی که تو را از من گرفتند، دم از حسین می‌زنند؛ خودشان را پیرو حسین می‌دانند!

خانم حسینی خطاب به سرکردگان جمهوری اسلامی که ادعای شیعه بودن و پیروی از حسین دارند، می‌افزاید: [اینها] چطور پیرو حسین هستند که هزار تا مادر مثل من - جگر گوشه‌هاشان را گرفتند و داغداراشان کردند.

بتول حسینی با اشاره به بازداشت مادران دادخواه می‌گوید: چطور پیرو حسین هستند، مادری که دادخواه فرزندش می‌شود را زندانی می‌کنند.

چطور پیرو حسین هستند که آدمها را به گلوله می‌بندند، دستگیر می‌کنند، شکنجه می‌دهند، اعتراف اجباری می‌گیرند و می‌کشند. چطور پیرو حسین‌اند که هر کسی مثل تو جلوی ظلم وایساد و از مظلوم حمایت کرد را می‌کشند.

این مادر داغدار با اشاره به سخنان جناب آقای دکترنورعلی تابنده مجذوبعلیشاه قطب سلسله نعمت اللهی گنابادی، می‌گوید: یاد فرمایش مولامان دکترنورعلی تابنده افتادم که فرمودند پشت سر علی نماز می‌خوانند، پلوی معاویه می‌خورند. حالا باید خودشان قضاوت کنند - پیرو حسینند یا پیرو یزید.

خواهر بهنام محجوبی نیز با کنایه به شارلاتان‌های رژیم اسلامی می‌نویسد: یادمه یکی از این مامورای وابسته که دستش به خون برادر شجاعم آغشته است، یه روز تو بیمارستان لقمان کیف پولشو جلوم باز کرد و گفت ببین این تربت امام حسینه، همیشه همراهمه. در مقابل این همه وقاحت نمی‌دونم چی بگم ولی باید یادآوری کنم تو برادر من رو به جرم دفاع از مظلوم شکنجه کردی و کشتی.

https://t.me/irannc به صفحه تلگرم ما بپیوندین
#زندانی_سیاسی #سفره_انقلاب #رفراندوم #اعتراضات_سراسری #نافرمانی_مدنی #اینترنت_ایران
#تجمع_اعتراضی #تأمین_اجتماعی #برجام
@irannc","Verifierat Children of Hussein, if you are right, be on the side of Yazid, my heart aches that the people who killed you are talking about Hussein! Mrs. #Batul_Hosseini, the surviving mother of #Behnam_Mahjoubi - one of the #Dervishan_of_Gonabadi who was murdered in the prisons of the evil republic, says at the tomb of her son: I caught fire in my name when we see those who took you from me talking about Hussein; they consider themselves followers of Hussein! Mrs. Hosseini, addressing the leaders of the Islamic Republic who claim to be Shiites and follow Hussein, adds: [They] are how they are followers of Hussein when they took a thousand mothers like me - their hearts and made them mourn. Referring to the arrest of the mothers of the plaintiffs, Batul Hosseini says: How are they followers of Hussein, they imprison a mother who becomes the plaintiff of her child. How are they followers of Hussein who shoot, arrest, torture, force confessions and kill people? How are they followers of Hussein who kill anyone like you who stood up to oppression and supported the oppressed? This grieving mother, referring to the words of Dr. Noor Ali Tabandeh, the beloved Ali Shah Qutb of the Nematollahi Gonabadi dynasty, says: I remembered the words of our master Dr. Noor Ali Tabandeh, who said that they pray behind Ali and eat Muawiyah's rice. Now they must judge for themselves - are they followers of Hussein or followers of Yazid? Sister Behnam Mahjoubi also writes with a sarcastic tone to the charlatans of the Islamic regime: I remember one of these attached agents, whose hands are stained with the blood of my brave brother, one day in Luqman Hospital, opened his wallet in front of me and said, ""Look, this tomb of Imam Hussein is always with me."" In the face of all this insolence, I don't know what to say, but I must remind you that you tortured and killed my brother for defending the oppressed. https://t.me/irannc Join our Telegram page #political_prisoner #revolution_table #referendum #global_protests #civil_disobedience #Iran_Internet #protest_gathering #social_security #JCPOA @irannc",Yes,"C, D"
"‏""سوگنامه‌ای برای بابک خرمدین""

سکانس اول:
خرمدین فیلم ""سوگنامه‌ای برای یاشار"" رو بر اساس زندگی خودش می‌سازه. فیلم داستان یه جوونه که برای تحصیل وارد لندن میشه. فیلم عمدتا ماجرای پریشانی و استیصال یاشار و دلتنگیش برای پدر و مادرشه.
سکانس دوم:
سال ۹۴ این فیلم اکران می‌شه. در مراسم ‏اکران فیلم ""سوگنامه‌ای برای یاشار"" ‎#بابک_خرمدین از پدرش دعوت می‌کنه روی سن بیاد و صحبت کوتاهی داشته باشه.
سکانس آخر:
پدر و مادر بابک اول بیهوشش می‌کنن، بعد با چاقو به قتلش می‌رسونن و بعد بدن مثله شده‌ش رو در سطل آشغال می‌ندازن. پدرش هم در ابتدای اعترافاتش میگه: ""پسرم مجرد بود"".

‏بهروز معاونیان در شب اکران: «تمام حس کاراکتر نسبت به پدر و مادرش و این‌که چطور شد رفت و چطور حس نزدیکی به همین پدر و مادر باعث شد، برگردد در فیلم پیدا بود و خوشحالم که امشب این پدر و مادر را از نزدیک می‌بینم.»
پایان.

[WhiteTrillium7
](https://twitter.com/WhiteTrillium7/status/1394175648801992706)@mamlekate","""An Obituary for Babak Khoramdin"" First scene: Khoramdin makes the film ""An Obituary for Yashar"" based on his own life. The film is the story of a young man who comes to London to study. The film is mainly about Yashar's distress and despair and his longing for his parents. Second scene: This film is released in 2015. At the screening of ""An Obituary for Yashar"", #Babak_Khorramdin invites his father to come to the stage and have a short talk. Last scene: Babak's parents first make him unconscious, then kill him with a knife, and then throw his mutilated body in the trash. His father also says at the beginning of his confession: ""My son was single."" Behrouz Moavianian on the night of the screening: ""The character's entire feelings for his parents, how he left and how his closeness to them made him come back, were evident in the film, and I'm happy to see these parents up close tonight."" End. [WhiteTrillium7 ](https://twitter.com/WhiteTrillium7/status/1394175648801992706)@mamlekate",Yes,A
"محمدحسین آقاسی (وکیل #محمدمهدی_کرمی):
پدر ومادر متهم ردیف اول پرونده قتل بسیجی کرجی خواستند که فرجام‌خواهی او را قبول کنم.
امروز صبح برای موافقت با امضای وکالتنامه به دادگاه صادرکننده حکم مراجعه کردم.
رئیس دفترکل دادگاه انقلاب اعلام داشت که رئیس دادگاه نمی‌پذیرد و اصرار پدر متهم نیز اثر نبخشید.
محاکمه و مجازات بدون وکیل متهم.
[Mhaghasi1

](https://twitter.com/Mhaghasi1/status/1601506312151785472)📡 @VahidOnline","Mohammad Hossein Aghasi (lawyer for #MohammadMehdi_Karami): The father and mother of the first defendant in the Basiji murder case in Karaji asked me to accept his appeal. This morning, I went to the court that issued the verdict to agree to sign the power of attorney. The head of the Revolutionary Court's general office announced that the head of the court would not accept it, and the insistence of the defendant's father was also ineffective. Trial and punishment without the defendant's lawyer. [Mhaghasi1 ](https://twitter.com/Mhaghasi1/status/1601506312151785472)📡 @VahidOnline",Yes,D
"♦️کمال پیشوند، معترض مجروح:
روز انتخابات در خانه بمانیم

•#کمال_پیشوند، معترضی که در جریان خیزش انقلابی یک چشمش آسیب دیده، با انتشار ویدیویی گفت: «برای من که به خیابان رفتم و چشمم را از دست دادم، روز انتخابات در خانه بمانید. من رای نمی‌دهم.»

•پیشوند، شهروند اهل مهاباد، روز ۲۰ مهرماه ۱۴۰۱ با شلیک ماموران چشم چپ خود را از دست داد
#بایکوت_انتخابات
#رای_بی_رای","♦️Kamal Pishvand, injured protester: Let's stay home on election day •#Kamal_Pishvand, a protester who had one eye damaged during the revolutionary uprising, released a video saying: ""For me, who went to the street and lost my eye, stay home on election day. I will not vote."" •Pishvand, a citizen of Mahabad, lost his left eye when officers shot him on October 10, 1402 #Boycott_Elections #Vote_Without_A_Vote",Yes,A
"🔻انسیه خزعلی، معاون ابراهیم رئیسی در امور زنان و خانواده در توییتی اقدام شلیر رسولی، زن مریوانی که برای جلوگیری از تجاوز خود را از ساختمان به پایین پرت کرد و جان باخت را تشویق کرد و ناشی از «پاکدامنی و زنانگی» خواند.

او اشاره‌ای به ناامنی‌ برای زنان و اعتراض زنان در مریوان نکرد.
[IranIntl](https://twitter.com/IranIntl/status/1568513150848204801)

▫️‏تو جمهوری اسلامی اگه خواستن بهتون تجاوز کنن، فقط باید خودکشی کنین تا ازتون حمایت بشه؛ چون اگه مقاومت کنین یا بعدش شکایت، دادگاه و قانون نه تنها حمایتتون نمی‌کنه، بلکه تحقیرتونم می‌کنه.

[Mo__Hoss](https://twitter.com/Mo__Hoss/status/1568516387575832578?t=vC2P1zEADxlfBrNCK1gPZA&s=19)
@mamlekate","🔻Ansiyeh Khazali, Ebrahim Raisi's deputy for women and family affairs, encouraged the action of Shalir Rasuli, a Marivan woman who threw herself off a building to avoid rape and died, in a tweet, calling it a result of ""chastity and femininity."" She did not mention the insecurity for women and the women's protest in Marivan. [IranIntl](https://twitter.com/IranIntl/status/1568513150848204801) ▫️In the Islamic Republic, if they want to rape you, you just have to commit suicide so that you will be supported; because if you resist or later file a complaint, the court and the law will not only not support you, but also humiliate you. [Mo__Hoss](https://twitter.com/Mo__Hoss/status/1568516387575832578?t=vC2P1zEADxlfBrNCK1gPZA&amp;s=19) @mamlekate",Yes,"A, C"
"ورود علنی آمریکا به پرونده قتل امید سرلک توسط سپاه

چشم‌انداز با مهدی مهدوی‌آزاد

نسخه کامل این برنامه را در یوتیوب ایران‌اینترنشنال تماشا کنید:
https://youtu.be/ogLox7S4cVU
@iranintltv",America's public involvement in the murder of Omid Sarlak by the Revolutionary Guards with Mehdi Mahdavi Azad Watch the full version of this program on Iran International's YouTube: https://youtu.be/ogLox7S4cVU @iranintltv,Yes,A
"🎥 ویدیویی از مسابقه بوکس «محمدحسین پرنون»، نوجوان ۱۶ساله‌ای که شامگاه هجدهم دی ۱۴۰۴ در خرم‌آباد با گلوله سرکوب‌گران جمهوری اسلامی کشته شد به‌دست ایران‌وایر رسیده است. این کودک کشته شده، همزمان با تحصیل، کارگری هم می‌کرد. او کلاس دهم بود و شاگردی گچ‌کاری و سنگ‌کاری ساختمان می‌کرد. یک منبع مطلع به ایران‌وایر گفته که  او «نوجوانی با غرور و باغیرت بود. بچه کاری و سر‌به‌زیری بود. واقعا حیف بود که بمیرد. واقعا حیف بود.»

@Farsi_Iranwire","🎥 IranWire has obtained a video of the boxing match of “Mohammad Hossein Parnon,” a 16-year-old teenager who was shot dead by Islamic Republic suppressors in Khorramabad on the evening of January 18, 1404. The child who was killed was also a laborer while studying. He was in the tenth grade and was an apprentice plasterer and stonemason. An informed source told IranWire that he was “a proud and courageous teenager. He was a hard worker and humble. It was really a shame that he died. It was really a shame.” @Farsi_Iranwire",Yes,A
"🎥 بازاریان مریوان به اعتصاب عمومی پیوستند

نمایی دیگر از اعتصاب عمومی صبح امروز بازاریان و کسبه و مردم مریوان در محکومی کشته شدن #مهسا_امینی، توسط گشت ارشاد. در این فیلم مغازه‌های مسیر اصلی بازار مریوان از میدان مرکزی شبرنگ به سمت بازار مرکزی و مجتمع‌های تجاری و پاساژ‌های اطراف بازار به کلی بسته شده و مردم معترض نیز به خیابان آمده‌اند.

#اخبار_ایران #اعتصابات_سراسری

@Farsi_Iranwire","🎥 Marivan marketers join general strike Another view of this morning's general strike by marketers, merchants, and people of Marivan in condemnation of the killing of #Mahsa_Amini by Ershad patrol. In this video, the shops on the main route of Marivan market from the central square of Shabrang to the central market and the commercial complexes and arcades around the market are completely closed, and protesting people have also taken to the streets. #Iran_News #National_Strikes @Farsi_Iranwire",Yes,A
"**۵۳ درصد تصادفات مربوط به خطای انسانی**

 **علیرضا رئیسی معاون بهداشت وزارت بهداشت:**
🔹 یک برنامه ۳ ساله برای کاهش تصادفات و سوانح ترافیکی تدوین شده است.
🔹 در حال حاضر ۲۰ هزار مرگ در سال گزارش شده که می‌توان ۱۰ هزار فوتی را کاهش داد.
🔹در تصادفات  رانندگی ۵۳ درصد مربوط به خطای انسانی و فرهنگ رانندگی و بقیه مربوط به خودرو و جاده است.
✅ @Khabar_Fouri","**53 percent of accidents are related to human error** **Alireza Raisi, Deputy Minister of Health of the Ministry of Health:** 🔹 A 3-year plan has been developed to reduce traffic accidents and incidents. 🔹 Currently, 20,000 deaths are reported per year, which can be reduced by 10,000. 🔹 In traffic accidents, 53 percent are related to human error and driving culture, and the rest are related to vehicles and roads. ✅ @Khabar_Fouri",Yes,A
"🎥 وکیل سامان یاسین رپر معترض بازداشت شده در جریان جنبش زن، زندگی، آزادی خبر داده است که بر اساس حکم صادر شده توسط شعبه ۱۵ دادگاه انقلاب اسلامی تهران موکلش به پنج سال تبعید به یکی از شهرهای استان کرمان محکوم شده است.

 این حکم روز یکشنبه دوم اردیبهشت ١٤٠٣ به صورت حضوری به وکیل مدافع سامان یاسین ابلاغ شده است.

نیروهای امنیتی ۱۰ مهرماه ۱۴۰۱ سامان یاسین یکی از شهروندان باورمند به آیین یارسان و اهل کرمانشاه را با خشونت در خانه‌اش در تهران بازداشت کردند.

شعبه ۱۵ دادگاه انقلاب تهران به ریاست قاضی صلواتی، آبان‌ ۱۴۰۱ سامان یاسین را به «اتهام محاربه» به اعدام محکوم کرده بود اما با تلاش وکلا و اعتراض آن‌ها به این حکم دیوان عالی کشور آن را نقض کرد.

#اطلاع_رسانی #اخبار_ایران

@Farsi_Iranwire","🎥 The lawyer of Saman Yasin, a rapper protester arrested during the Women, Life, Freedom movement, has announced that based on a verdict issued by Branch 15 of the Islamic Revolutionary Court of Tehran, his client has been sentenced to five years of exile in one of the cities of Kerman province. The verdict was delivered in person to Saman Yasin's defense lawyer on Sunday, May 2, 1403. On October 1, 1402, security forces violently arrested Saman Yasin, a citizen of the Yarsan religion and a resident of Kermanshah, in his home in Tehran. Branch 15 of the Tehran Revolutionary Court, headed by Judge Salavati, had sentenced Saman Yasin to death in November 1402 on the ""charge of war against the enemy,"" but the Supreme Court overturned the verdict due to the efforts of lawyers and their protests. #Information_Media #Iran_News @Farsi_Iranwire",Yes,D
"تصاویری از اعتراضات گسترده در شهر کامیاران

نیروهای سرکوبگر با معترضان درگیر و به سمت معترضان اقدام به تیراندازی کردند.

سه‌شنبه بیست و چهارم آبان‌ماه

#مهسا_امینی

[kurdpa_farsi](https://twitter.com/kurdpa_farsi/status/1592558115819749376)
@mamlekate","Images from the widespread protests in the city of Kamyaran. Repressive forces clashed with protesters and opened fire on them. Tuesday, November 14 #Mahsa_Amini [kurdpa_farsi](https://twitter.com/kurdpa_farsi/status/1592558115819749376) @mamlekate",Yes,A
"حامد بصیری، ۳۵ ساله و فنی‌کار  ۱۹ دی‌ماه در فردیس کرج به دست نیروهای سرکوبگر جمهوری اسلامی کشته شد.
او فنی‌کار بود و در حوزه تعمیرات یخچال و لوازم خانگی فعالیت می‌کرد. حامد بصیری یک دختر ۶ ساله از خود به‌جا گذاشته است.
https://iranintl.com/202601308914","Hamed Basiri, 35, a technician, was killed on January 9 in Fardis, Karaj, by the repressive forces of the Islamic Republic. He was a technician and worked in the field of refrigerator and home appliance repairs. Hamed Basiri is survived by a 6-year-old daughter. https://iranintl.com/202601308914",Yes,A
"لحظه انتقال پیکر حسین محمدی کولبر اهل بخش ربط به بیمارستان سردشت.
[HengawO
](https://twitter.com/HengawO/status/1624410104006164480)بر اساس گزارش رسانه‌های حقوق بشری کرد، روز جمعه ۲۱ بهمن، یک کولبر به نام حسین محمدی بر اثر شلیک نیروهای سپاه پاسداران انقلاب اسلامی کشته شد.
بر اساس گزارش‌ها، نیروهای سپاه بدون اخطار قبلی این کولبر را در مرز «نوکان» سردشت هدف شلیک مستقیم قرار داده‌اند.
حسین محمدی ٥٠ ساله، متاهل و دارای دو فرزند است و پیکر او شب گذشته به بیمارستان سردشت منتقل شده است.
[iranwire

](https://iranwire.com/fa/news-1/113688-%DA%A9%D8%B4%D8%AA%D9%87-%D8%B4%D8%AF%D9%86-%DB%8C%DA%A9-%DA%A9%D9%88%D9%84%D8%A8%D8%B1-%D8%A7%D9%87%D9%84-%D8%B3%D8%B1%D8%AF%D8%B4%D8%AA-%D8%A8%D8%A7-%D8%B4%D9%84%DB%8C%DA%A9-%D9%86%DB%8C%D8%B1%D9%88%D9%87%D8%A7%DB%8C-%D8%B3%D9%BE%D8%A7%D9%87-%D9%BE%D8%A7%D8%B3%D8%AF%D8%A7%D8%B1%D8%A7%D9%86/)📡 @VahidOnline","The moment the body of Hossein Mohammadi, a kolbar from Rabat district, was transferred to Sardasht Hospital. [HengawO ](https://twitter.com/HengawO/status/1624410104006164480)According to a report by Kurdish human rights media, on Friday, February 11, a kolbar named Hossein Mohammadi was killed by fire from the Islamic Revolutionary Guard Corps (IRGC). According to reports, the IRGC targeted the kolbar with direct fire at the Nokan border in Sardasht without prior warning. Hossein Mohammadi, 50, is married and has two children, and his body was transferred to Sardasht Hospital last night. @VahidOnline",Yes,A
"در دو ماه گذشته مردم مهاباد بارها اینگونه روز را شروع کرده‌اند:
ساعت ۹صبح بدرقه شهید دیروز، ساعت ۱۰شروع اعتراضات، در طول روز گاهی تا سه بار اینگونه کشته‌هایشان را بدرقه کرده‌اند.
و دوباره فردا، ۹صبح بدرقه شهید دیروز، ساعت ۱۰ بازگشت به خیابان.
 #کمال_احمدپور

[Faruqsamanii](https://twitter.com/Faruqsamanii/status/1593877575251763201)
@mamlekate","In the past two months, the people of Mahabad have started their day like this many times: at 9 am, they saw off yesterday's martyr, at 10 am, the protests began, sometimes up to three times during the day, they have seen off their dead like this. And again tomorrow, at 9 am, they saw off yesterday's martyr, at 10 am, they return to the streets. #Kamal_Ahmadpour [Faruqsamanii](https://twitter.com/Faruqsamanii/status/1593877575251763201) @mamlekate",Yes,A
"گزارش‌ها از زندان اوین حاکی از وقوع تنش شدید میان زندانیان و ماموران زندان در پی تلاش برای اجرای حکم اعدام یک زندانی سیاسی است.

حساب کاربری ایکس مهدی محمودیان، زندانی سیاسی در اوین، نوشت که روز سه‌شنبه ماموران این زندان قصد انتقال احسان افراشته، زندانی سیاسی محکوم به اعدام، را برای اجرای حکم داشتند که با مقاومت زندانیان سالن ۱۲ بند ۷ روبه‌رو شدند. به نوشته این حساب، زندانیان با بستن درهای بند مانع انتقال او شدند و فضای زندان «به‌شدت متشنج» گزارش شده است.

کانال خبری «تحکیم ملت» نیز گزارش داد که در واکنش به این اقدام، زندانیان سایر سالن‌ها با سردادن شعارهایی علیه اجرای حکم اعدام، به درهای بندهای خود فشار آورده‌اند.

این گزارش‌ها در حالی منتشر می‌شود که در حال حاضر علاوه بر زندانیان جرائم عمومی که روزانه در زندان‌های ایران به دار آویخته می‌شوند، حدود ۷۰ زندانی در زندان‌های سراسر کشور با اتهامات سیاسی در خطر تایید یا اجرای حکم اعدام و بیش از ۱۰۰ تن نیز با اتهامات مشابه در خطر صدور حکم مرگ قرار دارند.
https://iranintl.com/202510077539","Reports from Evin Prison indicate that there is intense tension between prisoners and prison guards following an attempt to execute a political prisoner. The X account of Mehdi Mahmoudian, a political prisoner in Evin, wrote that on Tuesday, prison guards were planning to transfer Ehsan Afrashte, a political prisoner sentenced to death, to carry out the sentence, but were met with resistance from prisoners in Ward 12, Section 7. According to the account, the prisoners blocked his transfer by closing the doors of the ward, and the prison atmosphere was reported to be “extremely tense.” The news channel “Tahkim Mellat” also reported that in response to this action, prisoners in other halls have been pushing against the doors of their wards, chanting slogans against the execution of the death sentence. These reports are being published at a time when, in addition to prisoners for general crimes who are hanged daily in Iranian prisons, about 70 prisoners in prisons across the country are currently at risk of confirmation or execution of the death sentence on political charges, and more than 100 people are at risk of being sentenced to death on similar charges. https://iranintl.com/202510077539",Yes,"C, D"
"(⚠️تصاویر ناراحت‌کننده)
خبرگزاری‌ها در ایران گزارش می‌دهند که ۳۵ نفر در اثر ازدحام جمعیت در #کرمان در جریان مراسم تشییع جنازه #قاسم_سلیمانی جان خود را از دست داده‌اند. باشگاه خبرنگاران جوان تعداد کشته‌ها در این مراسم را ۳۵ نفر و تعداد مصدومان را ۴۸ نفر اعلام کرد.

خبرگزاری ایسنا به نقل از رئیس اورژانس ایران خبر مصدومیت و فوت تعدادی از شرکت‌کنندگان در مراسم تشییع جنازه قاسم سلیمانی در کرمان را تایید کرده، اما هنوز آماری از این افراد نداده است.
[RadioFarda_](https://www.radiofarda.com/a/qasem-solimani-killed-baghdad-iraq/30358156.html?lbis=188250) _ [xmangamma
](https://twitter.com/xmangamma/status/1214476396870819840)#ازدحام #ازدحام_جمعیت
📡 @VahidOnline","(⚠️Sad images) News agencies in Iran are reporting that 35 people have died in a stampede in #Kerman during the funeral of #Qasem_Soleimani. The Young Journalists Club put the death toll at 35 and the number of injured at 48. ISNA news agency, citing the head of Iran's emergency services, confirmed the injuries and deaths of a number of participants in the funeral of Qasem Soleimani in Kerman, but has not yet provided a figure for these people. [RadioFarda_](https://www.radiofarda.com/a/qasem-solimani-killed-baghdad-iraq/30358156.html?lbis=188250) _ [xmangamma ](https://twitter.com/xmangamma/status/1214476396870819840)#Crash #Crash 📡 @VahidOnline",Yes,A
"بر اساس [گزارش اختصاصی روزنامه شرق](https://www.sharghdaily.com/%D8%A8%D8%AE%D8%B4-%D8%AC%D8%A7%D9%85%D8%B9%D9%87-220/968200-%D8%B4%D8%B1%D9%82-%D8%B3%D9%88%D9%85%DB%8C%D9%86-%D8%B1%D9%88%D8%A7%DB%8C%D8%AA-%D8%A7%D8%B2-%D8%A2%D8%B2%D8%A7%D8%B1-%D8%AC%D9%86%D8%B3%DB%8C-%D8%AF%D8%B1-%D8%A2%D9%85%D8%A8%D9%88%D9%84%D8%A7%D9%86%D8%B3-%D8%B1%D8%A7-%D9%85%D9%86%D8%AA%D8%B4%D8%B1-%D9%85%DB%8C-%DA%A9%D9%86%D8%AF) از سومین مورد آزار جنسی به بیماران اورژانس در آمبولانس، یک زن ۳۳ ساله شهریور ۱۴۰۱ هدف تجاوز جنسی مامور آمبولانسی قرار گرفته که در حال انتقال او به بیمارستان بوده است. بر اساس این گزارش، این قربانی و خواهرش در سالگرد این اتفاق جان سپرده‌اند.

پدر این زن به شرق گفته است دخترش به دلیل فشار روانی ناشی از تجاوز جنسی، در سالگرد این اتفاق سکته کرد و درگذشت و دختر دیگرش که ۳۷ سال سن داشت هم نیم‌ساعت پس از فوت خواهرش، به زندگی خودش پایان داد.

بر اساس روایت پدر داغدیده برای روزنامه شرق که اسناد قانونی آن را هم دیده است، شهریور ۱۴۰۱ دختر او بدحال می‌شود و وقتی اورژانس ۱۱۵ کرج می‌‌آید، ماموران اورژانس اجازه نمی‌دهند خواهرش در آمبولانس همراه بیمار شود.

بر اساس این روایت، در اتومبیل اورژانس، تکنیسین به این دختر بیمار آمپول بی‌هوشی زده و پس از لمس بدنش او را در همان حال روی پا نگه می‌دارد اما **پس از اطلاع از عادت ماهانه‌اش، به صورت دهانی به او تجاوز کرده است.**

بر اساس روایت پدرش، اگرچه راننده آمبولانس به دخترش تعرض نکرده اما با او همدستی کرده است و دخترش شهادت داده که هرچند تحت تاثیر داروی بی‌هوشی بوده اما صدای مکالمه دو نفر را د رجریان تجاوز می‌شنید.

راننده آمبولانس همچنین عامدانه و با دور زدن در شهر، فاصله را طولانی‌تر کرده تا همکارش بتواند به این زن بیمار تعرض کند.

بر اساس این گزارش، آمبولانس فاصله‌‌ ۱۰ دقیقه‌ای خانه این زن تا بیمارستان را یک ساعت و ۲۰ دقیقه طول داده است و برای همین تاخیر، چندین بار از بیمارستان و اورژانس با آن تماس می‌گیرند.

بر اساس گزارش شرق، مقامات از آن‌ها خواسته‌اند موضوع را رسانه‌ای نکنند تا آن‌ها متجاوزین را مجازات کنند. مجازاتی که با وجود شواهد تجاوز و گزارش پزشک قانونی در نهایت به ۹۹ ضربه شلاق برای تکنسین و ۳۰ ضربه شلاق برای راننده و دو سال ممنوعیت از کار ختم شد و پس از شلاق هم از بازداشت آزاد شده‌اند.

به گفته این پدر داغدار، او برای پیگیری دادخواهی دخترش تلاش زیادی کرده است و از امام جمعه کرج و فردیس تا نماینده مجلس و مسئولان دانشگاه علوم پزشکی را دیده است، اما نتیجه‌ای نگرفته است.
@[VahidOOnLine](https://t.me/VahidOOnLine/146901)

📡 @VahidOnline"," In the third case of sexual harassment of emergency patients in an ambulance, a 33-year-old woman was sexually assaulted by an ambulance officer who was transporting her to the hospital. According to the report, the victim and her sister died on the anniversary of the incident. The woman's father told Shargh that his daughter had a stroke and died on the anniversary of the incident due to psychological stress from the rape, and his other daughter, who was 37 years old, ended her own life half an hour after her sister's death. According to the grieving father's account to Shargh, which he has also seen the legal documents, in September 2012, his daughter became seriously ill and when Karaj's 115 emergency service arrived, the emergency personnel would not allow his sister to accompany the patient in the ambulance. According to this account, in the ambulance, the technician injected the sick girl with an anesthetic and, after touching her body, held her upright, but **after learning that she was menstruating, he orally raped her.** According to her father, although the ambulance driver did not rape his daughter, he did complicity with her, and her daughter testified that although she was under the influence of the anesthetic, she could hear the two people talking during the rape. The ambulance driver also deliberately extended the distance by detouring around the city so that his colleague could rape the sick woman. According to this report, the ambulance took an hour and 20 minutes to travel from the woman's house to the hospital, and was called several times by the hospital and the emergency room because of this delay. According to the Shargh report, authorities have asked them not to report the matter to the media so that they can punish the rapists. A punishment that, despite evidence of rape and a forensic doctor's report, ultimately ended in 99 lashes for the technician and 30 lashes for the driver, and a two-year ban from work. They were released from detention after the lashes. According to this grieving father, he has made great efforts to pursue his daughter's legal claim and has met with everyone from the Friday prayer imam of Karaj and Fardis to members of parliament and officials from the University of Medical Sciences, but has not achieved any results. @[VahidOOnLine](https://t.me/VahidOOnLine/146901) 📡 @VahidOnline",Yes,"A, C"
"🔻 **محمد نوری زاد: سرداران سپاه روزانه تریلی تریلی مواد مخدر وارد کشور و ترانزیت می کنند
**
محمد نوری زاد، پنجشنبه ۲۹ آذر ۱۴۰۳ طی تماس تلفنی از زندان با همسرش اعلام کرد: هنگام بازدید یک گروه بازرسی نمایشی از زندان اوین، وی شرایط بد و استثمار زندانیان را فریاد زده است.

وی گفته: علت وفور و مصرف علنی مواد مخدر در زندان این است که رئیس زندان و نوچه‌هایش، درآمدشان از ورود و توزیع مواد در زندان است.

وی در ادامه گفته: وارد کننده اصلی مواد مخدر به کشور سرداران سپاه هستند که روزانه تریلی تریلی مواد وارد کشور می کنند که بخشی را در داخل توزیع و بخش عمده را تزانزیت می‌کنند و از این راه درآمد کلان دارند.

از طرفی وقتی خامنه ای رهبر خودخوانده، خود همیشه پای بساط منقل است، به چه حقی دیگران را به همین جرم دستگیر می‌کنید؟

بعد از رفتن هیات بازرسی، وی را سه روز با پابند و دستبند به انفرادی انداخته‌اند. او در اعتراض، [اعتصاب غذا](https://t.me/mamlekate/92399) کرده است.

محمد نوری زاد، از سال ۸۸ با مشاهده انبوه جنایات حکومت، از باتلاق ولائیون در آمد و به جبهه مردمی پیوست و بخاطر اعتراض و افشاگری شجاعانه، از سال ۹۸، توسط حکومت دیکتاتوری به بند کشیده شده است.

🔺 t.me/mamlekate/92399","🔻 **Mohammad Nourizad: IRGC commanders import and transit drug trucks into the country every day ** Mohammad Nourizad announced on Thursday, December 19, 2024, during a phone call from prison to his wife: When a demonstration inspection team visited Evin Prison, he shouted about the poor conditions and exploitation of prisoners. He said: The reason for the abundance and open use of drugs in the prison is that the prison chief and his henchmen earn their income from the import and distribution of drugs in the prison. He continued: The main importers of drugs into the country are IRGC commanders who import drug trucks into the country every day, distribute some of them inside and transit the majority, and earn a large income from this. On the other hand, when Khamenei, the self-proclaimed leader, is always at the receiving end, what right do you have to arrest others for the same crime? After the inspection team left, they put him in solitary confinement for three days in handcuffs and handcuffs. He has gone on a [food strike](https://t.me/mamlekate/92399) in protest. Mohammad Nourizad, after witnessing the government's numerous crimes, emerged from the swamp of the Walaiyun and joined the Popular Front in 2009, and has been imprisoned by the dictatorial government since 2019 due to his courageous protest and exposure. 🔺 t.me/mamlekate/92399",Yes,D
"تجمع جوانان بلوار کشاورز روبروی پارک فرح (لاله)
نیروهای ضد شورش حمله کردن. خانومها اکثرا بدون روسری در حال اعتراض و راهپیمایی هستند. فردی بسیجی که به سمت خانمی بدون حجاب حمله ور شد کتک مفصلی خورده و توسط پلیس راهنمایی و رانندگی از مهلکه فرار کرد. موتور این شخص

[Mirzaie](https://twitter.com/Mirzaie/status/1571861468932456449)
@mamlekate",The youth gathering on Keshavarz Boulevard in front of Farah (Laleh) Park was attacked by riot police. Most of the women are protesting and marching without headscarves. A Basij member who attacked a woman without a headscarf was severely beaten and fled the scene by the traffic police. This person's motorcycle [Mirzaie](https://twitter.com/Mirzaie/status/1571861468932456449) @mamlekate,Yes,A
"ویدیوهای رسیده نشان می‌دهد گروهی از اعضای خانواده زندانیان سیاسی محکوم به اعدام، روز سه‌شنبه دوم اردیبهشت‌ماه، مقابل زندان اوین در تهران تجمع کردند.

حاضران در این تجمع با در دست داشتن عکس‌هایی از زندانیان سیاسی و پلاکاردهایی با شعارهایی چون «نه به اعدام»، «لغو حکم اعدام» و «نه به احکام ظالمانه اعدام» خواستار توقف فوری این احکام شدند.

خانواده برخی از این زندانیان با اشاره به قطع تماس‌های تلفنی و مسدود شدن کارت‌های بانکی آنان در زندان اوین، هشدار دادند که محکومان به اعدام تحت فشار برای انتقال به زندان قزلحصار هستند.

این تجمع در ادامه کارزار «سه‌شنبه‌های نه به اعدام» برگزار شد؛ کارزاری که اکنون وارد شصت‌وپنجمین هفته خود شده و زندانیان عضو آن در بیش از ۴۰ زندان کشور در اعتصاب غذا به‌سر می‌برند.

#نه_به_اعدام #زندان_اوین #اعدام_را_متوقف_کنید #سه‌شنبه‌های_نه_به_اعدام #زندان_سیاسی #حقوق_بشر #ایران #هم‌_آوا","Videos show that a group of family members of political prisoners sentenced to death gathered in front of Evin Prison in Tehran on Tuesday, May 25. Those present at the gathering, holding photos of political prisoners and placards with slogans such as “No to executions,” “Cancel death sentences,” and “No to cruel death sentences,” demanded an immediate halt to these sentences. Referring to the disconnection of phone calls and the blocking of their bank cards in Evin Prison, the families of some of these prisoners warned that those sentenced to death are under pressure to be transferred to Qezl-e-Hesar Prison. The gathering was held in continuation of the “No to Execution Tuesdays” campaign, which is now in its 65th week and inmates are on hunger strike in more than 40 prisons across the country. #No_to_the_death #Evin_Prison #Stop_the_death #No_to_the_death_Tuesdays #Political_Prison #Human_Rights #Iran #Same_Voice",Yes,"C, D"
"❓**ادعای نادرست ورود نیروهای مسلح کومله به کردستان پس از کشته‌شدن مهسا امینی

**🔹ویدیویی در شبکه‌های اجتماعی (واتس‌اپ، توییتر و تلگرام) منتشر شده‌است که مدعیست «پس از اعتراضات به کشته شدن مهسا امینی، در یکی از شهرهای سنندج نیروهای مسلح حزب کومله کردستان وارد شده‌اند.»

🔹افراد مشاهده‌شده در این ویدیو، کومله نیستند بلکه پیشمرگه‌های حزب دموکرات کردستان ایران (حدکا) هستند.

🔹این ویدیو مربوط به کردستان نیست و این افراد در خیابان امیرآباد در جنوب غربی شهر اشنویه تیراندازی هوایی می‌کنند.

🔹زمان ویدیو هم متعلق به وقایع اخیر نیست. واضح است که این تصاویر در فصل سرد سال که هنوز برف کوه‌ها آب‌نشده گرفته شده و براساس ادعای گروه‌های کرد و همین‌طور خبری که بولتن نیوز منتشر کرده، احتمالا زمان آن ۲ فروردین ۱۴۰۰ یعنی حدود ۱۸ماه قبل از کشته شدن مهسا امینی است.

🔹بنابراین فکت‌نامه به «ویدیو ورود کومله به ایران پس از اعتراضات به کشته شدن مهسا امینی در کردستان» نشان **نادرست** می‌دهد.

[👈 در فکت‌نامه بخوانید

](https://factnameh.com/fa/fact-checks/2022-09-21-iran-mahsa-amini-peshmerga-kordestan-komalah-cpi-oshnavieh)[👈 در تلگرام بخوانید

](https://telegra.ph/factnameh-fact-checks-iran-mahsa-amini-peshmerga-kordestan-komalah-cpi-oshnavieh-2022-09-21)✅ @Factnameh","❓**False claim that Komala armed forces entered Kurdistan after the killing of Mahsa Amini**🔹A video has been published on social networks (WhatsApp, Twitter, and Telegram) claiming that “after the protests over the killing of Mahsa Amini, armed forces of the Komala party of Kurdistan have entered one of the cities of Sanandaj.” 🔹The people seen in this video are not Komala, but rather Peshmerga of the Kurdistan Democratic Party of Iran (Hedka). 🔹This video is not about Kurdistan and these people are shooting in the air on Amirabad Street in the southwest of the city of Oshnavieh. 🔹The time of the video is also not related to recent events. It is clear that these images were taken in the cold season of the year when the snow on the mountains had not yet melted, and according to the claims of Kurdish groups and the news published by Bulletin News, the time is probably 2 Farvardin 1402, about 18 months before the killing of Mahsa Amini. 🔹Therefore, Factnameh marks the “video of Komala entering Iran after protests over the killing of Mahsa Amini in Kurdistan” as **incorrect**. [👈 Read on Factnameh ](https://factnameh.com/fa/fact-checks/2022-09-21-iran-mahsa-amini-peshmerga-kordestan-komalah-cpi-oshnavieh)[👈 Read on Telegram ](https://telegra.ph/factnameh-fact-checks-iran-mahsa-amini-peshmerga-kordestan-komalah-cpi-oshnavieh-2022-09-21)✅ @Factnameh",Yes,A
"[‌](https://video.twimg.com/ext_tw_video/1566511157824966657/pu/vid/540x540/t-K2z6EYLIADJ86c.mp4?tag=12)مادر [#بهنام_موسیوند](https://twitter.com/hashtag/بهنام_موسیوند)، فعال مدنی در حبس، در ویدئویی که به دست هرانا رسیده است، با اشاره به وضعیت نامناسب جسمانی فرزندش، از سازمان های حقوق بشری طلب استمداد کرده است. 

بهنام موسیوند، علیرغم وخامت حال از رسیدگی پزشکی محروم مانده و در سلول [#انفرادی](https://twitter.com/hashtag/انفرادی) [#زندان_رجایی_شهر_کرج](https://twitter.com/hashtag/زندان_رجایی_شهر_کرج) بسر میبرد.
[hra_news](https://twitter.com/hra_news/status/1566511249504051202)

🤖 @VahidHeadLine
‏📹","[‌](https://video.twimg.com/ext_tw_video/1566511157824966657/pu/vid/540x540/t-K2z6EYLIADJ86c.mp4?tag=12)The mother of [#Behnam_Mosivand](https://twitter.com/hashtag/Behnam_Mosivand), a civil rights activist in prison, has sought help from human rights organizations in a video obtained by HRANA, referring to her son's poor physical condition. Despite his serious condition, Behnam Moosivand has been denied medical attention and is being held in a [#solitary](https://twitter.com/hashtag/Solitary) cell in [#Rajaei_Prison_in_Karaj](https://twitter.com/hashtag/Rajaei_Prison_in_Karaj). [hra_news](https://twitter.com/hra_news/status/1566511249504051202) 🤖 @VahidHeadLine ‏📹",Yes,D
"📷تیم ایران‌وایر اقدام به جمع‌آوری بانک اطلاعاتی اسامی کشته و بازداشت‌شدگان اعتراضات پاییز ۹۸ کرده است.از لجظه انتشار این فراخوان تصاویر و اسامی بسیار زیادی به همت شما همراهان گرامی به دست ما رسیده است. این آلبوم تصویری تعدادی از تصاویر دریافتی را در خود دارد  و در طول روزهای آینده به روز رسانی خواهد شد.
با ما از این طریق این راه‌ها در تماس باشید:
ایمیل به info@iranwire.com
ارسال به تلگرام به آدرس @shomairanwire
پیام به فیسبوک iranwire.com ایران وایر
و دایرکت همه شبکه های اجتماعی ایران وایر

تصاویر بیشتر در سایت ایران وایر👇
https://iranwire.com/fa/pictorian/34364
@Farsi_Iranwire","📷The IranWire team has started collecting a database of the names of those killed and arrested during the autumn 2019 protests. Thanks to the efforts of you, our dear friends, we have received many pictures and names. This photo album contains a number of the received pictures and will be updated in the coming days. Contact us in the following ways: Email to info@iranwire.com Send to Telegram at @shomairanwire Message to Facebook iranwire.com IranWire and Direct All IranWire social networks More pictures on the IranWire website 👇 https://iranwire.com/fa/pictorian/34364 @Farsi_Iranwire",Yes,A
"🔻 [**دختر فرمانده کشته‌شده سپاه: ردیابی‌های دقیق اسرائیل فراتر از واتس‌اپ یا جاسوسی سنتی است**](https://telegra.ph/دختر-فرمانده-کشته‌شده-سپاه-ردیابی‌های-دقیق-اسرائیل-فراتر-از-واتس‌اپ-یا-جاسوسی-سنتی-است-07-04)

مهدیه شادمانی، دختر علی شادمانی، فرمانده قرارگاه مرکزی خاتم‌الانبیا که در حملات اسرائیل کشته شد، در واکنش به سخنان رییس سازمان پدافند غیرعامل، نوشت که پدرش تلفن همراه و وسایل هوشمند نداشته و ردیابی‌های اسرائیل فراتر از واتس‌اپ یا جاسوسی سنتی و فردی است.

@mamlekate","🔻 [**Daughter of slain IRGC commander: Israel's precise tracking goes beyond WhatsApp or traditional espionage**](https://telegra.ph/daughter-of-slain-IRGC-commander-trayabihi-daqiqi-israel-farat-az-watsap-ya-jasosi-santi-est-07-04) Mahdieh Shadmani, daughter of Ali Shadmani, commander of the Khatam al-Anbiya central headquarters who was killed in Israeli attacks, wrote in response to the head of the Passive Defense Organization that her father did not have a cell phone or smart devices and that Israel's tracking goes beyond WhatsApp or traditional and individual espionage. @mamlekate",Yes,A
"انتشار عکس‌های مراسم اعدام #مجیدرضا_رهنورد در ملاء عام
همه اینها که صورت پوشانده است سرکوبگران نظام هستن

خبرگزاری میزان وابسته به قوه قضائیه جمهوری اسلامی تصاویری از مراسم اعدام مجیدرضا رهنورد در یکی از خیابان های مشهد را منتشر کرده است.

در این تصاویر دیده می شود که مراسم در میان ماموران پرتعدادی که صورت های خود را پوشانده اند و محوطه ای که با بلوک های سیمانی مسدود شده، انجام گرفته است.

اعدام  رهنورد ۲۳ روز پس از دستگیری او در حالی صورت گرفته که ساعاتی پیش از اجرای این حکم شهروندان معترض در مشهد به اجرای حکم محسن شکاری که چهار روز پیش در تهران اعدام شد اعتراض می کردند.

دوشنبه، ۲۱ آذر ماه

همراهان همیشگی لطفا به اشتراک بگذارید

به صفحه تلگرام و توییتر ما بپیوندین
https://t.me/irannc
http://twitter.com/Iranncorg
#نافرمانی_مدنی #اعتصابات_سراسری #آذر۱۴۰۱
 #انقلاب۱۴۰۱ #زن_زندگی_آزادی
 #مهسا_امینی #سکوت_نکنید #محسن_شکاری
 #mahsaamini #opiran
@irannc","Public release of photos of the execution ceremony of #MajidReza_Rahnavard All those whose faces are covered are the oppressors of the system The Mizan News Agency, affiliated with the Judiciary of the Islamic Republic of Iran, has published photos of the execution ceremony of MajidReza Rahnavard on one of the streets of Mashhad. The photos show that the ceremony was held among numerous officers who covered their faces and the area was blocked with cement blocks. Rahnavard's execution took place 23 days after his arrest, while hours before the execution of this sentence, citizens protested in Mashhad against the execution of Mohsen Shekari, who was executed in Tehran four days ago. Monday, December 11, our constant companions, please share and join our Telegram and Twitter pages https://t.me/irannc http://twitter.com/Iranncorg #civil_disobedience #global_strikes #December1401 #Revolution1401 #women_live_freedom #Mahsa_Amini #don't_be_silent #Mohsen_Shakari #mahsaamini #opiran @irannc",Yes,C
"تعدادی از زندانیان سیاسی زن در زندان اوین در نامه‌ای ضمن هشدار خطر اجرای حکم اعدام احسان افراشته و مهدی فرید زندانیان سیاسی محبوس در این زندان نوشتند: دستگاه سرکوب و اعدام در حال پیشروی است و این روزها سایه اعدام آن چنان پرشتاب در حال گسترش است که صرفا با محکوم کردن و یادآوری نمی‌توان حتی قدمی رو به جلو برداشت.
در این نامه آمده: با این حال، وظیفه خود می‌دانیم که در برابر این وضعیت سکوت نکنیم و صدای زندانیان محکوم به اعدام را به گوش دغدغه‌مندان برسانیم. گردنکشان مرتجع، انتقام و پاسخ به حملات خارجی را در طناب دار بر گردن جوانان این سرزمین جستجو می‌کنند و شمار اعدام‌شدگان و محکومان به اعدام از شمار کشته‌شدگان جنگ فراتر رفته است.

این زندانیان در بخشی از نامه خود نوشتند: حاکمیت دیگر توان از سر گذراندن بحران‌ها را ندارد، دیگر نمی‌تواند با تشدید اعدام بر عجز و ترس خود سرپوش بگذارد و نمایش اقتدارش هر روز پوشالی‌تر می‌شود.
https://iranintl.com/202511131911","A number of female political prisoners in Evin Prison wrote in a letter, warning of the risk of execution of political prisoners Ehsan Afrashte and Mehdi Farid, who are imprisoned in this prison: The apparatus of repression and execution is advancing, and these days the shadow of execution is spreading so rapidly that we cannot take even a step forward by simply condemning and reminding. The letter states: However, we consider it our duty not to remain silent in the face of this situation and to bring the voices of prisoners sentenced to death to the ears of those concerned. The reactionary tyrants are seeking revenge and a response to foreign attacks in the noose around the necks of the youth of this land, and the number of those executed and sentenced to death has exceeded the number of those killed in the war. In part of their letter, these prisoners wrote: The government is no longer able to overcome crises, it can no longer cover up its helplessness and fear by intensifying executions, and its display of authority is becoming more and more superficial every day. https://iranintl.com/202511131911",Yes,"C, D"
"قتل یک جوان توسط ماموران نیروی انتظامی/ جوانان خودروی نیروی انتظامی را به آتش کشیدند

بر اساس ویدیوهای منتشرشده در شبکه‌های اجتماعی، به دنبال مشکوک شدن ماموران نیروی انتظامی به یک خودروی سمند در محور #سمیرم به #یاسوج در محدود ""پل قره"" ، ماموران بدون هیچ اخطار و هشداری به سمت  خودروی فوق آتش گشوده و راننده که یک جوان به نام ""فواد پیکری"" بود را با شلیک مستقیم گلوله به قتل رساندند.

ماموران انتظامی مدعی بودند که در خودروی فوق، مواد مخدر جاسازی شده است. اما پس از تفتیش، هیچگونه مورد غیرقانونی نیافتند.

به دنبال این اتفاق، جوانان خشمگین منطقه با ماموران نیروی انتظامی درگیر شده و یکی از خودروهای آنان را به آتش کشیدند.
«جمهوری اسلامی دشمن هر ایرانی»
https://t.me/irannc به صفحه تلگرم ما بپیوندین
#زندانی_سیاسی #سفره_انقلاب #رفراندوم #اعتراضات_سراسری #تظاهرات_سراسری #نافرمانی_مدنی
#چهار_قلم #سلام_فرمانده #سلام_درمانده
#انقلاب_ایران
#iranncorg
#standwithukraine  #ukraine
@irannc","Murder of a young man by police officers / Youth set fire to a police vehicle According to videos published on social media, after police officers became suspicious of a Samand vehicle on the #Samiram to #Yasuj axis in the ""Pol Qara"" area, officers opened fire on the vehicle without any warning and shot the driver, a young man named ""Fouad Peekari"", dead with a direct shot. Police officers claimed that drugs were planted in the vehicle. However, after an inspection, they did not find any illegal items. Following this incident, angry youth in the area clashed with police officers and set fire to one of their vehicles. ""The Islamic Republic is the enemy of every Iranian"" https://t.me/irannc Join our Telegram page #political_prisoner #revolution_table #referendum #worldwide_protests #worldwide_demonstrations #civil_disobedience #four_pencils #commander_greetings #missing_greetings #Iranian_revolution #iranncorg #standwithukraine #ukraine @irannc",Yes,A
"•روز جمعه ۲۲ تیرماه تولد #نسیم_غلامی_سیمیاری، معترض بازداشت‌شده خیزش انقلابی است که ۱۴ ماه پیش بازداشت و پس از چهار ماه انفرادی و شکنجه به زندان اوین منتقل شد. او با اتهام قیام مسلحانه علیه نظام جمهوری اسلامی (#بغی) محاکمه شده که می‌تواند به صدور احکام سنگینی مثل #اعدام منتهی شود.
#womenwatch
#راوی_بات
#هم‌آوا","•Friday, July 12, marks the birthday of #Nasim_Gholami_Simiari, a detained protester of the revolutionary uprising who was arrested 14 months ago and transferred to Evin Prison after four months of solitary confinement and torture. She is being tried on charges of armed rebellion against the Islamic Republic (#rebel), which could lead to severe sentences such as the #death sentence. #womenwatch #narrator #voiceover",Yes,C
"🔻 **قوه قضائیه:۱۰۰ نفر و۵۰۰ صفحه اینستاگرامی «متخلف» که «سعی داشتند مردم را از شرکت در انتخابات ناامید کنند» شناسایی و احضار شدند**.

ترجمه: درسته ما گفتیم ۴۹٪ رأی دادن ولی باید با اکثریت ۵۵ میلیون ایرانی‌ای که رأی نداد مقابله کنیم.


__قبل و بعد از انتخابات تهدیدات زیادی برای اخذ رأی زوری مردم شد: اعدام زودهنگام در زندان، حمله به روستا، تهدید به قطع «آرد»، تهدید قطع امکانات دولتی، تهدید دانش‌آموزان و معلمان.
__
حمله مسلحانه در نیشابور به بهانه کشف اسلحه:
https://t.me/mamlekate/88968
اعدام زودهنگام بخاطر رای ندادن زندانیان:
https://t.me/mamlekate/88936","🔻 **Judiciary: 100 people and 500 ""violator"" Instagram pages who ""tried to discourage people from participating in the elections"" were identified and summoned**. Translation: It's true that we said 49% voted, but we must confront the majority of 55 million Iranians who did not vote. __Before and after the elections, there were many threats to force people to vote: early execution in prison, attacks on villages, threats to cut off ""flour"", threats to cut off government facilities, threats to students and teachers. __ Armed attack in Neyshabur under the pretext of discovering weapons: https://t.me/mamlekate/88968 Early execution of prisoners for not voting: https://t.me/mamlekate/88936",Yes,C
"شماری از شهروندان با ارسال ویدیویی به ایران‌اینترنشنال نشان دادند که به کارزار سوزاندن عکس علی خامنه‌ای پیوسته‌اند تا نام امید سرلک را زنده نگه دارند.

در پی کشته‌شدن امید سرلک، جوان پادشاهی‌خواه، بعد از انتشار ویدیویی از سوزاندن تصویر علی خامنه‌ای، حمید فرخ‌نژاد، بازیگر نیز عکس رهبر جمهوری اسلامی را آتش زد. این حرکت، کارزار سوزاندن تصویر خامنه‌ای در شبکه‌های اجتماعی را به راه انداخت.","A number of citizens sent a video to Iran International showing that they had joined the campaign to burn the image of Ali Khamenei in order to keep the name of Omid Sarlak alive. Following the killing of Omid Sarlak, a young pro-royalist, and after a video of him burning the image of Ali Khamenei was released, actor Hamid Farrokhnejad also burned the image of the Leader of the Islamic Republic. This action launched a campaign to burn the image of Khamenei on social media.",Yes,A
"صبا بختیاری، عمه پویا بختیاری، اعلام کرد نهادهای امنیتی، روز ۲۵ آبان، مانع از حضور منوچهر بختیاری، پدر پویا، در ششمین سالگرد کشته شدن فرزندش شدند.
خانم بختیاری در اینستاگرام خود نوشت که برادرش از تبعیدگاه اجباری اجازه خروج نیافت و تنها توانست از راه دور در مراسم شرکت کند.
به گفته صبا بختیاری، نیروهای امنیتی در زمان خواندن بیانیه آبان توسط منوچهر بختیاری، خواهرزاده او را که در حال فیلم‌برداری مراسم بود بازداشت کرده و با مداخله خود، مراسم را برهم زدند و میهمانان را متفرق کردند.
#اخبار_ایران
بیشتر بخوانید: https://iranwire.org/bz1ls
@Farsi_Iranwire","Saba Bakhtiari, Pouya Bakhtiari’s aunt, announced that security forces prevented Manouchehr Bakhtiari, Pouya’s father, from attending the sixth anniversary of her son’s death on November 15. Ms. Bakhtiari wrote on her Instagram that her brother was not allowed to leave the forced exile center and was only able to attend the ceremony remotely. According to Saba Bakhtiari, security forces detained Manouchehr Bakhtiari’s niece, who was filming the ceremony, while she was reading the Aban statement, and intervened, disrupting the ceremony and dispersing the guests. #Iran_News Read more: https://iranwire.org/bz1ls @Farsi_Iranwire",Yes,D
"هویت یکی دیگر از معترضان کشته‌شده در جنبش مهسا پس از سه سال مشخص شد. بر اساس اطلاعات رسیده به ایران‌اینترنشنال، اردلان قاسمی، شهروند اهل گیلان غرب، روز ۱۹ آبان ۱۴۰۱ در شهر کرمانشاه هدف گلوله ماموران حکومتی قرار گرفت و جان باخت.

گفت‌وگو با فرنوش فرجی، عضو تحریریه ایران‌اینترنشنال
@iranintltv","The identity of another protester killed in the Mahsa movement has been revealed after three years. According to information received by Iran International, Ardalan Ghasemi, a citizen of Western Gilan, was shot and killed by government agents in Kermanshah on November 10, 1402. Interview with Farnoosh Faraji, a member of the editorial staff of Iran International @iranintltv",Yes,A
"**♦️جان باختن ****#ایمان_حسنوند****، شهروند اهل خرم‌آباد، «زیر شکنجه» ماموران اداره آگاهی تهران**
⁣
•به گزارش سازمان حقوق بشری هه‌نگاو، نهادهای امنیتی روز شنبه ۲۳ دی در تماس با خانواده این شهروند ۳۰ ساله از مرگ او خبر داده و درباره رسانه‌ای کردن این موضوع به آنها هشدار داده‌اند.⁣
⁣
 •ایمان حسنوند از حدود چهار ماه قبل در بازداشت اداره آگاهی تهران بسر می‌برد.⁣ ایمان حسنوند پس از هجوم نیروهای اداره آگاهی به محل سکونتش در تهران در ۳۰ شهریور سال جاری به شدت مجروح و بازداشت شد.⁣مجید رضایی، از دوستان ایمان حسنوند، هم در جریان این یورش از ناحیه سر هدف گلوله ماموران قرار گرفته و کشته شده بود.⁣
⁣
•در روزهای گذشته هم گزارش‌هایی درباره کشته‌شدن پیمان عبدی، شهروند ۳۵ ساله اهل نوسود از توابع شهرستان پاوه، در بازداشت اداره آگاهی کرمانشاه، منتشر شده بود.⁣
⁣
•دستکم ۱۱ زندانی از جمله ۸ شهروند کُرد در سال گذشته میلادی در زندان‌های ایران زیر شکنجه جان باخته‌اند.⁣
⁣
•نهادهای حقوق بشری تاکنون بارها درباره نقض حقوق بشر در ایران هشدار داده و خواستار واکنش‌های بین‌المللی در این باره شده‌اند.","**♦️Death of ****#Iman_Hassanvand****, a citizen from Khorramabad, ""under torture"" by officers of the Tehran Intelligence Department** ⁣ •According to the report of the Hengaw Human Rights Organization, security agencies contacted the family of this 30-year-old citizen on Saturday, January 13, to inform them of his death and warned them against publicizing the matter.⁣ ⁣ •Iman Hasanvand has been in the custody of the Tehran Intelligence Department for about four months.⁣ Iman Hasanvand was severely injured and arrested after the Intelligence Department forces stormed her residence in Tehran on September 20 of this year.⁣ Majid Rezaei, one of Iman Hasanvand's friends, was also shot in the head by officers during this raid and killed.⁣ ⁣ •In recent days, reports have also been published about the death of Peyman Abdi, a 35-year-old citizen from Nosud, Paveh County, in the custody of the Kermanshah Intelligence Department.⁣ ⁣ •At least 11 prisoners, including 8 Kurdish citizens, have died under torture in Iranian prisons in the past year.⁣ ⁣ •Human rights organizations have repeatedly warned about human rights violations in Iran and called for international responses in this regard.",Yes,"A, C, D"
"🔻آپدیت: تصویر دوم دریافتی با شرح: ""استوری خواهر امیرجواد اسعدزاده""

Ebrahim Allahbakhshi:
امیر اسعدزاده، ۳۶ ساله[،](https://twitter.com/allahbakhshii/status/1595160602145849345) شب شنبه ۲۸ آبان، در حال شعار نویسی در مشهد بازداشت شد، انقدر تا صبح کتکش میزنند که صبح یکشنبه ۲۹ آبان در بیمارستان جواد الائمه مشهد که بیمارستان تخصصی قلب است جانش را از دست میدهد.
«مراسم فردا چهارشنبه ۲ آذر ساعت ۱۱ بهشت جواد الائمه جنب خواجه اباصلت»
[allahbakhshii

](https://twitter.com/allahbakhshii/status/1595154947452329984)گویا منبع خبر ایشون بوده:
پوریا افخمی: 'شنبه ۲۸ آبان در بلوار پیروزی مشهد یک تعداد بسیجی،  یک جوان ۳۶ ساله به نام #امیرجواد_اسعدزاده را در حال شعارنویسی دستگیر میکنند و به زندان وکیل‌آباد می‌برند و اونقدر این پسر را می‌زنند که از حال میره و بدن نیمه‌جانش را شبانه در محوطه کلانتری هفت تیر می‌اندازند و می‌روند .
در این زمان امیر جواد هنوز توان صحبت کردن داشته است .
در کلانتری براش پرونده درست می‌کنند و بازداشت میشه ولی تقریبا ۲ ساعت بعد حال امیرجواد خراب میشه و از هوش می‌ره و مأمورین نیروی انتظامی امیرجواد را به نزدیک‌ترین بیمارستان اون منطقه که بیمارستان قلب جوادالائمه واقع در بلوار هنرستان است می‌برند. در این زمان ساعت تقریبا ۵ صبح است.
زمانی که امیرجواد معاینه می‌شود پزشکان متوجه می‌شوند که به دلیل تروما مغزی و ضربه به جمجمه امیرجواد اسدزاده فوت کرده است.
این خبر که به پرسنل کلانتری هفت تیر اطلاع داده میشه، پرسنل کلانتری نگران می‌شوند و ظاهراً به اطلاعات خبر می‌دهند و بلافاصله یک عده لباس شخصی به بیمارستان مراجعه می‌کنند و همان ساعت ۵ صبح جنازه امیرجواد را با خودشون بردند.'
[poory](https://twitter.com/poory/status/1594716401025138689), [pixooos
](https://www.instagram.com/p/ClPlLsXLClD/)گویا حالا خانواده تونستند پیکرش رو بگیرند و فردا مراسم خاک‌سپاری‌اشه.
📡 @VahidOnline","🔻Update: Second image received with the caption: ""Story of Amir Javad Asadzadeh's sister"" Ebrahim Allahbakhshi: Amir Asadzadeh, 36 years old[,](https://twitter.com/allahbakhshii/status/1595160602145849345) was arrested on Saturday night, November 18, while writing slogans in Mashhad. He was beaten until the morning, and on Sunday morning, November 19, he died at Javad Al-Aemeh Hospital in Mashhad, a specialized heart hospital. ""Tomorrow's ceremony, Wednesday, December 2, at 11:00 AM, at Javad al-Aameh's Paradise, next to Khajeh Abasalt"" [allahbakhshii ](https://twitter.com/allahbakhshii/status/1595154947452329984) The source of the news is said to be: Pouria Afkhami: 'On Saturday, November 18, on Piroozi Boulevard in Mashhad, a group of Basij members arrested a 36-year-old young man named #AmirJavad_Asadzadeh while he was writing slogans and took him to Vakilabad Prison. They beat the boy so much that he passed out and threw his half-dead body into the Haft Tir police station at night and left. At this time, Amir Javad was still able to speak. They prepared a case for him at the police station and arrested him, but about 2 hours later, Amir Javad's condition deteriorated and he lost consciousness, and law enforcement officers took Amir Javad to the nearest hospital in the area, which is the Javad al-Aameh Heart Hospital located on Honarestan Boulevard. At this time, it is almost 5 am. When Amir Javad is examined, the doctors find out that Amir Javad Asadzadeh has died due to brain trauma and a blow to the skull. When this news is reported to the Haft Tir police station personnel, the police station personnel become worried and apparently inform the intelligence and immediately a group of plainclothes people go to the hospital and at 5 am they take Amir Javad's body with them.' [poory](https://twitter.com/poory/status/1594716401025138689), [pixooos ](https://www.instagram.com/p/ClPlLsXLClD/)It seems that now the family was able to take his body and his funeral will be tomorrow. 📡 @VahidOnline",Yes,"C, D"
"🎥 «حامد آزادبخت»، یکی از معترضانی که در شامگاه جمعه ۱۲دی‌۱۴۰۴ و در ششمین روز از اعتراضات سراسری به خیابان رفته بود، با انتشار ویدیویی از جراحات شدید صورت خود خبر داد. او که با شلیک مستقیم گلوله‌های ساچمه‌ای از ناحیه صورت و چشم آسیب دیده است، در این ویدیو خطاب به نیروهای سرکوب‌گر می‌گوید: «من هم جوانی مثل شما هستم که به دنبال معیشت و زندگی‌ام؛ اما برای اعتراض آمدم و ابایی از بازداشت ندارم.» آزادبخت با تاکید بر اینکه جراحاتش می‌توانست منجر به نابینایی کامل او شود، اعلام کرد که بابت حضور در خیابان پشیمان نیست و این هزینه را فدای آینده فرزندان ایران می‌داند.

@Farsi_Iranwire","🎥 Hamed Azadbakht, one of the protesters who took to the streets on Friday evening, the sixth day of nationwide protests, released a video announcing his severe facial injuries. He was injured by direct shots to the face and eyes, and in the video, he addresses the repressive forces: “I am a young man like you who is looking for a livelihood and a life; but I came to protest and I do not hesitate to be arrested.” Emphasizing that his injuries could have led to his complete blindness, Azadbakht announced that he does not regret being on the streets and considers this cost a sacrifice for the future of Iran’s children. @Farsi_Iranwire",Yes,A
"🎥 قتل فجیع و ناباورانه «داریوش مهرجویی» و همسرش «وحیده محمدی فر» برای ایرانیان، یادآور قتل های زنجیره‌ای بوده است. این باور تا به آنجا پیش رفت که سرتیپ پاسدار «احمد وحیدی»، وزیر کشور و اولین فرمانده نیروی قدس سپاه که خود به بمب‌گذاری مرکز یهودیان آرژانتین متهم است، صراحتا گفت که قتل آقای مهرجویی و خانم محمدی فری ربطی به قتل های زنجیره‌ای دهه ۱۳۶۰ و ۱۳۷۰ ندارد. چرا این قتل یادآور آن جنایت‌های زنجیره‌ای شده است؟
آرش عزیزی، نویسنده گزارش  «قتل داریوش مهرجویی و همسرش چرا یادآور قتل‌های زنجیره‌ای شده؟» با حضور در برنامه «پشت صحنه خبر با لیدا ایاز» گفت:« ممکن است علت این مرگ مشکوک مانند بسیاری از قتل‌های مشکوک در جهان تا سالها بعد هم مشخص نشود.»

برای مطالعه متن کامل این گزارش می توانید به اینن [لینک](https://iranwire.com/fa/features/121757) مراجعه کنید.


#اطلاع_رسانی #داریوش_مهرجویی #وحیده_محمدی‌فر #قتل #قتل‌های_زنجیره‌ای

@Farsi_Iranwire","🎥 The gruesome and unbelievable murder of Dariush Mehrjui and his wife Vahideh Mohammadi Far has been a reminder of serial murders for Iranians. This belief has gone so far that Brigadier General Ahmad Vahidi, the Minister of Interior and the first commander of the IRGC’s Quds Force, who is himself accused of bombing the Jewish center in Argentina, has explicitly stated that the murder of Mr. Mehrjui and Ms. Mohammadi Fari has nothing to do with the serial murders of the 1980s and 1990s. Why has this murder been a reminder of those serial crimes? Arash Azizi, author of the report “Why has the murder of Dariush Mehrjui and his wife been a reminder of serial murders?”, said on the “Behind the Scenes with Lida Ayaz” program: “The cause of this suspicious death, like many suspicious murders in the world, may not be determined until years later.” To read the full text of this report, you can refer to this [link](https://iranwire.com/fa/features/121757). #Media #DariushMehrjoui #VahidaMohammadifar #Murder #ChainMurder @Farsi_Iranwire",Yes,A
"و اینم پیام تیر خلاص مردم قهرمان #بلوچستان به جمهوری اعدامی آخوندی و تمام مزدوران جنایتکارش :

ما هرگز تسلیم نخواهیم شد
یا پیروز میشویم یا شهید

جمعه ۲ دی
#نافرمانی_مدنی #اعتصابات_سراسری #دی۱۴۰۱
 #انقلاب۱۴۰۱ #زن_زندگی_آزادی
 #مهسا_امینی #سکوت_نکنید #محسن_شکاری #سکوت_نکنیم
 #mahsaamini #opiran
@irannc","And this is the message of the heroic people of #Balochistan to the executed republic of the mullahs and all their criminal mercenaries: We will never surrender, we will either win or we will be martyrs. Friday, January 2nd #civil_disobedience #worldwide_strikes #January1401 #Revolution1401 #women_live_freedom #Mahsa_Amini #don't_be_silent #Mohsen_Shakari #let's_not_be_silent #mahsaamini #opiran @irannc",Yes,C
"خاطرات سه شاهد از محاکمه سران نازی در دادگاه نورنبرگ

از برگزاری دادگاه نورنبرگ ۷۵ سال می‌گذرد. در روز ۲۰ نوامبر ۱۹۴۵ سران رژیم نازی در این دادگاه مورد محاکمه قرار گرفتند و شماری از آنان به مرگ محکوم شدند. قربانیان جنایات نازی‌ها و فرزندانشان از این محاکمه تاریخی می‌گویند.

[dw_persian](https://twitter.com/dw_persian/status/1327272425503993857)
@mamlekate","Three witnesses recount the trials of Nazi leaders at the Nuremberg Tribunal 75 years have passed since the Nuremberg Tribunal was held. On November 20, 1945, the leaders of the Nazi regime were tried at this tribunal, and a number of them were sentenced to death. Victims of Nazi crimes and their children speak about this historic trial. [dw_persian](https://twitter.com/dw_persian/status/1327272425503993857) @mamlekate",Yes,C
"🎥بر اساس ویدوهای دریافتی از #زاهدان در روز  جمعه ششم آبان، نیروهای امنیتی با استفاده از سلاح‌های جنگی به سمت معترضین شلیک می‌کنند. بر اساس گزارش‌ها تعدادی از معترضان امروز هم بر اثر تیراندازی پلیس جانشان را از دست داده‌اند.


#مهسا_امینی #اعتصابات_سراسری #اعتراضات_سراسری
@Farsi_Iranwire","🎥According to videos received from #Zahedan on Friday, November 26, security forces are shooting at protesters using military weapons. According to reports, a number of protesters have lost their lives today as a result of police shooting. #Mahsa_Amini #National_Strikes #National_Protests @Farsi_Iranwire",Yes,A
"🔻بنا بر گزارش رسانه‌های داخلی در حادثه انفجار کرمان که دو انفجار به فاصله ۱۰ دقیقه بوده است. به نقل از مدیر عامل هلال احمر کرمان «جمعیت حاضر در مراسم زیاد است و مسیرها مسدود شده است.»
[ManotoNews](https://twitter.com/410718052/status/1742521190306939004)

🔻‏ برخی از منابع اعلام کردند که در ورودی گلزار شهدای کرمان، دو‌ کیف بمب گذاری شده وجود داشته است که عامل یا عاملین این حادثه ظاهرا با ریموت بمب‌ها را منفجر کرده‌اند.

🔻سخنگوی اورژانس کشور: تعداد کشته‌شدگان انفجار در کرمان به ۷۳ نفر و مجروحین به ۱۷۰ نفر رسید.

ویدئو: لحظه وقوع انفجار دوم

@mamlekate","🔻According to local media reports on the Kerman explosion incident, the two explosions occurred 10 minutes apart. According to the CEO of the Kerman Red Crescent, “The crowd attending the ceremony is large and the roads are blocked.” [ManotoNews](https://twitter.com/410718052/status/1742521190306939004) 🔻Some sources announced that there were two bomb bags at the entrance to the Kerman Martyrs’ Cemetery, which the perpetrator or perpetrators of the incident apparently detonated using a remote control. 🔻State Emergency Spokesperson: The number of people killed in the explosion in Kerman has reached 73 and the injured have reached 170. Video: The moment the second explosion occurred @mamlekate",Yes,A
"مادر و خاله #محمد_قبادلو به ماموران زندان می‌گویند؛ «محمد من را شما کشتید. اون به خاطر همه شما جوون‌ها به خیابون رفت.»
[AmirMiresmaeili](https://twitter.com/AmirMiresmaeili/status/1749634511933976578)
ساعاتی پیش از اعدام: این تصویر پدر محمد قبادلو است، لحظاتی قبل، مقابل در ورودی زندان قزل حصار. فرستنده گفت: «دائما درحال رفت‌وآمد است و از استرس یک‌جا بند نمی‌شود. از سرما زیر باران به خودش می‌لرزید که به او پتو دادیم. نگران جان فرزند بی‌گناهش است و اشک می‌ریزد.»
[AmirMiresmaeili](https://twitter.com/AmirMiresmaeili/status/1749595982277272012)

📡 @VahidOnline","#Mohammad_Ghobadloo's mother and aunt tell prison guards; ""You killed me, Mohammad. He went out into the street because of all you young people."" [AmirMiresmaeili](https://twitter.com/AmirMiresmaeili/status/1749634511933976578) Hours before the execution: This is a picture of Mohammad Ghobadloo's father, moments before, in front of the entrance to Qezel Hesar Prison. The sender said: ""He is constantly moving around and cannot stop in one place due to stress. He was shivering from the cold in the rain when we gave him a blanket. He is worried about the life of his innocent child and is crying."" [AmirMiresmaeili](https://twitter.com/AmirMiresmaeili/status/1749595982277272012) 📡 @VahidOnline",Yes,C
"سه سال پس از قتل حکومتی مهسا امینی، دولت‌های استرالیا و نیوزیلند در پیام‌های اختصاصی به ایران‌اینترنشنال بار دیگر بر حمایت خود از زنان و دختران ایرانی تاکید کردند.

گفت‌وگو با علیرضا محبی، خبرنگار ایران‌اینترنشنال
@iranintltv","Three years after the state-sponsored murder of Mahsa Amini, the governments of Australia and New Zealand reiterated their support for Iranian women and girls in exclusive messages to Iran International. Interview with Alireza Mohebi, Iran International correspondent @iranintltv",Yes,A
"بلاتکلیفی وضعیت پخشان عزیزی، زندانی سیاسی کرد محکوم به اعدام، نگرانی‌ها درباره سرنوشت او را شدت بخشیده است. درخواست اعاده دادرسی عزیزی بارها رد شده است.

به گفته منابع آگاه، حکم اعدام عزیزی که از مردادماه سال گذشته با اتهام «بغی» در زندان به سر می‌برد، همچنان متوقف نشده و او در بلاتکلیفی است.

منابع نزدیک به خانواده عزیزی به ایران‌اینترنشنال گفته‌اند او و بستگانش تاکید دارند که هیچ عضویتی در گروه‌ها و احزاب سیاسی نداشته و بیم آن می‌رود که مقام‌ها او را به گروه‌های سیاسی منتسب کنند.

پخشان عزیزی، مددکار اجتماعی و فعال حقوق زنان، پس از پایان تحصیلات خود در ایران و بازداشت در جریان اعتراضات سال ۱۳۸۸، کشور را ترک کرده بود. او مدتی نیز در سوریه به عنوان مددکار اجتماعی فعالیت داشت. عزیزی پس از بازگشت به ایران در سال ۱۴۰۲ بازداشت و در پی محاکمه به اتهام «بغی» به اعدام محکوم شد.

این پرونده با توجه به رد مکرر درخواست‌های اعاده دادرسی و تداوم خطر اجرای حکم، نگرانی‌های گسترده‌ای در میان فعالان حقوق بشر و نهادهای مدنی برانگیخته است.
https://iranintl.com/202509046568","The uncertainty surrounding the fate of Pakhshan Azizi, a Kurdish political prisoner sentenced to death, has heightened concerns about his fate. Azizi’s request for a retrial has been repeatedly rejected. According to informed sources, Azizi’s death sentence, which has been in prison since August of last year on charges of “rebelism,” has not been stayed and he is in limbo. Sources close to Azizi’s family told Iran International that he and his relatives insist that he has no membership in any political groups or parties and that there is a fear that the authorities will attribute him to political groups. Pakhshan Azizi, a social worker and women’s rights activist, had left the country after completing her studies in Iran and being arrested during the 2009 protests. She also worked as a social worker in Syria for a while. Azizi was arrested in 2003 after returning to Iran and sentenced to death following a trial on charges of “rebelism.” This case has raised widespread concerns among human rights activists and civil society organizations, given the repeated rejection of requests for a retrial and the continuing risk of the verdict being enforced. https://iranintl.com/202509046568",Yes,C
"#الو نیشابور پنج‌شنبه ۲۵ مرداد، چندتا نیروی مزاحم بسیجی دنبال یه موتوری می‌افتند و بهشون در حال حرکت باتوم میزنن که یکی میخوره به یکی از دو سرنشین موتور و موتور هم میخوره زمین. که بسیجیا این پسره رو می‌برن میندازنش در خونه‌ش. اسمش یزدان بوده. مادر بیچاره ش هم بچه رو می‌بره بیمارستان حکیم نیشابور که همونجا عملش می‌کنند. متاسفانه طحال و یکی از کلیه‌های یزدان بخاطر شدت ضربات این بسیجیای حرومزاده بشدت آسیب دیده بوده. کلیه ش رو هم مجبور میشن از بدنش خارج کنند.

یه مشت مفتخور مزاحم، چطوری زندگی یه آدم معمولی که برای خرید رفته بیرون رو سیاه می‌کنند. مرگ بر جمهوری اسلامی.

@mamlekate","#Hello Neyshabur Thursday, August 15, a few annoying Basij forces are chasing a motorcycle and hitting them with batons while they are moving, one of them hits one of the two passengers of the motorcycle and the motorcycle also hits the ground. The Basij take this boy and throw him in his house. His name is Yazdan. His poor mother takes the child to Hakim Hospital in Neyshabur, where they operate on him. Unfortunately, Yazdan's spleen and one of his kidneys were severely damaged due to the severity of the blows from these Basij bastards. They also have to remove his kidney from his body. A bunch of annoying braggarts, how can they ruin the life of an ordinary person who went out to shop. Death to the Islamic Republic. @mamlekate",Yes,A
"احتیاط کنید
جابجایی این سطل آشغال موجب #اعدام شما می‌شود

حرکت نمادین دانشجویان دانشگاه آزاد #سنندج جهت محکوم کردن صدور حکم اعدام برای بازداشت شدگان مقاومت مردمی طی ۱۰۰ روز گذشته.

پنج‌شنبه ۱ دی
پنجشنبه  ۱ دیماه
#نافرمانی_مدنی #اعتصابات_سراسری #دی۱۴۰۱
 #انقلاب۱۴۰۱ #زن_زندگی_آزادی
 #مهسا_امینی #سکوت_نکنید #محسن_شکاری #سکوت_نکنیم
 #mahsaamini #opiran
@irannc","Be careful, moving this trash can will result in your #execution. Symbolic movement of students of Azad University of #Sanandaj to condemn the issuance of death sentences to detainees of the popular resistance during the past 100 days. Thursday, January 1, Thursday, January 1 #civil_disobedience #nationwide_strikes #1401 #1401_revolution #women_live_freedom #mahsa_amini #don't_be_silent #mohsen_shekari #let's_not_be_silent #mahsaamini #opiran @irannc",Yes,C
"[‌](https://vxtwitter.com/iranwire/status/1724500544507507191) 🔸روز دوشنبه ٢٢ آبان سه زندانی سیاسی بلوچ به نام‌های محمد‌کریم بارکزایی اکسون، محمد براهویی انجمنی و ادریس بیلرانی در زندان زاهدان اعدام شدند. هم‌زمان سازمان حقوق بشر ایران در گزارشی نوشت از آغاز جنگ میان اسرائیل و حماس در غزه ۱۱۴ نفر در ایران اعدام شدند.
@[VahidOOnLine](https://t.me/VahidOOnLine/80818)


🔸براساس تازه‌ترین خبرها از بازداشت دست‌کم ۲۰ زن فعال در حوزه‌های فرهنگی و مدنی و روزنامه‌نگار در رشت، نینا گلستانی و رزیتا رجایی، هر دو از داستان‌نویسان رشت، ازجمله زنانی هستند که روز۲۰ آبان توسط مأموران اطلاعات سپاه رشت بازداشت شده‌اند.
آناهیتا حجازی، فعال حقوق حیوانات و مدیر «خانۀ امن حیوانات آنا»، نیز ازجمله بازداشتی‌های اخیر در مرکز استان گیلان است.
@[VahidHeadline](https://t.me/VahidHeadline/122351)



🔸مهدی کلاهی، استادیار جامعه‌شناسی محیط زیست دانشگاه فردوسی مشهد اعلام کرد «به دلیل شرکت در اعتراضات دانشجویان در سال ۱۴۰۱»، از دانشگاه اخراج شد.
@[VahidOOnLine](https://t.me/VahidOOnLine/80816)



🔸پیر پالیو، رهبر حزب محافظه‌کار کانادا و برجسته‌ترین چهره‌ اپوزیسیون این کشور، گزارش‌های منتشر شده درباره میزان نفوذ عوامل جمهوری اسلامی در کانادا را هولناک خواند و خواهان اخراج آنان شد.
به گزارش گلوبال‌نیوز، پالیو گفت تصور اینکه اراذل و اوباش رژیم ایران در کانادا حضور دارند و به فعالیت‌های تروریستی مرتبط هستند، هولناک است.
او افزود این افراد به تهدید یهودیان کانادا و ایرانیان حاضر در این کشور دست می‌زنند، پول‌هایی را که به سرقت برده‌اند خرج می‌کنند و بدون تعقیب قضایی به فعالیت‌های خود ادامه می‌دهند.
@[VahidOOnLine](https://t.me/VahidOOnLine/80831)



🔸دادگاه انقلاب اسلامی استان زنجان علیرضا قاسمی، شهروند معترض، را به پرداخت ۵۰ میلیون تومان جزای نقدی بدل از حبس تعزیری محکوم کرد.
@[VahidHeadline](https://t.me/VahidHeadline/122386)



🔸نسرین ستوده، وکیل دادگستری و فعال حقوق بشر، با انتشار نامه‌ای جزییات بازداشت خود و تعدادی دیگر از شرکت‌کنندگان در مراسم خاکسپاری آرمیتا گراوند را بازگو کرده است :
@[VahidHeadline](https://t.me/VahidHeadline/122354)



🔸تیم فوتبال زیر ۱۷ سال ایران در دومین بازی مرحله گروهی جام جهانی زیر بارش شدید باران در ورزشگاه بین‌المللی جاکارتا، اندونزی، مقابل انگلیس ۱-۲ شکست خورد.
ایران با گل دقیقه ۳۱ ابوالفضل زمانی مقابل انگلیس به برتری رسید.
در دقیقه ۶۳ ریس راسل‌دنی، ستاره ۱۷ ساله باشگاه چلسی، گل مساوی را وارد دروازه ایران کرد.
در حالی که به نظر می‌رسید بازی با تساوی به پایان خواهد رسید، به دنبال نفوذ جوئل اندالا، بازیکن باشگاه منچستر سیتی، آرشا شکوری، با وجود خروج خوبش، توپ را از دست داد و اندالا از زاویه بسته دروازه خالی ایران را در دقیقه ۹۰ باز کرد.
@[VahidHeadline](https://t.me/VahidHeadline/122303)



🔸در روزهای اخیر ارزش افغانی، واحد پول افغانستان، در مقابل دلار افزایش غیرمنتظره‌ای داشته است. با آغاز روند خروج مهاجران از پاکستان و ایران ارزش هر دلار آمریکایی در مقابل افغانی اخیراً حتی در حدود ۶۶ رسید که در ۸ سال گذشته بی‎‌سابقه بوده است.
دو استدلال متفاوت درباره افزایش ارزش افغانی وجود دارد. حکومت طالبان دلیل افزایش ارزش افغانی را «مدیریت درست اقتصادی» می‌داند و کارشناسان اقتصادی این روند را «تصنعی» دانسته و معتقدند که افزایش ارزش افغانی به دلیل پویایی اقتصادی و مدیریت سالم نیست، بلکه نواخته شدن «زنگ خطر» در اقتصاد این کشور است.
@[VahidHeadline](https://t.me/VahidHeadline/122375)



🔸رسانه‌های دولتی عراق اعلام کردند که دادگاه عالی فدرال این کشور با صدور حکمی، به ریاست محمد حلبوسی بر پارلمان عراق پایان داد.
به گزارش خبرگزاری رویترز، در مقابل، آقای حلبوسی در ویدئویی، تصمیم دیوان عالی را «عجیب» خواند و به طور ضمنی، آن را ناقض قانون اساسی و تضعیف‌کننده ثبات ملی دانست.
@[VahidHeadline](https://t.me/VahidHeadline/122374)



🔸یک هنرمند روسیه‌ای به دلیل جایگزین کردن برچسب قیمت سوپرمارکت‌ها با قطعات کاغذی که روی آنها خواستار پایان جنگ علیه اوکراین شده بود، محکوم به تحمل هشت سال زندان شده است.
دادستان روسیه همچنین خواستار محرومیت الکساندرا اسکوچیلنکو از استفاده از اینترنت به مدت سه سال شده است.
@[VahidHeadline](https://t.me/VahidHeadline/122350)



🔸روزنامه «لوموند» گزارش داد که بر اساس داده‌های موجود، ولادیمیر پوتین رئیس‌جمهور روسیه دست‌کم ۱۷ قاتل محکوم شده در دادگاه‌های این کشور را پس از مشارکت در جنگ اوکراین عفو کرده است.
همزمان خبرگزاری آسوشیتدپرس گزارش داد که سرگئی خاجیکوربانوف که در سال 2014 به دلیل دست داشتن در قتل پولیتکوفسکایا، از روزنامه‌نگاران منتقد پوتین، به 20 سال زندان محکوم شده بود، جزو عفوشدگان است.
پولیتکوفسکایا، یکی از برجسته‌ترین روزنامه‌نگاران روسیه و گزارشگر نقض حقوق بشر در چچن بود که ۷ اکتبر ۲۰۰۶ در خانه‌اش به ضرب گلوله کشته شد.
@[VahidHeadline](https://t.me/VahidHeadline/122373)


📡 @VahidOnline","[‌](https://vxtwitter.com/iranwire/status/1724500544507507191) 🔸On Monday, November 12, three Baloch political prisoners, Mohammad Karim Barakzai Akson, Mohammad Brahui Anjamani, and Idris Bilrani, were executed in Zahedan Prison. At the same time, the Iranian Human Rights Organization wrote in a report that 114 people have been executed in Iran since the start of the war between Israel and Hamas in Gaza. @[VahidOOnLine](https://t.me/VahidOOnLine/80818) ",Yes,C
"**🔻 سردار بامدال، مستعان‌ساز بزرگ، سلامی - ۵ دی ۱۳۹۵**

اکنون که شهر حلب به دست مخالفان اسد افتاده است و سقوط کرده اهمیت استراتژیک کنترل شهر حلب را از زبان فرمانده کل سپاه بدانین.
در پایان ۱۳۹۵، نیروی قدس، نیروهای حزب الله، ارتش سوریه و نیروی هوایی روسیه و پس از قتل عام مردم، شهر حلب را تصرف کردند.
به اظهارات آنزمان حسین سلامی در مورد اهمیت کنترل شهر حلب و تأثیر آن روی کل سوریه و منطقه نگاه کنیم.

[irbriefing](https://twitter.com/irbriefing/status/1862633559971733867)
@mamlekate","**🔻 Sardar Bamdal, Great Helper, Salami - 21 January 2016** Now that the city of Aleppo has fallen to the Assad opposition, learn from the words of the Commander-in-Chief of the IRGC about the strategic importance of controlling the city of Aleppo. At the end of 2016, the Quds Force, Hezbollah forces, the Syrian army and the Russian air force, after massacring the people, captured the city of Aleppo. Let's look at Hussein Salami's statements at the time about the importance of controlling the city of Aleppo and its impact on all of Syria and the region. [irbriefing](https://twitter.com/irbriefing/status/1862633559971733867) @mamlekate",Yes,A
"بازجو خبرنگار میگه برای یک میلیون و پانصد هزار تومان یک جوان رو کشتی؟
بله، یک جوان ۲۳ ساله برای یک میلیون و پانصد هزار تومان یک جوان ۱۹ ساله را کشت.
در سایه بی‌کفایتی رژیم و علی خامنه‌ای که گفته بود: «فقر مردم تقصیر حاکمان است»

[masoudkazemi81](https://twitter.com/masoudkazemi81/status/1891811608189403570)
@mamlekate","The reporter's interrogator says you killed a young man for one million and five hundred thousand tomans? Yes, a 23-year-old killed a 19-year-old for one million and five hundred thousand tomans. In the shadow of the incompetence of the regime and Ali Khamenei, who had said: ""The poverty of the people is the fault of the rulers"" [masoudkazemi81](https://twitter.com/masoudkazemi81/status/1891811608189403570) @mamlekate",Yes,A
"[‌](https://twitter.com/Vahid/status/1596565548330016768)🔸بنابر گزارش پایگاه حقوق بشری هرانا، ارگان مجموعه فعالان حقوق بشر در ایران، از بیست و ششم شهریور ماه روز آغاز اعتراضات سراسری در ایران تا روز جمعه چهارم آذر ماه دست‌کم ۴۴۸ تن از مردم معترض در جریان این اعتراضات کشته شده‌اند که از این تعداد دست‌کم ۶۳ نفر کودک بوده و زیر هجده سال سن داشته‌اند.
@[VahidHeadline


](https://t.me/VahidHeadline/42548)🔸اولاف شولتس، صدراعظم آلمان روز جمعه قصد جمهوری اسلامی ایران برای افزایش سطح غنی‌سازی اورانیوم را محکوم و بر لزوم تشدید تلاش‌ها برای جلوگیری از دستیابی تهران به بمب هسته‌ای تاکید کرد.
صدراعظم آلمان در یک کنفرانس خبری به همراه نخست وزیر فرانسه اظهار داشت: در خصوص رویکرد و سیاست ایران برای غنی‌سازی اورانیوم، این مساله بار دیگر اهمیت این موضوع را نشان داد که هر کار ممکن را انجام بدهیم تا مطمئن شویم ایران به بمب هسته‌ای و سیستم‌های موشکی انتقال آن دست پیدا نخواهد کرد.
اولاف شولتس تصریح کرد که ممانعت از دستیابی ایران به تولید و ساخت بمب هسته‌ای یکی از «اهداف اصلی» آلمان، فرانسه و متحدان غربی دیگر از جمله آمریکا و بریتانیا است.
@[VahidHeadline


](https://t.me/VahidHeadline/42529)🔸در سومین ماه اعتراضات سراسری در ایران و در حالی که بیش از ۴۴۰ نفر جان‌باخته و فرای ۱۸ هزار تن راهی زندان‌ها و بازداشتگاه‌ها شده‌اند، رسانه‌ها اعلام کردند که از آغاز اعتراضات سراسری در ایران دست‌کم ۱۶ وکیل بازداشت شده‌اند.
@[VahidHeadline


](https://t.me/VahidHeadline/42658)🔸رابعه لجه‌ای، خواهر خدانور لجه‌ای، از کشته‌شدگان اعتراضات زاهدان که تصویری از شکنجه و بسته شدنش به میله پرچم در ماه‌های قبل با واکنش گسترده افکار عمومی روبه‌رو شد، روز پنج‌شنبه سوم آذر درگذشت. به گزارش برخی منابع محلی، او پس از شنیدن خبر کشته شدن برادرش دچار حمله قلبی شده بود.
@[VahidOOnLine


](https://t.me/VahidOOnLine/40061)🔸دبیر ستاد همکاری‌های حوزه علمیه و آموزش و پرورش می‌گوید ماموریت‌های جدیدی در راستای اجرای طرح «امین» برای دخیل کردن طلاب در آموزش دانش‌آموزان تعریف شده که «توجه به سبک زندگی اسلامی - ایرانی و ارائه مشاوره با رویکرد اسلامی» از جمله آنهاست.
حمید نیکزاد در ادامه گفت که بخش قابل توجهی از طلاب زن و مرد در سال تحصیلی جاری به جمع مربیان طرح امین پیوسته‌اند.
او شهریورماه امسال نیز گفته بود هم‌اکنون ۲۰ هزار روحانی به واسطه طرح امین در مدارس کشور فعالیت دارند.
حمید نیکزاد روز جمعه در ادامه تصریح کرد حضور روحانیون «متخصص در امر تربیت کودک و نوجوان» در میان دانش‌آموزان در جهت پاسخگویی به نیاز اساسی دینی است تا با ایجاد فرصت گفت‌وگوی چهره به چهره هویت دینی دانش‌آموزان تقویت شود.
@[VahidHeadline


](https://t.me/VahidHeadline/42720)🔸محاکمه دو برادر ایرانی‌‌تبار به اتهام جاسوسی برای یک سازمان‌ اطلاعاتی روسیه در سوئد آغاز شد.
به گزارش شبکه تلویزیونی سی‌وی‌تی، در آغاز جلسه رسیدگی به اتهامات این دو برادر به نام‌های «پیمان. ک» ۴۲ ساله و برادرش، «پیام. ک» ۳۵ ساله در روز جمعه، چهارم آذر اعلام شد که آن‌ها عضو سرویس امنیت داخلی سوئد بوده‌اند و اتهام اصلی‌شان دادن اطلاعات به «جی‌.آر.یو» سازمان اطلاعات ارتش روسیه است.
بر اساس این گزارش، این دو برادر اتهامات را رد کرده و خود را بی‌گناه اعلام کرده‌اند.
@[VahidHeadline


](https://t.me/VahidHeadline/42638)🔸نمایندگان مجلس شورای اسلامی قرار است روز یکشنبه طرحی را در دستور کار خود قرار دهند که بر مبنای آن مقام‌های جمهوری اسلامی و اشخاصی که در فهرست تحریم‌های غرب و آمریکا قرار گرفته‌اند، مشمول «قانون جامع خدمات‌رسانی به ایثارگران» می‌شوند و از حمایت‌های آن برخوردار خواهند شد.
@[VahidOOnLine


](https://t.me/VahidOOnLine/40107)🔸آمارهای جدید وزارت فرهنگ و گردشگری ترکیه از سفر بیش از ۲ میلیون گردشگر ایرانی به ترکیه در ۱۰ ماه ابتدایی سال جاری میلادی خبر می‌دهد.
شمار گردشگران ایرانی در ترکیه طی ۱۰ ماه ابتدایی ۲۰۲۲ نسبت به دور مشابه پارسال تقریبا ۲.۵ برابر و نسبت به دور مشابه سال ۲۰۲۰ حدود ۶.۵ برابر شده است.
@[VahidHeadline


](https://t.me/VahidHeadline/42505)🔸کارشناسان سازمان ملل با انتشار گزارشی اعلام کردند که رفتار طالبان با زنان و دختران، خصوصا ممانعت از حضور آنها در پارک‌ها، مجتمع‌های ورزشی، مدارس و دانشگاه‌ها می‌تواند «جنایت علیه بشریت» باشد.
@[VahidAfLine


](https://t.me/VahidAfLine/10231)🔸خبرگزاری رسمی آناتولی روز جمعه چهارم آذر از قول وزیر دفاع ترکیه گفت در عملیات ارتش این کشور در شمال عراق و سوریه که از هفته پیش آغاز شده است ۳۲۶ «تروریست» منفعل شده‌اند. ترکیه از مفهوم «منفعل» برای پیکارجویانی استفاده می‌کند که کشته یا اسیر شده‌اند.
@[VahidHeadline


](https://t.me/VahidHeadline/42508)🔸ستاد مرکزی نیروهای آمریکا اعلام کرد که یک مقر آن در استان حسکه سوریه شامگاه جمعه، چهارم آذر هدف دو حمله راکتی قرار گرفته است.
در بیانیه سنتکام به اصابت یک راکت سوم در نزدیکی پایگاه مستقر در «الشدادی» اشاره شده و آمده است که حملات راکتی دیشب، آسیب جانی یا خسارت مالی در پی نداشته است.
@[VahidHeadline

](https://t.me/VahidHeadline/42615)📡 @VahidOnline","[‌](https://twitter.com/Vahid/status/1596565548330016768)🔸According to the report of the Human Rights Center HRANA, the organ of the group of human rights activists in Iran, from September 16, the day the nationwide protests began in Iran, until Friday, December 24, at least 448 protesters have been killed during these protests, of which at least 63 were children under the age of eighteen. @[VahidHeadline ](https://t.me/VahidHeadline/42548)",Yes,A
"ندا شمس، وکیل دادگستری، جزئیات یک پرونده تجاوز در آمبولانس را فاش کرد.
او توضیح داد که تکنسین آمبولانس، پس از بی‌هوش کردن قربانی که در دوران قاعدگی به سر می‌برد، با دستان خود او را مورد آزار قرار داده است.
به گفته خانم شمس، پس از پیگیری‌های قانونی، دادگاه فرد خاطی را به دو سال محرومیت از فعالیت شغلی و ۷۴ ضربه شلاق محکوم کرد. با این حال، این اقدام از سوی دادگاه تجاوز محسوب نشد و تأثیرات روانی آن بر قربانی نادیده گرفته شد.
[hra_news](https://x.com/hra_news/status/1885670974059676113)
در پی انتشار خبر تجاوز به یک زن در آمبولانس سازمان اورژانس، بابک یکتاپرست، سخنگوی سازمان اورژانس ایران گفت: تجاوز به یک بیمار زن در آمبولانس اورژانس در سال ۹۶ اتفاق افتاده و همان زمان ضمن برخورد با فرد خاطی، او از اورژانس اخراج شده است.
@[VahidOOnLine](https://t.me/VahidOOnLine/146156)

📡 @VahidOnline","Lawyer Neda Shams revealed details of a rape case in an ambulance. She explained that the ambulance technician, after anesthetizing the victim, who was menstruating, abused her with his hands. According to Ms. Shams, after legal proceedings, the court sentenced the offender to two years of professional deprivation and 74 lashes. However, the court did not consider this act as rape and ignored its psychological effects on the victim. [hra_news](https://x.com/hra_news/status/1885670974059676113) Following the publication of the news of the rape of a woman in an ambulance of the Emergency Organization, Babak Yektaparest, spokesman for the Iranian Emergency Organization, said: The rape of a female patient in an emergency ambulance occurred in 2017 and at the same time, while confronting the offender, he was fired from the emergency department. @[VahidOOnLine](https://t.me/VahidOOnLine/146156) 📡 @VahidOnline",Yes,C
"🎥 اعتراضات خیابانی علیه اعدام معترضان در ایران در حال گسترش است و معترضان در گوهردشت کرج نیز به خیابان‌ها آمده و فریاد سرنگونی سر دادند. ۲۹ اردیبهشت

#خانه_اصفهان #اعتراضات_سراسری #شهروندخبرنگار #مهسا_امینی

@Farsi_Iranwire","🎥 Street protests against the execution of protesters in Iran are spreading, and protesters in Gohardasht, Karaj, have also taken to the streets, shouting for overthrow. May 19 #Isfahan_House #National_Protests #Citizen_Reporter #Mahsa_Amini @Farsi_Iranwire",Yes,C
"🎥 خبرگزاری میزان، وابسته به قوه قضاییه جمهوری اسلامی، روز چهارشنبه ۱۹ شهریور۱۴۰۴، اعلام کرد امیرحسین مقصودلو، خواننده معروف به تتلو که به اعدام محکوم شده است، در فهرست عفو معیاری اخیر قرار ندارد.

این توضیح پس از آن منتشر شد که خواهر تتلو در گفت‌وگویی تایید کرده بود او مشمول عفو شده است. اما خبرگزاری میزان نوشت: در عفو معیاری اخیر که با پیشنهاد رئیس قوه قضاییه و موافقت علی خامنه‌ای انجام شد، محکومان با جرایم مستوجب مجازات حدی از فهرست افراد مشمول عفو کنار گذاشته شدند و مسیر رسیدگی به پرونده تتلو جدا از این روند است.

به نوشته میزان، پیش‌تر نیز سخنگوی قوه قضاییه گفته بود که با توجه به احراز توبه تتلو نزد دادگاه، پرونده او در ۹ شهریور ۱۴۰۴ به حوزه ریاست قوه قضاییه ارسال شده و در حال بررسی است. در صورت تایید رئیس قوه، درخواست عفو او به رهبر جمهوری اسلامی فرستاده خواهد شد.
#اخبار_ایران

@Farsi_Iranwire","🎥Mizan News Agency, affiliated with the Islamic Republic's judiciary, announced on Wednesday, September 19, 1404, that Amir Hossein Maghsoudloo, a singer known as Tatalo, who has been sentenced to death, is not on the list of recent standard pardons. This explanation was released after Tatalo's sister confirmed in an interview that he had been pardoned. However, Mizan News Agency wrote: In the recent standard pardon, which was carried out at the suggestion of the head of the judiciary and with the approval of Ali Khamenei, those convicted of crimes punishable by a certain punishment were excluded from the list of those eligible for pardon, and the process of considering Tatalo's case is separate from this process. According to Mizan, the spokesperson for the judiciary had previously said that considering Tatalo's repentance before the court, his case was sent to the Judiciary Presidency on September 9, 1404 and is being reviewed. If the head of the judiciary approves, his pardon request will be sent to the Leader of the Islamic Republic. #Iran_News @Farsi_Iranwire",Yes,C
"‏عاشق فوتبال بود و میخواست برای تشویق تیم مورد علاقه اش به ورزشگاه برود اما چون زن بود او را در آتش جهل و ظلم و ستم سوزاندند. جمهوری اسلامی این را بدان که تا ابد ننگ کشتن #دختر_آبی از دامنت پاک نخواهد شد.

[Jekond
](https://twitter.com/Jekond001/status/1225432626007330817)@mamlekate","She loved football and wanted to go to the stadium to cheer on her favorite team, but because she was a woman, she was burned in the fire of ignorance and oppression. Islamic Republic, know this: the shame of killing the #Blue_Girl will never be erased from your skirts. [Jekond ](https://twitter.com/Jekond001/status/1225432626007330817)@mamlekate",Yes,A
"علی شریف‌زاده اردکانی، وکیل ماشاالله کرمی، پدر محمدمهدی کرمی، از اعدام‌شدگان اعتراضات سال ۱۴۰۱ از رد درخواست اعاده دادرسی این پدر دادخواه توسط دیوان عالی کشور خبر داد.
ادامه خبر: https://iranwire.org/ecfva

@Farsi_Iranwire","Ali Sharifzadeh Ardakani, the lawyer for Mashallah Karami, the father of Mohammad Mehdi Karami, one of those executed during the 1401 protests, announced that the Supreme Court has rejected the father's request for a retrial. Read more: https://iranwire.org/ecfva @Farsi_Iranwire",Yes,C
"🔻‏علی اکبر احمدی‌نژاد، بازپرس پرونده قتل مهرداد سپهری،‌ مرد جوان مشهدی که در پی آزار و شکنجه مامور پلیس حین بازداشت جانش را از دست داد،‌ گفت ضرب و جرح او از سوی «خانواده همسر» و «کسبه محل» اتفاق افتاده است.[ ](https://iranintl.com/sites/default/files/m-1399-3.8-12.jpg)

‏این مقام قضایی اضافه کرد که استفاده از شوکر و اسپری فلفل علیه این مرد از سوی پلیس، پس از کتک‌کاری خانواده همسر و کسبه صورت گرفت.
[IranIntl](https://twitter.com/IranIntlbrk/status/1320343158409076737)

‏وی در ادامه ‌افزود: این جوان مشهدی از قبل مُرده بود و پلیس برای اطمینان از زنده‌نبودن او بهش شوکر میزد!

[Saeidbelmont](https://twitter.com/saeidbelmont/status/1320344893143867392)
@mamlekate","🔻Ali Akbar Ahmadinejad, the investigator in the murder case of Mehrdad Sepehri, a young man from Mashhad who lost his life after being tortured by a police officer during his arrest, said that he was beaten by his “wife’s family” and “the local business.”[ ](https://iranintl.com/sites/default/files/m-1399-3.8-12.jpg) ‏The judicial official added that the police used tasers and pepper spray against this man after he was beaten by his wife’s family and the business. [IranIntl](https://twitter.com/IranIntlbrk/status/1320343158409076737) ‏He added: This young man from Mashhad was already dead and the police were giving him tasers to make sure he was not alive! [Saeidbelmont](https://twitter.com/saeidbelmont/status/1320344893143867392) @mamlekate",Yes,"A, C"
"«هم اکنون؛ اهواز»

مردم اهواز در اعتراض به گرانی #بنزین به خیابان ها آمدند؛ نیروهای امنیتی نیز در محل تجمع حاضر شده اند.

در ماهشهر همچنین مردم خیابان‌ها را با خاموش کردن ماشینها و آتش زدن لاستیک مسدود کرده‌اند.
 ۲۴ آبان ۹۸

[ir_humanrights](https://twitter.com/ir_humanrights/status/1195356047340380160)
@mamlekate","""Right now; Ahvaz"" The people of Ahvaz took to the streets to protest the high price of #gasoline; security forces have also arrived at the rally site. In Mahshahr, people have also blocked the streets by turning off cars and burning tires. November 14, 2019 [ir_humanrights](https://twitter.com/ir_humanrights/status/1195356047340380160) @mamlekate",Yes,B
"ویدیوهای رسیده به «ایران‌‌وایر» نشان می‌دهد که شماری از شهروندان زاهدان روز ۲۶دی۱۴۰۴ به رغم گزارش‌هایی که از فضای امنیتی شهر منتشر شده بعد از برگزاری نماز جمعه در خیابان دست به راهپیمایی زده‌اند.
پیشتر برخی منابع مستقل حقوق بشری همچون «کمپین فعالین بلوچ»،  از فضای سنگین امنیتی در زاهدان هم‌زمان با برگزاری نماز جمعه در این شهر خبر داده بود. مولوی «عبدالحمید اسماعیل‌زهی»، امام جمعه مسلمانان سنی زاهدان، در پیامی که ۲۳ دی منتشر کرد، کشتار هزاران معترض در تهران و دیگر شهرهای ایران طی چند روز را فاجعه‌ای هولناک و بی‌سابقه خواند.


@Farsi_Iranwire","Videos received by IranWire show that a number of Zahedan citizens marched in the streets on January 16, 1404, despite reports of the city's security situation after Friday prayers. Previously, some independent human rights sources, such as the Baloch Activists Campaign, had reported a heavy security situation in Zahedan at the same time as Friday prayers were held in the city. In a message he published on January 13, Maulvi Abdul Hamid Esmailzai, the Friday prayer leader of Sunni Muslims in Zahedan, called the killing of thousands of protesters in Tehran and other Iranian cities in a few days a horrific and unprecedented disaster. @Farsi_Iranwire",Yes,A
"[‌](https://fxtwitter.com/KayhanLondon/status/1902312833716531200) 🔸گزارشگر ویژه سازمان ملل متحد در امور ایران، در نخستین گزارش خود، افزایش تعداد اعدام‌ها در ایران، نبود شفافیت دربارۀ اطلاعات مرتبط با مجازات‌ اعدام و بازداشتی‌ها، ادامۀ سرکوب معترضان در کشور و اعمال تبعیض علیه اقلیت‌ها را از موارد نقض مکرر حقوق بشر در ایران اعلام کرد.
مای ساتو در اظهارات خود گفت که در سال ۲۰۲۴، موج اعدام‌ها در ایران به بیشترین میزان از سال ۲۰۱۵ رسیده و بیم آن می‌رود که با ادامۀ این روند، شمار اعدام‌شدگان در کشور به بیش از «هزار نفر در سال» برسد.
@[VahidHeadline](https://t.me/VahidHeadline/227428)



🔸بابک یکتاپرست، سخنگوی اورژانس کشور، گفت در جریان حوادث چهارشنبه‌سوری سال جاری از ابتدای اسفند، ۱۹ نفر کشته و دست‌کم پنج هزار و ۵۶۸ نفر مصدوم شدند.
به گفته رییس اورژانس کشور، هزار و ۵۳۱ نفر از مصدومان دچار سوختگی شده‌اند، هزار و ۵۵۷ تن از ناحیه چشم آسیب دیده‌اند و ۳۳۸ نفر نیز دچار قطع عضو یا قطع اندام شده‌اند.
او از تهران با هزار و ۴۹ مورد به عنوان رتبه نخست استان‌های کشور از نظر مصدومیت مربوط با حوادث چهارشنبه‌سوری نام برد و گفت آذربایجان شرقی با ۸۶۶ مورد و آذربایجان غربی با ۶۲۰ مورد پس از تهران بیشترین آسیب‌دیدگان را به خود اختصاص داده‌اند.
@[VahidOOnLine](https://t.me/VahidOOnLine/154243)



🔸موسسه وی-دم دانشگاه گوتنبرگ سوئد گزارش جدید خود درباره دموکراسی در جهان را منتشر کرد. بر اساس این گزارش، ایران در بین ۱۷۹ کشور جهان، در رتبه ۱۴۷ قرار گرفته است.
در بین همسایگان ایران، رتبه قطر ۱۵۰، امارات متحده عربی ۱۵۲، جمهوری آذربایجان ۱۶۱، افغانستان ۱۷۶، پاکستان ۱۱۶، عراق ۱۱۱ و ترکیه ۱۳۹ ارزیابی شده است.
@[VahidOOnLine](https://t.me/VahidOOnLine/154148)



🔸رئیس مجلس شورای اسلامی تأیید کرد که ابلاغ قانون «عفاف و حجاب» بر اساس تصمیم شورای عالی امنیت «متوقف» شده تا «اصلاحات مدنظر» دولت مسعود پزشکیان در آن لحاظ شود.
محمدباقر قالیباف در پستی در شبکهٔ ایکس نوشت که دولت در «برخی مباحث» مربوط به این قانون «اشکالاتی دارد» که قرار است پس از اعلام آن‌ها به مجلس، در مورد اصلاح قانون تصمیم‌گیری شود.
پیشتر معاون اجرایی رئیس‌جمهور ایران با انتشار نقل قولی از مسعود پزشکیان از تصمیم او برای عدم اجرای قانون «عفاف و حجاب» خبر داده بود. بر این اساس، پزشکیان گفته که این قانون «برای مردم مشکل ایجاد می‌کند و او در مقابل مردم نخواهد ایستاد».
@[VahidHeadline](https://t.me/VahidHeadline/227541)




🔸نیروی دریایی عراق از توقیف یک کشتی ایرانی در خلیج فارس به دلیل قاچاق سوخت خبر داد. ناخدای ایرانی، هشت خدمه هندی و دو خدمه عراقی این کشتی بازداشت شدند.
@[VahidOOnLine](https://t.me/VahidOOnLine/154259)



🔸ساعاتی پس از گفتگوی تلفنی روسای جمهور روسیه و آمریکا، اوکراین و روسیه حملات هوایی را آغاز کردند که به زیرساخت‌های شهری یکدیگر آسیب رساندند. ولودیمیر زلنسکی، رئیس‌جمهور اوکراین گفت که روسیه یک بیمارستان را در این حملات هدف قرار داده است.
او گفت که ولایدیمیر پوتین در گفتگو با همتای آمریکایی خود عملا آتش‌بس جامع را رد کرده است.
مقام‌های محلی در منطقه کراسنودار در جنوب روسیه گفتند که حمله پهپادهای اوکراینی باعث آتش سوزی کوچکی در یک انبار نفت شد.
رئیس‌جمهور اوکراین گفت روسیه ساعاتی پس از گفتگوی تلفنی دونالد ترامپ و ولادیمیر پوتین، بیش از ۴۰ حمله پهپادی انجام داده است.
@[VahidHeadline](https://t.me/VahidHeadline/227476)



🔸آمریکا گروه هماهنگی مقابله با حملات خرابکارانه سایبری روسیه را تعطیل کرد
خبرگزاری رویترز به نقل از چند مقام آمریکایی خبر داد اقدامات هماهنگ هفت نهاد امنیتی این کشور تحت مدیریت شورای امنیت ملی برای مقابله با خرابکاری، حملات سایبری و کمپین انتشار اخبار نادرست از سوی روسیه، متوقف شده است.
@[VahidOOnLine](https://t.me/VahidOOnLine/154249)



🔸پارلمان آلمان موسوم به بوندِستاگ روز سه‌شنبه ۲۸ اسفندماه با لایحۀ تخصیص بزرگترین بودجۀ نظامی و دفاعی این کشور موافقت کرد.
برای تصویب این بودجۀ نظامی هنگفت و بی‌سابقۀ ۵۵۰ میلیارد دلاری، به رأی مثبت دست‌کم دو سوم اعضای پارلمان نیاز بود؛ حد نصابی که در رأی‌گیری روز سه‌شنبه به راحتی به‌دست آمد و نخستین موفقیت پارلمانی فردریش مرتس، در آستانۀ رسیدن به مسند صدارت را رقم زد.
@[VahidHeadline](https://t.me/VahidHeadline/227537)



🔸رادیو اروپای آزاد/ رادیو آزادی روز سه‌شنبه ۲۸ اسفند از سازمان رسانه‌های جهانی ایالات متحده موسوم به (USAGM) به خاطر جلوگیری از تخصیص بودجه‌اش به دادگاه شکایت کرد.
رادیو اروپای آزاد در بیانیه خود گفته است: این شکایت نشان می‌دهد که عدم تخصیص بودجه‌ای که کنگره تصویب کرده، نقض قوانین فدرال است؛ از جمله قانون اساسی ایالات متحده، که به کنگره قدرت انحصاری در زمینهٔ هزینه‌های فدرال می‌دهد.
استفان کیپس، رئیس و مدیر عامل رادیو اروپای آزاد/رادیو آزادی، روز سه‌شنبه در بیانیه‌ای گفت: «اکنون زمان واگذاری میدان به تبلیغات و سانسور دشمنان آمریکا نیست. ما معتقدیم که قانون طرف ما است و جشن مرگ ما توسط مستبدان در سراسر جهان زودهنگام است».
@[VahidHeadline](https://t.me/VahidHeadline/227495)

📡 @VahidOnline","[‌](https://fxtwitter.com/KayhanLondon/status/1902312833716531200) 🔸The UN Special Rapporteur on Iran, in his first report, stated that the increase in the number of executions in Iran, the lack of transparency regarding information related to the death penalty and detainees, the continued repression of protesters in the country, and discrimination against minorities are among the repeated human rights violations in Iran. Mai Sato said in her statements that in 2024, the wave of executions in Iran reached its highest level since 2015 and it is feared that if this trend continues, the number of executions in the country will reach more than “a thousand people per year.” @[VahidHeadline](https://t.me/VahidHeadline/227428) ",Yes,C
"صبا بختیاری، خواهر منوچهر بختیاری، در شبکه اجتماعی ایکس خبر داد نهادهای امنیتی در ششمین سالگرد کشته شدن پویا بختیاری، از معترضان آبان ۹۸، اجازه خروج به پدر او منوچهر بختیاری از محل تبعید ندادند.
به گفته او، هنگام خواندن تلفنی بیانیه آبان، نیروهای امنیتی با بازداشت خواهرزاده خانواده بختیاری مراسم را برهم زدند و حاضران را متفرق کردند.
صبا بختیاری با اشاره به اینکه محدودیت‌ها و فشارهای امنیتی مانع حضور جمعی از فعالان مدنی، زندانیان سیاسی و خانواده‌های دادخواه در این مراسم نشد، گفت در میان حاضران خانواده دادخواه مجدم، زندانی سیاسی رضا سلمان‌زاده، زندانیان سیاسی یاشار تبریزی و دکتر ظفرمهر، محمدرضا مراد بهروزی و همسرش بانو باباچگینی و همچنین افرادی به نام‌های مرتضوی و حیدری حضور داشتند.
https://iranintl.com/202511171469","Saba Bakhtiari, the sister of Manouchehr Bakhtiari, announced on the social network X that security agencies did not allow her father Manouchehr Bakhtiari to leave his place of exile on the sixth anniversary of the killing of Pouya Bakhtiari, one of the protesters in November 2019. According to her, while reading the November statement on the phone, security forces disrupted the ceremony by arresting the Bakhtiari family’s niece and dispersed the attendees. Saba Bakhtiari pointed out that security restrictions and pressures did not prevent a group of civil activists, political prisoners, and families of the lawyers from attending the ceremony, and said that among the attendees were the family of the lawyer Mojdam, political prisoner Reza Salmanzadeh, political prisoners Yashar Tabrizi and Dr. Zafarmeh, Mohammad Reza Morad Behrouzi and his wife Banu Babachegini, as well as people named Mortazavi and Heydari. https://iranintl.com/202511171469",Yes,D
"ویدیویی از لحظه بازگشت به خانه مینا یعقوبی، معترض اراکی
در این ویدیو آثار کبودی ناشی از شکنجه روی چشم #مینا_یعقوبی ۳۳ ساله دیده می‌شود.
بر اساس گزارش‌ها، او با قرار وثیقه آزاد شده است.
@[VahidHeadline

](https://t.me/VahidHeadline/44333)📡 @VahidOnline","Video of the moment Araki protester Mina Yaqoubi returns home. In this video, bruises from torture can be seen on the eye of #Mina_Yaqoubi, 33. According to reports, she has been released on bail. @[VahidHeadline ](https://t.me/VahidHeadline/44333)📡 @VahidOnline",Yes,C
"🎥  لزوم عدم دفاع از فرهنگ اعدام و بازخواست کردن عوامل اعدام‌ها در جمهوری اسلامی

🔹بخشی از گفت‌وگوی رقیه رضایی با رامین جهانبگلو، فیلسوف ایرانی‌ و مدیر اجرایی «مرکز مطالعات عدم خشونت و صلح مهاتما گاندی» با عنوان «اعدام یا عدالت: آینده ایران چگونه باید باشد؟»

[لینک](https://www.instagram.com/p/CntooGEMKOU/) [ویدیوی](https://www.instagram.com/p/CntooGEMKOU/) [کامل](https://www.instagram.com/p/CntooGEMKOU/) [این](https://www.instagram.com/p/CntooGEMKOU/) [گفت‌وگو](https://www.instagram.com/p/CntooGEMKOU/)

[لینک](https://iranwire.com/fa/special-features/112902) [متن](https://iranwire.com/fa/special-features/112902) [کامل](https://iranwire.com/fa/special-features/112902) [این](https://iranwire.com/fa/special-features/112902) [گفت‌وگو](https://iranwire.com/fa/special-features/112902)


#اطلاع_رسانی #زن_زندگی_آزادی #اعدام #اعدام_نکنید #عدالت #کمیته_حقیقت_یاب #اعتراضات_سراسری
#اعتصابات_سراسری #مهسا_امینی #جامعه

@Farsi_Iranwire","🎥 The necessity of not defending the culture of executions and holding those responsible for executions accountable in the Islamic Republic 🔹 Part of a conversation between Roqiyeh Rezaei and Ramin Jahanbegloo, Iranian philosopher and executive director of the Mahatma Gandhi Center for Nonviolence and Peace Studies, entitled ""Execution or Justice: What Should the Future of Iran Be Like?""  #Information #Women_Live_Freedom #Execution #Do_not_Execution #Justice #Truth_Finding_Committee #Worldwide_Protests #Worldwide_Strikes #Mahsa_Amini #Society @Farsi_Iranwire",Yes,C
"در پی حادثه مرگبار انفجار در بندر «رجایی»، شمار قربانیان این سانحه به ۵۸ تن رسید. بنا بر اعلام رییس کل دادگستری استان هرمزگان، یکی از مجروحان که در بیمارستانی در شیراز تحت درمان بود، جان خود را از دست داده است.
بخوانید: https://iranwire.org/8m8tm

@Farsi_Iranwire","The death toll from the deadly explosion in Rajai Port has risen to 58. According to the Chief Justice of Hormozgan Province, one of the injured, who was being treated at a hospital in Shiraz, has died. Read: https://iranwire.org/8m8tm @Farsi_Iranwire",Yes,"A, B"
"پیکر سپهر شیرانی، جوان ۱۹ ساله بلوچ، که دو روز پس از ناپدید شدن در زاهدان در محل زندگی‌اش یافت شد، تحویل خانواده شده و آنها در حال خاکسپاری پیکر هستند.
همزمان مولوی عبدالحمید، امام جمعه اهل سنت زاهدان، در نماز جمعه همین روز از مرگ او به عنوان «قتل مشکوک» یاد کرد و خواستار شفاف‌سازی مقامات مربوطه در این باره شد.

رادیوفردا همچنین مطلع شده که شرط تحویل پیکر «سکوت خانواده و عدم مصاحبه» بوده و خانواده سپهر شیرانی «تحت فشار هستند که جان‌باختن فرزندشان را خودکشی اعلام کنند».
منابع رادیوفردا می‌گویند که سپهر شیرانی، دانشجوی ۱۹ ساله که در شبکه اینستاگرام فعالیت مجازی و بیش از سه هزار دنبال‌کننده داشته، بارها از سوی اطلاعات زاهدان تهدید شده و «از او خواسته بودند که فعالیت در فضای مجازی را متوقف کند».
@[VahidHeadline](https://t.me/VahidHeadline/141102)

📡 @VahidOnline","The body of Sepehr Shirani, a 19-year-old Baloch youth who was found in his home in Zahedan two days after he disappeared, has been handed over to his family, who are burying him. At the same time, Maulvi Abdul Hamid, the Sunni Friday prayer leader of Zahedan, called his death a “suspicious murder” during Friday prayers on the same day and called for transparency from the relevant authorities. Radio Farda has also learned that the condition for handing over the body is “the family’s silence and no interviews” and that Sepehr Shirani’s family is “under pressure to declare their son’s death a suicide.” Radio Farda sources say that Sepehr Shirani, a 19-year-old student who was active on Instagram and had more than three thousand followers, has been repeatedly threatened by Zahedan intelligence and “they asked him to stop his online activities.” @[VahidHeadline](https://t.me/VahidHeadline/141102) 📡 @VahidOnline",Yes,A
"«من مادرم. این بچه رو من به دنیا آوردم. اگه جرات داشت مادرش منم. سهم بچه‌ی من تو وطن من ۵ تا گلوله بود. ولی من محبوبه رمضانی، مادر پژمان قلی‌پور قسم خوردم که هر گلوله میشه یک انگشت دست من و پنج تا گلوله زدی شد یک مشت توی دهان کسی که زور گفت و کشت.»
پژمان قلی‌پور در آبان۹۸ کشته شد
[1500tasvir

](https://twitter.com/1500tasvir/status/1403929712741785604)📡 @VahidOnline","""I am the mother. I gave birth to this child. If he had the courage, I would be his mother. My child's share in my homeland was five bullets. But I, Mahboobeh Ramezani, the mother of Pejman Gholipour, swore that every bullet would be one finger of my hand, and five bullets would be one fist in the mouth of the person who forced him and killed him."" Pejman Gholipour was killed in November 2019 [1500tasvir ](https://twitter.com/1500tasvir/status/1403929712741785604)📡 @VahidOnline",Yes,A
"ایران اینترنشنال به جزئیات تازه‌ای دست یافته است که نشان می‌دهد نیروی قدس سپاه و نیروهای نیابتی هم‌پیمان آن در منطقه، نقش محوری در کشتن معترضان ایرانی در روزهای ۱۸ و ۱۹ دی داشتند.
بر اساس این اطلاعات، لشکر فاطمیون افغانستان، لشکر زینبیون پاکستان و نیروهای حشد الشعبی عراق بخش قابل توجهی از کشتارها را انجام داده‌اند.
حسن هاشمیان، کارشناس امور کشورهای عربی، به ایران اینترنشنال گفت مقام‌های جمهوری اسلامی به دلیل کمبود نیروی انسانی به استفاده از نیروهای خارجی روی آوردند. به گفته او، گستردگی اعتراض‌ها در سراسر ایران فراتر از توان نیروهای امنیتی داخلی بوده است.
هاشمیان گفت: «این‌که بین ۱۲ هزار تا ۲۰ هزار نفر ظرف دو روز کشته شده‌اند، نشان می‌دهد این گروه‌ها مشخصا برای کشتن اعزام شده بودند. آنها آدم‌کش‌های حرفه‌ای هستند و تجربه قبلی از عراق و سوریه دارند.» @irannc","Iran International has obtained new details that show that the IRGC’s Quds Force and its regional proxies played a pivotal role in the killing of Iranian protesters on January 8 and 9. According to this information, the Fatemiyoun Division of Afghanistan, the Zainabiyoun Division of Pakistan, and the Popular Mobilization Forces of Iraq carried out a significant portion of the killings. Hassan Hashemian, an expert on Arab affairs, told Iran International that the Islamic Republic’s authorities resorted to using foreign forces due to a shortage of manpower. According to him, the scale of the protests across Iran has exceeded the capacity of the domestic security forces. “The fact that between 12,000 and 20,000 people were killed in two days shows that these groups were specifically sent to kill. They are professional killers and have previous experience in Iraq and Syria,” Hashemian said. @irannc",Yes,A
"شهرداری شیراز بعد از اینکه معترضین به صورت حاج کتلت رنگ قرمز پاشیدن ببینید حاجی رو چکارش کردن !!!

دوشنبه ۱۲ دیماه


#نافرمانی_مدنی #اعتصابات_سراسری #دی۱۴۰۱
 #انقلاب۱۴۰۱ #زن_زندگی_آزادی
 #مهسا_امینی #سکوت_نکنید #محسن_شکاری #سکوت_نکنیم
 #mahsaamini #opiran
@irannc","Shiraz Municipality: After protesters sprayed red paint on Hajj Ketlet's face, they beat him up!!! Monday, January 12 #civil_disobedience #national_strikes #January1401 #Revolution1401 #women_live_freedom #Mahsa_Amini #don't_be_silent #Mohsen_Shakari #let's_not_be_silent #mahsaamini #opiran @irannc",Yes,A
"مرکز رسانه قوه قضاییه اعلام کرد که #محسن_شکاری، یکی از بازداشت شدگان اعتراضات سراسری در تهران سحرگاه امروز پنحشنبه ۱۷ آذرماه #اعدام شد.
[hra_news](https://twitter.com/hra_news/status/1600746547347693569)

اعدام ‎#محسن_شکاری کمتر از جنایت ‎#مهسا_امینی نیست. این اسم هم باید برای جمهوری اسلامی به کابوس تبدیل بشه.
[pendulum](https://twitter.com/_Pendulum__/status/1600755850674868224)
🔺https://t.me/mamlekate/75050","The Judiciary Media Center announced that #Mohsen_Shakari, one of the detainees of the nationwide protests in Tehran, was #executed at dawn today, Thursday, December 7. [hra_news](https://twitter.com/hra_news/status/1600746547347693569) The execution of #Mohsen_Shakari is no less than the crime of #Mahsa_Amini. This name should also become a nightmare for the Islamic Republic. [pendulum](https://twitter.com/_Pendulum__/status/1600755850674868224) 🔺https://t.me/mamlekate/75050",Yes,C
"🎥 روز سه‌شنبه ۲۰آبان‌ماه، «احمد بالدی»، دانشجوی ۲۰ساله عرب اهوازی جان باخت. او روز یکشنبه ۱۱ آبان در واکنش به خشونت ماموران شهرداری که برای تخلیه دکه اغذیه فروشی‌شان در پارک زیتون اهواز که تنها محل امرار معاش خانواده‌شان بود، خودش را آتش زد. پیکر او، چهارشنبه ۲۲‌آبان، شبانه، با عجله و تحت فشار نیروهای امنیتی در روستای پدری‌اش در استان خوزستان به خاک سپرده شد.
«احمد حمید»، حقوقدان و سخنگوی سازمان حقوق‌بشری «کارون» به ایران‌وایر گفته که ماموران نه‌تنها تلاشی برای منصرف کردن احمد از خودسوزی نکردند، بلکه او را تحریک هم کردند. به او می‌گفتند که خودت را بسوزان ببینیم چطور می‌سوزی یا با تحقیر و کنایه به او گفته بودند بگو ببینیم فندک می‌خواهی یا کبریت؟

@Farsi_Iranwire","🎥 On Tuesday, November 10, Ahmad Baldi, a 20-year-old Ahwazi Arab student, died. On Sunday, November 1, he set himself on fire in response to the violence of municipal officers who were trying to evacuate their food stall in Zeytoun Park in Ahvaz, which was the only source of income for his family. His body was hastily buried at night on Wednesday, November 12, under pressure from security forces in his native village in Khuzestan province. Ahmad Hamid, a lawyer and spokesman for the human rights organization Karun, told IranWire that the officers not only did not try to dissuade Ahmad from self-immolation, but also provoked him. They told him to burn himself and see how he would burn, or they told him with contempt and sarcasm, ""Tell me, do you want a lighter or a match?"" @Farsi_Iranwire",Yes,A
"**۵۴ کشور در بیانیه‌ای مشترک؛ استفاده جمهوری اسلامی از اعدام علیه معترضان را محکوم کردند
**
یک روز پس از سخنرانی وزیر خارجه جمهوری اسلامی و دفاع از کارنامه حقوق بشری حکومت در ایران، ۵۴ کشور با صدور بیانیه مشترکی ضمن محکومیت نقض حقوق بشر در ایران خواستار توقف استفاده از مجازات اعدام در ایران شدند.

در دومین روز از پنجاه و دومین نشست شورای حقوق بشر در مقر سازمان ملل در ژنو، این بیانیه مشترک توسط کریستین گیلرمت، معاون وزیر خارجه کاستاریکا قرائت شد.

شیلی، اکوادور، اروگوئه، پرو، کلمبیا و کاستاریکا در کنار انگلستان، کانادا، امریکا و کشورهای اروپایی از جمله امضا کنندگان این بیانیه مشترک هستند.

کشورهای امضا کننده، جمهوری اسلامی را به دلیل بهره‌گیری از مجازات اعدام برای «ایجاد ترس» و ساکت کردن مخالفان محکوم کرده‌اند. ابراز نگرانی شدید از نقض گسترده استانداردهای بین‌المللی آیین دادرسی عادلانه، از جمله ممانعت از دسترسی به وکیل انتخابی و استفاده از «شکنجه» برای اعتراف‌گیری بخش مهمی از این بیانیه مشترک است.

[صدای آمریکا](https://ir.voanews.com/a/6981946.html)

@IranRights","**54 countries in a joint statement; Condemn the Islamic Republic's use of the death penalty against protesters** A day after the Foreign Minister of the Islamic Republic delivered a speech defending the government's human rights record in Iran, 54 countries issued a joint statement condemning human rights violations in Iran and calling for an end to the use of the death penalty in Iran. On the second day of the 52nd session of the Human Rights Council at the UN headquarters in Geneva, the joint statement was read by Christian Guillermotte, Deputy Foreign Minister of Costa Rica. Chile, Ecuador, Uruguay, Peru, Colombia and Costa Rica are among the signatories of the joint statement, along with the United Kingdom, Canada, the United States and European countries. The signatory countries have condemned the Islamic Republic for using the death penalty to ""instill fear"" and silence dissent. An important part of the joint statement is the expression of serious concern over widespread violations of international standards of fair trial, including the denial of access to a lawyer of one's choice and the use of ""torture"" to extract confessions. [Voice of America](https://ir.voanews.com/a/6981946.html) @IranRights",Yes,"C, D"
"خبرگزاری‌های حکومتی به نقل از «نعمت‌الله باقری» فرمانده سپاه استان لرستان اعلام کرده‌اند که در اعتراضات اخیر، ۳۳۴ نفر مجروح شده‌اند.
بخوانید: https://iranwire.org/on8y4

@Farsi_Iranwire","State news agencies have quoted ""Nematollah Bagheri,"" the commander of the IRGC in Lorestan province, as saying that 334 people have been injured in the recent protests. Read: https://iranwire.org/on8y4 @Farsi_Iranwire",Yes,A
"🎥‏امروز هشتم آبان، همزمان با چهل و چهارمین روز اعتراضات، در ویدیویی که از یک شهروندخبرنگار برای ایران وایر فرستاده شده، تخریب ورودی‌های خانه‌ها در شهرک #اکباتان تهران، به تصویر درآمده است. نیروهای امنیتی با تخریب و دزدی از ساختمان‌ها قصد ایجاد رعب و وحشت در میان ساکنین معترض اکباتان را دارند.

#اعتراضات_سراسری #مهسا_امینی #اعتصابات_سراسری
@Farsi_Iranwire","🎥Today, November 28, coinciding with the 44th day of protests, a video sent to IranWire by a citizen journalist shows the destruction of the entrances of houses in the #Ekbatan neighborhood of Tehran. Security forces are attempting to create fear and panic among the protesting residents of Ekbatan by destroying and stealing from buildings. #NationalProtests #MahsaAmini #NationalStrikes @Farsi_Iranwire",Yes,B