Index,Post,Trans,Label,Type
26001,"Расчёты самоходных миномётов 2С4 ""Тюльпан"" ВС РФ применяют по укреплениям противника 240-мм 228 килограммовые фугасные активно-реактивные мины 3Ф2. Боеприпас оснащается ракетным двигателем и способен лететь на дальность до 19 км. Для миномёта очень достойно.",,,
26002,"Пишут с мест, что горит завод Антонов.

https://t.me/voenacher/36123",,,
26003,Местные власти подтверждают прилёты по Соломенскому и Шевченковскому районам Киева.,,,
26004,"Призрак Киева, Ирис-Т, С-300, Гепард, Стингеры. Спасибо за то, что не смогли🫡 

😂😂😂",,,
26005,🔥Ещё кадры сильного пожара на объекте (предположительно энергетической инфраструктуры) в Киеве. Город частично обесточен.,,,
26006,"Налёт Гераней на цели в Киеве продолжается. Однако, с Добрым утром!",,,
26007,Люди в коментах просили.,,,
26008,Герани всё ещё в воздухе. Удары по целям в Киеве продолжают наноситься 💥,,,
26009,🔥Зарево от пожара в Киеве после удара дронами камикадзе Герань по объекту.,,,
26010,Герани наводят суету в Киеве 👻,,,
26011,💥Ещё взрывы в Киеве. Перед этим над правым берегом столицы был слышен пролёт Герани,,,
26012,Удары дронами камикадзе Герань по объектам в Киевской области.,,,
26013,Есть прилёт в Киевской области. Взрывы продолжают греметь,,,
26014,💥Взрывы докатились и до самого Киева.,,,
26015,💥Ещё взрывы близ Киева. На объекте Х предварительно пожар,,,
26016,"💥Взрывы близ Киева.
На видео безуспешный тык автоматами в ночное небо в попытке сбить Герани.",,,
26017,"Идёт поражение объектов на Украине дронами камикадзе ""Герань"".",,,
26018,"💥Взрывы в Киевской, Днепропетровской, и Черкасской областях.",,,
26019,"Надо остерегаться всех теорий, ставящих целью боя не нанесение противнику действительного поражения, а только устрашение его какими-либо приемами.

Генерал-майор РККА Свечин А. А.",,,
26020,"ВСУ обстреляли поселок Красная Яруга в Краснояружском районе Белгородской области, по предварительной информации, жертв и пострадавших нет — Гладков

**UPD:** девушка получила осколочные ранения, а мужчина контужен",,,
26021,"В условиях русской капитуляции, которую поручили озвучить Киссенджеру, есть очень забавные и красноречивые нюансы.

Нюанс 1. Капитуляция обставлена максимально оскорбительно. Отсюда у нас начинают кричать, мол, ""они с ума сошли"". Нет, не сошли.

Нюанс 2. Капитуляция сформулирована явно на неприемлемых условиях — полностью сохранить Украину и потом что-то там по Крыму замутить. ""Да они с ума сошли!"" Не сошли.

Нюанс 3. Почему условия настолько демонстративно невыполнимы? А это старая, как мир, технология продажи тебе же твоего же: сначала демонстративно выставлять невыполнимые условия и, в ходе изнурительно хамских переговоров, домотать до ""да ладно, так и быть, мы позволим вам сохранить за собой Крым и, если вы хорошо уступите, то ещё и Донбасс"".

То есть нам пытаются продать наши же территории ценой наших уступок.

Нюанс 4 (главный) Почему сейчас? А вот это самое интересное и смешное. Как ни странно, но наступила та самая зима. И впереди нарастает чёрная яма неуверенности Запада. Западу кровь из носу необходимо успеть развести русских лохов на нынешнюю географию бывшей УССР — чтобы остановить уже начавшийся переход русской экономики на выпуск дронов, высокоточных боеприпасов, защищённых средств связи, чтобы предотвратить окончательный разгром агентуры и резидентуры, сохранить украинских палачей на развод и семя — именно сейчас Западу нужен мир — на унизительных для русских условиях.

Именно поэтому, именно сейчас будет нарастать вой о переговорах.

Как к этому относиться?
Со спокойствием кувалды.
И жечь, жечь, жечь их танки.
И, конечно же, украинские артиллеристы не должны попадать в плен.

А Запад... У Запада впереди много увлекательных событий. Да, они ещё устроят нам кровавые теракты на Новый год, да, ещё много будет боли и страданий. Но капитуляция по-киссенджеровски — это первый звоночек — у кровавых шулеров дёргается веко.

https://t.me/vysokygovorit/10304",,,
26022,"☝️☝️☝️

К слову, прекращению обстрелов Донецка и других городов русского Донбасса сильно поспособствовало бы подавление оставшегося украинского ПВО, чтобы наша фронтовая авиация смогла работать в полную силу!",,,
26023,"Безусловно обстрелы Донецка, [это провокация](https://t.me/voenacher/36076). Именно поэтому дабы на неё не поддаваться, надо рутинно и буднично сносить ВСЮ  критическую инфраструктуру бывшей украины. Это скажется и на фронте, и на боеспособности государства противника. Разбить необходимо не только армию, но и сделать вражескую страну полностью небоеспособной и не интересной для спонсоров. Уничтожение части армии без уничтожения ВПК,промышленных предприятий ( в случае если территория на которой они находятся остается под властью Киева) лишь отстрочит новую большую войну.",,,
26024,Тяжелораненый пациент больницы скончался,,,
26025,"Очень интересно будет потом послушать мнение Затулина и других уважаемых экспертов с федеральных каналов о том, что на войне не надо стремится убивать врагов по ту сторону линии фронта",,,
26026,"Как раз таки наоборот — хорошо просчитанная провокация. Именно во время финала, когда ленты всех СМИ забиты футболом и через этот шум какой-то там обстрел больницы в Донецке просто не пробьется. 

https://t.me/SolovievLive/145874",,,
26027,"Макрон, это тебе карма за Цезари, сука.",,,
26028,"Ещё кадры больницы Калинина в Донецке после террористического удара ВСУ.

Пушилин сообщает об одном тяжелораненом, а также пострадавших средней тяжести.",,,
26029,"Больница Калинина в Донецке, какой-то ад просто",,,
26030,"Донецк, прямое попадание в 6-й корпус больницы Калинина. Пациентов эвакуируют, о пострадавших пока нет информации.",,,
26031,"Обстрел Донецка - провокация и желание вывести наше командование на эмоции, чтоб совершили ошибку.",,,
26032,"И снова укры бьют по Донецку, сегодня буквально целый день...",,,
26033,"Прилёты по центру Донецка

@RtrDonetsk",,,
26034,"**КFOR проведёт учения по разгону баррикад**.

Миссия KFOR под руководством НАТО сообщила, что в ближайшие дни проведет регулярные военные учения вблизи своей базы в муниципалитете Призрен. Целью является обучение **обеспечению свободы передвижения в кризисной ситуации** с привлечением инженерной тяжелой техники и вертолетов, говорится в сообщении. 

Тогда в Сербии пройдут учения по пересечению административной границы с Косово.",,,
26035,И ещё один обстрел Донецка из «Града» или его чехословацкого аналога RM-70...,,,
26036,"**Обстановка в Косово к текущему часу:

**1. Баррикада остаются стоять. КПП Яринье и Брняк остаются закрытыми. Задержанные сербы остаются под арестом. KFOR и EULEX усилили свои патрули в регионе;

2. Возле КПП Яринье со стороны центральной Сербии проходит ранее анонсированный митинг в поддержку косовских сербов. На протест прибыло около 200 человек из Сербии, Республики Сербской и Черногории. В целях безопасности сербская полиция никого не подпускает к КПП ближе, чем на 300 метров; 

3. Главарь непризнанной ""Республики Косово"" Альбин Курти заявил, что просьба Сербии о возвращении её армии и полиции в Косово является __«смехотворной»__. Он также заявил, что албанские боевики из ""полиции Косово"" были отправлены на север края для__ «защиты граждан и задержания преступников»__. 

__«Европейский союз и США оказывают все большее давление на Сербию, чтобы она сделала выбор между демократическим Западом и Россией__», — подчеркнул Курти.

4. Министр обороны Сербии заявил, что ситуация в Косово по-прежнему очень напряженная.",,,
26037,"Хохловские петухи снова ебашут по Донецку Градом. 

Оставайтесь в укрытиях.",,,
26038,"Губернатор Гладков опубликовал фото поврежденного украинской ракетой корпуса птицефабрики, где сегодня погиб гражданский",,,
26039,"Обломок, предположительно, американской ракеты AGM-88 HARM, найденный в Белгороде.

Взято у @notes_veterans",,,
26040,Расчёт ПТРК 11-го гвардейского полка 1-го АК уничтожил пикап ВСУ в районе Первомайского,,,
26041,"По уточненной информации, 1 человек погиб и еще 8 получили ранения в результате украинской ракетной атаки по Белгороду и Белгородскому району",,,
26042,"«Ланцет» уничтожает украинский ЗРК «Оса» в районе Артёмовска (Бахмута)

@The_Wrong_Side",,,
26043,"__«Есть ли риск эвакуации крупных городов как Киева или Одессы? Мы будем держаться, когда люди хотят уехать — они могут уехать, но если город будет пустым, то его легко захватить». 

__Честность — это всегда хорошо 😊",,,
26044,"Губернатор Гладков сообщил, что в Белгороде после украинского ракетного удара четверо гражданских получили ранения средней тяжести. В нескольких многоквартирных домах и частном секторе выбиты окна, есть небольшие повреждения от осколков, также осколками повреждены автомобили. 

В Белгородском районе, к сожалению, есть 1 погибший и 1 раненый. Повреждения получила птицефабрика.",,,
26045,"Привет читатель!

На связи рубрика ""биполяр хохлячьего очка"".  Хорошая фотка, тарасик, который на рубеже 40х мог бы стать отличной новогодней свечкой или куском мыла, сейчас гордо носит патчик своих ебателей. 

Ох уж этот нацизм с хуторским наречием 🤡",,,
26046,"На следующей неделе Путин примет участие в расширенном заседании коллегии Минобороны РФ, также президент России [завтра](https://t.me/voenacher/35830) посетит Минск",,,
26047,"Всего над Белгородским районом было слышно около 12 взрывов. ПВО перехватывало украинские ракеты. 

Били целенаправленно по жилым кварталам. У некоторых повыбивало стекла, побило осколками машины. На местах падения обломков во дворах виднеется дым.",,,
26048,"__«Над Белгородом и Белгородским районом сработала наша система ПВО. Есть последствия на земле. На данный момент известно о четырех пострадавших. Бригады медиков доставляют их в больницу. Нахожусь на месте происшествия. Более подробная информация будет позже»__, — сообщил губернатор Гладков",,,
26049,"ВСУ попытались нанести ракетный удар по Белгороду, сработало ПВО. Предварительно обломки сбитой ракеты упали в жилом квартале.",,,
26050,Свежий репортаж о боях за Марьинку,,,
26051,ВСУ ударили по Петровскому району Донецка из «Града»,,,
26052,"У рагулей новые кровные враги! Цэ ФИФА, которая не дала выступить великому (как он о себе думает) Зеленскому перед финалом ЧМ.",,,
26053,"Ранее не публиковавшиеся осенние кадры поражения польской 155-мм САУ «Краб» с помощью «Ланцета»

@RtrDonetsk",,,
26054,"Продолжение для родни ВСУшников к вот [этому посту.](https://t.me/voenacher/35977?single)

Вы вчера писали нам в предложку и просили доказательства их гибели.",,,
26055,"**🇷🇺🇺🇦💡 Последствия ударов ВС РФ по энергетической инфраструктуре Украине — разбор **[**Рыбаря

**](https://t.me/rybar)Спустя двое суток после [массированного огневого поражения](https://t.me/rybar/42052) 16 декабря можно оценить эффективность российских ударов по критически важным объектам на территории Украины.

Целью было лишить электроснабжения крупные города-миллионники** Киев**,** Харьков**, **Одессу**,** Днепропетровск** и **Запорожье**. 

**▪️Харьков** и **Полтава**: были нанесены удары по** ТЭЦ-5**, **ПС Залютино 330кВ** и **ТЭЦ-2 Эсхар**. 
➖ТЭЦ-5 фактически прекратила работу. 
➖На ПС Залютино уничтожены все автотрансформаторы, повреждено высоковольтное оборудование. 
➖В ТЭЦ-2 удар пришелся по ОРУ 110 кВ. 
➖Уже на следующие сутки было восстановлено электроснабжение. Оставшаяся невредимой **ТЭЦ-3**, генерирующая около** 86МВт**, не может снабжать весь Харьков электроэнергией. Вероятно, что электроснабжение осуществляется через ОРУ **Змиевской ТЭС**. 
➖Для предотвращения этого сценария, вероятно, и наносились удары по **ПС Кременчуг 330кВ** и **ПС Миргород 330кВ**, что привело к отключениям попутно в Полтавской области. Но повреждения, судя по всему, носили некритичный характер, а транзит электроэнергии через **ПС Полтава 330кВ** к утру удалось восстановить. 

**▪️Киев** **и Житомир**: ракеты поразили **ТЭЦ-5**, **ТЭЦ-6** и **ПС Лесная 330кВ
**➖В части районов удалось восстановить электричество (за исключением **Броваров**).  Косвенно это свидетельствует о том, что** ТЭЦ-6** выведена из строя.  
➖Несмотря на сохранение генерации от** Киевской ГЭС**, ситуацию исправить не получилось — вероятно, из-за нанесенных ранее ударов по **ПС Вышгород 110кВ**. 
➖Удар по **ПС Лесная 330кВ** в окрестностях **Коростеня**позволил прервать транзит электроэнергии от **Ровенской АЭС** к **Киеву** через **ОРУ 330кВ** **Чернобыльской АЭС**. 

**▪️Днепропетровск**: повторно нанесены удары по **Приднепровской ТЭС**. Предположительно, поражены **Днепровская ТЭЦ **в **Днепродзержинске** (**Каменское**) и **ПС Павлоградская 330кВ**. 
Свет на Днепропетровщине до сих пор не восстановлен. Энергосистема самого Днепропетровска сильно повреждена в результате предыдущих ударов. 

**▪️Запорожье**: поражена** Днепровская ГЭС
**Несмотря на удары по **машзалу №1 **и** ОРУ 330 кВ**, электроснабжение города не сильно пострадало. Судя по всему, ещё сохраняется возможность передачи мощности через **ПС Запорожская 750кВ** от **Южноукраинской АЭС**.

**▪️Одесса:** удары по подстанциям в городе и области
Последствия удалось частично нивелировать. Хотя электротранспорт в городе не работает, в Одессе уже успели триумфально зажечь ёлку.

**▪️Кривой Рог**: вероятно, удары по **ПС Кировская 330кВ**.
Ситуация сложная из-за **Криворожской ТЭС**: если та и работает, то далеко не на полную мощность (наш разбор [здесь](https://t.me/rybar/40997)). Электроснабжение в городе полностью не восстановлено до сих пор.

**▪️В остальных регионах** электроснабжение восстанавливается, но с ограничениями и введением аварийных графиков. В Львовской, Сумской и Ровенской областях отключения происходили в ответ на удары в других регионах.

**🔻Удары по электростанциям и подстанциям дают свой эффект, но не приносят пока конечный результат.** 

Украинские энергетики занимаются латанием дыр и сбором аварийных схем. Но запас пропускной способности энергосистемы в нескольких регионов уже кончился — сделать с этим ничего нельзя.

Серьёзно затронуло железные дороги: из-за массовых отключений остановились поезда на электротяге. Тепловозов, чтобы исправить ситуацию, явно не хватает: некоторые пассажирские поезда задерживаются по 14 часов. 

**Впервые** было объявлено **чрезвычайное положение** в стране из-за ситуации в электроэнергетике.

Сроки восстановления косвенно указывают на проблемы с точностью ударов: ракеты порой поражают не важные здания и выключатели, а пустыри, оставляя огромные воронки. Повредить так можно разве что изоляторы и провода, которые потом восстанавливаются за 12 часов.

**❗️Но удары по критически важным технологическим узлам ТЭС, ТЭЦ и ГЭС нужно продолжать. Особое внимание стоит уделить Змиевской ТЭС, как главному узлу, на котором сейчас держится электроснабжение Харькова, а также ТЭЦ-3, отвечающей за питание промышленных объектов.
**#разбор #Россия #Украина #электричество
@rybar

__*Поддержать нас: __`4377 7278 0407 7977`",,,
26056,"""Подарки"" от ВСУ в Ворошиловском районе Донецка

@WarInMyEyes",,,
26057,"Последствия вчерашнего обстрела города Счастье в ЛНР из HIMARS. 

Разрушено 4 жилых дома, погибли 3 мирных жителя и еще 5 получили ранения.",,,
26058,Ночные стрельбы 238-ой артиллерийской бригады из РСЗО «Град» на Сватовском направлении,,,
26059,"🇬🇧🇺🇦Риши Сунак [захотел](https://www.bbc.com/news/uk-politics-64006121) предать украинцев и провести аудит поставленного оружия на Украину, причем в контексте «что прислали и какой выхлоп?», уже не говоря о контрабанды западных вооружений Киевом. Причины просты: военный бюджет будет в Англии де факто сокращен, численность ВС страны снизится на минимальный с XVIII века уровень, да и кучу программ (например, ставшую из-за неудач и коррупции мемом программу создания БТР Ajax). Денег-то в стране нет, а благодаря Лиз Трасс и ее политике печатания фунта валюта обрушилась до практически уровня доллара. 
Судя по всему, поддержка Украины будет ослабевать (нет, в ноль не кончится), хотя дипломатически Лондон и дальше будет курировать войну до последнего украинца.

Война История Оружие 
[Подписаться на канал](https://t.me/warhistoryalconafter)",,,
26060,"""Грады"" ЮВО ведут стрельбу",,,
26061,"Вечерний Владлен. 17.12.2022г.

- Обстановка. Бахмут и Марьинка. 
- Удары по ПВО. 
- Батлл [Даниила Бессонова](https://t.me/vladlentatarsky/18132) на Первом канале. 
- Рубрика ""Пока мы воюем"". Кто такие инофоны и программа ""Одинаково разные"".",,,
26062,"**Германия не будет в одностороннем порядке передавать Украине танки западного образца, и это условие сохранится и в следующем году — Шольц.

**__«Мы придерживаемся трех четких принципов. Во-первых, мы поддерживаем Украину в меру наших возможностей. Во-вторых, мы предотвращаем прямую конфронтацию между НАТО и Россией. И, в-третьих, не будет никаких односторонних действий со стороны Германии»,__ — заявил немецкий канцлер.",,,
26063,"Генерал Мороз

https://t.me/warhistoryalconafter/75562",,,
26064,"Хочется верить, что это не просто красивые отчёты от МО. Уничтожение украинского ПВО должно сейчас быть первоочередной задачей! 

https://t.me/vysokygovorit/10294",,,
26065,"☝️☝️☝️

**Уважаемый Рыбарь ****@rybar**** написал **[пост](https://t.me/rybar/42083)** про такой важный элемент украинский пропаганды, как знаменитые ""самообстрелы"". 

**Киевский режим ещё с 2014 года рассказывает, что это русские войска сами специально обстреливают подконтрольные им города, чтобы потом обвинять в обстрелах бедную Украину. А сейчас, когда ВСУ из-за исчерпания имеющихся у них советских арсеналов почти полностью перешли на артиллерию западного производства, представитель Главного управления разведки Украины заявляет, что коварные русские по всему фронту собирают обломки НАТО-вских боеприпасов и свозят их в Донецк. 

В своём посте Рыбарь делает вывод, что такие обвинения нужны для ещё большего усиления ненависти к русским среди населения Украины. Мол ""посмотрите какие подлые и циничные эти рашисты!"". 

Это так, но на наш взгляд есть** ещё один** не менее важный момент: для киевского режима **недопустимо** признание в хаотичных обстрелах городов Донбасса, это несёт большие риски для всей украинской идеологи! 

Вся украинская пропаганда строится на том, что Украина в этом конфликте — жертва. Дескать жили себе мирные украинцы, никого не трогали, а тут пришли клятые ""москали"", отняли Крым и Донбасс, а потом и вовсе полномасштабно напали! Жертва не может никому ничего плохого сделать, понимаете? 

А признание ""да, мы бьем по неподконтрольным нам городам"" может создать у населения Украины много ненужных вопросов: 
— ""А для чего мы целенаправленно бьем по жилым кварталам?"";
— ""Если мы так делали все эти годы, то получается русские не врали и мы действительно нарушали минские соглашения?""; 
— ""А из-за чего же на самом деле тогда война началась?"";
— ""Если мы бьем по неподконтрольным городам, то кто же на самом бьет по Запорожской АЭС?""; 
— ""А может тогда не стоило нашей власти провоцировать Россию и делать всё то, что привело к физическому уничтожению Украины?"". 

Безусловно, мощнейшая идеологическая обработка в течении долгих лет сделала своё дело и значительной части населения будет абсолютно всё равно на признание в военных преступлениях ВСУ на Донбассе, многих это наоборот порадует даже. Но риски в Киеве просчитывают. 

Кроме этого, такие признания — риск на международной арене. В странах ЕС и так проходят митинги с требованиями прекратить спонсировать Украину и заняться решением внутренних проблем. Сейчас людям там говорят, что они делают благородное дело — помогают Украине отстаивать ""свободу, демократию и мировую безопасность"". А тут вдруг может выяснится, что Запад просто помогает не проиграть тому, кто сам виноват во всём происходящем. Как думаете, почему ООН раз за разом заявляет, что **не может** определить, кто обстреливает Донецк или Запорожскую АЭС?",,,
26066,"🇷🇺🇺🇦🖇 Какое показательное видео: в эфире телеканала представитель Главного управления разведки (ГУР) Украины утверждает, что ВСУ, оказывается, не наносят удары по **Донецку.**

По его словам, никаких залпов по городу нет вовсе: все ролики с убитыми мирными жителями он называет __постановочными__ и говорит, что ВС РФ __специально свозят__ на место прилетов найденные остатки боеприпасов западного производства.

Вот **Даниил Безсонов ****@NeoficialniyBeZsonoV** [задает](https://t.me/NeoficialniyBeZsonoV/20623) логичный вопрос: а на кого вообще рассчитаны такие идиотские заявления? Ответ крайне прост: на **самых обычных жителей Украины. 

▪️**В стране на полном серьезе верят в «самообстрелы» Донецка. В данном случае представитель ГУР лишь еще раз озвучил то, что для львиной доли населения страны является __безусловной__ истиной.

▪️В соотвествии с ней **любой **русский вне зависимости от возраста и пола — враг, который не заслуживает права жить. Все это не только результат работы агрессивной пропаганды, но и проявление [украинской государственной идеологии](https://t.me/rybar/41364).

▪️Именно поэтому ВСУ легко [забрасывают](https://t.me/rybar/36254) неподконтрольные города минами-лепестками против гражданских лиц, а местная прокуратура [одобряет](https://t.me/voenacher/33946) расстрел сдавшихся российских пленных.

🔻В этих условиях население Украины будет __искренне__ радоваться терактам убийствам любых жителей России. Никакой рефлексии у них нет: если в российском патриотическом инфополе [могут говорить](https://t.me/rybar/35548) о [случайных жертвах](https://t.me/rybar/37398) среди мирных украинцев в ходе ударов, то по ту сторону фронта такое фактически невозможно. Заявление представителя ГУР тому явное подтверждение.

Положить этому конец можно лишь одним образом: **уничтожить нынешнюю украинскую государственность.** Никакие желаемые [отдельными лицами](https://t.me/vladlentatarsky/18132) договоренности не помогут: в Киеве просто __принципиально__ не будут их выполнять и не удовлетворятся абсолютно** никакими** уступками.

И чем раньше в России придет осознание этого факта, тем быстрее будет решена проблема. Иных вариантов сейчас нет.
#Донецк #медиатехнологии #Россия #Украина
@rybar

__*Поддержать нас:__ `5536 9141 9147 4885`",,,
26067,"Иран нарастил темпы обогащения урана до самого высокого показателя за всю историю атомной промышленности исламской республики, заявил глава Организации по атомной энергии Ирана Мохаммад Эслами",,,
26068,"Главный комендант польской полиции Ярослав Шимчик думал, что ему на Украине подарили использованный гранатомёт, поэтому он случайно выстрелил из него в здании.

__«Когда я переставлял использованные гранатомёты, которые были подарками от украинцев, произошёл взрыв»__, — сказал он в эфире радиостанции RMF FM.

В этой истории прекрасно всё.",,,
26069,"Греция пыталась перехватить турецкие самолеты во время их полета в рамках миссии НАТО «NEXUS ACE», турецкие ВВС дали необходимый ответ и миссия альянса была успешно завершена — Минобороны Турции.

Другие подробности не сообщаются.",,,
26070,"Блин, зато с ним бухать круто, посмотрите как удобно можно ставить пиво на его голову, она же почти полностью квадратная.

https://t.me/vysokygovorit/10293",,,
26071,"Конечно же петухи его не получат до конца войны. Ну или оно под чужим флагом пойдёт. Ну в любом случае, мазепе эту бутылку в дупу затолкает либо флот, либо береговая оборона, и это хорошо",,,
26072,"Там это, в турции украинское корыто спускали, так бутылка шампанского не разбилась. Назвали мазепой (жаль не бендерой дырявым), а как корыто назовёшь,  так оно и всплывет😏",,,
26073,"Во всех подразделениях внутренних войск МВД Белоруссии создадут отряды из военнослужащих запаса, их целями будут при необходимости борьба с ДРГ и незаконными вооруженными формированиями, сообщили в министерстве",,,
26074,"С днем РВСН ! 
Наша редакция с радостью и со всей теплотой поздравляет всех причастных, кто прошел службу или несет её сейчас в этих войсках! От ваших действий зависит без малого весь мир! Еще раз с праздником и спасибо за Вашу работу!",,,
26075,"С 04.12 по 10.12 - недалеко от Сватово. 
Более 30 200ых оставлены всучками по посадкам. Нашим приходится их собирать. 
15 пополняют лагеря для военнопленных, среди них майор с простреленной жопой.",,,
26076,"Наша не особо любимая рубрика, пост для родни всушников. 

Вот эти домой приедут не целиком.",,,
26077,"Защитный купол от осколков снарядов и дронов начали монтировать над хранилищем отработанных ядерных отходов на Запорожской АЭС, сообщают власти региона",,,
26078,Контингент НАТО KFOR усилил патрулирование и свое присутствие на севере Косово на этой неделе и внимательно следит за развитием ситуации — заявление,,,
26079,"Вчера Президент посетил объединённый штаб родов войск, задействованных в специальной военной операции.

Верховный главнокомандующий ознакомился с работой штаба, заслушал доклад о ходе СВО, а также провёл совещание и отдельные встречи с командующими.",,,
26080,"Очередной полк со стратегическим ракетным комплексом «Авангард» с гиперзвуковым управляемым боевым блоком заступил на боевое дежурство в Ясненском ракетном соединении в Оренбургской области, сообщили в Минобороны России",,,
26081,Последствия утреннего обстрела центра Донецка,,,
26082,За прошедшие сутки на территории ДНР от украинских обстрелов погиб 1 мирный житель и еще 7 получили ранения — Штаб Теробороны ДНР,,,
26083,Последствия ночного обстрела Буденновского района Донецка,,,
26084,💥После взрывов в Одессе объявлена воздушная тревога.,,,
26085,"""Грады"" ЗВО ведут стрельбу",,,
26086,Ударов было нанесено несколько. На видео вспышка от прилёта в районе Дружковки.,,,
26087,"В Краматорске знатно ебануло, тревога включилась через 5 мин после взрыва.

Напоминаем, на Краматорск сейчас опирается оборона ВСУ в Бахмуте.",,,
26088,"Дядь Саш, ещё бы ВСУшники были б не уверены в своей победе, у нас же с эфиров федеральных каналов Затулин заявляет, что мы в них стрелять не должны. У этого персонажа все ещё какие-то нацисты где-то там бегают, а ВСУ это другое. 

Если нас потом будут читать разъярённые помощники этого гениального депутата, то пусть прочитают комментарии и сделают ему распечатку, [вот из этого поста](https://t.me/voenacher/35941).

https://t.me/Sladkov_plus/6857 <--- ссылка на пост Александра Сладкова",,,
26089,"[❗️🇷🇺🇺🇦](https://rybar.ru/piwigo/i.php?/upload/2022/12/16/20221216195120-397ca44c-xl.jpg) **Хроника** **специальной военной операции
**__за 16 декабря 2022 года

__Российские войска нанесли [массированные удары](https://t.me/rybar/42052) по объектам критической инфраструктуры Украины: поражены цели в **Киеве**, а также в **Запорожской**, **Харьковской**, **Николаевской**, **Полтавской**, **Днепропетровской**, **Винницкой**, **Житомирской**, **Кировоградской**, **Тернопольской** и **Одесской** областях.

Украинские средства ПВО в очередной раз показали низкую эффективность. В большинстве регионов страны из-за ударов произошли аварийные отключения электро- и водоснабжения.

**🔻Белгородская область:

**▪️Украинские формирования обстреляли село **Новая** **Таволжанка** в Шебекинском городском округе, один из снарядов попал в подвал школы. Жертв и пострадавших нет. 

**🔻Харьковская область:

**▪️Российские войска поразили **ТЭЦ-5** и **ПС Залютино 330кВ** в **Харькове**, а также нанесли удары по объекту энергетической инфраструктуры в **Чугуевском** **районе**.

**🔻Старобельское направление:

**▪️На **Купянском** участке продолжаются бои в **Новоселовском**. Российская артиллерия ведет интенсивный огонь по позициям противника на западной окраине села.

▪️На **Лиманском** участке украинские подразделения предприняли наступление в сторону **Площанки** и **Кременной**. ВС РФ отбили атаки противника, вынудив его с потерями отступить на исходные позиции.

**🔻Соледарское направление (**[карта](https://t.me/rybar/42051)**):

**▪️На **Лисичанском** участке продолжаются боестолкновения на западной окраине **Белогоровки**.

▪️На **Соледарском** участке подразделения ВС РФ завершили зачистку **Яковлевки**, обеспечив плацдарм для наступления на **Соледар**.

▪️На **Бахмутском (Артемовском)** участке штурмовые отряды ЧВК «Вагнер» ведут бои на востоке **Бахмута**. 

Подразделения 3 батальона 28 омбр и 46 оаэмбр ВСУ предприняли наступление на позиции ВС РФ в **Озаряновке**. Российские войска отразили атаку, оттеснив противника на исходные рубежи.

**🔻Луганская Народная Республика:

**▪️Украинские формирования выпустили ракеты из РСЗО HIMARS по **Лантратовке** и **Стаханову**: повреждены жилые постройки, школа и отделение почты. Погибло не менее 11 человек, еще 17 получили ранения.

▪️Противник из ствольной артиллерии обстрелял жилые постройки в **Сватово**, погиб один мирный житель.

**🔻Донецкое направление:

**▪️Продолжаются позиционные бои в центре **Марьинки** и в районе **Большой** **Новоселки**.

▪️ВСУ нанесли удары по гражданским объектам **Донецка**, **Горловки**, **Макеевки**, **Старомихайловки**, **Ясиноватой** и других населенных пунктов агломерации. Среди мирных жителей есть погибшие.

**🔻Запорожское направление:

**▪️Российские войска поразили Днепровскую ГЭС-1 в **Запорожье**: удары пришлись по ОРУ 330кВ, железобетонным конструкциям машинного зала №1, помещениям столовой и складу с ЗИП.

**🔻Южный фронт: Херсонское направление

**▪️На южном участке фронта продолжаются артиллерийские дуэли: ВС РФ отработали по местам сосредоточения противника в **Херсоне**, **Токаревки**, **Чернобаевки** и **Берислава**. 

В свою очередь, украинские формирования обстреляли жилые постройки в **Каховке**. 

[**Карта в высоком разрешении

**](https://rybar.ru/piwigo/upload/2022/12/16/20221216195120-397ca44c.jpg)**Foreign versions:** [**DE**](https://rybar.ru/piwigo/upload/2022/12/16/20221216194925-d44d767a.jpg) | [**EN**](https://rybar.ru/piwigo/upload/2022/12/16/20221216194959-933d196a.jpg) | [**ES**](https://rybar.ru/piwigo/upload/2022/12/16/20221216195032-3b40c576.jpg) | [**FR**](https://rybar.ru/piwigo/upload/2022/12/16/20221216195035-ace08b2b.jpg) | [**IT

**](https://rybar.ru/piwigo/upload/2022/12/16/20221216195059-ff9894f7.jpg)#дайджест #Бахмут #Донецк #Запорожье #карта #Луганск #Россия #Славянск #Украина
@rybar

__*Поддержать нас:__ `5536 9141 9147 4885` | `0x4739352b67Da6F4064757627D92A08EaDd3fb6b6` (ETH) | `33i1BwMuzeYTAUNtiLa6CjvaHtTVYNJfnp` (BTC)",,,
26090,"Немного эмоциональный эфир получился. Чтобы снова не углубляться, напишу следующее.

На войне люди в конце концов делятся на четыре категории:
- Те кто убивает;
- Те кого убивают;
- Пленные;
- Покалеченные.

Если вы отправляете своих солдат не убивать, значит вы отправляете их умирать.

@NeoficialniyBeZsonoV",,,
26091,"Ещё один [красавец](https://t.me/voenacher/35906?single) в копилку.

Александр Харченко",,,
26092,"**Обстановка в Косово к исходу 16 декабря:**

1. Арестован уже [четвёртый](https://t.me/vestniksrb/3368) серб из числа подавших в отставку полицейских. Албанские ""власти"" непризнанного Косово составили [список](https://t.me/rtbalkan_ru/876) из 230 сербов, которых обвиняют в совершении ""военных преступлених в ходе боевых действий в Косово""; 

2. Жители села Богошевац около Призрена [заявили](https://t.me/vestniksrb/3364), что албанцы ограбили несколько сербских домов и церковь. Раннее президент Вучич [заявлял](https://t.me/rtbalkan_ru/791), что этот год стал рекордным по числу нападений албанцев на этнических сербов в Косово;

3. Жители 5-и сёл в северном Косово остаются без света и мобильной связи, так как боевики из ""полиции Косово"" [не пускают](https://t.me/vestniksrb/3372) ремонтников устранять неисправности;

4. KFOR [рассматривают](https://t.me/tass_agency/172485) запрос Белграда на ввод контингента армии и полиции Сербии в край. Очевидно, что Сербии в этой просьбе откажут. Официальный Белград также не питает иллюзией на этот счёт;

5. У посольства Сербии в Албании проходят [акции протеста](https://t.me/vestniksrb/3376?single) против возвращения сербских военных в Косово и Метохию;

6. В Белграде проходит очередной [митинг](https://t.me/voenacher/35936) в поддержку косовских сербов.",,,
26093,"США объявили о новом пакете помощи Украине на $858 млн, — Reuters со ссылкой на Белый дом

Сообщается, что он будет включать в себя дополнительные средства ПВО.",,,
26094,Митинг в Белграде в поддержку косовских сербов (смотреть со звуком),,,
26095,"Кратко по обстановке на фронте в районе Кременной. Сегодня хохол вновь пытался атаковать позиции 144 мсд с трех сторон (Невское, Терны, Нац. Парк), действовал несколькими штурмовыми группами. 144 буднично нанесла удар, ВСУ ретировались, оставив в серой зоне несколько остывающих трупов своих побратимов. 

ПВО над Кременной продолжает работать очень активно, ракеты взмывают в небо одна за одной. Также очень активно и самое главное точно, работает наша артиллерия. Медицинская эвакуация ВСУ после каждого артналета отправляет Швидку мэдичну допомогу и увозит (иногда по частям) бойцов збройных сил.

Из интересного: ВСУ на протяжении нескольких последних дней в направлении Кременной осуществляют по 4-5 вертолетовылетов МИ-8. Отрабатывают с кабрирования НАРами. Дальность стрельбы составляет около 5 км. Заходят на предельно малой высоте. Бьют с направления Ивановка. Толку от такой стрельбы мало, за 3 дня авианалетов у нас ни одного раненого. Но в любом случае то, что хохол продолжает летать-плохо. С другой стороны, рано или поздно мы их обязательно собьём.",,,
26096,"Греция готова отправить стоящие на вооружении армии республики российские ЗРК С-300 Украине, но только если США установят на Крите взамен них противоракетные комплексы Patriot, сообщили в греческом Минобороны.

Где-то радуется Эрдоган.",,,
26097,"Стрелковый бой во время штурма позиций укропетухов на Сватовском направлении.

@salskiydvizh",,,
26098,"Парламент Хорватии проголосовал против участия в миссии ЕС по подготовке украинских военных (EUMAM Ukraine), сообщает Associated Press.",,,
26099,"Вечерний Владлен. 16.12.2022г.

- Чем грозит хохлам потеря Бахмута?
- Вторая волна мобилизации.
- ВШЭ. @voronhse",,,
26100,"Как выяснилось, на [видео](https://t.me/voenacher/35904) уничтожение РЛС П-18МЛ — литовская модификация, о поставках которых не было известно. Спасибо коллегам с [LostArmour](https://t.me/lost_armour).",,,
26101,ВСУ в бессильной злобе снова обстреляли Донецк из «Града»,,,
26102,"JDAM это штука отличная, если они действительно дадут именно свои, на своих МК-шках (американские авиабомбы). Если на наших (их) ФАБ-инах, то хуже. Ибо надо проводить работу по расчёту баллистики, в общем — это уже хуйня, а не JDAM . Ну и второе — чтобы метнуть такую бомбулю нужна скорость и высота. При том большая скорость и высота. Если со скоростью они еще справятся, то с высотой им придет пиздец. Тем более, если мы говорим об их (наших) ФАБ-ах, которые весят больше, а значит уже не укладываются в заявленные данные. Это все работа максимум по передку, тем более если это все умножить на количество носителей, то получим весьма эпизодическое участие.

https://t.me/readovkaru/2030",,,
26103,"[🇷🇺🇺🇦💡](https://rybar.ru/piwigo/i.php?/upload/2022/12/16/20221216094029-32bcef3d-xx.jpg)** Массированный ракетный удар ВС РФ по инфраструктурным объектам на территории Украины 16 декабря — что известно к 12.00

**ВС РФ нанесли очередной массированный ракетный удар по целям на всей территории Украины. 

▪️В **Киеве **в очередной раз поражены **ТЭЦ-5** (Голосеевский район), **ТЭЦ-6 **(Деснянский район) и **Дарницкая ТЭЦ** (Днепровский район). Остановилось метро, частично пропало электричество и остановилось водоснабжение.

▪️На Запорожскую область, как заявили местные власти, пришлось не менее **12 ударов**. В оккупированном **Запорожье** частично пропало электричество и вода.

Нанесён удар по **машинному залу ДнепроГЭС**. 

▪️В **Харькове** в результате ударов полностью остановился наземный транспорт и метро. Наблюдаются перебои с мобильной связью. Частично нет света и воды. Всего нанесено **7 ударов **только по областному центру и **3 **по области.

Вероятнее всего, поражена** ПС Залютино **330кВ и** ПС Харьковская 330кВ**. Накануне ВС РФ наносили удары по **ТЭЦ-5**. А вот **ТЭЦ-3**, от которой запитаны все промышленные объекты, осталась невредима.

Судя по сообщениям об ударе по Чугуевскому району, огневое поражение могло быть нанесено **ТЭЦ-2 Эсхар**.

▪️Пропал свет в **Полтаве **и** Полтавской области**. Вероятнее всего, повторному огневому воздействию подверглась **ПС Кременчуг 330кВ**. Есть подозрения, что еще поражена **ПС Миргород 330кВ**.

▪️В** Днепропетровской област**и прогремели взрывы в **Каменском** и областном центре. Вероятнее всего, в очередной раз поражена** Приднепровская ТЭС** — движение по Южному мосту напротив ТЭС перекрыто. В **Каменском** удар нанесен предположительно по **ПС Прометей 330кВ**.

Прогремели взрывы и в **Павлограде** (вероятно, **ПС Павлоградская 330кВ**). В городе приостановлена работа котельных и водоснабжение.

В **Кривом Роге **местные жители тоже сообщили о взрыве: в городе пропали вода и свет. Мы уже писали, что Криворожская ТЭС была остановлена ещё полтора месяца назад. Поэтому удар с высокой долей вероятности был нанесен либо по **ПС Кировская 330кВ**, либо **ПС Южная 330кВ**. С точки зрения логики, поражена скорее всего **ПС Кировская 330кВ **— от неё снабжается водоканал.

▪️В **Черкасской области **пропал свет. Это могло произойти как из-за удара по **ПС Поляны 330кВ**, так и обесточивания всей линии 330кВ вдоль Днепра.

▪️В** Кировоградской области**, вероятнее всего, поражена **ПС Украинка 330кВ**. Встали насосные станции, пропало электричество. Обесточено несколько ж/д участков. 

Но факт выключения __всей__ области может свидетельствовать об отключениях через ОРУ 330кВ **Южноукраинской АЭС**. 

▪️Нанесены удары по **Николаеву** и области. Местные жители сообщают о перебоях с электроснабжением.

▪️В **Тернопольской области** прогремели взрывы. Во всей области есть только одна **ПС Тернопольская 330кВ**.

▪️В **Виннице** тоже зафиксированы удары. Возможно поражение **ПС Винница 330кВ**.

▪️В **Одесской области** поражен инфраструктурный объект. В областном центре частично пропало электричество.

▪️На **Житомирщине** поражена** ПС Лесная 330кВ **в **Коростене**. Подстанция в обход через ОРУ Чернобыльской АЭС питала Киев от **Ровенской** и **Хмельницкой АЭС**.

▪️В **Волынской**, **Львовской, Ровенской**, **Сумской **и** Херсонской областях** аварийные отключения.

Это прямое следствие ударов по другим регионам. Те же **Сумы** зависят как раз от **Кременчуга** и **Киева**. А из-за ударов по ПС Лесная 330кВ могли встать реакторы **Ровенской АЭС**.

🔻Хотя ракетный удар и нельзя назвать __самым__ массированным за последние месяцы, но количество выпущенных ракет и география целей всё равно впечатляют. 

Это подтверждает __системность__ огневого поражения.

В украинском инфополе появилась новая байка: люди в чатах убеждают друг друга, что электричество отключают __специально__ ещё до ударов, чтобы ввести противника в заблуждение. Кто-то и вовсе пишет, что на время огневого налёта __специально__ останавливают электростанции. 

Практического смысла от таких мероприятий нет никакого. Но украинское население верит в такого рода побасенки и убеждает друг друга в том, что удары ВС РФ безрезультатны.

А это не так.

[**Карта в высоком разрешении

**](https://rybar.ru/piwigo/upload/2022/12/16/20221216094029-32bcef3d.jpg)[**English version

**](https://rybar.ru/piwigo/upload/2022/12/16/20221216094028-a9da5101.jpg)#дайджест #Россия #Украина #электричество
@rybar

__*Поддержать нас: __`5536 9141 9147 4885`",,,
26104,"Именная бронетехника в зоне проведения СВО.

@Ugolok_Sitha",,,
26105,Одно из предприятий ДТЭК отключено от энергосистемы.,,,
26106,"""Ланцет"" продолжает выносить ПВО ВСУ.

""Пропавшая без вести"" П-18 «Терек» — мобильная двухкоординатная радиолокационная станция кругового обзора. 
Хотели скрыться под ""дымами"", но в итоге теперь придётся скрыться их командирам от родственников экипажа станции, чтобы не отвечать на сложные вопросы. 😉

Материал от @russian_airborne",,,
26107,"**Обстановка в Косово к этому часу:

**1. Ни одна из 7-и баррикад не разобрано, несмотря на требования косовских ""властей"". Сербы продолжают посменно дежурить на баррикадах несмотря на плохую погоду, количество протестующих не уменьшается. 

2. Вчера вечером в Косовской Митровице был [арестован](https://t.me/vestniksrb/3359) еще один серб из числа недавно подавших в отставку полицейских — Сладжан Трайкович. Ранее задержанные Деян Пантич и Милян Аджич остаются под арестом, информации об их местоположении и самочувствии нет; 

3. Протестующе сербы требуют ввести в Косово воинский контингент Сербии. Сегодня Белград, как и обещал, [направил](https://t.me/voenacher/35889) KFOR официальный запрос об этом. Президент Вучич вчера выступил с эмоциональной речью и заявил, что сербский народ больше не будет терпеть албанский террор;

4. В свою очередь ""власти"" самопровозглашенного Косово [категорически против](https://t.me/rtbalkan_ru/848) возвращения сербских военных и полицейских в край. Такой же позиции [придерживаются](https://t.me/rtbalkan_ru/833) и их американские кураторы.",,,
26108,"60 из 76 ракет сбито по заявлениям Генштаба ВСУ. Раньше заявляли больше, к слову.

Тем временем потихоньку энергосистема [разваливается](https://t.me/voenacher/35893).",,,
26109,Кадры работы танковых подразделений 2 Армейского корпуса на Соледарском направлении.,,,
26110,"Пригожин заявил, что гендиректор Русского дома в ЦАР, на которого было совершено покушение, ранее получал записку ""от французов"" с призывом ""русским убираться из Африки""",,,
26111,Огневое поражение миномётного расчёта ВСУ в районе Каменки,,,
26112,Веримо в ППО!,,,
26113,"""Укрэнерго"" объявило чрезвычайную ситуацию. В результате сегодняшнего удара произошла потеря более 50% потребления объединенной энергетической системы, что означает наступление режима системной аварии.",,,
26114,"Посылка взорвалась в руках главы миссии ""Русского дома"" в Центральноафриканской республике, после покушения его госпитализировали — посольство РФ",,,
26115,В Киеве часть упавшей ракеты ЗРК NASAMS повредила припаркованный автомобиль.,,,
26116,Сербия передала миссии НАТО (KFOR) запрос на введение контингента своих армии и полиции в Косово,,,
26117,"Зачистка села Яковлевка штурмовыми отрядами ЧВК «Вагнер».

@yaremshooter",,,
26118,Вид на вибухи на Украине из иллюминатора самолёта летящего над Молдовой.,,,
26119,"Удары по ДнепроГЭС.

ППО працюэ",,,
26120,С Л А Б О   Е Б Е Т Е !,,,
26121,"Президент провёл оперативное совещание с членами Совета Безопасности. 

Обсуждали текущие вопросы обеспечения безопасности РФ и взаимодействие с соседними странами.",,,
26122,"Гаагский трибунал вынес первый приговор косовским сепаратистам за военные преступления. 

Бывший глава разведки из «Армии освобождения Косово» Салих Мустафа, который управлял пыточной тюрьмой, приговорён к 26 годам тюрьмы.",,,
26123,"Переводим - хохлы жалуются,  мол русские хотят нас в рабов превратить, своими ударами (которые все сбили). Вот только истинные хозяева хуторских холопов, исконно, поляки. У них даже ""особый статус"" есть.",,,
26124,Как там закон об особом статусе поляков?😏,,,
26125,Повреждены энергообъекты на востоке и юге страны — министр энергетики Украины ~~Суровикин~~ Галущенко,,,
26126,По всей территории Украины введены аварийные отключения электроэнергии — офис президента,,,
26127,"Из-за повреждений энергетической инфраструктуры ряд железнодорожных участков в Харьковской, Кировоградской, Днепропетровской и Донецкой* областях **обесточены** — Украинская железная дорога

__* — временно оккупированная территория России__",,,
26128,Кировоградская область Украины полностью обесточена,,,
26129,"Враг заявляет, что за утро по Украине выпущено более 70 ракет. 

Сбито, вероятно, 100",,,
26130,Одна из крылатых ракет (скорее всего Х-555) атаковавших объекты противника в Киеве.,,,
26131,В Павлограде два прилета.,,,
26132,Звук одного из взрывов в Днепропетровске. Прилёты также в Тернопольской области,,,
26133,Также Киев. Удары по объектам продолжают наноситься,,,
26134,"В Деснянском районе Киева после взрыва перебои со светом.

Также обесточен город Борисполь в Киевской области.",,,
26135,По Запорожью за сегодня около 12 прилётов,,,
26136,"💥Взрывы в Запорожье, а также повторные в Киеве.",,,
26137,"Так, подписчикам из 404 я напоминаю, ракеты закончились, это все матрица.",,,
26138,"Пишут, что это сегодня над Киевом.

Страшно, очень страшно. Мы не знаем что это такое. Если бы мы знали что это такое, мы не знаем что это такое.",,,
26139,Звук одного из взрывов в Киеве.,,,
26140,💥 Хмельницкий – взрыв,,,
26141,"Отключения электроэнергии в Харьковской, Сумской и Полтавской областях. Пока неизвестно результат прилёта или анонсированные превентивные отключения.",,,
26142,Харьков обесточен.,,,
26143,"В Харьковской области был прилет по объекту энергетической инфраструктуры в Чугуеве, пишут местные ресурсы",,,
26144,"Веримо в ппо! А, ой...",,,
26145,Взрывы в Деснянском районе Киева — Кличко,,,
26146,💥 Винницкая область – взрывы,,,
26147,Кривой Рог – есть попадания!,,,
26148,Звук взрыва в Киеве,,,
26149,"Польские холопы из Киева, сообщают о якобы сбитии нашей КР. Доказательством является вот эта фотка. Лично я тут никакого сбития не вижу. Вижу лишь то, что средняя ракета, исполнив какой-то дикий рэйв, скорее всего такого движа не оценила и ебанулась в дом местной бабке.",,,
26150,💥 Новые взрывы в Запорожье,,,
26151,💥 Киев и Харьков – снова взрывы,,,
26152,Гауляйтеры подтверждают первые прилёты по объектам энергетической инфраструктуры,,,
26153,"ОЧЕНЬ много сообщений о пролётах ракет, работе ПВО, взрывах и новых пусках. Едва успеваем следить.

Снимать запретили вообще что либо.",,,
26154,В Киеве продолжают греметь взрывы.,,,
26155,Новые взрывы в Харькове и Кривом Роге.,,,
26156,"💥Взрывы в Кривом Роге Днепропетровской области.

Местные власти подтвердили как минимум три прилёта в Харькове. Удары пришлись по объектам инфраструктуры",,,
26157,💥Взрывы в Киеве.,,,
26158,💥Взрывы также в Днепропетровске и Запорожье.,,,
26159,Взрывы гремят и в самом Харькове.,,,
26160,Повторные взрывы.,,,
26161,💥Взрывы в Николаевской области.,,,
26162,💥 Взрывы в Харьковской области.,,,
26163,Хохлы подняли в небо свою авиацию,,,
26164,"Вражеские ресурсы пишут, что для снижения последствий ракетных ударов по энергетической инфраструктуре на Украине вводятся превентивные отключения электроэнергии",,,
26165,Тревога уже по всей Украине,,,
26166,🚀 🚀🚀,,,
26167,"**Лукашенко и Путин проведут встречу в Минске 19 декабря.**

Президенты подробно обсудят ход реализации принятых ранее союзных программ. В первую очередь речь пойдет о вопросах торгово-экономического взаимодействия, совместных кооперационных проектах с акцентом на импортозамещение и сотрудничества в энергетической сфере. Также уделят приоритетное внимание вопросам безопасности, обменяются мнениями о ситуации в регионе и мире, обсудят совместные меры реагирования на возникающие вызовы.",,,
26168,"На юго-востоке Турции заминированный автомобиль взорвался во время проезда рядом с ним полицейского микроавтобуса. В результате взрыва пострадали восемь полицейских.

Взорвавшийся автомобиль был припаркованный рядом с рынком на трассе Диярбакыр — Мардин. Микроавтобус с полицейскими перевернулся, раненых сотрудников доставили в больницу. 

Задержаны двое подозреваемых, сообщили в МВД Турции.",,,
26169,"[❗️🇷🇺🇺🇦](https://rybar.ru/piwigo/i.php?/upload/2022/12/15/20221215195840-c6299291-xx.jpg) **Хроника** **специальной военной операции
**__за 15 декабря 2022 года

__**🔻Приграничные территории РФ:

**▪️В **Курской области** украинские формирования обстреляли хутор **Кучеров** в Беловском районе. Пострадавших нет, повреждена гражданская инфраструктура.

▪️Под обстрел также попало село **Старый Хутор** в** Белгородской области**. Осколками повреждена линия электропередачи, никто не пострадал.

**🔻Харьковская область:

**▪️ВС РФ нанесли несколько ударов по объектам противника в **Харькове**. По предварительным данным, под удар попали** ТЭЦ-5** в Холодногорском районе, ж/д станция «Минутка» и складские помещения.

▪️Ночью ВС РФ поразили объект под **Песочиным**, после чего в части области на некоторое время пропал свет.

**🔻Старобельское направление:

**▪️Украинские силы предприняли несколько попыток наступления в сторону** Кисловки** и расположенной к югу **Площанки**. Бойцы ВСУ попали под огонь артиллерии и отступили.

**🔻Соледарское направление (**[**карта**](https://t.me/rybar/42033)**):

**▪️**Бахмутский (Артемовский) участок
**➖В самом** Бахмуте** продолжаются бои на юго-востоке города в районе улицы Фёдора Максименко и Первомайского переулка.
➖Южнее идут бои у **Клещеевки **и** Опытного**, где бойцы ЧВК «Вагнер» пытаются прорвать оборону противника в жилой застройке.
➖Западнее** Андреевки** и **Курдюмовки** ВС РФ смогли взять несколько опорных пунктов ВСУ.

▪️На **Торецкий участок** командование ВСУ перебрасывает личный состав с Херсонского направления на рубежы обороны западнее **Курдюмовки **и под **Донецк. 

**▪️На **Лисичанском** **участке** продолжаются позиционные бои в **Белогоровке.

🔻Луганская Народная Республика**:

▪️Противник нанес массированные удары из РСЗО **HIMARS** по **Стаханову**, повредив не менее 50 жилых домов.

**🔻Донецкое направление**:

▪️ВСУ обстреляли центр **Донецка**, повредив Спасо-Преображенский Кафедральный собор и другие гражданские постройки, пострадали мирные жители.

▪️В **Марьинке**, окрестностях **Красногоровки** и** Большой Новоселки **продолжаются позиционные бои.

**🔻Южный фронт: Херсонское направление

**▪️На южном участке фронта продолжаются артиллерийские дуэли: ВС РФ нанесли удары по **Херсону** и его окрестностям, противник обстрелял гостиницу в **Голой Пристани** и **Скадовск.

**[**Карта в высоком разрешении

**](https://rybar.ru/piwigo/upload/2022/12/15/20221215195840-c6299291.jpg)**Foreign versions: **[**DE**](https://rybar.ru/piwigo/upload/2022/12/15/20221215195826-050f2b59.jpg)[** **](https://rybar.ru/piwigo/upload/2022/11/30/20221130072328-58b4f256.jpg)**|**[** **](https://rybar.ru/piwigo/upload/2022/11/29/20221129213932-b54619b7.jpg)[**EN**](https://rybar.ru/piwigo/upload/2022/12/15/20221215195829-f1f530e2.jpg)** |**[** ES **](https://rybar.ru/piwigo/upload/2022/12/15/20221215195832-38f5afb6.jpg)**|**[** **](https://rybar.ru/piwigo/upload/2022/11/30/20221130072431-26142ff5.jpg)[**FR**](https://rybar.ru/piwigo/upload/2022/12/15/20221215195835-3943ddae.jpg)[** **](https://rybar.ru/piwigo/upload/2022/11/25/20221125213345-f65583d9.jpg)**|**[** **](https://rybar.ru/piwigo/upload/2022/11/30/20221130072453-c9e234fa.jpg)[**IT

**](https://rybar.ru/piwigo/upload/2022/12/15/20221215195837-6e602d2b.jpg)#дайджест #Бахмут #Донецк #Запорожье #карта #Луганск #Россия #Славянск #Украина
@rybar

__*Поддержать нас:__ `5536 9141 9147 4885` | `0x4739352b67Da6F4064757627D92A08EaDd3fb6b6` (ETH) | `33i1BwMuzeYTAUNtiLa6CjvaHtTVYNJfnp` (BTC)",,,
26170,За прошедшие сутки на территории ДНР от украинских обстрелов погибли 2 мирных жителя и еще 13 получили ранения — Штаб Теробороны ДНР,,,
26171,Кадры применения зажигательных боеприпасов по позициям ВСУ под Бахмутом.,,,
26172,Бойцы 6 казачьего полка 2 армейского корпуса уничтожили БМП всучек под Соледаром.,,,
26173,"Архивные фото российских бойцов в зоне проведения СВО.

@Ugolok_Sitha",,,
26174,"ЕС не будет препятствовать экспорту российского зерна и удобрений, — Шольц",,,
26175,"Россия приступит к разработке новой межконтинентальной баллистической ракеты мобильного базирования в 2023 году, заявил командующий РВСН генерал-полковник Сергей Каракаев.

Ракетный комплекс с тяжелой межконтинентальной баллистической ракетой ""Сармат"" в ближайшие годы составит основу группировки тяжелых ракет шахтного базирования, сообщил командующий Ракетных войск стратегического назначения енерал-полковник Сергей Каракаев.

РВСН завершат переход с мобильных ""Тополей"" на подвижный грунтовый ракетный комплекс ""Ярс"" в 2023 году, заявил командующий РВСН.",,,
26176,"[​​](https://telegra.ph/file/ef9b1b4368f6a95a391ba.jpg)ПОЧЕМУ БАХМУТ ТАК ВАЖЕН?

Какое значение имеет Бахмут и почему и Украина и Россия бросают туда так много сил.

Бахмут является важным транспортным узлом. На городе завязана украинская логистика на этом направлении фронта. Это важная транспортная артерия, и через него проходит трасса М03 в направлении Славянска. Кроме того, через город проходит железная дорога.

Это означает, что захват города и его окрестностей, особенно дороги на Северодонецк, поможет российской логистике в этом районе, а это сыграет роль для будущего наступления на Славянск. На локальном уровне основной маршрут снабжения ВСУ в Соледаре и Северске проходит рядом с Бахмутом. Захват Бахмута делает оборону района Северска более сложной задачей для ВСУ, так как мост через Северский Донец в Закотном разрушен. Таким образом, всю логистику северского направления нужно будет прокладывать по более мелким дорогам. Условия в зимнее время года могут замедлить подкрепления по таким маршрутам.

Многие считают, что направление в Кременной может быть лучшим выбором для продвижения украинских войск в ЛНР. Успехи русских под Северском поставили бы эти усилия под угрозу.
Даже если сам Северск будет снабжаться должным образом, падение Бахмута сильно повлияет на ситуацию в Соледаре и позволит России лучше контролировать территорию вокруг Бахмута, а это означает, что украинские оборонительные рубежи, придется отодвинуть дальше на запад.

Не стоит забывать про дорогу на Попасную для снабжения.

Однако Северск - не единственное место, на которое повлиял Бахмут. Хотя сам город находится глубоко за старой линией соприкосновения, его падение позволило бы России обойти другие укрепления ВСУ с флангов. Эта часть для более масштабных планов для наступления.

Взглянем на карту высот. Мы можем увидеть, что хребет на юго-западной стороне Бахмута является доминирующей высотой в этом районе и дает России возможность поддерживать атаки на юго-запад, в направлении маршрутов снабжения Торецка.

Район Дылеевки далеко не так хорошо укреплен, как район под Бахмутом, и если нашим войскам удастся пересечь канал западнее Курдюмовки и продвинуться на запад, то в конечном итоге это поможет взять дорогу Т0516 под огневой контроль. 

Как и в случае с другими достижениями РФ, это вряд ли будет точечным ударом на юго-запад, но, тем не менее, это значительно усложнит снабжение Торецка для украинцев. Это создаст новую угрозу для окружения, и возможно заставит ВСУ оставить эти города.

Все это подводит нас к тому, что Россия сможет взять инициативу для крупного наступления этой весной.

Такое продвижение нашей армии, скорее всего, будет бы направлено на захват остальной части Донецкой области. Чтобы у этого был хоть какой-то шанс на успех, армии нужно пройти мимо укреплений на линии соприкосновения.

Это также еще раз подчеркивает важность Бахмута. Трасса M03 в направлении Славянска является естественным вектором атаки для российских войск, а железнодорожная ветка означает, что, если России удастся занять значительную территорию, Бахмут может действовать как узел снабжения.

Бахмут - ключ к Донецку. Мы знаем, какие возможности открывает контроль над городом, а Украина знает, какие проблемы принесет его потеря.",,,
26177,"Репортаж RT о текущем наступлении на Бахмут/Артёмовск.

@Sargon_Hadaya",,,
26178,"Боррель не может назначать или регулировать наши отношения с Россией, у него нет ни качества, ни возможности принимать такое решение по этим вопросам, — ответил Эрдоган на недовольство руководства ЕС связями Анкары и Москвы",,,
26179,"Вот так выглядели итоги голосования на Генеральной Ассамблее ООН по внесенной Россией резолюции «Борьбы с героизацией нацизма, неонацизмом и другими видами практики, которые способствуют эскалации современных форм расизма, расовой дискриминации, ксенофобии и связанной с ними нетерпимости».

Зелёные — поддержали резолюцию

Красные — проголосовали против принятия резолюции 

Жёлтые — воздержались",,,
26180,"Конченные хуесосы хохлы, по факту, это тот человек, благодаря которому, у вас вообще что то летает.",,,
26181,"Шевченковский райсуд Киева продлил меру пресечения в виде содержания под стражей экс-президенту “Мотор Сичи” Вячеславу Богуслаеву до 11 февраля. 

Об этом сообщает Радио Свобода.

Отмечается, что судебное заседание проходило в закрытом режиме по ходатайству прокуратуры о том, что будет звучать информация, содержащая государственную тайну. В частности, речь идет о сведениях относительно госзаказа оборонного комплекса. Оглашение решения было открытым.

Адвокат Богуслаева Руслан Волынец сообщил, что решение об обжаловании будут принимать после того, как получат полное решение суда.

“За два месяца и из тех документов, которые на сегодня предоставлены в суд, никаких, подтверждающих факт продажи товаров из тех стран, в которые продавала “Мотор Сич”, и что именно тот товар попал в Россию, в материалах дела нет”, — озвучил позицию защиты Волынец.",,,
26182,"Против российской резолюции, осуждающей героизацию нацизма, в Генассамблее ООН выступили 50 стран, в их числе Австрия, Италия, Германия, США и Украина. 

Резолюцию приняли большинством в 120 голосов. Воздержались 10 стран, в том числе Турция.",,,
26183,"Как по мне, так тупо долбаеб, который прыгал с ноля, просто пересравшись. 
 Но по факту, да, бывает. 


https://t.me/fighter_bomber/9949",,,
26184,"В 2023 году в Великобритании подготовку по стандартам НАТО пройдут более 19 тысяч бойцов ВСУ, — посол Украины в Лондоне Пристайко",,,
26185,"Хохлы нанесли удар по Ирмино в ЛНР, предположительно попали по складу БК",,,
26186,Кабмин Сербии принял решение направить миссии НАТО запрос на возвращение сербских силовиков в Косово по резолюции СБ ООН 1244– Вучич,,,
26187,На авиабазе Форт-Уэрт в Техасе произошла авария при посадке самолёта F-35B. Пилоту удалось катапультироваться.,,,
26188,В результате ракетных ударов от 5 декабря в Киевской области 50% потребителей без электроэнергии — Кулеба.,,,
26189,"Американские военные расширят программу военного обучения украинских военнослужащих в зимний период, сообщает агентство Associated Press со ссылкой на источники.

По словам источников, военная подготовка будет проходить на полигоне Графенвёр, расположенном в немецкой Баварии. В сообщении не уточняется, сколько украинских военных США планируют обучить за зиму. Отмечается, что программа будет включать как занятия по теории, так и тренировки на полигоне. Ожидается, что тренировки завершатся ""сложными боевыми учениями с участием батальона"".",,,
26190,"Зеленский заявил, что НАТО может не предоставить помощь, если они остановятся. Также он рассказал, что им обязательно нужно выйти к границам, потому что Украина не член НАТО. У них нет никаких гарантий безопасности на случай повторного крупномасштабного вторжения.",,,
26191,"И да парень, если ты нас читаешь, отпиши в бот, подарочек есть.",,,
26192,"Не особо перевариваю такое явление как отечественный рэп, но парнишка красавчик, это факт.",,,
26193,Возврат территорий до границ 24 февраля **не будет финалом войны** — Зеленский,,,
26194,"Продолжая разговор [о вещах, которые должны принципиально поменяться](https://t.me/vysokygovorit/10272), я бы отметил подготовку командования межвидовыми группировками. То, что этими группировками руководят общевойсковые командиры – это нормально, они регулярно оказываются на аналогичных постах и в США. Ненормально, когда командующие высокого ранга имеют лишь самое приблизительное представление о возможностях «чужих» видов вооруженных сил, и в итоге просто не могут полностью использовать все имеющиеся в наличии возможности.

Исправление этой ситуации на самом деле требует изменения подхода к дополнительному образованию офицеров, которые должны натаскиваться на межвидовую координацию как минимум с батальонного звена, если не раньше, в то время как у нас основной объем информации в этой части офицеры получают уже в академии генштаба. При всем уважении к ВАГШ как структуре, надо понимать, что в подавляющем большинстве туда приходят учиться уже достаточно возрастные командиры со сложившимися представлениями о профессии и оптимальных формах боевого применения. И менять сложившиеся и подкрепленные службой взгляды и схемы довольно тяжело.

Это приводит к массе проблем, когда офицеры младшего и среднего звена (рота-батальон) оказываются не готовы по своему образованию нормально координировать свою деятельность с ВВС, что резко сокращает качество авиаподдержки, и тем более с флотом, там, где армия действует в прибрежных районах. В положительную сторону в этой части отличаются офицеры морской пехоты, у которых подход к координации изначально иной. И обмен опытом между морской пехотой и сухопутными войсками у нас был бы очень полезен.

Наш главный противник в лице США массово решал эту проблему в 1980-х годах, после провала с операцией Eagle Claw в Иран, неудача которой была в первую очередь обусловлена проблемами с координацией. Решение оказалось положительным – в Ираке 1991 года и дальше Штаты демонстрировали растущий уровень управления, хотя и не без огрехов. Сейчас стандартный уровень образования высшего комсостава в США позволяет в большинстве случаев и армейскому генералу поручить операцию с активным использованием сил флота, и адмиралу доверить командование на ТВД, где основные конфликты ожидаются на суше.

Нам предстоит пройти собственный путь, и за нас эту работу никто не сделает.",,,
26195,Уничтожение позиций ВСУ в районе Марьинки из 152-мм гаубиц «Мста-Б»,,,
26196,"Причиной взрыва в Главном управлении полиции Польши стал выстрел из гранатомета, подаренного Украиной – издание Wyborcza со ссылкой на свои источники",,,
26197,"__Зеленский ушел от ответа на вопрос, сколько украинцев готов потерять до завершения конфликта с Россией. Вместо этого он в интервью Economist сам поинтересовался, должны ли были украинские власти после начала Россией спецоперации сказать: «Берите всё наше, а мы пойдем в Польшу».__

Ахахаха, правильно. Вперёд на фронт за евроинтеграцию, за Зеленского и за его [квартиру в Крыму](https://t.me/rt_russian/140329)!",,,
26198,"**В Херсонской области продолжается боевое слаживание подразделений**, **укомплектованных мобилизованными бойцами

**С момента, когда мобилизованные солдаты поехали на фронт, бурно обсуждался вопрос формирования подразделений — многие настаивали, что нельзя создавать новые единицы из одних только «мобиков», не имеющих боевого опыта. Куда больше толка выйдет из подразделений, уже прошедших бои, которые будут укомплектованы новобранцами.

Одно из таких подразделений проходит боевое слаживание сейчас на полигоне в Херсонской области, где побывал военкор Readovka Григорий Березецкий. Бывалые бойцы обучают необстрелянных всему, что знают сами и чему научились за месяцы спецоперации, попутно [тренируясь,](https://t.me/readovkanews/48900) а мобилизованные восполняют пробел с опытом и навыками. Им достались боевые товарищи, которые сражались на правом берегу Днепра, под Дудчанами и Архангельским.",,,
26199,"Ждём, кстати, обвинения ФСБ в течении пары суток.",,,
26200,"__После взрыва польская сторона обратилась к украинской стороне с просьбой дать соответствующие разъяснения — говорится в сообщении.__

Ну да, какое-то вопиющее неуважение к пану. Холопы совсем распоясались.",,,
26201,"Под кабинетом главного коменданта польской полиции взорвался подарок, полученный им на Украине 11-12 декабря во время рабочего визита, есть раненые, сообщают власти",,,
26202,"__Главарь самопровозглашенного Косово Альбин Курти передал председательствующей в Совете Евросоюза Чехии заявку на вступление в Евросоюз — СМИ.__

Заявку вряд-ли примут. Статус кандидата на вступление в ЕС может получить только международно признанное европейское государство. Даже среди членов ЕС есть 5 стран, не признающих «Республику Косово» (Испания, Кипр, Румыния, Греция и Словакия). Впрочем, свои же правила Западу нарушать не впервой.

Так или иначе это очередная пощечина Белграду.",,,
26203,"Всучки не хотят сдаваться в районе Угледара, приходится выкуривать. 

@voin_dv",,,
26204,"Красиво, но не хватает ноток польских хозяев.🧐",,,
26205,"Владимир Путин на заседании Совета по стратегическому развитию призвал скорректировать параметры развития ВПК и Гособоронзаказа. Также президент потребовал запустить новые программы робототехники и авиационных беспилотников. 

«Затягивание и формальный подход здесь недопустимы», — сказал Путин.",,,
26206,Спойлеры на 2023,,,
26207,"Заместитель начальника главного оперативного управления генерального штаба украинских войск Алексей Громов на брифинге выступил **категорически против** новогоднего перемирия. 

Нам оно тоже не надо, впрочем.",,,
26208,Ещё кадры из Харькова. Гауляйтер Терехов подтверждает прилеты по инфраструктурному объекту.,,,
26209,"Есть кто из Сочи и Адлера ?
Нам критически сейчас не хватает РУК для 
плетения маскировочных сетей !!!!
Нам крайне необходима Ваша поддержка!
У нас в команде есть замечательные люди, настоящие труженики ТЫЛА, 
которые плетут маскировочные сети на фронт! 
Таких рук нам необходимо СОТНИ !

наша команда тут
 
Масксети Сочи
группа
https://t.me/+efrD_NOcZWIyN2My",,,
26210,"Прилёт по объекту в Харькове.

Сообщают о новых взрывах.",,,
26211,"Все таки, собака очень похожа на своего хозяина. Хохлы с голодомором носятся, ляхи с качинским и летчиками ебланами.",,,
26212,💥 В Харькове бавовна и тревога,,,
26213,"🤡 Депутаты Европарламента приняли резолюцию о признании «голодомора на Украине» в 1932-1933 годах геноцидом.

Помимо этого Сейм Польши признал Россию «государством-спонсором терроризма». Польские парламентарии в своем постановлении также возложили на Россию ответственность за авиакатастрофу над Смоленском в 2010 году.",,,
26214,"После публикации поста о строительстве русскоязычных школ в Таджикистане, и спорности этой затеи, я получил ряд откликов. Подписчики считали, что все же это важный инструмент мягкой силы, и строить их нужно. А обиженные авторы турбопатриотического канала зашлись в падучей, что если Россия не построит школы, то там появится как элемент влияния китайцы или талибы, и придётся проводить новую СВО (да, обиженные турбопатриоты они такие вот мощные аналитики).

Уважаемый Кирилл Кабанов совершенно точно объяснил, в чем собственно проблема в этой ситуации со школами. Прежде всего в том, что нет чёткой оценки, какие результаты это всё даст. 

Я лишь  добавлю, что русскоязычные школы сами по себе школы ничего не дадут, пока не выстроена системная работа. 

Вот представьте, что врач будет делать вам операцию, не получив биохимический анализ крови, не сделав КТ и МРТ, но по симптомам и на основе УЗИ он решил, что это аппендицит. 

А что в случае со школами есть системность? Это если бы помимо школ, в том же Таджикистане работали бы российские НКО, курсы для журналистов, тренинги, лектории. Это если бы в России была прекращена деятельность диаспор в нынешнем их виде. Это если бы экзамен по русскому для мигрантов был бы не фикцией, а действительно трудным испытанием. Это если бы за малейшую попытку вспомнить на государственном уровне о страшных годах советской или имперской оккупации со стороны уважаемого партнера, Россия отвечала бы полной блокировкой денежных переводов и запретом на вывоз наличных, а также ограничением миграционной активности.
Ну и главное, если бы была понятно выстроена работа с местными элитами. 

Вот в таком случае открытие русскоязычных школ было бы инструментом мягкой силы. И даже этот инструмент надо уметь использовать. Если уж открывать такие школы, то начинать надо с ГБО, то есть с Памира. Причём, первой школе надо присвоить имя генерала Ионова, который спас памирские народы от геноцида со стороны афганцев. Достаточно посмотреть на отношения Памира и официального Душанбе, чтобы понять, почему именно в Хороге нужна русскоязычная школа. А не где-то ещё. 

В отсутствии системной работы русскоязычные школы не являются мягкой силой.
В том числе из-за содержания программы обучения. Вы в курсе что проходят школьники по истории в пятом классе? Историю дневного мира. Троя, Спарта, фараоны, Александр Македонский  ну и прочее. Про Россию ни слова. Вот допустим, тоже самое изучают дети в Таджикистане. У нас в учебниках нет почти ничего о Туркестанских походах, афганском вопросе, или русском освоении Закаспийской области. Сколько миллионов золотых рублей Российская империя вложила в обустройство городов, железных дорог, системы орошения. Ну и где тут мягкая сила-то?

Ну и турбопатриоты, вероятно, не в курсе, что Китай крупнейший кредитор Таджикистана, и он уже там. Он не придёт когда-то позже, если мы школы не откроем. Китай уже там давно. Пекин планирует военные базы на Памире открывать. Это там, откуда мы вывели наши погранвойска. 

Китайские НКО плотно сидят в Центральной Азии. А талибы в Таджикистане если и могут появиться, то не потому что мы русскоязычные школы не откроем. Талибы (как и другие религиозные радикалы) могут прийти туда, где зашкаливает коррупция и кумовство элит на фоне коллективной нищеты. Жизнь устроена чуть сложнее, чем квасной патриот думает.

Задержание группы офицеров полиции в Новосибирске, которые как раз и занимались вопросами миграции, а задержаны были за коррупцию, ярко свидетельствует о том, что никакие школы не смогут ничего изменить.

Вот у нас есть те, для кого Россия корм - а это и коррупционеры, и нелегальные мигранты покупающие себе гражданство России (Таджикистан тут на первом месте). И тут  нужна не отдельная школа в условном Кулябе, а перестройка всей системы и подходов не только к миграции, но и вообще к отношениям с бывшими республиками СССР, без всяких советских рудиментов. 

https://t.me/kabanovkv/1103",,,
26215,"Для тех кто в танке.

[Пост выше](https://t.me/voenacher/35755?single) это поражение уже ранее сгоревшей нашей(!) же С-300 в селе Костомарово, Бериславского района. 

Почему до группы на ланцетах не довели, что там стоит наш сгоревший комплекс - мы в душе не это самое.",,,
26216,"Зато оператор заработал денюжку.

За такое, конечно, надо карать.",,,
26217,"Друзья, до подшефной нам с вами батареи 120 миномётов дошёл мавик-3 в кейсе (прошит+смартфон, всё как надо).

В пути ещё много всего, а наш ДОРОГОЙ БРАТ Старше Эдды активно распределяет по фронту те 34 коптера, что завезли [ранее](https://t.me/vysokygovorit/10228?single).",,,
26218,"Уничтожение РЛС ПРВ-16МЛ всучек в Херсонской области. 

Ланцет сила.

@russian_airborne",,,
26219,💥 Взрывы в Харьковской области,,,
26220,"Эрдоган заявил, что предложил Путину провести встречу лидеров Турции, России и Сирии, но ей должна предшествовать встреча глав разведслужб, Минобороны и МИД.

__«Здесь много тем, которые могут не стоять на повестке дня в данный момент, но могут быть вынесены на повестку дня позже в связи с развитием событий. Но если вы обратите внимание, я объяснил еще одну вещь, и это то, что мы хотим сделать шаг в качестве трехстороннего союза Сирия - Турция - Россия. Для этого сначала должны встретиться наши разведывательные службы, затем министры обороны и министры иностранных дел. После их встреч давайте соберемся вместе как лидеры. Я предложил это господину Путину, и он отнесся к этому положительно. Таким образом, мы начнем серию встреч»__, — сказал Эрдоган журналистам в самолете по возвращении из Туркмении.",,,
26221,"Репортаж о последствиях утреннего обстрела Донецка, который стал самым масштабным с 2014 года. 

На данный момент известно об 1 погибшем и 9 раненых мирных жителях.",,,
26222,"ВСУ обстреляли село Старый Хутор Валуйского городского округа, осколками снаряда повреждена линия электропередачи — губернатор Белгороской области Гладков",,,
26223,МосВОКУ со 105-летием !,,,
26224,"Противник на приморском и криворожском направлении в течении месяца осуществил перегруппировку и замену механизированных и мотопехотных подразделений вдоль правого берега реки Днепр. Основной костяк подразделей в обороне заняли подразделения территориальных войск и национальной гвардии. 17, 34, 10, 11 омпб 57 омпбр, 88 обрмп находятся в районах востановления. 35, 137 обрмп и 17 отбр перемещаются на запорожское и луганско-донецкое направление. 46 оаэмбр переместилась на Бахмутское направление и уже применяется для удержания позиций. Таким образом противник оценив обстановку на приморско-криворожском направлении отказался от возможности форсировать Днепр и сосредотачивает усилия на других направлениях",,,
26225,💥 Сообщают о взрывах в Кривом Роге,,,
26226,💥 Взрывы прогремели в Запорожье.,,,
26227,"Житель Хабаровска пытался продать спецслужбам Украины секретные данные о транспортной инфраструктуре, его осудили на 12,5 лет колонии за госизмену — ФСБ",,,
26228,Попадание в Свято-Преображенский Кафедральный Собор в Донецке,,,
26229,В Козельском ракетном соединении провели загрузку межконтинентальной баллистической ракеты «Ярс» в шахтную пусковую установку,,,
26230,"Ворошиловский район Донецка после очередного террористического обстрела ВСУ из «Града». 

По предварительным данным  пострадали пять человек, в том числе ребенок, сообщил мэр города Алексей Кулемзин.",,,
26231,"Донецкая набережная, попадания по жилым домам",,,
26232,Мэр Донецка [Алексей Кулемзин ](https://t.me/kulemzin_donetsk)публикует кадры последствий утреннего обстрела города украинскими террористами,,,
26233,За прошедшие сутки на территории ДНР от украинских обстрелов погибли 3 мирных жителей и еще 5 получили ранения — Штаб Теробороны ДНР,,,
26234,"Последствия утреннего обстрела Ворошиловского района Донецка из РСЗО «Град»

@WarInMyEyes",,,
26235,"Немного не живые ВСУшники. Пробовали наступать на Купянском направлении, но что-то пошло не так.",,,
26236,"Фронт насыщается новыми танками Т-90М, в данном случае ещё и с накидкой от хохлов с теплаком.",,,
26237,"В Харьковской области пропало электричество.

Опять ирис-т и насамсы в полёте навелись на трансформаторы 🤔",,,
26238,"💥 3 взрыва прозвучали в пригороде Харькова, в области воздушная тревога",,,
26239,"**Держите на ночь глядя самую смешную новость уходящего дня: **Эрдоган решил посадить своего главного конкурента на предстоящих президентских выборах в 2023 году.

__Стамбульский суд вынес вердикт по делу мэра турецкого мегаполиса Экрема Имамоглу, приговорив его за оскорбление представителей Центризбиркома к 2 годам и 7 месяцам лишения свободы, сообщает из зала суда телеканал Habertürk. В случае утверждения приговора вышестоящей инстанцией Имамоглу может лишиться своего поста в связи с пятилетним запретом на политическую деятельность. Сотни жителей Стамбула собрались на стихийный митинг в поддержку Имамоглу.

__Что скажут на Западе?",,,
26240,"Некоторым критикам не понравился наш [крайний ролик](https://t.me/rian_ru/188559). Говорят, что слишком мрачно все показано. Нужно, мол все снимать в позитивном ключе, а такие работы оставить на потом.

С такой точкой зрения я сталкиваюсь не первый раз. Большие начальники  хотят видеть подтянутых и чистых бойцов, которые без потерь уничтожают танковые колонны врага. А после этого командным голосом без запинки докладывают на камеру точный расход боеприпасов. Им почему-то кажется, что такой репортаж – самый лучший.

Позволю себе не согласится с ними. Любой репортаж должен быть построен по законам драмы. И это означает, что главный герой обязан пройти через перипетии (трудности) перед тем как достигнуть цели. Если трудностей нет, то и сопереживать нам некому.  Именно поэтому репортажи про солдат в чистой форме не вызывают эмоционального отклика у зрителя. Ну как вы можете сопереживать очередному брифингу?

Не стоит забывать, что наш народ уже многое узнал об этом конфликте. У миллионов людей здесь воюют родственники. Им бесполезно рассказывать о том, как все хорошо. Они точно знают, что на передовой тяжело! Да, именно тяжело! И об этом нужно рассказывать. Потому что тот, кто держит оборону три месяца в мокрых окопах – тот герой. Не смотря ни на что, эти мужики преодолевают себя. Они терпят это все чтобы вы жили в теплых квартирах и спокойно отметили Новый год. В этом вся суть. В этом и есть зерно репортажа. А то, что солдаты в неуставной форме и не бритые – это пустяк. Я думаю, им можно простить этот маленький нюанс.

Александр Харченко",,,
26241,"Над городом Клинцы сработала система ПВО, выпущенные ВСУ ракеты сбиты — губернатор Брянской области Богомаз",,,
26242,"__США не видят возможности завершения боевых действий на Украине к концу года, решение о сроках переговоров принимать Зеленскому — Белый дом.__ 

Ну а Зеленский в свою очередь [прямо](https://t.me/voenacher/35034) говорит, что никаких переговоров быть не может. Работаем дальше.",,,
26243,"Европарламент и чешское председательство Совета ЕС договорились о безвизовом режиме для непризнанного Косова, это должны утвердить все страны ЕС — заявление.

Албанцев мало в странах ЕС что ли?",,,
26244,"🤡 Белый дом **не подтвердил** сообщения о готовности включить ЗРК Patriot в будущий пакет помощи Украине.

Ой, а разговоров то было...",,,
26245,"Одели наших братьев, ангелов-хранителей лётчиков, Группу Огневого Прикрытия, именно они вытаскивают наши экипажи после вынужденного покидания сбитых самолётов или вертолётов. 

Парням достались 17 комплектов L7 от Новосибирской компании Giena Tactics.

Все покупки совершаются с помощью подписчиков [Владимира Рудольфовича Соловьёва](https://t.me/SolovievLive), [Саши Коца](https://t.me/sashakots), [Старше Эдды](https://t.me/vysokygovorit), [Димы Конаныхина](https://t.me/grishkafilippov), [Андрея Андреевича Медведева](https://t.me/MedvedevVesti), [Макса Каскада](https://t.me/KaskadNerv), [Жени Келя](https://t.me/Army_Russia), [Влада Лобаева](https://t.me/lobaev_vlad), спасибо ВАМ огромное!!!",,,
26246,Вечерний Владлен. 14.12.2022г,,,
26247,В ходе чистки твиттера от ботов забанили Украину 😂👍,,,
26248,"**В Сербии заявили, что косовские албанцы силой захватили власть в Северной Косовской Митровице. 

**__«Сегодня албанцы правовым насилием и односторонними действиями заняли депутатские места, принадлежащие сербам в сербском муниципалитете Косовска-Митровица, хотя за них никто не голосовал и у них нет никакой поддержки сербского народа»__, — заявил глава Канцелярии по Косову и Метохии при кабмине Сербии Петар Петкович.

СМИ сообщают, что косовары в среду вошли в здание муниципалитета, под охраной боевиков из ""полиции Косово"", провели заседание совета муниципалитета, на котором назначили депутатов из числа албанцев. Назначенные депутаты принесли ""присягу"", после чего ""избрали"" главу муниципалитета. Им стал албанец Неджат Углянин.

__«События ясно показывают, что главная цель Приштины и Альбина Курти в том, чтобы не севере не было ни одного серба»__, — подчеркнул Петар Петкович.",,,
26249,"Россия и Иран подписали меморандум о сотрудничестве в космической отрасли, сообщает агентство IRNA",,,
26250,"Как-то многовато негативных реакций. Вроде же столько лет стремились к тому, чтобы всё как на прогрессивном Западе было...",,,
26251,Клоун и по совместительству украинский депутат Гончаренко требует признать независимость «Республики Косово» и даже создал петицию на сайте президента Украины,,,
26252,"Совет Федерации одобрил закон, который дает преимущественное право мобилизованным гражданам на получение ранее занимаемой должности или другой вакантной должности, соответствующей их квалификации",,,
26253,"На ЗАЭС выявили агента украинских спецслужб, который пытался передать Украине сведения о станции, он был внедрен на Запорожскую атомную электростанцию в качестве рабочего ремонтной бригады — советник гендиректора концерна «Росэнергоатом» Ренат Карчаа",,,
26254,"Строительство «засечной черты» на границе Белгородской области. Ход работ проинспектировал губернатор Гладков и представители Минобороны.

Бетонные пирамидки теперь соединяют тросами, а между ними протянута колючая проволока.",,,
26255,"**Обстановка в Косово к этому часу:

**1. Баррикады остаются стоять. Несмотря на плохую погоду сербы не собираются расходится и посменно дежурят на баррикадах. КПП Яринье и Брняк остаются закрытыми, местные школы не работают третий день. 

2. Протестующие сербы требуют ввод армии и полиции Сербии, а на снегу рисуют цифру ""1244"" — номер резолюции СБ ООН по Косово. Завтра Белград намерен направить KFOR [запрос](https://t.me/voenacher/35536) на введение в северное Косово своего воинского контингента в соответствии с положениями данной резолюции;

3. Президент Вучич встретился со спецпредставителем ЕС по диалогу между Сербией и Косово Мирославом Лайчаком;

4. Главари ""Республики Косово"" сегодня в Приштине подписали официальную заявку на предоставление самопровозглашенной республике статуса кандидата в ЕС. Заявку подписали ""президент"", ""премьер-министр"" и ""председатель парламента"";

5. В эту пятницу в Белграде [состоится очередной митинг](https://t.me/vestniksrb/3321) в поддержку сербского населения Косово с требованиями от властей решительных действий в ситуации с Косово.",,,
26256,На Донецком направлении в результате наступательных действий российских войск взята под контроль основная часть населенного пункта Водяное — Минобороны РФ,,,
26257,"Всмысле новая волна мобилизации для восполнения потерь? Потери же за всю войну 10-13К примерно, разве нет?",,,
26258,"**The New York Times пишет, что следующей целью наступления ВСУ вероятно станет город Мелитополь. **

В [статье](https://www.nytimes.com/2022/12/13/world/europe/ukraine-russia-melitopol.html) говорится, что ВСУ регулярно наносят удары по городу и устраивают диверсии. На этой неделе в пригороде Мелитополя украинские диверсанты подорвали автомобильный мост. Однако автор статьи не уверен, является ли это подготовкой к наступлению или просто отвлекающий маневр в рамках подготовки украинского наступления на другом участке фронта. При этом захват Мелитополя называют стратегически важной целью ВСУ, так как город является ""воротами в Крым"" и его захват ставит под угрозу всю российскую группировку войск на бывшем юге Украины.",,,
26259,"В Кремле прокомментировали возможность присоединения Чернигова и Одессы: __«Все зависит от выбора граждан, от решения людей. Первоочередной задачей является защита людей в ЛНР и ДНР. Мы видим непростую ситуацию в Донецке и на этом прежде всего, конечно, концентрируются военные, специальная военная операция продолжается»__.",,,
26260,Работа 152-мм пушки 2А36 «Гиацинт-Б» на Сватовском направлении и поражение вражеского танка,,,
26261,"По Артемовску на утро.

1. Продолжаются интенсивные бои за Опытное. Противник продолжает подбрасывать туда подкрепление. ЧВК ""Вагнер"" продолжает штурмовые действия.
2. Также идет продвижение на восточных окраинах города. Штурмовые группы постепенно продвигаются вглубь Артемовска. Занято несколько домов на Максименко. Также продолжаются бои в районе промзоны на улице Патриса Лумумбы.
3. Идут бои у Клещеевки и в районе Курдюмовки. Противник укрепляет позиции в районе Часов Яр. 
4. К северо-востоку от Артемовска ведутся бои в направлении трассы Артемовск-Соледар и у Подгородного.

В целом, оборона противника потрескивает и медленного прогибается, но говорить о прорыве обороны или же о ее распаде прямо скажем преждевременно. Продвижение требует серьезных усилий.",,,
26262,Пора возложить герани на трансформаторы,,,
26263,Бавовна в Запорожье и Днепропетровске. Гераньки в работе.,,,
26264,"Новый эксклюзив на канале. 

Бронеавтомобиль ВСУ замешкался прячась в жилой застройке одного из оккупированных городов Русского Донбасса. 

Ка-52 таких ошибок не прощает, и оправляет украинских захватчиков прямиком до бандеры. 

Вихрь - сила.",,,
26265,"Мобилизованные военные на купянском направлении наравне с контрактниками отражают атаки украинских войск и наносят им значительный урон. Так, за последнее время им удалось отразить пять атак противника.",,,
26266,За прошедшие сутки на территории ДНР от украинских обстрелов погибли 4 мирных жителя — Штаб Теробороны ДНР,,,
26267,"Дочитал книгу ""Вместе с Русской Армией. 1914-1917"", британского военного аташе Альфреда Нокса. 

Вывод из прочитанного простой: если вовремя не проводить реформы и долго говорить — наступает крах. 

Второй вывод такой: если не навести в войсках железную дисциплину, начиная с генерала и заканчивая солдатом — наступает крах.

И главное: **не может быть в воюющей стране никакой политической силы, которая была бы против войны.** В Российской Империи таких сил было слишком много. Ради своих конъектурных интересов тогдашние ""подъезды Зимнего дворца"" готовы были слить войну и царя. В руках таких были СМИ того времени, что позволило им осуществлять свои планы.

Читая историю страны, делаем выводы и уроки, иначе изучение прошлого превращается в простое убийство времени.",,,
26268,За Рязань!,,,
26269,"Доброе утро, Киев!",,,
26270,Снаряды зенитной артиллерии и автоматные пули выпущенные в воздух доставляют хлопот жителям киевщины.,,,
26271,"Сообщается, что удар пришёлся по двум административным зданиям.",,,
26272,"Это то, дорогой читатель,  о чем мы писали ранее. Отсутствие или эпизодическая борьба с ПВО хохла, родила саму идею возможности такой передачи. Есть такое понятие - репутационная потеря. Это когда при потере,  допустим истребителя F-16, который однажды тоже может появиться у ВСУчек, в первую очередь начинается рост разговоров о том, что корпорация  Локхид делает хреновые самолеты. Да и сама картинка западной техники,  лежачей на полях херсонщины оптимизма не добавляет. И такая репутационная потеря всто крат страшнее самого факта потери. Тем более, когда они пойдут системно. Если бы российские ракетные комплексы не поражали танки, завтра бы мы уже читали о передачи хохлам Абрамсов. Время не на нашей стороне, надо начинать работать в этом отношении. А первую очередь  - работы по устранению проблем ракетного ПРР вооружения.",,,
26273,Местные власти подтверждают прилёты по Шевченковскому району Киева.,,,
26274,Киев сотрясает серия взрывов.,,,
26275,Звук пролёта Герани и последующий взрыв в Киеве💥,,,
26276,"Взрывы в Киеве. Также слышны автоматные очереди, пытаются сбить дроны. Тщетно",,,
26277,В небе над Киевской областью замечены дроны камикадзе Герань. Прозвучали взрывы💥,,,
26278,"Надо быть полным дебилом, чтоб не понимать, кто будет сидеть в этих комплексах. 

Если даже в польских САУ Краб сидят нихера не мыколы, а тут сложнейший комплекс ~~РСЗО~~ ПВО.

 https://t.me/warhistoryalconafter/74834",,,
26279,Рука Кремля уже и сюда дотянулась,,,
26280,"Выцепил их случайно в очереди на раздачу нашей гуманитарки и случайно разговорил, и сразу понял что нужно отправлять к ним нашу Карину. Такая, показательная история для СВО, и Купянск, и Мариуполь. 

И все это теперь наша ответственность, нас с вами

https://t.me/readovkanews/48840",,,
26281,"__«Любое решение или дипломатическое завершение войны будет базироваться на том, что Россия покидает все территории Украины по состоянию на 2013 год»__, — министр иностранных дел Украины Дмитрий Кулеба",,,
26282,"🇺🇦Данилов отрабатывает как группировки бабахов, беря ответственность за бытовые пожары в России на свою группировку «Украина»

«Всё будет пылать и гореть, пока не сгорит вся та Москва, это обязательно произойдет в наши с вами дни»

Война История Оружие 
[Подписаться на канал](https://t.me/warhistoryalconafter)",,,
26283,"Сегодня несколько коллег написали о том, как губительна для современной России страсть к отчётности, презентациям, и прочее чиновничьей мишуре, которой чиновный класс прикрывает либо же бездействие, либо же отсутствие навыка. Ну или просто проявляет в некоторых случаях, типичное самодурство.

Коллега Рыбарь привёл [примеры такой вот отчётности, которая сейчас в условиях СВО, несёт и вовсе функцию, сравнимую с диверсионной](https://t.me/rybar/41629). А Дмитрий Конаныхин копнул чуть [глубже, и написал о проблеме избыточной отчётности, как близнеце избыточной бюрократии](https://t.me/grishkafilippov/11364). 

Однако же, хочу добавить, что к великому сожалению, мы сегодня повторяем невыученный исторический урок. В 1914 году русский публицист Михаил Меньшиков писал о российской бюрократии примерно то же самое, что нынче пишут коллеги. 

""Россия гибнет от слишком заметного возобладания в ней типа самодовольной, оптимистической бюрократии. 

Сидит себе в Северной Пальмире раззолоченный сановник, принимает доклады на слоновой бумаге, наслаждается раболепием толпы подведомственных чинов и в самом деле думает, что он маленький “царь и бог”, как любят величать себя даже захолустные исправники.

Никакой политики, кроме благополучной, он не признает, никаких глубоких и сложных процессов народного быта, а главное — никакой драмы. В тиши роскошного казенного кабинета его превосходительству искренне кажется, что ни в природе нет никаких океанов и ураганов, ни в государстве никакой политики дальше тридцати верст от городов. 

Так как ведь над каждым изнеженным сановником есть другой, еще более нуждающийся в покое сановник, то каждая ступень табели о рангах старается дополнить собой лестницу общего благополучия, по крайней мере — “отчетного”. 

Именно отсюда идет пагубная привычка петербургских сфер никак не реагировать на острые явления жизни и прятать их под сукно, как страусы в пустыне при виде неприятеля прячут голову под крыло. Именно этой пагубной привычке мы обязаны чудовищным разрастанием таких явлений, которые своевременно могли бы быть погашены легко и быстро"".

Но отличие в том, что у нас нет возможности не выучить урок сейчас. И лучше бы нам его учить на ошибках прошлого, и свои не совершать. Потому что каждая из них нам слишком большой кровью обходится.",,,
26284,"Вечерний Владлен. 13.12.2022г

- Обстановка. Бахмут. 
- Запорожье. 
- Совет мобилизованным. 
- Ещё один фейк уркаиской пропаганды.

https://t.me/elpicahielo/3403",,,
26285,"На встрече с главарём «Республики Косово» спецпредставитель США на Западных Балканах Габриэль Эскобар заявил, что Вашингтон **категорически против** возвращения сербских военных в северное Косово.

Кто бы сомневался 🤡",,,
26286,Лидеры стран ЕС утвердят на саммите 15-16 декабря программу макрофинансовой кредитной помощи Украине на 18 миллиардов — Еврокомиссия,,,
26287,Россия никому не позволит очернить и оболгать своих героев — Путин,,,
26288,"Похоже у ребят из CNN выходной, а дверь в дурку осталась открытой",,,
26289,ЭТО ДРУГОЕ,,,
26290,"«Лезут со всех сторон. Кто хочет 100 тысяч — приезжайте».

Хохол жалуется на обстановку в Бахмуте/Артёмовске.",,,
26291,"Страны НАТО столкнулись с «очень реальным» дефицитом вооружений из-за войны в Украине, альянс работает с военно-промышленным комплексом для их восполнения — постпред США",,,
26292,"Франция передаст Украине новую партию систем ПВО в ближайшее время, заявила глава французского МИД",,,
26293,Красноярск продолжает в креатив😎,,,
26294,"На самом деле, Рыбарь поднял страшную для нашего государства тему: Россия сходит с ума от объёма никому не нужной отчётности.

Избыточная отчётность есть обратная сторона избыточной бюрократии. Избыточная бюрократия есть следствие жирных лет государственно-частного партнёрства, когда главными работодателями в стране стали непрерывно растущие и непрерывно укрупняющиеся государственные чеболи, мегакорпорации.

Эти чеболи (см. коррупцию и семейственность в Южной Корее) подмяли под себя правоприменительную практику и узурпировали социальные лифты для контролирующих их семейств.

Россия превратилась в набор чеболей, бюрократических структур, к которым относятся не только наше ""национальное достояние"", но и министерство чрезвычайных ситуаций, министерство обороны, министерство образования и министерство просвещения и министерство патриотизма в лице бесчисленных РВИО и ""комсомолов"".

Объём отчётности непрерывно растёт потому, что при неизменном числе учительниц, преподавателей, спасателей, врачей, медсёстр, лейтенантов и капитанов у нас бешеными темпами растёт число генералов и помощниц/помощников/советников, активистов, чиновников администраций и прочих рогов и копыт.

Чтобы оправдать своё существование эти растущие структуры генерируют всё более изощрённую отчётность, замусоренную фотоотчётами.

Министерство обороны превратилось в министерство камуфляжного селфи, министерство просвещения запретило ставить двойки, министерство здравоохранения запугало врачей ответственностью до полной потери инициативы.

В результате этой фотоотчётности в школе нельзя посадить берёзку без фотографии, нельзя даже подумать выйти на Бессмертный полк без видеоотчёта о массовости, а тыловые генералы требуют от боевых офицеров селфи в уставном камуфляже.

При этом волонтеры покупают погрузчики для боевых частей, потому что тыловым генералам дела нет до того, что техники вручную таскают ракеты.

Это отвратительно.
Отчёт не может быть правдивым, он обязан услаждать начальство.
Отчётность сжирает Россию, сжирает инициативу.
Это цена имитации дела отчётностью.
Цена услады.
Цена тотального вранья, спрятанного за фотоотчётами.

https://t.me/rybar/41971",,,
26295,Под Кременной наши зажмурили свинопулеметчика.,,,
26296,"[🇷🇺](https://t.me/rybar/41629) **О фотоотчетах в воюющей армии: комнаты военно-политической работы и показательные выступления 
**
Мы не раз рассказывали о порочной практике [фотоотчетов](https://t.me/rybar/41591) в частях ВС РФ. Находящихся на передовой бойцов [заставляли](https://t.me/rybar/41629) учить песни, заполнять журналы боевой подготовки и конспекты с февраля, а также позировать в уставной форме вместо подготовки к заданию.

С момента предыдущих публикаций ситуация не изменилась. Вот лишь несколько новых эпизодов:

▪️В Южном военном округе один из заместителей начальников штаба требует от подчиненных проводить **показательные выступления.** По каждому мероприятию он требует строгий отчет с четким перечислением количества участников от военнослужащих, студентов и школьников из «Юнармии».

В итоге вместо обеспечения деятельности подразделений на передовой личный состав будет показывать гражданским __приемы рукопашного боя__ и ездить перед ними на технике.

▪️В одном из бомбардировочных авиаполков после визита комиссии пришло распоряжение создать в пункте базирования **комнату военно-политической работы.** Военнослужащие за __собственные средства__ закупали стенды, парты и стулья.

Вопросы материально-технического обеспечения личного состава проверяющих лиц не волновали: абсолютно __бесполезная__ в условиях боевых действий комната для них оказалась куда важнее.

▪️В десантно-штурмовой бригаде Центрального военного округа, выведенной в тыл после отвода войск с правого берега Днепра, прибывшая комиссия вместо оценки боеготовности соединения также [сосредоточилась на проверке](https://t.me/vladlentatarsky/17918) пришитых бирок и заполненных журналов.

Все это — не прихоти отдельных лиц, а **системная проблема вооруженных сил, **появившаяся задолго до СВО. Когда показателем боевой подготовки стали красочные картинки в лице фотоотчетов, слайды и «танковых биатлонов».

🔻Для ее решения недостаточно одной-двух перестановок: на местах все [равно останутся](https://t.me/rybar/41937) те же недееспособные и оторванные от реальности военные чиновники. Необходима планомерная работа по искоренению очковтирательства, которое никуда не исчезло даже после 10 месяцев СВО.

В противном случае никакие позитивные изменения, вроде устранения [отдельных проблем](https://t.me/RSaponkov/4151) в МТО и [улучшения взаимодействия](https://t.me/sashakots/37336) между подразделениями к **коренным изменениям** в вооруженных сил привести не смогут.
#ВСРФ #Россия
@rybar

*__Поддержать нас:__` 5536 9141 9147 4885`",,,
26297,В результате обстрела ВСУ в посёлка Луганское погибли 3 человека — Штаб Теробороны ДНР,,,
26298,💥 В Очакове бавовна,,,
26299,ВСУ выпустили по Новой Каховке 6 снарядов ствольной артиллерии — экстренные службы,,,
26300,Прилёт по Краматорску,,,
26301,"В Польше и Литве создается военизированное формирование, которое вместе с белорусской оппозицией посягает на суверенитет Минска — МВД Белоруссии",,,
26302,"Восейчук Дмитрий Дмитриевич, плыл на лодке в составе ДРГ в Голую Пристань со своими побратимами.

Побратимы в количестве 3 штук ушли под воду, на радость ракам, а этого выловили раненным в камышах, оказали первую помощь.

Рассказал много интересного.",,,
26303,💥 Сообщают о взрывах во временно оккупированном Краматорске,,,
26304,"Финны могут рискнуть и передать свои буки и ракеты к ним.

Наблюдаем.

https://t.me/rt_russian/140071",,,
26305,"Уважаемый ""Парламент с кнопкой"", разбудите нас, когда у нас научатся тонкой работе с людьми, а не квадратоголовой запретить/отнять.

https://t.me/parbut/2857",,,
26306,"В аэропорту Красноярска задержан житель Абакана, пытавшийся вступить в ряды украинских войск — ФСБ",,,
26307,"Внезапная проверка боевой готовности Вооруженных сил Белоруссии началась по поручению президента, сообщили в Минобороны.

Войскам предстоит в кратчайшие сроки выдвинуться в назначенные районы, провести их инженерное оборудование, организовать охрану и оборону, навести переправы через реки Неман и Березина, говорится в сообщении.",,,
26308,Работа РСЗО «Торнадо-Г» по позициям ВСУ на Марьинском направлении,,,
26309,За прошедшие сутки на территории ДНР от украинских обстрелов погибли 4 мирных жителей и еще 4 получили ранения — Штаб Теробороны ДНР,,,
26310,"[❗️🇷🇺🇺🇦](https://rybar.ru/piwigo/i.php?/upload/2022/12/12/20221212211038-6110ea76-xx.jpg)[** **](https://rybar.ru/piwigo/i.php?/upload/2022/12/05/20221205203405-4b20bb19-xl.jpg)**Хроника** **специальной военной операции
**__за 12 декабря 2022 года

__**🔻Старобельское направление:

**▪️На **Купянско-Сватовском** участке подразделения 14 омбр ВСУ ведут позиционную оборону. В составе танкового батальона 14 бригады в состоянии боевой готовности — один танк Т-64Б1В и четыре Т-72.

Разведгруппа 80 десантно-штурмовой бригады ВСУ ведёт поиск огневых позиций ВС РФ в районе **Стельмаховки**. Для поражения выявленных целей задействуются украинская артиллерия и тактическая авиация.

▪️На **Лиманском** участке сводные штурмовые группы 80 одшбр и 25 овдбр продолжают попытки штурма российских позиций на направлении **Краснопоповки**. Идут позиционные бои в районе урочища **Медвежье** и балки **Журавка**.

**🔻Соледарское направление (**[**карта**](https://t.me/rybar/41948)**):

**▪️На **Бахмутском (Артемовском)** участке продолжаются боестолкновения в окрестностях **Бахмута**. Штурмовые отряды ЧВК «Вагнер» установили контроль над двумя опорными пунктами противника на рубеже **Бахмут — Соледар**.

▪️На **Торецком (Дзержинском)** участке российские подразделения при поддержке артиллерии ведут наступление к востоку от **Торецка**.

▪️На **Лисичанском** участке украинское командование готовится к штурму позиций ВС РФ в районе **Белогоровки**. 

**🔻Луганская Народная Республика:

**▪️Украинские формирования обстреляли из реактивной и ствольной артиллерии города **Сватово** и **Кременная**: повреждения получили жилые постройки и газопровод, среди мирного населения есть погибшие.

**🔻Донецкое направление:

**▪️Мотострелки ВС РФ ведут бои в центре **Марьинки**. Российская артиллерия наносит удары по позициям противника на западной окраине города. 

▪️На **Угледарском** участке ВС РФ ведут локальное наступление в районе **Большой** **Новоселки**. Существенных продвижений нет.

▪️Украинские формирования обстреляли жилые постройки и гражданскую инфраструктуру **Донецка**, **Горловки**, **Яковлевки**, **Ясиноватой**, **Каштанового** и других населенных пунктов агломерации. Погибло не менее трех мирных жителей.

**🔻Запорожское направление:

**▪️В селе **Константиновка** ДРГ противника подорвала взрывное устройство у опоры моста на трассе **Мелитополь — Бердянск**.

▪️Вдоль линии соприкосновения продолжаются артиллерийские дуэли: ВС РФ поразили скопления живой силы ВСУ в **Дорожнянке**, **Гуляйпольском**, **Орехове** и **Малиновке**.

**🔻Южный фронт: Херсонское направление

**▪️В **Скадовске** произошло покушение на замглавы Херсонской области: под его автомобиль подложили мину. Водитель погиб на месте, чиновник в тяжелом состоянии госпитализирован в больницу **Симферополя**.

▪️Российская артиллерия нанесла удары по позициям противника в **Чернобаевке**, **Червоном** **Маяке** и **Львово**.

В свою очередь, украинские формирования из минометов обстреляли жилые постройки в **Алешках** и **Голой** **Пристани**.

[**Карта в высоком разрешении

**](https://rybar.ru/piwigo/upload/2022/12/12/20221212211038-6110ea76.jpg)**Foreign versions: **[**DE**](https://rybar.ru/piwigo/upload/2022/12/12/20221212211004-e2bd0f68.jpg)[** **](https://rybar.ru/piwigo/upload/2022/11/30/20221130072328-58b4f256.jpg)**|**[** **](https://rybar.ru/piwigo/upload/2022/11/29/20221129213932-b54619b7.jpg)[**EN**](https://rybar.ru/piwigo/upload/2022/12/12/20221212211018-3a569f89.jpg)** |**[ **ES** ](https://rybar.ru/piwigo/upload/2022/12/12/20221212211025-4323b8fb.jpg)**|**[** **](https://rybar.ru/piwigo/upload/2022/11/30/20221130072431-26142ff5.jpg)[**FR**](https://rybar.ru/piwigo/upload/2022/12/12/20221212211031-25b6cfb8.jpg)[** **](https://rybar.ru/piwigo/upload/2022/11/25/20221125213345-f65583d9.jpg)**|**[** **](https://rybar.ru/piwigo/upload/2022/11/30/20221130072453-c9e234fa.jpg)[**IT

**](https://rybar.ru/piwigo/upload/2022/12/12/20221212211035-17a4fa64.jpg)#дайджест #Бахмут #Донецк #Запорожье #карта #Луганск #Россия #Славянск #Украина
@rybar

__*Поддержать нас:__ `5536 9141 9147 4885` | `0x4739352b67Da6F4064757627D92A08EaDd3fb6b6` (ETH) | `33i1BwMuzeYTAUNtiLa6CjvaHtTVYNJfnp` (BTC)",,,
26311,Момент удара по объекту в Никополе.,,,
26312,"Арестович анонсирует, что польские ЗРК «Пэтриот» будут сбивать российские ракеты",,,
26313,💥 Сообщают о взрывах в Никополе и временно оккупированном Херсоне,,,
26314,"Белград сейчас. Патриотические шествия в поддержку косовских сербов. 

Кричат «Косово — это Сербия», «русские и сербы — братья навек» и куда пойти НАТО.",,,
26315,"В Киеве горит ""пункт незламности"".

Символично?",,,
26316,"Уже много раз сказано, что прекращение войны с сохранением Украины как единого организованного государства, даже если она потеряет те или иные территории, будет означать успех НАТО и неудачу России. Сейчас можно это соображение подкрепить конкретными аргументами, и первый из них – планы США раскрутить к 2025 году производство 155-мм снарядов до полумиллиона в год и более. С учетом производства других стран-союзников США эта цифра может составить миллион и более. С учетом производства всего остального, от управляемого оружия до дронов и самолетов, Запад легко может снова раскормить Украину для второго захода. И бедственное экономическое положение хохлов этому будет лишь способствовать – в стране, где нет экономики, будет много желающих пойти служить (и воевать, с надбавками-то). А нацистская пропаганда, которая и сейчас работает, будучи запущенной на всю катушку лишь поспособствует этому процессу. 

Надо совершенно четко понимать, что единственным залогом мира на этой территории может быть только лишение Украины права и возможности содержать вооруженные формирования масштабнее полиции. Но для этого Украину придется разбить – иначе вторая война, более тяжелая и опасная чем сейчас, неизбежна.",,,
26317,"Ну а вот, по всей видимости, второй член экипажа сбитого вчера Ми-8. 

Погибший - лейтенант Владислав Левчук. 
23 года, выпускник Харьковского института ВВС этого года.",,,
26318,"А самый главный вопрос, где подобные действия с нашей стороны.",,,
26319,"ВСУ подорвали мост в пригороде Мелитополя. По заявлению [Владимира Рогова](https://t.me/vrogov/6473), украинские диверсанты заложили взрывчатку у опор моста.

И вновь вопрос к эффективности контртеррористической борьбы в новых регионах.",,,
26320,Боевая работа танкистов 1-й Славянской бригады 1-го АК в районе Водяного,,,
26321,Вечерний Владлен. 12.12.2022г,,,
26322,"Протестующие на севере Косово сербы требуют освобождения всех незаконно арестованных сербов, ввести на север Косово отряды сербской армии и полиции в рамках Резолюции СБ ООН 1244 (этого же [будет добиваться](https://t.me/voenacher/35536) и Белград), а также запретить появление албанских боевиков на севере Косово (им и так это было запрещено, но Приштинским властям[ плевать](https://t.me/voenacher/35299)). 

Без выполнения этих условий сербы не будут разбирать баррикады в северном Косово и продолжат митинги, об этом пишут местные ресурсы.",,,
26323,"Евросоюз направляет в непризнанное Косово своего спецпредставителя по Западным Балканам для содействия в снижении напряжённости в регионе, сообщил Боррель",,,
26324,"Покушение совершено на первого замглавы администрации Херсонской области Виталия Булюка, он получил легкие ранения, его жизни ничего не угрожает — РИА Новости со ссылкой на власти региона",,,
26325,"Последствия прилетов «Града» в Ворошиловском районе Донецка

@WarInMyEyes",,,
26326,"«Микола, сфоткай типу ми німці»",,,
26327,"Санкции против российского энергосектора и атомной энергетики в девятый пакет санкций ЕС не включены — глава МИД Венгрии. 

По его словам, Будапешт выступал за исключение из пакета санкций некоторых физических лиц, всего планируется ввести санкции против 141 человека.",,,
26328,"РФ будет помогать Белграду отстаивать законные национальные интересы в отношении Косово, опираясь на резолюции Совбеза ООН — МИД РФ",,,
26329,"Там Зеленский совсем вразнос пошёл:

__«Если Путин умрет, то война РФ против Украины закончится, так как органы власти в РФ перестанут работать»__, — Зеленский в спецвыпуске шоу Netflix

__«Авторитарный режим страшен, потому что есть большой риск. Не может все зависеть от одного человека. Поэтому, когда такой человек умирает все институты останавливаются»__, — считает он.",,,
26330,"Тоже не так давно был в 21 ОБрОН, проводил занятия по основному (связь) и смежному направлению. 

Заинтересованность офицеров, прапорщиков и контрактников на занятии порадовала - вопросов было море, причём все по существу и с привязкой к накопленному уже богатому опыту бригады в зоне СВО.

Комбригу тоже хотелось бы высказать отдельную Благодарность и Уважение🫡🤝

https://t.me/vladlentatarsky/18041",,,
26331,"Министр обороны Сербии Милош Вучевич прибыл в Рашку проинспектировать готовность  подразделений сербской армии, сосредоточенных возле административной линии с Косово.

Министр обороны Сербии Милош Вучевич заявил, что Белград готов отправить солдат в Косово, но он привержен миру и диалогу и постарается сделать все для достижения компромисса.

Вучевич также сообщил, что получил информацию разведки о готовящейся провокации: албанских экстремистов переоденут в гражданскую одежду, чтобы выдать инцидент за нападение сербов на членов KFOR и EULEX. В связи с этим он призвал сербское население на севере Косово действовать в мирном ключе.",,,
26332,Донецк снова под обстрелом Града хуесосов.,,,
26333,Сербия 15 декабря направит KFOR запрос на введение в северное Косово своего воинского контингента в соответствии с резолюцией СБ ООН 1244 — Вучич,,,
26334,"Последствия вчерашнего обстрела рынка «Маяк» в Донецке из РСЗО «Град»

@WarInMyEyes",,,
26335,"Патриотический центр «ЧОП Новороссия»

Защита и охрана территорий, которые всегда будут нашими.
ЗП: 100 тыс руб (во время подготовки), 300 тыс руб (в первые 3 месяца) в период пребывания в зоне СВО, вещевое обеспечение, дорога до места, питание, проживание за счет принимающей стороны.

✔️Актуально для мужчин младше 50 лет.

Писать сюда @novorossiyaZ",,,
26336,"Погибший вчера в хохлоМи-8 подполковник Фёдоров Максим. 

Тот ли борт который рухнул на Константиновку или другой пока не ясно.",,,
26337,🤡 Главы МИД ЕС не смогли согласовать девятый пакет санкций против России на встрече в Брюсселе. Проект вернули на рассмотрение постпредов ЕС.,,,
26338,"Я думаю, надо провести общественную компанию или типа того. 

С девизом: ""фотоотчеты – хуйня ебаная. Если ты требуешь фотоотчет, то ты профнепригодный долбоеб, пошел нахуй из армии"". 

Помойму, важно быстро пройти стадию осознания и перейти к тому, что фотоотчет – это диагноз. Чтоб кто-то про них заикнулся и все на него посмотрели и подумали ""ну ты и дебил, канешно, как тебе это в голову пришло?"". Чтоб это побыстрее стало зашкваром (чем оно по сути и является). Чтоб оно в обществе воспринималось как публичная дефекация или копрофилия. 

Мы всë равно через год к этому придëм. Но пока оно в медийке проползëт все стадии принятия – проебем ещë немало полимеров.

А надо быстрее.",,,
26339,"Трофейный ХА-180 из финских поставок. 
Похоже первый целый. До этого доставались только сгоревшие.",,,
26340,"RSOTM ACADEMY на минималках.

Cписок требований для выживания на позициях. Мобилизованным и не только ! 

1. Средства бронезащиты (СИБЗ).
На передовой снимать броню только в блиндаже.

 Оружие должно находиться все время при вас ( не висеть на дереве и не лежать в блиндаже). 
Противник может оказаться в окопе внезапно ! 
Предыдущие конфликты , за исключением событий 2014 года, были с малым числом артиллерийских систем у противника и с малым числом осколков. Поэтому сибзом можно было пренебрегать, надевая его только на боевые выходы . 

2. Научиться копать окопы. 

От самых простых - лежачих, до опорных пунктов.
 Делать лисьи норы, выходы из блиндажей в разных направлениях, ложные позиции с трубами от буржуек.
Необходимо иметь инструменты ( лопаты, кирка, лом, пила, тапор).

3. Когда позиции подготовлены, их необходимо замаскировать  массетями, ветками, экранами от тепловизара. Последним может служить мелкая зеленая сетка, каримат. 
Наблюдателей ставить под навесами, чтоб коптеру противника было сложно его найти, в том числе и с тепловизором.

4. Не разбрасывать мусор! Это должно войти в привычку. Не только для того, чтобы беречь природу,но и чтобы скрыть  место пребывания человека на позициях.

5. Транспорт, по возможности ставить дальше от позиций, маскировать массетями. Автомобиль ставить сразу на ход. 

6. Научиться наносить карточки огня, или хотя бы делать понятный рисунок на местности, где находятся мины, привязка к ориентирам с дальностями. Пристрелять групповое оружие типа АГС по складкам местности, откуда противник может подойти. Если его нет в наличии , ставить мины , или хотя бы сигнальные ракеты.

7. Если вы командир взвода мобилизованных или командиры вас бросили и уехали, как в знаменитом видео , не спешите звонить жене и записывать видео! 
Необходимо узнать, кто ваши соседи слева и справа. 
Нужно наладить взаимодействие, связь по умолчанию. Необходимо объяснить в чем дефицит. 
Если у вас только стрелковое оружие и по технике нет возможности наносить поражение , то просить, чтобы с вами поделились. Или если противник прорвет вашу позицию, то и другим не устоять.

8. Провести занятия самостоятельно, на случай если вдруг противник внезапно, скрытно подошёл к позиции и попытался ее атаковать. Придумать название, по которой будет подниматься личный состав, отражать нападение. Например:  ""План  Крепость"". По команде ""крепость"", весь личный состав , находящийся не на позициях, экипируется, хватает оружие и выдвигается на заранее обозначенные ему позиции для контроля своего сектора. Бойцы бегут не туда куда все, или туда где интересно, а именно на указанное ему место.

9. 
Провести занятие , при передвижении на технике. Каждый должен знать свое место и куда он спешивается в случае попадания в засаду . Место при движении не меняется , если только вы едете на чужом автомобиле или БМП. 

10.
ОСНОВНОЕ : Если поступила команда (информация) о том , что ваша позиция или временный пункт дислокации, пометил противник, как плановую цель , в кратчайшее время нужно сместиться! 
Были случаи, когда командиры игнорировали смену позиций и туда прилетали такие ракеты, как химарс. 

Знайте, ваш командир-  долбоеб, безапелляционно! 

При занятии позиций противника ничего не поднимать и не брать. Все только сдергивать кошкой и веревкой . В каждом отделении обязательно должна быть, хотя бы по одной! 

Не пинать лепестки , если вы, конечно, не хотите орден и 3 миллиона, но вам не нужны пальцы на ноге, минимум. 

Ходить только там, где уже проверили саперы , не съезжать с колеи.  

Список будет дополнятся после выхода следующего видео .",,,
26341,"Кулеба в свежем интервью заявил, что считает возможным полный блэкаут на украхе, при этом считает, что люди не уедут (хуй они кого выпустят), а просто переедут в сельскую местность к печам и колодцам.",,,
26342,"Очень интересно, если не вброс. 

А если в ближайшее время ""выполнят поставленные задачи и отправятся на ротацию"" другие подразделения ВСУ с Бахмутского направления, то будет [совсем интересно](https://t.me/voenacher/35487).",,,
26343,"ПВО Украины не может сбивать баллистические ракеты, поэтому уничтожать их надо **на старте, там, где они находятся** — спикер командования воздушных сил ВСУ Игнат.

Любопытно.",,,
26344,"Сербия стягивает войска к линии разграничения.

Баррикады на севере Косово остаются стоять, сербские протестующие не собираются расходится.",,,
26345,"**Тушение пожара на рынке «Маяк» в Донецке после украинского обстрела.**

Как только сотрудники МЧС приступили к ликвидации пожара ВСУ нанесли повторный артудар. Личный состав и техника были эвакуированы на безопасное расстояние. ВСУ трижды наносили артудары по месту тушения пожара.

Локализовать огонь удалось лишь к вечеру. Сейчас пожарные продолжают проливку конструкций торговых рядов.

Пожаром уничтожена кровля и перекрытие, внутренняя обшивка павильонов на площади 3025 квадратных метров и торговая продукция.

Для тушения пожара привлекались 14 единиц техники, 67 человек личного состава.",,,
26346,За прошедшие сутки на территории ДНР от украинских обстрелов 9 мирных жителей получили ранения — Штаб Теробороны ДНР,,,
26347,"""Вся наша работа заключается в поиске и эвакуации сбитых, подбитых летчиков. Это основная наша задача. Летят (ударный самолет или вертолет - ред.) на боевые вылеты, и мы их сопровождаем - вертолет ПСС летит за ними в боевых порядках. Эти уходят на удар, мы кружим в зоне и ждем, когда, не дай Бог, что-то случится. Мы по первому ""свистку"" летим, забираем летчиков и на базу"", - рассказал собеседник агентства.
Поисково-спасательные группы, отметил он, эвакуируют не только сбитых летчиков, но могут привлекаться и для эвакуации раненых бойцов с передовой. ""Еще помимо этого мы летали на эвакуацию просто раненых бойцов, ССО-шников и так далее. Летим, забираем, привозим"", - добавил военнослужащий.
Командир рассказал, что спасатели выполняют свои задачи в максимально опасных условиях, потому что есть большая вероятность того, что забирать летчиков придется непосредственно с поля боя.
""Нашей работы особо не видно, она видна, когда что-то случается. Ежедневная боевая работа. Мы в день делаем по пять вылетов, не куда-то, а туда именно, где ""жарко"". Где каждый день тебя могут сбить"", - добавил спасатель.",,,
26348,"Экипаж поисково-спасательной группы армейской авиации круглосуточно несет боевое дежурство в зоне спецоперации, только за день может быть до пяти боевых вылетов. Корреспондент РИА Новости провел день на боевом дежурстве вместе с поисково-спасательной службой армейской авиации российских ВКС",,,
26349,"Кадры работы 203-мм самоходной гаубицы ""Малка"" группировки ""Отважных"" Центрального военного округа по позициям нацистов в зоне СВО.",,,
26350,"Расчёт ракетного комплекса ""Искандер-К"" из состава Западного военного округа производит пуск крылатой ракеты Р-500 по объекту всу.",,,
26351,Карта воздушных тревог страны 404 на данный момент.,,,
26352,Взрывы во временно оккупированной всу Константиновке ДНР. Есть перебои с электричеством,,,
26353,"На направлении Сватово-Кременная наблюдали в коптер очередной севший в грязь и брошенный ВСУшниками американский MaxxPro.

Тяжелый вес + дожди + чернозём = зрада тотальна.",,,
26354,💥Взрывы в Херсоне.,,,
26355,Есть только один путь к завершению войны: устранение украинского квазигосударста с политической карты мира,,,
26356,"Еще одно видео с подорванного моста в Бахмуте. 

Битва за город, который является коридором на Краматорск, будет очень жестокой.",,,
26357,"[❗️🇷🇺🇺🇦](https://rybar.ru/piwigo/i.php?/upload/2022/12/11/20221211212348-4c4397e7-xl.jpg)[** **](https://rybar.ru/piwigo/i.php?/upload/2022/12/05/20221205203405-4b20bb19-xl.jpg)**Хроника** **специальной военной операции
**__за 10-11 декабря 2022 года

__**🔻Республика Крым:

**▪️Украинские беспилотники-камикадзе пытались нанести удары по **Симферополю,** однако российские средства ПВО сбили все цели еще на подлете.

**🔻Старобельское направление (**[**карта**](https://t.me/rybar/41933)**):

**▪️Н**а Купянско-Сватовском** участке подразделения 14 омбр ВСУ и 32 батальона теробороны предприняли попытки взять штурмом рубеж **Синьковка — Лиман 1-й,** но потерпели неудачу. 

ВС РФ перехватили украинскую ДРГ в районе **Дачного**, большая часть группы была уничтожена, оставшаяся часть скрылась в лесу.

▪️На **Лиманском участке** идут бои западнее **Площанки, **где ранее ВС РФ смогли взять несколько опорных пунктов противника. ВСУ безуспешно пытаются вернуть утраченные позиции.

Продолжаются бои в серой зоне на рубеже **Краснопоповка — Макеевка.

**▪️На **Лисичанском участке **российские войска заняли наблюдательный пункт в окрестностях **Белогоровки. 

🔻Луганская Народная Республика:

**▪️ВСУ нанесли удары из реактивной и ствольной артиллерии по **Сватово** и **Стаханову**: повреждены объекты гражданской инфраструктуры.

**🔻Донецкое направление (карта):

**▪️Продолжаются столкновения в центре **Марьинки**, где российские войска пытаются преодолеть оборону противника на центральной улице Дружбы.

▪️На** Авдеевском участке** подразделение НМ ДНР ведут бои в окрестностях **Первомайского **и** Водяного.

**▪️На** Угледарском участке **ВС РФ инициировали наступление под **Большой Новоселкой,** пытаясь занять выгодные позиции.

▪️Противник продолжает интенсивно обстреливать **Донецкую агломерацию**: в результате ударов по центру **Донецка** и другим населенным пунктам погибли мирные жители.

**🔻Запорожское направление:

**▪️Украинские формирования обстреляли **Мелитополь** из РСЗО HIMARS. Снаряды попали в базу отдыха «Привал охотника», погибли мирные жители. Несмотря на массированный удар, ни один военный объект поражён не был: потерь среди личного состава ВС РФ нет

▪️Продолжаются артиллерийские дуэли вдоль всей линии соприкосновения: ВС РФ отработали по целям в **Юльевке, Орехове, Гуляйполе, Ольговском** и** Никополе,** в то время, как противник обстрелял **Энергодар.

🔻Херсонское направление

**▪️Российские силы нанесли удар по позициям ВСУ на Херсонском хлопчатобумажном комбинате в **Херсоне. **Кроме того, поражены цели в **Дудчанах, Бериславе, Зимевке** и** Днепровском.

**▪️На **Большом Потемкинском острове** в устье Днепра ВС РФ уничтожили ДРГ противника. Было убито как минимум 3 бойца ВСУ, их тела упали в реку

**🔻Одесская область

**▪️В ночь с пятницы на субботу российские войска с помощью БЛА-камикадзе «Герань-2» по электроподстанции** Новоодесская.

**В** Одессе **в результате удара на долгое время почти полностью пропало электроснабжение, возникли проблемы с работой насосных станций.

[**Карта в высоком разрешении

**](https://rybar.ru/piwigo/upload/2022/12/11/20221211212348-4c4397e7.jpg)**Foreign versions: **[**DE**](https://rybar.ru/piwigo/upload/2022/12/11/20221211212255-01ffaf54.jpg)[** **](https://rybar.ru/piwigo/upload/2022/11/30/20221130072328-58b4f256.jpg)**|**[** **](https://rybar.ru/piwigo/upload/2022/11/29/20221129213932-b54619b7.jpg)[**EN**](https://rybar.ru/piwigo/upload/2022/12/11/20221211212308-faf13b7e.jpg)** |**[** ES **](https://rybar.ru/piwigo/upload/2022/12/11/20221211212320-e1ea8f6d.jpg)**|**[** **](https://rybar.ru/piwigo/upload/2022/11/30/20221130072431-26142ff5.jpg)[**FR**](https://rybar.ru/piwigo/upload/2022/12/11/20221211212332-99e360e5.jpg)[** **](https://rybar.ru/piwigo/upload/2022/11/25/20221125213345-f65583d9.jpg)**|**[** **](https://rybar.ru/piwigo/upload/2022/11/30/20221130072453-c9e234fa.jpg)[**IT

**](https://rybar.ru/piwigo/upload/2022/12/11/20221211212338-ba702727.jpg)#дайджест #Бахмут #Донецк #Запорожье #карта #Луганск #Россия #Славянск #Украина
@rybar

__*Поддержать нас:__ `5536 9141 9147 4885` | `0x4739352b67Da6F4064757627D92A08EaDd3fb6b6` (ETH) | `33i1BwMuzeYTAUNtiLa6CjvaHtTVYNJfnp` (BTC)",,,
26358,"Местные ресурсы сообщают о нескольких взрывах и стрельбе на севере Косово, ситуация остаётся напряжённой",,,
26359,Распространяемое сейчас видео с колоной сербского спецназа — старое,,,
26360,"__«Никогда со времен распада Югославской народной армии у нас не было таких настроений в полиции и армии, где люди готовы отдать себя на службу своей стране. Они готовы к какому угодно приказу. И за это я им благодарен и горжусь ими. Но мы любой ценой будем стремиться сохранить мир. Их дело лишь сохранять высокий уровень боеготовности»__, — Вучич. 

Баррикады на севере Косово остаются. Ход за албанцами.",,,
26361,"__«Они [Запад] создали монстра 23 года назад. Завершили его создание в 2008-м году. Мы не строим баррикады из прихоти или потому, что нам нравится мерзнуть. Это выражение протеста из-за арестов, издевательств над людьми и невыполнения Брюссельских соглашений. Пускай нам наши американские партнеры скажут, какой правовой акт они с Приштиной уважают. Хотя бы один назовите. Они соблюдают только ""договоренности"", которые им все позволяют, пока они хотят и сколько хотят»__.

(с) Вучич",,,
26362,"__«Мы приперты к стене. Для меня это самый тяжелый день за все время, пока я президент Сербии или глава правительства»__, — Вучич выступает с обращением после срочного заседания Совета по национальной безопасности.

Президент Сербии заявил, что США и Приштина не соблюдают ни одного достигнутого соглашения по самопровозглашённому Косову.

Также Вучич призвал сербов и албанцев в Косове и Метохии сохранить мир.",,,
26363,Мы приближаемся к точке невозврата в Косово — бывший госсекретарь МИД Сербии Неманья Старович,,,
26364,"Сегодня появилась информация, что ВСУ взорвали железнодорожный мост к северу от Бахмута/Артёмовска, перекрыв тем самым дорогу на Славянск. Положение ВСУ в городе становится всё труднее. 

Как мы и [писали ранее](https://t.me/voenacher/35213), появляющиеся в последнее время [многочисленные](https://t.me/voenacher/35107?single) [репортажи](https://t.me/voenacher/35459) в украинских и западных СМИ о бедственном положении ВСУ на этом участке фронта свидетельствуют о моральной подготовке населения к будущей сдаче города.",,,
26365,В Сербии проходит заседание Совбеза в связи с обострением в Косово,,,
26366,Попадание в жилой дом в Киевском районе Донецка,,,
26367,"Вечерний Владлен. 11.12.2022г.

- Наступление под Великой Новосёловкой. 
- Кадровые перестановки в армии.",,,
26368,Киев. Энергосистема пожирает сама себя.,,,
26369,"В Москву на переговоры с Шойгу прибыл заместитель начальника Генштаба ВС Ирана бригадный генерал Азиз Насирзаде. Ранее Насирзаде командовал ВВС Ирана.
Считается одним из потенциальных кандидатов на пост главы генштаба Ирана в случае ухода Багери.

По линии ВС наш персидский гость курирует вопросы перевооружения ВВС Ирана (можно предположить обсуждение тематики покупки Су-35). Само собой у России безусловно есть интерес к иранским дронам и баллистическим ракетам.",,,
26370,"Наибольшую тревогу у Белоруссии вызывает граница с Украиной, сообщили в Минобороны Белоруссии.

Тревожно...",,,
26371,Пожар на рынке «Маяк» в Донецке после террористического обстрела ВСУ,,,
26372,"Главарь «Республики Косово» Альбин Курти потребовал от сербов убрать баррикады на севере края до конца сегодняшнего дня, иначе в ситуацию вмешается его полиция. 

Президент Сербии Александар Вучич в 21:00 по мск проведет экстренное заседание Совета национальной безопасности в связи с обострением ситуации на севере Косово.",,,
26373,Украинские террористы обстреляли рынок «Маяк» в Донецке из «Града»,,,
26374,"Достаточно редкие кадры работы системы дистанционного минирования ""Земледелие"" на Запорожском направлении.

@voin_dv",,,
26375,"🤡 Говорящая голова киевского режима, показательно отказывающегося выполнять минские соглашения, обвиняет кого-то в недоговороспособности и нарушении международного права. И это на фоне того, что на Западе уже [открыто говорят](https://t.me/voenacher/35205), что пошли на минские соглашения только чтобы выиграть для Украины время и накачать их оружием. 

Нам с вами просто не о чем договариваться. Можем обсудить разве что вашу капитуляцию.",,,
26376,"**🇺🇦💡 В каком состоянии энергетическая система Украины спустя 2 месяцев систематических ударов — разбор Рыбаря

**10 октября ВС РФ нанесли первый массированный удар по объектам энергетической инфраструктуры Украины. Команда **Рыбаря** объясняет, в каком состоянии энергосистема Украины находится спустя два месяца ударов.

**🔻Куда били?

**В конце ноября сработал накопительный эффект.** Ограниченные удары** в отдельных регионах начали приводить к отключениям **по всей стране**. 

Основной целью была выбрана **распределительная сеть**, а не объекты генерации. На подстанциях выводились из строя трехфазные **автотрансформаторы 330/110 кВ**  и однофазные автотрансформаторы 750/330 кВ. 

Попутно поражались высоковольтные выключатели, линейные разъединители, трансформаторы тока и напряжения. 

В отдельных __редких__ случаях наносились удары по **общеподстанционным постам управления** (ОПУ) и тепловым электростанциям.

**🔻Огневое поражение действительно было системным?

**Несмотря на кажущуюся странность, удары можно условно разделить на пять логически взаимосвязанных этапов:

**▪️ 1 этап: **удары по узловым высоковольтным подстанциям.
✅ Возможность проанализировать последствия для всей системы и затраченное время для восстановления.

▪️ **2 этап: **удары по подстанциям в крупных городах и зданию «Укрэнерго» для ограничения диспетчерского управления.
✅ Временные трудности и ввод графиков веерных отключений.

▪️ **3 этап: **изоляция трёх оставшихся АЭС от энергосистемы страны. 
✅ Аварийно остановлены **Хмельницкая АЭС** и один энергоблок **Ровенской АЭ**С. Центр и запад остались без электроснабжения. Ужесточены графики отключений.

▪️ **4 этап: ** удары по ОРУ крупных электростанций и самим электростанциям, повторные удары по узловым подстанциям.
✅ Временный коллапс энергосистемы, острый дефицит генерации электроэнергии. Импорт электроэнергию из **Польши** и **Румынии**. Постоянные внеплановые аварийные отключения.

▪️5** этап:** методичное выбивание оставшихся подстанций и электростанций, которые тянут на себе электроснабжение потребителей по всей стране.
✅ Продолжается сейчас. Результаты видно на примере ударов по **Одессе**, **Киеву** и **Сумам**. Похожее происходит во **Львовской** и **Днепропетровской** областях.

**🔻Хорошо, но ведь всё можно восстановить?

**На Украине резервы кончились, собственное производство в **Запорожье** давно остановлено. 

Несмотря на пиар-акции с передачей второстепенного  оборудования, никто реально сейчас** не может **поставить высоковольтные автотрансформаторы (за исключением единичных из Литвы и, возможно, Болгарии с Румынией).

Даже в случае переориентации европейской промышленности на нужды Украины, первых __единичных __поставок придётся ждать __минимум __полгода.

**🔻Получается, на Украине сейчас полный коллапс?

**Не совсем.

Сейчас принимают меры для защиты наиболее важных точек. На уцелевших объектах идёт строительство заграждений. Наращивается ПВО. 

**🔻Значит, энергосистема частична цела?

**Увы, да. 

Восстановительные работы ведутся из-за непонятного __гуманизма__ со стороны ВС РФ. Если бы удары были нанесены не по силовому оборудованию, а по постам управления, то восстанавливать** было бы нечего**.                                                                                                            

Удар по ОПУ с разрушением здания приведёт к** выводу подстанции из строя**. Кроме того, нужно лишить Украину возможности** генерировать электроэнергию.

🔻А какой практический эффект сейчас?

**Обсуждается идея перевести страну на отдельные «острова», питаемые ближайшей электростанцией. Урон снизил управляемость энергосистемы и приводит к многочисленным авариям.

Пострадала **Молдавия**, поскольку основные электростанции находятся в **Приднестровье**. 

Рассматривается вариант импорта электроэнергии из Европы и привлечение плавучих турецких электростанций.

**❗️Но точка невозврата уже пройдена**. 

Да, состояние энергосистемы __ещё позволяет __снабжать критически важные производства и железнодорожный транспорт. Но чем дальше, тем больше всё идёт вразнос. 

Поэтому удары необходимо **продолжать**.
#разбор #Украина #электричество
@rybar

__*Поддержать нас: __`5536 9141 9147 4885`",,,
26377,"На 94-м году жизни скончался знаменитый советский разведчик Георгий Санников, сообщили в пресс-бюро СВР.

Санников в начале 50-х активно участвовал в ликвидации украинского националистического подполья, затем работал в ФРГ.",,,
26378,"На Украине целый день включают и отключают воздушные тревоги, скоро понедельник...",,,
26379,Террористы из ВСУ утром снова обстреляли жилые кварталы в центре Донецка и повредили больницу,,,
26380,"Боевики из ""спецназа полиции Косово"" заняли объект на важнейшей плотине Газиводе на севере края.

Местные СМИ пишут, что вооруженные бойцы вторглись на объект плотины, сняли и разорвали сербские флаги.",,,
26381,"ЕС не потерпит нападений на ее миссию в Косово, возведённые сербами баррикады должны быть немедленно убраны — Боррель",,,
26382,"Хохол жалуется на обстановку под Бахмутом/Артёмовском.

Лысый из ВСУ говорит, что:

— Наши подошли очень близко к позициям ВСУ и от этого  огромное количество раненых с пулевыми ранениями;

— Они (наши солдаты) сменили тактику и действуют малыми группами преимущественно по ночам;

— также жалуется на шквальный огонь артиллерии с нашей стороны, а отвечать так же они не могут;

— их медик поехал за ранеными и его разорвало, нашли только руку.",,,
26383,Производство на «Уралвагонзаводе» новых танков Т-90М и модернизированных Т-72Б3М для нужд фронта,,,
26384,"«Укрэнерго» сообщили, что получили от Запада более 400 миллионов евро на восстановление энергетической инфраструктуры. 

В том числе: 

— кредит в 300 миллионов евро на покупку нового оборудования и поддержания финансовой стабильности компании;

— Кредит в 32,5 миллиона евро на ремонт 8-и подстанций в юго-западной части страны;

— Кредит в 37,55 миллионов евро на ремонт магистральной подстанции в центральном регионе.

**Может уже пора сделать так, чтобы восстанавливать было нечего?**",,,
26385,"Наши бойцы передают инфу, что они вернули контроль за Червонопоповкой (село на трассе Р-66 между Сватово и Кременной). 

Развивают движение, противник огрызается.

p.s от Житловки тоже отогнали.",,,
26386,"Упавший сбитый хохлятский Ми-8, ДНР, подконтрольная Киеву Константиновка.",,,
26387,"Инициативные группы по всей стране помогают готовить мобилизованных по различным направлениям: управление беспилотниками, корректировка артиллерии, топография, использование геоинформационных технологий, огневая подготовка, радиосвязь. Мобилизованные подходят к подготовке серьёзно, учатся старательно и надлежащим образом, в учебных группах никто не ноет, все понимают, куда и зачем готовятся. 

Также к процессу подключаются офицеры и контрактники: многие современные веяния попали к ним в руки только с началом СВО. Радует, что всё меньше любителей фотоотчетов, всё больше работы на результат. Хотя, изживать последствия отчетно-журнальной армии мы будем ещё долго.",,,
26388,"В медчасти 35 бригады морской пехоты Украины, что расположена в Одессе, идёт клич по волонтёрам. Срочно просят генераторы, те что есть - не вывозят.

Отмечается высокий уровень заболевания пневмонией среди раненных, ввиду отсутствия отопления.

Продолжаем наблюдение.",,,
26389,"Очередные уничтоженные бронированные тягачи Oshkosh M1083 и обломок американской 155-мм гаубицы M777

https://t.me/lost_armour/81",,,
26390,"С самого утра в районе балки Журавка (это сейчас основная точка сражения на северном участке фронта Кременная-Макеевка) идет серьёзный бой. Погода наладилась, позволяет работать беспилотникам и как наши войска, так и хохлы начали встречный бой. 
Очень активно работает артиллерия, РСЗО выпускает пакет за пакетом через достаточно короткие промежутки времени. 

Хохол решил попытаться выбить нас с тех позиций, что мы отжали у них за несколько дней наступления. Подтянули танковый взвод, бронетранспортеры,пехоту, изготовились к атаке, но попали под огонь артиллерии и оттянулись,укрывшись за рельефом местности. На данный момент ВСУ перегруппировываются и сами работают ствольной артиллерией из-за высот возле Макеевки. Были сообщения о работе вражеской авиации, но вроде как не подтвердились.",,,
26391,"**Ожесточенные претензии на Крым подчеркивают мизерные шансы на мирное соглашение между Россией и Украиной — Washington Post**

__«Непоколебимые претензии на Крым иллюстрируют неразрешимость конфликта, и трудно представить, что борьба за полуостров разрешится без дальнейшего кровопролития. У России своя максималистская точка зрения, она требует сдачи четырех других украинских областей: Луганской, Донецкой, Запорожской и Херсонской. Отказ любой из сторон отступить угрожает превратить войну в конфликт продолжительностью в десятилетия, во многом подобный территориальному противостоянию на Западном берегу и в секторе Газа, Нагорном Карабахе или Курдистане»__, — говорится в статье.

Мирного решения не будет.",,,
26392,"Кстати, ситуация со Стрелковым забавно срифмовалась с казусом Некоглая (надеюсь, я правильно написал). В одном случае из-за голого идиотизма на ровном месте сделали врагом человека с миллионной аудиторией. Щас начнется, да он фрик, да его одни школотеры смотрят. Ну так через 10 лет школотеры будут здоровые лоси, и все они будут помнить, что государство злобное и тупое. А со Стрелковым вышло еще дураче. Человек хотел одного - вволю повоевать за Родину. Родина его в ответ сапогами упихала в харизматичные оппозиционные ораторы. В итоге вместо умеренно дружественного блогера имеем лютого врага, которому личное говно сделали, а вместо хорошего, квалифицированного и энергичного ротного\комбата имеем оратора, который шатает то государство, за которое хотел умереть. Все это сделали по доброй воле своими руками взрослые люди, достаточно умные хотя бы для того, чтобы добраться до властных полномочий.

Мама, я люблю дуру.",,,
26393,"**Канцлер ФРГ Олаф Шольц не верит, что Путин готов к уступкам по Украине — Bild**

__«Всякий раз, когда я разговариваю с Путиным, он также очень точно говорит, что его цель - завоевать что-то. Он просто хочет силой отвоевать часть украинской территории»__, — заявил Шольц. 

А минусы будут?",,,
26394,"🇺🇦Обычный украинский военный критикует отказ от дополнительной мобилизации на Украине, поскольку не хватает сильно людей (так Подоляк сказал, что потеряли всего 10-13 тысяч, алло!). Также он ведет себя как шпион москалей, призывая к отправке депутатов Рады на фронт (так и видим Потураева или Гончаренко в форме) и говоря о коррупции и повышении тарифов в тылу

Война История Оружие 
[Подписаться на канал](https://t.me/warhistoryalconafter)",,,
26395,"Последствия вчерашнего обстрела Донецка

@WarInMyEyes",,,
26396,За прошедшие сутки на территории ДНР от украинских обстрелов 1 мирный житель погиб и еще 3 получили ранения — Штаб Теробороны ДНР,,,
26397,💥Взрывы в Никополе и Херсоне.,,,
26398,Как выжить ( не сдохнуть ) на войне.,,,
26399,"Совет Евросоюза согласовал пакет документов, который позволит выдать Киеву кредит на сумму 18 миллиардов евро. Принятое Советом ЕС предложение будет направлено в Европарламент для его возможного принятия на следующей неделе.

Новая макрофинансовая помощь, по задумке Еврокомиссии, будет состоять из кредитов, выдаваемых на льготных условиях, со сроком погашения до 35 лет.

**Несмотря на вето Венгрии. Демократия как она есть.**",,,
26400,"**Вучич: Заявление Меркель, что Минск был нужен, чтобы выиграть время для Киева — ясный сигнал для Сербии, кому не стоит верить

**__Говоря о признании Ангелы Меркель о том, что Минские соглашения были подписаны только для того, чтобы купить время Киеву, сербский лидер рассказал, что невероятно ценил Меркель, и ее заявление практически невероятно.
Вучич напомнил и заявление Петра Порошенко о том, что Киев никогда не хотел выполнять Минские соглашения, и это во многом меняет факты и отношение к тому, что происходило с 2014-го года. Он добавил, что это «не может изменить факта, кто на кого напал».

**«Заявление Меркель — это то, что драматично меняет положение вещей во всяком смысле, прежде всего — политическом. Это для меня ясный сигнал — кому мы не смеем верить. **Это все, что я могу сказать. И здесь возникает вопрос: насколько мы, как маленькая страна можем продержаться. **Если они могли так играть с тем, кто намного сильнее нас, так врать и обманывать такую страну как Российская Федерация, использовать время, чтобы вооружить, чтобы подготовить великое поражение для Российской Федерации в военном плане. Мне настолько странно, что российские спецслужбы не знали, невероятно, что они были настолько безответственны, чтобы этого не увидеть.** **И настолько неподготовленно ввязаться во все это.** **Это для меня многое меняет. **Но не стоит полностью сравнивать нашу ситуацию с их. Это будет нам уроком. Но это время с 2012-2013-го года (когда было подписаны Брюссельские соглашения — прим. ред.), если меня спрашиваете — мы намного лучше использовали»,

__https://t.me/rtbalkan_ru

Адептам Минска еще раз привет.
Странно, что это вызвало такое удивление у Вучича. Это было очевидно и без каминг-аута Меркель.",,,
26401,"Над Симферополем отработала система ПВО, хохлы пытаются бить по Крыму",,,
26402,"В селе Стоуце на севере Косово и Метохии была слышна стрельба, которая продолжалась 15 минут.

Два взрыва прозвучало в районе Косовска-Митровцы на севере Косова, пишет сербское издание «Вечерне новости».",,,
26403,"**Сербия направит запрос командующему KFOR на ввод в Косово армии и полиции Сербии, заявил Вучич**.

Согласно резолюции СБ ООН 1244 подтверждается, что договоренному числу сербского военного и полицейского личного состава будет разрешено вернуться в Косово. До сегодняшнего дня с KFOR не велись разговоры о возвращении армии и полиции Сербии. 

Вучич отметил, что не имеет иллюзий и знает, что KFOR откажет в данном требовании, хотя и обязан его принять:__ «Они найдут бесчисленное количество причин, хотя у них нет на это права, будут говорить как они ""контролируют ситуацию"" и что в этом ""нет нужды""»__.

Также Вучич заявил, что Приштина 15 декабря подаст заявку на вступление в ЕС, назвал это нарушением договоренностей.",,,
26404,"Временно оккупированный Херсон. Обыкновенный фашизм.

https://t.me/sashakots/37582",,,
26405,"К сожалению, подобный вопрос можно задать государству не только про одесситов. 

Точно также можно спросить, почему вместо принятия нормального и простого закона о репатриации русских, годами продолжается ввоз мигрантов, легальных и нелегальных? Но по сути людей не то, что не русских, а даже не знающих языка, не способных к интеграции, не желающих её по причине  глубокого презрения к  России.

https://t.me/grishkafilippov/11315",,,
26406,"После Бахмута второй самый горячий участок фронта, это конечно Сватово-Кременная, а если точнее кусок от Кременной до Макеевки (ЛНР). И на севере и на юге данного отрезка идут встречные бои, на севере ( направления Площанка-Макеевка-Невское) мы ведём наступательные действия, южнее (Червона Диброва), наступать пытается хохол. 

По ощущениям работа артиллерии сильнее в Кременной, но это вполне может быть субъективное мнение. На севере данного участка фронт шире и вероятно данные ощущения связаны именно с этим. Аномальные для данных широт декабрьские морозы остались в прошлом, сейчас типичная Донбасская зима с туманами, дождями, мокрым снегом и грязью. 

Лесополки, за которые идут основные бои, стоят не только без листьев, но даже зачастую без веток, сказываются беспрестанные удары артиллерии, авиации,минометов, танков, АГС. На тех участках, что перешли к нам в результате наступления, множество трупов противника, причем не свежих, а двух-трёхнедельный давности, лежат с тех самых пор, как ВСУ лезли с упорством осла в наступление по одному и тому же маршруту. Почему хохлы их не вывезли, я честно сказать не понимаю. Тяжёлые бои в тяжелых погодных условиях продолжаются, идет встречное сражение за инициативу.",,,
26407,"«Президент» непризнанного Косова Вьоса Османи перенесла с 18 декабря на 30 апреля досрочные муниципальные выборы в населенных сербами районах на севере края, где представители сербской общины ранее подали в отставку из всех структур Приштины",,,
26408,Вечерний Владлен. 10.12.2022г,,,
26409,"Боевики так называемой ""полиции Косово"" со своей стороны КПП Ярине блокировала въезд в край для автомобилей и пешеходов из центральной Сербии на север края, сообщают местные СМИ",,,
26410,"Ворошиловский район Донецка, очередной обстрел из «Града»

@WarInMyEyes",,,
26411,"**🇺🇦🛤🌉💡 В каком состоянии железнодорожная система Украины спустя 9 месяцев СВО — разбор Рыбаря

**На всё протяжении специальной военной операции команда Рыбаря неоднократно подчёркивала важность выведения из строя железнодорожной системы Украины ([ж/д мосты](https://t.me/rybar/31571) на западе страны, [списки](https://t.me/rybar/31602) тяговых [подстанций](https://t.me/rybar/31603), подстанции [на границе](https://t.me/rybar/31950) с Польшей, [перечни](https://t.me/rybar/31661) [депо](https://t.me/rybar/31662) и восстановительных [поездов](https://t.me/rybar/31813)), а также [мостов](https://t.me/rybar/31569) через Днепр. 

Огневое воздействие **по всем **указанным объектам критически важно для перерезания сообщения между лево- и правобережьем. Поскольку река Днепр согласно решению Главнокомандующего СВО **Сергея Суровикина **превращена в естественный разделительный барьер, а оборону российские войска выстраивают по левому берегу, в высшей степени __логично__ перерезать __всякое__ сообщение между берегам и обрубить снабжение группировки противника на Донбассе и вдоль границы с Россией.

**🔻В каком состоянии железнодорожная сеть Украины сейчас?

**▪️Объекты железнодорожной инфраструктуры, несмотря на интенсивные боевые действия, не подвергаются не то, что массированным, но даже **единичным** ударам. Это позволяет противнику бесперебойно обеспечивать переброску вооруженных сил и её снабжение вдоль всей линии соприкосновения. 

И отдельные единичные удары по пунктам погрузки/выгрузки войск **никак** не могут повлиять на эту ситуацию.

▪️Объем пассажирских перевозок **практически не сократился**: более того, продолжается пассажирское движение из прифронтовых городов: до сих пор ходят поезда из **Краматорска**, вновь налажено пассажирское ж/д сообщение с **Херсоном** и **Изюмом**.
 
▪️ Объем грузовых перевозок **сократился** из-за __общих проблем с экономикой__ Украины и остановкой многих промышленных предприятий.  В основном, перевозят **топливо**, **уголь** и **зерно**.

Сокращение объемов перевозок привело к возникновению **общего резерва локомотивов **(в первую очередь, электровозов), которыми при необходимости возможно усилить __нужное__ транспортное направление.

**🔻А как же удары по объектам энергетики?

**Несмотря на отсутствие ударов по тяговым подстанциям, это всё с лихвой** компенсируется общими ударами по энергосистеме**. Напряжения лишаются** целые линии**. 

А ещё удары по энергетике оказывают негативное влияние на системы автоблокировки, связи, эксплуатационные, экипировочные и ремонтные предприятия.

Но железнодорожники смогли приспособиться. На крупных станциях с электрифицированными железными дорогами создан резерв тепловозов: это позволяет минимизировать задержки при обрывах в контактной сети. На участках постоянного тока практикуется движение сплоткой тепловоз-электровоз, что позволяет **существенно** сократить время перевозок.

**🔻А что с состоянием мостов?

**Железнодорожные мосты через крупные реки продолжают функционировать. Если не считать вывода из строя **Антоновского**, **Дарьевского** мостов и моста **Каховской ГЭС **при отступлении из Херсона и подрыв мостов при отходе из **Купянска**, **Изюма** и **Лимана**, то с июля** ни по одному из приоритетных** **мостов** не наносились удары.

До сих пор ВСУ не восстановили мосты в **Черкассах**, под Николаевом в п.**Трихаты**, в **Затоке** и **Вознесенске**. Так что из строя их вывести **__возможно__**.
 
**🔻Картина выглядит не очень, да?

**Железные дороги сохраняют свою работоспособность и продолжают успешно справляться с перевозками как для нужд народного хозяйства, так и военных целей.** Системного воздействия** на железнодорожную инфраструктуру не производится уже **почти полгода**. 

Единственные негативные последствия, испытываемые при перевозках, связаны __исключительно__ с ударами по энергетике, но они пока **преодолимы**. При дефиците высокоточных ракет и отсутствии возможности применения бомбардировочной авиации количество целей крайне ограниченно.
#железные_дороги #мосты #Украина #электричество
@rybar

__*Поддержать нас: __`5536 9141 9147 4885`",,,
26412,"Патрули миротворцев KFOR и специальной миссии Евросоюза EULEX прибыли к возведенным сербами баррикадам на автотрассе на севере Косово и Метохии, у города Лепосавич — местные СМИ",,,
26413,"В Косово снова неспокойно. Сербы строят баррикады на севере Косово и Метохии, а в Косовской Митровице гудит сирена.

Причиной нового обострения стал арест на КПП Яринье бывшего полицейского, серба по национальности. Местные сербы не хотят допустить, чтобы арестованного увезли в Приштину.",,,
26414,"Ещё комментарии Виктора Бута по поводу СВО:

— У России есть только два надёжных друга и союзника - наша армия и наш флот;

— Как любой русский человек, я не понимал, почему не сделали это в 2014 году;

— Я горжусь, что я русский. Я знаю, что мы всегда победим. Все будет хорошо.",,,
26415,"Очередной, 27-й по счету [пакет американской военной помощи](https://www.defense.gov/News/Releases/Release/Article/3241679/275-million-in-additional-assistance-for-ukraine/) Украине в рамках PDA (Presidential Drawdown Authority) на сумму $275 млн. Номенклатура небольшая. Главное – дополнительные снаряды для HIMARS (без уточнения количества) и 80 тыс. гаубичных 155 мм снарядов.

Главная интрига сейчас – начнут ли Штаты поставлять на Украину снаряды GLSDB или комплектующие для их сборки. Эти снаряды представляют собой малогабаритную авиационную бомбу GBU-39B SDB на ускорителе в виде неуправляемого реактивного снаряда М26. Задача ускорителя – вывод боеприпаса в верхнюю точку траектории, где тот отделяется и планирует на цель, корректируя полет с помощью GPS.  Теоретически это может дать ВСУ средства поражения объектов на расстоянии 150 км и более без поставок ОТР ATACMS, передача которых остается неприемлемой политически. Лоббистом передачи Украине GLSDB является [Boeing](https://www.bbc.com/russian/features-63796768).

Более отдаленная интрига – какими темпами будет наращиваться [производство артиллерийских боеприпасов](https://t.me/kramnikcat/2504) в НАТО. Секретарь армии США Кристин Вормут недавно [сообщила](https://www.politico.com/news/2022/12/04/pentagon-industry-struggle-to-arm-ukraine-00072125) о планах к весне 2025 года довести объемы производства 155-мм до 50 тысяч выстрелов в месяц. Это 600 тыс в год, много для мирного времени – так, СССР, безусловный лидер и рекордсмен в этом плане, оставивший после себя огромные запасы, лишь в отдельные годы после войны приближался к производству одного миллиона 152-мм выстрелов ежегодно. Но это мало для войны, где пиковый расход с российской стороны достигал 60 тыс. 152-мм в сутки. В затишье эти расходы снижаются на порядок и более, но все равно в пересчете на год очень велики. В этой связи не менее интересно, что смогут дать Штатам их партнеры с развитым производством боеприпасов, такие как Южная Корея и страны Восточной Европы. Отдельно надо иметь в виду, что боеприпасы нужны и самим США, на фоне текущих событий [озаботившихся](https://t.me/kramnikcat/2603) параметрами огневой мощи.

P.S.: [Обновленный отчет](https://crsreports.congress.gov/product/pdf/IF/IF12040) исследовательской службы конгресса по помощи Украине.

#оружие404",,,
26416,"Виктор Бут о спецоперации: «Поддерживаю, была бы возможность, принял бы участие»",,,
26417,"Одесса, пенсионеры с плакатами ""4 дня без света"".

Зеленскому норм, у него и кокс и свет есть, спрашивайте у него.",,,
26418,Работа РСЗО «Град» по позициям ВСУ,,,
26419,Спикеры парламентов Финляндии и Швеции в январе посетят Турцию чтобы обсудить их членство в НАТО — глава турецкого парламента в интервью CNN Turk,,,
26420,"«Газпром» сообщил, что 9 декабря установил новый исторический рекорд суточных поставок российского газа в Китай по газопроводу «Сила Сибири»",,,
26421,Бойцы 3-й гвардейской бригады 1-го АК кошмарят укров,,,
26422,"__«Мы проявили слабость. А слабых — бьют». 

__(с) Владимир Путин, 2004 год.",,,
26423,"11-й бронекавалерийский полк американской армии в Форт Ирвине (штат Калифорния), исполняющий на учениях роль сил вероятного противника, получил на вооружение ходовые макеты российских бронеавтомобилей ""Тигр"" на шасси HMMWV.

Потом хохлам ?",,,
26424,"Сразу несколько объектов энергетической инфраструктуры разрушены в Одесской области, ситуация с электроснабжением сложная — ДТЭК.

В Одессе отключены все потребители, кроме критической инфраструктуры.",,,
26425,"В Риге задержали мужчину за установку российских телеканалов — портал Delfi со ссылкой на полицию

Новостей из цивилизованного мира вам в ленту",,,
26426,"Американцы разрешили Киеву бить по территории России дальнобойными средствами западного производства. Ничего удивительного в этом нет, никакой дополнительной эскалации Вашингтон не боится и понимает, что конфликт на Украине управляем и за ее пределы не выйдет, по крайней мере пока. 

Так что скоро Химарсы и прочие изделия западного военного производства полетят в сторону международно признанных границ России, а самих хохлов будут насыщать средствами ПВО, дабы свести к минимуму наши ракетные удары по территории бывшей Украины. 

Дело это (насыщение ПВО) не быстрое, мы вполне можем успеть уничтожить всю энергетическую и транспортную инфраструктуру Украины, после чего добить врага будет гораздо проще. Да и ценность самой Украины при подобном исходе для Запада станет весьма сомнительной.",,,
26427,"Российские военные ночью поразили объекты энергетической инфраструктуры в Одесской области — оперативное командование «Юг».

Местные ресурсы пишут, что к утру пожар на объекте всё ещё не потушили.",,,
26428,"Американцы оперативно изучили опыт войны на Украине и начинают исправлять свои ошибки в расчетах. Главное, что поняли военные специалисты за океаном — нужно больше малых ударных БПЛА, которые могут использовать даже небольшие подразделения. Сражения на Украине показали, что во многих случаях обычный коптер с подвесом для сброса груза эффективней артиллерийского огневого взвода. Дрон сбрасывает ""сюрприз"" чуть ли не за шиворот вражескому солдату, находящемуся в укрытии. Подобной точности трудно добиться от миномёта или ствольной артиллерии. Одна из проблем войны на Украине это огромный расход артиллерийских боеприпасов. Ни одна страна в мире уже долгое время серьезно не готовилась к такой продолжительной войне высокой интенсивности, Украина поглотила уже большую часть европейских запасов артиллерийских снарядов 122 и 152 калибров. В США сделали выводы и решили уже сейчас что-то менять.

Американская промышленность насытит армию малыми дронами-убийцами, в том числе с кумулятивным боеприпасам и противостоять такому войску будет очень сложно. Как мы видим из последних событий, в мире может разгореться множество войн высокой интенсивности без применения ЯО и развития беспилотных видов техники является самым перспективным направлением.

https://t.me/rt_russian/139721",,,
26429,Пентагон дал Украине зеленый свет на удары беспилотниками вглубь территории России — The Times,,,
26430,"Уважаемый ""Парламент с Кнопкой"" совершенно верно замечает, что слова об аудите это, скорее всего, некий предлог к возможному сокращению поставок вооружения из США.

https://t.me/parbut/2845",,,
26431,Ранним утром дроны камикадзе Герань-2 навели суету на юге Украины. Взрывы прозвучали в Николаевской и Одесской областях.,,,
26432,"❗[️️🇷🇺🇺🇦](https://rybar.ru/piwigo/i.php?/upload/2022/12/09/20221209200542-2c70405d-xl.jpg)[ ](https://rybar.ru/piwigo/i.php?/upload/2022/12/05/20221205203405-4b20bb19-xl.jpg)[**Хроника**](https://rybar.ru/piwigo/i.php?/upload/2022/12/05/20221205203405-4b20bb19-xl.jpg) **специальной военной операции
**__за 9 декабря 2022 года

__**🔻Белгородская область:

**Украинские формирования обстреляли хутор **Панков** в Шебекенском городском округе, поврежден жилой дом. Жертв и пострадавших нет.

**🔻Старобельское направление:

**▪️На **Лиманском** участке российские войска перешли в атаку и  установили контроль над позициями ВСУ в лесополосе на рубеже** Кременная — Макеевка**. 

▪️Вдоль всей линии соприкосновения продолжаются артиллерийские дуэли: российская артиллерия поразила позиции противника в **Стельмаховке**, **Синьковке**, **Новоселовском** и **Тернах**.

**🔻Соледарское направление:

**▪️Отряды ЧВК «Вагнер» ведут зачистку села **Яковлевка**. ВС РФ выбили подразделения 10 огшбр ВСУ с трех опорных пунктов севернее **Берестового**.

Украинское командование перебрасывает подкрепления и усиливает оборону в попытке избежать окружения **Соледара** с северо-востока.

▪️На** Бахмутском (Артемовском)** участке ВСУ попытались контратаковать в **Опытном**, российские войска удержали позиции. 

В юго-восточных окрестностях **Бахмута** продолжаются ожесточенные бои. Противник бросает в атаку новоприбывшие подразделения, пытаясь стабилизировать фронт.

▪️Госпитали и больницы **Краматорска**, **Славянска**, **Константиновки** и **Киева** переполнены из-за огромных потерь на всем участкам фронта.

**🔻Луганская Народная Республика:

**Украинские формирования из ствольной артиллерии обстреляли город **Сватово**, повреждения получили жилой дом и газораспределительная станция.

**🔻Донецкое направление:

**▪️В рамках подготовки к возможному наступлению командование ВСУ перебрасывает подразделения 59 омпбр ВСУ под **Донецк**.

▪️На **Торецком (Дзержинском) **участке для усиления обороны противник перебросил в **Торецк** две БМП с личным составом.

▪️Мотострелковые подразделения ВС РФ продолжают вести бои с украинскими формированиями в центре **Марьинки**.

▪️На **Угледарском** участке ВСУ стягивают силы в районе **Времьевского выступа**. Вдоль всей линии фронта действуют БЛА противника.

▪️Украинские формирования из реактивной и ствольной артиллерии обстреляли населенные пункты **Донецкой агломерации**: под удар попали в том числе жилые постройки и газопровод **Донецка**, погибло не менее трех мирных жителей.

**🔻Запорожское направление:

**▪️Англоязычные подразделения «Интернационального легиона обороны Украины» задействуются малыми группами на рубеже **Большая Лепетиха — Константиновка** для поиска тыловых объектов ВС РФ и диверсий на них.

▪️Вдоль линии соприкосновения продолжаются артиллерийские дуэли: ВС РФ отработали по позициям противника в **Орехове**, **Дорожнянке**, **Гуляйполе** и **Новоданиловке**.

**🔻Херсонское направление

**▪️ДРГ «Интернационального легиона обороны Украины» на катерах разведывают огневые позиции ВС РФ вдоль левого берега Днепра и наводят украинскую артиллерию со стороны** Очакова**.

▪️Российские подразделения нанесли удары по районам сосредоточения противника в **Чернобаевке**, **Казацком**, **Антоновке** и **Бериславе**.

Украинские формирования из минометов обстреляли гражданские объекты в **Новой Каховке** и **Голой Пристани**.

[**Карта в высоком разрешении**](https://rybar.ru/piwigo/upload/2022/12/09/20221209200542-2c70405d.jpg)**

Foreign versions: **[**DE**](https://rybar.ru/piwigo/upload/2022/12/09/20221209200838-e659d42e.jpg)[** **](https://rybar.ru/piwigo/upload/2022/11/30/20221130072328-58b4f256.jpg)**|**[** **](https://rybar.ru/piwigo/upload/2022/11/29/20221129213932-b54619b7.jpg)[**EN**](https://rybar.ru/piwigo/upload/2022/12/09/20221209200531-298b9150.jpg) **|**[ ](https://rybar.ru/piwigo/upload/2022/12/09/20221209200531-298b9150.jpg)[**ES**](https://rybar.ru/piwigo/upload/2022/12/09/20221209200531-298b9150.jpg)[ ](https://rybar.ru/piwigo/upload/2022/12/09/20221209200531-298b9150.jpg)**|**[** **](https://rybar.ru/piwigo/upload/2022/11/30/20221130072431-26142ff5.jpg)[**FR**](https://rybar.ru/piwigo/upload/2022/12/09/20221209200537-4fa74c85.jpg)[** **](https://rybar.ru/piwigo/upload/2022/11/25/20221125213345-f65583d9.jpg)**|**[** **](https://rybar.ru/piwigo/upload/2022/11/30/20221130072453-c9e234fa.jpg)[**IT**](https://rybar.ru/piwigo/upload/2022/12/09/20221209200539-044389b2.jpg) 

#дайджест #Бахмут #Донецк #Запорожье #карта #Луганск #Россия #Славянск #Украина
@rybar

__*Поддержать нас:__ `5536 9141 9147 4885` | `0x4739352b67Da6F4064757627D92A08EaDd3fb6b6` (ETH) | `33i1BwMuzeYTAUNtiLa6CjvaHtTVYNJfnp` (BTC)",,,
26433,"Из интересного. 

В армии США заявили, что выйдут на производство 20 тысяч 155-мм снарядов в месяц к весне, а на 40 тысяч снарядов в месяц к 2025 году.

Дак вот, бывали моменты, когда ВСУ могли потратить 40 тысяч снарядов за три дня, а наша армия тратила в день от 20 до 50 тысяч снарядов.",,,
26434,"NBC сообщает со ссылкой на свои источники, что весной иранские пилоты прошли курсы обучения на Су-35С и что Иран начнет получать самолеты в течение 2023 года.",,,
26435,Крытый рынок в Донецке после обстрела,,,
26436,К хохлам приехали словенские M-55S — глубокая модернизация советского среднего танка Т-55,,,
26437,"Ну и вариант полностью.

Учитывая, что их, по самым оптимистичным подсчетам 4 штуки😉",,,
26438,"Уничтоженная украинская РСЗО «Буревій» попала в кадр. 

Это версия советского «Урагана» на новом модном шасси (название, к слову, просто перевод на украинский).",,,
26439,"Ворошиловский район Донецка после очередного обстрела ВСУ. 

На видео дом, разрушенный прямым попаданием. 

Кадры от @WarInMyEyes",,,
26440,Жилые кварталы Донецка снова под ударами ВСУ...,,,
26441,"Если сейчас мы ответим зеркально, то ""ввс сша"" упоминать мы не сможем. Предлагаю упоминать в качестве ""ввс соединённых американских эмиратов"".",,,
26442,Вечерний Владлен. 9.12.2022г,,,
26443,Нельзя смотреть Top Gun,,,
26444,Теперь российским истребителям нельзя летать в США или что?,,,
26445,"Белый дом объявил о выделении Украине нового пакета военной помощи размере 275 миллионов долларов.

Британский премьер-министр Риши Сунак пообещал Зеленскому новые поставки систем ПВО.",,,
26446,"США вводят санкции против ВКС РФ и 924-го Государственного центра беспилотной авиации МО РФ по обвинению в «закупке иранских БПЛА».

Лол",,,
26447,"Германия передаст Украине: 
— 18 колёсных САУ RCH-155; 
— 80 пикапов;
— 2 ангарные палатки;
— 7 грузовиков;
— 90 единиц противодронного оборудования.

Также посольство Германии сообщило, что за последнюю неделю Украине передано 20 бронеавтомобилей «Динго» и 2 бронированных тягача M1070 «Ошкош». 

Самоходка RCH-155 — это вообще прототип, в войсках их нет. Только ставить на конвейер.",,,
26448,"На северном фасе лиманского направления ( участок фронта Кременная-Макеевка), также идет наше наступление. Хохол ведет активную оборону, вчера ударил силами до батальона со стороны н/п Невское, но их сначала встретили, а потом размотали. У нас есть продвижение, хохол выбит из нескольких лесополок, парни в упор размотали опорник, подскочив на броне и расстреляв его из тридцатки. Взяли полтора десятка пленных, один из них офицер, которому простелило жопу. За 3 дня у хохла очень серьезные потери, но в основной своей массе это ТРО и пограничники.",,,
26449,"**Владимир Путин на пресс-конференции по итогам саммита ЕАЭС в Бишкеке ответил также на вопросы о спецоперации на Украине:

**— СВО идет своим чередом, все стабильно, никаких вопросов и проблем у нас там нет;

— Всем участникам процесса мирного урегулирования придется согласиться с реалиями, которые складываются ""на земле"";

—  Я разочарован комментариями Меркель по Минским соглашениям. То, что сейчас прозвучало говорит только о том, что мы всё правильно сделали с точки зрения начала СВО. Никто не собирался исполнять Минские соглашения;

— Россия поздно сориентировалась по Украине, и, может быть, надо было раньше начинать нам, но надеялись решить миром.",,,
26450,"__«Предложенный потолок цен соразмерен тем ценам, по которым мы нефть и продаем. В этом смысле это нас никак не затрагивает. Нам не это важно. Если кто-то когда-то согласится с тем, что потребитель будет определять цену, то тогда это приведёт к коллапсу самой отрасли. Потому, что потребитель всегда будет настаивать на цене пониже. Как я уже говорил, мы не будем продавать нефть в те страны, которые приняли потолок цен. Мы подумаем о возможности сокращения добычи нефти при необходимости».

__(с) Путин",,,
26451,"По контактам ЦРУ и СВР это была инициатива Байдена, от переговоров мы не ожидали сверхъестественного, договорились, что контакты будут продолжены — Путин",,,
26452,"Тему обмена Бута и Грайнер вела ФСБ, контакты продолжаются, они по линии спецслужб и не прекращались, новые обмены возможны — Путин",,,
26453,"__«Если [Меркель и Порошенко с __[__Минскими соглашениями__](https://t.me/voenacher/35205)__] обманывали и готовились к войне, это отвратительно. А то, что говорит сегодня Меркель, вторя Порошенко, это мерзко! Это тренд. И они хотят в нем быть. Меркель не хочет, чтобы ее сегодня обвиняли: ""Ты же ездила с Олландом и ты толкала Украину не туда, куда надо"". Она начинает оправдываться. Мерзко и недостойно, лучше бы сидела и не вылезала. Этим самым она перечеркнула все то, что она делала и для Германии, и для Евросоюза. А мы к ней относились серьезно, но как видите, ошиблись. Она оказалась мелкой. Такой же мелкой, как все сегодняшние лидеры Европы».

__(c) Лукашенко",,,
26454,"А если серьезно, но то [вот это вот](https://t.me/voenacher/35326) вовсе не бред и не цирк, а наоборот четко выстроенная ""линия партии"". На первый взгляд абсурдная, но жизненно важная. 

Признаваться в обстрелах Донецка и Луганска украинским властям нельзя. Это может запустить у народа цепочку вопросов начиная с ""кто обстреливал эти города все эти годы?"" и заканчивая ""а кто спровоцировал начало войны?""",,,
26455,"В дурке без изменений.

И ведь это хавают...",,,
26456,Последствия обстрела Ворошиловского района Донецка,,,
26457,Укры снова нанесли террористический удар из «Града» по центру Донецка...,,,
26458,Власти Литвы победили мемориал советским воинам на Антакальнисском кладбище в Вильнюсе,,,
26459,"Главы МИД ЕС примут 12 декабря на встрече в Брюсселе решение поднять на 2 миллиарда евро в 2023 году потолок расходов Европейского фонда мира, из которого оплачиваются поставки оружия на Украину — пишет ТАСС со ссылкой на источник. 

Европейский фонд мира был создан 22 марта 2021 года, причем весь его бюджет на период 2021-2027 годы составил 5,7 миллиардов евро. Фонд был предусмотрен как структура для обеспечения военных поставок правительствам государств в зонах конфликтов, в первую очередь, в странах Африки и Ближнего Востока, где ЕС поддерживает или намерен поддерживать свои «миротворческие миссии по стабилизации конфликтов».

Однако в 2022 году ЕС выделил 3,1 миллиарда евро из Европейского фонда мира на компенсации странам ЕС поставок летального оружия и военной техники на Украину. 

**Война — это мир...**",,,
26460,"Хотел бы затронуть очень важную тему. Поднимать ее (и искать виноватых) многие не хотят, но это необходимо. Чем быстрее, тем лучше, ибо будущее рисует мрачную перспективу, ставя под вопрос существование страны. 

Речь идет об отставании России в военной сфере и технологиях ряда областей, неожиданно в ходе войн, вдруг становившихся критически важными, что часто застает врасплох военное-политическое руководство. 

В этом ныне видится главная угроза нацбезопасности, наряду с причиной по которой все, собственно, и произошло. Причем все всё понимают, но меры предпринимать не спешат! Хотя обстановка требует чрезвычайных действий и срочного ""с занесением"" исправления ошибок, которые копились в данном секторе, пожалуй, со времен Афгана, прогрессируя последующие годы. 

Уроки былого однозначны - такое всегда проходило тяжко, являясь при том одной из ключевых причин Смут. 

Судите сами: первая Смута начала 17-ого века была следствием проигрыша в Ливонской Войне. Та, к слову,  началась блестяще, но потом переросла в вязкую бойню против всей Северной Европы + Польши. По факту и против германских земель, откуда в топку боев шли новые и новые отряды наемников. Тогда причинами конфуза и долгой агонии стали  факторы отставания Руси в производстве доспехов, легкого огнестрела (наши пищали весили раз в 2.5 больше аркебуз, а цельные кирасы мы вообще в серии не осилили), колесцовых замков, (пистоли с ними были основой вооружения вражеских рейтар), и принципа набора войск. Стрельцы, и помещичье ополчение, по форме - образцы начала Средих Веков. И уже не соответствовали новой Эпохе Ресессанса, с мушкетерами, аркебузирами, тяжелой кавалерией, теми же рейтарскими конниками, крылатыми гусарами... С регулярной, способной к маневрам пехотой швейцарского, немецкого, шведского типов, ставшей не столь давно в те годы, причиной конца рыцарства.

Плюс мощная фронда предателей среди бояр. Помним же, что эти ""прекрасные люди"", бывшие в силе и при Иване IV, пригласили на трон короля из рода Ваза. Другое дело, что тот не поехал сам, а прислал ""представителей"", которые именем новоиспеченного правителя начали творить дичь, характерную для шляхты. И стали натуральными интервентами. Но это уже другой вопрос. Итог-то известен... 

Про то, как реформировал армию Петр I, почуявший угрозу Державе от воинственных соседей, и о результатах его труда тоже, думаю, известно всем. Как и о том, к чему привела косность системы в Крымской Войне. Особенно радует тема с Австрией, что всю войну грозила нам вторжением, ввиду провала русского МИДа. Там мы после разгрома восстания венгров продавили в новое правительство АВИ, никого иного, как... венгерских же аристо! 

Русско-японская. Ее слили по комплексу причин -  устаревшей тактики & ошибок в вооружении. Отстали в арте, и заготовили для сухопутных пушек одну шрапнель, почти не имея гаубиц навесного боя, откуда пляски с минометами в Порт-Артуре. И без предательства, видимо, не обошлось. Иначе всю череду глупостей и ошибок не объяснить. Слишком велик объем и очевидны странности. Словно кто-то, играя в виртуале, выбирал для нас самые провальные шаги. И путь от Мукдена и Цусимы до Февраля 1917-ого виден четко, не нуждаясь в особых комментариях. 

Четче всего здесь выразился И. В. Сталин: ""**Ты отстал, ты слаб — значит, ты не прав, стало быть, тебя можно бить и порабощать. 

Ты могуч — значит, ты прав, стало быть, тебя надо остерегаться**..."" Все верно.

И свою Войну он выиграл. Хоть и большой ценой. Создал Ядерный Щит, до сих пор худо-бедно хранящий наш покой.

Так не пора ли сделать выводы, с оглядкой на лучшие мировые решения? Создать в области оружия и передовых разработок конкуренцию частных и казенных контор, железной рукой наводя там порядок.
Выметая саботаж, ""пилинг"", идиотизм? Отменить постановления правительства, позволяющие очень просто закупать военизированным организациям иностранное оружие, но проходить все круги ада в попытках приобрести русское!

Прошлые времена почивания на лаврах ушли. И лавры те принадлежали иной стране. Нам лишь предстоит их завоевать. Или не завоевать, а проиграть, распасться и кануть в Лету...",,,
26461,"Министры обороны стран ШОС и СНГ подписали коммюнике, отражающее консолидированные подходы к решению общих проблем в сфере безопасности.

Страны ШОС и СНГ договорились укреплять военные связи.",,,
26462,"Последствия обстрела частного сектора в Киевском районе Донецка

@WarInMyEyes",,,
26463,"Центральный банк Российской Федерации открыл территориальные учреждения в ЛНР, ДНР, Херсонской и Запорожской областях, следует из информации, размещенной на сайте регулятора",,,
26464,"Удивительные удивления на тему того, что было очевидно еще во время подписания Минска-1 и Минска-2. Спустя 8 лет наступает время ""удивительных открытий"". Запад изначально вел дело к войне и война так или иначе началась, хотела того Россия или не хотела. Меркель, как руководитель одного из сателлитов США, просто выполняла работу ""хорошего полицейского"" по разводу Кремля на минский курс и его затягивание, покуда Украину колонизировали и готовили к роли тарана против России. 

https://t.me/surf_noise1/21261",,,
26465,"**«Сдачи не будет!»: президент Сербии Александр Вучич в свете обострения в Косово провел совещание с министром обороны и начальником Генштаба.

**Ночью около 300 боевиков так называемой ""полиции Косова"" в сопровождении бронированных автомобилей блокировали северную (сербскую) Косовска-Митровицу. При этом нахождение вооружённых бойцов ROSU на севере края является нарушением Брюссельских соглашений, согласно которым без разрешения руководителей четырех сербских муниципалитетов это запрещено.

«Премьер непризнанного Косова Альбин Курти таким способом перешёл к финальной стадии оккупации севера Косова и Метохии», — пишут сербские СМИ.

В ответ на провокацию глава Канцелярии по Косово и Метохии Петар Петкович заявил, что Сербия рассмотрит вопрос о возвращении в Косово до тысячи силовиков, сославшись на 6-ю статью второго приложения резолюции 1244 СБ ООН.",,,
26466,"Наши ветераны обращаются к воинам, что сейчас сражаются за судьбу страны.",,,
26467,"**__«Я призываю мир не бояться того, что Россия развалится. Если колеса истории начнут вращаться, ни один человек этого не изменит»__, — министр иностранных дел Украины Дмитрий Кулеба в **[интервью](https://www.wsj.com/articles/ukraine-says-western-allies-shouldnt-fear-russia-falling-apart-11670505120?mod=Searchresults_pos1&page=1)** The Wall Street Journal.

**В интервью Кулеба призвал союзников Киева не бояться возможного распада Российской Федерации в случае военного поражения и поклялся, что Украина никогда не примет мирного урегулирования, пока не вернёт все ранее утерянные территории, включая Донбасс и Крым. Также Кулеба заявил, что у Украины должно быть полное право наносить удары по объектам в глубине российской территории. 

__«Вместо того чтобы думать о том, как помочь России выжить и стать нормальным членом международного сообщества, пора принять тот факт, что эта Россия не может быть нормальным членом международного сообщества»__, — сказал Кулеба. 

__«Украина заберет все свои территории, включая Крым, некоторые военными средствами, а другие дипломатическими средствами. Слишком преждевременно делать какие-либо прогнозы относительно баланса между ними. Что не будет обсуждаться, так это вопрос территориальной целостности Украины. Мы слишком много пережили за последние девять месяцев - мы выучили урок так называемого Минского процесса, который мучил нас в течение восьми лет, - чтобы быть готовыми пойти на какие-либо уступки в отношении территории и людей, которые там живут»__, — подытожил глава МИД Украины.",,,
26468,"Ну, надеюсь, Зурабову заебись икается сейчас.

https://t.me/boris_rozhin/72371",,,
26469,"**Обращения Владимира Путина к участникам встречи глав оборонных ведомств стран ШОС и СНГ в Москве, главное: 

**— Конфликтный потенциал в мире растет из-за попыток Запада сохранить любыми средствами свое доминирование;

— Запад ставит на силу, прибегает к санкциям и цветным революциям, агрессивно идет экспансия НАТО;

— Запад превратил Украину в колонию и использует украинский народ как пушечное мясо, как таран против России; 

— Появляются угрозы в мире и происходят сдвиги в развитии многополярного мира;

— Надо вместе работать над формированием гибкой и устойчивой системы безопасности и сотрудничества;

— Считаем необходимым и впредь развивать в рамках ШОС и СНГ постоянный обмен информацией в сфере оборонной политики.",,,
26470,Доброго всем утра от нашей доблестной разведки💪,,,
26471,"Вчерашний день, несмотря на отвратительную погоду ( ледяной дождь, облачность, на дорогах каток), ознаменовался дальнейшим продвижением наших войск в районе Кременной. 20 армия еще немного отжала позиций противника, пехота выбила хохла из лесополосы и несмотря на ответный огонь артиллерии, закрепилась на занятых рубежах. Понятно, что все это тактический уровень, но в условиях, когда инициатива у противника, это тоже результат.",,,
26472,"Батальоны территориальной обороны (самообороны), о формировании которых сообщил 6 декабря губернатор Белгородской области Вячеслав Гладков, имеют статус добровольных формирований граждан, близкий к статусу народных дружин, сказал РБК глава комитета Госдумы по обороне Андрей Картаполов.

«Это народные дружинники, то есть добровольные формирования граждан. Они пока не входят в состав Вооруженных сил и, соответственно, не могут быть вооружены или обеспечены по этой линии. Это добровольные народные дружины, которые будут решать задачи, сопутствующие Министерству обороны», добавил Картаполов, уточнив, что входящие в состав батальонов самообороны считаются гражданскими лицами. По его словам, вся необходимая законодательная база для этого есть.",,,
26473,"Доброе утро от ""Гиацинта""💥",,,
26474,"Российский ланцет уверенно движется к украинской гаубице М777, а группа ВСУ в это время пытается его сбить. Что из этого вышло смотрите сами.

источник: @vorposte",,,
26475,"В армии действуют квантовые законы. Наличие снабжения зависит от наличия наблюдателя. Наблюдение за армией физически меняет её структуру. Армия – кварк.
©",,,
26476,Работа 2С19М2 «Мста-С»,,,
26477,Работа наших танкистов на Авдеевском направлении.,,,
26478,"[❗️️🇷🇺🇺🇦](https://rybar.ru/piwigo/i.php?/upload/2022/12/08/20221208205044-8d7c25f0-xl.jpg)[ ](https://rybar.ru/piwigo/i.php?/upload/2022/12/05/20221205203405-4b20bb19-xl.jpg)**Хроника** **специальной военной операции
**__за 8 декабря 2022 года

__**🔻Республика Крым:

**▪️Утром сторожевой корабль Черноморского флота сбил беспилотник ВСУ над акваторией моря.

▪️ФСБ России задержала двух жителей **Севастополя** по подозрению в передаче СБУ сведений о военных объектах.

**🔻Белгородская область:

**▪️Украинские формирования обстреляли **Яковлевский** городской округ: осколками снаряда повреждены линии электропередач, на месте прилета возник пожар. Мирные жители не пострадали. 

**🔻Старобельское направление:

**▪️На **Лиманском** участке подразделения ВСУ предприняли наступление на направлении **Краснопоповки**. Интенсивным огнем артиллерии противник был вытеснен на исходные рубежи.

▪️Вдоль всей линии соприкосновения продолжаются артиллерийские дуэли: российская артиллерия нанесла удары по скоплениям украинских формирований в **Крахмальном**, **Берестовом**, **Стельмаховке** и **Макеевке**.

**🔻Соледарское направление:

**▪️На **Соледарском** участке отряды ЧВК «Вагнер» продолжают зачистку **Яковлевки**. Взятие поселка позволит продвинуться к **Соледару** с северо-востока. 

▪️На **Бахмутском (Артемовском)** участке продолжаются боестолкновения в **Опытном** и на юго-восточных окрестностях **Бахмута**. 

Украинское командование для восполнения понесенных потерь перебрасывает на участок дополнительные подразделения, в том числе иностранных наемников.

**🔻Луганская Народная Республика:

**▪️Украинские формирования выпустили ракеты из РСЗО HIMARS по городу **Первомайск**: под удар попали жилые постройки, две автозаправочных станции и подземные линии электроснабжения. 

▪️Днем противник из ствольной артиллерии обстрелял **Рубежное**, повреждения получили три жилых дома и торговые модули.

**🔻Донецкое направление:

**▪️В центре **Марьинки** продолжатся позиционные бои. Российские войска нанесли удары по скоплениям бронетехники и личного состава ВСУ в западной части города.

▪️Украинские формирования из ствольной и реактивной артиллерии обстреляли гражданские объекты **Донецка**, **Ясиноватой**, **Минерального**, **Горловки**, **Сеятеля** и других населенных пунктов агломерации.

**🔻Южный фронт: Херсонское направление

**▪️Российские ракетные войска и артиллерия поразили скопления живой силы противника в **Антоновке**, **Качкаровке**, **Инженерном**, **Бериславе** и **Золотой** **Балке**.

▪️Подразделения ВСУ из минометов обстреляли жилые постройки **Таврийска**, **Голой** **Пристани** и **Каховки**.

[**Карта в высоком разрешении

**](https://rybar.ru/piwigo/upload/2022/12/08/20221208205044-8d7c25f0.jpg)**Foreign versions: **[**DE**](https://rybar.ru/piwigo/upload/2022/12/08/20221208204937-26611a27.jpg)[** **](https://rybar.ru/piwigo/upload/2022/11/30/20221130072328-58b4f256.jpg)**|**[** **](https://rybar.ru/piwigo/upload/2022/11/29/20221129213932-b54619b7.jpg)[**EN**](https://rybar.ru/piwigo/upload/2022/12/08/20221208204955-21c11c7f.jpg) **|**[ **ES** ](https://rybar.ru/piwigo/upload/2022/12/08/20221208205011-be9354a8.jpg)**|**[** **](https://rybar.ru/piwigo/upload/2022/11/30/20221130072431-26142ff5.jpg)[**FR**](https://rybar.ru/piwigo/upload/2022/12/08/20221208205014-7fb79a27.jpg)[** **](https://rybar.ru/piwigo/upload/2022/11/25/20221125213345-f65583d9.jpg)**|**[** **](https://rybar.ru/piwigo/upload/2022/11/30/20221130072453-c9e234fa.jpg)[**IT**](https://rybar.ru/piwigo/upload/2022/12/08/20221208205028-a9f089e4.jpg) 

#дайджест #Бахмут #Донецк #Запорожье #карта #Луганск #Россия #Славянск #Украина
@rybar

__*Поддержать нас:__ `5536 9141 9147 4885` | `0x4739352b67Da6F4064757627D92A08EaDd3fb6b6` (ETH) | `33i1BwMuzeYTAUNtiLa6CjvaHtTVYNJfnp` (BTC)",,,
26479,"Отдельно доставляет когда русскоязычные борцуны за незалежность в ответ на все эти выпады от украиноязычных сограждан искренне не понимают мол ""Как так можно? У нас же тут война, единая страна и вот это вот всё...""",,,
26480,"Русскоязычные ВСУшники – это какой-то необъяснимый для меня феномен. Возможно кто-то сможет это объяснить, потому что я правда не понимаю. 

То есть украиноязычные прямым текстом говорят своим русскоязычным согражданам: ""вы куски говна, раз говорите на языке оккупантов, вы не настоящие украинцы и вообще валите из Украины"". 

Но при этом русскоязычные идут воевать против русских (!!!), отстаивая убеждения и ценности ""настоящих украинцев"", которые вам же потом запретят на русском языке говорить где-либо, кроме собственной кухни! Просто запредельный уровень мазохизма. 

https://t.me/warhistoryalconafter/73905?single",,,
26481,"Нижняя палата Конгресса США одобрила оборонный бюджет на 2023 год объемом $858 млрд, он включает выделение $800 млн на помощь Киеву",,,
26482,💥 Сообщают о взрыве в Кривом Роге,,,
26483,"💥В Харькове и области прогремели взрывы, после чего была объявлена воздушная тревога. В Херсоне также продолжают греметь взрывы.",,,
26484,Ещё один репортаж об отражении попытки контрастнаступления ВСУ на позиции 1-го АК в районе Водяного на Донецком направлении в понедельник,,,
26485,Временно оккупированный Херсон сейчас.,,,
26486,Вечерний Владлен. 8.12.2022г,,,
26487,"Одна из самых интересных рубрик, быт на передовой. 

https://t.me/ua_tribunal/2719",,,
26488,"Коротко о рабочей обстановке на позициях укронацистов. Наша артиллерия работает так, что они чаще сидят в своих укрытиях, и изредка огрызаютя.",,,
26489,"В Одессе были слышны взрывы. На видео очереди из стрелкового оружия/ автопушек, видимо прилетели дроны. Также взрывы прозвучали и в Херсоне.",,,
26490,"Запущен процесс синхронизации законодательной базы новых регионов РФ с федеральной, что позволит предприятиям пользоваться всеми мерами господдержки, заявил вице-премьер, глава Минпромторга РФ Денис Мантуров.",,,
26491,"Ка-52 и Ми-28 проводят дешайтанизацию в паре.

@Z4LPR",,,
26492,А чел на первом фото аж 2 турникета успел себе наложить.,,,
26493,"Кстати, смотрю ИРП им наши нравятся очень.",,,
26494,"И моя не самая любимая, но нужная рубрика, пост для родни всушников. 

Не ждите домой.",,,
26495,"Обратите внимание на поведение господ справа. Устал, понимаешь, американский дипломат от всего этого светского. Правила приличия, этикет... а тут индейцы с хохлячих степей. Да так резво! Кучкой, и через раз смотрят, нравится ли господам или нет. Ну право, смешно же)",,,
26496,"Международная политка друзья. С хохляцким акцентом, так сказать 😏",,,
26497,"Бомжи прибыли к американским хозяевам. Показывают представление (за еду). Ну...в общем... как умеют селюки, так и показывают. 🤡",,,
26498,"Артиллеристы 6-го полка 2-го АК накрыли колонну бронетехники ВСУ на Соледарском направлении, уничтожили БМП-2 с пехотой",,,
26499,"А теперь переводим с долбаебского (хохлятско-нищенского) : 
Дайте ещё денег и оружия.",,,
26500,"Нардеп Алексей Гончаренко призывает правительство Украины прекратить транзит российского газа через территорию страны и закрыть все трубопроводы, по которым углеводороды идут в Европу из РФ.

УРА ДАВАЙ",,,
26501,"Обмен заключенными между РФ и США не распространялся на осужденного за шпионаж Пола Уилана.

Семья Пола Уилана разочарована тем, что он не был включен в программу обмена заключенными, сказал его брат.

UPD. Байден заявил, что США продолжат вести переговоры в духе доброй воли, добиваясь освобождения Уилана.",,,
26502,"Виктор Бут был обменян на американскую баскетболистку Бриттни Грайнер. 

Бут и Грайнер были помилованы перед обменом и не должны отбывать оставшуюся часть наказания в своих странах. 

Соглашение об обмене Грайнер на Бута было достигнуто в ОАЭ.",,,
26503,МИД России: Виктор Бут вернулся на Родину,,,
26504,Прямая речь Президента после церемонии награждения Героев России,,,
26505,"**Главное из сегодняшних заявлений Владимира Путина: **

— Авиация в ходе спецоперации делает все вовремя и грамотно, вносит существенный вклад в эффективность действий войск;

— Все бредни и фейки не должны армии РФ мешать выполнять свой долг перед людьми;

— Россия наносит удары по энергетической инфраструктуре Украины, но не она первой начала;

— «Шум, гам и треск на всю вселенную» в ответ на действия РФ на Украине не будут мешать выполнению боевых задач.",,,
26506,"Ну дак это только дятлы конченные не понимают, что базы США в той же Германии это не для их защиты, а оккупационные войска, которые настучат их правительству по лицу, если вдруг что-то пойдёт не так.

Ту же Панаму забыли уже все, наверное.

https://t.me/SergeyKolyasnikov/44810",,,
26507,"Путин: «Родина – не просто территория, а прежде всего люди, их защита – великая миссия»",,,
26508,"__«Хочу обратится к тем, кто находится на передовой. Для меня, для всех наших сограждан, каждый из вас — Герой. Я хочу, чтобы вы почувствовали теплоту наших сердец, теплоту этой поистине всенародный поддержки»__

(с) Путин",,,
26509,Шойгу и Герасимов на награждении Героев России в Кремле.,,,
26510,"Боррель:

«Среди европейской общественности есть мнение, что чем дольше мы помогаем Украине, тем дольше длится война. ""Если вы хотите прекратить войну, прекратите поддерживать Украину, и война закончится"", - говорят они. Конечно!

Но как она закончится? Это важный вопрос. Эта война не может закончиться победой России и оккупацией Украины… Мы должны продолжать поддержку Украины».",,,
26511,"США, судя по документам на поставки вооружений, планируют «подогревать» боевые действия на Украине как минимум до конца 2025 года — МИД РФ",,,
26512,"Мораторий на размещение ракет средней и меньшей дальности (РСМД) пока действует, но если США развернут свои системы где-либо в Европе или Азии, то подход РФ изменится — МИД РФ",,,
26513,"Вот так выглядит командный пунк полка (батальона) в полевых условиях. 

Конечно, так выглядеть он не должен. Лучше управлять БПЛА из укрытия и меньше выходить из блиндажа. 

Во время кровавый битвы, в древности русские витязи, перед решающей битвой снимали шлем. Тут тоже мы видим людей без касок и брони. Скоро они все об этом пожалеют...

Традиционно стола с картой нет - у всех телефоны с ""Оффлаинмапс"". Наконец-то мы решили извечную проблему с отсутствием карт. До 24 февраля российские офицеры, в основной своей массе не знали ""что так можно было"".

П.С. Найди [Админа](https://t.me/rsotmdivision) по шевелюре.",,,
26514,"5 районов Донецка частично обесточены из-за украинских обстрелов, сообщили в ДНР. 

Не пора ли снова свет по всей Украине отключить? А то что-то оборзели совсем в последнее время...",,,
26515,"В Госдуму будет внесен законопроект о наказании вплоть до пожизненного за содействие диверсионной деятельности, сообщил депутат Пискарев",,,
26516,"Под обстрел ВСУ попал поселок в Яковлевском городском округе, осколками снаряда повреждена линия электропередачи — губернатор Гладков",,,
26517,"На самом деле, эффект ""большого начальника"" понятен.

Когда 24 февраля войскам дали отмашку, такие начальники забились по углам. Ведь самый главный план не сработал. Пока хохлы жгли коробочки спецназа в харькове, бойцы которых заняли оборону в не безызвестной школе, когда десантники  на гостомеле лежали под пулями на холодной земле, когда боевые порядки вертолётчиков поливали из всего, чем можно, а по танкам хуячили из джавелинов и нлавов из близлежащих кустов и крыш, такие вот ""руководители"" забитые по углам носили бумажки и ""не отсвечивали"". Ну мало ли что?. 

А теперь, когда прошло столько времени, и действительно, на фронте относительно тихо, пора показать кто тут начальник. А как ты это покажешь бойцам, которые в лучшем случае были разок в отпуске на 2 недели? Что им говорить? Что спрашивать? А я вам отвечу, спрашивать по ""уставу "" Который эти дегенералы сами не знают. 

И повылазили всякие тыловики, вещевики, служба войск. Конечно не бригадные/полковые, а высокие. Которые в ""портянках от версачи"". В медалях ""за всю хуйню"" и ""за взятие защеку"". Такие ""офицеры"" кичатся только одним правилом ""я начальник  - ты дурак"". Иначе в беседе без купюр и звезд, их лица будут с лёгкостью втоптаны в кашу злыми ветеранами.",,,
26518,"Ну, уж если быть до конца справедливым, многих недалёких, война реально вылечила, а от некоторых избавились. 

Но пока дебилов на местах ещё море.",,,
26519,"Рома, это вам не это. 

Я вот всегда задаюсь лишь одним вопросом, видя подобные факты. 
Где вот эта тонкая грань, когда офицер становится долбаемом? 
Ну вот где та линия? 

Вроде же в одних училищах учились, одни академии заканчивали, только кто то стал ебланом, даже война его не вылечила. 

То песни, то смотры на передке, то цитаты заламинированные. 

Ау, сука, деграданты ебанные, что же вам неймется то? 

https://t.me/RSaponkov/4128",,,
26520,"**""Уважаемые дети, простите нас, взрослых, за то, что вы сейчас видите. Мы немножко глупые, немножко неправильно мыслим и, к сожалению, разрушаем ваше детство"".**

Пронзительное обращение от бойца ВС РФ — позывной ""Шум"" — с угледарского направления. Парень два месяца работает на БМП, был в очень жёстких замесах, смог выжить, а главное — остаться человеком. 

С собой Шум всегда возит детские письма и говорит, что больше всего ему на Донбассе жалко детей и их семьи. Настолько, что он захотел извиниться от лица всех взрослых прямо в ходе интервью.",,,
26521,"**ФСБ пресекла деятельность двух граждан РФ, подозреваемых в госизмене в форме шпионажа в интересах службы безопасности Украины — РИА Новости.

**Установлено, что житель Севастополя, являясь сторонником украинской идеологии, в 2016 году был завербован СБУ. После начала спецоперации он за деньги передавал иностранной спецслужбе данные о расположении объектов Минобороны, что могло быть использовано против безопасности России.
 
Кроме того, данный гражданин летом привлек к противоправной деятельности еще одного жителя Севастополя, который собирал и передавал СБУ данные об объектах ФСБ России. В отношении задержанных возбуждены уголовные дела по статье «государственная измена».",,,
26522,"Как живёт, чем дышит, как воюет наша артиллерия. Кадры боевой работы, отдых, быт непосредственно из за ленты
в канале наших друзей ""Есть такая профессия...""

https://t.me/esttakaiaprofessia",,,
26523,Утром дежурный корабль Черноморского флота сбил БПЛА над акваторией моря — губернатор Севастополя,,,
26524,"Мэр Киева Виталий Кличко не исключает сценария «апокалипсиса» в украинской столице этой зимой, если российские удары по инфраструктуре продолжатся. 

«Киев может остаться без света, воды и тепла. Может случиться апокалипсис, как в голливудских фильмах, когда невозможно жить в домах из-за низкой температуры», — заявил Кличко в интервью Reuters.",,,
26525,"[❗️🇷🇺🇺🇦](https://rybar.ru/piwigo/i.php?/upload/2022/12/07/20221207210449-c3b17f7e-xl.jpg)[ ](https://rybar.ru/piwigo/i.php?/upload/2022/12/05/20221205203405-4b20bb19-xl.jpg)**Хроника специальной военной операции
**__за 7 декабря 2022 года

__**🔻Белгородская** **область**:

▪️Вечером над поселком **Кулешовка** в **Красногвардейском районе** средства ПВО сбили несколько снарядов, пострадавших нет. Осколком повреждены линии электропередачи.

**🔻Североукраинское направление (**[**карта**](https://t.me/rybar/41828)**):

▪️**В **Киевской области** под наблюдением наёмников проводятся обучение расчётов БЛА и систем управления «Крапива».

▪️Подготовка украинских военнослужащих при участии иностранных инструкторов также проводится в **Черниговской** и **Полтавской** **областях.

**▪️Ночью в** Житомирской области** ВС РФ с помощью БЛА-камикадзе «Герань-2» поразили объект ВСУ в городе** Коростень.

**▪️В **Харьковской области** российские войска нанесли ракетные удары по объектам ВСУ в** Печенегах** и **Чугуеве.

40 оабр ВСУ,** в свою очередь, обстреливают Белгородскую область. Наводку осуществляют разведгруппы и операторы БЛА.

**🔻Старобельское направление (**[**карта**](https://t.me/rybar/41812)**):

**▪️На **Купянско-Сватовском **участке украинские формирования готовят наступление на рубеж Лиман 1-й — Синьковка.

▪️На** Лиманском участке **противник не оставляет попыток взять штурмом позиции ВС РФ в **Площанке **и участок трассы Макеевка — Площанка.

25 овдбр ВСУ вновь попытались контратаковать западнее** Краснопоповки**, но под плотным огнем артиллерии отошли на исходные позиции.

**🔻Соледарское направление (**[**карта**](https://t.me/rybar/41815)**):

**▪️На** Соледарском участке** российские силы смогли выбить украинские формирования из Яковлевки на востоке от** Соледара**. Идет зачистка поселка.

▪️На **Бахмутском участке **ВСУ попытались контратаковать в **Опытном**, однако атака противника была отбита. 

В окрестности **Бахмута **перебрасываются иностранные наёмники и бронетехника.

**🔻Донецкое направление:

**▪️В** Горловке **под удары ВСУ вновь попал химзавод **«Стирол»**. На объекте загорелся склад серы, угрозы мирным жителям, как и пострадавших, нет.

▪️В то же время в результате обстрелов украинскими формированиями** Донецкой агломерации **погибло не менее двух человек.

**🔻Запорожское направление:

**▪️ВС РФ отработали по позициям противника в предместьях** Запорожья, Ольговском, Зализничном, Гуляйполе **и** Орехове.

**▪️Украинские силы обстреляли **Энергодар, Бердянск, Днепропрудное** и **Пологи.

🔻Днепропетровская область:

▪️**Ночью российские беспилотники-камикадзе «Герань-2» нанесли несколько ударов по объектам украинской армии в** Днепропетровске.

▪️**ВС РФ поразили позиции противника в** Никополе, Марганце, Доброй Надежде** и** Ильинке.

🔻Южный фронт: Херсонское направление

**▪️На южном участке фронта продолжаются артиллерийские дуэли: российские войска отработали по целям в** Херсоне, Осокоровке, Дудчанах** и** Бериславе.

**[**Карта в высоком разрешении

**](https://rybar.ru/piwigo/upload/2022/12/07/20221207210449-c3b17f7e.jpg)**Foreign versions: **[**DE**](https://rybar.ru/piwigo/upload/2022/12/07/20221207210418-2e22ab48.jpg)[** **](https://rybar.ru/piwigo/upload/2022/11/30/20221130072328-58b4f256.jpg)**|**[** **](https://rybar.ru/piwigo/upload/2022/11/29/20221129213932-b54619b7.jpg)[**EN **](https://rybar.ru/piwigo/upload/2022/12/07/20221207210429-f6923ab3.jpg)**|**[** ES **](https://rybar.ru/piwigo/upload/2022/12/07/20221207210441-28535a73.jpg)**|**[** **](https://rybar.ru/piwigo/upload/2022/11/30/20221130072431-26142ff5.jpg)[**FR**](https://rybar.ru/piwigo/upload/2022/12/07/20221207210443-8ba74f60.jpg)[** **](https://rybar.ru/piwigo/upload/2022/11/25/20221125213345-f65583d9.jpg)**|**[** **](https://rybar.ru/piwigo/upload/2022/11/30/20221130072453-c9e234fa.jpg)[**IT 

**](https://rybar.ru/piwigo/upload/2022/12/07/20221207210445-3a1d5a0a.jpg)#дайджест #Бахмут #Донецк #Запорожье #карта #Луганск #Россия #Славянск #Украина
@rybar

__*Поддержать нас:__ `5536 9141 9147 4885` | `0x4739352b67Da6F4064757627D92A08EaDd3fb6b6` (ETH) | `33i1BwMuzeYTAUNtiLa6CjvaHtTVYNJfnp` (BTC)",,,
26526,Взрывы звучат также и в Херсоне.,,,
26527,💥Взрывы гремят в Николаеве.,,,
26528,"🤡 Пентагон не координирует с Киевом все планируемые ВСУ удары, не был в курсе подготовки ударов по территории РФ, заявил представитель",,,
26529,"🇺🇸 🇧🇾 CNN [пишет](https://edition.cnn.com/europe/live-news/russia-ukraine-war-news-12-07-22/h_e5cb2895bb2eac2d233abaf54332e2ee) о неких перемещениях белорусской техники и личного состава, при этом ссылаясь на Белту и поясняя, что это просто учения. Но сам текст статьи намекает, естественно, на возможные учения по пересечению границы с Украиной

Война История Оружие 
[Подписаться на канал](https://t.me/warhistoryalconafter)",,,
26530,"Хочу обратить ваше внимание на то, что участились фото из серии ""как у нас плохо"" с Бахмута.

Напомню, что у Офиса Президента Украины случайных фотокоров в зоне боёв нет, т.е это согласованный шаг, жёсткая система аккредитации.

Скорее всего это подготовка общества к тому, что город будет оставлен.",,,
26531,Агония всушников в одном из полевых госпиталей в Артёмовске (Бахмут).,,,
26532,"РСЗО ""Град"" сжигает хряков из всу на их позициях под Авдеевкой зажигательными реактивными снарядами 9М22.",,,
26533,"Тоесть, склеянные пальцы подтвердила то, что 404 готовились ебануть? Ну ладно",,,
26534,"__«Минское соглашение 2014 года было попыткой дать Украине время. Они использовали это время, чтобы стать сильнее, что можно видеть сегодня. Украина образца 2014/15 года — это не сегодняшняя Украина. Как мы могли наблюдать в ходе боев в районе Дебальцево в 2015 году, Россия могла бы легко тогда победить. И я очень сомневаюсь, что страны НАТО могли бы тогда сделать столько же, сколько они делают сейчас, чтобы помочь Украине. Всем нам было ясно, что это замороженный конфликт, что проблема не решена, но именно это и дало Украине драгоценное время».

__(с) Бывший канцлер ФРГ Ангела Меркель в интервью Die Zeit.",,,
26535,Вечерний Владлен. 7.12.2022г,,,
26536,"Украинские войска обстреляли химзавод «Стирол», горит склад с серой, угрозы нет, но может распространяться едкий запах, заявил мэр Горловки",,,
26537,Во временно оккупированном Херсоне тоже взрывы.,,,
26538,"Ущерб, причиненный Донбассу Украиной, превысил 1 триллион 321 миллиард рублей — общественное движение «Свободный Донбасс».

Возмещение Украиной ущерба, нанесенного Донбассу и другим новым территориям РФ, лишним не будет — Путин.

Ура, репарации",,,
26539,На Курганском машиностроительном заводе полным ходом ведётся выпуск боевых машин пехоты БМП-3 и бронетранспортёров БТР-МД «Ракушка».,,,
26540,"Мужчины Донбасса воюют очень достойно и эффективно, подают пример — Путин

Путин также призвал создать программу помощи и восстановления жилья жителей Донбасса.",,,
26541,"Кратко по фронту Кременная-Сватово. 

Сегодня ВСУ вновь пробовали пойти в прорыв в сторону села Новодяное, были вовремя вскрыты. После налёта ВКС и артиллерии откатились назад с потерями.",,,
26542,"Единственным настоящим гарантом территориальной целостности и суверенитета Украины могла бы быть Россия, благодаря которой Украина эти территории когда-то и получила — Путин",,,
26543,"__«Война была начата не нами, а в 2014 году после государственного переворота на Украине, она была начата украинскими властями. Все партнеры в телефонных разговорах молчат, когда им говоришь, что они должны были быть гарантами минских соглашений. Нам не оставили других шансов для решения вопроса Донбасса». __

(С) Путин",,,
26544,"**Владимир Путин сегодня провёл заседание Совета по развитию гражданского общества и правам человека. Собрали главное:

**— Путин предложил членам СПЧ поговорить о ситуации в НКО, в судебном процессе, а также про спецоперацию и защиту прав жителей Донбасса;

— Права жителей многострадального Донбасса полностью игнорировались, так называемым, мировым сообществом, сказал Путин;

— Глава СПЧ заявил, что в зоне спецоперации есть люди, которым ничего еще не перечислили;

— Путин после выступления главы СПЧ Фадеева о сложностях с экипировкой в ходе спецоперации попросил представить всю информацию и пообещал разобраться;

— Путина поблагодарили в ходе совещания СПЧ: « Спасибо, что вернули Донбасс домой»;

— Путин сообщил, что 6 декабря говорил с врио главы ДНР Пушилиным, обсуждались удары украинских войск по жилым кварталам Донецка;

— Запад и международные правозащитные организации не могут не знать, что украинские военные обстреливают жилые кварталы Донбасса;

— Фиксировать и проводить расследование преступлений украинских военных, особенно ударов по жилым кварталам, надо, стоит подумать над созданием специального органа;

— Россия продолжит последовательную борьбу за свои национальные интересы, сначала мирными средствами, но если это не поможет — всеми имеющимися;

— Не все студенты Донбасса решили воспользоваться правом на демобилизацию;

— Путин заявил, что вопрос о демобилизации врачей в Донбассе будет рассмотрен;

— В социальном блоке правительства надо создать специальный центр для решения вопросов реабилитации раненых, поручение будет подготовлено сегодня-завтра;

— Путин не стал давать оценок тем, кто покинул страну: «может быть, кто-то считает, что это не их страна»;

— Проблемы в зоне спецоперации были, они могут возникать и сейчас, надо анализировать ситуацию и иметь обратную связь;

— Массового характера ухода с боевых позиций в зоне спецоперации нет, ребята воюют блестяще;

— Из 300 тысяч мобилизованных в РФ 150 тысяч находятся в зоне СВО;

— СВО может стать длительным процессом;

— Новые территории — значимый результат для России. Азовское море стало внутренним морем России, это серьезно;

— Результаты референдумов показали, что люди хотят быть частью России, нашего мира. И теперь они с нами — миллионы людей.",,,
26545,"Пригожин дал ответ Слуцкому, новому руководителю ЛДПР, видели?

https://t.me/Prigozhin_hat/2171",,,
26546,"В кабмине ФРГ заявили, что Украина в своей обороне **не обязана** ограничиваться собственной территорией.

Интересное заявление.",,,
26547,"Минобороны ФРГ заявило, что Берлин и Варшава достигли соглашения о размещении систем ПРО Patriot в Польше",,,
26548,В Херсоне с самого утра гремят взрывы.,,,
26549,"ЕС выделил белорусской оппозиции 25 миллионов евро — Еврокомиссия.

Ох и допроситесь...",,,
26550,"Дополним, что удары по [аэродромам в Крыму](https://t.me/voenacher/35163?single), а не вглубь России.",,,
26551,"Кстати, ВПК всегда может сказать, что они совершенно ни при чём, мол виновато МО, которое не размещало у них заказ, тут тоже есть своя правда.",,,
26552,"Россия заказывает сотни иранских беспилотников и ракет —  агентство DPA со ссылкой на дипломатов.

И это прекрасно, надеюсь это не только поможет фронту, но и взбодрит наш ВПК, мимо которого пройдут эти деньги.",,,
26553,"Проект оборонного бюджета США носит конфронтационный и беспрецедентный характер, направлен на длительную дестабилизацию не европейском континенте, заявили в Кремле",,,
26554,"Американские издания [The New York Times](https://www.nytimes.com/2022/12/05/world/europe/ukraine-russia-military-bases.html?searchResultPosition=11), [The Guardian](https://www.theguardian.com/world/2022/dec/05/explosions-russia-airbases-far-from-ukraine-frontline-bombers) и [Washington Post](https://www.washingtonpost.com/world/2022/12/06/ukraine-drones-russian-airfield-attacks/) пишут со ссылкой на украинских чиновников, что удары по военным аэродромам в глубине российской территории действительно нанесли украинские беспилотники. 

При этом официальные лица Вашингтона стараются всячески откреститься от своей причастности к этим атакам. 

Госсекретарь Энтони Блинкен во вторник заявил, что Соединенные Штаты не поощряли и не позволяли Украине наносить удары по территории России.

При этом министр обороны США Ллойд Остин заявил, что США не создает препятствий для украинских властей в деле разработки вооружений для нанесения ударов на большое расстояние.",,,
26555,"Генсек НАТО согласен, что пока **нет условий** для мирных переговоров России и Украины. 

И мы тоже согласны. Единственное условие для мирных переговоров — капитуляция киевского режима.",,,
26556,Завершение конфликта на Украине** не приведет **автоматически к нормализации отношений альянса и Москвы — генсек НАТО Столтенберг,,,
26557,Губернатор Старовойт проинспектировал строительство линии обороны на границе Курской области,,,
26558,"Путин наградил орденом мужества посмертно депутата Народного Совета ДНР Марию Пирогову, погибшую вчера при обстреле Донецка",,,
26559,"**На замглавы администрации Мелитополя совершено покушение**

Николая Волыка пытались взорвать на выходе из его собственного дома.

Террористы заложили самодельную бомбу, однако по счастливой случайности никто не пострадал.

По словам представителя администрации Запорожской области, покушение произошло рано утром.",,,
26560,"🇷🇺🇺🇦** Хроника ударов и взаимных обстрелов в зоне СВО за ночь с 6 на 7 декабря 2022 года

▪️**Ночью местные жители сообщили о пролете российских БЛА-камикадзе над **Житомирской областью**, а также Бучей и Фаустовским районом **Киевской области**. Информации о результатах работы дронов нет.

▪️Российская артиллерия поразила цели в Запселье, Эсмани, Кондратовке и Мирополье** Сумской области.

**▪️В **Харьковской** **области** ВС РФ отработали по позициям противника в Стрелечьей, Красном, Огурцово, Чугуновке и Каменке.

▪️На **Старобельском** **направлении** российские ракетные войска и артиллерия нанесли удары по Купянску, Берестовому, Табаевке, Стельмаховке, Макеевке, Тернам, Невскому и Лиману.

Противник, в свою очередь, обстрелял **Площанку, Кисловку **и** Котляровку.

**▪️На **Бахмутском (Артемовском) направлении** российские силы отработали по скоплениям живой силы и техники противника в Бахмуте, Соледаре, Верхнекаменском, окрестностях Спорного и Белогоровки, а также Клещеевке, Дружбе и Артемово.

▪️На** Донецком направлении** ВС РФ нанесли удары по объектам ВСУ в Авдеевке, Водяном, Первомайском, Невельском, Красногоровке и на западных окраинах Марьинки.

Украинские формирования, в свою очередь, вновь вели массированные обстрелы **Донецка **и** Горловки**: в последней под удар попала больница с мирными жителями.

▪️На** Южнодонецком направлении** российские силы отработали по целям в Угледаре, Богоявленке, Пречистевке и Новомихайловке.

▪️Ночью ВС РФ нанесли удары ракетами и дронами-камикадзе по объектам ВСУ в пригородах **Запорожья.

**В то же время российская артиллерия отработала по целям в **Зализничном, Гуляйполе, Степовом **и** Плавнях.

**▪️ВС РФ нанесли множественные удары БЛА-камикадзе «Герань-2» по** Днепропетровску. 

**Кроме того, поражены цели в** Никополе, Марганце, Ильинке** и** Доброй Надежде.

**▪️На **южном участке фронта** российские ракетные войска и артиллерия отработали по позициям противника в Херсоне, Осокоровке, Золотой Балке, Дудчанах и Антоновке.**
**#дайджест__ __#Россия__ __#Украина__ 
__@rybar__ 

*Поддержать нас__: `5536 9141 9147 4885`",,,
26561,"Теперь серьезно по поводу журналов в армии и всего остального. Я как-то пытался вникнуть во взводную документацию, нашего отдельного разведвзвода и оказалось, что там нет ни одной лишней бумажки. Учет ГСМ нужен? Да. Учет БК и оружия нужен? План занятий? Нужен. (Мне попалась некоторая документация полка ""Азов"", построенного, как рекламируют, по стандартам НАТО. Там очень большой журнал с планом учений). Журнал температурного режима в спальном помещении нужен? Конечно, это армия, а не ""Вагнер"", завтра прибежит комиссия из мамаш, которая скажет, что её ребенку холодно... Что ещё? А, смотр. Тоже нужен. Открою страшную тайну: среди взрослых мужчин тоже много дураков, которые всё забывают, от зубных щеток до биноклей. Ещё на смотре нужно показать, что у тебя все люди по штату есть, но а если нет — не беда, можно попросить постоять кого-то из соседнего подразделения. Чему точно в армии учат, так это п####ь!

НО!..
Большое ""НО"", все эти журналы и прочее не должны интересовать больше, чем реальная боевая подготовка. И когда вчера я н[аписал за бригаду ВДВ](https://t.me/vladlentatarsky/17918), то нашлось пару типов, которые высокомерно пытались объяснить мне ""ты не понимаешь, так живёт профессиональная армия!"", имея ввиду идиотские комиссии, которые проверяют у командиров спецназа наличие флажков и заставляют пацанов из разведроты сниматься по ночам с передовой, для сдачи ФИЗО!

""Живет профессиональная армия..."" Да уже не живет, благодаря таким идиотам. Пришлось мобилизацию проводить, потому что потери понесли и не выполнили поставленных задач. В чем профессионализм? В отчетах и смотрах или в боевых операциях? Чем забита голова офицера? Как покрасить колеса БТРа, чтобы он был красивее на смотре или чтобы экипаж этого БТРа мог слаженно работать в боевых условиях? 

Расставим правильно приоритеты, тогда точно должно что-то наладиться, иначе нам удачи не видать.",,,
26562,Герань над Житомирской областью.,,,
26563,Дрон камикадзе Герань-2 наводит суету в Киевской области 👻,,,
26564,💥Наносятся удары по целям в Запорожье.,,,
26565,"Вооружённые бандформирования хрюкостана снова ударили ""Градом"" по центру российского города Донецк.",,,
26566,Укроповское ПВО добавляет по целям.,,,
26567,Новые взрывы в Днепропетровске.,,,
26568,Бахмут (Артёмовск).,,,
26569,"Днепропетровск, повторная доставка мопедов.",,,
26570,"Немного о ситуации с Дождем. 

Он в очередной раз превратился в золотой.",,,
26571,"""Великая Победа?""
""Единая Россия""?
""Бей нацистов""? 
""Деды воевали?""

ТАК ДЕЛАЙТЕ КАК ДЕДЫ.

__(Мичман просто повторяет свою __[__публикацию__](https://t.me/rusfleet/4545)__ от 1 апреля)__",,,
26572,В 404 кто то снова решил косить траву по ночам.,,,
26573,💥Взрывы в Днепропетровске.,,,
26574,💥В Херсоне прозвучал сильный взрыв.,,,
26575,"Первая партия Т-72Б3М образца 2022 года ушла в войска. 
Из основного, видного:

-вдоль всего корпуса установлена динамическая защита, решётчатые экраны убраны.
-на башне тоже убрали решётки, вместо них установлена динамическая защита.
- «Тучу» закрыли блоками динамической защиты ""Контакт-1"".
-сетку как на «Прорыве», на башню начали ставить. 


Командир теплака так и не получил, вспомогательной силовой установки все ещё нет….",,,
26576,"Из интересного. 

Первый российский танкер с нефтью прошёл через турецкие проливы...со страховкой от ""Ингосстраха"", турецкую сторону всё устроило.",,,
26577,"Если угрозу, исходящую с Украины, не удастся устранить миром, Россия **сделает это военным путем **— Василий Небензя на заседании СБ ООН",,,
26578,"Лётчик ВСУ выложил такое вот фото, стропы натянуты, лицо в крови, наверное был сбит.

К слову им в своё время хвастались СМИ Украины, якобы сбил 6 шАхидов-136.",,,
26579,"Суверенная экономика заметила что переговоры на данном этапе - путь в никуда. А нет, скорее к катастрофе, да, туда точно подойдём.

Нужны чёткие цели в СВО, чтоб никто уже не мог вилять тазом и в войсках было понимание, куда мы вообще идём и зачем. А иначе конец первого абзаца.

https://t.me/suverennews/448",,,
26580,"Вечерний Владлен. 6.12.2022г.

- Обстановка. Аэродромы. 
- Стрелков вернулся с фронта. 
- Диванная аналитика.",,,
26581,"[🇷🇸🇽🇰](https://rybar.ru/piwigo/upload/2022/12/06/20221206163647-9c74a84d.jpg)** Эскалация в Сербии, Косово и Метохии
**__Обстановка к исходу 6 декабря 2022 года

__Две недели назад глава европейской дипломатии с воодушевлением [анонсировал соглашение](https://t.me/balkanossiper/5106), к которому якобы пришли стороны косовского конфликта. По словам Жозепа Борреля, вопрос эскалации в Косово и Метохии решен, а роль европейских посредников неоценима. 

Однако уже сегодня ситуация в крае** вновь обострилась**: в нескольких городах на севере были слышны взрывы, а испуганным жителям пришлось обедать под вой сирен воздушной тревоги. 

🔻 Примерно в 13.00 по местному времени сирена [сработала](https://t.me/balkanossiper/5140) в **Зубин-Потоке**. Члены местной избирательной комиссии в сопровождении косовской полиции ворвались в здание администрации, выбили в нем двери и окна и заменили замки. По информации местных СМИ, они хотели изъять избирательные списки.

▪️ 18 декабря в четырех муниципалитетах на севере края, в которых преобладает сербское население, должны пройти внеочередные выборы в органы местной власти.

Альбин Курти назначил дату выборов после того, как косовские сербы демонстративно [покинули институции края](https://t.me/rtbalkan_ru/579) в знак протеста против политики террора приштинских властей. ЦИК самопровозглашенной республики уже зарегистрировала заявки шести политических образований и независимых кандидатов.

❗️ Основная партия косовских сербов **«Сербский список»,** набравшая на прошлых выборах 95% голосов, от участия в выборах **отказалась**. А возглавляющий ее вице-премьер непризнанной республики и лидер косовских сербов **Горан Ракич** объявил об **отставке**. 

Однако косовский премьер намерен как можно скорее [«заполнить вакуум»](https://t.me/rtbalkan_ru/641) на севере края и поставить на освободившиеся должности своих про-албанских ставленников. 

🔻 Вслед за инцидентом в Зубин-Потоке сегодня стало известно о [серии взрывов](https://t.me/balkanossiper/5141) в** Косовской-Митровице**. При содействии косовской полиции и спецназа ROSU в городе также был разгромлен офис местного избиркома. 

По информации местных источников, при штурме административных зданий были применены шумовые гранаты. Пострадавших в ходе инцидентов нет. Сейчас обстановка в Зубин-Потоке и Косовской-Митровице относительно **спокойная**. В сербской Канцелярии по делам Косово и Метохии призвали жителей края сохранять спокойствие и не поддаваться на провокации албанцев. 

[**Карта в высоком разрешении

**](https://rybar.ru/piwigo/upload/2022/12/06/20221206163647-9c74a84d.jpg)#Косово #Сербия
@rybar совместно с @balkanossiper

*__Поддержать нас:__ `5536 9141 9147 4885`",,,
26582,Момент взрыва в Кривом Роге. Воздушной тревоги не было.,,,
26583,🤡 Цена сохранения гегемонии заокеанского хозяина,,,
26584,"Военные уничтожили два беспилотника в море в районе Севастополя, сообщили в пресс-службе губернатора региона",,,
26585,💥 В Кривом Роге нанесён удар по промышленному объекту,,,
26586,"**Расстрелявший сослуживцев в 2019 году Рамиль Шамсутдинов попросился в ЧВК «Вагнер».

**Он записался добровольцем на спецоперацию, когда в исправительную колонию, где он отбывал наказание, приехали представители ЧВК «Вагнер». Шамсутдинов попросился к ним и даже попал в список, но когда «вагнеровцы» пришли во второй раз, **стрелка они не взяли.

**Шамсутдинова осудили за убийство сослуживцев в Забайкальском крае в 2019 году. Суд приговорил его к 24 годам и 6 месяцам лишения свободы в колонии строгого режима.",,,
26587,Атмосфера у укров в Бахмуте,,,
26588,Также Гладков проинспектировал строительство засечной черты на границе Белгородской области,,,
26589,Страны ЕС не смогли согласовать новый пакет финпомощи Украине на 18 миллиардов евро на 2023 год — СМИ,,,
26590,"Последствия сегодняшнего террористического обстрела Донецка. 

По данным Штаба Теробороны ДНР, в результате украинского обстрела Ворошиловского района Донецка погибли 3 мирных жителя и ещё 14 получили ранения. 

Вот так ублюдки из ВСУ отмечают день вооруженных сил украины.",,,
26591,"Губернатор Белгороской области Гладков объявил о формировании нескольких батальонов территориальной обороны в регионе. Вступить в ряды теробороны могут добровольцы из числа местных жителей, включая тех, кто по возрасту или состоянию здоровья не может быть призван в регулярную армию, но имеет боевой опыт и желание помогать в защите Родины. Обучением бойцов теробороны будут заниматься инструктора с боевым опытом.

__«Буквально с первых дней начала специальной военной операции обращалось большое количество жителей Белгородской области с необходимостью начать подготовку и формирование отрядов территориальной обороны, или самообороны. Такое решение мы приняли»__, — сообщил Гладков.",,,
26592,Наши вернувшиеся из украинского плена,,,
26593,Ракеты скоро закончатся (с),,,
26594,"Добрый день! Я - тот самый Алексей Васильев. О моей пропаже в конце октября в Бердянске писали многие наши ТГ-каналы. 

Сейчас уже все хорошо: я дома, приступаю к новым гуманитарным проектам. 
Весной я прекратил вести свой ТГ-канал: уехал выполнять задачи, связанные с СВО. Теперь, когда шумиха вокруг моей персоны раскрыла мое инкогнито, решил, что лучше будет самому описать, как все было. 

На территории Запорожской области меня знали как Андрея Князева. С начала СВО занимался задачами по организации помощи населению, был советником главы ВГА города Бердянск, помогал организовать работу сотрудников администрации: от выдачи гуманитарной помощи до налаживания ремонта дорог и работы коммунальных служб. 

В октябре я был задержан. Старо, как мир: как говорится, ""ни одно доброе дело не остается безнаказанным"". Имели место клевета, интриги на местном уровне, кто-то не разобрался сразу - стандартные перегибы на местах. Каких только версий моего задержания не выдвигали в интернете! То мошеннические колл-центры, то заказ от украинского олигарха. На самом деле все проще: банальная неразбериха с интригами. 

Но нет худа без добра. Сейчас ко мне нет никаких вопросов: все, кто сомневался, полностью убедились в моей порядочности и честности.

Теперь я могу без помех заниматься новым проектом. Чуть позже я о нем подробно расскажу. Также в этом канале я буду писать о работе ВГА: так сказать, взгляд изнутри. Подписывайтесь, будет интересно! 
Сразу оговорюсь: нытья и всепропальщины у меня не будет, так же, как и «жареных» инсайдов. Безопасность людей, тех кто там остается работать, для меня на первом месте. 

И конечно огромное спасибо всем, кто помогал меня вытащить, выступая публично и обивая пороги высоких кабинетов. [Юрию Подоляке](https://t.me/yurasumy), [Олегу Цареву](https://t.me/olegtsarov), [Империи курильщика](https://t.me/georgy_ma), [Игорю Димитриеву](https://t.me/russ_orientalist), [ПнВ](https://t.me/voenacher), [Владу Лобаеву](https://t.me/lobaev_vlad), [Сергею Веселовскому](https://t.me/mihalych67), [Олегу Блохину](https://t.me/Oleg_Blokhin), [Безсонову](https://t.me/NeoficialniyBeZsonoV). 
Признаться сам был приятно удивлён такой поддержкой друзей, простых людей и соратников.",,,
26595,В Минобороны РФ подтвердили возвращение 60 наших военнослужащих из плена,,,
26596,"Минобороны РФ проводит очередной обмен военнопленными, на Родину возвращаются 60 российских военнослужащих, сообщает депутат Госдумы Шамсаил Саралиев.",,,
26597,Там ещё Зеленский приехал в оккупированный Славянск,,,
26598,Террористические обстрелы Донецка сегодня — это так укры отмечают день вооруженных сил украины,,,
26599,"Последствия обстрела Ворошиловского района Донецка. 

На данный момент известно о 4-х раненых.",,,
26600,"**Главное из вступительной речи Сергея Шойгу на тематическом селекторном совещании с руководящим составом ВС РФ:**

— Вооруженные силы России продолжают освобождать Донбасс. За последнее время под наш контроль перешли Майорск, Павловка, Опытное, Андреевка, Белогоровка Южная и Курдюмовка;

— Потери противника за ноябрь составили более 8300 военнослужащих;

— Российские вооруженные силы наносят массированные удары высокоточным оружием большой дальности по системе военного управления, предприятиям оборонно-промышленного комплекса, а также связанным с ними объектам для сокрушения военного потенциала Украины;

— Только за последние две недели по Запорожской АЭС со стороны ВСУ выпущено 33 крупнокалиберных снаряда. Классифицируем данные атаки украинских войск как ядерный терроризм.",,,
26601,"Крытый рынок... 

@bolshiepushki",,,
26602,"Донецк, 10 ракет «Града» прилетело",,,
26603,"ВСУ снова обстреливают центр Донецка из «Града», просто жилые кварталы",,,
26604,"Вчера ВСУ вновь попытались атаковать позиции батальона «Сомали» и 11-го полка 1-го АК в районе Водяного. На прорыв была брошена колонна из 15 единиц бронетехники. Наши бойцы отбили атаку. Противник был вынужден отступить, потеряв 3 бронеавтомобиля западного производства и бронетранспортер М113.

Репортаж военкора Андрея Филатова @FilatovCorr",,,
26605,"«Если предстоящее десятилетие и должно стать решающим в чем-то, то это должно быть связано с сокрушением жестокой гегемонии Вашингтона и установлением подлинного мирового равенства и справедливости. Подлинный международный порядок должен основываться на Уставе ООН и преследовать цель построения человеческого сообщества с общим будущим, а не того, которое основано на длиннорукой юрисдикции Вашингтона», — пишет китайская газета Global Times",,,
26606,Новая партия Т-90М добралась до Луганской республики.,,,
26607,"Переход Запорожской АЭС под контроль МАГАТЭ никак не регламентирован, это в принципе **невозможно**, заявили в «Росэнергоатоме»",,,
26608,"США поддерживают Украину, чтобы она вернула земли, утраченные с февраля — госсекретарь США Блинкен",,,
26609,"Вторым аэродромом для атаки сегодня был выбран Бельбек. 
Но тут чётко отработало наше ПВО и все беспилотники были сбиты на подлёте.
То есть все можно. 
Нехуй спать просто.",,,
26610,"ВСУ обстреляли химический завод «Стирол» в Горловке.

__«Повреждены парокотельный цех, установка ультра- и нанофильтрации. Всего зафиксировано четыре попадания украинских снарядов по территории завода»__, — сообщил мэр города Иван Приходько.",,,
26611,"Украинские войска обстреляли утром промзону ЗАЭС, на данный момент нет информации о повреждениях и пострадавших, заявили в администрации региона",,,
26612,"[❗️🇷🇺🇺🇦 ](https://rybar.ru/piwigo/i.php?/upload/2022/12/05/20221205203405-4b20bb19-xl.jpg)**Хроника специальной военной операции
**__за 5 декабря 2022 года

__ВС РФ вновь нанесли массированные удары по критической инфраструктуре Украины: поражены объекты противника в **Винницкой**, **Черкасской**, **Хмельницкой**, **Полтавской**, **Киевской**, **Сумской**, **Харьковской**, **Запорожской**, **Днепропетровской**,** Николаевской** и **Одесской** областях.

Украинские средства ПВО не смогли отразить атаку. В некоторых регионах страны возникли проблемы с энерго- и водоснабжением, а также со связью.

В ходе налета в окрестностях молдавского города **Бричаны** упал разгонный блок ракеты, предположительно, выпущенной из украинского комплекса ПВО С-300.

**🔻Саратовская и Рязанская области:

**▪️Украинские беспилотники нанесли удар по двум аэродромах базирования стратегической авиации ВКС России в **Энгельсе** и **Рязани**: трое военнослужащих ВС РФ погибли, шестеро получили ранения.

**🔻Курская область:

**▪️Противник обстрелял приграничные поселки **Теткино** и **Гуево**, повреждены жилые постройки и газопровод. Жертв и пострадавших нет.

**🔻Старобельское направление:

**▪️На **Купянско-Сватовском** участке ВСУ атаковали позиции ВС РФ на направлении **Лимана** **1-го**, видимых успехов достичь не смогли.

▪️На **Лиманском** участке украинские подразделения предприняли наступление в сторону **Краснопоповки** и **Площанки**. Российские войска отбили атаки противника, вынудив его с потерями отступить на исходные рубежи.

**🔻Соледарское направление (**[**карта**](https://t.me/rybar/41725)**):

**▪️На **Лисичанском** участке подразделения ВС РФ ведут бои в окрестностях **Белогоровки**. Российская артиллерия и авиация наносят удары по позициям противника в районе населенного пункта.

▪️На **Соледарском** участке российские войска прорвали оборонительные рубежи 10 огшбр ВСУ, заняв два взводных опорных пункта в **Яковлевке** и три в **Белогоровке**.

▪️На **Бахмутском** участке штурмовые отряды ЧВК «Вагнер» продавили оборону ВСУ в **Опытном** и на юго-востоке **Бахмута**. В то же время российские подразделения ведут штурм позиций украинских формирований на подступах к **Клещеевке**.

▪️На **Торецком (Дзержинском) **участке ВС РФ наступают на рубеже **Шумы — Новгородское**.

Штурмовые отряды ВСУ предприняли попытку прорыва обороны российских войск в окрестностях **Пивничного (Кирово)**. Подразделения ВС РФ отбили атаку, противник, потеряв 20** **человек убитыми и ранеными, отступил.

**🔻Луганская Народная Республика:

**▪️Ночью украинские формирования выпустили ракеты из РСЗО HIMARS по гражданским объектам **Алчевска**: повреждены жилые постройки, учебные корпуса, общежития и библиотека. Погибло десять человек, 28 получили ранения.

▪️Днем противник из реактивной артиллерии нанес удар по **Врубовке**, пострадали три мирных жителя.

**🔻Донецкое направление:

**▪️Российские мотострелковые подразделения продолжают вести бои с ВСУ в центре **Марьинки**.

▪️Украинские формирования из ствольной и реактивной артиллерии обстреляли населенные пункты **Донецкой агломерации**, под удар попали в том числе жилые постройки и гражданские объекты в **Донецке**. Погибло не менее четырех мирных жителей.

**🔻Запорожское направление:

**▪️ВС РФ поразили цех завода высоковольтной аппаратуры в **Запорожье**, на котором производились трансформаторы высокого напряжения. Удар по объекту затруднит восстановление поврежденной в ходе налета инфраструктуры.

**🔻Южный фронт: Херсонское направление

**▪️Подразделения ВСУ из минометов обстреляли город **Таврийск**: повреждены жилые постройки, школа, газопровод и линия электропередач. Мирные жители не пострадали.

[**Карта в высоком разрешении

**](https://rybar.ru/piwigo/upload/2022/12/05/20221205203405-4b20bb19.jpg)**Foreign versions: **[**DE**](https://rybar.ru/piwigo/upload/2022/12/05/20221205203407-adff4b64.jpg)[** **](https://rybar.ru/piwigo/upload/2022/11/30/20221130072328-58b4f256.jpg)**|**[** **](https://rybar.ru/piwigo/upload/2022/11/29/20221129213932-b54619b7.jpg)[**EN**](https://rybar.ru/piwigo/upload/2022/12/05/20221205203410-6cdb9de7.jpg)[** **](https://rybar.ru/piwigo/upload/2022/11/30/20221130072350-309c2f13.jpg)**| **[**ES**](https://rybar.ru/piwigo/upload/2022/12/05/20221205203413-e52ce707.jpg)** |**[** **](https://rybar.ru/piwigo/upload/2022/11/30/20221130072431-26142ff5.jpg)[**FR**](https://rybar.ru/piwigo/upload/2022/12/05/20221205203415-3cab9f5f.jpg)[** **](https://rybar.ru/piwigo/upload/2022/11/25/20221125213345-f65583d9.jpg)**|**[** **](https://rybar.ru/piwigo/upload/2022/11/30/20221130072453-c9e234fa.jpg)[**IT**](https://rybar.ru/piwigo/upload/2022/12/05/20221205203418-98979091.jpg) 

#дайджест #Бахмут #Донецк #Запорожье #карта #Луганск #Россия #Славянск #Украина
@rybar

__*Поддержать нас:__ `5536 9141 9147 4885` | `0x4739352b67Da6F4064757627D92A08EaDd3fb6b6` (ETH) | `33i1BwMuzeYTAUNtiLa6CjvaHtTVYNJfnp` (BTC)",,,
26613,За прошедшие сутки на территории ДНР от украинских обстрелов погибли 4 мирных жителей и еще 8 получили ранения — Штаб Теробороны ДНР,,,
26614,"На Курском аэродроме прилёт.

Горят два резервуара с ГСМ.",,,
26615,"Пожгли технику всучек во время их попытки наступа близ села Водяное в ДНР. Две коробочки БТР М113, БМП-1, и Хамви.

Фoто от @FilatovCorr",,,
26616,"[🇷🇺🇺🇦💡](https://rybar.ru/piwigo/i.php?/upload/2022/12/05/20221205194730-41ff78af-xx.jpg)**Массированный ракетный удар ВС РФ по Украине: что известно к** **исходу дня

**Днем российские войска нанесли удары по объектам критической инфраструктуры Украины. В некоторых регионах страны возникли проблемы с электро- и водоснабжением, а также со связью.

🔻**Киев:** серия прилетов и взрывов. Местные жители сообщали о работе средств ПВО. Предположительно, повреждена ПС Северная 330.

**🔻Краматорск:** прилет по инфраструктурному объекту, город оказался обесточен. Пропало электричество в Славянске, Дружковке, Константиновке и Доброполье.

🔻**Одесса:** взрывы в окрестностях и области, поврежден один из двух автотрансформаторов ПС Новоодесская 330, а также ПС Арциз и ПС Усатово. В самой Одессе не функционировали насосные станции и резервные линии

🔻**Днепропетровск: **прилеты в окрестностях города, обесточены насосные станции одного из пяти водоканалов. Потенциально под удар могла попасть ПС Днепровская 750.

🔻**Запорожье:** взрывы в городе и области, в том числе в селе Новософиевка. Повреждена подстанция Днепр-Донбасс. Пропало водоснабжение в ряде районов.

**🔻Черкассы:** прилет в **Черкассах** и **Умани**, в области введены аварийные отключения света.

**🔻Полтава:** взрывы в окрестностях **Кременчуга**.

**🔻Сумы**: серия взрывов в области. Предположительно, попадания в ПС Сумы 330. Электроснабжение значительное время отсутствовало практически во всем регионе.

**🔻Николаев**: серия взрывов в центре и пригороде города.

**🔻Кривой** **Рог**: поражен энергетический объект, в некоторых районах пропало электричество.

**🔻Харьковская** **область**: взрывы в **Харькове**, а также в Лозовском и Волчанском районах.

🔻В окрестностях молдавского города **Бричаны** на границе с Украиной найден разгонный блок ракеты. По предварительным данным, снаряд принадлежит украинскому комплексу ПВО С-300.

🔻Взрывы также произошли на неустановленных объектах в **Тернопольской**, **Винницкой**, **Черкасской**, **Хмельницкой** и **Кировоградской** областях.

Энергоснабжение полностью или частично пропало в Черкасской, Львовской, Николаевской, Сумской, Днепропетровской, Харьковской и Одесской областях. По всей стране намечаются длительные аварийные отключения электроэнергии. 

Сегодня акцент ударов был смещен по Одесской области, которая пострадала больше других регионов. Попадания в центральной и восточной Украине привели к обширным отключениям, масштабы которых пока не определены. 

Однако характер ударов вновь позволяет предположить, что целью были автотрансформаторы. Вероятнее всего, критический урон подстанциям по-прежнему не нанесен.

[**Инфографика в большом разрешении

**](https://rybar.ru/piwigo/upload/2022/12/05/20221205194730-41ff78af.jpg)[**English version

**](https://rybar.ru/piwigo/upload/2022/12/05/20221205194729-281674c0.jpg)#Россия #Украина #электричество
@rybar 

*__Поддержать нас:__ `5536 9141 9147 4885`",,,
26617,"Замглавы МИД РФ Сергей Вершинин заявил, что существенных сдвигов по выполнению части зерновой сделки, касающейся продвижения российских сельхозпродуктов и удобрений на мировые рынки, **не наблюдается**.

__«Сделка состоит из двух частей: по вывозу украинского зерна и по обеспечению доступа российских сельхозпродуктов и удобрений на мировой рынок. По второй части мы не видим существенных сдвигов, но мы будем вместе с ООН этого добиваться»__, — сказал он агентству ТАСС в понедельник.

Западные партнёры не выполняют свою часть договора, никогда такого не было и вот опять!",,,
26618,"Nicht Kapitulieren! — Зеленский в очередной раз заявил, что война может закончится только полным поражением одной из сторон. 

__«Что-то просто подписать с этими террористами – мира не будет. Что-то просто согласовать с ними – точно нарушат. Отдать России хотя бы что-нибудь из элементов безопасности других – означает новую войну»__, заявил Зеленский.",,,
26619,ВСУ. Бахмут. Потерь нет.,,,
26620,"Тотального отключения электроэнергии Украине не будет — генеральный директор Yasno Сергей Коваленко.

Пока не будет.",,,
26621,"Между Россией и Украиной нет никаких прямых переговоров по вопросу зоны безопасности вокруг Запорожской АЭС. РФ обсуждает возможные параметры декларации о создании зоны безопасности ЗАЭС с секретариатом МАГАТЭ, он пытается взаимодействовать с Киевом. 

Говорить, что согласие по приемлемому соглашению между РФ и Украиной по зоне безопасности вокруг ЗАЭС близко, **несвоевременно** — МИД РФ.",,,
26622,Ни о каком выводе Запорожской АЭС из-под контроля России или передаче контроля какой-то «третьей стороне» **не может быть речи **— МИД РФ,,,
26623,"Я думаю другие фото все уже посмотрели. 
Все более чем хорошо в данной ситуации. 
Повреждения самолёта минимальные. 
Людей жалко. Вот это да",,,
26624,"Кто нибудь, расскажите ебанатам что стабилизаторы заменят за пару дней.",,,
26625,"В результате террористического обстрела ВСУ центра Донецка погибли 4 мирных жителя и еще 4 человека получили ранения, сообщили в Штабе Теробороны ДНР",,,
26626,Следом за [Арахамией](https://t.me/voenacher/34777) и [Даниловым](https://t.me/voenacher/34816?single) о необходимости лишить Россию ядерного оружия высказался и советник главы ОП Подоляк,,,
26627,"❗[️](https://rybar.ru/piwigo/i.php?/upload/2022/12/05/20221205095202-34156b0e-xl.jpg)🇷🇺🇺🇦✈️ **О диверсиях на российских аэродромах**

Сегодня утром на двух аэродромах базирования стратегической авиации ВКС России в [**Энгельсе**](https://t.me/rybar/41710?single) и [**Рязани**](https://t.me/rybar/41711) произошли два взрыва. По некоторым данным, ВСУ [нанесли удар](https://t.me/sashakots/37484) переделанными реактивными беспилотниками Ту-143 «Стриж». 

Это не первые подобные атаки, однако по нескольким показателям они сильно отличаются от предыдущих.

▪️**Дальность**

Атаки на объекты в глубоком тылу вновь продемонстрировали возможности ВСУ поражать цели в глубоком тылу на большом удалении от линии соприкосновения.

Да, в октябре был [нанесен удар](https://regnum.ru/news/accidents/3718210.html) по аэродрому **Шайковка** в Калужской области. Но сейчас объекты находились на расстоянии в более, чем **500** км от зоны боевых действий.

▪️**Стратегический характер объектов и меры безопасности **

Украинские формирования нанесли удар по аэродромам с носителями ядерного вооружения. В __идеале__ меры по защите таких объектов должна находится на самом высоком уровне.

Как обстояли дела в __реальности?__ Судя по недавним коммерческим снимкам спутниковых операторов, в Энгельсе бомбардировщики Ту-95МС и Ту-160 в один ряд на одних и тех же местах. На фото не было видно ни подобий габионов, ни хотя бы попыток разнести самолеты друг от друга.

Все это делало дорогостоящую стратегически важную технику лакомой целью даже не для баллистической или крылаткой ракеты, но и просто **беспилотника-камикадзе** или вообще дрона с самодельным взрывным устройством. 

▪️**Репутационные издержки**

Удар по аэродромам носителей ядерного оружия — еще одно пересечение __«линии, за которую нельзя переходить»__. Западные союзники Украины будут внимательно смотреть на реакцию ВС РФ и действовать в соотвествии с ней. Например, в вопросе увеличения военных поставок и снабжения ВСУ.

🔻**Что в итоге?**

Сегодняшние события пополнили список аналогичных атак в последние месяцы. Так, в июле произошел мощный взрыв на аэродроме Саки в Крыму, в августе — атака беспилотниками объектов Черноморского флота в Севастополе, а в октябре — налет на базу стратегической авиации в Шайковке и [проникновение](https://t.me/milinfolive/92715) на авиабазу Веретье в Псковской области со взрывом двух Ка-52.

Что общего с ними у сегодняшнего налета? Абсолютно **все** эти эпизоды можно было предотвратить обычными мерами предосторожности и прикрытием ПВО. Для этого, __как ни странно,__ во многом достаточно было просто соблюдать требования соответствующих документов.

Удивительно, но спустя 10 месяцев СВО **никаких** выводов в вопросе обеспечения безопасности подобных стратегических объектов сделано не было.

Это приводит к тому, что с каждым разом удары наносятся по все более значимым целям. Можно просто вспомнить, что Ту-95МС в России **не производится вовсе,** а строительство всего одного Ту-160 занимает несколько лет. При утрате таких бомбардировщиков возместить потери просто не получится.

Так что может сыграть, наконец, на опережение и вместо [фотоотчетов](https://t.me/rybar/41629) заняться обеспечением охраны военных аэродромов? Это вполне реально, особенно при взгляде на уровень безопасности типичного более-менее крупного гражданского российского аэропорта. Вопрос лишь в желании.

[**Карта в большом разрешении**](https://rybar.ru/piwigo/upload/2022/12/05/20221205095202-34156b0e.jpg)

[**English version**](https://rybar.ru/piwigo/upload/2022/12/05/20221205095159-05d59848.jpg)

#авиация #Россия #Украина
@rybar

*__Поддержать нас:__ `5536 9141 9147 4885`",,,
26628,Во всех областях Украины вводятся аварийные отключения — Укрэнерго,,,
26629,По последним данным в результате обстрела общежития в Алчевске из РСЗО HIMARS погибли 10 гражданских и ещё 24 получили ранения.,,,
26630,"Судя по заявлениям Минобороны, сегодняшний ракетный удар был не актом возмездия, а эпизодом системной работы по военным объектам и энергосистеме Украины. 

И это очень хорошо.",,,
26631,"**Официальный комментарий Минобороны РФ по поводу атаки украинских беспилотникрв на российские аэродромы:**

— Утром 5 декабря киевским режимом, в целях выведения из строя российских самолетов Дальней авиации, были совершены попытки нанесения ударов реактивными беспилотными летательными аппаратами советского производства по военным аэродромам «Дягилево» в Рязанской области и «Энгельс» в Саратовской области;

— Средствами противовоздушной обороны ВКС России, летевшие на малой высоте украинские БПЛА были перехвачены. В результате падения и взрыва на российских аэродромах обломков реактивных беспилотников была незначительно повреждена обшивка корпуса двух самолётов;

— Трое российских военнослужащих технического состава, находившихся на аэродроме, получили смертельные ранения;

— Еще четверо военнослужащих, получивших ранения, доставлены в медицинские учреждения, где им оказана вся необходимая медицинская помощь;

— Несмотря на попытки киевского режима сорвать террористическим актом боевую работу российской Дальней авиации, сегодня около 15:00 часов (мск) по системе военного управления и связанным с ними объектам оборонного комплекса, узлов связи, энергетики и воинских частей Украины нанесен массированный удар высокоточным оружием воздушного и морского базирования;

— Цель удара достигнута. Все назначенные 17 объектов поражены;

— В результате удара нарушена переброска железнодорожным транспортом резервов ВСУ, иностранных вооружений, военной техники и боеприпасов в районы боевых действий.",,,
26632,В Одессе и Одесской области всё ещё нет света по большей части,,,
26633,В Сумской области также аварийные отключения электроэнергии,,,
26634,Взрывы в Херсоне.,,,
26635,Вечерний Владлен. 5.12.2022г.,,,
26636,Местные власти подтвердили ракетный удар по объекту энергетической инфраструктуры в Киевской области.,,,
26637,"Есть люди во власти которые хотят знать, что на самом деле происходит на фронте. Я вижу, что многие искренны, однако меня не перестаёт мучить вопрос: что они будут делать с этой правдой? 

Способны ли быстро адаптироваться под новые вызовы? Могут ли они сметать всё отжившее, старое? Или всё будет  заканчиваться разговорами за чаем и кофе... Посмотрим.",,,
26638,"Последствия вечернего обстрела жилых кварталов Донецка 

@WarInMyEyes",,,
26639,"В Киевской, Днепропетровской и на временно оккупированной части ДНР введены экстренные отключения света после обстрела критической инфраструктуры — ДТЭК",,,
26640,"Есть враньё, есть страшное враньё, а есть украинская статистика.",,,
26641,"Энергетическая система Украины работает и остается целостной. Были попадания по энергетическим объектам в Киевской, Винницкой, Одесской областях – премьер-министр Шмигаль.

Не дорабатываем, господа!",,,
26642,"Зеленский записал очень короткое видео, в котором заявил, что украинские средства ПВО сбили большую часть российских ракет сегодня, а энергетики уже приступили к своей работе. 

Вопрос только для чего тогда Украина постоянно системы ПВО выпрашивают, если и так прекрасно справляются 🤷‍♂️",,,
26643,"Какая неожиданность! 

https://t.me/warhistoryalconafter/73177",,,
26644,"ВСУ снова обстреляли поселок Тёткино в Курской области, пострадавших нет, зафиксирован 21 прилёт — губернатор Старовойт",,,
26645,"Маргарита, чтобы БПЛА мог унести мину 80 мм, он должен быть весом около десяти  килограмм. Это чудище   размахом метра два, с шестью двигателями. Я уже молчу, что на территории России вы эту мину в хозяйственном магазине не купите. 

Т.е. изделие должно быть весьма специализированным, большим, мощным и не так много людей в стране способно его собрать.

Я уже молчу, что специальные службы должны отслеживать оборот взрывчатых веществ.

Я к тому, что вы можете сейчас выкосить всех, кто коптеры собирает, ремонтирует, возит для армии. Но диверсантов вы этим не вытравите. Просто добьёте всё, что ещё шевелится в стране в области дронов и дроностроения.

 В результате Вашей инициативы  на всех блок-постах, на границах начнут кошмарить всё, что хоть как-то напоминает коптер. И всем службам будет сильно плевать, что с такими ТТХ диверсию не устроить. Кто-нибудь из энтузиастов ещё и уедет на несколько лет лес валить. 

https://t.me/margaritasimonyan/12465",,,
26646,"Путин во время поездки по Крымскому мосту акцентировал **важность сухопутной дороги**, которая соединяет Крым с остальной частью России, сообщили в Кремле",,,
26647,"Ким, почитай комментарии в укрочатах и реакцию людей на ролики с твоим довольным ебалом.",,,
26648,Путин проехал по отремонтированному Крымскому мосту,,,
26649,"Донецк сити, погиб гражданский 

@WarInMyEyes",,,
26650,"ВСУ снова обстреливают Донецк, в центре города включили тревогу. 

Не имея возможности наносить массированные удары по стратегическим объектам в тылу, они будут в отместку терроризировать мирное население.",,,
26651,"🇺🇦 **Последствия ударов ВС РФ по заводу в Кривом Роге

**Прошлой ночью российские войска нанесли ракетный удар по объектам инфраструктуры в **Днепропетровской области**. Один из прилетов пришелся по **металлургическому заводу** «АрселорМиттал» в Кривом Роге.

На фотографиях, распространяемых украинскими каналами, видно, что серьезные повреждения получил ремонтный цех завода. Предприятие [обладает](https://cfts.org.ua/news/2019/12/25/v_arcelormittal_krivoy_rog_rasskazali_skolko_teplovozov_u_kompanii_56730) большим парком тепловозов, и необходимой инфраструктурой для ремонта и обслуживания локомотивов.

Наши немецкие коллеги @Ubersicht_Ukraine_Kanal [пишут](https://t.me/Ubersicht_Ukraine_Kanal/21487?single), что работа завода была остановлена около недели назад после массированных атак на энергетическую инфраструктуру Украины.

▪️«АрселорМиттал Кривой Рог» (__бывший «Криворожсталь»__) является филиалом одной из крупнейших металлургических компаний Arcelor. В сентябре мы [писали](https://t.me/rybar/38814?single), что ввиду роста цен на сталь на европейском рынке, другим филиалам пришлось сократить производство на 80% и увеличивать закупки стальных заготовок из Кривого Рога. По данным @fifthrepublic, завод также [производит](https://t.me/fifthrepublic/6107) комплектующие для французских АЭС.

🔻Остановка завода и уничтожение ремонтных цехов не только подрывает тыловое обеспечение ВСУ, но и лишает украинский бюджет существенной части доходов от продажи металлургической продукции.

**Координаты:** `47.872418, 33.376118`

[**Инфографика в высоком разрешении**](https://rybar.ru/piwigo/upload/2022/12/05/20221205133424-88b02711.jpg)

#Днепропетровск #Украина #экономика
@rybar

__*Поддержать нас: __`5536 9141 9147 4885`",,,
26652,"Вышел сиквел блокбастера о польском тракторе!

__«По информации МВД Молдавии недалеко от города Бричаны обнаружен предмет, похожий на ракету».

__P.S. снова украинская зенитная ракета комплекса С-300, а точнее её разгонный блок.",,,
26653,"Сегодня был первый день с момента прошлого массированного удара, когда на Украине пытались вернуть графики почасовых отключений вместо аварийных",,,
26654,"Жители Донецка,  будьте аккуратны. Дикая свинья будет мстить",,,
26655,"Местные власти сообщили, что в Одессе удар пришёлся по двум объектам энергетики.",,,
26656,"Взрыв в Запорожье. 
В ближайший час будут еще прилеты.",,,
26657,"**Удары возмездия 3.0 — сводка по состоянию на 16:30 по московскому времени 05.12.2022

**Спустя 2,5 недели после последних ударов возмездия по Украине ракетный обстрел территории незалежной возобновился. Вероятно, этому поспособствовали сегодняшние [налеты](https://t.me/readovkanews/48248) беспилотников на аэродромы Дягилево (Рязанская область) и Энгельс (Саратовская область). Русские ракеты уже навлекли проблемы со светом, водой и газом в нескольких крупных городах.

**💥На данный момент известно о прилетах в:

**— Кировоградской области 
— Одессе 
— Одесской области
— Запорожье
— Запорожской области
— Виннице 
— Винницкой области 
— Харьковской области (Лозовский и Волчанский районы)

**⚠️Поражены инфраструктурные объекты в:

**— Одесской области (Одесская ТЭЦ-2, электроподстанции)
— Винницкой области 
— Днепропетровской области 
— Запорожской области 
— Кировоградской области (Кировоградская ТЭЦ) 
— Киевской области 
— Запорожье 

**⚡️Блэкаут в: 

**— Сумской области
— Николаеве 
— Харьковской области (частичный блэкаут)
— Житомире (частичный блэкаут)
— Одессе (частичный блэкаут)

**💧Проблемы с водоснабжением в:

**— Запорожье
— Житомире
— Одессе
— Сумах

Кроме того, из-за проблем с электричеством наблюдается серьезные задержки поездов по всей стране.",,,
26658,"В Одессе, Сумах и Житомире ложится интернет",,,
26659,Ещё кадры с горящей подстанцией в Одессе,,,
26660,"Взрыв в Харькове. 
По целям в области работают дальнобойные РСЗО",,,
26661,Помянем,,,
26662,"Херсон. Взрывы

Долетели вылетевшие ракеты из Джанкоя в Крыму.",,,
26663,"Хмельницкая область, также прилёты",,,
26664,Взрывы во Львовской области.,,,
26665,Обесточена вся Сумская область.,,,
26666,"Судя по географическому распределению видеофиксации, только в Одесской области СБУ ещё не всех жителей на бутылку посадили",,,
26667,"Горит подстанция в Одессе.
ПВО процюе...Или нет?

PS. Также прилеты в Тернопольской области.",,,
26668,По объектам в Виннице продолжает прилетать.,,,
26669,Прилет по объекту критической инфраструктуры в Одесской области,,,
26670,"Хохлы, у вас электриков дохера, все с молниями ходят. Хули вы без света то",,,
26671,Кривой Рог частично обесточен,,,
26672,В Сумах аварийное отключение электричества. Город обесточен,,,
26673,Повторные взрывы в Винницкой области,,,
26674,"Одесса, Житомир и Николаев частично обесточены.",,,
26675,Ракетные удары по объектам в Одессе.,,,
26676,В Киевской области и Одессе наблюдаются скачки напряжения после ракетных ударов.,,,
26677,"Одесса, на месте прилёта начался пожар",,,
26678,В Молдавии перебои со светом,,,
26679,"Новые взрывы в Киевской области, а также Николаеве.",,,
26680,Повторные взрывы в Одессе.,,,
26681,Днепропетровская область,,,
26682,"Хохлы, только без Паники!",,,
26683,Ракетный удар по объекту в Одессе.,,,
26684,Повторные взрывы в Кировоградской области.,,,
26685,Взрывы в Одессе.,,,
26686,"Уже даже хохло-каналы угарают с сообщений ""работает ПВО"", которыми засрана все ленты сеточки офиса президента. 

К слову, там строго настрого запретили снимать ВООБЩЕ ЧТО ЛИБО, даже с блюром.",,,
26687,«Честно спизжено»,,,
26688,Взрывы в Киевской области.,,,
26689,Крылатая ракета воздушного базирования Х-101 над Харьковом.,,,
26690,"Взрывы в Винницкой области, а также повторные в Черкасской.",,,
26691,АХАХАХАХАХАХ сука,,,
26692,Отхастоодиним бешеную свинью🫡,,,
26693,"Репарации поданы, хохлы-с",,,
26694,💥 Кировоградская область,,,
26695,"Хохлы привет, як там справы?",,,
26696,"Взрывы в Кременчуге Полтавской области, Черкасской области, и на оккупированной всу части ДНР.",,,
26697,Взрывы в Запорожской и Днепропетровской областях.,,,
26698,"На западной Украине тоже врубили тревогу. 

❗️ВСЕМ ПОЛЬСКИМ ТРАКТОРАМ СРОЧНО ПОКИНУТЬ ПРИГРАНИЧНУЮ ЗОНУ!",,,
26699,Взрывы в Харьковской и Полтавской областях.,,,
26700,Украина подняла в небо авиацию,,,
26701,"Состояние безопасности на евразийском пространстве во многом будет зависеть от исхода спецоперации — Генсек ОДКБ. 

Истинно так.",,,
26702,Тревога на большей части Украины и на временно оккупированных территориях России,,,
26703,"🇷🇺🇺🇦 [Кадры](https://t.me/warhistoryalconafter/73086), как сами можете видеть, летние или весенние, но ранее не публиковались. 
Итого:

1️⃣ Двухкоординатная РЛС П-18 - промах, кумулятивная струя прошла по воздуху, повреждения минимальные. 

2️⃣ Трехкоординатная РЛС СТ-68 - попадание, уничтожена антенная система. 

3️⃣ Семь (СЕМЬ) машин комплекса С-300 едут колонной, два дрона - оба мимо. 

Война История Оружие
[Подписаться на канал](https://t.me/warhistoryalconafter)",,,
26704,"Путину доложено о взрывах на аэродромах в Саратовской области и под Рязанью, сообщили в Кремле",,,
26705,"Сегодня открыли движение по отремонтированной автомобильной части Крымского моста. 

На замену четырех обрушенных  пролетов и их асфальтирование после диверсии 8 октября потребовалось меньше двух месяцев.",,,
26706,Немного позитивных новостей. По многочисленным просьбам Минобороны РФ организовало  систему по доставке писем нашим бойцам на фронте.,,,
26707,"**Минобороны России организовало доставку почтовых отправлений военнослужащим, выполняющим задачи в ходе проведения специальной военной операции

**◽️ В целях обеспечения пересылки личных писем военнослужащих, выполняющих задачи специальной военной операции, воинские части, в которых они проходят службу, прикреплены к подразделениям фельдъегерско-почтовой связи.

📦✉️ Родственники военнослужащих могут направлять свои письма, а также посылки, через ближайшие отделения «Почты России» по адресу: «103400, город Москва-400, номер воинской части».

◽️ Адреса воинских частей можно узнать от самих военнослужащих или в военных комиссариатах по месту призыва.

📝 Военнослужащие также имеют возможность отправить личные письма домой. Для этого каждый военнослужащий будет обеспечен почтовыми конвертами и письменными принадлежностями.

📱 @mod_russia",,,
26708,"В Кремле прокомментировали нефтяные санкции Запада, которые вступили в силу сегодня:

— РФ не будет признавать никаких «потолков цен» на энергоресурсы;

— Россия готовит ответ на введение Евросоюзом потолка цен на российскую нефть;

— Введение рядом стран «потолка цен» на российскую нефть не скажется на финансировании и ходе специальной военной операции.",,,
26709,"Согласно Указу Президента Российской Федерации от 02.06.2020 года №355 «Об основах государственной политики Российской Федерации в области ядерного сдерживания...
ст. 19 «Условиями, определяющими возможность применения Российской Федерацией ядерного оружия, являются:
...
в) воздействие противника на критически важные государственные или военные объекты Российской Федерации, вывод из строя которых приведёт к срыву ответных действий ядерных сил;
...»

Другими словами, согласно действующего Законодательства российской Федерации, после атаки на Самолёты стратегической авиации, **Россия имеет все законные основания к применению ядерного оружия. 

**@NeoficialniyBeZsonoV",,,
26710,"Целью ночного ракетного удара стал завод «АрселорМиттал Кривой Рог» (бывший «Криворожсталь»), крупнейшее горно-металлургическое предприятие Украины. 

Гауляйтер Кривого Рога Вилкул сообщил, что по предприятию прилетело 3 ракеты.",,,
26711,"Есть альтернативное решение.

Признать спутниковые снимки Maxar иностранным агентом и завести на них уголовное дело за дискредитацию ВС РФ.",,,
26712,Ответом на малейший выпад врага в нашу сторону должно быть вбамбливание врага в каменный век. Только так с нашей позицией будут считаться. Именно этим и стоит заняться.,,,
26713,"В очередной раз поднимаю вопрос солдат срочников несущих службу в Белгородской области.

Формально парни находятся на территории России. Но неформально они участники боевых действий. Ибо находятся на границе. Если кто-то из высших чиновников считает что нахождение солдат срочников на границе это ""ничего опасного"" просто приедьте в Муром Шебекинского района, или в Журавлевку Белгородского района или в Новостроевку Вторую Грайворонского района или с. Борки Валуйского района, в которых на позициях несут службу солдаты срочники.

Граница с сентября этого года в Белгородской, Курской и Брянской областях стала линией фронта. Парни стойко несут службу наравне с контрактниками и добровольцами. Но статус ветерана боевых действий не получают (как и добровольцы и контрактники). Этот пробел можно исправить, если признать приграничные районы этих областей зоной СВО. Я знаю срочников, которые пробыли на границе 9 месяцев. Считаю этих парней достойными статуса ветерана, потому что они несут службу наравне с пограничниками и контрактниками.",,,
26714,"""Огромное небо, огромное небо""...",,,
26715,"Они хохочут.
Реально, представляете себе уровень децибелл хохота в штабах США?

Стратегические ядерные силы России можно долбануть копеечными беспилотниками.
Стратегические ядерные силы России никак не прикрыты.
Стратегические ядерные силы России беспомощны.

60-летний страх Карибского кризиса исчез, испарился, отомщён.
Чего бояться?
Удара стратегических ракетоносцев Ту-95 и Ту-160?
Так они никак не защищены, свалены в кучу, не прикрыты ПВО, со спутников, как на ладони.

А чем заняты лётчики?
Они замордованы фотоотчётами.
А чем заняты техники?
Они замордованы покраской травы и экономией дизельного топлива.

Сегодня США избавились от страха перед русскими стратегическими ядерными силами.

Они ликуют.

Это цена покраске травы.",,,
26716,"Число погибших мирных жителей в результате обстрела Алчевска со стороны ВСУ возросло до девяти человек, поисково-спасательные работы продолжаются — подполковник НМ ЛНР Марочко",,,
26717,"""Огромное небо, огромное небо....""",,,
26718,"А я напомню, что стратегическая авиация (крылатые ракеты Х-55 и Х-102 в ядерном оснащении на Ту-160/95) это составная часть ядерной триады наравне с межконтинентальными баллистическими ракетами сухопутного базирования, и подводными атомными крейсерами носителями МБР. 
То есть, сегодняшняя диверсия = атака базы стратегических подлодок, или ангаров с Ярсами.

А вы думали превентивный удар может быть только баллистическими ракетами из за океана ?! Как бы не так.",,,
26719,"Террористы из ВСУ сегодня утром нанесли удар по общежитию в Алчевске в ЛНР, которое использовалось как пункт размещения беженцев и строителей, приехавших восстанавливать Донбасс. 

По предварительным данным 3 человека погибли и еще 15 получили ранения.",,,
26720,"Тусовка на Энгельсе.

Габионов нет, все в кучу для красивых фотоотчётов. 

Хохлы же тупые, ну.",,,
26721,"Ну что, нет ничего такого, что песни учим да? Что фотоотчеты по нескольку часов, да?",,,
26722,"А [комментариев и не будет](https://t.me/voenacher/34875), щас хохлы подождут когда Maxar снимки сделают и всё.

Героя Украины тому гению, что стратегическую авиацию 10 месяцев в кучу собирает, и думает что на дальних аэродромах никакой  системы габионов и обвалки даже и не нужно, хохлы то тупые, так им эксперт Леонков сказал и Баранец.",,,
26723,Последствия ночного прилёта по промышленному объекту в Кривом Роге,,,
26724,"Пишут, что беспилотник атаковал также аэродром Энгельс в Саратовской области. Прозвучал взрыв. Пока официальных комментариев нет.",,,
26725,"🇷🇺🇺🇦** Хроника ударов и взаимных обстрелов в зоне СВО за ночь с 4 на 5 декабря 2022 года

**▪️В **Харьковской** **области** российские войска нанесли удары по позициям противника в **Тимофеевке**, **Стрелечьей**, **Волчанске** и **Огурцово**.

▪️На **Старобельском** **направлении** ВС РФ поразили скопления живой силы и бронетехники украинских формирований в **Табаевке**, **Берестовом**, **Вишневом** и **Макеевке**.

▪️В ночные часы российские войска нанесли удары по складу ВСУ в **Краматорске**, на объекте произошла произошла детонация боеприпасов.

▪️На **Бахмутском (Артемовском) направлении** российские ракетные войска и артиллерия отработали по местам сосредоточения противника в **Бахмуте**, **Соледаре **и** Клещеевке**. 

▪️В **Луганской Народной Республике** ВСУ выпустили ракеты из РСЗО HIMARS по гражданской инфраструктуре в **Алчевске**.

▪️На Донецком направлении ВС РФ отработали по позициям противника в **Авдеевке**, **Красногоровке** и **Первомайском**.

В свою очередь, украинские формирования из ствольной и реактивной артиллерии обстреляли **Донецк** и **Горловку**: повреждены жилые постройки и гражданские объекты, в том числе Храм Рождества Христова. Пострадало два мирных жителя, один из них подросток.

▪️На** Южнодонецком направлении** российская артиллерия нанесла удары по скоплениям сил противника в **Золотой** **Ниве**, **Угледаре** и **Новомихайловке**.

▪️В **Запорожской области** ночью российские войска поразили промышленный объект в **Запорожье**, а также отработали по позициям ВСУ в **Новоданиловке** и **Гуляйполе**.

▪️В **Днепропетровской области** ВС РФ в ночные часы нанесли удары по инфраструктурному объекту в Кривом Роге, на месте прилета возник пожар.

▪️На **южном участке фронта** российские войска отработали по целям в **Херсоне**.

Украинские формирования обстреляли жилые постройки в **Голой** **Пристани**. 
#дайджест__ __#Россия__ __#Украина__ 
__@rybar__ 

*Поддержать нас__: `5536 9141 9147 4885`",,,
26726,"На аэродроме под Рязанью загорелся бензовоз, произошел взрыв, погибли 3 человека и еще 6 пострадали — РИА Новости",,,
26727,"В отношениях между США и Европой произошла «рассинхронизация» на фоне проблем в энергетическом секторе, заявил президент Франции Эмманюэль Макрон в интервью CBS.

По его словам, между ЕС и США образовался «большой разрыв» ввиду того, что европейцы покупают нефть и газ у американцев, но цены для потребителей в США и Европе разнятся: для потребителей в ЕС они в шесть раз выше, чем для американцев. Это влияет «на покупательную способность и конкурентоспособность» двух обществ, подчеркнул Макрон.

__«Я хочу, чтобы мы были союзниками, я хочу, чтобы мы были друзьями, я хочу, чтобы мы были партнерами. Я хочу сотрудничать с США, но я не хочу быть зависимым»__, — отметил Макрон.

Простите, но это очень смешно.",,,
26728,"Мэр Донецка Алексей Кулемзин опубликовал фотографии Храма Рождества Христова, серьезно пострадавшего в результате ночного отстрела террористами из ВСУ",,,
26729,За прошедшие сутки на территории ДНР от украинских обстрелов 12 мирных жителей получили ранения — Штаб Теробороны ДНР,,,
26730,"Последствия ночного обстрела Ворошиловского района Донецка из РСЗО «Град»

Фото от @WarInMyEyes",,,
26731,Террористы из ВСУ ночью снова нанесли удар по центру Донецка,,,
26732,Также Кривой Рог. На видео звук пролёта ракеты (возможно Торнадо-С ) и последующие взрывы.,,,
26733,Глухие звуки и вспышки от взрывов в Кривом Роге. Всего сообщают о трёх прилётах. На месте задымление,,,
26734,💥Взрывы в Кривом Роге.,,,
26735,"Местные власти заявили, что удары в Запорожье пришлись по объектам промышленной и энергетической инфраструктуры.",,,
26736,💥Сильные взрывы в Запорожье.,,,
26737,"БК продолжает рваться. 
Знатно попали.",,,
26738,Ещё кадры из Краматорска. Попали по складу с боекомплектом. Идёт процесс фейерверков,,,
26739,"Краматорск. Звуки прилётов

обн. Возможно вторичная детонация боеприпасов после удара. Район промзоны",,,
26740,💥Сильный взрыв в Краматорске.,,,
26741,"Вечерний Владлен. 4.12.2022г

- Бахмут.
- Сватово-Кременная.
- Бесы на лице страны.
- Госпиталя.",,,
26742,Кладбище салопоклонников в Кривом Роге. Судя по флагам хоронят местного азербайджанца.,,,
26743,"Москва **не демонстрирует** в настоящее время заинтересованности в дипломатическом взаимодействии по ситуации вокруг Украины — госсекретарь США Блинкен.

А оно нам надо?",,,
26744,"К вопросу особенностей национальной охоты на ЗРК противника. 

Предлагаем посмотреть на данный отрывок интервью пилота истребителя Су-35С. Во время боевого вылета им была обнаружена радиоизлучающая цель, прежде чем выполнить пуск по которой пилоту пришлось сначала докладывать на командный пункт и согласовывать свои действия, дожидаться разрешения и лишь затем действовать. Эта проблема системна.

Противник же действует в засадном режиме, включая РЛС своих комплексов на небольшой промежуток времени, необходимый для обнаружения российского самолета или подствета цели для пуска, а затем либо сразу работает, либо выключается и покидает позицию. Каждая секунда промедления российских пилотов на согласование своих действий лишает их шанса на поражение ЗРК противника и подставляет их самих под удар. 

Подобные согласования имели бы смысл только во время постоянно и динамически меняющейся линии фронта, как в первые дни, для исключения дружественного огня, однако в случае уже давно устоявшихся позиций лишение пилотов самостоятельности в принятии решений преступно и неэффективно.

@milinfolive",,,
26745,"К слову, за две недели они до сих пор не вышли на стабильные графики почасовых отключений. Даже очень жёсткие. 

После следующего удара будет очень больно.",,,
26746,"На Украине сегодня весь день включают и отключают воздушные тревоги. 

Спикер_ка оперативного командования «Юг» Наталья Гуменюк говорит, что массированный ракетный удар по Украине может быть завтра. А может и нет. Может быть во вторник, в среду, в четверг... Может быть вообще в любой день, поэтому надо быть готовым. 😏",,,
26747,"Быть воином, жить вечно!",,,
26748,Артиллеристы 4 бригады 2 АК ЛНР работают по позициям ВСУ в районе Берестового.,,,
26749,"ВСУшники подловили наш Ка-52 с помощью ЗРК Бук.

Проблема советских комплексов ПВО не решена до сих пор.",,,
26750,"**Глава Офиса президента Украины Андрей Ермак подтвердил информацию о попавших в окружение грузнисних наёмниках.
**
""__В последние дни в окружении под Бахмутом оказалась группа воинов, наших украинцев и грузинских добровольцев из 57-й бригады. Известно о раненом грузинском командире и пяти погибших грузинских бойцах. Они под Бахмутом сражались за свет против тьмы__"", - написал он в своем Телеграме.",,,
26751,"Секретарь СНБО Украины снова разбушевался. Следом за [Арахамией](https://t.me/voenacher/34777) он заявил, что лучшей гарантией безопасности для мира будет отсутствие ядерного оружия у России. Ну и ещё раз повторил стандартную мантру про трибунал для России.

Но в одном Данилов прав, время подковёрной дипломатии действительно прошло. Вопрос с украинской государственностью нужно решить раз и навсегда.",,,
26752,"Архивное фото первых дней СВО. Колонна ВДВ и спецура ФСВНГ на одном из направлений.

@specpro",,,
26753,"Главные заявления вице-премьера Александра Новака:

— Страны ОПЕК+ подтвердили старое решение о сокращении добычи нефти на 2 млн баррелей в сутки;

— Потолок цен на нефть является неприемлемым, Россия не будет поставлять в страны, которые его введут;

— Россия прорабатывает механизмы, которые позволят избежать поставок нефти в страны, которые введут ценовой потолок;

— РФ будет поставлять нефть и нефтепродукты только на рыночных условиях, даже если придется сократить добычу.

Понедельник будет весёлый, судя по всему.",,,
26754,"Одному глупому лампасу на заметку, толку от Х-31 за 100+км - нет.",,,
26755,"Во Львовской области победили очередной памятник героям Великой Отечественной войны. 

У местных нынче совсем другие герои...",,,
26756,"Иран в понедельник примет участие в 15-м заседании Парламентской ассамблеи ОДКБ в статусе наблюдателя — ТАСС.

Делегация Ирана во главе с председателем комиссии по нацбезопасности и внешней политике Вахидом Джалалзаде уже прибыла в Москву. В планах у делегации также провести переговоры с российскими коллегами.",,,
26757,💥 Взрывы во временно оккупированном Херсоне,,,
26758,"Российские войска ведут успешные наступательные действия в районе Артемовска в ДНР, сообщает Минобороны России",,,
26759,Последствия сегодняшнего обстрела Куйбышевского района Донецка,,,
26760,"Также в Белгородской области под обстрел попало село Красное, а в Курской области — хутор Кучерово. Пострадавших нет.",,,
26761,"Утром ВСУ обстреляли город Алчевск в ЛНР из РСЗО HIMARS (выпущено 4 ракеты), повреждено общежитие техникума",,,
26762,"ВСУ обстреляли сегодня село Гуево Суджанского района — губернатор Курской области Старовойт. 

Зафиксировано не менее 15 прилётов, пострадавших нет.",,,
26763,"США сосредоточатся на теме поставок иранского оружия в Россию и на поддержке протестующих в стране, а не на зашедших в тупик переговорах по возобновлению международной ядерной сделки — Bloomberg.

__«Иран не заинтересован в сделке, и мы сосредоточены на других вещах. Прямо сейчас мы можем изменить ситуацию, пытаясь сдержать и сорвать поставки оружия России и пытаясь поддержать фундаментальные устремления иранского народа»__, — заявил спецпредставитель США по Ирану Роберт Малли. 

По его словам, сейчас США стремятся «сорвать, задержать, сдержать и ввести санкции» на поставки оружия в Россию из Ирана. Предоставление ракет или помощь в строительстве объектов военного производства в России «перешло бы новые границы», добавил Малли.",,,
26764,"Террористы из ВСУ снова обстреляли Куйбышевский и Киевский районы Донецка из РСЗО «Град». Ранения получили 4 мирных жителя, включая ребёнка.",,,
26765,"Власти Ирана после прокатившейся по стране волны протестов объявили об упразднении полиции нравов — СМИ со ссылкой на заявление генерального прокурора Ирана.

Ранее сообщалось, что Тегеран может пересмотреть действующий с 1983 года закон об обязательном ношении хиджаба иранскими женщинами.",,,
26766,"Сегодня с самого утра противник ведёт атаки в направлении Площанки ( фронт в районе Кременная-Сватово), опираясь на балку Журавка. Очень активно работает артиллерия хохла, ВСУ бросает в бой большое количество личного состава.",,,
26767,"Бойцы батальона «Сомали» и 11-го полка 1-го АК отбили попытку ВСУ прощупать фронт в районе Водяного. Сперва в направлении позиций наших войск отработали НАРами с кабрирования звено из трёх украинских вертолётов, затем в атаку пошла механизированная колонна в составе двух Т-64БВ, БМП-2 и «Шилки». Метким огнем была подбита БМП, после чего противник отступил. 

Репортаж военкора Андрея Филатова @FilatovCorr",,,
26768,"Народный Совет ДНР планирует принять новую конституцию Республики до конца года.

«Планируется завершить все юридические процессы в ближайшее время, чтобы до конца года принять новую Конституцию Донецкой Народной Республики уже как субъекта Российской Федерации», — сообщил Председатель Народного Совета ДНР Владимир Бидёвка.",,,
26769,💥 Сообщают о взрывах во временно оккупированном Покровске (Красноармейске) на подконтрольной Киеву части ДНР,,,
26770,"**По Артемовску. 

**На утро продолжались ожесточенные бои за Опытное, которое является ключом к Артемовску. Противник спешно перебрасывает туда подкрепления для пополнения сильно потрепанных частей.
Наши закрепляются в районе Курдюмовки и Андреевки. Все контратаки противника в этом районе были отбиты. Противник продолжает укреплять оборонительные позицию у Часов Яра. Но пока не взята Клещеевка, серьезного движения на Часов Яр можно не ожидать. 
В восточной части Артемовска без изменений - фронт проходит в районе промки на окраинах. 
Информацию о взятии Подгорного (поселок рядом с северо-восточными окраинами Артемовска) пока официально не подтверждают (фото/видео оттуда нет - ждем дополнительную информацию). 
Противник продолжает подтверждать информацию о тяжелейших ежесуточных потерях в Артемовске и Опытном. При этом судя по возросшему кол-ву сообщений об уничтожении иностранных наемников, как и во время боев за Северодонецк, противник бросил в бой существенное кол-во наемников, дабы подкрепить колеблющиеся части ВСУ.",,,
26771,"ВСУ обстреляли село Тишанка Волоконовского района — Гладков. 

Пострадавших нет, разрушено нежилое здание.",,,
26772,"**«Путин не должен победить, но Зеленский не должен выиграть слишком много»**, — с таким заголовком вышла любопытная [статья](https://time.com/6237910/putin-zelensky-ukraine-war-escalation/) издания Time.

В ней говорится, что в настоящее время на Западе всеми силами стараются найти способ урегулировать конфликт на Украине. Для США и их союзников важно не допустить победы Путина на Украине и при этом не быть самим втянутыми в вооруженное противостояние, что приведёт к катастрофическим последствиям. 

«Кто хотел бы умереть за Киев? Или замерзнуть, пока Россия сокращает поставки газа в Европу до тонкой струйки?», — говорится в статье. 

В статье прямым текстом говорится, что выстроенная Западом система миропорядка не допускает кардинальные изменение статуса-кво в мире. Россия же бросила вызов этой системе. Запад не может принять территориальные приобретения России, так как это разрушает устоявшийся миропорядок и создаёт прецедент для других амбициозных держав, вроде Китая и Ирана.

Поэтому задача для Запада — максимально истощить Россию и вынудить её вернуть всё как было.",,,
26773,Работа РСЗО «Торнадо-Г» в зоне СВО,,,
26774,За прошедшие сутки на территории ДНР от украинских обстрелов 4 мирных жителя получили ранения — Штаб Теробороны ДНР,,,
26775,💥В Запорожье повторные взрывы.,,,
26776,Арахамия предлагает капитулировать,,,
26777,Звуки прилётов по целям в Запорожье.,,,
26778,💥 В Запорожье взрывы,,,
26779,Обстановка у ВСУ в Бахмуте,,,
26780,"🇷🇺🇺🇦 **Штурм застройки Первомайского под Донецком**

Канал **RT на русском ****@rt_russian** продолжает публиковать эксклюзивные кадры боев с Донецкого направления. На этот раз в объективы камер военкора **Андрея Филатова** [попал штурм](https://t.me/rt_russian/138991) **Первомайского** силами 11 полка НМ ДНР.

Малоэтажная застройка населенного пункта превращена в сплошные руины. Тем не менее, зачищать приходится каждый дом: без этого наступление невозможно. На видео как раз один из моментов штурма развалин в частном секторе. 

Российский военнослужащий оказывается буквально в 10 метрах от бойца ВСУ, ведущего огонь из погреба. Оператор коптера вовремя замечает противника и дает указание закидать его гранатами. Судя по фоновому радиообмену, далее по выявленной цели начали работать средства усиления.

**Координаты:** `48.072730, 37.643075`

Филатов также рассказывает о другом эпизоде, где военнослужащий 11 полка с позывным «Гид» первым под огнем добежал до огневой точки противника и попытался уничтожить засевших там **семерых** членов украинских формирований. Это стоило ему жизни, однако благодаря подвигу сослуживцы смогли подобраться к дому.

Во время проверки здания притворившиеся мертвыми бойцы ВСУ открыли огонь и ранили одного из военнослужащих. В кадр попал момент его эвакуации на носилках в тыл. После этого ВС РФ зачистили строение окончательно.

🔻Видео показывает всю сложность боев в малоэтажной застройке. Наступающие находятся как на ладони, что значительно усложняет наступление. Даже зачистка укрытия противника **не гарантирует продвижения:** штурмовой группе могут обрубить огнем пути снабжения и заставить уйти с занятой позиции.

Самый верный способ избежать таких боев — **глубокие прорывы фронта,** когда под угрозой окружения ВСУ будут __вынуждены__ уходить с насиженных с 2014 года рубежей обороны.

При ином раскладе придется __очень__ долго метр за метром прогрызать украинскую оборону для освобождения российской территории.
#Донецк #Первомайское #Россия #Украина
@rybar

*__Поддержать нас:__ `5536 9141 9147 4885`",,,
26781,По большому счету нет разницы по какому установленному потолку цен не будет поставляться российская нефть в Европу,,,
26782,"Пан Зеленский недоволен одобренным Евросоюзом ценовым потолком в 60 долларов за баррель на российскую нефть вместо потолка в 30 долларов, на котором настаивала Польша и страны Прибалтики. Сказал, что это несерьёзно ~~и приказал переделать~~.",,,
26783,💥В Херсоне гремят взрывы.,,,
26784,Вечерний Владлен. 3.12.2022г,,,
26785,💥Взрывы во временно оккупированном Херсоне,,,
26786,"Почитал комментарии после поста об очередном пленном всушнике ( у уважаемых Повернутых на войне). Так вот, многие из комментаторов усомнились, что пленных много и что на самом деле положение хохла на данном участке фронта хорошее, потерь практически нет. 
Ну вот вам ещё пленные хлопцы, можете послушать, что они говорят про своё командование. 

На самом деле несмотря на то, что у ВСУ инициатива, несмотря на постоянные пополнения, хохол несёт большие потери и зачастую плен для солдат ВСУ, это спасение от безумных приказов украинского командования.",,,
26787,"Лукашенко заявил, что белорусские и российские военные готовятся как единая армия, чтобы отразить любую агрессию. 

Он заверил Шойгу, что Белоруссия готова выполнить свои обязательства в рамках имеющихся договоренностей с РФ.",,,
26788,"Очередной пленный Всушник на участке фронта Сватово-Кременная. За последние дни на пленных богатый улов и это несмотря на то, что пытаются наступать именно хохлы. 

Связано это прежде всего с тем, что генштаб ВСУ с упрямством осла бросает свои подразделения в атаку, надеясь пробить нашу оборону на данном участке. Атаки отбиваются, хохол оставляет убитых и раненых на поле боя. Многие этого не выдерживают и сдаются в плен. 

Поэтому ещё раз повторю, верьте Урсуле фон дер Ляйен в оценке потерь Украины, а не Арестовичу. Только за две недели хохол на небольшом участке фронта безвозвратно потерял 3-4  сотни солдат. Что уж говорить про бои под Бахмутом, где идёт самая настоящая мясорубка.",,,
26789,"Шойгу прибыл в Дворец Независимости, проведёт встречу с Лукашенко",,,
26790,"«Республика Беларусь была и остаётся нашим надёжным партнёром. Это особенно важно сегодня, в условиях беспрецедентного давления коллективного Запада и необъявленной войны против наших стран», — Шойгу.

Шойгу также напомнил, что в настоящее время в соответствии с решением президентов двух стран на территории Белоруссии проводятся мероприятия боевого слаживания российских и белорусских соединений и воинских частей, назначенных в состав региональной группировки войск.",,,
26791,"🇺🇳🇷🇺🇺🇦Не впервые сталкиваюсь с тем, что некоторые каналы то ли по глупости, то ли намеренно обрезают новости. Причем обрезают самое интересное и так, что выходит какой-то бред. В случае с Запорожской АЭС прямая речь Гросси [звучит](https://www.rbc.ru/politics/03/12/2022/638b383e9a79473a5d3efedd?utm_source=yxnews&utm_medium=mobile) так:
«Вывод вооружений с электростанции — это то, о чем просят украинцы, что понятно с их точки зрения. И это в любом случае будет частью общего соглашения». 
По-другому звучит. А вот дополнение: «Россия «не против соглашения и принципа защиты станции»
То есть, МАГАТЭ по фану готовят какое-то соглашение, но украинцы требуют вывода войск со станции, а русские «просто готовы говорить», то есть просто стоят на своем. А «станет в любом случае частью соглашения» означает, что это МАГАТЭ когда-то там внесут в документ. На этом про Запорожскую АЭС всё.",,,
26792,"Минобороны Беларуси сообщило, что с Минобороны РФ подписан протокол в соглашение о совместном обеспечении региональной безопасности в военной сфере",,,
26793,Министр обороны России Сергей Шойгу прибыл в Минск на переговоры с министром обороны Белоруссии Виктором Хрениным — БелТА,,,
26794,"Про Запорожскую АЭС все сейчас объясню.

Хороший русский мужик из Подмосковья написал моему другу и брату Владлену Татарскому, что у него есть УАЗ и он готов передать фронту. 

А Владлен позвонил мне, потому что знает, что я собираю помощь мобилизованным из моего депутатского округа. А мобилизованные очень обрадовались, что у них будут лишние колеса.

Но УАЗ поедет на фронт не просто так. Туда (ну ещё в грузовик) погрузят бензопилы, генераторы, буржуйки, обогреватели, тёплые куртки, еды (пайки есть, но хочется чего-то обычного). И прочее, что сейчас закупят.

А закупки сделают на деньги, которые собраны по знакомым. Я не обявлял отдельный сбор, просто позвонил нескольким товарищам, и мы быстро раздобыли 450 тысяч. А ещё 200 нашли родные мобилизованных. Уже все заказано, в ближайшие дни купим, и скоро отвезём.

А до этого мы купили нашим московским мужикам рации, коптеры и тепловизоры. А мэрия столицы обеспечила бронежилетами, обувью, нательным бельём, спальниками.

Вот такая вот история про Запорожскую АЭС. Причём тут атомная станция спросите вы? 

Люди, которые собирают для фронта деньги  и вяжут носки (плетут маскировку, шьют носилки, делают консервы), которые покупают и передают бесплатно, которые не убежали от мобилизации, а пошли в окопы, их родные и близкие, военные, что на фронте с первых дней, и их родные, вообще все те наши люди, кто не остался в стороне и преодолевает трудности вместе со страной - это уже не те люди, что были до 24 февраля. Это настоящие граждане новой России.

Они чувствуют свою сопричастность к судьбе страны. И им нужны объяснения. Вариант ""мы там договорились, но вас не  касается о чем и почему, и почему стране это нужно"" им не подойдёт. 

У людей есть вера в Победу, но они могут потерять веру в то, что победа нужна и на самом деле всем. 

Если мы на высоком уровне говорим о том  что Западу верить  нельзя, что его обещания дешевле куска кизяка, то почему глава МАГАТЭ нам вдруг сообщает, что есть уже договорённости по АЭС? Кто с кем и о чем решал?
Нет, понятно, всякие там разговоры больших и влиятельных о серьёзном и не публичном.

Только наше будущее зависит в первую очередь от того, что думает про эти высокие  договорённости простой русский мужик, который фронту передаёт личный УАЗ, потому что у него сердце за своих болит. Как он, со своим нынешним мировоззрением эти договорённости воспринимает. Как успех дипломатии, успех России, на, прости Господи, внешем треке? Или как-то иначе?

Вот те, кто принимают решения, должны уже начать это все понимать. 

https://t.me/vysokygovorit/10156",,,
26795,Разведчики 3-го гвардейского батальона спецназа 1-го АК уничтожили в ночное время суток расчёт СПГ-9 и группу живой силы противника в районе Водяного,,,
26796,"Только что дали отбой тревоги на востоке Украины и тут же включили новую. 

Русская рулетка продолжается, пока что игроку везёт... 😏",,,
26797,"С этого года Европа будет жить без российской нефти — постпред РФ Ульянов о ценовом потолке ЕС на нефть.

Ну дай Бог, если так.",,,
26798,"Серия взрывов во временно оккупированном Краматорске, предположительно нанесён удар по СКМЗ",,,
26799,"Сегодня снова оживилась тема ЗАЭС. Озвученные параметры пока совпадают с тем, что заявляли представители МИД РФ после переговоров в Турции - прекращение обстрелов станции и действий ДРГ рядом со станцией. РФ в ответ выводит с территории ЗАЭС тяжелое вооружение и не обстреливает ВСУ с территории станции. На станции остается российская охрана с легким вооружением.
Тут вопрос в том, что как и все предыдущие сделки, даже если и и будет заключена, она несомненно будет нарушена. Очень не хотелось бы ситуации, чтобы потом вышел на камеру какой-нибудь чиновник и заявил, мы думали будет так, а нас опять обманули.",,,
26800,"Просто, если вы чёт мутите, переговоры там, то можно с народом России поделиться нашей выгодой, нашими условиями, а не держать его за стадо баранов?",,,
26801,На грабли наступать не бросим - один четыре...,,,
26802,"__Вывод вооружений с Запорожской АЭС, которого требует Украина, будет частью соглашения Киева и Москвы с МАГАТЭ — заявил директор агентства Рафаэль Гросси в интервью La Repubblica.__

Ранее в «Росатоме» заявляли, что на территории ЗАЭС не будет располагаться тяжёлая техника, только охрана станции с лёгким вооружением.

Главный вопрос — отведёт ли Украина артиллерию из Никополя, откуда ВСУ обстреливают ЗАЭС? Опыт «Минских соглашений» показал, что очень вряд-ли...",,,
26803,"Литва отремонтировала и передала Украине еще две гаубицы PzH2000 с боеприпасами, — министр обороны Литвы Анушаускас",,,
26804,**Авиационное предприятие ОАК в Комсомольске-на-Амуре (ПАО «ОАК» входит в Госкорпорацию Ростех) изготовило и передало Минобороны России очередную партию новых самолетов Су-35С.**,,,
26805,💥Звуки взрывов в Никополе Днепропетровской области. Прилёты также зафиксированы и во временно оккупированном всу Краматорске ДНР.,,,
26806,"**В ОГНЕ РОЖДАЮТСЯ НОВЫЕ СМЫСЛЫ** 
 
Мы часто смеемся над попытками свидомых украинцев отказаться от того, что они являются неотрывной частью общей русской истории и нарисовать новую историческую картину, в которой они будут от начала самостоятельным и независимым народом. Много статей на эту тему написали наши авторы и продолжают разбирать корни исторических мифов современной Украины. Но аналогичная проблема есть и у нас в России. И, забегая вперёд, отмечу: в ходе СВО мы видим, что эту проблему можно преодолеть. 

https://telegra.ph/RADIKALNYE-UBEZHDENCY-12-02",,,
26807,"Глава Евросовета заявил, что конфликт на Украине отражается на США меньше, чем на ЕС.

__«Влияние конфликта на США не такое, как на Европу. США являются экспортером энергоресурсов. ЕС страдает от высоких счетов, мы рискуем столкнуться с экономической рецессией. Европейские предприятия платят больше за энергию и сталкиваются с конкуренцией со стороны американских предприятий»__, — сказал Шарль Мишель в интервью газете Corriere della Sera.

В Европе начинают что-то подозревать...",,,
26808,"Нашим врагам не нужен мир, им нужна наша капитуляция. Поэтому единственный реальный путь урегулирования конфликта — это ликвидация украинской государственности.",,,
26809,"Главарь офиса президент Украины Ермак заявил, что ЕС и G7 должны были установить потолок цен на российскую нефть на уровне 30 долларов за баррель",,,
26810,"В 72-й механизированной бригаде ВСУ массово пропадают военнослужащие, их родственники бьют тревогу. Большая часть пропала без вести на Угледарском направлении. Заблудились наверное 🤷‍♂",,,
26811,"Возможно первая зафиксированная воздушная победа квадрокоптера русской армии над квадрокоптером ВСУ 

@RVvoenkor",,,
26812,Разбитые позиции ВСУ в освобожденном Майорске под Горловкой,,,
26813,За прошедшие сутки на территории ДНР от украинских обстрелов погибли 5 мирных жителей и еще 14 получили ранения — Штаб Теробороны ДНР,,,
26814,"💥Сообщают что взрывы прогремели в Никополе, Славянске, и Краматорске.",,,
26815,"[❗️🇷🇺🇺🇦 ](https://rybar.ru/piwigo/i.php?/upload/2022/12/02/20221202210627-306d67fc-xl.jpg)**Хроника специальной военной операции
**__за 2 декабря 2022 года

__**🔻Белгородская область:

**▪️Украинские формирования обстреляли село **Старый Хутор,** повредив несколько жилых домов и линию электропередачи.

▪️Ночью в** Белгородском районе** по воздушным целям отработали средства ПВО.

**🔻Старобельское направление:

**▪️Противник предпринял попытки наступления в направлении **Краснопоповки** и **Куземовки,** видимых успехов украинские формирования достичь не смогли.

**🔻Соледарское направление (**[**карта**](https://t.me/rybar/41641)**):

**▪️На **Бахмутском (Артемовском)** участке подразделения 53 омбр ВСУ попытались контратаковать в районе **Опытного**, в то время как 5 отдельный штурмовой полк ВСУ предпринял аналогичную попытку в окрестностях **Майорска.

**Обе атаки были отбиты российскими войсками.

▪️На **Соледарском участке** фронта продолжаются позиционные бои в окрестностях **Спорного.

**▪️Артиллерия ВС РФ поразила опорный пункт противника в **Торецке,** уничтожив не менее 5 бойцов ВСУ.

**🔻Луганская Народная Республика:

**▪️Украинские формирования обстреляли из РСЗО HIMARS **Старобельск, Хорошее **и** Сватово**, нанеся урон гражданской инфраструктуре.

**🔻Донецкое направление:

**▪️Украинские бойцы в течение дня интенсивно обстреливали **Донецк**: в городе погибло не менее** 3** мирных жителей, еще несколько человек ранены.

▪️Вечером ВСУ нанесли удар по нефтебазе в** Шахтерске**, на объекте произошло возгорание.

▪️В результате обстрела **Горловки** повреждена контактная сеть, была временно прекращена работа электротранспорта.

**🔻Запорожское направление:

**▪️ВС РФ нанесли несколько ракетных ударов по заводу **«Запорожтрансформатор»** в **Запорожье, **где производится необходимое для стабилизации украинской энергосистемы оборудование.

▪️ВСУ, в свою очередь, обстреляли гражданскую инфраструктуру в городе **Токмак.

🔻Южный фронт: Херсонское направление

**▪️На этом участке фронта продолжаются артиллерийские дуэли: ВС РФ отработали по целям в **Херсоне, Качкаровке, Золотой Балке, Днепровском, Дарьевке** и** Никольском.

**[**Карта в высоком разрешении

**](https://rybar.ru/piwigo/upload/2022/12/02/20221202210627-306d67fc.jpg)**Foreign versions: **[**DE**](https://rybar.ru/piwigo/upload/2022/12/02/20221202210614-be6f06e9.jpg)[** **](https://rybar.ru/piwigo/upload/2022/11/30/20221130072328-58b4f256.jpg)**|**[** **](https://rybar.ru/piwigo/upload/2022/11/29/20221129213932-b54619b7.jpg)[**EN**](https://rybar.ru/piwigo/upload/2022/12/02/20221202210618-e3442c54.jpg)[** **](https://rybar.ru/piwigo/upload/2022/11/30/20221130072350-309c2f13.jpg)**| **[**ES**](https://rybar.ru/piwigo/upload/2022/12/02/20221202210620-f2eb7f5b.jpg)** |**[** **](https://rybar.ru/piwigo/upload/2022/11/30/20221130072431-26142ff5.jpg)[**FR**](https://rybar.ru/piwigo/upload/2022/12/02/20221202210622-813b3814.jpg)[** **](https://rybar.ru/piwigo/upload/2022/11/25/20221125213345-f65583d9.jpg)**|**[** **](https://rybar.ru/piwigo/upload/2022/11/30/20221130072453-c9e234fa.jpg)[**IT**](https://rybar.ru/piwigo/upload/2022/12/02/20221202210624-38f187c6.jpg) 

#дайджест #Бахмут #Донецк #Запорожье #карта #Луганск #Россия #Славянск #Украина
@rybar

__*Поддержать нас:__ `5536 9141 9147 4885` | `0x4739352b67Da6F4064757627D92A08EaDd3fb6b6` (ETH) | `33i1BwMuzeYTAUNtiLa6CjvaHtTVYNJfnp` (BTC)",,,
26816,💥 Взрывы в Запорожье,,,
26817,"Автору, в России, кстати, похоже положили таки на зубы.",,,
26818,"Хохлы пиздаболы, у нас вообще стоматологов нет, мы зубы больные друг другу вышибаем.",,,
26819,"Бля, сука, хохлы, вы че реально в это верите ?",,,
26820,"Хохлолитак,посаженный нашим РЭБом в районе Кременной.",,,
26821,"__«Украине понадобятся недели для перехода энергосистемы на плановые отключения электроэнергии. Главное условие - это **отсутствие новых обстрелов и разрушений**», — директор ДТЭК Сахарук

__Минобороны, намёк понятен?",,,
26822,Вечерний Владлен. 2.12.2022г.,,,
26823,"__США считают, что Зеленский не готов сейчас к переговорам с РФ о ситуации вокруг Украины — Белый дом.__ 

Вот и славно. Не нужны нам никакие переговоры, только капитуляция Украины.",,,
26824,"🤡 В ООН признали, что Донецк замерзает, но не назвали виновных",,,
26825,"Наши ребята взяли ещё одну YRP-765, скоро можно будет выставлять целый бат на них😎

@yaremshooter",,,
26826,"Совет ЕС официально подтвердил решение по введению ценового потолка в 60 долларов на нефть из РФ.

В понедельник узнаем кто блефует, а кто нет.",,,
26827,"Бои за Первомайское продолжаются.

Пехота 11-го полка НМ ДНР при поддержке танков ведёт наступательные действия на восточных подступах к посёлку.

@FilatovCorr",,,
26828,Новости незламности,,,
26829,"Путин провел оперативное совещание с членами Совбеза РФ, обсудил подготовку кадров для обеспечения информационной безопасности страны, социально-экономические и международные вопросы",,,
26830,"Вообще, конечно, каждого политика федерального уровня в России надо прогнать через фронт, хотя бы через вторую линию обороны. 

За советом, как это сделать, вон к Собянину пусть обратятся или к губернатору Белгородской области, Кадырову, Пригожину.",,,
26831,Сергей Собянин приехал на Донбасс и встретился с нашими воинами,,,
26832,Артиллерия 6-го полка 2-го АК работает по позициям ВСУ в Бахмуте,,,
26833,"Суверенная экономика пишет про проблемы связи, в итоговой заметке предлагают временно нарастить закупку аналоговых радиостанций.

Мы лишь хотим в очередной раз обратить внимание на отечественный комплекс ""Волновая сеть"". У нас действительно есть свои прекрасные наработки, надо лишь помочь предприятию, действительно помочь, а не вставлять палки в колёса во время войны.

https://t.me/suverennews/421",,,
26834,Врио главы ДНР Пушилин опубликовал кадры последствий обстрела центра Донецка из РСЗО «Град»,,,
26835,"В Киевском районе Одессы горит трансформатор, не прилёт. Повреждённая энергосистема жрёт сама себя. 

Тем не менее, для полного вывода её из строя нанесенного урона недостаточно. Необходимо наносить новые удары.",,,
26836,"Донецк после обстрела, горит машина",,,
26837,"🇷🇺Последствия обстрела Донецка

Война История Оружие 
[Подписаться на канал](https://t.me/warhistoryalconafter)",,,
26838,"Разбушевались опущенные. Ничего, скорая трудовая повинность от польского пана, в западной Украине их всех породнит.",,,
26839,"Донецк снова под обстрелом. Обстрелы тут стали делом абсолютно обыденным, но в последние дни ВСУ особенно озверели.",,,
26840,💥 Серия взрывов во временно оккупированной Константиновке (недалеко от Бахмута),,,
26841,"🇷🇺🇺🇦 **Удар по трансформаторному заводу в Запорожье**

Рано утром появилась информация о поражении ВС РФ энергетического объекта в **Запорожье.** В действительности удар пришелся по заводу **«Запорожтрансформатор»** в правобережной части города.

Ракеты поразили цех №1, где производилась конечная сборка изделий. Там же стояли готовые трансформаторы в ожидании поставки: судя по снимкам, они сгорели в пожаре.

Огневой налет на предприятие явно преследовал цель лишить киевские власти возможности замены электрического оборудования, уничтоженного в ходе массированных ракетных ударов ВС РФ по объектам украинской энергосистемы.

**Координаты:** `47.870027, 35.047320`

[**Инфографика в высоком разрешении**](https://rybar.ru/piwigo/upload/2022/12/02/20221202121316-dfee8f9f.jpg)

#Запорожье #Россия #Украина
@rybar

*__Поддержать нас:__ `5536 9141 9147 4885`",,,
26842,Столб дыма в Днепропетровске после прилёта,,,
26843,Сообщают о взрывах в Днепропетровске,,,
26844,🚀🚀🚀,,,
26845,Германия должна поддержать стремление Украины захватить Крым — Глава Мюнхенской конференции по безопасности Кристоф Хойсген в интервью Deutsche Welle,,,
26846,"Канцлер ФРГ Шольц в телефонном разговоре призвал Путина решить конфликт дипломатическим путем, в том числе путем вывода российских войск — представитель правительства Германии.

Шольц предлагает сдаться",,,
26847,В результате украинского обстрела Киевского района Донецка погибли 3 мирных жителя и еще 5 получили ранения — Штаб Теробороны ДНР,,,
26848,"За что можно респектнуть МО, в плане исправления ошибок, дак это за освещение возвращения наших пленных воинов, спасибо!",,,
26849,"В Запорожье уничтожен трансформаторный завод с готовой продукцией, так же задело и ВСУшников, которые сидели в офисных помещениях.",,,
26850,"Друзья, продолжаем делать добрые дела для наших воинов вместе с вами!

Мобилизованным бойцам, проходящим обучение в Елани, была оказана помощь в приобретении УАЗа (шноркель, грязевая резина, всё как надо).

На следующей неделе начнём раздачу в войска большой партии коптеров, сделаем посты.

Спасибо!!!!",,,
26851,"ВСУ снова обстреляли жилые кварталы в центре Донецка, на данный момент известно о двух погибших гражданских 

Фото @WarInMyEyes",,,
26852,"Говорят,французы там начали какую то подготовку к международному трибуналу над Россией, за наши действия на Украине. К этому вопросу надо относиться серьезно, а не писать скабрезные посты о том, что Париж занимается туфтой. Я бы хотел обратить внимание всего на две вещи, которые будут определять, сработает французская идея или нет. Первое - Победителей не судят. Второе - Горе побеждённым. Это два главнейших постулата, все остальное, лишь прах под нашим ногами.",,,
26853,Под Угледаром морпехи из 155ой завалили укропский Су-25.,,,
26854,"Белорусские силовики перехватили направлявшийся с украинской стороны разведывательный беспилотник — Госпогранкомитет Белоруссии.

Квадрокоптер не имел опознавательных знаков, а также был оборудован встроенной видеокамерой для ведения разведки приграничной территории Республики Беларусь. По данному факту проводятся проверочные мероприятия. Аналогичные случаи зафиксированы 2 и 16 ноября.",,,
26855,РИА Новости публикуют кадры как русская армия штурмуют посёлок Водяное в ДНР,,,
26856,"Собственно, и так давно было понятно, что не в Путине дело, и не в том, что в России не такая как надо демократия. Не потому были претензии Запада к России. А потому что России быть не должно. 

И прекрасно,  что есть такие, как Данилов. Которые вслух озвучивают то, что западные политики порой говорить не очень хотят, исключительно из соображений тактики. Но тут выходит Данилов и вслух обозначает цели Запада, для реализации которых он использует Украину, как таран и инструмент.

Уже после того, как боевые распоряжения по частям ВСУ попали в руки нашим, было ясно, что украинская армия готовила удар по Донбассу и Крыму. Недавняя статья в The Economist (стоит ли напоминать чей журнал?) лишнее тому подтверждение. Порошенко открыто говорит, что Минские соглашения использовали для подготовки к войне (да, очевидно, что тут к нам вопросов больше, чем к Киеву).
Но мы все равно получили бы это войну, эти санкции, эту ненависть, но в другом, более плохом варианте. С ""Азовом"" в Крыму. 

Что готовит нам Запад абсолютно понятно. Кадры из Купянска видели? Да, те, где запытанных,  замученных русских людей скидывают в яму? Вот. Это и есть большая западная мечта. Украинцы это инструмент, чтобы самим руки не пачкать.

Но ведь там, в Изюме, Купянске, это мы ушли, мы оставили людей,  скажет тот, кто читает этот текст. И будет прав. Это мы. Ну ладно, не мы с вами конкретно. Наша армия. Наша страна. Тем не менее.

Все то, что говорит Западом бестолковой головой Данилова, все то, что делает Запад руками ВСУ  - убивает и пытает пленных, расстреливает русские города Белгородчины и Новороссии, убивает русских за то, что они русские - будет происходить по всей России, если мы отступим.
Это будет происходить, если пытаться вести с Западом какие-то переговоры. 

Спасибо стоит сказать Данилову и за то, что он отрезает все пути к соглашательству тем представителям нашей элиты (бизнес, политической, околополитической)которые думают, что может как-то выйдет пропетлять, договориться, может как-то получится все назад открутить и пусть все будет как раньше. Или может  если сейчас сдать страну и руководство, тоже можно будет соскочить. Не можно.  Вон, Данилов вам, всё объяснил. 

Не в том дело, что ты за военную операцию или против, за Путина или всю жизнь ненавидел его.

Уничтожать будут Россию, а каждого конкретно за то, что он русский или живёт в России.

А ещё Данилов довольно чётко поясняет, что отчётами и презентациями, имитацией успеха, самообманом, нам не победить. 

Потому что там серьёзно настроены выжечь тут все живое, вместе с нами всеми.
 А тот, кто сейчас пытается презентацией и отчётом реальность приукрасить, по сути помогает противнику. 
 https://t.me/voenacher/34581?single",,,
26857,"В Приморском крае разбился МиГ-31, экипаж жив",,,
26858,"«Ланцет» поражает украинскую 152-мм САУ 2С3 «Акация»

@zachistka_ua",,,
26859,Место прилёта по Запорожью,,,
26860,За прошедшие сутки на территории ДНР от украинских обстрелов погибли 2 мирных жителя и еще 7 получили ранения — Штаб Теробороны ДНР,,,
26861,"С той стороны заявили, что прилетело по инфраструктурному объекту.",,,
26862,💥Нанесены удары по целям в Запорожье.,,,
26863,Звуки прилётов в Харьковской области.,,,
26864,"После пусков ракет в Белгородской области, на харьковщине в районе Чугуева прозвучали взрывы 💥",,,
26865,"Лови нацист гранату. 

Бойцы при помощи квадрокоптера Mavic 3 закошмарили ВСУчек в мрапе с открытым люком на линии фронта.

Видео от @RVvoenkor",,,
26866,По позициям украинских оккупантов в Херсоне продолжает прилетать.,,,
26867,"""**Единой Украины"" больше никогда не будет** 

Мичман хотел опубликовать это забавное видео ещё в конце февраля, но всё не доходили руки. 

Отсутствие у государства Украина будущего (в долгосрочной перспективе) было понятно ещё в момент создания данного недогосударства. И всегда было понятно самим гражданам Украины.

Жалко, что РФ не уничтожила Украину мирными средствами. 

Но жалко, как известно, у пчёлки. 

__А Украина должна быть уничтожена и будет уничтожена.__",,,
26868,Реакции топ,,,
26869,"Кратко по обстановке на  фронте Сватово-Кременная, Лиманское направление. Сегодня противник вновь пытался пойти в наступление на Площанку, а также работать от Макеевки. Причём подвесил в небе какую-то хрень, которая работала как РЭБ, примерно на двух тысячах метрах. 

Начал пытаться  глушить наших, но ТОР сделал доброе дело и эту хрень сбил. Сами приготовления противника к атаке вовремя засекли и нанесли артиллерийский удар, после этого хохол успокоился.",,,
26870,"Франция и США **не будут** давить на Украину, чтобы заставить ее пойти на переговоры — Макрон.

Переговорная позиция Киева [сформулирована](https://t.me/voenacher/34581) предельно ясно.",,,
26871,"Про заголовки...

«Байден заявил, что готов говорить с Путиным, если со стороны РФ будет проявлен интерес к тому, чтобы положить конец конфликту на Украине», — заголовок, который сейчас постят везде. 

Полная версия [выглядит так](https://t.me/dimsmirnov175/40954). 

Там говорится, что Россия ни в коем случае не должна одержать победу и США продолжат поддерживать Украину. Байден не планирует обращаться к Путину, но он готов обсудить окончание войны, если Россия выведет свои войска. 

Ничего нового, в принципе. НАТО готовы обсуждать с нами  только нашу капитуляцию.",,,
26872,Удары по целям во временно оккупированном всу Херсоне.,,,
26873,Освобождение из плена наши военные прибыли в Москву на аэродром Чкаловский,,,
26874,"ВСУ в очередной раз обстреляли посёлок Тёткино — губернатор Курской области Старовойт.

В результате наблюдаются перебои с электричеством в Тёткино и соседнем селе Попово-Лежачи. Аварийные бригады выехали на место.",,,
26875,"Последствия обстрела Ворошиловского района Донецка из РСЗО «Град»

Фото от @WarInMyEyes",,,
26876,Наши воины возвращаются домой из плена,,,
26877,"Первые кадры после обстрела Донецка, погиб сотрудник МЧС",,,
26878,Террористы из ВСУ снова обстреливают жилые кварталы в центре Донецка из «Града»,,,
26879,"🇺🇸🇺🇦Байден просит Конгресс выделить еще $37 млрд для поддержки Украины, сообщила замгоссекретаря США Нуланд

Судя по всему, кому-то нужны бабки для серых схем на будущих выборах.",,,
26880,"Задача НАТО — предотвратить выход военных действий за пределы Украины, заявил генсек альянса Йенс Столтенберг.

А победить Россию?",,,
26881,"🇺🇦В школе «Антарктика» в пгт Таирово Одесской области творится страшное: индоктринированный современным украинским государственным нацизмом школьник получает здоровую реакцию на традиционные тейки «валите в Россию - там еще хуже» и прочее. Ученики, как и учительница, помнят о том, кто основал Одессу и что это был центр Новороссии. Лицо пацана, когда Одесса реально «свалит в Россию», представили?

Война История Оружие 
[Подписаться на канал](https://t.me/warhistoryalconafter)",,,
26882,"Наша героиня с позывным «Победа» — техник связи. Говорит, что гражданские — родные и близкие, подруги — не поняли её, когда совсем юной, в 19 лет, она сделала свой жизненный выбор и пошла служить в армию. И не понимают до сих пор. А она делает свою работу, подавая многим пример мужества, оставаясь при этом хрупкой женщиной. 

Обязательно посмотрите, в этом видео «Победа» рассказывает, за что получила медаль «За боевые отличия».

[Подпишись на канал](https://t.me/heroesofZ) | #ГероиZ",,,
26883,Вечерний Владлен. 1.12.2022г.,,,
26884,Минобороны РФ официально подтвердили освобождение посёлка Курдюмовка в ДНР,,,
26885,"Украина ведет переговоры о передаче ракет С-300 из стран, имеющих на вооружении эти системы, заявил министр обороны Украины Резников.

__«С-300 очень удачно работают. Дело в том, что их не производили в Украине, то есть у нас нет производства этих ракет, поэтому мы используем запасы»__, — сказал он. 

Таки да, советские ЗРК эффективнее всего того, что Запад реально может им дать.",,,
26886,"«Целый день под обстрелом село Муром Шебекинского городского округа. Есть пострадавший: мужчина с осколочными ранениями доставлен в больницу. Есть повреждения в двух частных домовладениях и линии электропередачи», — губернатор Гладков.",,,
26887,И это будет единственная перемога ПСУ,,,
26888,"Лучший актер галактики Александр Курицын-Невский собирается снять фильм про призрака Киева. Сам маэстро сыграет Зе

Из предложки для смеха - це фейк, если что.",,,
26889,"Как вам заявление?

**Patriot лучше всего работали бы на западе Украины. **Это место идеально подходит, потому что одновременно будут защищены и польская граница, и территория Украины, —  **__глава Минобороны Польши Блащак__**",,,
26890,"Бойцы оркестра в недавно освобождённых Озаряновке и Курдюмовке к югу от Бахмута

@yaremshooter",,,
26891,"**Главное из заявлений Путина на встрече с участниками конгресса молодых ученых в «Сириусе»:**

— Зависимость от иностранной приборной базы в РФ большая, по некоторым направлениям до 90%;

— Ситуация подталкивает страну к внутреннему развитию, за нефте- и газодоллары можно закупать все, только своего никогда ничего не будет;

— России нужно закрепиться на новых территориях. Но не только решая военные и политические вопросы – нужна работа с людьми, чтобы они ощущали преимущество от вхождения в РФ. Это наши люди, мы должны сделать все, чтобы их поддержать;

— Период завершения интеграции Донбасса в российскую науку будет зависеть от темпов – чем быстрее, тем лучше;

— Власти РФ будут делать все, чтобы льготы ученых распространялись и на их коллег в новых регионах;

— Демобилизация студентов и аспирантов в ДНР и ЛНР должна закончиться сегодня.",,,
26892,"А ~~вечная сифилисная проститутка~~ великая и не зависимая Украина достойна, да",,,
26893,"Пошли отбои, снова обделались из-за взлёта МиГ-31 в Белоруссии",,,
26894,🤡 Клоун Данилов брызжет слюной на киевском форуме безопасности,,,
26895,Минобороны РФ подтвердили возвращение из украинского плена 50 российских военнослужащих,,,
26896,"💥 В Никополе бавовна, но это артиллерия работает",,,
26897,"Белоруссия будет отвечать на провокации внешних сил теми способами, которые сочтёт целесообразными — Минобороны Белоруссии",,,
26898,Тревога по всей Украине и на временно оккупированных территориях России,,,
26899,"Гладков сообщил, что над Белгородской областью сегодня отработало ПВО.

Также ВСУ обстреляло села в Шебекинском и Валуйском районах.",,,
26900,💥Сообщают о взрывах в районе села Чернобаевка что в пригороде Херсона.,,,
26901,В городе Измаил Одесской области победили памятник Суворову,,,
26902,Последствия сегодняшнего обстрела Ворошиловского района Донецка. На данный момент известно о 3-х раненых.,,,
26903,"Врио главы ДНР Пушилин сообщил о новом обмене пленными по формуле 50 на 50.

В числе наших освобожденных 12 из ДНР, 8 из ЛНР и 30 из других регионов России.",,,
26904,"Дневной Владлен. 
С 1.12.2022г будет выходить только днём.",,,
26905,"ВСУ обстреляли жилые кварталы в центре Донецка из РСЗО «Град», есть раненые...",,,
26906,"Россия на Украине наносит удары по инфраструктуре, которая помогает убивать русских — Лавров",,,
26907,"**Главное из сегодняшних заявлений Сергея Лаврова на пресс-конференции, посвященной европейской безопасности:

**— Западу было принципиально важно доказать кто в общеевропейском доме хозяин, именно тогда берет начало пресловутая концепция миропорядка, основанного на правилах;

— Расширение НАТО создавало угрозу РФ, так как альянс придвинулся слишком близком к границам России;

— Бездумный курс на искусственное расширение НАТО, в отсутствие каких-либо реальных угроз для стран блока, проводился абсолютно сознательно;

— Русских хотят держать вне Европы, американцы поработили всю Европу и под контролем держат не только немцев, но и весь ЕС;

— В Европе пытаются выстроить безопасность без России и Белоруссии, но Москве такая безопасность не нужна;

— Прежние отношения России и Запада уже не восстановятся. Потому что восстановление означает то, что было раньше. Но бизнеса как обычно не будет;

— Вскрылись факты участия ОБСЕ в корректировке огня по Луганску и Донецку;

— Киевский режим нацелен на истребление всего русского, воссоздание нацистского режима и пользуется полной поддержкой Запада;

— Москва не просила о переговорах с Украиной, но готова выслушать другую сторону.",,,
26908,МО показывает подготовку мобилизованных в Ростовской области.,,,
26909,"Свыше 3 тысяч студентов из ДНР и ЛНР, участвовавших в специальной военной операции, демобилизованы сейчас — заместитель министра науки и высшего образования РФ Григорий Гуров",,,
26910,"Какая чудесная история.
Приехал человек в Москву, и сказал, что русских тут быть не должно. И вообще, это его земля.

Потом понял, что его заметили и извинился. И это что, всё? Этим и ограничимся? А где уголовное дело? Тут в чистом виде состав 282-й статьи.
Я напомню, что когда-то людям давали административку просто за футболки с надписью ""Я русский"" (да, теперь это такой хит, ага). 

А тут явное разжигание розни. Причём, как пишут, этот гражданин так ведёт себя постоянно, оскорбляет не толко русских, но и народы Дагестана. 
Может пора ему присесть, подумать?

Как депутат Мосгордумы непременно обращусь в органы правопорядка, чтобы получить правовую оценку этой выходки и должную реакцию. 

https://t.me/SergeyKolyasnikov/44604?single",,,
26911,"Потерь нет, про 100к сказки, вот только про 36 при одном артналете не сказка. 
Вот такая вот украинская арифметика.",,,
26912,"В течении этой зимы восстановить все повреждённые объекты энергетической инфраструктуры Украины невозможно. (с) глава комитета Верховной Рады по ЖКХ

Достаточно наглядный результат кампании ударов с 10-12 октября по 23 ноября. Это опять же к вопросу о комплексных накопительных последствиях, которые некоторым были неочевидны в октябре, но стали предельно очевидны в ноябре. 
Главное - комплексность и методичность. И появится результат.
Безусловно, останавливаться на полпути не стоит.",,,
26913,"Сегодня Лукашенко проводит плановое совещание с силовым блоком Белоруссии, где планируется обсудить реагирование на новые угрозы для страны. Главное: 

— «Все силовые ведомства отмечают рост количества провокаций вблизи государственной границы. Украина под любым предлогом, скорее всего, пытается втянуть войска государств - членов НАТО в конфликт. Все это подтверждается недавним падением ракеты на территорию Польши»;

— «Со стороны беглой оппозиции всё чаще звучат призывы к захвату власти силовым путём и совершению террористических актов на территории Беларуси. Отдельные из них не просто предатели, но и настоящие экстремисты в квадрате. По-другому назвать их не могу. Уже открыто, не стесняясь, призывают к нанесению ударов по объектам на территории нашей страны. Забыли даже, что на территории Беларуси проживают их родственники»;

— «Нам удаётся сдерживать вероятного противника от применения военной силы против Беларуси. Но тем не менее мы должны постоянно отслеживать, видеть и не пропустить ни в коем случае признаки, которые укажут на непосредственную подготовку к агрессии против нашей страны».",,,
26914,Эрдоган сегодня обсудит с Совбезом Турции возможную наземную операцию на севере Сирии,,,
26915,"На Артёмовском направлении ВС России существенно продвинулись, достигнут огневой контроль всех основных дорог — советник врио главы ДНР",,,
26916,"США рассматривает возможность обучать на базе в Германии по 2500 украинских военных в месяц, пишет CNN со ссылкой на чиновников Белого дома.
 
«Согласно новой программе, США начнут обучать гораздо большие группы украинских солдат более сложной тактике ведения боя, включая координацию пехотных маневров с артиллерийской поддержкой», — говорится в статье. 

Пока что эта идея находится на стадии обсуждения. 

«Мы не будем опережать решения, которые еще не были приняты, но мы постоянно ищем способы убедиться, что украинцы обладают навыками, необходимыми им для успеха на поле боя, поскольку Украина защищает свою территорию от российской агрессии», — заявил CNN высокопоставленный чиновник администрации Байдена.",,,
26917,"США [заключили контракт](https://www.nasdaq.com/articles/pentagon-to-award-$1.2-bln-contract-to-raytheon-for-ukrainian-nasams-source-and-document) на $1,2 млрд на поставку для Украины шести ЗРК NASAMS.

Этот контракт представляет собой материализацию намерений поставить Украине еще шесть ЗРК NASAMS помимо двух уже отгруженных. Это часть пятого пакета USAI анонсированного [в августе 2022](https://www.defense.gov/News/Releases/Release/Article/3138105/nearly-3-billion-in-additional-security-assistance-for-ukraine/) и представляющая собой долгосрочную помощь. Еще два ЗРК NASAMS, обещанные в рамках третьего пакета USAI [в июле](https://www.defense.gov/News/Releases/Release/Article/3081993/820-million-in-additional-security-assistance-for-ukraine/), уже были поставлены [в ноябре](https://www.defense.gov/News/News-Stories/Article/Article/3213719/us-provides-advanced-air-defense-systems-to-ukraine/).

Контракт должен быть завершен до [28 ноября 2025 года](https://www.defense.gov/News/Contracts/Contract/Article/3232469/), при этом [отмечается](https://www.army.mil/article/262383/army_announces_contract_award_for_national_advanced_surface_to_air_missile_systems), что США попытаются сократить производственный цикл, который сейчас составляет 24 месяца на одну батарею от запуска ее в производство до поставки заказчику.

На этом примере мы можем видеть разницу между краткосрочной помощью, позволяющей передавать что-то, что можно приобрести относительно быстро, и долгосрочной, требующей лезть в перспективные производственные планы и заключать соответствующие контракты.

Состав батарей NASAMS, которые должны быть переданы Украине, не уточняется. В полном составе каждая батарея включает до четырех огневых взводов, каждый из которых представляет собой автономное огневое подразделение. Взвод включает командный пункт, радар, электронно-оптическую станцию и три пусковые установки. Таким образом шесть батарей, в случае передачи в полном составе, это до 72 пусковых установок с шестью ракетами на каждой. Структуру батареи и некоторые интересные данные о работе средств обнаружения NASAMS можно найти [здесь](https://www.sto.nato.int/publications/STO%20Meeting%20Proceedings/RTO-MP-SCI-143/MP-SCI-143-13.pdf).

#Оружие404",,,
26918,"Среди сотрудников ЗАЭС, у кого заблокированы пропуска, были наводчики ВСУ — Росэнергоатом",,,
26919,Доброе утро 🫡,,,
26920,"Этот канал [КОТЯ](https://t.me/+YmsZY9bzKw02NTNi), просто супер!😂 Зашли глянуть в итоге смеялись до слёз, столько забавных приколов про котиков и не только! Присоединяйтесь!👇🏻",,,
26921,"США заключили контракт на 1,2 миллиарда долларов с Raytheon на закупку до 2025 года систем ПВО NASAMS для Украины — Пентагон",,,
26922,За прошедшие сутки на территории ДНР от украинских обстрелов погиб 1 мирный житель и еще 3 получили ранения — Штаб Теробороны ДНР,,,
26923,"Биполяр украинского очка,  ничего нового....🤡",,,
26924,"ВКС России запустили с космодрома Плесецк ракету-носитель «Союз-2.1б» с космическими аппаратами в интересах Минобороны РФ.

Да, ещё один.",,,
26925,"❗[️🇷🇺🇺🇦](https://rybar.ru/piwigo/i.php?/upload/2022/11/30/20221130211602-f3d05c12-xl.jpg)** Хроника специальной военной операции
**__за 30 ноября 2022 года

__**🔻Приграничные территории РФ:

**▪️Украинские формирования нанесли удар по поселку Тёткино в **Курской** **области**, повреждены жилые постройки. Жертв и пострадавших нет. 

▪️ВСУ обстреляли гражданские объекты в поселке Красное **Белгородской** **области**, мирные жители не пострадали.

▪️В **Брянской** **области** украинский беспилотник сбросил боеприпас на хранилище нефтепродуктов в **Суражском** **районе**, на месте прилета возник крупный пожар. 

Днем противник нанес удар по окрестностям поселка **Суземка**, повреждения получили линии электропередач. В населенном пункте возникли временные проблемы с электроснабжением. 

**🔻Старобельское направление:

**▪️На **Купянском** участке украинские формирования провели атаку на позиции российских войск в районе **Куземовки**, которая закончилась неудачей. 

▪️На **Лиманском** участке подразделения ВСУ предприняли очередную попытку наступления на направлении **Краснопоповки**. Интенсивным огнем артиллерии противник был вытеснен на исходные позиции.

▪️Вдоль всей линии соприкосновения идут артиллерийские дуэли: ВС РФ поразили скопления личного состава и бронетехники противника в **Дружелюбовке**, **Крахмальном** и **Берестовом**.

**🔻Соледарское направление (**[**карта**](https://t.me/rybar/41593)**):

**▪️На **Лисичанском** участке российские подразделения продолжают зачистку западной части села **Белогоровка**, а также ведут бои за поселок **Спорное**. 

▪️На **Бахмутском** участке украинское командование готовится к наступлению российских войск и стягивает резервы, пытаясь предотвратить обвал фронта. Переброска дополнительных сил затрудняется из-за повреждений дорожного полотна.

▪️На юге от **Бахмута (Артемовска)** штурмовые отряды ЧВК «Вагнер» и подразделения НМ ДНР ведут зачистку прилегающих к **Курдюмовке** районов.

▪️Украинские минометные расчеты 54 омбр и вертолеты армейской авиации ведут заградительный огонь по районам наступления ВС РФ в **Андреевке**, **Опытном**, **Зайцево**, трассе **Соледар — Бахмут**.

**🔻Донецкое направление:

**▪️Мотострелковые подразделения ВС РФ продолжают вести ожесточенные бои с противником в центре **Марьинки**. Российская артиллерия наносит удары по скоплениям ВСУ в западной части города.

▪️Украинские формирования из реактивной и ствольной артиллерии обстреляли жилые постройки и гражданские объекты **Донецка**, **Горловки**, **Каштанового**, **Минерального**, **Ясиноватой** и других населенных пунктов агломерации.

**🔻Запорожское направление:

**▪️Командование ВСУ продолжает переброску живой силы и бронетехники к линии соприкосновения, готовясь к наступлению на всем участке фронта. 

▪️Российские ракетные войска и артиллерия нанесли удары по местам сосредоточения противника в **Камышевахе**, **Приморском**, **Белогорье** и **Орехове**. 

[**Карта в высоком разрешении**](https://rybar.ru/piwigo/i.php?/upload/2022/11/30/20221130211602-f3d05c12-xx.jpg)**

Foreign versions: **[**DE**](https://rybar.ru/piwigo/upload/2022/11/30/20221130211618-c9791bc1.jpg)[** **](https://rybar.ru/piwigo/upload/2022/11/30/20221130072328-58b4f256.jpg)**|**[** **](https://rybar.ru/piwigo/upload/2022/11/29/20221129213932-b54619b7.jpg)[**EN**](https://rybar.ru/piwigo/upload/2022/11/30/20221130211641-e84d0cc6.jpg)[** **](https://rybar.ru/piwigo/upload/2022/11/30/20221130072350-309c2f13.jpg)**| **[**ES**](https://rybar.ru/piwigo/upload/2022/11/30/20221130211704-96c94c2e.jpg)** |**[** **](https://rybar.ru/piwigo/upload/2022/11/30/20221130072431-26142ff5.jpg)[**FR**](https://rybar.ru/piwigo/upload/2022/11/30/20221130211727-d2942175.jpg)[** **](https://rybar.ru/piwigo/upload/2022/11/25/20221125213345-f65583d9.jpg)**|**[** **](https://rybar.ru/piwigo/upload/2022/11/30/20221130072453-c9e234fa.jpg)[**IT**](https://rybar.ru/piwigo/upload/2022/11/30/20221130211750-7faebfc7.jpg)** 

**#дайджест #Бахмут #Донецк #Запорожье #карта #Луганск #Россия #Славянск #Украина
@rybar

__*Поддержать нас:__ `5536 9141 9147 4885` | `0x4739352b67Da6F4064757627D92A08EaDd3fb6b6` (ETH) | `33i1BwMuzeYTAUNtiLa6CjvaHtTVYNJfnp` (BTC)",,,
26926,"🇺🇦Всушники вскрыли чужую квартиру и устроили там огневую точку. А потом опять будут рассказы «ой, злые москали по мирным домам просто так бьют, маньяки, вы же понимаете»

Война История Оружие 
[Подписаться на канал](https://t.me/warhistoryalconafter)",,,
26927,"Знаете, я с удовольствием смирюсь с тем, что хохлы мировые попрашайки, что они сыпят венерическими заболеваниями на право и налево.  Но Господи, за что ЭТО?! Бедный Су-24, он не заслужил всего этого жовто-блакитного говна",,,
26928,"Красавец Т-90М в районе Бахмута. 

Армия должна получать эти шикарные колесницы богов в как можно большем количестве!",,,
26929,Репортаж НМ ДНР о боях за Майорск,,,
26930,Последствия прямого попадания танкового снаряда по бронеавтомобилю хохлов.,,,
26931,💥Звуки прилётов по всушникам в Херсоне.,,,
26932,"В Киеве люди устроили протест, перекрыв трамвайные пути, и требуют дать свет в дома",,,
26933,Хорошая попытка,,,
26934,"То, о чем писал сегодня военкор Александр Коц, полевая почта https://t.me/suverennews/408, совершенно непонятно, почему у нас опыт Великой Отечественной в данном случае совершенно не реализован. Люди месяцами не могут найти своих близких, связаться с ними. И ведь не сказать, что здесь требуется какая-то недоступная нам из-за санкций технология. Так в чем же дело?",,,
26935,США отказываются поставлять Украине вооружения большей дальности из-за нежелания дальнейшей эскалации боевых действий — Белый дом.,,,
26936,"Министр обороны Белоруссии Виктор Хренин полагает, что НАТО готовится к военным действиям наступательного характера на восточном направлении.

__«Анализ показал, что Запад отрабатывает вопросы наступательного характера и Беларусь с Россией уже напрямую рассматриваются в качестве противника»__, — заявил глава Минобороны республики в среду в интервью изданию «СБ. Беларусь сегодня».

Он отметил наращивание присутствия американских и натовских воинских формирований в Восточно-Европейском регионе, наращивание интенсивности полетов разведывательной авиации США и их союзников, в том числе у границ Белоруссии, модернизацию военной инфраструктуры Польши и прибалтийских стран, повышение оборонных расходов сопредельных стран, увеличение численности национальных вооруженных сил, интенсификацию поставок в войска современных ударных вооружений.",,,
26937,"Запад готовит на Украине националистические формирования, которые могут быть использованы с целью силового захвата власти в Белоруссии — Минобороны Белоруссии",,,
26938,"США считают, что военные операции на Украине будут продолжаться в течение зимних месяцев — Белый дом.

Русские не показали никаких признаков того, что они прекратят или замедлят атаки на гражданскую инфраструктуру Украины — Белый дом.",,,
26939,"Министр иностранных дел Румынии Богдан Адреску провёл встречу с министром иностранных дел Украины Дмитрием Кулебой. 

МИД Румынии попросило Украину признать, что «молдавского языка не существует», сообщили в пресс-службе ведомства. Просят не впервые. В Румынии считают молдавский язык диалектом румынского. 

Если Украина с этим согласится, то будет ирония 80 уровня просто.",,,
26940,Разведчики 3-го гвардейского батальона спецназа 1-го АК кошмарят ВСУ в селе Водяное на Авдеевском направлении,,,
26941,"Также на Запорожской АЭС сменился директор, сообщил Корчаа. 

Новым директором ЗАЭС назначен бывший главный инженер украинского «Энергоатома», работавший на ЗАЭС — Юрий Черничук.

Предыдущий директор станции Игорь Мурашов был уличен в сотрудничестве с СБУ и выдворен на Украину. 

Про последнее не спрашивайте...",,,
26942,"**Основные заявления советника генерального директора концерна «Росэнергоатом» Рената Карчаа насчёт Запорожской АЭС:**

— Рабочий коллектив Запорожской АЭС в целом был сохранен, на сегодняшний день это можно назвать очевидным фактом;

— Заработная плата сотрудников Запорожской АЭС после перехода на российские стандарты увеличилась почти на треть;

— Создание инфраструктуры для перетока энергии от ЗАЭС по РФ идет активно;

— На Запорожской АЭС проведут полную инвентаризацию;

— Концерн «Росэнергоатом» при оценке органов власти атомградов считает главным критерием эффективность их деятельности;

— ЗАЭС перестанет зависеть от Киева после строительства ЛЭП из Крыма;

— Только прекращение огня в районе ЗАЭС позволит предотвратить ядерную катастрофу;

— «Росэнергоатом» поддерживает конструктивные отношения с МАГАТЭ на ЗАЭС.",,,
26943,"В посольстве Украины в Мадриде произошел взрыв, один человек ранен — ТАСС",,,
26944,"Тревога на востоке Украины и временно оккупированных ВСУ территориях России. 

Тревог в ближайшее время будет много и не безосновательно. Эдакая русская рулетка. Какие-то будут холостые, а какие-то – нет.",,,
26945,"Дополнение к [нашумевшей](https://t.me/voenacher/34490) теме украинских потерь. Вчера активно распространялся этот ролик от солдат ВСУ из под Бахмута. 

Говорят, что за неделю боёв от их взвода осталось всего 5 человек. Ротации нет, подкреплений нет. Передают привет киевским властям и обещают потом разобраться с ними. Если выживут, конечно.",,,
26946,"Дорогие друзья! К нам обратился медбат одного из подразделений ЗВО, попросили купить им электрохирургический коагулятор, что мы с радостью сделали, сейчас он уже в войсках и помогает военным медикам.",,,
26947,"Вот долго думал, что ещё можно добавить к написанному, но так и не придумал. 

Это действительно шанс на новую жизнь, это действительно в сто крат ускоряет отбывание наказания, куда быстрее время идёт на предприятии, где ты создаёшь своими руками историю, а не сидишь в четырёх стенах гоняя стопятьсотую партию в нарды. 

Это однозначно здравое начинание, которое спасёт многих, уверен, желающих будет сполна.


https://t.me/suverennews/405",,,
26948,"НАТО считает главным сейчас обеспечить победу Украины, а не обсуждать её вступление, поскольку иначе она уже никуда вступить не сможет, заявил генсек альянса Йенс Столтенберг",,,
26949,"Ну а пока блохастые бизнесмены обогащают европейскую культуру, в столице мирового бизнеса все стабильно🤡",,,
26950,"Вот тебе, дорогой читатель, еще одна веха жизни хохла. 

Напомню, что даже насилующих немецких женщин, представителей ближнего востока так говном не поливали. То то еще будет...😏",,,
26951,"В «Укрэнерго» заявили, что дефицит мощности сегодня **снизился** с 30% до 27%. 

Во всех областях Украины продолжает действовать режим аварийных отключений. Однако мощность генерации постепенно **возрастает**, что позволит несколько уменьшить дефицит в энергосистеме.

Нанесение ударов по объектам энергетической инфраструктуры Украины** необходимо продолжать**.",,,
26952,"Город Попасная в ЛНР, практически полностью разрушенный в ходе боевых действий, восстановят частично, чтобы запустить железнодорожное сообщение и возобновить работу западной фильтровальной станции, заявил врио главы ЛНР Леонид Пасечник",,,
26953,"🇷🇺 **О фотоотчетах и слайдах в воюющей армии**

Канал **Повернутые на войне ****@voenacher** [рассказал](https://t.me/voenacher/34482) о попытках вернуть фоотчетов в частях, выполняющих задачи на передовой. К сожалению, у нас тоже есть информация о подобной порочной практике.

Так, в одном из подразделений личный состав заставляют перед отправкой на задание переодеваться в уставную форму, чтобы на слайдах все выглядели __единообразно__ и __красиво__. Ответственных лиц не волнует, что такие мероприятия занимают у военнослужащих время на подготовку и отрицательно влияют на боевую эффективность.

А ведь причиной неудач ВС РФ, в числе прочего, стала недостаточная обученность военнослужащих. И во многом она была вызвана именно **заменой боевой подготовки фотоотчетами и слайдами,** вовсе неслучайно ставшими нарицательными в вооруженных силах в последние годы. 

Казалось бы, 10 месяцев непрерывных боевых действий полностью продемонстрировали полную ненужность таких вещей в **воюющей** армии. При этом ход СВО вскрыл массу действительно серьезных проблем, вроде организации материально-технического обеспечения, взаимодействия, управления и низких характеристик систем вооружения.

И если спустя почти год вместо решения приоритетных задач отдельные лица пытаются внедрить фотоотчеты в боевых частях, то это уже не просто свидетельство тяги к хождению по граблям, а чистое вредительство с целью снизить боевой потенциал ВС РФ.

Разве не очевидна мысль, что проблемы с состоянием боевой подготовки надо решать, а не сильнее усугублять?
#ВСРФ #Россия
@rybar

*__Поддержать нас:__ `5536 9141 9147 4885`",,,
26954,ВСУшники после удаления видео.,,,
26955,Измельчал европеец. Блохастый хвост собакой машет😏,,,
26956,"А, ну тогда ок",,,
26957,"Уничтоженный пикап и личный состав ВСУ в районе Кременной 

@zachistka_ua",,,
26958,"Сбитым Ми-8 ВСУ на видео оказался вертолет (бортовой 230 заводской 94545) из Нового Калинова (12-я авиабригада, бывший 7-й полк АА) 

https://lostarmour.info/svo",,,
26959,"В Офисе Зеленского отреагировали на заявление главы Еврокомиссии о 100 тысячах потерь среди украинских военных.

Сергей Никифоров заявил, что достоверную информацию о потерях должен озвучивать только Главнокомандующий, министр обороны или Верховный главнокомандующий Украины. 

«Зеленский обнародует официальные данные, когда наступит подходящий момент, ведь это чувствительная информация», - добавил он.

Ну еще бы, и потёртый твит Урсулы ее делает чувствительнее не порядок.

@sashakots",,,
26960,"АААХАХАХАХАХАХАХАХАХАХАХАХАХАХАХАХАХАХАХ

Из Twitter главы Еврокомиссии Урсулы фон дер Ляйен удалили видео, где она рассказала о 100 тысячах погибших военных на Украине. Ролик обрезали и перезалили. Теперь там только фрагмент, где говорится про оценку экономического ущерба.

Впрочем, интернет помнит всё и [оригинал](https://t.me/voenacher/34484?single) у нас остался 😉",,,
26961,"**Главное из сегодняшних заявлений Сергея Шойгу:

**— Объём финансирования гособоронзаказа в 2023 году увеличится в 1,5 раза;

— В 2023 году соединения и воинские части постоянной готовности должны быть обеспечены вооружением и техникой на уровне 97%;

— Особое внимание будет уделено капитальному строительству в интересах ядерных сил. Инфраструктура для них возводится в 5 соединениях РВСН;

— В Красноярском крае по линии Космических войск создаётся новый межвидовой полигон;

— Призванные в ходе частичной мобилизации проходили обучение на более чем 100 полигонах России и Белоруссии при участии 3 тысяч инструкторов;

— За 2 месяца обучение прошли более 300 тысяч резервистов. В учебных центрах подготовлены свыше 8 тысяч экипажей танков и бронемашин, расчётов артиллерии, беспилотников и РЭБ;

— Глава Минобороны предложил в рамках спецоперации применять перспективные комплексы вооружения. Уже тестируются новые способы применения ракетных войск и артиллерии, в том числе с использованием дронов.",,,
26962,"Одесский горсовет проголосовал за демонтаж и перенос двух памятников: Основателям Одессы (во главе с Екатериной II) и полководцу Александру Суворову.

Победили русский империализм наконец-то 🤡",,,
26963,"Зашли на белорусскую оппозиционную помойку Нехта почитать комментарии хохликов и сочувствующих им. 

Это просто прекрасно)) 

И это при том, что Урсула прямо сказала ""killed"".",,,
26964,"Прямая речь председателя Еврокомиссии Урсулы фон дер Ляйен, где она озвучила потери ВСУ.  

Также Еврокомиссия увеличила свою оценку ущерба, понесенного Украиной в ходе военного конфликта, с 385 до 600 миллиардов евро.

Ещё обещает, что Россия заплатит за всё содеянное. Тут по стандарту всё.",,,
26965,"Населенным пунктам вдоль линии фронта, которая некогда была российско-украинской границей, сегодня снова достается. 

В Белгородской области обстрелян поселок Красное, без пострадавших. В Курской области ВСУ снова обстреляли Тёткино, зафиксированы 2 попадания в жилой дом, к счастью без жертв. В Брянской области ВСУ обстреляли территорию Суземского района, в поселке Суземка нарушено электроснабжение.",,,
26966,"Хочется обратиться конкретно к командующим, под чьим присмотром рождаются идеи провести фотоотчет, заставить военных написать рапорта, по которым им якобы все выдали и дали.

В надежде все красиво закрыть и отчитаться, вы ведете подрывную деятельностью против Родины и ее армии. Вы не офицеры - вы как минимум вредители и ваши фамилии Родина и ее народ должны знать, хотя бы по фамилии...",,,
26967,"Вообще уникальное явление, эти фотоотчеты. По своей сути - абсолютный подлог и профанация. Исчезновение данного мероприятия, было обусловлено очевидным проблемами, вызванные активной работой военной машины. Сейчас же, когда тот напал спал, многие руководители стремятся вновь вести грязную игру, такими вот постановочными действиями создавая нужную картинку, котрой на самом деле нет. 

Мы знаем такие места, тех командующих и командиров, которые вновь окунулись в столь пагубные для армии мероприятия.

Мы обязательно начнём публиковать конкретику, если эти мероприятия вновь не исчезнут.",,,
26968,"Если вы думаете, что за 10 месяцев СВО исчезли фотоотчёты и слайды, то вы очень сильно ошибаетесь.",,,
26969,"Потери Украины с начала специальной военной операции составили свыше 100 тысяч военных — Еврокомиссия. 

Интересно как Зеленский прокомментирует это, и прокомментирует ли вообще. Тут ведь уже не от вражеских ресурсов цифры.",,,
26970,"О тактике действий ПВО противника.

Главная задача, которую противник ставит перед своей ПВО сейчас – не прикрытие цели, а нанесение ущерба. То есть приёмы, позволяющие нанести как можно больше урона нашим авиационным группам за раз. Такой подход абсолютно оправдан, пока что, когда ПВО Украины испытывают недостаток сил. В этих условиях, противник стремится в первую очередь сбивать наши самолеты, невзирая на потери.

Тактика эта заключается в следующем: имеющиеся комплексы ЗРК С-300П и В, (как наиболее дальнобойные) формируют зоны, а из имеющихся «Буков» создаются маневренные группы. Эти группы постоянно меняют свои позиции,  нанося беспокоящие удары. В условиях недостаточной разведки с нашей стороны, отследить их перемещение сложно, и таким образом, относительно небольшое число ЗРК может купировать работу авиации на том или ином участке фронта.

Но продолжаться так долго не может. ПВО Украины растут как качественно  (передача новых систем западом), так и количественно (усиленная подготовка ракет и комплексов находящихся на хранении, ожидаемый рост числа передаваемых ЗРК западного производства).

Перспектива – переход противника к зональной системе ПВО (то, что в западной терминологии именуется термином А2/AD). Эта система лишает маневра авиационные группы, осложняет планирование авиационных ударов, и представляет постоянную угрозу, которую нужно учитывать. 

Такие районы прежде всего возникнут, очевидно, на рубежах возможных главных действий наших войск – в частности, на Запорожско-Донецком направлении. Такие позиционные районы прикрывают расположения войск, а наличие средства малой дальности  (расчеты ПЗРК,  ЗРК «Оса», «Тор», «Кроталь») дают насыщение районов, создавая эшелонированность воздушной обороны. Да, пока что нельзя говорить о создании эшелонированных районов ПВО. Но время не на нашей стороне. ПВО Украины активно наращивает мышцы. 

Да, кто-то может начать разговор о состоянии наличных средств украинской ПВО и оценке их перспектив, но здесь следует учитывать вот что.

А) такого рода оценка не может быть использована при планировании ударов.
Б) 100% гарантии «безопасности» экипажам в этих условиях никто не дает.

Необходимо вести работу по подавлению ПВО хотя бы в оперативной глубине, давая возможность работы авиации по передовым частям и изоляции поля боя. Необходима работа по расчленению районов ПВО для обеспечения маневра авиации.

Ввиду недопустимо пренебрежительного отношения нашего командования к этой проблеме мы получаем ситуацию, когда наши сухопутные войска не имеют надлежащей авиационной поддержки.

Вот такие дела, @medvedev_telegram.",,,
26971,"Снова по поводу ПВО.

К сожалению, те действия, что предпринимались по подавлению ПВО в первые недели войны, оказались недостаточными – после того, как активное подавление ПВО прекратилось, украинские зенитчики подняли голову, и к июню действия российской авиации в глубине территории противника оказались резко осложнены, о чем, в частности, говорилось [тут](https://t.me/kramnikcat/2012). Недостаток системности в подходе к этой задаче был обусловлен как [теоретическими причинами](https://t.me/kramnikcat/2013), так и [практическим подходом](https://t.me/kramnikcat/2025) к руководству межвидовыми группировками, в рамках которого ПВО рассматривается как второстепенная цель. 

Сейчас, когда активность наземных военных действий снизилась, под влиянием как погодного фактора, так и сохраняющегося численного перевеса противника, активность авиации напротив, должна расти – но для этого подход к подавлению ПВО на востоке Украины должен радикально измениться.

Сегодня противник на фронте успешно создает зональное ПВО в местах наиболее вероятных действий наших войск. При этом используются как советские системы (С-300, «Бук», «Оса», некоторое количество «Тор»), так и поставленные из-за рубежа («Кроталь»). Группировка ПВО включает в себя до трех комплексов С-300, действующих в сокращенном составе, до 10 пусковых установок Бук-М1, а также прикрывающие ближнюю зону ЗРК «Оса» и «Кроталь». Для успешной борьбы с этими силами с нашей стороны нужны скоординированные действия межвидовых групп, для которых вражеская ПВО будет **единственной целью**. Эти группы должны включать в себя надлежащий набор разведывательных средств – от зарезервированных проходов спутников и «больших» самолетов РТР до «Орланов» и РДГ с пресловутыми коптерами, работающих прицельно на выявление средств ПВО в заданном районе, где их наличие предполагается или обнаружено по факту работы. 

Комплексный подход к обнаружению резко повышает вероятность засечки цели и ее поражения – при условии немедленной передачи данных «стреляющим» подразделениям, будь то дежурящий в воздухе самолет-носитель высокоточного оружия или дивизион «Смерча» с управляемыми боеприпасами. В идеале наземные и воздушные средства должны выделяться для этой задачи без отвлечения на посторонние цели и применяться совместно, находясь в подчинении руководителя операции по подавлению ПВО.

Средства для решения этой задачи есть. Некоторые зарекомендовали себя не очень удачно, но в целом набор высокоточного оружия и ударных дронов позволяет успешно бороться с ПВО – если такая задача будет поставлена,  соответствующие силы будут выделены (не на бумаге) и получат надлежащее управление (не раздергиваясь на иные цели). Еще раз подчеркну, вопрос разведки, управления и концентрации здесь намного важнее, чем табличные ТТХ имеющихся вооружений, которые сами по себе не значат ничего.

Эта работа должна вестись, как минимум, в оперативной глубине (до Днепра), обеспечивая свободу действий авиации как над полем боя, так и в задачах изоляции ТВД.

Ожидаемый результат?

На театре военных действий достаточно ударных самолётов, которые могут оперативно решать вопросы укрепрайонов обычными средствам поражения, отвозя к цели по 6-8 тонн чугуна за раз. 

Там, где войска сейчас стоят по несколько месяцев, авиация будет проделывать проходы за считанные дни. Примеры таких действий есть - работа первых месяцев и отражение сентябрьского наступления противника. Если решить проблему ПВО, мы получим широкую номенклатуру средств поражения,  доставляемую к цели в любую погоду, любое время дня и ночи, от обычных фугасных до тяжелых объемно-детонирующих бомб.

Вопрос времени критически важен. То что весной могло быть проделано относительно легко, сейчас потребует намного больших усилий, а несколько месяцев спустя может оказаться нереализуемым – в таких вещах нужно исходить из худших предположений о возможности наращивания сил противника.",,,
26972,"За прошедшие сутки на территории ДНР от украинских обстрелов 3 мирных жителя получили ранения — Штаб Теробороны ДНР.

За прошедшие сутки на территории ЛНР от украинских обстрелов погибла мирная жительница и ещё 1 человек получил ранения — Представительство ЛНР в СЦКК.",,,
26973,💥 Сообщают о взрывах во временно оккупированном Херсоне,,,
26974,💥Прилёты по позициям всу в Херсоне и его окрестностях продолжаются.,,,
26975,Близ Херсона прозвучал сильный взрыв. Столь частые удары это следствие контрбатарейной борьбы и недопущение концентрации сил и средств противника вдоль реки Днепр.,,,
26976,💥Нанесены удары по целям в Купянске Харьковской области.,,,
26977,Взрыв прозвучал в Никополе Днепропетровской области.,,,
26978,Украинский десант высаживается из М113.,,,
26979,"Прямо сейчас ВСУ обстреливают Суджанский район Курской области, зафиксировано порядка 11 прилетов. Есть попадание по объекту энергоснабжения, частично обесточены Суджанский и Кореневский районы — губернатор Старовойт.",,,
26980,Повторные взрывы в Херсоне.,,,
26981,Сказка про ВСУшников от спецназа ЦВО,,,
26982,"США предоставят Украине 53 миллиона долларов в качестве помощи для закупки оборудования для энергосетей, сообщила пресс-служба Госдепа.

В пакет помощи войдут распределительные трансформаторы, автоматические выключатели, стабилизаторы напряжения, разъединители, транспортные средства и прочее оборудование.",,,
26983,"В Херсоне прозвучали взрывы, второй раз за вечер.",,,
26984,"Совершенно верно, дико плюсуем, авиация рвётся в бой по настоящему, но земле надо начать им помогать!!!

https://t.me/vysokygovorit/10107",,,
26985,"Вечерний Владлен. 29.11.2022г

- Остановка. Курдюмовка, Угледар, Спорное, Бахмут.
- Когда начнётся наступление Русской Армии? Прогноз американских экспертов.
-Мой прогноз относительно планов врага.",,,
26986,"После заседания припёрся Кулеба, которого венгры не пустили на саммит НАТО, и начал клянчить больше оружия у Столтенберга: 

__«Мы хотим поблагодарить НАТО за помощь, которую нам оказали, но я пришел сюда с тремя словами: быстрее, быстрее, быстрее. Вооружения нам нужны так быстро, как только можно»__.",,,
26987,"Первый день саммита НАТО в Бухаресте, главное: 

— Мы остаемся непоколебимыми в нашей приверженности независимости Украины и никогда не признаем незаконные аннексии России;

— Мы продолжим и еще больше усилим поддержку Украины и будем это делать так долго, как это необходимо;

— Союзники будут помогать Украине в ремонте ее энергетической инфраструктуры и защите ее населения от ракетных атак;

— Мы будем продолжать укреплять наше партнерство с Украиной по мере того, как она продвигает свои евроатлантические устремления;

— Безопасность Финляндии и Швеции имеет непосредственное значение для НАТО, в том числе во время процесса вступления;

— Мы подтверждаем решения, которые мы приняли на бухарестском саммите 2008 года (о перспективе членства для Украины и Грузии ), и все последующие решения в отношении Грузии и Украины.

Скука смертная. Но денег на ремонт инфраструктуры и какие-то системы ПВО дадут Украине скорее всего.",,,
26988,"Венгрия не согласится на проведение комиссии Украина-НАТО, пока Киев не вернет права венгерскому нацменьшинству — глава МИД Венгрии. 

Венгрия блокирует участие Украины в мероприятиях НАТО с 2017 года. Главной причиной стал принятый тогда закон об образовании, согласно которому обучение во всех школах должно осуществляться на украинском языке. Это ущемляет права венгерского населения, которое проживает в Закарпатской области и составляет около 12% населения региона.",,,
26989,"Замминистра обороны Польши Марчин Очепа заявил, что в Варшаве считают вероятность войны с польским участием «крайне высокой».

«Какова вероятность войны, в которой мы будем принимать участие? Крайне высокая», — сказал он.

1200 убитых на Украине польских наёмников видимо показалось мало 🤡",,,
26990,"Россия исчерпывает запасы боеприпасов и просит у Ирана ракеты — Столтенберг.

__«Ни Иран, ни какая-либо другая страна не должны предоставлять России ракеты, дроны или что-либо другое, что может помочь продолжать эту агрессивную войну против Украины»__, — предупредил генсек НАТО.

Зато Украину можно всем западным миром снабжать, это другое.",,,
26991,Славянск,,,
26992,"💥 ВС РФ наносят удары по объектам в районе Славянска и Краматорска.

Ранее сообщалось также о взрывах в Херсоне и Сумской области.",,,
26993,"ВСУ обстреляли город Шебекино, села Муром и Новая Таволжанка, пострадавших нет — Гладков",,,
26994,🟢🟢🟢🟢🟢🟢🟢[ УЗНАЙ ПРАВДУ](https://t.me/+Y4kXXZFWInZhOTUy) 🟢🟢🟢🟢🟢🟢🟢,,,
26995,"Воздушная тревога на Украине пошла на третий круг. 

Одна из них будет не холостая, а вот какая именно... 😏",,,
26996,"Польша не собирается отдавать Украине свои зенитно-ракетные комплексы Patriot, заявил премьер Моравецкий",,,
26997,"В общем так весь день будет, судя по всему, и не только сегодня",,,
26998,Повторная тревога на востоке Украины,,,
26999,"Решение об отмене заседания комиссии по ДСНВ принималось на политическом уровне, иного выбора не оставалось, ситуация вокруг Украины также сказалась на этом решении — замглавы МИД РФ Рябков",,,
27000,"Венгрия возобновила блокаду участия Украины в заседаниях НАТО.

Как сообщили в МИД Украины, полноценное участие министра иностранных дел Дмитрия Кулебы в официальной встрече глав МИД стран НАТО в Бухаресте заблокировано по требованию Венгрии.",,,
