Index,Post,Trans,Label,Type
13001,"**👀Це командний пункт французької армії в рамках навчань ORION-23, всередині та ззовні. 

**🤷‍♂️Зазначається, що це не для протистояння звичайним військам, а для можливої ескалації у Сахелі. 

😐Оцініть практичність цієї конструкції на реальному театрі бойових дій по шкалі від 1 до 10.",,,
13002,"**⚡️****Наші друзі з окремого підрозділу ЗСУ** **«УНСО Київ» оголошують набір в свої лави.

**🫡Якщо у вас є бажання долучитися до підрозділу та захищати країну - [заповнюйте анкету](https://docs.google.com/forms/d/e/1FAIpQLSf5fXXE9gAC_gkj_0lo68nwKvkZzJXay3CeigpMjG2DdhuTWw/viewform?usp=sf_link) або звертайся по номеру** +380 (63) 678 29 20.

**🇺🇦Запиши своє ім’я на сторінках української історії!",,,
13003,"🇺🇸**США обміняли баскетболістку Брітні Ґрінер

**🏀Американка раніше виступала за олімпійську збірну США, а від 2016-го року почала грати за команду УГМК з Єкатеринбурга, яка є чинним чемпіоном Московії та Євроліги.

✈️Історія розпочалася 17 лютого 2022, коли її затримали в аеропорту Шеремєтьєво, нібито за перевезення гашишного масла — наркотичної речовини. 4 серпня її приговорили до 9 років позбавлення волі, та одного мільйону рублів штрафу.

💰За спортсменку московія вимагала торгівця зброєю Віктора Бута, якийсь після розпаду СРСР заснував приватну компанію і постачав тони різноманітної зброї до країн Африки.  Його затримали 6 березня 2008-го року в Таїланді, за поданням прокуратури США. 2010-го його екстрадували до США, а 2012-го ухвалили вирок — 25 років ув'язнення та 15 мільйонів доларів штрафу.

🇦🇪Обмін відбувся в аеропорту Абу-Дабі, з юридичної точки зору баскетболістка та торговець зброєю були помилувані.

[Магазин](https://deepstateua.shop/)🛑[Блог](https://deepstateua.com/)🛑[Мапа](https://deepstatemap.live/)🛑[Написати нам](http://t.me/newsDeepStatebot)🛑[Звіти](https://help.deepstateua.com/)🛑[ЗСУHelp](https://t.me/help_deepstateua)",,,
13004,"🕶🕶🕶** на фронтах станом на 7 грудня

****⏩****На кордоні з біломосковією **[-](https://deepstatemap.live/) без змін. 7-8 грудня незаконні збройні формування помилки на політичній карті світу проведуть антитерористичні навчання з перекиданням техніки.[[пруф](https://www.reuters.com/world/europe/belarus-move-military-equipment-forces-check-terrorism-response-2022-12-07/)]

**⏩****На** **Сватівському** напрямку - тривають позиційні бої.

**⏩****Бахмутський **відтинок - в Білогорівці тривають стрілецькі бої, ціною втрат та героїзму, нашим воїнам вдається стримати кацапів. Ворог повідомляє про захоплення всієї Яковлівки, інформація перевіряється. На східних околицях Бахмута більшовикам вдалося зайняти позиції в лісі, захопити віконний завод та міське сміттєзвалише.

**⏩****Авдіївський** відтинок - йдуть важкі бої, без змін. 
 
**⏩****Запорізький **відтинок - без змін. 

**⏩****Таврійський** відтинок - без змін. 

⏺⏺Оновлення протягом 20 секунд.

🕶 Триває збір привітань до проекту ""Фронтова стіна"". 24 грудня на сайті мапи з'явиться у вигляді додаткового функціоналу. Наші військові можуть надсилати вітання зі святами країні, своєму місту/селищу/селу чи близьким через [спеціальну форму](https://forms.gle/LpDArSHnWM8o47YS8). 

[🖍](https://deepstatemap.live/#6/49.438/32.053)У випадку **неточностей на карті**, ви можете нам повідомити через бот @newsdeepstatebot. 

🛑Нагадуємо, що в загальному доступі не може існувати точної карти бойових дій, а інформацію, як переможну так і не дуже, завжди краще сприймати зі скепсисом і чекати візуальних підтверджень чи повідомлення ГШ ЗСУ. Ну і звісно, довіряйте перевіреним джерелам.",,,
13005,"🕶 **Адвент. День 7 - село Берестове, Донеччина

**🔫 Ворог не міг взяти місто піхотними підрозділами, тому для того, щоб змусити ЗСУ відійти, було прийнято рішення просто стерти село артилерією. Більшовикам дуже дорого обійшлося його зайняти.

🇺🇦 deepstatemap.live/#16/48.7543/38.2568

⬇️У коментарях світлина без стиснення.",,,
13006,"🇺🇦 **Президента України Володимира Зеленського та ""дух України"" визнано персоною року за версією журналу Time

**[Магазин](https://deepstateua.shop/)🛑[Блог](https://deepstateua.com/)🛑[Мапа](https://deepstatemap.live/)🛑[Написати нам](http://t.me/newsDeepStatebot)🛑[Звіти](https://help.deepstateua.com/)🛑[ЗСУHelp](https://t.me/help_deepstateua)",,,
13007,"🥔**У біломосковії хочуть запровадити смертну кару за державну зраду для чиновників та військових - законопроект прийнятий депутатами у першому читанні** -** повідомила пресслужба Палати представників Національних зборів Білорусі

**📜Був ухвалений законопроект **""Про зміну кодексів з питань кримінальної відповідальності""**, де вносяться зміни до частини 2 статті 356 КК Білорусі. У відомстві зазначають, що такі заходи здійсненні з метою __""надання стримуючого впливу на деструктивні елементи, а також демонстрації рішучої боротьби зі зрадою державі""

__👀Схоже бульбофюрера почали хвилювати заклики про здачу в полон при наступі, а також присутність схвалення такої ідеї серед самих військових, адже ніхто вмирати через ідіотів не хоче, а прийшовши на українську землю саме така доля чекає на кожного ворога - смерть! 

🫠P.S. на картинці продемонстровано потенційний наслідок білорашок, які захочуть вторгнутися на нашу землю.",,,
13008,"🕶🕶🕶** на фронтах станом на 6 грудня

****⏩****На кордоні з біломосковією **[-](https://deepstatemap.live/) без змін. 

**⏩****На** **Сватівському** напрямку - тривають позиційні бої.

**⏩****Бахмутський **відтинок - ворог має незначні успіхи на східних околицях Бахмута. Продовжуються бої на східних та південних околицях міста.

⏺Кацапи активізувалися в районі Білогорівки та Спірного. Уточнено зелену зону в Білогорівці, судячи з відео удару ворогом по наших позиціях.

**⏩****Авдіївський** відтинок - бої в Первомайському. Ближче до Авдіївки ворог починає насичення артилерією, останні два дні її стало відчутно більше. Ворог атакував наші позиції східніше Водяного, результат невідомий. Тривають спроби ворога просунутися до Невельського та до центру Мар'їнки. 
 
**⏩****Запорізький **відтинок - без змін. Проведено уточнення в Новодарівці.

**⏩****Таврійський** відтинок - без змін. 

⏺⏺Оновлення протягом 30 хвилин.

🕶 Сьогодні стартував проект ""Фронтова стіна"". 24 грудня на сайті мапи з'явиться у вигляді додаткового функціоналу. Наші військові можуть надсилати вітання зі святами країні, своєму місту/селищу/селу чи близьким через [спеціальну форму](https://forms.gle/LpDArSHnWM8o47YS8). 

[🖍](https://deepstatemap.live/#6/49.438/32.053)У випадку **неточностей на карті**, ви можете нам повідомити через бот @newsdeepstatebot. 

🛑Нагадуємо, що в загальному доступі не може існувати точної карти бойових дій, а інформацію, як переможну так і не дуже, завжди краще сприймати зі скепсисом і чекати візуальних підтверджень чи повідомлення ГШ ЗСУ. Ну і звісно, довіряйте перевіреним джерелам.",,,
13009,"🕶 **Адвент. День 6 - Григорівка та Білогорівка

**🔫Якщо враховувати концентрацію ям від роботи артилерії, то це можливо найбільш ""побите"" місце у цій війні. Влітку ворог готував собі плацдарм для висадки та подальшого захоплення Сіверська, тому по цим селам наносився шквальний вогонь. Коли наші втратили Білогорівку, то вже наша артилерія змушувала ворога зупинитися.

⬇️У коментарях світлина без стиснення.",,,
13010,"🇱🇹🏗**Сьогодні у Литві демонтують 6 стел із зображенням солдат Радянського союзу 

**На столичному цвинтарі **Антакальніс** у Вільнюсі триває демонтаж пам'ятника, що присвячувався ""__звільненню Литви та Європи від нацизму__"" (за словами посольства Московії), проте мер Вільнюса чітко окреслив позицію уряду: 

💭«__Ми робимо це шанобливо, чітко, могили не руйнуємо, і ми очистимо себе від цього радянського символу. **Щасливий день, щасливий момент**.. Всім зрозуміло, про що це місце і що це не надгробок, **а ідеологічний знак** на території цвинтаря, що є неадекватним у західному світі.»__, - зазначив очільник міста Ремігіюс Шимашюс. 

🤕Посольство Московії вже відреагувало та як зазвичай назвало демонтаж **""__актом вандалізму__""**:

💭«__Такі варварські знущання над мертвими викликають у кожної нормальної людини лише глибоке презирство та небачене обурення__»

🤷‍♂️Опісля демонтажу вивезені скульптури муніципалітет обіцяє передати Національному музею Литви. Це має відбутись **вже наступного тижня. 

**🕵🏻‍♂️**Цікавий факт** - комітет з прав людини ООН закликав місцевий уряд не зносити меморіал, оскільки кілька громадян Литви, що ідентифікують себе ""етнічними росіянами"", намагались оскаржити рішення про демонтаж меморіалу. Однак мер Вільнюса заявив, що муніципалітет не має наміру звітувати перед комітетом щодо знесення постаменту.",,,
13011,"🦅**46-та бригада передає велику подяку всім підписникам DeepStateUA, які долучаються до волонтерських зборів!

**🔥Ви найкращі! Кожному велике дякую, хто віддає частинку себе для нашої перемоги! А нашим славним воїнам велика шана! Ви наша стіна, наша надія і сила! 

**🇺🇦Слава ЗСУ!

**🇺🇦Нагадуємо про наш [волонтерський канал ЗСУ Help](https://t.me/help_deepstateua)",,,
13012,"**🇺🇦****🤕Українці та подолання посттравматичного розладу

**💭__Війна в Україні підняла рівень стресу та відчуття небезпеки в колективній свідомості, що часто стає  причиною розвитку ПТСР – посттравматичного стресового розладу. Психотерапевти знають, як вилікувати одну людину, але що робити, коли допомоги потребує ціла нація?

__**🕔Орієнтовний час прочитання: ~5 хвилин.

**__👇Детальніше за посиланням на нашому блозі: 

__deepstateua.com/ukrayintsi-ta-podolannia-posttravmatichnogho-sindromu",,,
13013,"🎉**У День ЗСУ додому повернулось 60 воїнів ****🇺🇦**** ЗСУ, ****🇺🇦****НГУ, ****⚓️****ВМС та ****🛡****Держприкордонслужби

**Із них 34 це оборонці Маріуполя, 14 з яких пройшли Азовсталь. Загалом серед звільнених 15 офіцерів.  

Вік звільнених від 21 до 58 років, у тому числі додому повертається двоє жінок.

[Магазин](https://deepstateua.shop/)🛑[Блог](https://deepstateua.com/)🛑[Мапа](https://deepstatemap.live/)🛑[Написати нам](http://t.me/newsDeepStatebot)🛑[Звіти](https://help.deepstateua.com/)🛑[ЗСУHelp](https://t.me/help_deepstateua)",,,
13014,"**🕶****🕶****Друзі, ще раз вітаємо наші рідні Збройні Сили України

**🇺🇦 Ми знаємо, що нас читає багато військових, тому** 24 грудня на сайті карти з'явиться ""Фронтова стіна"". **Це наш маленький проект, який ставить на меті показати єдність тих, хто на фронті та тих, кого захищають. Бо останніх можна всюди почути/побачити в соцмережах постійно, а на лінії зіткнення це не так просто. 

🇺🇦 Тому запрошуємо тих, хто зараз зі зброєю в руках захищає нашу країну, долучитися до проекту і за можливості написати свої побажання країні, своєму місту/селищу/селу чи близьким. 

🕶 У формі ми **не збираємо ел.пошт, конфіденційних чи безпекових даних**. Лише побажання і підпис від кого (наприклад ""від 93 ОМБр""). Всі відповіді **будуть модеруватися** і 24 числа з'являться у вигляді додаткового функціоналу на сайті мапи. 

**👉🏻Форма - ****https://forms.gle/LpDArSHnWM8o47YS8**",,,
13015,"**Ми говоримо ""Слава Україні!"" — вони роблять ""Смерть ворогам!""**😈

🇺🇦 **Збройні Сили України** - сьогодні це слова спокою, віри, надії, захисту і поваги. Сила, яка стримує ворога вдень і вночі. Залізні люди, які мають надлюдські можливості, і якими захоплюється весь світ. Вони роблять неймовірне, вони приклад сьогоднішньої військової справи і вони гордо стоять в лавах серед найкращих армій світу - так показала практика. 

👏🏻Пишаємося нашими воїнами, які боронять нашу державу! Віримо в нашу армію та дякуємо за мирне небо!

**🇺🇦З Днем Збройних Сил України!** **Слава Україні! Слава ЗСУ!**",,,
13016,"**🕶**** Адвент. День 5 - центр Маріуполя

****🔄** Відносні оцінки руйнувань Маріуполя є значно перебільшеними і вони менші, ніж в тій же Попасній чи Рубіжному, але в абсолютному плані Маріуполь є сумним лідером по кількості знищеної забудови та жертв серед мирного населення. Наприклад південна і північна частина міста доволі уцілілі, а от центр, район Азовсталі та мікрорайони/квартали західніше центру знищені та спалені. 

🇺🇦 За різними оцінками гарнізон міста складав від 4 до 8 тисяч бійців, з яких приблизно 1400 бійці полку ""Азов"". Для оборони міста, яке вміщає півмільйона жителів, це мізерна цифра. Потрібно в десять разів більше, але саме в цьому і полягає подвиг оборонців Маріуполя, які не здавалися до 18 травня, що вони змогли зробити в 10 разів більше, ніж могли. Проявивши надлюдські зусилля та професіоналізм у плануванні оборони, нашим бійцям вдалося організувати зразкову оборону. 

🇺🇦 Сподіваємося найближчі обміни повернуть назад всіх захисників міста, а над самим Маріуполем знову майорітиме наш стяг і ходитимуть азовці.

⬇️У коментарях світлина без стиснення.",,,
13017,"🕶🕶🕶** на фронтах станом на 5 грудня

****⏩****На кордоні з біломосковією **[-](https://deepstatemap.live/) зафіксовано перекидання щонайменше 10 одиниць ЗРК «Тор-М2» залізницею в бік міста Борисов. Без змін.

**⏩****На** **Сватівському** напрямку - бої в Новоселівському тривають, орки через ""воєнкорів"" намагаються видати взяття декількох вулиць за стратегічний успіх. 

**⏩****Бахмутський **відтинок - продовжуються активні бойові дії по всій ділянці фронту. Ситуація в Яковлівці все ще потребує уточнення. 

**⏩****Авдіївський** відтинок - важкі бої тривають, попередньо без успіхів з боку ворога.
 
**⏩****Запорізький **відтинок - без змін. 

**⏩****Таврійський** відтинок - без змін. 

⏺⏺Змін на лінії фронту не зафіксовано, тому оновлення найближчим часом не буде.

🌐У цілому ситуація на фронті напружена, окрім важких боїв поряд стають також погодні умови, які ускладнюють процес війни. Ворог намагається тиснути в районі Донецької області, прощупує оборону на півночі, а також готує оборону на півдні. Критичних змін не відбулося, тож слідкуємо за інформацією та віримо в ЗСУ!

🚀Сьогодні була чергова ракетна атака нашої країни з метою ще більше пошкодити сектор критичної інфраструктури, але плани ворога зруйнували наші захисники неба. Велика подяка нашим ППО, які відпрацювали сьогодні досить ефективно, збивши 86% цілей. Практика показує, що збільшення кількості систем протиповітряної оборони дасть можливість захистити небо країни, тож нам необхідно більше такої зброї. 

[🖍](https://deepstatemap.live/#6/49.438/32.053)У випадку **неточностей на карті**, ви можете нам повідомити через бот @newsdeepstatebot. 

🛑Нагадуємо, що в загальному доступі не може існувати точної карти бойових дій, а інформацію, як переможну так і не дуже, завжди краще сприймати зі скепсисом і чекати візуальних підтверджень чи повідомлення ГШ ЗСУ. Ну і звісно, довіряйте перевіреним джерелам",,,
13018,"**⚠️****З'явилися фото пошкодженого Ту-22М3

**🧐Рульова частина отримала значні пошкодження, а залишки крові свідчать про постраждалих ванюшек, або як справедливо зазначають в коментарях це тосол з машини.

[Магазин](https://deepstateua.shop/)🛑[Блог](https://deepstateua.com/)🛑[Мапа](https://deepstatemap.live/)🛑[Написати нам](http://t.me/newsDeepStatebot)🛑[Звіти](https://help.deepstateua.com/)🛑[ЗСУHelp](https://t.me/help_deepstateua)",,,
13019,"**🇺🇦****В мережі виклали знищений ворожою артою центр Мар'їнки

**[Магазин](https://deepstateua.shop/)🛑[Блог](https://deepstateua.com/)🛑[Мапа](https://deepstatemap.live/)🛑[Написати нам](http://t.me/newsDeepStatebot)🛑[Звіти](https://help.deepstateua.com/)🛑[ЗСУHelp](https://t.me/help_deepstateua)",,,
13020,"❤️‍🔥**Волонтер - людина, яка йде завжди за покликом серця. А серце волонтера найгарячіше навіть в найбільш холодні дні!

**🦾Хочемо сьогодні привітати кожного, хто не може стояти осторонь, хто запалює вогник в очах людей, де вже згасла надія. Тих, хто сьогодні, віддає свій час, свої ресурси, енергію та світло для наших воїнів, які захищають нашу країну від російського окупанта. 

🤝Безмежно вдячні кожному, хто долучається до будь-якої волонтерської допомоги. Пам'ятайте - навіть кожна маленька допомога є великим вкладом у нашу перемогу. І ми точно знаємо, що ми переможемо у цій війні, адже у нас є прекрасні волонтери, які віддадуть останнє заради благих цілей.

**🇺🇦З міжнародним днем волонтера!**",,,
13021,"🕶🕶🕶** на фронтах станом на 4 грудня

****⏩****На кордоні з біломосковією **[-](https://deepstatemap.live/) без змін. 

**⏩****На** **Сватівському** напрямку - тривають бої в Новоселівському. 

**⏩****Бахмутський **відтинок - ворог не припиняє штурму Бахмуту та його околиць: Опитне, траса біля Підгороднього, вулиця Лумумби. Невідомою залишається ситуація в Яковлівці.

**⏩****Авдіївський** відтинок - бої в Первомайському, ЗСУ пробували атакувати ворога між Первомайським та Водяним. Без змін. 
 
**⏩****Запорізький **відтинок - без змін. Українська артилерія завдала ударів по двом десяткам місць скупчень ворога.

**⏩****Таврійський** відтинок - без змін. 

⏺⏺Оновлення протягом 40 хвилин.

📷Світлина 24-ї бригади, яка пройшла горнило Попасної та Золотого, Херсонщини і тепер знову в дуже гарячій точці.

🇺🇦Нагадуємо, що триває волонтерський збір потреб [**на каналі ЗСУ Help**](https://t.me/help_deepstateua/221) для наших бійців, які зараз у найгарячішій точці. Нагадуємо підписатися, якщо хочете бути корисними фронту.

[🖍](https://deepstatemap.live/#6/49.438/32.053)У випадку **неточностей на карті**, ви можете нам повідомити через бот @newsdeepstatebot. 

🛑Нагадуємо, що в загальному доступі не може існувати точної карти бойових дій, а інформацію, як переможну так і не дуже, завжди краще сприймати зі скепсисом і чекати візуальних підтверджень чи повідомлення ГШ ЗСУ. Ну і звісно, довіряйте перевіреним джерелам.",,,
13022,"**🕶**** Адвент. День 4 - міжнародний аеропорт ""Херсон""

**✈️ Стоянка, територія біля злітно-посадкової смуги та приміщення летовища були перетворені ворогом у велику військову базу, перериту капонірами, в яких зберігалася техніка.

⬇️У коментарях світлина без стиснення.",,,
13023,"🦾🇺🇦**Збройні Сили України провели навчання поблизу кордону з Білоруссю

**🫠У меню були смажені деруни та картопля.

[Магазин](https://deepstateua.shop/)🛑[Блог](https://deepstateua.com/)🛑[Мапа](https://deepstatemap.live/)🛑[Написати нам](http://t.me/newsDeepStatebot)🛑[Звіти](https://help.deepstateua.com/)🛑[ЗСУHelp](https://t.me/help_deepstateua)",,,
13024,"🔫** Для розуміння у що ворожа артилерія перетворила село Первомайське, що біля Донецьк**а. Це вже не населений пункт, а поле з цегли. До вашої уваги ворожі кадри звідти

Фактично на руїнах наші бійці не дають ворогу пройти далі, вгризаючись за кожну уцілілу стіну. Іноді наші групи не встигають покидати СП і стоять до останнього набою. Про героїзм наших захисників має знати країна. 

🇺🇦 deepstatemap.live/#16/48.0747/37.6353

[Магазин](https://deepstateua.shop/)🛑[Блог](https://deepstateua.com/)🛑[Мапа](https://deepstatemap.live/)🛑[Написати нам](http://t.me/newsDeepStatebot)🛑[Звіти](https://help.deepstateua.com/)🛑[ЗСУHelp](https://t.me/help_deepstateua)",,,
13025,"🕶🕶🕶** на фронтах станом на 3 грудня

****⏩****На кордоні з біломосковією **[-](https://deepstatemap.live/) без змін. 

**⏩****На** **Сватівському** напрямку - уточнено ситуацію в Новоселівському, в якому ще тривають бої і ворог не має повного контролю над селом. Уточнено ситуацію західніше Кремінної.

**⏩****Бахмутський **відтинок - сьогодні ворог розпочав доволі масовану атаку зі східних околиць Бахмута, а також на Бахмутське та Соледар. У Бахмуті ворогу вдалося зайняти групу багатоповерхівок на Лумумби. Ситуація в Соледарі на даний момент невідома. Кацапи пробують підтиснути Бахмут з півдня, проте успіху не мали.

**⏩****Авдіївський** відтинок - постійно триває штурм Первомайського. Ситуація дуже складна, село виглядає як поле з цеглин.
 
**⏩****Запорізький **відтинок - без змін. 

**⏩****Таврійський** відтинок - без змін. Коли буде плацдарм на лівому березі, ми повідомимо. Зміна ситуації на одному острові у гирлі Дніпра суттєво нічого не змінює.

⏺⏺Оновлення протягом 40 хвилин.

📷На світлині руїни села Бахмутське.

🇺🇦Нагадуємо, що триває волонтерський збір потреб [**на каналі ЗСУ Help**](https://t.me/help_deepstateua/221) для наших бійців, які зараз у найгарячішій точці. Нагадуємо підписатися, якщо хочете бути корисними фронту.

[🖍](https://deepstatemap.live/#6/49.438/32.053)У випадку **неточностей на карті**, ви можете нам повідомити через бот @newsdeepstatebot. 

🛑Нагадуємо, що в загальному доступі не може існувати точної карти бойових дій, а інформацію, як переможну так і не дуже, завжди краще сприймати зі скепсисом і чекати візуальних підтверджень чи повідомлення ГШ ЗСУ. Ну і звісно, довіряйте перевіреним джерелам.",,,
13026,"🕶 **Адвент. День 3 - місто Попасна, що на Луганщині

**🔥 Бої за місто розпочалися вже в перший день повномасштабного вторгнення. Боротьба була за кожен будинок і квартал. Обидві сторони несли важкі втрати.

🔫 На жаль, артилерія ворога зробила свою справу і одна з найбільших битв цієї війни була виграна кацапами саме за рахунок неї. Пробивши оборону ДонУРу в цьому місці, ворог почав як паразит просочуватися. У результаті Світлодарськ втрачено без значних боїв, а подальший тиск ворога на північ від Попасної, змусив ЗСУ відійти спочатку з Сєвєродонецька, а потім і з Лисичанська. ""Бахмутська м'ясорубка"" вже є наслідком цих подій.

⬇️У коментарях світлина без стиснення.",,,
13027,"🟩⬜️🟥 **Уточнено ситуацію в Новоселівському, що на Сватівському напрямку

**Ворог не захопив село повністю, західну частину він ще не контролює. У зв'язку з цим, на карті очікуйте додаткове оновлення.

🇺🇦 deepstatemap.live/#16/49.5207/37.9575

[Магазин](https://deepstateua.shop/)🛑[Блог](https://deepstateua.com/)🛑[Мапа](https://deepstatemap.live/)🛑[Написати нам](http://t.me/newsDeepStatebot)🛑[Звіти](https://help.deepstateua.com/)🛑[ЗСУHelp](https://t.me/help_deepstateua)",,,
13028,"🇷🇺**Держава-терорист не зупиняється на Іспанії, а продовжує терор всієї української дипломатії

**📦Як більшість, мабуть, чула, 2 грудня синхронно прийшла серія сатанинських посилок до українських дипломатичних установ: 🇭🇺Угорщини, 🇳🇱Нідерландів, 🇵🇱Польщі, 🇭🇷Хорватії, 🇮🇹Італії, 🇨🇿Чехії та знову 🇪🇸Іспанії. Надійшли пакети просякнуті кров'ю, у яких лежали очі тварин.

🤡Окрім цього, будинок посла у 🇻🇦Ватикані обмазали лайном. А в 🇰🇿Казахстані повідомили про фейкове мінування посольства. Посольство в 🇺🇸США отримало ксерокопію антиукраїнської статті.

⚡️Найкращим коментарем про цю серію терору та залякування будуть слова глави МЗС Дмитра Кулеби: __«Маємо підстави вважати, що відбувається добре спланована кампанія терору та залякування посольств та консульств України. Не в силах зупинити Україну на дипломатичному фронті, нас намагаються залякати. Проте можу одразу сказати, що ці спроби марні. Ми й надалі ефективно працюватимемо на перемогу України»__",,,
13029,"🇱🇺**Люксембург передасть Україні позашляховики HMMWV

**🗣Про це повідомив міністр оборони Люксембургу Франсуа Бауш.

__«Армія Люксембургу та Міноборони підтримують Збройні сили України, надсилаючи додаткові високомобільні багатоцільові колісні транспортні засоби (HMMWV).
Вони посилять Україну у здійсненні її права на самооборону. Люксембург підтримуватиме Україну стільки, скільки буде потрібно»,__ - написав Бауш у Twitter.
👉Будьте в курсі найважливіших новин України t.me/UkraineNow

#реклама",,,
13030,"🕶🕶🕶** на фронтах станом на 2 грудня

****⏩****На кордоні з біломосковією **[-](https://deepstatemap.live/) без змін. 

**⏩****На** **Сватівському** напрямку - відновилися активні бойові дії. Ворог не контролює частину або навіть все село Ягідне. Кацапи захопили Новоселівське. У районі Червонопопівки ворог повідомляє про відступ.

**⏩****Бахмутський **відтинок - бої в районі Бахмутського, одна з наших атак закінчилася невдало. Тривають бої в районі Опитного.

**⏩****Авдіївський** відтинок - сили оборони досягають чималих успіхів у ліквідації окупантів в Первомайському та на околиці Невельського. 
 
**⏩****Запорізький **відтинок - без змін. 

**⏩****Таврійський** відтинок - без змін. 

⏺⏺Оновлення протягом 20 хвилин.

⚡️Шукаємо генератор дизельний 3квт для 110 ОМБр, які тримають Авдіївку, а також два бензинових 5квт (однотактний) для ППО.

[🖍](https://deepstatemap.live/#6/49.438/32.053)У випадку **неточностей на карті**, ви можете нам повідомити через бот @newsdeepstatebot. 

🛑Нагадуємо, що в загальному доступі не може існувати точної карти бойових дій, а інформацію, як переможну так і не дуже, завжди краще сприймати зі скепсисом і чекати візуальних підтверджень чи повідомлення ГШ ЗСУ. Ну і звісно, довіряйте перевіреним джерелам.",,,
13031,"**📍**** Між Стельмахівкою та Коломийчихою один із кацапів здався у полон

**📹[Відео у фейсбук

](https://www.facebook.com/watch/?v=466580622224547)🇺🇦Локація - deepstatemap.live/#16/49.4633/37.9330

[Магазин](https://deepstateua.shop/)🛑[Блог](https://deepstateua.com/)🛑[Мапа](https://deepstatemap.live/)🛑[Написати нам](http://t.me/newsDeepStatebot)🛑[Звіти](https://help.deepstateua.com/)🛑[ЗСУHelp](https://t.me/help_deepstateua)",,,
13032,"📍**Ворог повернув собі контроль над Новоселівським

**Пару днів тому з'явилося повідомлення, що ворог розпочав штурмові дії в даному районі. Судячи з відео, вони були успішні.

📹На початку листопада з'явилося відео нашого успішного штурму села, де будівлі були більш цілими. Кадри закінчувалися пораненням одного з наших бійців. Дехто навіть вирішив видати кадри за Херсонщину, що було брехнею.

🇺🇦Локація - deepstatemap.live/#16/49.5255/37.9544

[Магазин](https://deepstateua.shop/)🛑[Блог](https://deepstateua.com/)🛑[Мапа](https://deepstatemap.live/)🛑[Написати нам](http://t.me/newsDeepStatebot)🛑[Звіти](https://help.deepstateua.com/)🛑[ЗСУHelp](https://t.me/help_deepstateua)",,,
13033,"🕶 **Адвент. День 2 - місто Рубіжне, що на Луганщині

**🔥 Важкі бої за місто відбувалися тривалий час, адже воно стало передовим для утримання рубежів на північний захід від Сєвєродонецька. Для прикладу, північна частина майже ціла, а центр і південь є фактично знищеними. Це демонструє той факт, що ворог не шкодував снаряди для арти, а наші такої підтримки тоді не мали.",,,
13034,"**📍****Друзі, починаємо наш п'ятничний географічний квест о 21:00

****🧭****Заходимо і реєструємося - ****https://www.geoguessr.com/join/SCCC****

**👨‍👩‍👧‍👦Перші п'ять місць зможуть стати учасниками нашого OSINT-діалогу, але звісно після верифікації. Переможцям писати в наш бот @newsdeepstatebot (не забудьте скрін місця)",,,
13035,"**❕Друзі, сьогоднішній квест пройде о 21:00!

**🫠Ще трошки почекайте",,,
13036,"🇪🇺🛢**Країни-члени Європейського Союзу (ЄС) **[узгодили](https://www.bloomberg.com/news/articles/2022-12-02/eu-agrees-to-set-60-price-cap-level-for-russian-oil-exports?fbclid=IwAR16Cs5ceJBHibZuWRTSqdRvOk62f7gc9mgTT8WAoEAkUDdZD2S1glsQL9Y)** граничну ціну на русняву нафту на рівні 60 доларів за барель

**📈Остаточна ціна має закріпитися** 5 грудня** після запровадження загальноєвропейського ембарго на морські постачання нафти.

🫠10$ - ""можем павтаріть""",,,
13037,"__""Їх просто потрібно знищити, щоб вони перестали існувати як країна в тих межах, в яких вони існують...""__ - **Секретар РНБО Данілов про русню

👀І** тут світ знову поділився. На тих, хто вважає ці слова базою і на тих, хто скаже, що так говорити і робити не можна. 

🫠Друзі, а ви як думаєте? База?",,,
13038,"🛡 **Трохи про неприємне, а саме про труднощі, з якими доводиться стикатися під час волонтерської роботи

**1️⃣Це наші ""дорогі"" українці, які наварюються в 200-300% прибутку і спокійно за рахунок війни піднімають собі капітал. До прикладу, товар Х коштує в Європі 400-500 доларів, це умовно 20К грн. Ці особи продають товар по 40К грн і для ЗСУ знижку часто робити відмовляються. Або ж придумують дуже хитро - кажуть, що це вже ціна зі знижкою. На жаль, цих людей не перевчиш і ніяк не вплинеш, тож доводиться дуже часто мати справу з покупкою з-за кордону і тут випливає друга проблема.

2️⃣Митниця, як наша так і , до прикладу, польська. Існує велика проблема з доставкою військового спорядження, яку тижнями можуть тримати на кордоні просто так, при тому що наявні всі документи, чеки і тд. Варто звернути увагу, що багато людей допомагають з власної ініціативи і не у всіх є якісь офіційні запити від в/ч і це створює ще додаткові труднощі. А ще дуже часта проблема - небажання командирів давати такі запити і брати на баланс якісь потрібні речі на передову. А такі проблем дуже багато. 

🫡Знаємо, що не тільки ми стикаємося з даними труднощами. Також знаємо, що знайдуться експерти, які скажуть, що це не так і наведуть купу аргументів як воно ""насправді"" працює. Але практика показує зовсім інше - і ми з нею зіштовхуємося вже 9-й місяць. Теорія завжди добре, але практика завжди була є і буде рушієм першої.

🧐А ще ми знаємо, що нас читає багато фахових людей, депутатів, чиновників та публічних людей. І ми впевнені, що багато волонтерів скажуть, що варто якось налагоджувати ці питання, адже війна сама по собі не виграється, а попереду дуже важкі часи. Варто сприяти людям, які віддають свій час і ресурси задля перемоги, а не створювати для них додаткові проблеми. 

🇺🇦Разом переможемо!",,,
13039,"[🤔](https://i.imgur.com/Ak0bQDu.jpeg)**Країна-терорист почала тиснути на Іспанію, з метою змусити відмовитись від допомоги Україні?

30 листопада:

**📦На адресу українського посла в Мадриді прийшла бандероль у великому пакеті, яка під час огляду вибухнула, поранивши одного співробітника посольства (пошкоджений безіменний палець). Кулеба доручив посилити заходи безпеки в усіх українських посольствах.

👀Через кілька годин після вибуху в посольстві, аналогічна посилка надійшла в офіс компанії Instalaza, що розташований за 250км від столиці, у місті Сарагоса. Компанія займається розробкою гранатометів C90-CR (M3). Вибух вчасно попередили, ніхто не постраждав.

**1 грудня:

**✈️Працівники служби безпеки за допомогою рентгенівського сканування виявили конверт з невідомим механізмом на авіабазі поблизу міста Торрехон-де-Ардос. Звідси часто злітають літаки, що возять допомогу Україні.

🇺🇸Ще одну посилку знайдено в посольстві США.

🪖Аналогічна посилка прийшла до іспанського міністерства оборони.

💣Міністерство внутрішніх справ країни повідомило, що схожа посилка 24 листопада приходила на адресу прем'єр-міністра Педро Санчеса. Вона теж була вчасно знешкоджена.

⚡️Поштовий терор не є новинкою. Іноді це влаштовують терористи-одинаки з власних ідеологічних переконань, як фізик-терорист Теодор Качинський у США, що боровся з технологічним прогресом надсилаючи ""пакунки смерті"" різним технологічним компаніям. Іноді ж, це влаштовується цілими організаціями, як вибухи 1998 та 2001 у США, відповідальність за які взяла на себе Аль-Каїда.

📍Цікавою є локація, де знайдено одну з вибухівок — місто Сарагоса. У часи Холодної війни тут діяли одразу дві ліві терористичні організації GRAPO та ETA. Обидві сиділи на грантах від КДБ і займалися звичайним терором: закладали вибухівки, влаштовували перестрілки та закидали коктейлями молотова неугодні їм установи чи людей, на яких вказували куратори з КДБ. Організація ГРАПО (Група патріотичного антифашиського руху першого жовтня) припинила свою діяльність у 1991. А терористи з ЕТА, які виступали за сепаратизм і поділ Іспанії на кілька держав, продовжували свою діяльність і в 00-х, залишившись без кураторів з КДБ. Лише в 2017 вони офіційно заявили про припинення своєї діяльності та розброєння. Аж тут, через короткий проміжок часу з'являються анархісти під ім'ям Prensa Ibérica, що надсилали листи з вибухівкою страховій компанії Generealli. 
І ось, схоже, маючи вже певний досвід, ліва агентура ФСБ починає з нової сторінки свій терор.",,,
13040,"🎉**У перший день зими з московського полону додому повернулось 50 українців

**🔄 Звільненого 4 офіцерів та 46 військовослужбовців рядового та сержантського складу. Вік звільнених від 19 до 59 років.

Бригади НГУ:__ 4-та____⚔️____, 12-та____🇺🇦____, та 21-ша____🇺🇦____, 

__Бригади ЗСУ:__ 14-та____♠____, 24-та____🦁____, 25-та____🦅____, 28-ма____✝____, 56-та____⚔____, 57-ма____👆____, 59-та____🪢____, 66-та____🇺🇦____, 72-га____💀____, 79-та____🗡️____, 81-ша____🦅____ й 115-та__⚔

Бригади та батальйон ТРО:__ 105-та____🗝____, 107-ма____🦅____, 109-та____⚔____ та 114-й____😇____, а__ ще з Макачівського ТЦК та СП

Бригади та батальйони ВМС:__ 36-та____⛵____, 501-ий____🇺🇦____ та 503-ий__🇺🇦 

🇺🇦14 військовослужбовців пройшли Маріупольську битву, у тому числі 8 побували й на Азовсталі. У когось ампутовані кінцівки. 

__🇺🇦____«Від 24 лютого з ~~російського~~ московського полону повернули більше 1 300 українців__» — Зеленський",,,
13041,"🕶🕶🕶** на фронтах станом на 1 грудня

****⏩****На кордоні з біломосковією **[-](https://deepstatemap.live/) без змін. 

**⏩****На** **Сватівському** напрямку - чекаємо інформації за попередні дні.

**⏩****Бахмутський **відтинок - навколо Бахмута активні бої на схід та південь від міста. У районі сміттєзвалища завдано удару по кацапам. Ворог [захопив Курдюмівку](https://t.me/DeepStateUA/14809). Судячи з динаміки, ворог намагатиметься підійти до Кліщіївки і захопити її.

**⏩****Авдіївський** відтинок - незначні просування ворога біля Невельського.
 
**⏩****Запорізький **відтинок - без змін. 

**⏩****Таврійський** відтинок - без змін. 

⏺⏺⏺Оновлення протягом 30 хвилин.

⛪️РНБО просить законодавчо заборонити роботу УПЦ МП в Україні. Нарешті.

🇺🇦Нагадуємо, що триває волонтерський збір потреб [**на каналі ЗСУ Help**](https://t.me/help_deepstateua/221) для наших бійців, які зараз у найгарячішій точці. Нагадуємо підписатися, якщо хочете бути корисними фронту.

[🖍](https://deepstatemap.live/#6/49.438/32.053)У випадку **неточностей на карті**, ви можете нам повідомити через бот @newsdeepstatebot. 

🛑Нагадуємо, що в загальному доступі не може існувати точної карти бойових дій, а інформацію, як переможну так і не дуже, завжди краще сприймати зі скепсисом і чекати візуальних підтверджень чи повідомлення ГШ ЗСУ. Ну і звісно, довіряйте перевіреним джерелам.",,,
13042,"📆 В європейських країнах є така традиція - Адвенту. Простими словами це - піст, під час якого є традиція дарувати дітям щодня якісь дрібнички. Маркетологи в ХХІ сторіччі обіграли і це релігійне свято, надаючи певні переваги покупцям. Ми ж почнемо свій Адвент для наших підписників, який складатиметься з цікавих супутникових світлин, пов'язаних з повномасштабною агресією проти України

🕶 **День 1 - романівський міст між Києвом та Ірпенем. 

**🚕 Не всі люди, які рятувалися втечею на авто, змогли це зробити. На світлині видно, що колона не встигла розсмоктатися і автовласники просто залишили свої транспортні засоби. Кадри нагадують фільм-апокаліпсис, що власне і відбувалося в перші дні війни.",,,
13043,"**📍**** Зафіксовано ворога в Курдюмівці біля залізничного вокзалу

**Сьогодні отримали звістку від бійців, що ""під**и в Курдюмівці"" і вже у мережі з'явилася світлина ПВК ""вагнер"" звідти. Звертаємо увагу на використання нашої військової форми ворогом. Про дату на табличці - не довіряли б.

🇺🇦 Локація - deepstatemap.live/#16/48.4623/37.9611

[Магазин](https://deepstateua.shop/)🛑[Блог](https://deepstateua.com/)🛑[Мапа](https://deepstatemap.live/)🛑[Написати нам](http://t.me/newsDeepStatebot)🛑[Звіти](https://help.deepstateua.com/)🛑[ЗСУHelp](https://t.me/help_deepstateua)",,,
13044,"**⛳️****Продовжується дерашизація в Україні. У місті Ізмаїл, Одеської області демонтували пам'ятник московському полководцю Олександру Суворову

**🧐Нагадуємо для спеціальних ""поціновувачів історії"", що цей __полководець__ був організатором придушень національно-визвольних повстань та депортацій, зокрема придушення Коліївщини в Правобережній Україні. Був улюбленцем Катерини ІІ, пам'ятник якій також неодмінно нарешті знесуть. 

🤨А також нагадаємо [фото] як пам'ятник відкривався у вересні 2012 року в Одесі, і які прихильники там були присутні.

🚽московській історії не місце в Україні. Знищуємо русню а разом і все, що з нею пов'язане.",,,
13045,"🇺🇸**США розглядає можливість навчати 2500 українських солдат на місяць у Німеччині - **[CNN

](https://edition.cnn.com/2022/11/30/politics/us-military-expanding-training-ukraine/index.html)__""Згідно з новою програмою, США почнуть навчати набагато більші групи українських солдат більш складній тактиці ведення бою, включаючи координацію маневрів піхоти за підтримки артилерії"".

__[Магазин](https://deepstateua.shop/)🛑[Блог](https://deepstateua.com/)🛑[Мапа](https://deepstatemap.live/)🛑[Написати нам](http://t.me/newsDeepStatebot)🛑[Звіти](https://help.deepstateua.com/)🛑[ЗСУHelp](https://t.me/help_deepstateua)",,,
13046,"🕶🕶🕶** на фронтах станом на 30 листопада

****⏩****На кордоні з біломосковією **[-](https://deepstatemap.live/) без змін. 

**⏩****На** **Сватівському** напрямку - чекаємо інформації за попередні дні.

**⏩****Бахмутський **відтинок - Спірне, Соледар, Бахмутське - тривають спроби штурму кацапами. Уточнено ситуацію в східній околиці Бахмута за останні 7 днів. Опитне: тривають бої в межах населеного пункту. Західніше Опитного ворожі ДРГ намагаються проникнути на північ в бік Бахмута. Зеленопілля під ворогом, Курдюмівка схоже нічийна, але ще чекаємо точної інформації.

**⏩****Авдіївський** відтинок - сьогодні артилерія змогла змусити ворога трохи відійти назад у Первомайському. По Мар'їнці новин так і нема, але судячи з всього там просування ворога зупинилося.
 
**⏩****Запорізький **відтинок - без змін. 

**⏩****Таврійський** відтинок - без змін. 

⏺⏺⏺Оновлення протягом 30 хвилин.

🇩🇪Бундестаг визнав Голодомор 1932-1933 років геноцидом українського народу, що є важливим кроком в політичному протистоянні України та московії. 

🇺🇦Нагадуємо, що триває волонтерський збір потреб [**на каналі ЗСУ Help**](https://t.me/help_deepstateua/221) для наших бійців, які зараз у найгарячішій точці. Нагадуємо підписатися, якщо хочете бути корисними фронту.

[🖍](https://deepstatemap.live/#6/49.438/32.053)У випадку **неточностей на карті**, ви можете нам повідомити через бот @newsdeepstatebot. 

🛑Нагадуємо, що в загальному доступі не може існувати точної карти бойових дій, а інформацію, як переможну так і не дуже, завжди краще сприймати зі скепсисом і чекати візуальних підтверджень чи повідомлення ГШ ЗСУ. Ну і звісно, довіряйте перевіреним джерелам.",,,
13047,"**🤡**** Воєнкор із кущів, як його прозвали свої ж, знімає сюжет з ""сірої зони"", перебуваючи за 11 км від неї ж у Лисичанську

**[Магазин](https://deepstateua.shop/)🛑[Блог](https://deepstateua.com/)🛑[Мапа](https://deepstatemap.live/)🛑[Написати нам](http://t.me/newsDeepStatebot)🛑[Звіти](https://help.deepstateua.com/)🛑[ЗСУHelp](https://t.me/help_deepstateua)",,,
13048,"🇺🇦** Хедшот ВОГом від бійців 10 ОГШБр південніше Спірного

**🇺🇦 Локація - deepstatemap.live/#16/48.7903/38.2550

[Магазин](https://deepstateua.shop/)🛑[Блог](https://deepstateua.com/)🛑[Мапа](https://deepstatemap.live/)🛑[Написати нам](http://t.me/newsDeepStatebot)🛑[Звіти](https://help.deepstateua.com/)🛑[ЗСУHelp](https://t.me/help_deepstateua)",,,
13049,"**🇺🇦**[🔒](https://i.imgur.com/NPoKUKp.png)**Пароль, як ключ від вашого цифрового будинку

**🤷‍♂️Люди завжди намагаються добре захистити власне житло: декілька замків, сигналізація, охорона, консьєрж. Ми боїмося за своє майно, а тому вкладаємо великі ресурси, аби його зберегти. Однак, коли справа доходить до нашої ""електронної"" власності, то все, що його оберігає - елементарний пароль з восьми символів, який ми придумали ще у початковій школі. 

Сьогодні, у міжнародний день захисту інформації, один з наших авторів розповість про те, як швидко придумати та запам'ятати надійний пароль і захистити своє ""цифрове житло"".

**🕔Орієнтовний час прочитання: ~3 хвилини.

👇Цією статтею розпочинаємо цикл, де будемо розповідати про цифрову безпеку:

**deepstateua.com/parol-iak-kliuch-vid-vashogho-tsifrovogho-budinku

**❔Також відкриваємо набір редакторів на проект: якщо ви маєте відповідний досвід/освіту, то пишіть нам в бота.**",,,
13050,"**⚡️**** Погоня за сенсацією - ознака фахової непридатності журналістів великих ЗМІ

😵‍💫**Глава Єврокомісії Урсула Фон дер Ляєн випадково ""ляпнула"" про 100 тис вбитих українських офіцерів. Після цього твіт змінили, проте ЗМІ відразу рознесли «сенсацію». Чи мала на увазі Урсула і наші і ворожу сторону, чи говорила про наші втрати в контексті вбитих/поранених/зниклих/дезертирів/хворих - невідомо.

🤦🏻‍♂️Замість того, щоб звернутися до ЗСУ за коментарем чи спробувати з критичним мисленням опрацювати інформацію, всі одразу побігли розносити ""перемогу московської зброї"". Вже значна частина видань почистила заголовки, але ж ще ж є версії російською мовою 🧠.

😰Об'єктивно, цивільному населенню не легко: постійні відключення, інфляція, безробіття, іноді громадам доводиться ховати своїх земляків і людям тяжко, хоча всі готові терпіти до перемоги. Проте, деякі представники журналістики цього не розуміють і вирішили рознести сенсацію, яка не тільки підриває віру цивільних в перемогу, а й вносить дизмораль в ряди військових. 

⚡️Речник президента України Сергій Никифоров у коментарі Суспільному зазначив, що достовірну інформацію про втрати має озвучувати лише Головнокомандувач, міністр оборони або Верховний головнокомандувач України.

❗️Ми звертаємося до громадян, громадських ініціатив, які намагаються публічно встановлювати ці цифри, думаючи, що хтось їх приховує, це не так, не працюйте на ворога і не розводьте зраду. Опрацьовуйте інформацію відповідально!",,,
13051,"**🤡****І до клоунів: ворожа пропаганда в телеграмі захоплює українські населені пункти

**📹Вчора з'явилося одразу два репортажа кацапського видання ""ізьвєстія"". У першому відео демонструвалися кадри буцімто зі Спірного, після чого ворожі ресурси заявили про повний контроль над селом. Кадри не вдалося геолокувати як Спірне, до того ж ресурси близькі до ПВК ""вагнер"" самі ж висміяли кореспондента за зйомки в кущах.

🎪На вечір з'явилося відео цього ж кореспондента вже в Курдюмівці. По-перше, Курдюмівка вчора точно була під контролем ЗСУ. По-друге, після певного часу селище замінили на його околиці. Геолокувати точно двір фактично неможливо, хоча схожі є наприклад в Озарянівці, але дати 100% відповіді де був даний персонаж, практично неможливо. Точно не в місцях, де контролюють наші військові. У масштабах Всесвіту і Москва є околицею Києва.

🇺🇦**Загалом, ситуація на даній ділянці доволі складна, але не така, як малює ворог.

**[Магазин](https://deepstateua.shop/)🛑[Блог](https://deepstateua.com/)🛑[Мапа](https://deepstatemap.live/)🛑[Написати нам](http://t.me/newsDeepStatebot)🛑[Звіти](https://help.deepstateua.com/)🛑[ЗСУHelp](https://t.me/help_deepstateua)",,,
13052,"🕶🕶🕶** на фронтах станом на 29 листопада

****⏩****На кордоні з біломосковією **[-](https://deepstatemap.live/) без змін. 

**⏩****На** **Сватівському** напрямку - бої тривають, про зміни невідомо.

**⏩****Бахмутський **відтинок - тривають бої в Спірному, ворог заявив про його повний контроль, що не відповідає дійсності. В районі Бахмута тривають бої, ворог успіху не мав. А от південніше мав: наші війська відійшли з Андріївки. Немає підтверджень, що ворог взяв під повний контроль Зеленопілля та Курдюмівку, але й не виключаємо, що судячи з лінії фронту, наші могли відійти з цих сіл. Відео одного з кацапських кореспондентів зняте наче б то в Курдюмівці, швидше за все, було знято в Озарянівці. 

**⏩****Авдіївський** відтинок - ворог постійно штурмує Невельське та Первомайське. В останньому йому вдалося зайняти ще 200 метрів населеного пункту, яке більше схоже на бетонно-кам'яне поле. 
 
**⏩****Запорізький **відтинок - без змін. 

**⏩****Таврійський** відтинок - без змін. 

🔄Оновлення протягом 40 хвилин.

👨‍⚕️Сьогодні хочемо подякувати всім лікарям Бахмута та найближчих госпіталів, які витягують наших поранених навіть з того світу. 

🍖З приводу просувань ворога, всі наші бійці як один кажуть про те, що останній місяць тупо давить піхота. Атакує ворог чисельністю близько взводу, атака закінчується загибеллю більшості атакуючих, після чого за короткий час йде інший взвод, і так цілий день. Кому щастить: ті йдуть в атаку за підтримки танків чи на броні. 

Фактично, наші солдати зараз як німці спостерігають за пародією на тактику радянської армії в Другу світову. Згадуються мемуари одного із бійців ""ГросДойчланда"", який описував атаку радянських військ: ""Спочатку мінне поле штурмують більшовики азійської зовнішності, всі до одного гинуть від мін, після цього лише починається танкова атака"".

🇺🇦Нагадуємо, що ми почали новий волонтерський збір потреб [**на каналі ЗСУ Help**](https://t.me/help_deepstateua/221) для наших бійців, які зараз у найгарячішій точці. Нагадуємо підписатися, якщо хочете бути корисними фронту.

[🖍](https://deepstatemap.live/#6/49.438/32.053)У випадку **неточностей на карті**, ви можете нам повідомити через бот @newsdeepstatebot. 

🛑Нагадуємо, що в загальному доступі не може існувати точної карти бойових дій, а інформацію, як переможну так і не дуже, завжди краще сприймати зі скепсисом і чекати візуальних підтверджень чи повідомлення ГШ ЗСУ. Ну і звісно, довіряйте перевіреним джерелам.",,,
13053,"**🔥****Тривають бої в районі села Спірне

**У першій половині вересня нашим силам вдалося відбити село, але далі просунутися не вдалося. Влітку лише розвалини вказували на те, що тут колись жили люди, а після 3 місяців боїв краще там точно не стало.

📍 deepstatemap.live/#16/48.8088/38.2454

[Магазин](https://deepstateua.shop/)🛑[Блог](https://deepstateua.com/)🛑[Мапа](https://deepstatemap.live/)🛑[Написати нам](http://t.me/newsDeepStatebot)🛑[Звіти](https://help.deepstateua.com/)🛑[ЗСУHelp](https://t.me/help_deepstateua)",,,
13054,"🕶🕶🕶** на фронтах станом на 28 листопада

****⏩****На кордоні з біломосковією **[-](https://deepstatemap.live/) без змін. 

**⏩****На** **Сватівському** напрямку - бої тривають, про зміни невідомо.

**⏩****Бахмутський **відтинок - з'явилися [підтвердження](https://t.me/DeepStateUA/14790) присутності ворога в Озарянівці. Бої тривають в Курдюмівці, Зеленопіллі та Андріївці. Згідно даних, якими володіємо, ворог ці три населені пункти не контролює, хоч і заявляє про це.

**⏩****Авдіївський** відтинок - незначні уточнення, без суттєвих змін.
 
**⏩****Запорізький **відтинок - без змін. 

**⏩****Таврійський** відтинок - без змін. 

🔄Оновлення протягом 2-3 хвилин.

🇺🇦Ми почали новий прийом продуктів [**на каналі ЗСУ Help**](https://t.me/help_deepstateua/221) для наших бійців, які зараз у найгарячішій точці. Нагадуємо підписатися, якщо хочете бути корисними фронту.

[🖍](https://deepstatemap.live/#6/49.438/32.053)У випадку **неточностей на карті**, ви можете нам повідомити через бот @newsdeepstatebot. 

🛑Нагадуємо, що в загальному доступі не може існувати точної карти бойових дій, а інформацію, як переможну так і не дуже, завжди краще сприймати зі скепсисом і чекати візуальних підтверджень чи повідомлення ГШ ЗСУ. Ну і звісно, довіряйте перевіреним джерелам.",,,
13055,"**🚀**** Лівобережна частина Херсонської області на знімках Maxar

**🇺🇦Дані укріплення присутні і біля перешийків (кримських), тому тези, що на лівому березі кацапи не готові є неправдивими.

▶️Світлини: Джордж Баррос.

[Магазин](https://deepstateua.shop/)🛑[Блог](https://deepstateua.com/)🛑[Мапа](https://deepstatemap.live/)🛑[Написати нам](http://t.me/newsDeepStatebot)🛑[Звіти](https://help.deepstateua.com/)🛑[ЗСУHelp](https://t.me/help_deepstateua)",,,
13056,"**☎️****Візуальні підтвердження присутності ворога в Озарянівці та на переїзді біля села

**🇺🇦deepstatemap.live/#16/48.4545/37.9556

[Магазин](https://deepstateua.shop/)🛑[Блог](https://deepstateua.com/)🛑[Мапа](https://deepstatemap.live/)🛑[Написати нам](http://t.me/newsDeepStatebot)🛑[Звіти](https://help.deepstateua.com/)🛑[ЗСУHelp](https://t.me/help_deepstateua)",,,
13057,"🔥**72 ОМБр продовжує знищувати кацапських недобитків в районі Вугледару. Зараз стоїть філософське питання... що закінчиться раніше: БК у 72-ї чи особовий склад у ворога**?

🇺🇦Локація - deepstatemap.live/#16/47.7601/37.3514

[Магазин](https://deepstateua.shop/)🛑[Блог](https://deepstateua.com/)🛑[Мапа](https://deepstatemap.live/)🛑[Написати нам](http://t.me/newsDeepStatebot)🛑[Звіти](https://help.deepstateua.com/)🛑[ЗСУHelp](https://t.me/help_deepstateua)",,,
13058,"**Під Бахмутом загинув один з адмінів Українського Наступу Дмитро Сидорко** — не тільки хоробрий воїн, а й автор багатьох мемів в українському Телеграм.  

Колеги збирають підписи за перейменування вулиці у Києві, на якій жив Дмитро, на його честь. Зараз там вулиця совєцького біломосковитського поета Якуба Коласа. 

Доєднуйтеся і вшануймо його пам'ять разом. Підписати можуть не тільки кияни.

[Посилання на Київ Цифровий

](https://kyiv.digital/app-action/petition/view/11544)[Посилання на сайт КМДА](https://petition.kyivcity.gov.ua/petition/?pid=11544)",,,
13059,"**🇵🇱“Конфедерація” і Януш Корвін-Мікке - корисні для росії ідіоти в стінах польського Cейму

**💭__Польща - один з наших головних союзників в цій війні. Важко недооцінити допомогу цієї країни, однак і серед представників її влади є проросійські пішаки.

__**👇Детальніше за посиланням на нашому блозі: 

****https**://deepstateua.com/konfiedieratsiia-i-ianush-korvin-mikkie-korisni-dlia-rosiyi-idioti-v-stinakh-polskogho-cieimu/",,,
13060,"🥔**Спроба білорусі вступити у війну проти України стане для неї самогубством

****🦉**Представник **ГУР МОУ Андрій Юсов** [пояснив](https://gur.gov.ua/content/sproba-bilorusi-vstupyty-u-viinu-proty-ukrainy-stane-dlia-nei-samohubstvom.html), чи небезпечний олександр лукашенко для України. **Інформація про те, що білорусь нібито готує наступ, поширюється спеціально**. Пан Андрій зазначив, що **такі фейки вигідні для росії. Так країна-агресор намагається налякати українців.

**__""Інформаційно-психологічні спеціальні операції дуже часто переслідують одночасно кілька цілей. І в даному випадку ми бачимо різні цілі, тобто з одного боку посіяти паніку серед населення, серед українців, в тому числі жителів прикордонних районів і областей. І дезорієнтувати українські сили оборони, розосередити сили, перекинути сили з інших напрямків. Ну і також об'єктом і цілями цієї спеціальної психологічної операції інформаційної є сама білорусь і білоруси, тобто нагнітання. Зробити так, щоб заіскрило, і все-таки втягнути саму білорусь в повномасштабну війну, чого до цього моменту не було”__, – **розповів Андрій Юсов.

**⚡️Він зазначив, що зараз дуже важливо розуміти, які цілі перед собою ставить ворог. Не можна піддаватися на подібного роду провокації.

__“Ми не говоримо про те, що від режиму лукашенка немає загрози. Вона є, і лукашенко допомагає путіну і зброєю, і боєприпасами, і бронетехнікою. Він надає свій повітряний простір для ударів по Україні, але говорити про те, що в найближчому часі відбудеться повномасштабне вторгнення і втягування білорусі вже в наземну операцію, сьогодні ми не можемо”__, – **додав представник воєнної розвідки України.**",,,
13061,"🕶 **З приводу відео медичної евакуації з-під моста біля Майорську - на відео дійсно 200/300 кацапи, яких носять в Майорськ

**Уважні підписники в youtube [знайшли відео](https://www.youtube.com/watch?v=b6U5RPqNBE8), де наші бійці виводять пораненого з Майорську під міст на околиці села. І тут могло здатися, що відео пов'язані, проте ні. 

З нами зв'язалися військові, які підтвердили, що на відео евакуації з-під моста дійсно кацапи, які збирають своїх трупів після бездарної атаки на південь від нього, і логічно, що їх виносять в сам Майорськ. Також додали відео роботи наших бійців у ті дні.

[Магазин](https://deepstateua.shop/)🛑[Блог](https://deepstateua.com/)🛑[Мапа](https://deepstatemap.live/)🛑[Написати нам](http://t.me/newsDeepStatebot)🛑[Звіти](https://help.deepstateua.com/)🛑[ЗСУHelp](https://t.me/help_deepstateua)",,,
13062,"**🐺****Серія ВОГових влучань від операторів ССО, під приємний музичний супровід

**__«Ми вбиваємо не людей,
ми вбиваємо ворогів»

__[Магазин](https://deepstateua.shop/)🛑[Блог](https://deepstateua.com/)🛑[Мапа](https://deepstatemap.live/)🛑[Написати нам](http://t.me/newsDeepStatebot)🛑[Звіти](https://help.deepstateua.com/)🛑[ЗСУHelp](https://t.me/help_deepstateua)",,,
13063,"🕶🕶🕶🕶**на фронтах станом на 27 листопада

****⏩****На кордоні з біломосковією **[-](https://deepstatemap.live/) без змін. 

**⏩****На** **Сватівському** напрямку - бої тривають, про зміни невідомо.

**⏩****Бахмутський **відтинок - тривають спроби ворога підійти до Бахмута, але погодні умови сильно псують ці плани. Для оборони така погода на руку. Ситуація в Курдюмівці поки невідома. Деякі користувачі засумнівалися у тому, що на [відео евакуації](https://t.me/DeepStateUA/14775) з-під моста в Майорську показано кацапів. Дійсно в youtube [є відео](https://www.youtube.com/watch?v=b6U5RPqNBE8) і нашого пункту збору 200/300 під цим мостом. Але тут цікава інша деталь: у нашому пості 200/300 виносять з моста в бік села Майорськ, а на відео наших бійців пораненого доставляють з Майорська під цей міст. Схиляємося до того, що це різні часові проміжки, тим паче в наших солдат дуже велика затримка в публікаціях відео. У будь-якому разі, якщо стане відомо точно, що там відбувалося, то ми повідомимо.

**⏩****Авдіївський** відтинок - ворог продовжує штурмувати Авдіївку, проте безуспішно. Не вдалося дізнатися точну ситуацію в Мар'їнці. Бої в районі Невельського та на східній околиці Первомайського тривають постійно, змін не зафіксовано.
 
**⏩****Запорізький **відтинок - без змін. 

**⏩****Таврійський** відтинок - без змін. 

🕶Змін по карті практично немає, буде лише оновлення з незначними уточненнями.

[🖍](https://deepstatemap.live/#6/49.438/32.053)У випадку **неточностей на карті**, ви можете нам повідомити через бот @newsdeepstatebot. 

🛑Нагадуємо, що в загальному доступі не може існувати точної карти бойових дій, а інформацію, як переможну так і не дуже, завжди краще сприймати зі скепсисом і чекати візуальних підтверджень чи повідомлення ГШ ЗСУ. Ну і звісно, довіряйте перевіреним джерелам.",,,
13064,"🇨🇳**У Китаї спостерігається все більше протестів проти коронавірусних обмежень, все частіше чути вигуки проти компартії та Сі Цзіньпіна

**__🗣""Іди компартія! Іди Сі Цзіньпін!""__ - кричать протестувальники. На самих протестах можна побачити багато молоді. 

🔄Нещодавно у Китаї відбулися вибори, які нічого не змінили, але схоже там може розпочатися нова сторінка в історії. Слідкуємо...",,,
13065,"🇺🇦**Взяли участь у національному оборонному хакатоні, де представляли наш проект **[**DeepStatemap.live

**](https://deepstatemap.live/#6/49.438/32.053)**🇺🇦****NATIONAL DEFENCE HACKATHON **– головний український хакатон за участі **НАТО **та іноземних експертів із кібербезпеки, де учасники представляли свої проекти щодо розроблення військових технологій або такі, що можуть будь-яким чином допомогти ЗСУ.

😎Вкотре переконалися, що наша мапа дуже корисна, а свідченням того стала велика кількість позитивних відгуків від військових, які підходили до нашої локації. Це неймовірно приємно!",,,
13066,"🔄**Ситуація на фронтах станом на 26 листопада

****⏩****На кордоні з біломосковією **- без змін. 

**⏩****На** **Сватівському** напрямку - тривають бої. Відомо, що в деяких місцях кацапи пробують взяти ініціативу на себе.

**⏩****Бахмутський **відтинок - за останні декілька діб ворог штурмував Соледар і Опитне, успіху не мав. За попередніми даними, противник зміг знайти шпарину в обороні й організувати прорив в Озарянівку, після чого розпочав штурмові дії в бік Курдюмівки. [Уточнено](https://t.me/DeepStateUA/14775) ситуацію біля Майорського.

**⏩****Авдіївський** відтинок - постійні атаки кацапів зі сходу на околиці Авдіївки вкотре закінчуються для них значними втратами особового складу. Уточнень по Мар'їнці поки досі немає.
 
**⏩****Запорізький **відтинок - без змін. 

**⏩****Таврійський** відтинок - без змін. Острова між Херсоном та Олешками переходять в червону зону, так як там є присутність ворога.

🔄Оновлення протягом години. 

⏺На світлині до зведення взято кадри з похорон немовляти у Вільнянську, яке були вбито москалями. Перед тим, як хоч якимось чином жаліти ворога, подумайте, що він з радістю вб'є не тільки вашого чоловіка, а й вашу дитину.

[🖍](https://deepstatemap.live/#6/49.438/32.053)У випадку **неточностей на карті**, ви можете нам повідомити через бот @newsdeepstatebot. 

🛑Нагадуємо, що в загальному доступі не може існувати точної карти бойових дій, а інформацію, як переможну так і не дуже, завжди краще сприймати зі скепсисом і чекати візуальних підтверджень чи повідомлення ГШ ЗСУ. Ну і звісно, довіряйте перевіреним джерелам.",,,
13067,"**⚰️**** Евакуація 200-х кацапів з-під залізничного моста в Майорську

**🇺🇦Локація - deepstatemap.live/#16/48.3969/37.9702 (GeoLocated by DefMon3)

[Магазин](https://deepstateua.shop/)🛑[Блог](https://deepstateua.com/)🛑[Мапа](https://deepstatemap.live/)🛑[Написати нам](http://t.me/newsDeepStatebot)🛑[Звіти](https://help.deepstateua.com/)🛑[ЗСУHelp](https://t.me/help_deepstateua)",,,
13068,"🔥**Знищення ворожого БМП у районі Новоселівки Другої. Ймовірно одна із десятків невдалих кацапських атак

**🇺🇦Локація - deepstatemap.live/#16/48.2020/37.7749

[Магазин](https://deepstateua.shop/)🛑[Блог](https://deepstateua.com/)🛑[Мапа](https://deepstatemap.live/)🛑[Написати нам](http://t.me/newsDeepStatebot)🛑[Звіти](https://help.deepstateua.com/)🛑[ЗСУHelp](https://t.me/help_deepstateua)",,,
13069,"**🎉Сьогодні відбувся черговий обмін полоненими - з полону повернулось ще 12 українців! 

**🗒 Цього разу з полону звільнено захисників острова Зміїний, оборонців Маріуполя та «Азовсталі», узятих в полон на ЧАЕС, на Донеччині та Миколаївщині. Серед визволених військовослужбовців — два офіцери та сім представників рядового і сержантського складу. Також серед звільнених 3 цивільних, двоє з яких - подружня пара. 

📌 Наймолодшому зі звільнених захисників виповнилося 27 років, найстаршому — 47 років. Щонайменше п’ятеро з визволених мають поранення або хвороби.",,,
13070,"🇵🇱**Прем'єр-міністр Матеуш Моравецький прибув з візитом до Києва та вшанував жертв великого голоду біля меморіалу Пам'яті жертв голодомору

**🤝Ще зовсім нещодавно у нас з поляками були доволі неприємні відносини в історичних питаннях, але сьогоднішні події чітко показують, що саме сьогодні і саме ми пишемо нову історію. І спільним ворогом для обох країн була - московія. 

❕Дуже важливо бачити взаємозв'язок русні саме з червоною заразою - ""радянським союзом"". І приємно бачити в [пості](https://twitter.com/PremierRP/status/1596417837215764482?ref_src=twsrc%5Etfw%7Ctwcamp%5Etweetembed%7Ctwterm%5E1596417837215764482%7Ctwgr%5E705529464258ef2a946ec4171c6f5a67908bb530%7Ctwcon%5Es1_&ref_url=https%3A%2F%2Fwww.rbc.ua%2Fukr%2Fnews%2Fprem-er-ministr-polshchi-priyihav-kieva-shcho-1669453359.html) уряду Польщі слова__ ""Великий голод став в Україні в 1932-33 роках і став результатом злочинної політики Радянського Союзу""__. Саме ця ракова пухлина світу знищувала нас в минулому і саме з цієї зарази утворилася нова - під назвою ""росія"", яка прийшла на нашу землю.

✊🏻Важливо це пам'ятати, розуміти і творити нову історію, будуючи міцні стосунки з тими, хто найближче розуміє всю біль і горе. А разом ми знищимо всю русню!",,,
13071,"🇺🇦🇬🇧**Велика Британія продовжує допомагати нашій країні

**👷Українські новобранці, використовуючи досвід британської армії, продовжують навчання для відбиття агресії московії - повідомляється у звіт**і British's Forces News

**🔄Курс включає підготовку з поводження зі зброєю, вивчення тактики та позиційної війни, а також надання першої медичної допомоги на полі бою.",,,
13072,"🔄**Ситуація на фронтах станом на 25 листопада

****⏩****На кордоні з біломосковією **- без змін. 

**⏩****На** **Сватівському** напрямку - тривають бої, щонайменше відомо про них в районі сіл Новоселівське, Площанка та Вільшана.

**⏩****Бахмутський **відтинок - ворог активізовується на ділянці Білогорівка-Спірне.

**⏩****Авдіївський** відтинок - бої йдуть в районі Невельського та на східних околицях Первомайська, проте без успіху ворога. У Мар'їнці точна ситуація поки невідома.
 
**⏩****Запорізький **відтинок - без змін. 

**⏩****Таврійський** відтинок - без змін. 

🔄Змін на лінії фронту не зафіксовано, тому оновлення найближчим часом не буде.

[🖍](https://deepstatemap.live/#6/49.438/32.053)У випадку **неточностей на карті**, ви можете нам повідомити через бот @newsdeepstatebot. 

🛑Нагадуємо, що в загальному доступі не може існувати точної карти бойових дій, а інформацію, як переможну так і не дуже, завжди краще сприймати зі скепсисом і чекати візуальних підтверджень чи повідомлення ГШ ЗСУ. Ну і звісно, довіряйте перевіреним джерелам.",,,
13073,"**🔥****Ураження ворожої ОВТ в районі Діброви

**🇺🇦 deepstatemap.live/#14/49.0309/38.0649

[Магазин](https://deepstateua.shop/)🛑[Блог](https://deepstateua.com/)🛑[Мапа](https://deepstatemap.live/)🛑[Написати нам](http://t.me/newsDeepStatebot)🛑[Звіти](https://help.deepstateua.com/)🛑[ЗСУHelp](https://t.me/help_deepstateua)",,,
13074,"🇷🇺 **Свинособача пропаганда радіє ""сьогоднішньому"" відео з танками в зимовому камуфляжі за лютий цього року

**У них теж в основному рерайт один в одного, а що рерайтити вже неважливо. Локацію ми не скажемо😆.

[Магазин](https://deepstateua.shop/)🛑[Блог](https://deepstateua.com/)🛑[Мапа](https://deepstatemap.live/)🛑[Написати нам](http://t.me/newsDeepStatebot)🛑[Звіти](https://help.deepstateua.com/)🛑[ЗСУHelp](https://t.me/help_deepstateua)",,,
13075,"**📍****Друзі, починаємо наш п'ятничний географічний квест о 20:00

****🧭****Заходимо і реєструємося - ****https://www.geoguessr.com/join/NMLM****

**👨‍👩‍👧‍👦Перші п'ять місць зможуть стати учасниками нашого OSINT-діалогу, але звісно після верифікації. Переможцям писати в наш бот @newsdeepstatebot (не забудьте скрін місця)",,,
13076,"❔**Багато хто скаржиться і любить задавати питання - __""Чому так довго немає світла?""

__**❕Ось вам відповідь. Цінуйте ці зусилля і вірте в нашу перемогу. Здаватися ми точно не будемо!

**✊🏻🇺🇦****#Тримаємося_задля_перемоги****!**",,,
13077,"💰**За дев'ять місяців московія витратила на війну $82 млрд – це чверть її річного бюджету. Підрахунки** [Forbes

](https://forbes.ua/war-in-ukraine/za-devyat-misyatsiv-rosiya-vitratila-na-viynu-82-mlrd-tse-chvert-ii-richnogo-byudzhetu-rozrakhunki-forbes-24112022-9997)🚽Але звичайного московита влаштовує таке явище, адже навіщо жити і розвиватися, якщо голова наповнена лайном пропаганди зі зливного бачка телевізорів.",,,
13078,"**🇺🇦**** Оборонець Бахмута

**Світлина: Kate Geraghty",,,
13079,"🔄**Ситуація на фронтах станом на 24 листопада

****⏩****На кордоні з біломосковією **- без змін. Бригадний генерал Громов сьогодні заявив, що близько 10-15 тисяч особового складу силових структур недореспубліки готові воювати проти України. Це менше, ніж склад ПВК ""вагнер"", для прикладу.

**⏩****На** **Сватівському** напрямку - тривають бої на певних ділянках, проте результат поки що невідомий.

**⏩****Бахмутський **відтинок - ворог не полишає спроб штурмувати Білогорівку, Соледар, Бахмут, Кліщіївку та Курдюмівку.

**⏩****Авдіївський** відтинок - кацапи спробували значними силами штурмувати підступи до Авдіївки у двох місцях. Хочемо відзначити професіоналізм 110 ОМБр, яка ці атаки відбила, завдавши ворогу втрати в техніці та чималі втрати особового складу. Ворог продовжує тиснути на Первомайське, але штурмові дії знову проводив у тому ж місці, що й раніше, тому ознак його успіхів немає. Є підстави вважати, що кацапи зайшли на центральний бульвар Мар'їнки й захопили школу №2. Дана інформація на додатковій перевірці. Зафіксовано спробу танкової атаки північніше Володимирівки.
 
**⏩****Запорізький **відтинок - без змін. 

**⏩****Таврійський** відтинок - без змін. 

📹Якщо в когось є ідеї як швидко зведення можна покласти на відео, для публікацій в youtube - пропонуйте в коментарях. Ми намагаємося коментарі до зведень максимально читати.

🔄Оновлення мапи протягом години.

[🖍](https://deepstatemap.live/#6/49.438/32.053)У випадку **неточностей на карті**, ви можете нам повідомити через бот @newsdeepstatebot. 

🛑Нагадуємо, що в загальному доступі не може існувати точної карти бойових дій, а інформацію, як переможну так і не дуже, завжди краще сприймати зі скепсисом і чекати візуальних підтверджень чи повідомлення ГШ ЗСУ. Ну і звісно, довіряйте перевіреним джерелам.",,,
13080,"**🇷🇺****Танкова атака ворога на північ від Володимирівки. Судячи з відео, окопи в посадці залишені. Наша артилерія пробує наносити ураження, але лише 1 ОВТ підбита**. Що відбувалося далі - невідомо 

🇺🇦Локація - deepstatemap.live/#16/47.7556/37.3856",,,
13081,"**__🧻«Сербія і русія - браття навіки» - __кричать вболівальники політичної помилки Євросоюзу перед матчем з Бразилією 

**🤔Згадуються коментатори під постом «[Сербія - російський анклав всередині Європи](https://t.me/DeepStateUA/14719)»** **про «хороших» сербів і «не все так однозначно». Так от однозначно…ще й як.

P.S. Знову для експертів: ми прекрасно знаємо, що Сербія не в ЄС, але нагадуємо, що Сербія є офіційним кандидатом на вступ і є, по суті, на завершальному етапі до запланованого вступу (2024-2025 рр.) Також нагадуємо, що ЄС активно допомагає і фінансує цю країну з метою проведення реформ і реалізації вступу, чекаючи їх у складі союзу. Вчора було узгоджено суперечку щодо автомобільних номерів - вочевидь, за посередництва ЄС. Тож, дякуємо всім за експертну думку, але ми розуміємо, що пишемо😉",,,
13082,"**🎉За минулі дві доби з полону було звільнено 86 наших захисників

**➡️Серед визволених — представники ЗСУ, Нацгвардії, прикордонники, ВМС та цивільна особа. Усі звільнені — чоловіки, переважна більшість — рядові та сержанти. Також вдалося повернути медиків, водіїв та музиканта оркестру морської піхоти 36-ї окремої бригади.

39 оборонців Маріуполя, 12 з яких були евакуйовані з «Азовсталі», а також 15 полонених з ЗАЕС, 15 полонених з ЧАЕС та 7 з острова Зміїний. 

📌Щонайменше дев’ятеро мають поранення. Найстаршому зі звільнених захисників виповнилося 56 років, наймолодшому — 19.

📊Всього за весь час з полону було визволено 1269 осіб.",,,
13083,"⛳️ **Ситуація в Мар'їнці доволі напружена.** Ворог артилерією знищує багатоповерхову забудову. На світлині будівля фіскальної служби та сусідній приватний будинок

🇺🇦Локація - deepstatemap.live/#16/47.9417/37.5088

[Магазин](https://deepstateua.shop/)🛑[Блог](https://deepstateua.com/)🛑[Мапа](https://deepstatemap.live/)🛑[Написати нам](http://t.me/newsDeepStatebot)🛑[Звіти](https://help.deepstateua.com/)🛑[ЗСУHelp](https://t.me/help_deepstateua)",,,
13084,"🔥**Світло зникає, але в наших серцях воно не зникне ніколи! 
**
🦅Вчора, незважаючи на обстріли, повну відсутність світла, зв’язку та інтернету ми допомагали нашим хлопцям на передовій! Бійцям з 93-ї бригади поїдуть бушлати.

🇺🇦Не здаємося! Ми все витримаємо і знищимо всю до останнього русню! Терористам і нелюдам не місце на землі серед людей! Нам з вами випала важлива місія - вичистити всю рашистську заразу і ми маємо перемогти у цій непростій війні! 

🇺🇦Разом до перемоги! Слава Україні! Слава нації! І пишіть продовження в коментарях:

P.S. Для мамкиних експерДів - бушлати передалися як волонтерська допомога бату 93-ї бригади, який вже 4-й місяць тримає найважчий відтинок фронту - Соледар на Бахмутському напрямку! Форма надходить всім нормально. Але ми нагадаємо, що у важких боях під постійними обстрілами форма псується, в тому числі бушлати. Тому ми передали партію для хлопців, щоб вони не замерзли. Любителям поп*діти - велком ту Соледар!",,,
13085,"**🔄****Ситуація на фронтах станом на 23 листопада

**⏩ Біломосковські федеральні канали почали публікувати **карти України без окупованих кацапами областями.** Тому наші тези на мапі про невизнання легітимності державного утворення під назвою ""Республіка Білорусь"" зайвий раз отримали підтвердження. В нинішніх умовах - жодного діалогу, а за всі скоєні речі – вони мали б поплатитися територією (що, вочевидь, малоймовірно). 

⏩**Зі Сватівського, Бахмутського відтинків** - не вдалося опрацювати зміни.

⏩**Авдіївський** відтинок - в Мар'їнці ворог продовжує тиснути в бік центрального бульвару, проте не вдалося опрацювати зміни.

⏩ Таврійський відтинок - без змін.

⏩**Запорізький** відтинок - без змін.

💡Сьогодні оновлення мапи не буде, оскільки більшу частину доби знаходимося без світла. Навіть ці рядки писалися в блокноті, щоб передати комусь з редакторів.

[💀](https://deepstatemap.live/#6/49.438/32.053)Ми всі дуже хочемо, щоб 145+9 млн недолюдей назавжди покинули цю планету, однак, навіть маючи чим - ми не можемо давати симетричну відповідь. Дуже добре це [описав](https://t.me/RomanShrike/1870) Шрайк.

Ворог не здатен вести війну згідно законів війни, ворог не здатен конвенційними засобами здолати ЗСУ, тому він завдає спроби перемогти цивільне населення. 

Війна йде не тільки за наші території, а й взагалі за існування Української Держави та нації. Якби для перемоги кацапам потрібно було б вбити, наприклад, всіх наших дітей до 18 років, то вони це зробили б не вагаючись. Сьогодні вони без докорів сумління знищили ще один пологовий будинок, де від загарбницьких рук загинуло немовля.

[🖍](https://deepstatemap.live/#6/49.438/32.053)У випадку **неточностей на карті**, ви можете нам повідомити через бот @newsdeepstatebot. 

🛑Нагадуємо, що в загальному доступі не може існувати точної карти бойових дій, а інформацію, як переможну так і не дуже, завжди краще сприймати зі скепсисом і чекати візуальних підтверджень чи повідомлення ГШ ЗСУ. Ну і звісно, довіряйте перевіреним джерелам.",,,
13086,"💡**Найтемніша ніч перед світанком**

Віримо в ЗСУ і не дозволяємо різним недолюдкам з кацапії і біломосковії нас зламати. 

Від фронту залежить не тільки наш комфорт, а й наші життя. А світло рано чи пізно з'явиться.",,,
13087,"[🏴󠁧󠁢󠁳󠁣󠁴󠁿](https://i.imgur.com/40Nv4XT.jpeg)🗳**Верховний суд Великобританії постановив, що Шотландія не має права проводити новий референдум про незалежність 

Референдум**, що намагалась провести правляча Шотландська Націоналістична партія (SNP), мав відбутись у жовтні 2023 року, однак..

**📃Відповідно до Закону про Шотландію 1998 року - усі питання, пов’язані з Союзом королівств Шотландії та Англії, зарезервовані за парламентом Великобританії. **Оскільки шотландський уряд спочатку хотів отримати юридичну ясність щодо того, чи можна це зробити (__задля визнання цього голосування легітимним та міжнародно визнаним__) - Верховний суд дійшов висновку, що **будь-який референдум, навіть консультативний - неможливий. 

**💭«**__Парламент Шотландії не має повноважень приймати закони про проведення референдуму про незалежність Шотландії__**», — заявив **Роберт Рід**, голова Верховного суду Великобританії.

Уряд Лондону зі свого боку стверджує, що це можливо лише ""раз у покоління"" та те, що питання вже було вирішено на референдумі 2014 року, де **за збереження єдності Великої Британії** проголосували** 55% шотландців. **Одним з аргументів шотландських націоналістів за вихід з складу Сполученого Королівства є те, що здебільшого шотландці не підтримували** Brexit** (62% проголосували проти виходу з Євросоюзу). 

🕵🏻‍♂️За словами британського політолога та експерта з політичних опитувань **Джона Кертіса** - останні півдюжини опитувань в середньому показали **підтримку незалежності на рівні 49%, при 51% проти. 

**💭«**__Закон, який не дозволяє Шотландії вибирати наше власне майбутнє без згоди Вестмінстера, викриває як міф будь-яке уявлення про Великобританію як про добровільне партнерство та наводить аргументи на користь незалежності__**», — написала лідер SNP **Нікола Стерджен** у Twitter.

🤷‍♂️Раніше цього року Стерджен намагалась добитись від **Бориса Джонсона** угоди про можливість парламенту Шотландії самостійно вирішувати про проведення референдуму, однак отримала відмову - тодішній прем'єр заявив, що зараз не час проводити другий референдум про незалежність - ""__..оскільки наша країна зіткнулась з викликами, як вдома, так і за кордоном__"". Схожої думки і теперішній прем'єр-міністр Великобританії **Ріші Сунак.** 

🤔Якщо суд завадить проведенню референдуму про незалежність, уряд Шотландії планує зробити наступні парламентські вибори, які заплановані на січень 2025 року, референдумом, зосередивши кампанію виключно навколо питання незалежності.",,,
13088,"**🫡****Тим часом триває підготовка системи фортифікаційних споруд на кордоні з біломосковією. Оскільки назви їй немає, то поки будемо називати це ""Північним валом""

**Світлини: генерал-лейтенант Олександр Павлюк

[Магазин](https://deepstateua.shop/)🛑[Блог](https://deepstateua.com/)🛑[Мапа](https://deepstatemap.live/)🛑[Написати нам](http://t.me/newsDeepStatebot)🛑[Звіти](https://help.deepstateua.com/)🛑[ЗСУHelp](https://t.me/help_deepstateua)",,,
13089,"🔄**Ситуація на фронтах станом на 22 листопада

****⏩****На кордоні з біломосковією **- без змін. 

**⏩****На** **Сватівському** напрямку - тривають бої в районі Куземівки. Ворог, побоюючись нашого прориву біля Сватового, стягнув додаткові людські ресурси.

**⏩****Бахмутський **відтинок - є певне просування ворога в бік Курдюмівки та Кліщіївки. 

**⏩****Авдіївський** відтинок - повідомлення кацапів про взяття центру Мар'їнки не відповідають дійсності. У якості підтвердження використовується ролик знятий нашою стороною близько тижня тому. Ролик без коментарів, тому неуважні користувачі можуть сприйняти відео за вороже.
 
**⏩****Запорізький **відтинок - без змін. 

**⏩****Таврійський** відтинок - без змін. 

💡Друзі, ми як і ви, дуже залежні від світла. Тому зараз фізично не встигаємо опрацьовувати весь об'єм роботи, який собі поставили за KPI. Youtube дещо став, але з часом відновимо роботу і по ньому. Намагаємося вдосконали формат відео-контенту на каналі. Над сайтом теж ще йде багато роботи, як і над додатком, але поки терміни всі зміщуються. Працюємо для вас і вдячні за підтримку.

🔄Оновлення мапи протягом 30 хвилин.

[🖍](https://deepstatemap.live/#6/49.438/32.053)У випадку **неточностей на карті**, ви можете нам повідомити через бот @newsdeepstatebot. 

🛑Нагадуємо, що в загальному доступі не може існувати точної карти бойових дій, а інформацію, як переможну так і не дуже, завжди краще сприймати зі скепсисом і чекати візуальних підтверджень чи повідомлення ГШ ЗСУ. Ну і звісно, довіряйте перевіреним джерелам.",,,
13090,"**📢На випадок нових обстрілів та довготривалих відключень світла, президент повідомив про розгортання пунктів Незламності**:

🧮__«За підсумками цього дня підготовлено вже більше 4 000 таких пунктів. Заплановано ще більше. 

____🔄____Якщо знов відбудуться масовані російські удари, і якщо буде розуміння, що за години постачання електрики не відновити, то активується робота пунктів незламності, там усі базові послуги: електрика, мобільний зв'язок, інтернет, тепло, вода, аптечка. Абсолютно цілодобово і безкоштовно.

____🇺🇦____Пункти працюватимуть обов'язково при всіх обласних і районних адміністраціях, також при школах, будівлях ДСНС тощо.

____🌐____На __[урядовому сайті](https://nezlamnist.gov.ua/)__ розміщена мапа таких пунктів. Вона постійно оновлюватиметься.

____🇺🇦____Також на сайті та в пунктах Незламності можна дізнатись де працює: найближча АЗС, банківське відділення, аптека, магазин. 

✊🏻Всі ми маємо бути готові до будь-яких сценаріїв, враховуючи які терористи воюють проти нашого народу і що вони намагаються зробити__»

[Магазин](https://deepstateua.shop/)🛑[Блог](https://deepstateua.com/)🛑[Мапа](https://deepstatemap.live/)🛑[Написати нам](http://t.me/newsDeepStatebot)🛑[Звіти](https://help.deepstateua.com/)🛑[ЗСУHelp](https://t.me/help_deepstateua)",,,
13091,"**👀Детальніше відео нещасного випадку ""Північного потоку-2""**, **коли відбувся невеличкий ""бульк""**😁

[Магазин](https://deepstateua.shop/)🛑[Блог](https://deepstateua.com/)🛑[Мапа](https://deepstatemap.live/)🛑[Написати нам](http://t.me/newsDeepStatebot)🛑[Звіти](https://help.deepstateua.com/)🛑[ЗСУHelp](https://t.me/help_deepstateua)",,,
13092,"⚰️**До слова про злочинність УПЦ ~~МП~~ ФСБ

**🇷🇺 21 листопада пішов до дьявола один із священників РПЦ, який був капеланом в ""славній"" 76-й псковській дивізії.

🔫6 листопада разом із протоієреєм вони потрапили під обстріл. Протоієрей до Кобзона поїхав одразу, а отєц алєксандр циганов затримався на два тижні в госпіталі.

[Магазин](https://deepstateua.shop/)🛑[Блог](https://deepstateua.com/)🛑[Мапа](https://deepstatemap.live/)🛑[Написати нам](http://t.me/newsDeepStatebot)🛑[Звіти](https://help.deepstateua.com/)🛑[ЗСУHelp](https://t.me/help_deepstateua)",,,
13093,"**🔥****ЗТГ ""Адам"" демонструє кадри ураження живої сили ворога. З цікавого те, що удари відбувають на схід від ставка, що біля Кліщіївки.** Кацапи пробують вийти до залізничної колії, а утримувати їх по лінії траси з Горлівки очевидно не вдалося

🇺🇦Локація - deepstatemap.live/#16/48.5198/37.9868

[Магазин](https://deepstateua.shop/)🛑[Блог](https://deepstateua.com/)🛑[Мапа](https://deepstatemap.live/)🛑[Написати нам](http://t.me/newsDeepStatebot)🛑[Звіти](https://help.deepstateua.com/)🛑[ЗСУHelp](https://t.me/help_deepstateua)",,,
13094,"**🧭**** Наші друзі з ОК ""Північ"" шукають місцевих жителів, які проживають між Ніжином та Борзною для фіксації польотів ворожих ракет

**Якщо ви живете в тому районі, то напишіть @InfoProVoroga, вказуючи населений пункт та примітку «з приводу ППО».

[Магазин](https://deepstateua.shop/)🛑[Блог](https://deepstateua.com/)🛑[Мапа](https://deepstatemap.live/)🛑[Написати нам](http://t.me/newsDeepStatebot)🛑[Звіти](https://help.deepstateua.com/)🛑[ЗСУHelp](https://t.me/help_deepstateua)",,,
13095,"**⛪️ Сьогодні ****@SBUkr**** завітала з обшуками до Києво-Печерської лаври

**Дивно, що така релігійна помилка існує після 2014 року і ще дивніше, що досі є на 9 місяці повномасштабної війни. З приводу свободи віросповідань - не переживайте, Бог давно покинув це місце.

**Якось років 3 тому ми з ****@KARAS_EVGEN**** залетіли туди в гості**, чого звісно ніхто не очікував. На території лаври купа рабів, які обробляють городи, щось майструють чи добудовують. Зустріли ми і ""Пашу Мерседеса"", який на своєму мерсі відспівує елітні молитви. І найголовніше, ми зустріли двох бійців ""вєрного козачества"", шеврони тоді затрофеїли звісно. 

❕Хто не в курсі, ""вєрноє козачество"" - парамілітарна організація, керівник якої в 2014 році став заступником голови незаконного МВС денере. А в 2022 році був призначений заступником голови МВС незаконного утворення на Запоріжжі. Його правильна пика на світлині.",,,
13096,"**🗡****Антуражні фото ~~Верденської м'ясорубки в кольорі~~ 53-ї бригади на обороні рубежів Бахмута

**Не звертаючи уваги на погодні умови: дощ, холод, який пробирає до кісток, багнюку — артилерійський розрахунок у повній темряві діє як злагоджений механізм, наближаючи Перемогу України!

Джерело: Генеральний Штаб, [фотографи](http://Instagram.com/libkos) Костянтин та Влада Ліберові",,,
13097,"🔄**Ситуація на фронтах станом на 21 листопада

****⏩****На кордоні з біломосковією **- без змін. 

**⏩****На** **Сватівському** напрямку - уточнено ситуацію в Гряниківці та Лимані Першому. Тривають бої в районі Куземівки.

**⏩****Бахмутський **відтинок - ворог не припиняє штурми, але місто-фортеця Бахмут тримається. 

**⏩****Авдіївський** відтинок - кацап намагається знову вбити клин в оборону на східному фасі Авдіївки. Сьогодні варто згадати героїзм та професіоналізм оборонців гарнізону міста. Судячи з всього, всі наявні резерви бабуїнів денере будуть направлені на відкидання ЗСУ від околиць Донецька. У районі Времівки ворог просунувся на одну посадку, проте хлопці просять передати, що кацап там отримує добрячої відсічі.
 
**⏩****Запорізький **відтинок - без змін. 

**⏩****Таврійський** відтинок - без змін. 

🌨Останнім часом погода вносить суттєві корективи, проте варто розуміти, що від Сватового і аж до Кам'янського обидві сторони мають ешелоновану оборону, що сильно зменшує успіхи при прориві. Тому фронт буде відносно стабільний поки в когось не з'явиться геніальне рішення, що зможе змінити баланс сил.

🔄Оновлення мапи поки непотрібне.

[🖍](https://deepstatemap.live/#6/49.438/32.053)У випадку **неточностей на карті**, ви можете нам повідомити через бот @newsdeepstatebot. 

🛑Нагадуємо, що в загальному доступі не може існувати точної карти бойових дій, а інформацію, як переможну так і не дуже, завжди краще сприймати зі скепсисом і чекати візуальних підтверджень чи повідомлення ГШ ЗСУ. Ну і звісно, довіряйте перевіреним джерелам.",,,
13098,"🦅**Подяка від 3-го механізованого батальйону 93-ї бригади для всієї команди DeepStateUA! **

🦾Ми щиро вдячні кожному, хто долучається до волонтерської допомоги нашим військовим на передовій! Це неймовірний вклад в перемогу! Хлопці дуже вам всім вдячні! Ви найкращі! 

😈Разом знищимо всю русню і переможемо!",,,
13099,"💀**""Ладу калину"" отримає одинадцять щасливих сімей з московії. 72 ОМБр продовжує пекельну лотерею, яку чекає кожен окупант, який зайде в Павлівку.** ""__Привіт кацапам від УДАРУ__"" - **передають хлопці

**Від себе додамо, що Павлівку стає тяжко геолокувати, адже ворог її артилерією фактично знищив, але ще є цілі будинки, куди після нашого відходу ворог намагається проникнути, щоб закріпитися. 72-й було тяжко влітку в Зайцево та Кодемі, проте в Павлівці вдається поквитатися сторицею.

🇺🇦Локація - deepstatemap.live/#16/47.7583/37.2207

[Магазин](https://deepstateua.shop/)🛑[Блог](https://deepstateua.com/)🛑[Мапа](https://deepstatemap.live/)🛑[Написати нам](http://t.me/newsDeepStatebot)🛑[Звіти](https://help.deepstateua.com/)🛑[ЗСУHelp](https://t.me/help_deepstateua)",,,
13100,"☎️**Уточнили ситуацію в районі Першого Лиману та Гряниківки. **Це уточнення, а не наступ кацапів. Ми намагаємося максимально бути точними, де цього дозволяє ситуація

[Магазин](https://deepstateua.shop/)🛑[Блог](https://deepstateua.com/)🛑[Мапа](https://deepstatemap.live/)🛑[Написати нам](http://t.me/newsDeepStatebot)🛑[Звіти](https://help.deepstateua.com/)🛑[ЗСУHelp](https://t.me/help_deepstateua)",,,
13101,"**__""Лиш боротись - значить жить""__** **©Іван Франко
**   
🇺🇦21 листопада 2013 року — день, коли молоде покоління вийшло на протест проти відмови піти в протилежному напрямку від московії. І як ми бачимо сьогодні - це був правильний вибір, це був погляд у майбутнє!

🇪🇺День, коли вперше в історії, люди почали боротьбу з прапором ""європейського союзу"" в руках та віддадуть своє дорогоцінне життя за нього! І про це варто пам’ятати деяким лідерам країн…
  
🔥Це той момент спалаху вогню у серцях української нації, що, здавалося, вже давно згас, який показав, що влада, яка піде проти народу приречена на загибель!
 
🇺🇦З Днем Гідності та Свободи, друзі!",,,
13102,"🔄**Ситуація на фронтах станом на 20 листопада

****⏩****На кордоні з біломосковією **- без змін. З'явилося відео як один з прикордонників перетнув лінію фронту з біломосковитами на декілька метрів і повернувся назад. Під час війни в цьому нема абсолютно нічого поганого. Поганим є лише існування даної помилки на карті Європи.

**⏩****На** **Сватівському** напрямку - Кислівку, Гряниківку та Синьківку переведено в зелену зону. Їх звільнено вже давно, проте лише зараз у соцмережі проникли докази поїздок волонтерів в ці села. Наші продовжують тиснути на кацапів, проте без суттєвих змін на лінії бойового зіткнення.

**⏩****Бахмутський **відтинок - ситуація залишається складною.

**⏩****Авдіївський** відтинок - ворог вбиває клин в нашу лінію оборони не тільки в Опитному, а й в північній частині Мар'їнки. Ситуація в цьому секторі дуже складна.
 
**⏩****Запорізький **відтинок - без змін. 

**⏩****Таврійський** відтинок - без змін. Ворог почав обстрілювати правий берег Дніпра відразу як з нього вийшов. Заяви деяких медійних осіб про те, що вчора це сталось вперше — неправда.

👀 Мабуть, ще з весни ми не бачили стільки трупів кацапів як зараз. Перше місце - Павлівка, друге - Бахмут.

[🖍](https://deepstatemap.live/#6/49.438/32.053)У випадку **неточностей на карті**, ви можете нам повідомити через бот @newsdeepstatebot. 

🛑Нагадуємо, що в загальному доступі не може існувати точної карти бойових дій, а інформацію, як переможну так і не дуже, завжди краще сприймати зі скепсисом і чекати візуальних підтверджень чи повідомлення ГШ ЗСУ. Ну і звісно, довіряйте перевіреним джерелам.",,,
13103,"**☠️**** Знищення ворога на східній околиці Бахмута**, швидше за все найманці ПВК ""вагнер""

📍 deepstatemap.live/#16/48.6174/38.0374

[Магазин](https://deepstateua.shop/)🛑[Блог](https://deepstateua.com/)🛑[Мапа](https://deepstatemap.live/)🛑[Написати нам](http://t.me/newsDeepStatebot)🛑[Звіти](https://help.deepstateua.com/)🛑[ЗСУHelp](https://t.me/help_deepstateua)",,,
13104,"➕**Синьківка під контролем ЗСУ вже близько місяця, якщо не більше

**Зараз вже є інформація про роботу волонтерів в тому селі. Гряниківка теж під нашим контролем, але враховуючи, що волонтери туди не завжди можуть потрапити - ситуація там напружена.

🔅Через деякі фактори доводиться робити такі затримки на карті, хоча з іншого боку варто розуміти, що ворог не ідіот, як деякі з нас звикли вважати. Чи наносив би тупий ворог двічі за місяць удари в місцях стиків бригад... Те саме стосується і погоди, бо нам деякі пишуть, що якщо на нашій мапі буде погода, то ворог зможе планувати операції. Наче він тупий і не знає як користуватися погодними сервісами. На жаль, пропаганда в стилі ""Антизомбі"" змушує недооцінювати кацапів.

➕У зелене переходить** і Кислівка**, яка також вже близько місяця (якщо не більше) під нашим контролем.

📍 deepstatemap.live/#13/49.7685/37.7310

[Магазин](https://deepstateua.shop/)🛑[Блог](https://deepstateua.com/)🛑[Мапа](https://deepstatemap.live/)🛑[Написати нам](http://t.me/newsDeepStatebot)🛑[Звіти](https://help.deepstateua.com/)🛑[ЗСУHelp](https://t.me/help_deepstateua)",,,
13105,"**🇷🇸Сербія - російський анклав всередині Європи

**💭__«Велика Сербія», Косово, югославські війни та русофілія - чому Сербія залишається союзником московії в Європі, попри її паралельний інтерес до ЄС?

__**👇Читайте за посиланням на нашому блозі:

**https://deepstateua.com/sierbiia-rosiiskii-anklav-v-sieriedini-ievropi/",,,
13106,"🚽**75 відсотків росіян підтримують московську агресію проти України** - йдеться у повідомленні [ГУР

](https://t.me/DIUkraine/1667)🧻І тут хочеться згадати всіх поціновувачів ""хороших рускіх"" та ""експертів"", які думають, що лише путін та верхівка влади винні у розв'язанні війни. 75% населення московії чітко демонструють свою моральну приналежність до всіх подій, а так само і до злочинів, які вчиняють військові московії. І це можна чітко побачити у їх заявах, висловленні думок, а також і — мовчанні. 

💩Вони підтримують вбивство наших громадян, наших дітей, знищення наших домівок. Тому вся русня має бути знищена!😈",,,
13107,"🇺🇦**У Туреччині стартували випробування першого зразка БПЛА Bayraktar Kızılelma

**✈️Особливості Bayraktar Kızılelma:

- Вантажопідйомність – 1500 кг;
- Максимальна швидкість - 900 км/год;
- Крейсерська швидкість - 740 км/год;
- Бойова дальність - 930 км;
- Час польоту – до 5 годин;
- Максимальна висота - 12 000 м;
- Робоча висота - 10 668 м;
 
😎Але найбільша особливість даного **БПЛА **—** двигун АІ-322F українського виробництва**. 

😈Пане Сельчук, нам треба парочку таких для знищення русні",,,
13108,"🇫🇷🇺🇦**Франція передала Україні комплекси ЗРК ""Crotale""

****🚀****Crotale** - французький всепогодний зенітний ракетний комплекс малої дальності, призначений для боротьби з повітряними цілями в діапазоні середніх, малих і гранично малих висот. Може використовуватися як для ППО стратегічно важливих опорних пунктів, центрів управління, стартових позицій ракет, так безпосереднього прикриття бойових порядків військ.

⛳️Для нас будь-яке посилення протиповітряної оборони вкрай важливе, тож раді приймати все, що дають нам наші союзники аби ефективно знищувати русню!",,,
13109,"💀**Франківські бійці із 72 ОМБр знищили групу ДРГ, яка хотіла ""попити кави"" у будинку. Тепер вип’ють з кобZоном

**⚰️Павлівка перетворюється для кацапів на одну велику братську могилу.

📍Локація - deepstatemap.live/#16/47.7571/37.2273",,,
13110,"👨‍💻**Продовжуємо рубрику **[-](https://deepstatemap.live/)** щоденник авторів. Тут ми будемо писати про зміни у функціоналі карти та супутні оголошення

**🗄Після додавання функціоналу ""Патоген"" вже всі помітили новий інтерфейс, який ще буде доопрацьовуватися.
🗄Головне: ми змінили підкладку на стандартний та топографічний шар. Вона не така вимоглива до ресурсів користувача, плавніша у використанні, охоплюватиме більш широкі межі світу. Крім того, пропрацьовано деталізацію. Потрібен певний час на кешування для кращої стабільності.
🗄Продовжується робота над додатком, після оновлення підкладки вона має пришвидшитися, бо попередня навантажувала додаток також.
🗄Мапа поступово стає аналітичним інструментом, тому працюємо над пошуком рішень для погоди та ще певним функціоналом. У планах додати багатомовність. 

Чекаємо ваших відгуків.",,,
13111,"🇹🇷**Міністерство оборони Туреччини оголосило про проведення повітряної операції ""PENÇE KILIÇ"" (Кіготь-меч)

**💭У прес-релізі на сайті міністерства зазначається, що операція проводиться з метою ""__**запобігти терористичним нападам** на наш народ і сили безпеки з півночі Іраку та Сирії, забезпечити безпеку кордонів і **знищити тероризм у його джерелі**__"".

**✈️****Авіанальоту вже зазнала низка баз курдів:

🇸🇾Сирія: **Айн аль-Араб, Айн Дагне, Айн Хесус, Дербесі,Маранес, Малікія, аеропорт Мінніг, Тель Ріфат

**🇮🇶Ірак: Асос, Сулейманія, Сінджар, Канділ, Ербіль

**🕵🏻‍♂️**Цікавий факт** - турецьке телебачення **NTV** повідомило, що повітряний простір Сирії, який контролювала Московія - вперше за довгі роки** став відкритим для турецьких військових літаків.

**🇹🇷""__**Настав час розплати**"" (с) MoD__",,,
13112,"🔄**Ситуація на фронтах станом на 19 листопада

****⏩****На кордоні з біломосковією **- без змін. 

**⏩****На** **Сватівському** напрямку - штурмові дії тривають. Зараз тримаємо кулаки за 92 бригаду, яку кацап намагається стримати на півночі Куземівки. Ворог опублікував в мережі відео удару по нашим бійцям з ТОС-1А в тому районі, із зазначенням бригади.

**⏩****Бахмутський **відтинок - в Бахмуті ворог пробує активізувати резерви для штурму південних та східних околиць міста.

**⏩****Авдіївський** відтинок - невідома ситуація в Новомихайлівці. В Павлівці ворогу не вдається закріпитися в північній частині.
 
**⏩****Запорізький **відтинок - без змін. 

**⏩****Таврійський** відтинок - без змін. 

🗣 Немає активних дій з обох сторін, точкові штурми, в цілому фронт став.

[🖍](https://deepstatemap.live/#6/49.438/32.053)У випадку **неточностей на карті**, ви можете нам повідомити через бот @newsdeepstatebot. 

🛑Нагадуємо, що в загальному доступі не може існувати точної карти бойових дій, а інформацію, як переможну так і не дуже, завжди краще сприймати зі скепсисом і чекати візуальних підтверджень чи повідомлення ГШ ЗСУ. Ну і звісно, довіряйте перевіреним джерелам.",,,
13113,"**🇺🇦🇬🇧Прем'єр-міністр Великої Британії Ріші Сунак відвідав Україну

**🫡Разом з президентом Зеленським вони відвідали виставку знищеної військової техніки російських окупантів. Як і його попередник і наш великий друг Борис Джонсон, Сунак власними очима бачить наслідки війни з кацапами і це хороший приклад для інших деяких ключових лідерів міжнародної політики, які висловлюють стурбованість. 

🤝Новий прем'єр-міністр є одним з ключових наших союзників, який виступає на світовій арені за нашу боротьбу проти руснявого окупанта і рішуче заявляє про підтримку нашої країни. Це потрібно цінувати, адже Велика Британія є важливим гравцем серед інших країн, а це хороший важіль впливу на політику надання нам зброї аби знищувати русню і робити цей світ чистішим і кращим.",,,
13114,"🔄**Ситуація на фронтах станом на 18 листопада

****⏩****На кордоні з біломосковією **- без змін. 

**⏩****На** **Сватівському** напрямку - в районі Новоселівського та Площанки бої. Результат наразі невідомий.

**⏩****Бахмутський **відтинок - хоч і в мережі багато повідомлень з приводу ситуації в Бахмуті, але ми змін не фіксували. Останні місяці там не буває спокійно та безпечно.  

**⏩****Авдіївський** відтинок - ворога стримують в Опитному, щоб не дати йому розвинути успіх.
 
**⏩****Запорізький **відтинок - без змін. 

**⏩****Херсонський** відтинок - без змін. 

🗣Загалом, за сьогодні змін не зафіксовано, проте це не означає, що на ЛБЗ зараз спокійно.

[🖍](https://deepstatemap.live/#6/49.438/32.053)У випадку **неточностей на карті**, ви можете нам повідомити через бот @newsdeepstatebot. 

🛑Нагадуємо, що в загальному доступі не може існувати точної карти бойових дій, а інформацію, як переможну так і не дуже, завжди краще сприймати зі скепсисом і чекати візуальних підтверджень чи повідомлення ГШ ЗСУ. Ну і звісно, довіряйте перевіреним джерелам.",,,
13115,"💀** 72 ОМБр наносить ураження кацапам в південній частині Павлівки

**📍Локація - deepstatemap.live/#16/47.7465/37.2315

Друзі, нагадуємо за 400-тисячну банку: https://send.monobank.ua/jar/5CNYMMkNQF

[Магазин](https://deepstateua.shop/)🛑[Блог](https://deepstateua.com/)🛑[Мапа](https://deepstatemap.live/)🛑[Написати нам](http://t.me/newsDeepStatebot)🛑[Звіти](https://help.deepstateua.com/)🛑[ЗСУHelp](https://t.me/help_deepstateua)",,,
13116,"**🔥****Морпіхи з 501 ОБтМП завдали удару по кацапам між Водяним та Опитним

**📍Локація - deepstatemap.live/#14.5/48.0974/37.7119

Друзі, нагадуємо за 400-тисячну банку: https://send.monobank.ua/jar/5CNYMMkNQF

[Магазин](https://deepstateua.shop/)🛑[Блог](https://deepstateua.com/)🛑[Мапа](https://deepstatemap.live/)🛑[Написати нам](http://t.me/newsDeepStatebot)🛑[Звіти](https://help.deepstateua.com/)🛑[ЗСУHelp](https://t.me/help_deepstateua)",,,
13117,"**🔥****Знищення ворогів в південній частині Павлівки

**📍Локація - deepstatemap.live/#16/47.7498/37.2229

Друзі, нагадуємо за 400-тисячну банку: https://send.monobank.ua/jar/5CNYMMkNQF

[Магазин](https://deepstateua.shop/)🛑[Блог](https://deepstateua.com/)🛑[Мапа](https://deepstatemap.live/)🛑[Написати нам](http://t.me/newsDeepStatebot)🛑[Звіти](https://help.deepstateua.com/)🛑[ЗСУHelp](https://t.me/help_deepstateua)",,,
13118,"**📍****Друзі, починаємо наш п'ятничний географічний квест о 20:00

****🧭****Заходимо і реєструємося - ****https://www.geoguessr.com/join/HQ3D****

**👨‍👩‍👧‍👦Перші три місця (або чотири, якщо буде читер) зможуть стати учасниками нашого OSINT-діалогу, але звісно після верифікації. Переможцям писати в наш бот @newsdeepstatebot (не забудьте скрін місця)",,,
13119,"**🛩**** Ураження ворожого комплексу Тор-М2 бійцями 80 ОДШБр біля Дачного, що на околиці Сватового

**📍Локація - deepstatemap.live/#16/49.4029/38.0910

Друзі, нагадуємо за 400-тисячну банку: https://send.monobank.ua/jar/5CNYMMkNQF

[Магазин](https://deepstateua.shop/)🛑[Блог](https://deepstateua.com/)🛑[Мапа](https://deepstatemap.live/)🛑[Написати нам](http://t.me/newsDeepStatebot)🛑[Звіти](https://help.deepstateua.com/)🛑[ЗСУHelp](https://t.me/help_deepstateua)",,,
13120,"🔄**Ситуація на фронтах станом на 17 листопада

****⏩****На кордоні з біломосковією **- без змін. 

**⏩****На** **Сватівському** напрямку - все більше з'являється кадрів від наших  підрозділів, які виконують там бойову роботу. Просування є, але наскільки далеко - нам поки що невідомо. 

**⏩****Бахмутський **відтинок - атаки ворога продовжуються, але без змін на карті. 

**⏩****Авдіївський** відтинок - ворог зайняв Опитне. Уточнено ситуацію у Водяному. Невельське та Первомайське безперестанку штурмують, але успіхів у ворога практично нема. Треба відмітити піхоту цих сіл за великий героїзм. Ворог знову атакував Авдіївку зі сходу, але за рахунок вдалих дій, наступ було помножено на нуль. У Павлівці ворог не може зайняти північну частину села, артилерія 72 бригади вдало відпрацьовує. Ворог перемістив місце нового удару на північ від Новомихайлівки, найближчі дні там буде важко. 

⏺Загалом, на даному секторі ситуація вкрай тяжка, хлопцям важко. Бабуїни денере, які весну-літо пускали мобіків на убій, зараз воюють професіональніше за москалів, так як регулярні частини приберегли. Ворог ставить за мету відкидання ЗСУ від Донецька та взяття Авдіївки.  
 
**⏩****Запорізький **відтинок - без змін. 

**⏩****Херсонський** відтинок - без змін. 

🗣Ми отримали відгуки з побажанням робити зведення раніше, але в силу об'єму та специфіки, зробити це вкрай тяжко. Накопичилося багато волонтерських запитів, що теж впливає на все. Стараємося для Вас і для хлопців.

[🖍](https://deepstatemap.live/#6/49.438/32.053)У випадку **неточностей на карті**, ви можете нам повідомити через бот @newsdeepstatebot. 

🛑Нагадуємо, що в загальному доступі не може існувати точної карти бойових дій, а інформацію, як переможну так і не дуже, завжди краще сприймати зі скепсисом і чекати візуальних підтверджень чи повідомлення ГШ ЗСУ. Ну і звісно, довіряйте перевіреним джерелам.",,,
13121,"💀**72 ОМБр нанесла удар по ворожому танку на півдні Павлівки. Більш детально про ситуацію буде у зведенні 

**📍Локація - deepstatemap.live/#16/47.7473/37.2295

Друзі, нагадуємо за 400-тисячну банку: https://send.monobank.ua/jar/5CNYMMkNQF

[Магазин](https://deepstateua.shop/)🛑[Блог](https://deepstateua.com/)🛑[Мапа](https://deepstatemap.live/)🛑[Написати нам](http://t.me/newsDeepStatebot)🛑[Звіти](https://help.deepstateua.com/)🛑[ЗСУHelp](https://t.me/help_deepstateua)",,,
13122,"🔥 Б**ійці 59 ОМБр знищили ворожу одиницю техніки на в'їзді в Олешки, які пару днів тому ""звільнив"" мер

**📍Локація - deepstatemap.live/#16/46.6334/32.7289

Друзі, нагадуємо за 400-тисячну банку: https://send.monobank.ua/jar/5CNYMMkNQF

[Магазин](https://deepstateua.shop/)🛑[Блог](https://deepstateua.com/)🛑[Мапа](https://deepstatemap.live/)🛑[Написати нам](http://t.me/newsDeepStatebot)🛑[Звіти](https://help.deepstateua.com/)🛑[ЗСУHelp](https://t.me/help_deepstateua)",,,
13123,"👀**Уважні користувачі мапи вчора могли помітити зміни в районі Опитного, що біля Донецьку

**Дійсно, вже в нічний час ми натрапили на відео з Опитного, що власне лише підтвердило не зовсім втішні новини. 

Втрата Опитного створює проблеми для оборонців північної частини Водяного та дає додаткове навантаження на оборонців Авдіївки. Ну і звісно, буде більше робити і нашим ""пожежним"" підрозділам.

📍Локація - deepstatemap.live/#16/48.0978/37.7199",,,
13124,"🚀**Сьогодні держава-терорист завдала десятки ракетних ударів, націлених переважно на газовидобуток**. 

🏗Деякий час тому Нафтогаз підготував та почав реалізовувати масштабний, дороговартісний проєкт по розширенню газовидобутку в умовах воєнного стану. 

👨‍👩‍👧‍👦На блозі вже чекає стаття з оглядом цієї ситуації, її можливих ризиків та доцільності.

👉https://deepstateua.com/p/47962abb-b920-4f05-8314-44cd7d150b1f/",,,
13125,"**📍**** Ураження ворога бійцями 63 бригади на захід від Олешків

**Цікаво, що від місця зйомки до набережної Херсону менше кілометра. Ворог не вижив. Як там справи у свідків мера Олешків?!

📍Локація - deepstatemap.live/#16/46.6235/32.6345",,,
13126,"🔄**Ситуація на фронтах станом на 16 листопада

****⏩****На кордоні з біломосковією **- без змін. 

**⏩****На** **Сватівському** напрямку - ініціатива перейшла на бік ЗСУ і наші пробують видавити ворога ближче до траси, але про якісь великі успіхи поки говорити рано. 

**⏩****Бахмутський **відтинок - ворог активно проводить атаки південніше Бахмута, про результат невідомо.

**⏩****Авдіївський** відтинок - без змін, точна ситуація в Опитному невідома. Ворог не полишає спроб взяти Первомайське, але просування не зафіксовано.
 
**⏩****Запорізький **відтинок - без змін. Попередньо, ми не маємо інформації про якийсь наступ ворога тут. Періодично, обидві сторони ходять в розвідку боєм, але це нічим суттєвим не закінчується. 

**⏩****Херсонський** відтинок - без змін. 

🛑Сьогодні ситуація на лінії бойового зіткнення, принаймні в інформаційному плані, спокійніша за попередні дні. На карті будуть незначні уточнення. 

[🖍](https://deepstatemap.live/#6/49.438/32.053)У випадку **неточностей на карті**, ви можете нам повідомити через бот @newsdeepstatebot. 

🛑Нагадуємо, що в загальному доступі не може існувати точної карти бойових дій, а інформацію, як переможну так і не дуже, завжди краще сприймати зі скепсисом і чекати візуальних підтверджень чи повідомлення ГШ ЗСУ. Ну і звісно, довіряйте перевіреним джерелам.",,,
13127,"**📍**** Ворог продемонстрував підбиття нашого танку. Увагу звернули на те, що локація всього в 1.7км на захід від Площанки

**Локація - deepstatemap.live/#16/49.2028/38.0525",,,
13128,"**📹****Кадри з центральної площі Херсону, з району Антонівського мосту та зруйнованої телевежі. Також, до вашої уваги інтерв’ю з місцевими та військовими

**🇺🇦 Відео – Міністерство оборони України",,,
13129,"😈**Наші колеги з військової системи Delta допомагають знищувати русню при звільненні Херсонщини**

ℹ️ Delta - це інформаційна система, що дозволяє в режимі реального часу відстежувати позиції противника на цифровій мапі. Дельта була розроблена Міністерством оборони України за сприяння НАТО.

🦾Знищуємо русню разом",,,
13130,"**🇺🇦**** Офіційне відео Міністерства оборони України зі звільненої Макіївки

**Локація - deepstatemap.live/#14/49.2310/37.9782

[Магазин](https://deepstateua.shop/)🛑[Блог](https://deepstateua.com/)🛑[Мапа](https://deepstatemap.live/)🛑[Написати нам](http://t.me/newsDeepStatebot)🛑[Звіти](https://help.deepstateua.com/)🛑[ЗСУHelp](https://t.me/help_deepstateua)",,,
13131,"**🔥Наш канал продовжує зростати і нас вже 400 000 підписників!

🤝🏻Ми** безмежно вдячні кожному, що ви є частиною нашої великої команди! Дуже дякуємо тим, хто долучається до допомоги нашим військовим на передовій, дякуємо всім, хто долучається до створення контенту та робить його кращим. Ми працюємо для вас невпинно вдень і вночі. Далі більше! Далі цікавіше! Рухаємося вперед до нових висот! 

💪🏻 Вже традиційно, найкращим подарунком для нас - буде збір коштів для **Збройних Сил України**. Відкриваємо [банку для збору на 400 000 грн](https://send.monobank.ua/jar/5CNYMMkNQF) для волонтерської допомоги нашим військовим на передовій!

💰Посилання на банку:https://send.monobank.ua/jar/5CNYMMkNQF
**Кожна ваша копійка буде величезним вкладом в цей дуже необхідний збір!

**🇺🇦**Йдемо разом до перемоги!**",,,
13132,"[⚡️](https://i.ibb.co/j5VkdQ3/photo-2022-11-16-12-58-18.jpg)**Друзі, команда DeepStateUA продовжує допомагати нашій армії на передовій робити смерть москалям**😈

📋Звітуємо про останні придбання волонтерської допомоги:

**🦅****Для бійців 93-ї ОМБр придбали:
**🔸Тепловізор (2 шт.) - **62 659 грн;
**🔹Докладання на дрон Mavic 3 - **39 203 грн;
**🔸Енергетики (1500 шт.) - **36 193 грн;
**🔹Плівка (200 м.), 30 лопат - **15 230 грн;

****⚔****Для бійців 46-ї ОДШБр придбали:
🔸**Тепловізор та батарея до нього - **95 000 грн;
**🔹Тепловізор  - **48 240 грн;
🔸**Пальне для підвезення води**  - 2 814 грн**;

✈️**Для бійців ХХХ ЗР полку придбали: 
**🔹Мікроелектроніка, деталі та інструменти -** 64 923 грн;
🔸**Сверла, пільний диск, екстрактори, спирт 10л, утеплювачі, викрутки, перехідники, головки** - 43 190 грн;
🔹**Вентиляція для підземного приміщення** - 40 030 грн;
🔸**Ремонт автівки виїздної бригади** - 14 000 грн;
🔹**Колодки, колеса, контактор, фарба і лаки для відновлення кабіни** - 4 216 грн;

****🦅****Бронежелети (25 шт.) для бійців 95-ї ОДШБр - 325 000 грн;
**💀🦅🦅🌜🗡️**Спальники** для бійців 72-ї ОМБр, 93-ї ОМБр, 95-ї ОДШБр, 54-ї ОМБр, 79-ї ОДШБр - **170 201 грн;
****🇺🇦****Дрон** Mavic 3 combo для бійців 101-ї ОБрО - **112 250 грн;
**⚔️Дрон Mavic 3 для бійців 4-ї БрОП НГУ - **88 250 грн;
**🗡Дощовиків (50 шт.), серветки, шкарпетки (100 шт.), нижня білизна (100 шт.), ПНВ (3 шт.), лопати (50 шт.) для бійців 53-ї ОМБр - **85 347 грн;
****🇺🇦**Планшети (7 шт.), резина для авто для бійців 241-ї БТрО** - 64 739 грн;
**🇺🇦Тепловізор для бійців 192-ї БТрО** - 55 750 грн;
**✈️Мастило (400 л.) для бійців 1129-го ЗРК полку - **45 550 грн;
**💀Металошукач, докладання на термобілизну (30 шт.) для бійців 72-ї ОМБр - **28 400 грн;
**🇺🇦ПНВ для бійців 65-ї бригади -** 28 280 грн;
**✴Планшети (3 шт.) для бійців 30-ї ОМБр - **21 684 грн;
**🌜Енергетики (250 шт.), колдрекс (10 уп.), аміксин ІС  (5 уп.), серветки для бійців 54-ї ОМБр - **21 265 грн;
**🗡️Докладання на рації для бійців** **79-ї ОДШБр - **20 341 грн;
**🦅Хімсвітло (200 шт.) для бійців 95-ї ОДШБр - **19 309 грн.
**👮Рюкзак тактичний (3 шт.) для бійців НПУ ""Сафарі"" - **6 412 грн;

**💰Зага**льна сума - 1 558 476 грн.

💪🏻**Дякуємо кожному, хто відгукнувся та є небайдужим в ці непрості для України часи. І ми знаємо, що ми точно переможемо, адже ми нація, яка в будь-яких труднощах стає одним цілим і долає перешкоди спільними зусиллями.

`🇺🇦`Наближаємо н**ашу Україну до перемоги разом!**",,,
13133,"**⏺**** Цікавий факт, що в день звільнення Херсону, сайт мапи отримав більше 10 млн відвідувань**. А унікальних користувачів було 1.453 млн, з них 72% з України

[Магазин](https://deepstateua.shop/)🛑[Блог](https://deepstateua.com/)🛑[Мапа](https://deepstatemap.live/)🛑[Написати нам](http://t.me/newsDeepStatebot)🛑[Звіти](https://help.deepstateua.com/)🛑[ЗСУHelp](https://t.me/help_deepstateua)",,,
13134,"🔄**Ситуація на фронтах станом на 15 листопада

****⏩****На кордоні з біломосковією **[-](https://www.theblackcoffee.eu/wp-content/uploads/2022/05/ok.jpg) без змін. Схоже в біломосковії продовжують відбуватися процеси, які можна описати прихованою мобілізацією. Агресивні пересування біля нашого кордону тривають ще з літа, тому загроза вже є давно, але до неї готові. 

**⏩****На** **Сватівському** напрямку - ситуація складна, в результаті боїв наші продавили ворога на невелику глибину в лісостеповій місцевості, проте геолокувати місце не вдалося.

**⏩****Бахмутський **відтинок - у відповідь на наше підсилення, ворог пробує наростити ще сил. Біля Майорська спроби ворога просунутися зупинені.

**⏩****Авдіївський** відтинок - ситуація продовжує бути напруженою. Ворог продавлює Опитне і можливо навіть зайняв все село. Первомайське ворог продовжує рівняти із землею, як і Мар'їнку. В обох випадках просувань ворога не зафіксовано. Судячи з одного відео у Невельського, ворог захопив ВОП ""Басейн"", що у 1600 метрів від села. Уточнення фронту на пн-сх від Володимирівки.
 
**⏩****Запорізький **відтинок - без змін. 

**⏩****Херсонський** відтинок - без змін. Наша артилерія продовжує накидувати ворогу, той також не мовчить. Використовує значну кількість ""Ланцетів"". Сьогодні вже з'явилися відео з Олешок та Нової Каховки, де ознак звільнення чи навіть боїв в межах міст, не зафіксовано.

🫠Ми отримали нереально велике число відгуків про зведення і тому вирішили його продовжувати ДЛЯ ВАС. Справді, була думка що його читає незначне число людей.

🇵🇱З приводу кацапських ракет в Польщі, очікуйте офіційне рішення польського уряду. Згадуються шпальти французьких видань 1939го року зі словами ""Навіщо вмирати за Данциг?!""

🌤Ми продовжуємо вдосконалювати сайт, готувати додатки та створювати новий аналітичний функціонал. Може хтось порадить якісний і недорогий погодний АРІ (хмарність, опади, сніговий покрив). Нас цікавить наскільки було б корисно отримувати дані про повітряну тривогу на карті. Про це можна написати в коментарях - ми прочитаємо. 

[🖍](https://deepstatemap.live/#6/49.438/32.053)У випадку **неточностей на карті**, ви можете нам повідомити через бот @newsdeepstatebot. 

🛑Нагадуємо, що в загальному доступі не може існувати точної карти бойових дій, а інформацію, як переможну так і не дуже, завжди краще сприймати зі скепсисом і чекати візуальних підтверджень чи повідомлення ГШ ЗСУ. Ну і звісно, довіряйте перевіреним джерелам.",,,
13135,"**🍉14 листопада в Чорнобаївці та Херсоні

**👀Невелика оглядова екскурсія від першої особи з авторськими коментарями по Чорнобаївці. А також поїздка бійця в Херсон, де його тепло зустріли місцеві жителі.

📹Відео – Міністерство оборони України",,,
13136,"📹**Бійці поділилися відео поїздки по одному із сіл на Сватівському напрямку. На кадрах можна побачити наслідки приходу кацапських окупантів

**[Магазин](https://deepstateua.shop/)🛑[Блог](https://deepstateua.com/)🛑[Мапа](https://deepstatemap.live/)🛑[Написати нам](http://t.me/newsDeepStatebot)🛑[Звіти](https://help.deepstateua.com/)🛑[ЗСУHelp](https://t.me/help_deepstateua)",,,
13137,"[🇱🇹](https://i.imgur.com/rAz3vHV.jpeg)🇩🇪**Між Литвою та Німеччиною назріває дипломатичний ""скандал"" - міністр закордонних справ Анналена Бербок повідомила, що обіцяна німецька бригада не буде повністю розгорнута на території Литви

**🤝У договорі між країнами зазначалось, що майже 5-титисячне угрупування військ буде розгорнуте в повному обсязі, однак МЗС Німеччини повідомила, що «__Ваш президент і наш канцлер про це домовилися, і це закріплено письмово. (...) Нам потрібна боєздатна бригада, **частина якої була б постійно дислокована в Литві, а частина - в Німеччині**, і розгортання якої було б питанням днів__», а також зазначила, що «**__Литва не має необхідної інфраструктури щоб мати можливість (...) розгорнути боєздатну бригаду__**». 

🤔Під час зустрічі міністр закордонних справ Литви **Габріеліус Ландсбергіс** наголосив на конкретному зобов’язанні розгорнути всю бригаду. За його словами, «конкретне зобов’язання Німеччини направити німецьку бойову бригаду для постійної ротації зміцнить безпеку не лише Литви, а й усього регіону». 

💭В комюніке, підписаному президентом Литви **Гітанасом Науседою** та канцлером Німеччини **Олафом Шольцом** йшлося, що «__на додаток до вже діючої та посиленої батальйонної бойової групи передових сил, Німеччина готова очолити в Литві сильну та боєздатну бригаду, **розроблену для стримування та захисту від російської агресії**__».

💭Радник президента Литви також підкреслила, що «__Ні канцлер, ні президент Литви не говорили про якісь половинчасті варіанти. **Йшлося про бригаду. Крапка.** А згодом це якось переросло в інтерпретації__».

🤷‍♂️В свою чергу міністр оборони Литви відповів лаконічно:
«**__Нам потрібно продовжувати працювати__**»

💭Від себе хочемо додати, що подібне висловлення від МЗС Німеччини викликає лише здивування, оскільки цей договір був підписаний на саміті НАТО у Мадриді ще у червні. 

🕵️**Цікавий факт** - німецький машинобудівний та зброєбудівний концерн Rheinmetall [купує](https://mil.in.ua/uk/news/rheinmetall-kupuye-ispansku-expal-systems/) іспанську компанію з виробництва боєприпасів Expal",,,
13138,"**👤 15 листопада 2022 року населення землі перевищило 8 мільярдів людей

**🌐Більше половини прогнозованого приросту населення світу, на думку, науковців до** 2050 року **буде зосереджено у восьми країнах:
🇨🇩Демократичній Республіці Конго;
🇪🇬Єгипті;
🇪🇹Ефіопії;
🇮🇳Індії;
🇳🇬Нігерії;
🇵🇰Пакистані; 
🇵🇭Філіппінах; 
🇹🇿Об'єднаній Республіці Танзанія. 

🗺 Очікується, що саме країни **Африки на південь від Сахари** забезпечать більше половини приросту.

📈Наступну позначку в **9 мільярдів** ООН прогнозує у **2037 році**. Також, за прогнозами, частка населення світу у віці 65 років і старше зросте з** 10%** у 2022 році до **16%** у **2050 році.**",,,
13139,"🔄**Ситуація на фронтах станом на 14 листопада

****⏩****На кордоні з біломосковією **[-](https://deepstatemap.live/) без змін. ГШ ЗСУ заявив, що військовий комісаріат Брестської області оголосив тендер на друк бланків приписів мобілізованих у кількості 50 000 примірників з терміном виконання замовлення до 31 грудня поточного року. Крім того, 15-17 листопада на території Київщини пройдуть військові навчання.

**⏩****На** **Сватівському** напрямку - ситуація складна, бої активізувалися. Про успіхи говорити ще рано.

**⏩****Бахмутський **відтинок - ворог активізувався в районі Майорського.

**⏩****Авдіївський** відтинок - у багатьох місцях атаки відбито. У Мар'їнці складна ситуація, артилерія та авіація ворога знищують забудову міста, що ускладнює його утримання. Судячи з усього, ЗСУ дійсно покинули знищену Павлівку, так як закріпитися там немає де. Ворог стоїть на півдні села і далі просунутися не може. На жаль, у районі саду є наші втрати о/с цілого ВОПу. Не варто забувати, що за втратами ворога стоять і наші також. 
 
**⏩****Запорізький **відтинок - без змін. 

**⏩****Херсонський** відтинок - протягом останніх днів обидві сторони проводять артилерійські дуелі. Ми не маємо підтвердженої інформації щодо ситуації в Олешках чи Новій Каховці. Мережею ширяться багато чуток та вкидів, але жодних пруфів ніде немає. Ми не займаємося хайпом і закликаємо інших припинити гратися в «інсайдерів», а дочекатися офіційних підтверджень, або хоча б візуальних. По гарнізону ворога на Кінбурнському півострові наноситься вогневе ураження.

🛑Ми призупиняємо даний формат публікацій, так як основна маса користувачів все-одно шукає істину в інших місцях і не читає зведення. Сьогоднішній день тому додаткове підтвердження.

[🖍](https://deepstatemap.live/#6/49.438/32.053)У випадку **неточностей на карті**, ви можете нам повідомити через бот @newsdeepstatebot. 

🛑Нагадуємо, що в загальному доступі не може існувати точної карти бойових дій, а інформацію, як переможну так і не дуже, завжди краще сприймати зі скепсисом і чекати візуальних підтверджень чи повідомлення ГШ ЗСУ. Ну і звісно, довіряйте перевіреним джерелам.",,,
13140,"**📍**** Чмобіки-резервісти позують на пд-сх околиці Майорська

**Локація - deepstatemap.live/#16/48.3924/37.9837

[Магазин](https://deepstateua.shop/)▫️[Блог](https://deepstateua.com/)▫️[Мапа](https://deepstatemap.live/)▫️[Написати нам▫️](http://t.me/newsDeepStatebot)[Звіти](https://help.deepstateua.com/)▫️[ЗСУHelp](https://t.me/help_deepstateua)",,,
13141,"**⚰️ Декацапізація ворога в Макіївці, яка відбулася декілька днів тому

**Судячи з оригінальних відео, які надали бійці, ситуація у ворога там була плачевна.

📍 deepstatemap.live/#14.5/49.2239/38.0053",,,
13142,"🚀**Бійці XXX ЗР полку, яким ми всі допомагаємо передають вітання підписникам каналу DeepStateUA та діляться ексклюзивним відео своєї роботи

**🚀Перше відео — збиття крилатої ракети на Харківському напрямку.

🚁Друге відео — нічне збиття гелікоптеру **КА-52 ""Алігатор""** під **Бахмутом.

**🇺🇦Дякуємо всім, хто долучається до волонтерської допомоги нашим військовим! Разом знищимо всю русню! Також долучайтеся до нашого волонтерського каналу [ЗСУ Help.

](https://t.me/help_deepstateua)P.S. Для експертів - відео надане військовими та опубліковане з їх погодженням!",,,
13143,"[🇺🇸](https://deepstateua.com/untitled-2/)**Багато хто слідкує за перебігом підрахунку голосів на виборах у Конгрес США. Вже можна констатувати факт того, що демократи зберігають за собою Сенат

**🇺🇦Вчора ми [згадували](https://t.me/DeepStateUA/14669) про те, що демократи зберегли свої позиції в сенаті. Читайте детальний огляд виборів в сенат[ на нашому блозі DeepState.

](https://deepstateua.com/amerika_mayzhe_obrala/)🧐Діліться своїми думками в коментарях",,,
13144,"🇱🇻**🫡У Латвії в рамках закону про демонтаж об'єктів, що прославляють радянський і нацистський режими, було знесено понад 120 об'єктів. 

**До 15 листопада у переліку об'єктів для демонтажу було близько 70 пам'ятних стел. Проте понад 50 було демонтовано за власною ініціативою муніципалітетів. 

💭Про це повідомила Літа Кокале, керівник відділу зв’язків з громадськістю Міністерства культури.

🇺🇦Україна стала своєрідним ""рушієм"" для декомунізації - і це не може не тішити.",,,
13145,🍉**Президент Володимир Зеленський п~~оводив ~~****~~🍌~~****~~ по губам русні~~ відвідав деокупований Херсон**,,,
13146,"🦅**Відмінна робота штурмового загону НГУ (БСП Донбас) в районі населеного пункту Майорське

**📹Це щонайменше вже друге популярне відео, яке видають за Херсонщину. 

[Магазин](https://deepstateua.shop/)▫️[Блог](https://deepstateua.com/)▫️[Мапа](https://deepstatemap.live/)▫️[Написати нам▫️](http://t.me/newsDeepStatebot)[Звіти](https://help.deepstateua.com/)▫️[ЗСУHelp](https://t.me/help_deepstateua)",,,
13147,"🔄**Ситуація на фронтах станом на 13 листопада

****⏩****На кордоні з біломосковією **[-](https://deepstatemap.live/) без змін. 

**⏩****На** **Сватівському** напрямку - геолоковано відео наших бійців у Макіївці, проте ситуація в селі тяжка і ворог пробує відбити село, незважаючи ні на які втрати.

**⏩****Бахмутський **відтинок - складна ситуація зберігається. Лінія Бахмут-Соледар залишається найгарячішою. Уточнено ситуацію в Майорському.

**⏩****Авдіївський** відтинок - поки без суттєвих змін, у Мар'їнці ворог має частковий успіх. На всій ділянці йде робота артилерії та великого числа ворожої піхоти. Штурм Мар'їнки відбувається в ""кращих"" традиціях радянської армії, спадкоємцем якої є нинішня московитська. 
 
**⏩****Запорізький **відтинок - без змін. 

**⏩****Херсонський** відтинок - без змін на карті. 

🔄Оновлення протягом години. 

[🖍](https://deepstatemap.live/#6/49.438/32.053)У випадку **неточностей на карті**, ви можете нам повідомити через бот @newsdeepstatebot. 

🛑Нагадуємо, що в загальному доступі не може існувати точної карти бойових дій, а інформацію, як переможну так і не дуже, завжди краще сприймати зі скепсисом і чекати візуальних підтверджень чи повідомлення ГШ ЗСУ. Ну і звісно, довіряйте перевіреним джерелам.",,,
13148,"📍** Геолокування ворожої техніки та піхоти в східній околиці Первомайського

**👣Орієнтовне п**росування піхоти ворога** з [8 жовтня](https://t.me/DeepStateUA/14338), коли востаннє геолокували село, **становить 312 метрів.

**📍 Локація - deepstatemap.live/#16/48.0680/37.6573

[Магазин](https://deepstateua.shop/)▫️[Блог](https://deepstateua.com/)▫️[Мапа](https://deepstatemap.live/)▫️[Написати нам▫️](http://t.me/newsDeepStatebot)[Звіти](https://help.deepstateua.com/)▫️[ЗСУHelp](https://t.me/help_deepstateua)",,,
13149,"**🇺🇦**** На фоні успіхів на Херсонщині, не варто забувати, що на інших напрямках зараз дуже тяжко

**🔥Найбільш тяжкий відтинок фронту - Бахмутська м'ясорубка, яка щодня забирає життя наших захисників і ще більше смерть косить клятого ворога. Утримання Бахмута та його околиць дається великою ціною та героїчними зусиллями наших воїнів!

🕯Сьогодні хочемо згадати всіх тих, хто загинув у боях за місто та його околиці. Сьогодні наш друг-інструктор Андрій ""Гора"" Шиян поклав життя, щоб чобіт кацапського недолюдка не ступив в український Бахмут. Дякуємо за чин, друже! Та дякуємо кожному українському герою, який боронить нашу землю та поліг у боях за неї! Ми помстимося за кожного!

🫡 Der gute Kamerad!",,,
13150,"🇧🇷**«Має проросійські та прокитайські погляди» - одна з перших фраз, що прочитає будь-який гість україномовної сторінки у Вікіпедії про Лулу да Сілву, новообраного президента Бразилії

**👇Короткий огляд результатів президентських виборів в Бразилії за посиланням на нашому блозі:

🌐 deepstateua.com/oglyad_resultativ_vyboriv_v_brazylii/",,,
13151,"**🇺🇸Демократи зуміли утримати свої позиції в сенаті та зберегти більшість

**🫡Ключовим в цьому плані був штат Невада (як і передбачалося), де до останнього лідирував сенатор від республіканців Адам Лаксальт, але буквально за добу його відрив був знівельований і перемогу здобула Кетрін Кортес Масто. Кандидат від демократів випередила свого суперника всього лише на 6 556 голосів.

🤔Виходить, що голос кожного і справді важливий.

🏆Ще раніше визначився переможець в Сенат від штату Пенсильванія, і ним досить прогнозовано став Джон Феттерман від демократів, який переміг Мехмета Оза, на якого особисто дуже сподівався Дональд Трамп. [Пишуть](https://twitter.com/maggieNYT/status/1590370778188763137?ref_src=twsrc%5Etfw%7Ctwcamp%5Etweetembed%7Ctwterm%5E1590370778188763137%7Ctwgr%5Ecab5000a673a3196f5178b476043eea0b83eed5d%7Ctwcon%5Es1_&ref_url=https%3A%2F%2Fnv.ua%2Fworld%2Fcountries%2Fvybory-v-ssha-2022-tramp-v-yarosti-iz-za-proigrysha-v-pensilvanii-poslednie-novosti-50282914.html), що Трамп дуже розлютився на тих, хто радив йому підтримати Мехмета Оза. 

Читав би нашу аналітику - не ставив би на андердогів😉

🧮Підрахунок результатів виборів в Палату Представників (нижня палата Конгресу) ще триває, але вже можна сказати, що контроль демократами Сенату нівелює перевагу, яку, скоріше за все, отримають республіканці в Палаті Представників. 

👉Таким чином, можна констатувати, що найгіршого сценарію для адміністрації чинного президента США, з контролем республіканцями обидвох палат Конгресу, вдалося уникнути. Це автоматично знімає напругу з політичної системи США і дозволяє впевнено дивитися в майбутнє принаймні на найближчі 2 роки, адже прийняття ключових рішень по кризам у світі не будуть блоковані Конгресом (навіть якщо Палата Представників буде блокувати певні рішення, контроль демократами Сенату дозволяє обходити такі блокування).

❓Як це відобразиться на нашій війні з росією? Є всі підстави вважати, що США продовжать бути нашим найпершим союзником і підтримкою в цій війні. Зрада скасовується.

🇺🇦 Детальніший огляд ситуації - згодом на нашому блозі.",,,
13152,"**➕****🇺🇦****Макіївка на Луганщині переходить в синю зону

**🔥З'явилось відео-підтвердження успішного штурму наших військових, хрестоносців зафіксовано на східній околиці села. Деякі телеграм-канали піддавали сумніву те, що Макіївка окупована та намагались звинуватити нас у тому, що ми безпідставно зафарбували цей населений пункт у червоний колір. Однак час розставив все на свої місця - українські військові зуміли відновити контроль над селом, ворог поніс важкі втрати вбитими. 

📍https://deepstatemap.live/#12.75/49.2324/37.9876",,,
13153,"🔖**Подяка для нашої команди від 95-ї бригади за волонтерську допомогу**

🫠А наша команда - це наші найкращі в світі підписники. Саме завдяки вам, друзі, ми маємо змогу допомагати нашим захисникам! Дуже вам дякуємо! Ви неймовірні!❤️

👉🏻Долучайтеся до нашого волонтерського каналу [ЗСУ Help](https://t.me/help_deepstateua). Разом переможемо всю русню🇺🇦",,,
13154,"💌**Друзі, нагадуємо про наш **[магазин](https://deepstateua.shop/)** з фірмовим мерчем від команди DeepStateUA

**🍉Херсон повернувся додому і ми не могли пропустити таку грандіозну подію. До дня звільнення Херсонщини ми додали мега-круті принти! Зустрічайте український світанок разом з кавунами та мавпочкою🇺🇦

👉🏻Скоріше переходьте за посиланням та обирайте мега-круті мерчі **DeepStateUA**😎

📌Посилання на сайт:➡️[Deepstateua.shop](https://deepstateua.shop/)",,,
13155,"🔄**Ситуація на фронтах станом на 12 листопада

****⏩****На кордоні з біломосковією **[-](https://deepstatemap.live/) без змін. 

**⏩****На** **Сватівському** напрямку - без серйозних змін. В одному із сіл у кацапів трапилася велика трагедія, в результаті штурмових дій ЗСУ, ворог втратив значне число особового складу вбитими. 

**⏩****Бахмутський **відтинок - складна ситуація зберігається. Ворог продовжує атакувати, проте найбільша активність на фронті в останні дні навіть не тут. У Спірному сіра зона розширена через геолокування недавно підбитої нашої техніки там.

**⏩****Авдіївський** відтинок - складна ситуація з Первомайським, східна частина села стерта з лиця землі, ворог атакує зі сторони Пісок та Невельського. Детальний розбір не встигаємо зробити. Складна ситуація між Опитним та Водяним. З одного боку ворог показав свою ж підбиту техніку, як нашу, з іншого дійсно передові загони зайшли на пд-зх околиці Опитного. Зараз кацапи намагаються пробити виступ між цими селами, що спровокує відхід наших сил з Опитного. Продовжується стирання з лиця землі Павлівки, ворогу вдалося захопити ще одну вулицю. Якщо ситуація не зміниться, то в селі не буде за що закріпитися. У Мар'їнці ворога вже декілька днів як зупинено.
 
**⏩****Запорізький **відтинок - без змін. 

**⏩****Херсонський** відтинок - без змін. Озвучування причин виходу московитів з правого берегу ми залишаємо блогерам.  

⏺Через брак часу не встигаємо повноцінно висвітлювати локації, які пов'язані зі змінами на фронті. 

🔄Оновлення протягом години. Хто хоче - лягайте спати. На світлині Первомайське.

[🖍](https://deepstatemap.live/#6/49.438/32.053)У випадку **неточностей на карті**, ви можете нам повідомити через бот @newsdeepstatebot. 

🛑Нагадуємо, що в загальному доступі не може існувати точної карти бойових дій, а інформацію, як переможну так і не дуже, завжди краще сприймати зі скепсисом і чекати візуальних підтверджень чи повідомлення ГШ ЗСУ. Ну і звісно, довіряйте перевіреним джерелам.",,,
13156,"🇺🇦 **Хлопці з 57 ОМПБр, 123 ОБрТрО та 131 ОРБ передають інформацію, що на референдумі в Бургунці 100% жителів за Україну

**📍 deepstatemap.live/#12.5/46.8116/33.2810",,,
13157,"😺**Хлопці з ремонтної бази XXX ЗР полку передають усім привіт та дуже дякують за ту допомогу, що надають підписники каналу DeepStateUA. **Як завжди керує ремонтом незмінний лідер команди кіт Барсік. Спільними зусиллями робимо смерть москалям

[☕️Замовити](https://deepstateua.shop/shop/cupdeepstateua) таку ж чашку собі можна у нас.",,,
13158,"🔄**Ситуація на фронтах станом на 11 листопада

****⏩****На кордоні з біломосковією **[-](https://deepstatemap.live/) без змін. 

**⏩****На** **Сватівському** напрямку - деякі зміни відбулися в обидва боки, але без змін на нашій карті. Ситуація тут доволі хитка.

**⏩****Бахмутський **відтинок - складна ситуація зберігається. Успіхи ворога у Майорському лише часткові.

**⏩****Авдіївський** відтинок - ворог укріпився у південній частині Водяного, в Опитному поки без змін, а ситуація у Первомайському поки точно невідома. Кацап заявив про повний контроль над Павлівкою захопивши приватні хати і встановивши там прапор. Детальне відео даної ситуації [доступно на каналі](https://t.me/DeepStateUA/14659).
 
**⏩****Запорізький **відтинок - без змін. 

**⏩****Херсонський** відтинок - звільнено Херсон та всю правобережну частину Херсонщини та Миколаївщини. Сьогодні протягом дня працювала артилерія обох сторін, тому в подальшому ситуація тут нагадуватиме Запорізький відтинок, де артилерія працює часто, але до змін на карті це не приводить. 

💬 Не забуваємо, що хоч ворогу і вдалося втекти з Херсону, але це військова перемога. За цей відхід полягло багато хлопців: і піхоти, і танкістів, і десантників, і пілотів. Це не жест доброї волі, а силове примушення до капітуляції ворога шляхом втечі. 

🔄Оновлення вже відбулося. Інші уточнення будуть опубліковані вже завтра.

[🖍](https://deepstatemap.live/#6/49.438/32.053)У випадку **неточностей на карті**, ви можете нам повідомити через бот @newsdeepstatebot. 

🛑Нагадуємо, що в загальному доступі не може існувати точної карти бойових дій, а інформацію, як переможну так і не дуже, завжди краще сприймати зі скепсисом і чекати візуальних підтверджень чи повідомлення ГШ ЗСУ. Ну і звісно, довіряйте перевіреним джерелам.",,,
13159,"✝**28 бригада затрофеїла гелікоптер

**🎁Це другий такий випадок за всю війну. Перший був на Київщині, ССО затрофеїли Ка-52 у квітні, підбитий ще 24 лютого. 

🧐Цей Мі-8ВКП ймовірно був не здатен самостійно полетіти, тому ворог його залишив. Можливо, він був аналогічно залишений нами в лютому. Оскільки він має розпізнавальні знаки ворога, то може вважатись трофеєм.

[Магазин](https://deepstateua.shop/)🛑[Блог](https://deepstateua.com/)🛑[Мапа](https://deepstatemap.live/)🛑[Написати нам](http://t.me/newsDeepStatebot)🛑[Звіти](https://help.deepstateua.com/)🛑[ЗСУHelp](https://t.me/help_deepstateua)",,,
13160,"📍 **Кацапські виродки заявили про взяття всієї Павлівки та підняли прапор на крайній хаті села

**Багатьох цікавить доля Павлівки, зараз фактично вона поділена на дві частини, але ворог не просто не контролює половину села, а й не може навіть закріпитися. 

🍌Щоб не отримати анальне зґвалтування від командування армією, ворожі командири зняли підняття прапора над однією з сільських хат.

🤡Про дану комедію в кількох актах дивіться на відео.",,,
13161,"**📍****Друзі, починаємо наш п'ятничний географічний квест о 20:00

Заходимо і реєструємося - ****https://www.geoguessr.com/join/7FLE****

**👨‍👩‍👧‍👦Перші три місця (або чотири, якщо буде читер) зможуть стати учасниками нашого OSINT-діалогу, але звісно після верифікації. Переможцям писати в наш бот @newsdeepstatebot (не забудьте скрін місця)",,,
13162,"**🇺🇦**** 1-й стрілецький батальйон 17-ї****⚔**** ОТБр в Бериславі

**🫡Точну локацію не вказуємо.

Локація - deepstatemap.live/#12.5/46.8504/33.3895",,,
13163,Функціонал. Скоро. 🤫,,,
13164,"**🇺🇦**** 1-й стрілецький батальйон 17-ї****⚔**** ОТБр в Урожайному

**🫡 Дякуємо хлопцям за роботу.

Локація - deepstatemap.live/#13.25/46.9546/33.3822",,,
13165,"Сьогодні польський народ відзначає 104-ту річницю незалежності

Вітаємо друзів-поляків. За нашу і вашу свободу. 

Українці завжди пам'ятатимуть, хто першим надав нам допомогу.

🇵🇱🇺🇦❤️

@privatnamemarnya",,,
13166,"**🇺🇦**** Лиманець та Тягинка також повертаються додому!

**🔄Мапа буде оновлена згодом.

📍https://deepstatemap.live/#11.25/46.8416/32.9708",,,
13167,"🇺🇦 **Абсолютний рекорд на сайті - 200 тисяч користувачів 

**Сервери все витримують і чекають нових користувачів. Світ має бачити успіхи ЗСУ!

UPD: 210 тисяч.
UPD: 222 тисячі.",,,
13168,"🇺🇦 **Населення села Раківка провело референдум і 100% за повернення в Україну, результат підтвердив 42 ОМПБ

**🫡 Текст писали наші герої, тому ми його залишили таким, яким є, дякуємо за роботу!

🫠Слава Нації!",,,
13169,"**🔄**** Мапу оновлено з урахування того, що наша армія увійшла в Херсон, Берислав та ряд інших населених пунктів

**🇺🇦 https://deepstatemap.live/

[Магазин](https://deepstateua.shop/)🛑[Блог](https://deepstateua.com/)🛑[Мапа](https://deepstatemap.live/)🛑[Написати нам](http://t.me/newsDeepStatebot)🛑[Звіти](https://help.deepstateua.com/)🛑[ЗСУHelp](https://t.me/help_deepstateua)",,,
13170,"🎉**Окрім Херсону, додому сьогодні повертається 45 героїв з полону

**Це бійці: 1-ї🇺🇦, 10-ї🇺🇦 гірсько-штурмової, 30-ї3️⃣, 53-ї🗡, 58-ї5️⃣ та славетної 93-ї9️⃣ бригад. А також хлопці з 10-го🇺🇦 батальйону “Полісся”.

Найменшому 22, найстаршому воїну 56. Як зазначається, це переважно стрільці, бойові медики, санітари та водії.",,,
13171,"**11.11 - європейські нації зупинили м'ясорубку під назвою Перша світова війна.

11.11 - ЗСУ повернули контроль над Херсоном.

і це ще не всі гарні новини на сьогодні**.",,,
13172,"🇺🇦🇺🇦** Українська армія увійшла в Херсон, над будівлею НПУ вже майорить український прапор

З поверненням 🍉❤️

**Оновлення вже готуємо. Локація - deepstatemap.live/#16/46.6344/32.6276",,,
13173,"**🇺🇦**** Берислав на референдумі віддає 100% за Україну, члени комісії із ЗСУ передали протокол через Дію на голову ЦВК Валерія Залужного

**📍 Локація - deepstatemap.live/#13.25/46.8443/33.4232

[Магазин](https://deepstateua.shop/)🛑[Блог](https://deepstateua.com/)🛑[Мапа](https://deepstatemap.live/)🛑[Написати нам](http://t.me/newsDeepStatebot)🛑[Звіти](https://help.deepstateua.com/)🛑[ЗСУHelp](https://t.me/help_deepstateua)",,,
13174,"**🇺🇦**** Підтвердження від хлопців зі Степного

**📍 deepstatemap.live/#12/47.0075/33.4829",,,
13175,"**☢️**** Тим часом в нас новий рекорд - 163 тисячі користувачів**. Під час Ізюму та Лиману було лише 115 тисяч

Судячи з всього, жителі Донецька теж чекають на ЗСУ. І дуже ретельно слідкують європейці. 

🌐Сервак тримається. Сьогодні буде відкрито доступ для кацапських ІР, щоб вони бачили правду, а їх солдатам буде показано контакти для здачі в полон.

Раніше про бої та війни дізнавалися з газет та радіо, а зараз просування з певною затримку можна бачити на нашій карті.",,,
13176,"**🔄**** Мапу оновлено**. Ледь встигаємо за ЗСУ

https://deepstatemap.live/",,,
13177,"**➕🍉 А от і звільнене Чайкине

**📍Локація - deepstatemap.live/#15/46.9118/32.9891.

Долучайтеся до нашого флешмобу - 🍉

[Магазин](https://deepstateua.shop/)🛑[Блог](https://deepstateua.com/)🛑[Мапа](https://deepstatemap.live/)🛑[Написати нам](http://t.me/newsDeepStatebot)🛑[Звіти](https://help.deepstateua.com/)🛑[ЗСУHelp](https://t.me/help_deepstateua)",,,
13178,"**➕🍉 Звільнено Клапаю, що біля Чорнобаївки, яку вчора ще зайняли наші

**📍Локація - deepstatemap.live/#14.5/46.7214/32.4241.

🔄 Чергове оновлення відбудеться вже найближчим часом.

Долучайтеся до нашого флешмобу - 🍉

[Магазин](https://deepstateua.shop/)🛑[Блог](https://deepstateua.com/)🛑[Мапа](https://deepstatemap.live/)🛑[Написати нам](http://t.me/newsDeepStatebot)🛑[Звіти](https://help.deepstateua.com/)🛑[ЗСУHelp](https://t.me/help_deepstateua)",,,
13179,"**🇺🇦🍉Силами ЗСУ було звільнено село Львівські Отруби та село Високе

📷**Дякуємо хлопцям з 123 БТрО та 131 ОРБ за фото)

Долучайтеся до нашого флешмобу - 🍉",,,
13180,"**🔄**** Мапу оновлено. Схоже, що сьогодні буде фото та відео зі звільнених населених пунктів правобережної Херсонщини і власне сам** 🍉

https://deepstatemap.live/",,,
13181,"**🇺🇦**** Калинівка, що на пд-зх від Снігурівки звільнена, як і Новопетрівка

**📍 deepstatemap.live/#14.25/47.0138/32.6604

[Магазин](https://deepstateua.shop/)🛑[Блог](https://deepstateua.com/)🛑[Мапа](https://deepstatemap.live/)🛑[Написати нам](http://t.me/newsDeepStatebot)🛑[Звіти](https://help.deepstateua.com/)🛑[ЗСУHelp](https://t.me/help_deepstateua)",,,
13182,"🔄**Ситуація на фронтах станом на 10 листопада

****⏩****На кордоні з біломосковією **[-](https://deepstatemap.live/) без змін. 

**⏩****На** **Сватівському** напрямку - є інформація про звільнення одного села на Луганщині, але деталей щодо цього поки немає.

**⏩****Бахмутський **відтинок - в результаті невдалих наступальних дій, ворог поніс серйозні втрати вбитими відразу на кількох ділянках фронту. Силами 10 ОГШБр вдалося відкинути ворога у Яковлівці, про що свідчать опубліковані [світлини](https://t.me/edelweiss10tg/82). Було відомо про неодноразові спроби ворога увійти в село, один з таких епізодів навіть потрапив на федеральні канали кацапів.

**⏩****Авдіївський** відтинок - у Павлівці присутній ворог у південній частині села, проте закріпитися станом на вчора йому не вдалося. Сьогодні, щоб хоч якось перебити негатив на Херсонському напрямку та гори трупів руснявих морпіхів у тій же Павлівці - ворог підняв прапор над одним із будинків в південно-східній частині села, ще й в темну пору доби.
 
**⏩****Запорізький **відтинок - без змін. 

**⏩****Херсонський** відтинок - протягом доби стало відомо, що ЗСУ взяли під контроль наступні населені пункти: Снігурівка, Брускинське, Киселівка, Благодатне, Борозенське, Павлівка, Василівка, Євгенівка, Бобровий Кут, Станіслав, Олександрівка, Правдине, Солдатське, Чкалове, Миролюбівка, Тамарине, Кучерське, П'ятихатки, Качкарівка, Саблуківка, Милове, Новокаїри, Безводне, Садок, Іщенка, Стариця. Ще ряд сіл ворог покинув і вони перебувають в сірий і тимчасово в червоній зоні. Зміни на фронті по мапі позначаються без поспіху, а з певною затримкою задля безпеки наших військових, які ведуть контрнаступ. Завтра нас чекає ще один насичений день.

🔵Зараз усіх буде турбувати доля херсонського гарнізону та чи вдасться ворогу втекти на лівий берег у повному складі. Відповіді ми отримаємо вже скоро. Херсонський напрямок достойний окремих публікації, так як багато речей залишилось поза кадром. Це не втеча, а перемога на полі битви, адже ресурс ЗСУ міг не дати ворогу захопити Піски чи просунутися впритул до Бахмута, але ризик виправдав себе і ворогу доводиться відходити. І навіть не сумнівайтеся - наші воїни не пробачать те, що накоїли русняві виродки, і кожен окупант буде відповідати по заслузі за свої злочини!

❔""Вєлікоє атступленіє"" подібне тому, що було в Галичині з армією РІ в 1915 році продовжується. Вже видно, хто зіграє роль керенського. На роль троцького вже підходить пригожин. Тепер питання лише в тому, хто стане леніном у всій цій спіралі напіврозпаду московського царства.

**Долучайтеся до нашого флешмобу - 🍉

**🔄Оновлення буде протягом 30 хвилин. 

[🖍](https://deepstatemap.live/#6/49.438/32.053)У випадку **неточностей на карті**, ви можете нам повідомити через бот @newsdeepstatebot. 

🛑Нагадуємо, що в загальному доступі не може існувати точної карти бойових дій, а інформацію, як переможну так і не дуже, завжди краще сприймати зі скепсисом і чекати візуальних підтверджень чи повідомлення ГШ ЗСУ. Ну і звісно, довіряйте перевіреним джерелам.",,,
13183,"**⏺****Другу добу підряд відбувається DDoS-атака на наш сайт

**🌐Географія стандартна для ботнетів: Індонезія, московія, США, Бразилія, Індія та Китай.

😎Проте наші користувачі цього не помітили.

Зведення відразу після цієї публікації.",,,
13184,"**🍉🇺🇦Новокаїри переходять під контроль ЗСУ

**🔄Мапу буде оновлено згодом.

**Долучайтеся до нашого флешмобу - 🍉**",,,
13185,"⚰️ **Смерть збирає свої жнива з мертвих кацапських солдат в Бахмутській м'ясорубці

**📸Знято нашими бійцями, яким допомагали підписники.

[Магазин](https://deepstateua.shop/)🛑[Блог](https://deepstateua.com/)🛑[Мапа](https://deepstatemap.live/)🛑[Написати нам](http://t.me/newsDeepStatebot)🛑[Звіти](https://help.deepstateua.com/)🛑[ЗСУHelp](https://t.me/help_deepstateua)",,,
13186,"**➕🍉Про звільнення цієї групи сіл стало відомо ще зранку, проте лише на вечір почали з'являтися візуальні пруфи

**📍 deepstatemap.live/#12.5/47.1414/33.2938

[Магазин](https://deepstateua.shop/)🛑[Блог](https://deepstateua.com/)🛑[Мапа](https://deepstatemap.live/)🛑[Написати нам](http://t.me/newsDeepStatebot)🛑[Звіти](https://help.deepstateua.com/)🛑[ЗСУHelp](https://t.me/help_deepstateua)",,,
13187,"**🇺🇦**** Саблуківка та Качкарівка на референдумі 100% голосів за повернення в склад України. Нагадаємо, що інші картографи не раз ""звільняли"" ці села, але справжнє звільнення відбулося лише сьогодні

**📍 Локація - deepstatemap.live/#12.75/47.1133/33.7362",,,
13188,"**🔄****Мапу оновлено! Друзі, ми все знаємо і бачимо, мапа ще буде оновлюватися, не треба сто разів присилати нам одні й ті самі відео

📊Для ""сухої"" статистики**: сьогодні Лассард отримав** 727 повідомлень. 

**deepstatemap.live/",,,
13189,"**🇺🇦****Синя зона дісталась і до П'ятихаток з Кучерським

**🔄Мапу буде оновлено згодом.

📍https://deepstatemap.live/#12.5/47.1820/33.4788",,,
13190,"**🇺🇦**** Тамарине Миколаївської області також повертається додому

**🔄Мапу буде оновлено згодом.

⛳️За ексклюзивне фото з водонапірною баштою — дякуємо військовим з 123-ї🦌 та 57-ї👆 бригад ТРО/ЗСУ

📍https://deepstatemap.live/#11.25/47.0166/33.0084",,,
13191,"🇺🇦 **Ви тільки мапу не зламайте **😁

Жартуємо, заходьте скільки забажаєте. Завдяки вашій підтримці ми готові не тільки до визволення правобережної Херсонщини, а й навіть до Криму😉",,,
13192,"**🔄****Мапу нарешті оновлено!

**📍https://deepstatemap.live/#9.75/47.0051/32.9223",,,
13193,"**🇺🇦**** Миролюбівка скоро повернеться до мирного життя в Українському тилу, **зараз фронт тікає від неї все далі разом з кацапами

📍https://deepstatemap.live/#12/46.7372/32.3098",,,
13194,"**📍****Чкалове повертається додому для майбутньої декомунізації

**🔄Мапа оновиться згодом.

📍https://deepstatemap.live/#12.75/47.0766/33.2403",,,
13195,"🇺🇦**Олександрівка та Станіслав на узбережжі Дніпровського лиману вже теж синіють

**🔥Поряд з цими селами лінія фронту проходила довгі 7,5 місяців, починаючи з березня. Тепер ЗСУ сунуть її далі до Дніпра

🔄Також в синій зоні село Солдатське та село-кровопивця Правдине, яке давалося нам важкою ціною. Мапа оновиться згодом

📍https://deepstatemap.live/#11.75/46.5958/32.1184",,,
13196,"**🇺🇦****Села на схід від Снігурівки теж переходять в синю зону

**🔄Мапа оновиться згодом.

📍https://deepstatemap.live/#13.5/47.0780/32.8813",,,
13197,"🔄**Невеличкий звіт про нашу поїздку на Схід 

**Ми відвідали 🦅**93-тю**, ✴**30-ту** і 🗡**53-тю** бригади, де відвезли нашим бійцям буржуйки та різні необхідні речі та ніштячки. 

🔄Звіт щодо покупок ви можете подивитися на нашому каналі [ЗСУ Help](https://t.me/help_deepstateua/197?single). Весь інший залишок пішов на пальне. 

🤝Ми та хлопці на передовій безмежно вдячні кожному, хто долучився до допомоги у цій поїздці. Нашим Героям важко, але вони б'ються з посмішкою та піднесеним настроєм, адже вони неймовірно раді, що про них пам'ятають і допомагають. Ви всі дуже круті! 

💳**Наші реквізити**:

📌приват `5168755444374546` (Микула Р.) 
📌моно `5375411417067597` (Микула Р.)
📌PayPal: ua_monolit@ukr.net",,,
13198,"**🇺🇦**** Мапу оновлено**[,](https://deepstatemap.live/#12.75/47.1420/33.4061)** внесено звільнені населені пункти та оновлено сіру зону 

**[Магазин](https://deepstateua.shop/)🛑[Блог](https://deepstateua.com/)🛑[Мапа](https://deepstatemap.live/)🛑[Написати нам](http://t.me/newsDeepStatebot)🛑[Звіти](https://help.deepstateua.com/)🛑[ЗСУHelp](https://t.me/help_deepstateua)",,,
13199,"**➕Борозенське голосує 100% за повернення в Україну**.** ЗСУ крокує далі

**📍 Локація - deepstatemap.live/#12.75/47.1420/33.4061",,,
13200,"**➕Референдум у Киселівці проведено, 100% за повернення в Україну. Результати голосування відправлено в ЦКВ до Валерія Залужного

**📍Локація - deepstatemap.live/#13.5/46.7673/32.4227",,,
13201,"🇺🇦 **Брускинське під нашим контролем 

****📍** Локація - deepstatemap.live/#14/47.1629/33.2266",,,
13202,"**🕊Місто птаха, отже свободи — Снігурівка, нарешті вільна

**🔄Мапа оновиться згодом.

📍https://deepstatemap.live/#12.5/47.0829/32.8314",,,
13203,"🔄**Ситуація на фронтах станом на 10 листопада

****⏩****На кордоні з біломосковією **[-](https://deepstatemap.live/) без змін. 

**⏩****На** **Сватівському** напрямку - без змін, схоже в декількох місцях пробують проломити московитів: результат невідомий.

**⏩****Бахмутський **відтинок - складна ситуація зберігається.

**⏩****Авдіївський** відтинок - з'явилася інформація що ворог частково закріпився в Павлівці, але не може нічого зробити більше. 
 
**⏩****Запорізький **відтинок - без змін. 

**⏩****Херсонський** відтинок - аналогічно як і в Давидовому Броді місяць тому, ворог покинув Снігурівку в темну пору доби. ЗСУ просунулися в Калинівське та в південну частину Дудчан. Крім того, ворог почав виходити з багатьох ділянок фронту, при цьому мінуючи відступи і підриваючи мости. 

💬 ЗСУ звільнило і інші села, але про це оголосимо коли будуть пруфи і дозвіл від самих бійців. Дуже приємно бачити як чекали наших солдат. 

💬 Поки що немає підстав вважати, що кацапи покинули правий берег. І їх втеча буде лише тактичною перемогою, адже щоб отримати і стратегічну перемогу, потрібно не випустити ворога з правого берегу і створити для нього Дюнкерк ХХІ ст. Загиблі та полонені кацапи - це буде дійсно перемога, бо вже завтра ці сили підуть на той же Бахмут, Мар'їнку чи Павлівку.

🔄Оновлення буде протягом години. Спостерігались певні труднощі із сайтом, які пов'язані з нашими діями для запобігання DDoS атаки.

[🖍](https://deepstatemap.live/#6/49.438/32.053)У випадку **неточностей на карті**, ви можете нам повідомити через бот @newsdeepstatebot. 

🛑Нагадуємо, що в загальному доступі не може існувати точної карти бойових дій, а інформацію, як переможну так і не дуже, завжди краще сприймати зі скепсисом і чекати візуальних підтверджень чи повідомлення ГШ ЗСУ. Ну і звісно, довіряйте перевіреним джерелам.",,,
13204,"🇺🇦**З'явилось відео-підтвердження, що свідчить про контроль нашими військами південної частини Дудчан

**🔄Мапа оновиться протягом 30 хвилин.

📍https://deepstatemap.live/#11.75/47.1976/33.7825",,,
13205,"⏩**Сьогодні нашого Лассарда вкотре** **засипали повідомленнями про звільнення Снігурівки,** а саме фотографією з українським стягом, що майорить на вежі. 

🫡Снігурівка довгий час була прифронтовим містом і неодноразово в мережі з'являлись гучні заяви про відхід московитів з населеного пункту - і нам, як і всім, також хочеться побачити Снігурівку в синій зоні. 

🤷‍♂️Оскільки на фото не помічено українського військового, а точну дату та локацію доволі важко встановити - населений пункт переходить в сіру зону, краще зачекаємо офіційних підтверджень або візуальних доказів.

⏩**Щодо Правдиного - **на відео українські військові повідомляють, що вони знаходяться в цьому населеному пункті, однак геолокувати відео практично неможливо через темну пору доби, тому **населений пункт також переходить в сіру зону** до наступного візуального підтвердження.",,,
13206,"💌**Друзі, нагадуємо про наш **[магазин](https://deepstateua.shop/)** з фірмовим мерчем від команди DeepStateUA

**😱""__Нації вмирають не від інфаркту. Спочатку їм відбирає мову__"" - Ліна Костенко. До дня української писемності та мови ми додали [мега-крутий принт](https://deepstateua.shop/shop/nasha-mova).

👉🏻Скоріше переходьте за посиланням та обирайте мега-круті мерчі **DeepStateUA**😎

📌Посилання на сайт:➡️[Deepstateua.shop](https://deepstateua.shop/)",,,
13207,"**🇷🇺**** Шойгу дав наказ військовим підрозділам Московії відступити на лівий берег Дніпра

**🤷‍♂️Подібне рішення, якщо воно відповідає дійсності, є вимушеним, і сьогоднішні події з підривами мостів прямо натякали на це. 

☝️Застерігаємо вас від спекуляцій на цій темі та передчасних переможних реляцій. Московити брешуть щоразу коли відкривають рота. Закликаємо дочекатись офіційних заяв та вірити лише перевіреним джерелам інформації.",,,
13208,"**🪦Тим часом гарні новини з Харкова** 

Деколонізація міста триває, сьогодні воно нарешті позбулось погруддя пушкіна. Що з ним буде далі - вирішуватиме міська влада та містяни після війни.

[Магазин](https://deepstateua.shop/)🛑[Блог](https://deepstateua.com/)🛑[Мапа](https://deepstatemap.live/)🛑[Написати нам](http://t.me/newsDeepStatebot)🛑[Звіти](https://help.deepstateua.com/)🛑[ЗСУHelp](https://t.me/help_deepstateua)",,,
13209,"**🇺🇦****З'явилося фото українського військового на фоні знищеного моста поблизу Калинівського на Херсонщині. 

**🔄Населений пункт переходить в синю зону. Мапу буде оновлено протягом 30 хвилин. 

📍https://deepstatemap.live/#12.5/47.1154/32.9802",,,
13210,"🔄**Ситуація на фронтах станом на 8 листопада

****⏩****На кордоні з біломосковією **[-](https://deepstatemap.live/) без змін. 

**⏩****На** **Сватівському** напрямку - без змін, тривають позиційні бої.

**⏩****Бахмутський **відтинок - складна ситуація зберігається, наступаючі сили ворога в районі Бахмуту зазнали значної поразки. Невідома ситуація по Білогорівці, що на Донеччині. 

**⏩****Авдіївський** відтинок - поки новин по Павлівці не отримували, тому залишаємо все як є.
 
**⏩****Запорізький **відтинок - без змін. 

**⏩****Херсонський** відтинок - тримаємо руку на пульсі з приводу Снігурівки. По нашим даним, до заходу сонця ворог не покидав ніяких позицій. Пропонуємо чекати ранку і поки не робити передчасних висновків. Якщо ворог і буде виходити, то вночі.

🔄Оновлення сьогодні не буде, бо змін по лінії бойового зіткнення нами не зафіксовано.

[🖍](https://deepstatemap.live/#6/49.438/32.053)У випадку **неточностей на карті**, ви можете нам повідомити через бот @newsdeepstatebot. 

🛑Нагадуємо, що в загальному доступі не може існувати точної карти бойових дій, а інформацію, як переможну так і не дуже, завжди краще сприймати зі скепсисом і чекати візуальних підтверджень чи повідомлення ГШ ЗСУ. Ну і звісно, довіряйте перевіреним джерелам.",,,
13211,"🇺🇦 **«Революція», що не відбулася

**__💭____Вісім років тому, в ніч на 12 квітня, російські загони банди Стрєлкова-Гіркіна, перейшовши державний кордон України, дісталися до невеликого мирного міста Слов'янськ на півночі Донецької області. Чому саме Слов'янськ і до чого тут сланцевий газ?

__**👇Читайте за посиланням на нашому блозі:

**deepstateua.com/rievoliutsiia-shcho-nie-vidbulasia",,,
13212,"🌐**Змінили формат подачі статистики по сайту за місяць. Згідно з даними Google Analytics сайт переглянуто 103.8 млн разів 4.5 млн унікальних користувачами

Користувачі в розрізі міст:
**🇺🇦Київ - 1.4М
🇺🇦Львів - 635К
🇺🇦Дніпро - 329К
🇺🇦Харків - 301К
🇺🇦Одеса - 267К

**Користувачі в розрізі країн:
**🇺🇦Україна - 3М
🇩🇪Німеччина - 260К
🇵🇱Польща - 225К
🇺🇸США - 215К
🇬🇧UK - 126К

🔎16.7 млн разів нас знаходили в пошуковій видачі.

По даним Google trends ми продовжуємо лідирувати серед інших карт в Україні, США, Канаді, Австралії, Скандинавії, ПАР, Індії, Туреччині, Казахстані, СК, Філіппінах та Японії.

На скріншоті дані SimilarWeb, що доволі спотворені в менший бік.",,,
13213,"[🎉](https://i.imgur.com/0UuXOEd.png)**Раді повідомити, що наш перший відбір авторів для блогу DeepStateUA завершений! 

📊Трішки «сухої» статистики:

**Всього анкет було подано: **122. 
**Всього пройдено на перший етап відбору: **45 (37%)
**Всього пройдено: **16 (13%)
**Всього не пройдено: **106(87%)

💭А тепер кілька слів про наших авторів:

**1.** Влад Павлів,** журналіст. Закінчив бакалаврат КНТЕУ на спеціальності журналіст зі спеціалізацією «Реклама та зв'язки з громадськістю». 
Сфера інтересів: реклама, психологія, велоспорт, фінанси. Працював в агенції маркетингових комунікацій повного циклу.

2.** Максим Тангер,** магістрант географічного факультету Чернівецького національного університету. Економ-географ, полюбляє соціологію, зацікавлений в економіці та аналітиці викликів, що постають перед нашим суспільством і нацією. 

3. **Petroleum Master** - експерт з питань нафтогазового комплексу, енергетики, економіки, суспільно-політичних питань, має досвід роботи в Україні та за кордоном понад 20 років, науковий ступінь з технічних наук, дві вищі освіти, навчався у США. 

4.** Владислав**, випускник Донецького інституту туристичного бізнесу. Полюбляє спорт, зокрема футбол та бокс. Чемпіон Донецької області з футболу 2011 року. Трейдер, захоплюється літературою, історією та геополітикою. 

5. **Ілля**, студент Карлового університету за спеціальністю політики та філософії економіки. Цікавиться політичною теорією, зокрема сферою мовної політики. 

6.** Мерлін**, вища освіта - інженерна, офіцер ЗСУ, профіль - політика, військове управління, історія, військова техніка.

7. **Софія**, здобуває освіту за спеціальністю «Політологія». В своїй науковій діяльності досліджує тему тоталітаризму, а також його психологічний і культурний бекґраунд. Любить читати, мандрувати та слухати музику. Хоче розбудовувати в Україні потужне громадянське суспільство.

8. **Арсентій**, студент 4 курсу історичного факультету ХНУ імені В.Н.Каразіна. Сфера інтересів: політика пам'яті в Україні, військова-політична аналітика та всесвітня історія, від рубежів 17 до 20ст. Полюбляє класичну літературу та спорт.

9.** Anton** - звичайний студент-міжнародник, сфера інтересів: політичні події у державах світу.

😉З рештою ви зможете познайомитись згодом. 

**🇺🇦Дякуємо усім тим, хто брав участь, чекаємо на наступному відборі!**🇺🇦💪",,,
13214,"🔄**Ситуація на фронтах станом на 7 листопада

****⏩****На кордоні з біломосковією **[-](https://deepstatemap.live/) без змін. 

**⏩****На** **Сватівському** напрямку - відновилося прощупування сторонами один одного. Уточнено ситуацію біля Діброви (що біля Кремінної). На жаль, на захід від села були контакти з ворожими силами і все більше відео з'являється, де в селі кацапи.

**⏩****Бахмутський **відтинок - складна ситуація зберігається, Соледар і східний фас Бахмута поки найгарячіші точки. 

**⏩****Авдіївський** відтинок - в Мар'їнці ситуація складна. У Павлівці точну ситуацію досі невідомо. Попередньо є підстави вважати, що ворога або повністю або частково вибито з села та околиць. Маємо багато суперечливої інформації, висновків поки робити не можемо.
 
**⏩****Запорізький **відтинок - без змін. 

**⏩****Херсонський** відтинок - без змін.

🔄Оновлення мапа протягом години.

[🖍](https://deepstatemap.live/#6/49.438/32.053)У випадку **неточностей на карті**, ви можете нам повідомити через бот @newsdeepstatebot. 

🛑Нагадуємо, що в загальному доступі не може існувати точної карти бойових дій, а інформацію, як переможну так і не дуже, завжди краще сприймати зі скепсисом і чекати візуальних підтверджень чи повідомлення ГШ ЗСУ. Ну і звісно, довіряйте перевіреним джерелам.",,,
13215,"**🔥**** Ураження ворожого танку десантниками 79-ї****🗡️**** ОДШБр в Мар'їнці, але судячи з відео північну частину міста тримати стає все важче

**📍Локація - deepstatemap.live/#16/47.9537/37.5079

[Магазин](https://deepstateua.shop/)🛑[Блог](https://deepstateua.com/)🛑[Мапа](https://deepstatemap.live/)🛑[Написати нам](http://t.me/newsDeepStatebot)🛑[Звіти](https://help.deepstateua.com/)🛑[ЗСУHelp](https://t.me/help_deepstateua)",,,
13216,"**🔥**** Користувачі твітера геолокували подвійне ураження ворожого танку на КПВВ ""Майорське""

**📍Локація - deepstatemap.live/#14.5/48.3951/37.9771

❓Скажіть чи цікаво вам побачити підбірку супутникових знімків гарячих точок війни - напишіть про це в коментарях.

[Магазин](https://deepstateua.shop/)🛑[Блог](https://deepstateua.com/)🛑[Мапа](https://deepstatemap.live/)🛑[Написати нам](http://t.me/newsDeepStatebot)🛑[Звіти](https://help.deepstateua.com/)🛑[ЗСУHelp](https://t.me/help_deepstateua)",,,
13217,"**🔫**** Наша артилерія накриває ворожі позиції в Новоселівці, що на південь від Нью-Йорка

**📍Локація - deepstatemap.live/#16/48.2701/37.8520

[Магазин](https://deepstateua.shop/)🛑[Блог](https://deepstateua.com/)🛑[Мапа](https://deepstatemap.live/)🛑[Написати нам](http://t.me/newsDeepStatebot)🛑[Звіти](https://help.deepstateua.com/)🛑[ЗСУHelp](https://t.me/help_deepstateua)",,,
13218,"🇺🇦** Підготували відео, яке присвячене обороні Павлівки та демонструє три ураження ворожої техніки та особового складу

**Ці три хвилини варті вашого часу. Крім того, хочемо дещо скоригувати погляд на штурм села. Судячи зі всього, атака була грамотно спланована та йшла з 3 напрямків. При цьому використовувалася не тільки піхота, а техніка, в тому числі танки. 

🇺🇦І тут варто зробити доволі важливий висновок. Це не кретин планував і організовував атаку. **Те, що ЗСУ вдалося відбити такого роду наступ, говорить про великий героїзм наших солдат та якісне управління військовими кадрами на цій ділянці. 

**У ворога ще значний запас ресурсів, в тому числі людських, але щось надзвичайне він вже не зможе зробити. Звісно, ще треба дивитися на Бахмут, але поки кращі сили ворога там вперлися в нашу оборону.",,,
13219,"**🚀****ЗРК NASAMS і Aspide прибули в Україну - Олексій Резніков

**[Магазин](https://deepstateua.shop/)🛑[Блог](https://deepstateua.com/)🛑[Мапа](https://deepstatemap.live/)🛑[Написати нам](http://t.me/newsDeepStatebot)🛑[Звіти](https://help.deepstateua.com/)🛑[ЗСУHelp](https://t.me/help_deepstateua)",,,
13220,"🤙🏻**53-тя і 30-та бригади також передають вам величезний привіт**

🫡Хлопці дуже вдячні всім вам за допомогу! Обіцяють ще більше дохлої русні, бо русню треба тільки знищувати😈

🛡Нагадуємо про наш волонтерський канал [ЗСУ Help](https://t.me/help_deepstateua)! Продовжуємо допомагати нашим бійцям, тож долучайтеся до збору коштів!

🇺🇦**Все буде Україна**",,,
13221,"🤙🏻**Всім привіт від адміна та 93-ї бригади з Соледару

🦾**Хлопці тримаються і знищують русню😈

🇺🇦А також безмежно всім вдячні за допомогу! Ви всі дуже круті! Разом переможемо!",,,
13222,"🔄**Ситуація на фронтах**[ ](https://ibb.co/S6h7wPQ)**станом на 6 листопада

****⏩****На кордоні з біломосковією **[-](https://deepstatemap.live/) без змін. 

**⏩****На** **Сватівському** напрямку - без змін, тривають позиційні бої.

**⏩****Бахмутський **відтинок - складна ситуація зберігається, уточнено лінію ворога. Напрямок кишить чмобіками, які періодично йдуть в ура-атаки.

**⏩****Авдіївський** відтинок - ситуація в Павлівці виявилася кращою, ніж очікували. Хоч ворог дещо просунувся в саду на півдні, проте поніс дуже значні втрати. Дійшло навіть до істерики в соцмережах.
 
**⏩****Запорізький **відтинок - без змін. 

**⏩****Херсонський** відтинок - без змін.

⚰️За останні дні дуже багато фото та відео зі значною кількістю трупів кацапів з'явилося в мережі. Це говорить про серйозні втрати в живій силі. Ми такого не спостерігали ще з квітня. 

🦅 По деяким відео з ворожих баз стає зрозуміло про доволі погані мотиваційні настрої у кацапів. В деякій мір це нагадує ситуацію в російській імперії десь в 1916 році. Питання тільки, хто стане тим ""головним агітатором"", яким був тоді Керенський.

🇺🇦 Ми зараз готуємо деякі оновлення на сайті. Наші [Патреони тестують](https://www.patreon.com/DeepStateUA) додаток, але через певну специфіку підкладки карти, реліз затримується аж до грудня. Крім того, ще й AppStore носом крутить.

👀Світлина - скріншот з відео біля ДАПу.

[🖍](https://deepstatemap.live/#6/49.438/32.053)У випадку **неточностей на карті**, ви можете нам повідомити через бот @newsdeepstatebot. 

🛑Нагадуємо, що в загальному доступі не може існувати точної карти бойових дій, а інформацію, як переможну так і не дуже, завжди краще сприймати зі скепсисом і чекати візуальних підтверджень чи повідомлення ГШ ЗСУ. Ну і звісно, довіряйте перевіреним джерелам.",,,
13223,"**🐺****Осінні будні чеченського батальйону імені Шейха Мансура на Запорізькому напрямку

**⛳️У трьох частинах хлопці живуть під обстрілами, ховаються від дронів та вдало проводять заплановані операції зі знищення ворожих позицій.

[Магазин](https://deepstateua.shop/)🛑[Блог](https://deepstateua.com/)🛑[Мапа](https://deepstatemap.live/)🛑[Написати нам](http://t.me/newsDeepStatebot)🛑[Звіти](https://help.deepstateua.com/)🛑[ЗСУHelp](https://t.me/help_deepstateua)",,,
13224,"🔥 **Бійці 45 бригади опублікували кадри знищення ворожого бронеавтомобіля ""Тигр"" за допомогою ПТРК ""Стугна-П""

**[Магазин](https://deepstateua.shop/)🛑[Блог](https://deepstateua.com/)🛑[Мапа](https://deepstatemap.live/)🛑[Написати нам](http://t.me/newsDeepStatebot)🛑[Звіти](https://help.deepstateua.com/)🛑[ЗСУHelp](https://t.me/help_deepstateua)",,,
13225,"🔄**Ситуація на фронтах станом на 5 листопада

****⏩****На кордоні з біломосковією **[-](https://deepstatemap.live/) без змін. 

**⏩****На** **Сватівському** напрямку - без змін.

**⏩****Бахмутський **відтинок - складна ситуація зберігається, на південь від Опитного ворогу було завдано серйозне ураження.

**⏩****Авдіївський** відтинок - станом на зараз невідома точна ситуація в Павлівці, так як надходять суперечливі дані.
 
**⏩****Запорізький **відтинок - без змін. 

**⏩****Херсонський** відтинок - без змін.

🤝Хочемо подякувати всім, хто [долучився до збору](https://t.me/help_deepstateua/196) продуктів для 30/93/53 бригад. Чекайте фотозвіт. Дещо здивувала негативна реакція у вигляді відписок після повідомлення про збір. І не забуваємо підписуватися на @help_deepstateua.

[🖍](https://deepstatemap.live/#6/49.438/32.053)У випадку **неточностей на карті**, ви можете нам повідомити через бот @newsdeepstatebot. 

🛑Нагадуємо, що в загальному доступі не може існувати точної карти бойових дій, а інформацію, як переможну так і не дуже, завжди краще сприймати зі скепсисом і чекати візуальних підтверджень чи повідомлення ГШ ЗСУ. Ну і звісно, довіряйте перевіреним джерелам.",,,
13226,"**☢️****Батальйон «Стугна» продовжує опановувати дрони-камікадзе

**[Магазин](https://deepstateua.shop/)🛑[Блог](https://deepstateua.com/)🛑[Мапа](https://deepstatemap.live/)🛑[Написати нам](http://t.me/newsDeepStatebot)🛑[Звіти](https://help.deepstateua.com/)🛑[ЗСУHelp](https://t.me/help_deepstateua)",,,
13227,"**🦅**** Смілива робота воїна 95 ОДШБр на пд-зх околиці села Площанка**. Знищено ворожий танк

📍 Локація - deepstatemap.live/#12.75/49.2047/38.0196

[Магазин](https://deepstateua.shop/)🛑[Блог](https://deepstateua.com/)🛑[Мапа](https://deepstatemap.live/)🛑[Написати нам](http://t.me/newsDeepStatebot)🛑[Звіти](https://help.deepstateua.com/)🛑[ЗСУHelp](https://t.me/help_deepstateua)",,,
13228,"**🦅**** Бійці 93 ОМБр ""Холодний Яр"" знищують ворожий склад БК в Покровському

**📍 Локація - deepstatemap.live/#14.75/48.6393/38.1503

[Магазин](https://deepstateua.shop/)🛑[Блог](https://deepstateua.com/)🛑[Мапа](https://deepstatemap.live/)🛑[Написати нам](http://t.me/newsDeepStatebot)🛑[Звіти](https://help.deepstateua.com/)🛑[ЗСУHelp](https://t.me/help_deepstateua)",,,
13229,"📡 **З приводу ситуації з частковим відключенням з Старлінків є один нюанс — деякі з них втрачені та навіть знаходяться у користуванні ворога.

**📷На фото зйомка такого екземпляру на одному з напрямків.

[Магазин](https://deepstateua.shop/)🛑[Блог](https://deepstateua.com/)🛑[Мапа](https://deepstatemap.live/)🛑[Написати нам](http://t.me/newsDeepStatebot)🛑[Звіти](https://help.deepstateua.com/)🛑[ЗСУHelp](https://t.me/help_deepstateua)",,,
13230,"🔄**Ситуація на фронтах станом на 4 листопада

****⏩****На кордоні з біломосковією **[-](https://deepstatemap.live/) без змін. 

**⏩****На** **Сватівському** напрямку - фронт дещо заспокоївся і обидві сторони перейшли до стадії прощупування слабких місць.

**⏩****Бахмутський **відтинок - складна ситуація зберігається, без змін на мапі. Ворог продовжує тиснути на Соледар. Тиск на Бахмут відбувається як з півдня, так і зі сходу.

**⏩****Авдіївський** відтинок - вже гуляє як мінімум одне відео, яке демонструє втрати ворога у Павлівці. Проте сьогодні в атаку на село пішли вже резерви, які складаються з кадрових частин. Попередньо певна частина села знову захоплена ворогом.
 
**⏩****Запорізький **відтинок - без змін. 

**⏩****Херсонський** відтинок - без змін.

🔄Мапу буде оновлено вночі.

[🖍](https://deepstatemap.live/#6/49.438/32.053)У випадку **неточностей на карті**, ви можете нам повідомити через бот @newsdeepstatebot. 

🛑Нагадуємо, що в загальному доступі не може існувати точної карти бойових дій, а інформацію, як переможну так і не дуже, завжди краще сприймати зі скепсисом і чекати візуальних підтверджень чи повідомлення ГШ ЗСУ. Ну і звісно, довіряйте перевіреним джерелам.",,,
13231,"**📍****Друзі, починаємо наш п'ятничний географічний квест о 20:00

Заходимо і реєструємося - ****https://www.geoguessr.com/join/JNCB****

**👨‍👩‍👧‍👦Перші три місця (або чотири якщо буде читер) зможуть стати учасниками нашого OSINT-діалогу, але звісно після верифікації. Переможцям писати в наш бот @newsdeepstatebot (не забудьте скрін місця)",,,
13232,"🇺🇸**США **[**оголосили**](https://www.defense.gov/News/Releases/Release/Article/3210297/400-million-in-additional-security-assistance-for-ukraine/)** про новий пакет допомоги для України на суму $400 млн.

**До пакету входить:
⬛️Фінансування відновлення систем ППО HAWK, їх буде включено в наступні пакети;
⬛️45 відновлених танків Т-72 з сучасною оптикою, сучасними системами звя‘зку і бронюванням (ймовірно динамічний захист) 
⬛️1100 тактичних БПЛА Phoenix Ghost;
⬛️40 броньованих річкових плавзасобів;
⬛️Фінансування відновлення 250 бронетранспортерів M1117;
⬛️Захищені тактичні системи зв‘язку і спостереження;
⬛️Фінансування тренування, обслуговування і інших потреб забезпечення.

🔥Ще 45 танків буде надано в рамках пакета допомоги від Нідерландів у співпраці з чеською промисловістю та США;",,,
13233,"**🔥**** ЗСУ завдали удару по кацапам між Стельмахівкою та Коломийчихою

**📍 Локація - deepstatemap.live/#13.5/49.4640/37.9299",,,
13234,"**⚔️**** Користувачі твітера геолокували знищення ворожого БТР єгерями з 71 ОЄБр у північній частині села Ковалівка

**📍 Локація - deepstatemap.live/#13/49.3459/38.0149

[Магазин](https://deepstateua.shop/)🛑[Блог](https://deepstateua.com/)🛑[Мапа](https://deepstatemap.live/)🛑[Написати нам](http://t.me/newsDeepStatebot)🛑[Звіти](https://help.deepstateua.com/)🛑[ЗСУHelp](https://t.me/help_deepstateua)",,,
13235,"**📍**** Ворог знищив пішохідний Павлівський міст у Снігурівці

**Локація - deepstatemap.live/#15/47.0784/32.8351",,,
13236,"🇺🇦 **Хлопці з ХХХ ЗР полку поділилися відео із запуском ракети ""Бука"" по крилатій ракеті ""калібр"". Остання була збита на рекордній відстані у 22 км

**[Магазин](https://deepstateua.shop/)🛑[Блог](https://deepstateua.com/)🛑[Мапа](https://deepstatemap.live/)🛑[Написати нам](http://t.me/newsDeepStatebot)🛑[Звіти](https://help.deepstateua.com/)🛑[ЗСУHelp](https://t.me/help_deepstateua)",,,
13237,"🇺🇦**Друзі, наша команда планує поїздку на фронт до 93-ї та 30-ї бригад

**🔄Якщо ви хочете долучитися до допомоги (Ірпінь/Київ), у нас є список потреб:

⏺Енергетики;
⏺Вологі серветки;
⏺Смаколики;
⏺Цигарки (багато цигарок);
⏺Чай,кава (розчинна);
⏺Медикаменти (найбільше треба - порошки від застуди);
⏺Гумові чоботи (розмір 39-45)

👉🏻**Щодо деталей пишіть нам на нашого бота**: https://t.me/DeepStateHelpBot",,,
13238,"🔄**Ситуація на фронтах станом на 3 листопада

****⏩****На кордоні з біломосковією **[-](https://deepstatemap.live/) без змін. Громов заявив, якщо московія вирішить нападати разом з біломосковитами, то на підготовку нового наступу на Київ піде 2-3 місяці. Цікаво, що тіхановська не вірить в участь самопроголошеної армії біломосковії у війні проти України, а вірить у теорію__ ""московити хочуть посварити українців з білорусами""__. Сьогоднішнє відношення біломосковитів до подій в Україні бачать всі...

**⏩****На** **Сватівському** напрямку - тривають позиційні бої. Уточнено лінію фронту згідно зі словами Громова.

**⏩****Бахмутський **відтинок - складна ситуація зберігається, без змін на мапі.

**⏩****Авдіївський** відтинок - чергові спроби кацапів штурмувати Павлівку - ворог зазнав невдач. Звісно, у нас є втрати, але на їх фоні втрати ворога просто колосальні.
 
**⏩****Запорізький **відтинок - без змін. 

**⏩****Херсонський** відтинок - сьогодні інформаційний простір просто навалило інформацією про зняття ворожих прапорів з адмінбудівель і буцімто втечі окупантів. Ми не бачили сенсу на це реагувати, так як ""втеча"" відбувалася лише на рівні телеграм-каналів, які публікують все підряд. 

⏺Мала Сейдеминуха була звільнена ще місяць-півтора тому, силами 61 та ще двох бригад.

⏺**На жаль, ситуація на Херсонщині зовсім інакша**. Дійсно, кадрові частини в більшості виведені з правого берега для перекидання на інші напрямки. Справді, кадровики тікали з вкраденим зі Снігурівки, а техніку ворог відвів на задні лінії через брак її кількості. Проте, на місце кадрових частин прийшло в рази більше чмобіків. Якщо до цього в посадці був ВОП чи СПшка на 10 чоловік, то тепер там сидить рота гарматного м'яса з новомобілізованих. Фронт там перетворюється на суцільну піхотну стіну. І у випадку, якщо ЗСУ їх прорвуть, то кремлю по-перше не шкода їх втрачати, а по-друге, евакуація органів управління колабораціоністів буде вже проведена.

🔄Мапу буде оновлено вночі.

[🖍](https://deepstatemap.live/#6/49.438/32.053)У випадку **неточностей на карті**, ви можете нам повідомити через бот @newsdeepstatebot. 

🛑Нагадуємо, що в загальному доступі не може існувати точної карти бойових дій, а інформацію, як переможну так і не дуже, завжди краще сприймати зі скепсисом і чекати візуальних підтверджень чи повідомлення ГШ ЗСУ. Ну і звісно, довіряйте перевіреним джерелам.",,,
13239,"**🔥****Латвія продовжує декомунізацію

**Цього разу місцева влада Лудзи, що на сході Латвії, видала розпорядження для демонтажу пам'ятної стели ""військам II прибалтійського фронту"". 

😄Місцева вата волає про варварство, вандалізм та нацистів у латвійському уряді.",,,
13240,"**🎉Ще один обмін полонених!

**Додому повернулось 108 наших бійців зі ЗСУ, ВМС, ТрО, ДПСУ, НПУ, ДССТ та НГУ, серед яких 74 захищали «Азовсталь». 

🇺🇦6 офіцерів, 101 солдат та один сержант. Наймолодшому звільненому виповнилося 19 років, найстаршому — 54 роки.",,,
13241,"🇺🇦**Хлопці з ХХХ-ЗР полку поділилися світлинами та відео власної роботи. Під час виконання бойового завдання через старість систем один із Буків загорівся

**Було наказано максимально скоротити час ремонту. І хлоплям це вдалося. Замість стандартних 3 місяців на відновлювання ремонт був виконаний за 11 днів. Машина вже поїхала відпрацьовувати в гарячу точку лінії бойового зіткнення. 

**🤝****Хлопці висловлюють вдячність за ту допомогу, що люди передають через DeepStateUA. Вона надає змогу виконувати відновлювання техніки швидко та якісно.

До** речі, на ЗСУ Help є [свіжа потреба](https://t.me/help_deepstateua/193) для полку.

📹Відео погоджене для публікації.",,,
13242,"**📍****Ураження ворожого танка на південно-східній околиці Павлівки

**🎶Музику з відео [Штірліца](https://t.me/a_shtirlitz) замінили, однак відео взяте в нього.

📍 Локація - deepstatemap.live/#16/47.7478/37.2310

[Магазин](https://deepstateua.shop/)🛑[Блог](https://deepstateua.com/)🛑[Мапа](https://deepstatemap.live/)🛑[Написати нам](http://t.me/newsDeepStatebot)🛑[Звіти](https://help.deepstateua.com/)🛑[ЗСУHelp](https://t.me/help_deepstateua)",,,
13243,"🇺🇦 **Всім гарного дня бажає один з наших друзів

**До речі, може хтось впізнає патчі, і не один 😉",,,
13244,"🔄**Ситуація на фронтах станом на 2 листопада

****⏩****На кордоні з біломосковією **[-](https://deepstatemap.live/) без змін. 

**⏩****На** **Сватівському** напрямку - тривають позиційні бої. Судячи з відео, опублікованим ворогом, наші на околиці Орлянського, так як була спроба ЗСУ зайти в село, але БМП з групою підірвалися на міні.

**⏩****Бахмутський **відтинок - складна ситуація зберігається, без змін на мапі.

**⏩****Авдіївський** відтинок - триває штурм Мар'їнки ворогом, попередньо у нього без успіхів. Схоже, що різке зростання числа втрат кацапів у зведеннях ГШ пов'язане з невдалою атакою в стилі Першої світової на Павлівку.
 
**⏩****Запорізький **відтинок - без змін. 

**⏩****Херсонський** відтинок - без змін.

👉🏻Закликаємо родичів зниклих безвісти не поширювати в соцмережах особисті дані, фото, номер бригади/батальйону/роти/відділення, світлини та окопи, в яких перебував боєць. Це несе загрозу не тільки самим полоненим, але й їх бойовим побратимам.

**У випадку зникнення безвісти родича, звертайтесь у координаційний штаб при ГУР**:
📍Адреса приймальні: м. Київ, вулиця Спаська 37, 
☎️ `+38(095)4127424
`☎️ `+38(044)4251209

`🔄 Мапу буде оновлено вночі.

[🖍](https://deepstatemap.live/#6/49.438/32.053)У випадку **неточностей на карті**, ви можете нам повідомити через бот @newsdeepstatebot. 

🛑Нагадуємо, що в загальному доступі не може існувати точної карти бойових дій, а інформацію, як переможну так і не дуже, завжди краще сприймати зі скепсисом і чекати візуальних підтверджень чи повідомлення ГШ ЗСУ. Ну і звісно, довіряйте перевіреним джерелам.",,,
13245,"📍**44 артилерійська бригада та 102 ОБрТрО ім. полковника Вітовського завдали удару по ворожій артилерії на Запоріжжі

**📍Локація - https://deepstatemap.live/#13/47.5159/36.4035

[Магазин](https://deepstateua.shop/)🛑[Блог](https://deepstateua.com/)🛑[Мапа](https://deepstatemap.live/)🛑[Написати нам](http://t.me/newsDeepStatebot)🛑[Звіти](https://help.deepstateua.com/)🛑[ЗСУHelp](https://t.me/help_deepstateua)",,,
13246,"🎥**Український танкіст опублікував кадри роботи свого Т-64 по позиціях московитів

**⛳️Як зазначає автор, танк в постійному русі, щоб не бути враженим артилерією ворога (на 4:34 чути, як неподалік прилітає міна). Дальність стрільби була 1600 метрів, останні три постріли 2300.

✈️ На третьому відео у правому куті видно, як по ворогу відпрацьовує авіація.

📹[Авторське відео в повній якості](https://youtu.be/U3KD9J-BX6w)",,,
13247,"**🔥Ексклюзив для нашого каналу від ЗРК-полку, якому ми всі допомагали

**⛳️Ці круті хлопці збили вже 55 цілей. Перше відео: робота ЗРК ""ОСА"", друге відео: вид збиття з британської машини, яка допомагає захищати наше небо😎

**⏺****P.S. Друзі, на обох відео момент роботи ЗРК ""Оса"". Кадри з Stormer HVM — це спостереження за роботою ""Оси"", яка вражає ціль!

**🔄Зараз назбиралося дуже багато запитів від наших військових з передової, і щоб закрити їх - необхідно назбирати багацько коштів. Тож долучайтеся до збору коштів — а ми обіцяємо більше знищеної русні😈

💳**Наші реквізити**:

📌приват `5168755444374546` (Микула Р.) 
📌моно `5375411417067597` (Микула Р.)
📌PayPal: ua_monolit@ukr.net

**🦾Знищимо всю русню разом!**",,,
13248,"🔄**Ситуація на фронтах станом на 1 листопада: складні дні 

****⏩****На кордоні з біломосковією **[-](https://deepstatemap.live/) без змін. 

**⏩****На** **Сватівському** напрямку - тривають активні бойові дії по всій лінії зіткнення. Ворог пробує вести активні наступальні дії. З допомогою дуже активної артпідготовки кацапи вдарили по нашим силам в Макіївці та Нововодяному. ЗСУ довелося відійти задля збереження особового складу та перегрупування 

**⏩****Бахмутський **відтинок - складна ситуація зберігається, тривають бої. Штурм Соледара триває, але пішов вже 4-й місяць, як ворог не може пробити 93 бригаду. Атакуючи по трасі в бік Опитного з Одрадівки, ворогу вдалося впритул підійти до самого Опитного.

**⏩****Авдіївський** відтинок - тривають прощупування оборони гарнізону біля Авдіївки. У Мар'їнці в результаті активних наступальних дій за підтримки артилерії, ворог зайняв значну частину приватного сектору. Уточнено ситуацію біля Солодкого, там же ворожу атаку вдалося відбити. У районі Павлівки ворога вдалося відкинути назад.
 
**⏩****Запорізький **відтинок - без змін. 

**⏩****Херсонський** відтинок - кацапам вдалося відновити контроль над Безіменним. Відповідно, даний населений пункт ми не просто так тримали в сірій зоні, адже ситуація в ньому була настільки хиткою, що утворився виступ в тому районі, з якого нашим військам і довелося відійти.

🗣Загалом, відчувається, що ворог вирішив перед морозами максимально провести наступальні дії, щоб мати успіхи в переговорах, до яких він хоче схилити в результаті ударів по критичній інфраструктурі. Досі відчувається перевага в артилерії у ворога, проте й відчутно гіршає ставлення командування кацапської армії до власних солдат у зв'язку зі збільшенням їх кількості.

🛸Нагадуємо про** **[**публікацію**](https://t.me/DeepStateUA/14548)** з приводу спроби фішингу на двох операторів** ""Дельти"", яку ворог видає за перемогу над усією системою.

🇺🇦Багато донатів за останні три дні ми отримали від вас, топ-донати можна побачити[ ](https://t.me/help_deepstateua)[**на каналі ЗСУ Help**](https://t.me/help_deepstateua) і щоб за нагоди бути корисним фронту, **то варто й підписатися**. Це суто волонтерський канал.

🚐Крім того, готується поїздка на схід з провізією для дніпровської та однієї із житомирських бригад. Детальніше потім.

🇬🇧We remind you about our English-language channel - @DeepStateEN

🔄Мапу буде оновлено протягом 50хв.

[🖍](https://deepstatemap.live/#6/49.438/32.053)У випадку **неточностей на карті**, ви можете нам повідомити через бот @newsdeepstatebot. 

🛑Нагадуємо, що в загальному доступі не може існувати точної карти бойових дій, а інформацію, як переможну так і не дуже, завжди краще сприймати зі скепсисом і чекати візуальних підтверджень чи повідомлення ГШ ЗСУ. Ну і звісно, довіряйте перевіреним джерелам.",,,
13249,"🛸**З приводу повідомлень у ворожих каналах щодо витоків інформації з системи Delta, яка активно використовується ЗСУ.** **Інформація від наших партнерів**⤵️

⛳️Ні для кого не секрет, що атакуються не тільки інфраструктурні об’єкти, а й усі оборонні IT системи нашої держави. 

⌨️У серпні відбулась одна з багатьох за останній час масованих фішингових атак. Було оперативно виявлено, що відбулась компрометація 2-х облікових записів користувачів ""**Delta**"". Вони, як і всі користувачі системи, мали лише обмежену частину інформації по позиціям окупантів, як територіально, так і кількісно. Що і було видно на відео, яке поширювалось інтернетом. Зараз це відео поширюють знову - як актуальне. 

👮‍♀️Завдяки злагодженим діям відділу кібербезпеки, витік інформації було оперативно виявлено та усунено. Оперативна актуальність отриманої ворогом інформації була швидко вичерпана, а відділ кібербезпеки системи отримав корисні дані для усунення вразливостей та вдосконалення системи безпеки.

🔐Наразі система працює стабільно, дані в ній надійно захищені і несанкціонованих проникнень не зафіксовано. Система ""**Delta**"" постійно розвивається, а працюють над її розвитком найкращі програмісти **Центру інновацій Міноборони у співпраці з Мінцифрою та експертами НАТО.

**🌐Цілеспрямована атака на наші системи з метою їх дискредитації відбувається також в інформаційному просторі, особливо після того, як Дельту показали на конференції НАТО. Проте ворогу це нічим не допоможе. Адже волю нашого народу не зламати.

🧻**Тож користуйтесь надалі ""бумажними картами"", бруднодупі, якими ви так вихваляєтесь!**",,,
13250,"⚔️**Бійці 4БрОП НГУ полонили під Бахмутом цікавого кадра, з числа зеків-вагнеровців**, **який їхав до нас працювати в колгоспах та радгоспах

**🇷🇺Якщо на початку вторгнення кадрові ванюшки в полоні казали, що їхали на навчання і нічого не знають. То в зеків методичка: ""__мене через судимість нікуди б не випустили, тому я за 7 місяців до кінця терміну відсидки поїхав в Україну__"".

🔄Часи змінюються, а московити продовжують боягузливо брехати...

🫡Дякуємо за наданий ексклюзив",,,
13251,"🔄**Ситуація на фронтах станом на 31 жовтня

****⏩****На кордоні з біломосковією **[-](https://deepstatemap.live/) без змін. 

**⏩****На** **Сватівському** напрямку - тривають активні бойові дії по всій лінії зіткнення. Особливо тяжкі бої на підступах до траси Кремінна-Сватове. Уточнено ситуацію біля Білогорівки (Луганщина), декілька днів тому у ворога там був частковий успіх.

**⏩****Бахмутський **відтинок - складна ситуація зберігається, тривають бої. Ворог не полишає спроби проникнути у Соледар, проте все марно. Попередньо відомо, що спроби ворога просунутися у Спірному зупинені. 

**⏩****Авдіївський** відтинок - ворог дуже активізувався. В результаті штурмових дій йому вдалося зайняти пару посадок та зайти в пд-сх околиці Павлівки, але не більше. Інформація про великий прорив ворога в районі Солодкого не підтверджується другий день. Десантники відбили чергову атаку в Мар'їнці. Доволі серйозну атаку (зі значним залученням техніки) кацапи провели на схід від Авдіївки, але за рахунок професіоналізму хлопців однієї з бригад, атаку вдалося помножити на нуль. Загалом, на цьому відтинку ситуація дуже складна.
 
**⏩****Запорізький **відтинок - без змін. 

**⏩****Херсонський** відтинок - без змін. 

🔄Мапу зараз буде оновлено протягом 30хв.

🚀 Завтра вже починається листопад і відповідно прогноз Буданова про застосування іранських балістичних ракет вже може реалізуватися. Тому не ігноруйте повітряних тривог. Запасайтеся павербанками, ворог хоче за рахунок ударів по критичній інфраструктурі схилити нас до сепаратного миру. Жертви не мають бути даремними, лише перемога і мир на наших умовах. 

[🖍](https://deepstatemap.live/#6/49.438/32.053)У випадку **неточностей на карті**, ви можете нам повідомити через бот @newsdeepstatebot. 

🛑Нагадуємо, що в загальному доступі не може існувати точної карти бойових дій, а інформацію, як переможну так і не дуже, завжди краще сприймати зі скепсисом і чекати візуальних підтверджень чи повідомлення ГШ ЗСУ. Ну і звісно, довіряйте перевіреним джерелам.",,,
13252,"☢️** Ми помітили, що у бійців є прогалини в знаннях щодо використання протигазу, тому підключивши фахівців РХБЗ, створили максимально стислий, але корисний мануал про те, як його перевірити та експлуатувати

**👩‍💻За візуалізацію - щира подяка [**mazhaieva_anna**](https://www.instagram.com/mazhaieva_anna/).

⬇️ [Версія в PDF.](https://fex.net/ru/s/zbmcyzv)",,,
13253,"**😎Адмін передає всім привіт з БМП, яку захопили у русні наші бійці на Сході України**. **Ленд-ліз працює😈

**❗️Друзі, ми продовжуємо збір для наших військових на передову, які боронять нашу країну. Хлопці знищують русню без перестану і кожен з вас може пришвидшити процес удобрення української землі окупантом🔥

🫡Назбиралося дуже багато запитів, тож необхідно багацько коштів — долучайтеся до збору!

🦅Також шукаємо підприємства, які можуть допомогти з **придбанням/пошиттям** великої партії (**300 шт.**) зимових бушлатів за адекватну ціну **для бійців славнозвісної 93-ї бригади**, яка просто неймовірними зусиллями тримає важливий напрямок на Сході та кожного дня робить з русні шашлик🥓
Пишіть нам на: @newsDeepStatebot

💳**Наші реквізити**:

📌приват `5168755444374546` (Микула Р.) 
📌моно `5375411417067597` (Микула Р.)
📌PayPal: ua_monolit@ukr.net

🇺🇦Долучайтеся до нашого каналу [ЗСУHelp](https://t.me/help_deepstateua)",,,
13254,"🇺🇸[Америка обирає](https://deepstateua.com/amierika-obiraie/)** — неймовірно цікава стаття на нашому**[ блозі DeepState ](https://deepstateua.com/)**про вибори в США, які мають відбутися зовсім скоро

**__8 листопада 2022 року відбудуться вибори до Палати Представників США , тобто до нижнього Палату Конгресу. Всього буде обрано 435 конгресменів з 50 штатів . Кількість місць за штатом розподіляється пропорційно до кількості населення цих осіб, згідно з переписом 2020 року.

__🧐Читайте про виборчу ситуацію в США та як вона вплине на Україну. Діліться своїми думками в коментарях.",,,
13255,"🇱🇻🤝**Минулої ночі в Даугавпілсі, місті на південному сході Латвії, було проведено черговий демонтаж радянського лайна

**👷Комунальні служби знесли два об'єкти у сквері Слави -  пам'ятник солдатам червоної армії та пам'яті солдатам 360-ї стрілецької дивізії. 

🤷‍♂️Не обійшлось без інцидентів - правоохоронцями було затримано 37 осіб, більшість з яких не підкорялися законним вимогам поліцейських або перебували в громадському місці в стані алкогольного сп'яніння.",,,
13256,"🔄**Ситуація на фронтах станом на 30 жовтня

****⏩****На кордоні з біломосковією **[-](https://deepstatemap.live/) без змін. 

**⏩****На** **Сватівському** напрямку - тривають активні бойові дії по всій лінії зіткнення. Підрив моста в Красноріченському не означає перехід села під контроль ЗСУ.

**⏩****Бахмутський **відтинок - складна ситуація зберігається, тривають бої. На карті без змін.

**⏩****Авдіївський** відтинок - суттєвий тиск на наші позиції почався за останні 4 доби. Окрім успіхів у Водяному, ворог просунувся до [лісосмуги в Опитному](https://t.me/DeepStateUA/14533). Відомо про спроби штурму в Мар'іїнці, попередньо невдало, а також по лінії Володимирівка-Славне, проте тут ситуація цілком невідома. Вчора була інформація про спроби наступати на наші позиції в районі Павлівки. За попередніми даними штурм відбувався великою кількістю піхоти за підтримки артилерії. За нашими даними, ворог зазнав невдачі, але укріпився перед н.п. Забудова села дуже постраждала. Кацапи заявляють, що взяли село під свій контроль. Це протирічить нашій інформації, тому просто беремо до уваги.
 
**⏩****Запорізький **відтинок - без змін. 

**⏩****Херсонський** відтинок - без змін. 

🔄Мапу зараз буде оновлено протягом 20 хв.

[🖍](https://deepstatemap.live/#6/49.438/32.053)У випадку **неточностей на карті**, ви можете нам повідомити через бот @newsdeepstatebot. 

🛑Нагадуємо, що в загальному доступі не може існувати точної карти бойових дій, а інформацію, як переможну так і не дуже, завжди краще сприймати зі скепсисом і чекати візуальних підтверджень чи повідомлення ГШ ЗСУ. Ну і звісно, довіряйте перевіреним джерелам.",,,
13257,"📍 **Лісосмуга на схід від Опитного, що біля Донецька, перейшла під контроль ворога. В результаті атаки нашим довелося відійти за лісосмугу, щонайменше 1 наш солдат потрапив у полон

**На відео ми звернули увагу на стан окопів після дощів.

📍 deepstatemap.live/#16/48.0910/37.7427",,,
13258,"📍**Користувачі Twitter'у зазначають, що на відео, опублікованому кацапами, було помічено наш танк на південний-захід від Червонопопівки 

**Локація - deepstatemap.live/#13/49.1327/38.1032

[Магазин](https://deepstateua.shop/)🛑[Блог](https://deepstateua.com/)🛑[Мапа](https://deepstatemap.live/)🛑[Написати нам](http://t.me/newsDeepStatebot)🛑[Звіти](https://help.deepstateua.com/)🛑[ЗСУHelp](https://t.me/help_deepstateua)",,,
13259,"**🇲🇪В районі Плєвля проходять спільні навчання армії Чорногорії та британського корпусу морської піхоти

**[Магазин](https://deepstateua.shop/)🛑[Блог](https://deepstateua.com/)🛑[Мапа](https://deepstatemap.live/)🛑[Написати нам](http://t.me/newsDeepStatebot)🛑[Звіти](https://help.deepstateua.com/)🛑[ЗСУHelp](https://t.me/help_deepstateua)",,,
13260,"**☢️****Дрон-камікадзе від батальйону «Стугна» завітав у гості до ворожого бліндажа...

**[Магазин](https://deepstateua.shop/)🛑[Блог](https://deepstateua.com/)🛑[Мапа](https://deepstatemap.live/)🛑[Написати нам](http://t.me/newsDeepStatebot)🛑[Звіти](https://help.deepstateua.com/)🛑[ЗСУHelp](https://t.me/help_deepstateua)",,,
13261,"**🇵🇱Поки в п'ятницю українські SMM-ники сіяли зерно нової агресії московії в бік України, поляки старанно продовжують знищувати всі мости з московією

**""Іванопад"" триває у багатьох містах Польщі, близько 60 пам'ятників солдатам радянської армії на черзі. 

📹Відео: Deutsche Welle",,,
13262,"🔄**Ситуація на фронтах станом на 29 жовтня

****⏩****На кордоні з біломосковією **[-](https://deepstatemap.live/) без змін. 

**⏩****На** **Сватівському** напрямку - тривають активні бойові дії по всій лінії зіткнення. Їх результати поки невідомі.

**⏩****Бахмутський **відтинок - складна ситуація зберігається, тривають бої. На карті без змін.

**⏩****Авдіївський** відтинок - [ворогу вдалося просунутися](https://t.me/DeepStateUA/14525) в південно-східні околиці Водяного і зайняти певну частину села. В районі Павлівки кацапи проводять доволі масовану атаку, результат буде відомий згодом.
 
**⏩****Запорізький **відтинок - без змін. 

**⏩****Херсонський** відтинок - без змін. 

**⏩****Кримський берег** - безпілотними апаратами було проведено відносно вдалу в межах наших можливостей атаку, по одному з найбільш захищених об'єктів Криму — базі Чорноморського флоту. На [опублікованому відео](https://t.me/DeepStateUA/14521) видно удари по тральщику «Іван Голубєц» та фрегату, що зараз також є флагманом ЧФ «Адмірал Макаров», який здійснює пуски Калібрів по Україні. Рівень пошкоджень можна буде оцінити, коли з'являться супутникові знімки чи якесь інше достовірне джерело.

🔄Мапу зараз буде оновлено.

🇺🇦Зараз багато часу йде на певні оновлення функціоналу карти та додаток. Також, значну частину забирає волонтерка і якщо ви хочете чимось бути корисним, то підписуйтесь на наш волонтерський проект ЗСУ Help - @help_deepstateua.

[🖍](https://deepstatemap.live/#6/49.438/32.053)У випадку **неточностей на карті**, ви можете нам повідомити через бот @newsdeepstatebot. 

🛑Нагадуємо, що в загальному доступі не може існувати точної карти бойових дій, а інформацію, як переможну так і не дуже, завжди краще сприймати зі скепсисом і чекати візуальних підтверджень чи повідомлення ГШ ЗСУ. Ну і звісно, довіряйте перевіреним джерелам.",,,
13263,"**📍**** Частині ворожої піхоти та техніки вдалося зайти в південно-східну частину Водяного

**Локація - deepstatemap.live/#16/48.0962/37.6953

Відео опубліковано ворогом і доволі оперативно відносно дати зйомки.

[Магазин](https://deepstateua.shop/)🛑[Блог](https://deepstateua.com/)🛑[Мапа](https://deepstatemap.live/)🛑[Написати нам](http://t.me/newsDeepStatebot)🛑[Звіти](https://help.deepstateua.com/)🛑[ЗСУHelp](https://t.me/help_deepstateua)",,,
13264,"📍**Детонація ворожого танку в Ягідному, що на Харківщині

**Локація - deepstatemap.live/#16/49.6579/37.9241

[Магазин](https://deepstateua.shop/)🛑[Блог](https://deepstateua.com/)🛑[Мапа](https://deepstatemap.live/)🛑[Написати нам](http://t.me/newsDeepStatebot)🛑[Звіти](https://help.deepstateua.com/)🛑[ЗСУHelp](https://t.me/help_deepstateua)",,,
13265,"📍 **Стельмахівка досі під нашим контролем

**Минулого тижня нам писали користувачі, які були стурбовані повідомленнями на кацапських каналах, що виблядки її відбили. На щастя, це не так. 

На світлинах Стельмахівська гімназія, в якій ще 22 лютого йшли уроки. 

📍Локація - deepstatemap.live/#13.75/49.4659/37.9188

[Магазин](https://deepstateua.shop/)🛑[Блог](https://deepstateua.com/)🛑[Мапа](https://deepstatemap.live/)🛑[Написати нам](http://t.me/newsDeepStatebot)🛑[Звіти](https://help.deepstateua.com/)🛑[ЗСУHelp](https://t.me/help_deepstateua)",,,
13266,"📍 **46 бригада завдала удару по ворогу на південній околиці Дудчан: відразу за селом

**🍂Судячи з природи, це перша половина жовтня, але враховуючи що це більш теплий регіон, то можливо середина жовтня.

📍 Локація - deepstatemap.live/#12.75/47.1741/33.7207

[Магазин](https://deepstateua.shop/)🛑[Блог](https://deepstateua.com/)🛑[Мапа](https://deepstatemap.live/)🛑[Написати нам](http://t.me/newsDeepStatebot)🛑[Звіти](https://help.deepstateua.com/)🛑[ЗСУHelp](https://t.me/help_deepstateua)",,,
13267,"**🔥Сьогодні Чорноморському флоту передали привіт у самому його лігві — Севастопольській бухті

**Це справді знакова подія, не гірше потопленого крейсера та вибухів на аеродромі у Новофедорівці. Втрати ворога ще уточнюються.

🎥Відео: Мілітарний

[Магазин](https://deepstateua.shop/)🛑[Блог](https://deepstateua.com/)🛑[Мапа](https://deepstatemap.live/)🛑[Написати нам](http://t.me/newsDeepStatebot)🛑[Звіти](https://help.deepstateua.com/)🛑[ЗСУHelp](https://t.me/help_deepstateua)",,,
13268,"🎉**Відбувся черговий обмін наших героїв

**🇺🇦Додому повернулось 52 захисників - офіцери, медики, сержанти та солдати. 

Серед них - 12 бійців НГУ, включно з двома «Азовцями», 18 з ВМС, 8 з ДПСУ, 9 із ТРо, 3 воїнів ЗСУ та 2 цивільних, що були захоплені у полон під час оборони Маріуполя та «Азовсталі», на Харківщині, Донеччині, у Бучі на Київщині, на острові Зміїний та на ЧАЕС.

🫡Наймолодшому звільненому нещодавно виповнилося 19 років, найстаршому - 56 років.",,,
13269,"**🇱🇻У Латвії відбулася чергова база**. **Було знесено меморіальні плити з Кургану~~ Дружби
~~** 
🗿Пам'ятник на стику кордонів Латвії, московії та білораші було споруджено у 1959 році на згадку про співробітництво  часів Другої світової війни. На трьох гранітних плитах були написи трьома мовами: __«Курган Дружби споруджено на стику кордонів трьох братніх республік на честь бойової дружби, скріпленої кров'ю в роки війни московських, білорашистських та латиських партизанів»

__🔥У русні відбувся черговий підрив очка з цього приводу. Але русня упускає один важливий аспект - ніхто не бажає будувати ""братні і дружні"" стосунки з нелюдами, для яких ""братання"" — це постійні погрози кинути ядерну бомбу на країну, вбиства, злочини та тероризм. І по завзятості водія екскаватора можна побачити, в якому він місці тримав ту ""дружбу"". Так тримати брати-латвійці! Разом переможемо цю нечисть - історично і фізично! 🦾",,,
13270,"🚁**“Мотор Січ” та росія: до чого тут Китай і Куба?

**💻Наші колеги з OSINT спільноти ""**Molfar**"" написали цікаву статтю-розслідування про резонансну справу з главою** ""Мотор Січ""** у співпраці з московією

🇺🇦Переходьте на наш [блог DeepState](https://deepstateua.com/p/6677c997-8f15-4341-8476-1b7f04874ed5/), читайте статтю та діліться своїми думками в коментарях",,,
13271,"🔄**Ситуація на фронтах станом на 28 жовтня: на східному фронті без змін

****⏩****На кордоні з біломосковією **[-](https://deepstatemap.live/) без змін. Вороги з рб почали різні експерименти над технікою і вивчають західні зразки озброєння, які використовує ЗСУ.

**⏩****На** **Сватівському** напрямку - тривають активні бойові дії по всій лінії зіткнення. Заява Гайдая про взяття під контроль траси Сватове-Кремінна викликала не тільки подив у нас, а й в тих, хто на тому напрямку. Через необдумливу заяву, схоже довелося зреагувати навіть речнику ОК ""Схід"". ЗСУ дійсно вже певний час тримають трасу під ВОГНЕВИМ контролем. Ми в черговий раз звертаємо увагу на шкідливість надуманих перемог.  

**⏩****Бахмутський **відтинок - складна ситуація зберігається, увага в ці дні прикута не стільки до Бахмута, скільки до Білогорівки. 

**⏩****Авдіївський** відтинок - без змін, вчорашні уточнення по Мар'їнці були сукупними.
 
**⏩****Запорізький **відтинок - без змін. 

**⏩****Херсонський** відтинок - без змін. Обидві сторони прощупують одна одну.

🔄Оновлення вночі не буде.

🇷🇺На жаль, зараз ми пожинаємо плоди мобілізації ворога. Мобілізовані, хто з досвідом строкової служби, а хто без, як-ніяк, але закрили прогалини в багатьох місцях. Звісно, ми ще очікуємо як вплине на оборонні можливості ротація ворога на Херсонщині. Не всім це сподобається, але ми переходимо в стан схожий на Другу світову. Команда Залужного з допомогою іноземних партнерів змогла підняти чисельний і якісний склад ЗСУ, що почало проявлятися з середини серпня. Натомість, ворог мобілізував і відправить більше 200 тисяч чоловік в зону бойових дій. Наші хлопці зараз знищують взвод ворога на першій лінії, а на наступній лінії їх вже аж 4. 

[🖍](https://deepstatemap.live/#6/49.438/32.053)У випадку **неточностей на карті**, ви можете нам повідомити через бот @newsdeepstatebot. 

🛑Нагадуємо, що в загальному доступі не може існувати точної карти бойових дій, а інформацію, як переможну так і не дуже, завжди краще сприймати зі скепсисом і чекати візуальних підтверджень чи повідомлення ГШ ЗСУ. Ну і звісно, довіряйте перевіреним джерелам.",,,
13272,"**📍****Друзі, починаємо наш п'ятничний географічний квест о 20:00

Заходимо і реєструємося - ****https://www.geoguessr.com/join/MRNE****

**👨‍👩‍👧‍👦Перші три місця зможуть стати учасниками нашого OSINT-діалогу, але звісно після верифікації. Переможцям писати в наш бот @newsdeepstatebot (не забудьте скрін місця)",,,
13273,"🦉 **ГУР публікує кадри звільнення Невського на Луганщині, що відбулося декілька днів тому розвідниками групи «Кедр» та 5-ю ротою 66-ї бригади ЗСУ

****⛳️** У результаті вдало проведеної операції знищено 34 окупанта (зокрема, 3 кулеметні розрахунки), а також трьох 🇷🇺 взято в полон. 

🎁Трофеями нам дістались: військовий КАМАЗ з боєкомплектом та дві бойові машини піхоти.",,,
13274,"**🤔 Спеціально для тих, хто переживає, чому ми не малюємо переможного фейку журналістів про відступ москалів у Милове

**Качкарівка, що південніше Дудчан, під ворогом.

📍 deepstatemap.live/#12/47.1259/33.7129",,,
13275,"💣 ССО захопили московський БТР-82 та взяли в полон групу охорони в Запорізькій області 

Дата зйомки невідома.",,,
13276,"🥔 ""~~Брати~~"" наші менші почали озброювати свою техніку грилями для покращення смакових якостей у випадку вторгнення в Україну

🫠Стаємо в чергу на деруни від **ЗСУ.

👉🏻**В коментарях звучить багато запитань про ефективність даного гриля на танку. Раніше [ми робили пост](https://t.me/DeepStateUA/7391) про цей «модуль», можете почитати.",,,
13277,**👮**** Поліцейський спецназ також передає вітання і всім бажає гарного дня**,,,
13278,"🔄**Ситуація на фронтах станом на 27 жовтня

****⏩****На кордоні з біломосковією **[-](https://deepstatemap.live/) без змін. Сьогодні наш бригадний генерал Громов фактично заявив, що ворог захоче повторно піти на Київ, але зараз в нього немає на те сил.

**⏩****На** **Сватівському** напрямку - тривають активні бойові дії по всій лінії зіткнення. Обидві сторони ""прощупують"" одна одну на слабкі місця.

**⏩****Бахмутський **відтинок - складна ситуація зберігається. Сьогодні Громов також заявив, що наші відбили два ворожих ВОПа. Попередньо, встановлено паритет в можливостях обох сторін.

**⏩****Авдіївський** відтинок - уточнено розміри успіхів кацапів у районі Мар'їнки. Просування відбулося орієнтовно останні пару тижнів, проте наші десантники прикладають надлюдських зусиль. Нагадуємо, що спроби штурму Мар'їнки тривають з 24 лютого, тобто місто в облозі вже дев'ятий місяць.
 
**⏩****Запорізький **відтинок - без змін. 

**⏩****Херсонський** відтинок - без змін. Кацапи знову пробували відновити втрачені позиції, але невдало. Дану інформацію також підтвердив генерал Громов. В результаті ударів по місцям дислокації вівцетрахів кадирова загинуло 23 і ще 58 поранено.

🔄Оновлення буде десь за годину.

[🖍](https://deepstatemap.live/#6/49.438/32.053)У випадку **неточностей на карті**, ви можете нам повідомити через бот @newsdeepstatebot. 

🛑Нагадуємо, що в загальному доступі не може існувати точної карти бойових дій, а інформацію, як переможну так і не дуже, завжди краще сприймати зі скепсисом і чекати візуальних підтверджень чи повідомлення ГШ ЗСУ. Ну і звісно, довіряйте перевіреним джерелам.",,,
13279,"🇺🇦** Перемога дається нам дуже важко. Її ціна - життя кращих воїнів. Ми не віддамо здобуту кровʼю Перемогу в руки ворогу. У памʼять про тих, хто повернувся з бою на щиті, в ім’я минулих і прийдешніх поколінь

**Євген Кіктенко, у складі хрестоносців, разом з екіпажем свого танка загинув 25 вересня під час звільнення Харківщини. Честь та шана всім нашим танкістам.

🕊__З твітера Головнокомандувача ЗСУ Валерія Залужного.__",,,
13280,"**🇧🇾****Діяльність московських та біломосковських збройних сил вказує на системну підготовку до ескалації

**🇷🇺Публічні заяви біломосковської влади про «відсутність намірів нападати на Україну» розходяться із її діями, адже у країні наразі відбуваються не лише приховані заходи військового характеру, а й воєнна пропаганда.

__З брифінгу бригадного генерала Громова.__",,,
13281,"**🔥****Бахмутська м'ясорубка: мабуть так можна охарактеризувати бої за місто

**Бахмут і його околиці нагадують Верден 106-річної давнини. Навіть є свій форт Дуамон в Кнауфі, що на околиці Соледару.

Відео ударів по кацапським виродкам надали хлопці з ЗТГ ""Адам"".

📍 Локація: deepstatemap.live/#14.75/48.6186/38.0673",,,
13282,"[⌨️](https://i.imgur.com/ADVvBZz.png)Оскільки росія стає слабшою, **Сі Цзіньпін** може відмовитися від **Tайваню**, щоб захопити східну росію – [пише](https://www.forbes.com/sites/craighooper/2022/10/24/as-russia-gets-weaker-xi-jinping-may-forgo-taiwan-to-grab-eastern-russia/?sh=2451d7566ce4) **Крейг Хупер**, старший співавтор в журналі **Forbes**, а також за сумісництвом, аналітик з питань **національної безпеки США**. 

🤷‍♂️І справді, ідея захопити острів в **Тихому океані** може здатися безглуздою, якщо на півночі, через **річку Хейлунзцян** (рос. Амур), лежать широкі неосвоєні простори (такий собі ""лєбєнсраум"" по китайськи), та ще й відняті, як вважають самі китайці, в результаті несправедливих, грабіжницьких договорів. О так, ця історія має розвиток. 

📜В серпні 1689 року в **Нєрчінскє** (сьогодні це містечко на 14 648 населення, в 335 км на Схід від Чіти по трасі M-58 “Амур” до **Болі’** (рос. Хабаровськ) і в 5 км від станції “Пріісковая” на Транссібірській магістралі) відбулися перемовини делегацій Пєтра І і **імператора Кансі, який очолював імперію Цін**. Посланець імператора Кансі, **міністр Сонготу**, висунув вимогу: провести кордон так, щоб до Китаю відходили не лише Приамур'я з Албазином але і все Тихоокеанське узбережжя Сибіру аж до Чукотського носа, себто до мису Дєжньова (або **мис Чжена Хе** в китайській інтерпретації:-). Тоді, через мовний бар’єр і нерозуміння придворного церемоніалу і діловодства, кожна сторона залишилася при своїй думці, що привезли вигідний договір, хоча жодна не погодилася на територіальні поступки. 

🎎В 1860 році, скориставшись зі слабкості імперії Цін, яка зазнала дошкульних поразок в **Опійних війнах**, російські дипломати домоглися підписання договору, за яким **імператор Ї** визнавав за росією землі на північ від річки Амур і на схід від Усурі. Так росія, пообіцявши посередництво в переговорах з Британією та Францією, звісно обманом, виманила землі, на яких заснувала **порт Хайшеньвей** (рос. Владивосток) – свій форпост на Тихому океані. 

🇨🇳Тема цих договорів постійно з’являється, коли розмова заходить про російсько-китайську «дружбу». Ще в 1964 **Мао Цзедун** в розмові з японськими соціалістами, яку вони потім розказали пресі, сказав таке: «У Радянського Союзу і без того територія вже занадто велика, більше 20 млн км2. Населення ж складає лише 200 млн. У вас, японців, населення більше 100 млн, а площа території – лише 370 тис км2. Більше 100 років тому вони відрізали землі на схід від Байкалу, включаючи і Болі, і Хайшеньвей, і півострів Камчатка. Вони нам за це так і не заплатили». 

⁉️Чи настане час в найближчому майбутньому заплатити росіянам? Крейг Хупер вважає, що так, такий час настане. І як тут не перефразувати крилатий вираз одного мертвого (а отже хорошого) російського політика: **«Нє смєть стрєлять по Тайбєю, лучше вмєстє є..ом по Хайшеньвєю». 

Moskva delenda est.**",,,
13283,"🔄**Ситуація на фронтах станом на 26 жовтня

****⏩****На кордоні з біломосковією **[-](https://deepstatemap.live/) без змін. 

**⏩****На** **Сватівському** напрямку - тривають активні бойові дії по всій лінії зіткнення. В чергове доволі ""авторитетні"" ворожі видання ""беруть"" Торське та Терни, що не відповідає дійсності.

**⏩****Бахмутський **відтинок - складна ситуація зберігається. Після певних стабілізаційних заходів ворог почав відчувати проблеми в атаці.

**⏩****Авдіївський** відтинок - ті самі ""авторитетні"" ворожі видання публікують, що вони перейшли річку і захопили основну частину Водяного, насправді ж внаслідок ураження нашими бійцями, кацапи не те, що не змогли підійти до населеного пункту, а й навіть були змушені відійти на одну посадку назад.
 
**⏩****Запорізький **відтинок - без змін. 

**⏩****Херсонський** відтинок - без змін.

🔄Оновлення вночі не буде.

❄️Сьогодні Міністр оборони Резніков [заявив](https://zn.ua/ukr/UKRAINE/rukh-zsu-na-khersonshchini-spovilnivsja-reznikov-nazvav-prichinu-.html), що наш наступ на Херсонщині сповільнився. На жаль, загалом по лінії зіткнення погода суттєво вносить свої корективи. А ""распутиця"" (це слово найкраще підходить) історично на руку москалям.

[🖍](https://deepstatemap.live/#6/49.438/32.053)У випадку **неточностей на карті**, ви можете нам повідомити через бот @newsdeepstatebot. 

🛑Нагадуємо, що в загальному доступі не може існувати точної карти бойових дій, а інформацію, як переможну так і не дуже, завжди краще сприймати зі скепсисом і чекати візуальних підтверджень чи повідомлення ГШ ЗСУ. Ну і звісно, довіряйте перевіреним джерелам.",,,
13284,"**💣****Просто нестримна 40 бригада продовжує знищувати кацапів. Цього разу в Миколаївці, що на північному сході Харківщини

**deepstatemap.live/#15.5/49.9203/37.8825

[Магазин](https://deepstateua.shop/)🛑[Блог](https://deepstateua.com/)🛑[Мапа](https://deepstatemap.live/)🛑[Написати нам](http://t.me/newsDeepStatebot)🛑[Звіти](https://help.deepstateua.com/)🛑[ЗСУHelp](https://t.me/help_deepstateua)",,,
13285,"🫠**Друзі, а ось і цікавеньке

****🇺🇦****Автори DeepState — про мапу бойових дій, проблеми та виклики, а також про роботу з військовими

**__Щодоби в середньому, кажуть розробники, мапу відвідує майже 3 мільйони користувачів. На неї посилаються українські та західні ЗМІ, радник Офісу Президента Олексій Арестович та міністр оборони України Олексій Резніков. Хто такі DeepState, як перевіряють інформацію і з чого вони починали__ —  **Суспільне **[розпитало авторів](https://www.youtube.com/watch?v=yulknczre98&ab_channel=DeepState)** мапи DeepState**",,,
13286,"**➕А ось і підтвердження по гайдаївському Невському

**deepstatemap.live/#11.5/49.1593/37.9882

[Магазин](https://deepstateua.shop/)🛑[Блог](https://deepstateua.com/)🛑[Мапа](https://deepstatemap.live/)🛑[Написати нам](http://t.me/newsDeepStatebot)🛑[Звіти](https://help.deepstateua.com/)🛑[ЗСУHelp](https://t.me/help_deepstateua)",,,
13287,"🎉**Ще один обмін. 10 героїв в обмін на нікчемних ванюшек повертаються до своїх родин

**🔄 Це воїни з **28-ї**✝, **57-ї**👆 та **60-ї**🦁 бригад. Вік звільнених від 21 до 55 років. Серед них один офіцер. 

🇺🇸Також, на батьківщину для гідного спочину поїде тіло американського добровольця, ветерана армії США Джошуа Алана Джонса, який віддав життя за Україну.",,,
13288,"**🇧🇾****Біломосковські солдати записали відеозвернення до ЗСУ, де розповідають, що ""не хочуть війни, але насправді хочуть""

**Навіть з переляку записували з кулаками, щоб і бульбафюрер був радий і в біолабораторіях Закарпаття злякалися. Зайвий пруф того, що біломосковія в даний момент це продажна помилка на політичній карті світу. 

Вони реально думають, що не відповідають за свої дії: як в лютому-березні, так і протягом всієї війни. Відео й так є на всіх каналах, тому цих клоунів заливати не будемо: тримайте ""злого з бодуна десантника зс рб"".

🔄 До речі, мапа оновлена.

[Магазин](https://deepstateua.shop/)🛑[Блог](https://deepstateua.com/)🛑[Мапа](https://deepstatemap.live/)🛑[Написати нам](http://t.me/newsDeepStatebot)🛑[Звіти](https://help.deepstateua.com/)🛑[ЗСУHelp](https://t.me/help_deepstateua)",,,
13289,"📍**Волонтери, які купували дрон бійцям на Авдіївському відтинку фронту, продемонстрували відео його роботи

**На кадрах можна впізнати удари по кацапам біля озера на захід від Новобахмутівки, підбита техніка південніше залізничного моста та поворот на Красногорівку.

Відео демонструє кадри за попередні місяці. 

📹Відео: Андрій та Владислава Зуєві.",,,
13290,"🔄**Ситуація на фронтах станом на 25 жовтня

****⏩****На кордоні з біломосковією **[-](https://deepstatemap.live/) без змін. У відкритих джерелах з'явилася інформація, що іранські дрони запускають з Чорнобильського лісу у безпосередній близькості до нашого кордону.

**⏩****На** **Сватівському** напрямку - тривають активні бойові дії по всій лінії зіткнення. Петропавлівка перейшла в синю зону, проведено деякі уточнення. Хорошим дзвіночком є кадри ударів арти біля Сватового, проте не варто сильно тішитися. Кацап останні тижні пітнів над обороною підступів до міста, з 3-х сторін місто оточене ешелонованою обороною та діють мобільні групи ворога. 

**⏩****Бахмутський **відтинок - складна ситуація зберігається. Бої тривають в районі Спірного та Соледару.

**⏩****Авдіївський** відтинок - без суттєвих змін.
 
**⏩****Запорізький **відтинок - без змін. 

**⏩****Херсонський** відтинок - спроби атакувати у ворога провалилися.

🔄Оновлення мапи буде вночі.

🎙На нашу суб'єктивну думку, зміна військового командування московським військом принесла швидше рішучості у прийнятті рішень, але ніяк не зміну глобальної стратегії. Командування кацапів продовжує повторювати помилки, а персонажі типу прігожина намагаються збільшити власні приватні армії за рахунок тих же невдач. Для довідки, станом на 01.09.2022 в колоніях московії перебуває 338 тисяч потенційних найманців ПВК ""вагнер"".

[🖍](https://deepstatemap.live/#6/49.438/32.053)У випадку **неточностей на карті**, ви можете нам повідомити через бот @newsdeepstatebot. 

🛑Нагадуємо, що в загальному доступі не може існувати точної карти бойових дій, а інформацію, як переможну так і не дуже, завжди краще сприймати зі скепсисом і чекати візуальних підтверджень чи повідомлення ГШ ЗСУ. Ну і звісно, довіряйте перевіреним джерелам.",,,
13291,"🇺🇦** Петропавлівка Куп'янського району переходить в синю зону. Поки так, адже офіційних повідомлень не було, проте в мережі вже є осіннє фото бійця біля церкви Петра та Павла

**Звісно, наші зайшли туди вже відносно давно, але нарешті є підстави його перенести в нормальний колір.

deepstatemap.live/#11.75/49.7051/37.6623",,,
13292,"**💣****⚔**** 40 ОАБ та 92 ОМБр продемонстрували відео ураження ворожої техніки в Попівці. На відео враження по селу та околицях. До Сватового менше 5 кілометрів від місця ураження 

**deepstatemap.live/#12.75/49.3998/38.0711

[Магазин](https://deepstateua.shop/)🛑[Блог](https://deepstateua.com/)🛑[Мапа](https://deepstatemap.live/)🛑[Написати нам](http://t.me/newsDeepStatebot)🛑[Звіти](https://help.deepstateua.com/)🛑[ЗСУHelp](https://t.me/help_deepstateua)",,,
13293,"📍** З'явилося відео ворожого авіаудару на східних околицях Спірного

**🤔Судячи з кадрів, відео не нове і швидше за все було знято в** першу половину вересня, коли наші здійснювали штурмові дії і демонструє глибину нашого прориву в ті дні.

**🛑Чотири маркери: маршрути ворожої авіації під час яких було завдано удар по нашим передовим позиціях.

🔥Додаткові вогні місця інших сутичок у період вересень-жовтень. У місці вересневого вогника загинув батько одного з наших підписників, тому якщо хтось володіє інформацією про обставини - поділіться.

deepstatemap.live/#14/48.8088/38.2477

[Магазин](https://deepstateua.shop/)🛑[Блог](https://deepstateua.com/)🛑[Мапа](https://deepstatemap.live/)🛑[Написати нам](http://t.me/newsDeepStatebot)🛑[Звіти](https://help.deepstateua.com/)🛑[ЗСУHelp](https://t.me/help_deepstateua)",,,
13294,"**❔****Цікавий факт про нового прем'єр-міністра Великобританії

**💰**Ріші Сунак **став першим прем'єр-міністром, у якого статки на кілька сотень мільйонів доларів більші, ніж у самого монарха.

[Магазин](https://deepstateua.shop/)🛑[Блог](https://deepstateua.com/)🛑[Мапа](https://deepstatemap.live/)🛑[Написати нам](http://t.me/newsDeepStatebot)🛑[Звіти](https://help.deepstateua.com/)🛑[ЗСУHelp](https://t.me/help_deepstateua)",,,
13295,"**🔥****Нарешті процес виготовлення буржуйок доходить до кінця

**❄️Нашим хлопцям буде тепліше взимку саме з вашою допомогою. Велика подяка Oberton group, які частину замовлення взяли на себе. 

😅Ви не уявляєте скільки часу забирає логістика всієї волонтерки. За ці місяці ми дуже добре вивчили специфіку потреб ЗСУ і вже знаємо слабкі і сильні сторони забезпечення, тому ці знання зараз застосовуємо на практиці настільки, наскільки це можливо.

**🤝Ми дякуємо кожному за довіру нам та підтримку ЗСУ**. 

💳Нагадуємо наші реквізити:

📌приват `5168755444374546` (Микула Р.) 
📌моно `5375411417067597` (Микула Р.)
📌PayPal: ua_monolit@ukr.net",,,
13296,"👑Чарльз III офіційно призначив Ріші Сунака на посаду прем'єр-міністра Великобританії.

Тепер Сунак повинен сформувати власний уряд. 

🤷‍♂️Що ж, побачимо як покаже себе новий прем'єр та чи зможе він подолати труднощі, з якими зіткнулась Трасс та Борис Джонсон.",,,
13297,"🔄**Ситуація на фронтах станом на 24 жовтня

****⏩****На кордоні з біломосковією **[-](https://deepstatemap.live/) без змін. Невідомі патріоти підірвали залізницю в Брянській області. 

**⏩****На** **Сватівському** напрямку - тривають активні бойові дії по всій лінії зіткнення. ЗСУ витіснили ворога з населених пунктів Кармазинівка, М'ясожарівка і Невське Луганської області та Новосадове на Донеччині. В даний час наші воїни прикладають титанічних зусиль, адже весь напрямок посилено чмобілізованими.

**⏩****Бахмутський **відтинок - складна ситуація зберігається. Попередньо ворога зупинено, хоча в районі Білогорівки, Спірного та Верхньокамянського йдуть бої. 

**⏩****Авдіївський** відтинок - ворог не полишає спроб зайти в Опитне та Водяне, безуспішно. Відновилися бої в Мар'їнці.
 
**⏩****Запорізький **відтинок - без змін. 

**⏩****Херсонський** відтинок - без змін.

🔄Оновлення мапи буде вночі.

🇺🇦 До нас багато хто звернувся ледве не з вимогою перенести в сіре/синє Чкалове та Чарівне на Херсонщині. Вихід кацапів з непередового села не означає, що там виростає гриб у вигляді ЗСУ. Ми не ретранслюємо все, що відбувається в медіа, а займаємося обробкою та аналізом даних для продукування самого інформаційного продукту.

[🖍](https://deepstatemap.live/#6/49.438/32.053)У випадку **неточностей на карті**, ви можете нам повідомити через бот @newsdeepstatebot. 

🛑Нагадуємо, що в загальному доступі не може існувати точної карти бойових дій, а інформацію, як переможну так і не дуже, завжди краще сприймати зі скепсисом і чекати візуальних підтверджень чи повідомлення ГШ ЗСУ. Ну і звісно, довіряйте перевіреним джерелам.",,,
13298,"**📱Мапу оновлено станом на зараз. До речі, йде активна стадія тестування мобільного застосунку мапи для іОС та Андроїд серед наших **[**патреонів**](https://www.patreon.com/DeepStateUA)** та осінтерів

**⚙️Застосунок є повноцінним, а не веб браузером, тому знадобиться час щоб вийти на хорошу стабільність. Після завершення тестування, він буде доступний всім.",,,
13299,"📍 **На ворожих картах (ми їх рекламувати не будемо) знову визнали контроль ЗСУ над Торським, але «злі язики» підказали чому таке відбулося

**🐔Одна з передових груп справді зайшла в Торське в середині жовтня і відрапортувала про взяття, що відповідно надійшло до найвищого командування. 

🤫За кілька годин ЗСУ відправило авангард кацапів до сталіна, а через пару днів брехня ""виплила"" та у зворотньому порядку розпочалося ""набутилення"" всіх по військовій вертикалі.",,,
13300,"🇺🇦 **Згідно з повідомленням ГШ ЗСУ від 24 жовтня 2022 року завдяки успішним діям, наші війська витіснили ворога з населених пунктів Кармазинівка, М’ясожарівка і Невське Луганської області та Новосадове на Донеччині

🧐Окремо** виділимо історію з «гайдаївським Невським». Ще під час боїв за Лиман було повідомлення, що воно може бути під нашим контролем, проте фізичних підтверджень тому не було. Потім Гайдай, схоже орієнтуючись на ці чутки, назвав це та ряд інших сіл звільненими, от тільки з часом нам почали писати про те, що там насправді є ворог. Остаточно впевнившись, ми його повернули в сіру, а потім і в червону зону. Саме вчора розпочалась зачистка села, і найбільш уважні могли помітити, що воно перейшло у сіру зону, а сьогодні ГШ підтвердив остаточне взяття під контроль даного населеного пункту.

📍 Локації сіл: deepstatemap.live/#10.25/49.3541/37.9261",,,
13301,"**🇬🇧Ріші Сунак стає новим прем'єр-міністром Великобританії 

🙅🏻‍♀️**Пенні Мордонт зняла свою кандидатуру на пост лідера консерваторів, Сунак лишився єдиним претендентом.

👑Церемонія, офіційне затвердження та аудієнція у короля - згодом.",,,
13302,"**☕️**🐈 **Наші хлопці з ремонтного підрозділу XXX ЗР-полку, що підтримує DeepStateUA, працюють для захисту нашого неба. Спільними зусиллями робимо смерть москалям 

**☕[️](https://deepstateua.shop/shop/cupdeepstateua)[Замовити](https://deepstateua.shop/shop/cupdeepstateua) таку ж чашку собі можна у нас.

[Магазин](https://deepstateua.shop/)🛑[Блог](https://deepstateua.com/)🛑[Мапа](https://deepstatemap.live/)🛑[Написати нам](http://t.me/newsDeepStatebot)🛑[Звіти](https://help.deepstateua.com/)🛑[ЗСУHelp](https://t.me/help_deepstateua)",,,
13303,"**🇺🇦**** Кирило Буданов в **[інтерв'ю](https://www.pravda.com.ua/articles/2022/10/24/7373160/)** дав хороші пояснення про Херсон для тих, хто розповідає, що кацапи його віддадуть просто так

**🔽 **Про Херсон і відхід цивільної інфраструктури на лівий берег:
**__""...тобто створюють ілюзію того, що все пропало. А разом з тим вони навпаки **заводять туди нові військові підрозділи та готують вулиці міста до оборони.**__""

🔽**Для тих, хто досі вірить хайпожерам:
**__""...разом з тим я не можу вам сказати, що прямо зараз вони з Херсона тікають. Ні, такого нема.""

__🔽**У випадку вдалого нашого наступу там:
**__""Тобто вони розуміють, що, якщо ми візьмемо хоча б контроль над каховською дамбою, яка єдина зараз транспортна артерія, що повноцінно функціонує, їм треба буде приймати дуже швидко рішення. 
Або дуже-дуже швидко покидати місто і виходити, або вони ризикують опинитися в тій ситуації, в якій раніше опинилися наші підрозділи в Маріуполі. Ситуація трошки інакша, але концептуально буде дуже схожа.""__",,,
13304,"🟥 З**лочинці самоназваної групи ""о"", які складаються з кацапського спецназу, на камеру добили в голову українського бійця

**Дуже часто неграмотна частина населення України називає кацапських недолюдей фашистами/нацистами, при цьому забуваючи, військові традиції якої армії вони успадкували. Кацап успадкував клейноди і ""славу"" радянської армії, репутацію якої з подачі союзників було ""відбілено"" у 1945 році.

Весь світ засудив нацистський режим, але фактично проігнорував військові та цивільні злочини, які вчиняла радянська армія в період з 1932 по 1945 рік. Тепер ми повинні пожинати плоди вседозволеності, на якій виросли покоління виродків.

🇷🇺Тепер вони розуміють, що можна творити будь-що, чи то в Бучі, чи то на полі бою. **Головне виграти, бо переможців не судять.** Попередні покоління українців потакали цьому і навіть дозволяли компартії сидіти у парламенті: десять років тому комуністи мали 13% підтримки українців.

**В Бучі ми всі побачили, що можна бути й тупим ватником-другом кремля, але кулю ненависті це не зупинило. **Випадок із свинею [Ржавським](https://t.me/DeepStateUA/11636).

**🇺🇦****Українське керівництво зайняло правильну позицію** - ніяких перемовин бути не може. Занадто велика ціна заплачена і ще занадто багато доведеться сплатити, щоб все так просто зам'яти.",,,
13305,"**СБУ опублікувала докази співпраці з рф президента промислового гіганта Мотор Січ
** 
Служба безпеки України опублікувала аудіозаписи телефонних розмов президента АТ «Мотор Січ», які підтверджують його співробітництво з ворогом.
 
Навіть після повномасштабного вторгнення агресора посадовець, який раніше неодноразово обирався народним депутатом від «партії регіонів», продовжував постачати двигуни та інші запчастини до російських ударних вертольотів. Тим самим - фактично підтримував ворога та допомагав йому обстрілювати українські міста і села.
 
При цьому він виправдовував напад росії і висловлював надію, що путін не зупинить наступ своїх військ, розмірковував про «нацистів» в Україні тощо.
 
Днями співробітники СБУ затримали посадовця та одного з працівників авіапідприємства і оголосили їм про підозри.
 
Служба безпеки робитиме усе, аби встановити інших осіб, причетних до незаконної діяльності, та притягнути їх до відповідальності. Очищення України від зрадників та колаборантів триває!",,,
13306,"🔄**Ситуація на фронтах станом на 23 жовтня

****⏩****На кордоні з біломосковією **[-](https://deepstatemap.live/) без змін. 

**⏩****На** **Сватівському** напрямку - тривають активні бойові дії по всій лінії зіткнення. Внесено певні уточнення.

**⏩****Бахмутський **відтинок - складна ситуація зберігається. У районі Соледару авангард ворога не зміг закріпитися і поніс численні втрати двохсотими. 

**⏩****Авдіївський** відтинок - спроби штурмувати Авдіївку у ворога закінчилися нічим.
 
**⏩****Запорізький **відтинок - без змін. 

**⏩****Херсонський** відтинок - без змін.

🔄Оновлення мапи буде вночі.

🇷🇺Ворог відновлює активність свого зовнішньополітичного життя на Балканському напрямку. В Чорногорії місцеві вибори виграє прокацапський Демфронт, а в Молдові тривають протести з вимогою відставки Санду.

🛑Ми в черговий раз закликаємо перевіряти інформацію. Не пишіть нам інформацію, яку ловите у хайпожерів. Пишіть своїм ""джерелам"" і запитуйте в них чому наші досі не в Снігурівці чи Пологах. 

[🖍](https://deepstatemap.live/#6/49.438/32.053)У випадку **неточностей на карті**, ви можете нам повідомити через бот @newsdeepstatebot. 

🛑Нагадуємо, що в загальному доступі не може існувати точної карти бойових дій, а інформацію, як переможну так і не дуже, завжди краще сприймати зі скепсисом і чекати візуальних підтверджень чи повідомлення ГШ ЗСУ. Ну і звісно, довіряйте перевіреним джерелам.",,,
13307,"📹**З нами поділилися оригінальним відео з-під Бахмута, де 4-та бригада оперативного призначення імені Михальчука знищила насправді близько двох десятків кацапів

**✈️До речі, від вас до хлопців на тижні поїде мавік третій.

🇺🇦А ще, на [ЗСУHelp](https://t.me/help_deepstateua) вже є світлини відправленої допомоги на 93 і 54 бригади. На забуваємо підписуватися.

[Магазин](https://deepstateua.shop/)🛑[Блог](https://deepstateua.com/)🛑[Мапа](https://deepstatemap.live/)🛑[Написати нам](http://t.me/newsDeepStatebot)🛑[Звіти](https://help.deepstateua.com/)🛑[ЗСУHelp](https://t.me/help_deepstateua)",,,
13308,"**🇷🇺****Окрім того, один з кацапів сьогодні оприлюднив відео від першої особи з кабіни Су-25

**Хоч пілот на відміну від Іркутських вижив, бойовий літак знищено.

[Магазин](https://deepstateua.shop/)🛑[Блог](https://deepstateua.com/)🛑[Мапа](https://deepstatemap.live/)🛑[Написати нам](http://t.me/newsDeepStatebot)🛑[Звіти](https://help.deepstateua.com/)🛑[ЗСУHelp

](https://t.me/help_deepstateua)__UPD. Для всіх коментаторів, що пишуть про літо - так, це літо, мотивом посту є демонстрація відео (що було опубліковано сьогодні) з катапультуванням та подальшим знищенням СУ-25СМ3.__",,,
13309,**🇷🇺****Десь під Іркутском СУ-30СМ виконав жест доброї волі**,,,
13310,"**📰Друзі, ділимося з вами двома цікавими інтерв’ю про нашу команду DeepStateUA

**📇[Радіо Свобода](https://www.radiosvoboda.org/a/deepstate-mapa-vijny-v-ukrajini/32094916.html): DeepState - хто та як робить популярну мапу війни в Україні;

📇[Факел](https://telegra.ph/VELIKE-%D0%86NTERVYU-Z-DEEPSTATE---24-LYUTOGO-VIZNANNYA-RYEZN%D0%86KOVIM-P%D0%86RATSTVO-10-18): велике інтерв’ю з DeepState.

😉Переходьте, читайте та діліться своїми враженнями в коментарях",,,
13311,"🔄**Ситуація на фронтах станом на 22 жовтня

****⏩****На кордоні з біломосковією **[-](https://deepstatemap.live/) без змін. Підрозділ ""Пагоня"" увійшов до складу полку👍Калиновського, перспектива створення БВА стає все помітніша, а роль кишенькових опозиціонерів мінімізується, що не може не радувати на випадок відкриття нового фронту тут.

**⏩****На** **Сватівському** напрямку - тривають активні бойові дії по всій лінії зіткнення. Уточнено ситуацію в Невському.

**⏩****Бахмутський **відтинок - складна ситуація зберігається. Ворог продовжує прощупувати Соледар і пробує зайти на територію Бахмута з пд-сх. Одна з таких спроб була дуже результативною для нас. Судячи з характеру наступальних дій та к-сті техніки, ворог серйозно ставить за мету оточення Бахмута з півдня.

**⏩****Авдіївський** відтинок - в результаті наступальних дій кацап трохи просунувся від Донецького аеропорту.
 
**⏩****Запорізький **відтинок - без змін. 

**⏩****Херсонський** відтинок - без змін, відбуваються спроби кацапів відбити хоч щось із втраченого.

🔄Оновлення мапи буде вночі.

[🖍](https://deepstatemap.live/#6/49.438/32.053)У випадку **неточностей на карті**, ви можете нам повідомити через бот @newsdeepstatebot. 

🛑Нагадуємо, що в загальному доступі не може існувати точної карти бойових дій, а інформацію, як переможну так і не дуже, завжди краще сприймати зі скепсисом і чекати візуальних підтверджень чи повідомлення ГШ ЗСУ. Ну і звісно, довіряйте перевіреним джерелам.",,,
13312,"🤝**21 жовтня режисер Любомир Левицький презентував тизер документальної стрічки про військову рятувальну операцію. Проведено було її хлопцями з 93 ОМБр ""Холодний Яр"", яким допомагаєте саме ви - наші підписники

**Сюжет засновано на реальних подіях. У фільмі розповідається про сімейну пару цивільних, які на своєму авто потрапили під шквальний обстріл ворожої російської армії в районі Ізюму. Військові механізованого батальйону 93 бригади під керівництвом комбата з позивним ""Браво"", не маючи можливості безпечно підійти до цивільних українців, провели безпрецедентну для світу рятувальну операцію за допомогою дронів.

Документальний фільм FOLLOW ME стане відеодоказом військових злочинів з боку росіян та стимулом забезпечувати наші ЗСУ дронами ще більш, адже ці ""пташки"" рятують життя.

[🌐 Джерело

](https://www.facebook.com/93OMBr/videos/1162096937730219/)До слова, сьогодні від вас на 93 і 54 поїхав дрон (спільна покупка), рації, купа енергетиків, лопати, плівка, медикаменти та тепловізори.

Крім того, подяка студентам КНУ Шевченка, які допомагають нашій ремонтній базі ""Буків"" зібрати потужний ПК для роботи з графічними схемами. Через появу ""шахідів"", зростає потреба в ремонті блоків.

🤔Нагадуємо підписатися на наш волонтерський канал [ЗСУ Help](https://t.me/help_deepstateua/161).",,,
13313,"🇨🇳**Завершився з'їзд комуністичної партії Китаю, де було ухвалено нову резолюцію про конституцію 

**💭Сі Цзіньпін на завершення сказав, що перегляд конституції «__встановлює чіткі вимоги щодо підтримки та зміцнення загального керівництва партії__».

🤷‍♂️Водночас теперішній лідер Китаю **""усунув"" чотирьох із семи членів вищого керівництва** - серед яких і Лі Кецянь, прем'єр-міністр, що продовжить виконувати свою обов'язки на посаді ще близько шести місяців, доки не буде названо новий список міністрів уряду.

🇨🇳**Сі Цзіньпінь офіційно буде призначений керівником компартії на третій термін вже завтра.

**__📹На відео можна спостерігати, як колишньому президенту КНР ""допомагають"" піти. Стверджується, що екс-лідеру стало погано.__",,,
13314,"🎯**Неймовірна влучність від бійця на псевдо __Сокіл__, з аеророзвідки __""Карлсон""

__**Ранковий заряд бадьорості прямо в голову.

[Магазин](https://deepstateua.shop/)🛑[Блог](https://deepstateua.com/)🛑[Мапа](https://deepstatemap.live/)🛑[Написати нам](http://t.me/newsDeepStatebot)🛑[Звіти](https://help.deepstateua.com/)🛑[ЗСУHelp](https://t.me/help_deepstateua)",,,
13315,"🔄**Ситуація на фронтах станом на 21 жовтня

****⏩****На кордоні з біломосковією **[-](https://deepstatemap.live/) без змін. На полігонах ""засвітився"" танк з решіткою-гриль.

**⏩****На** **Сватівському** напрямку - тривають активні бойові дії. 

**⏩****Бахмутський **відтинок - складна ситуація продовжує зберігатися. Ворога вчергове вдається зупинити силою. Бої йдуть по всій лінії від Білогорівки до Майорського.

**⏩****Авдіївський** відтинок - без змін.
 
**⏩****Запорізький **відтинок - без змін. 

**⏩****Херсонський** відтинок - без змін, на жаль з'явилися кадри невдалої нашої атаки на П'ятихатки, є загиблі і щонайменше 3 полонених з 128 бригади. Ми часто оминаємо таку тему, але коли бачимо, що вона йде в маси з ворожих ресурсів до наших громадян, то вважаємо за обов'язок дати певні пояснення, щоб інформація про події не була зафіксована з ворожої точки зору.

🛑Відносно спокійна в першій фазі війни Херсонщина вже 3-й місяць є пеклом для обох сторін. Це тільки для хайпу розповідають про жести доброї волі аж до Криму та прориви до кільцевої дороги міста Херсон. До завершення війни не буде деталей, які кровопролитні бої для обох сторін були за Андріївський плацдарм, Давидів Брід, Костромку, Правдине, Тернові Поди. На Херсонщині лише прорив ""у кавуна"" змусив відійти ворога з лінії Архангельське-Давидів Брід. Але далі і до самого Херсона все вкрито суцільним укріпрайоном, можна його назвати хоч ХерУРом. На тому напрямку не буває легко, там досі багато регулярів, які не втратили боєздатність, на відміну від тих частини, які наші громили навколо Києва, Харкова та Бахмута. 

🛑Кацап готувався і готується там постійно. Тому там кожен метр це чиясь кров. Тому й для нас це один з ключових напрямків допомоги, на рівні із Бахмутом та Заоскіллям.

🔄Оновлення мапи буде вночі.

[🖍](https://deepstatemap.live/#6/49.438/32.053)У випадку **неточностей на карті**, ви можете нам повідомити через бот @newsdeepstatebot. 

🛑Нагадуємо, що в загальному доступі не може існувати точної карти бойових дій, а інформацію, як переможну так і не дуже, завжди краще сприймати зі скепсисом і чекати візуальних підтверджень чи повідомлення ГШ ЗСУ. Ну і звісно, довіряйте перевіреним джерелам.",,,
13316,"**📍**** Південно-східна околиця Бахмута, з дронів було знищено близько 9 кацапів

**Чутливим категоріям населення до перегляду не рекомендовано, так як під*рів не шкодували.

deepstatemap.live/#13.25/48.5773/38.0488

[Магазин](https://deepstateua.shop/)🛑[Блог](https://deepstateua.com/)🛑[Мапа](https://deepstatemap.live/)🛑[Написати нам](http://t.me/newsDeepStatebot)🛑[Звіти](https://help.deepstateua.com/)🛑[ЗСУHelp](https://t.me/help_deepstateua)",,,
13317,"📍** Ворожа артилерія кучно накрила Бахмутське, це додаткове підтвердження, що ворог не зайшов в село, хоч і має плацдарм у вигляді Кнауфа, де безпечно себе почуває

**Не пізніше, ніж 31 липня кацапи захопили Покровське і відразу почалися спроби штурму Бахмутського. Тобто, щонайменше за 82 дня активних бойових дій ворогу не вдалося досягнути успіху.

deepstatemap.live/#13.25/48.6585/38.0958

[Магазин](https://deepstateua.shop/)🛑[Блог](https://deepstateua.com/)🛑[Мапа](https://deepstatemap.live/)🛑[Написати нам](http://t.me/newsDeepStatebot)🛑[Звіти](https://help.deepstateua.com/)🛑[ЗСУHelp](https://t.me/help_deepstateua)",,,
13318,"🧐**У лютому відео з полоненим бурятом на ймення натан касаткін облетіло увесь інтернет

**🔄Згодом, він був обміняний, чим подарував свободу комусь із українців. 

🤷🏼‍♀️Проте, життя натана нічому не навчило і він приїхав в Україну ще раз. А тепер група випускників його навчального закладу публікує скорботне відео по натану, який 18.10.2022 відправився до Кобзона...

[Магазин](https://deepstateua.shop/)▫️[Блог](https://deepstateua.com/)▫️[Мапа](https://deepstatemap.live/)▫️[Написати нам▫️](http://t.me/newsDeepStatebot)[Звіти](https://help.deepstateua.com/)▫️[ЗСУHelp](https://t.me/help_deepstateua)",,,
13319,"**📍****Друзі, починаємо наш п'ятничний географічний квест о 20:00

Заходимо і реєструємося - ****https://www.geoguessr.com/join/YTEC****

**👨‍👩‍👧‍👦Перші три місця зможуть стати учасниками нашого OSINT-діалогу, але звісно після верифікації. Переможцям писати в наш бот @newsdeepstatebot (не забудьте скрін місця)",,,
13320,"**🇷🇺****Один із кацапів, який зробив єдиний правильний вибір, зізнається, що при здачі в полон орієнтувався на нашу мапу

**Ми зараз ведемо консультації з приводу відновлення доступу до мапи для кацапських ІР, так як обмеження можна обійти при наявності деяких знань, а загалом це може допомогти більшій кількості здатися в полон. Більше полонених = менше наших втрат.

📹[Повне відео.

](https://www.youtube.com/watch?v=a4aXIFxRAKE)[Магазин](https://deepstateua.shop/)▫️[Блог](https://deepstateua.com/)▫️[Мапа](https://deepstatemap.live/)▫️[Написати нам▫️](http://t.me/newsDeepStatebot)[Звіти](https://help.deepstateua.com/)▫️[ЗСУHelp](https://t.me/help_deepstateua)",,,
13321,"🔄**Ситуація на фронтах станом на 20 жовтня

****⏩****На кордоні з біломосковією **[-](https://deepstatemap.live/) бригадний генерал Громов [заявив ](https://www.facebook.com/GeneralStaff.ua/posts/pfbid02FCb2d6k6aUjcWHwMEbbpCmvgqkXnANQXEAU3WAKCLGrNy3V87bfBYUr7jx4Rg7CXl)про зростання ймовірності відновлення бойових дій з боку біломосковії. Мешканцям прикордонних сіл варто задуматися про тимчасову зміну місця проживання.

**⏩****На** **Сватівському** напрямку - тривають активні бойові дії. Ворог знаходиться вже ближче до Тернів. Продовжуються спроби ворога повернути контроль над Спірним та Білогорівкою.

**⏩****Бахмутський **відтинок - складна ситуація продовжує зберігатися. Схоже, що Одрадівку дійсно втрачено.

**⏩****Авдіївський** відтинок - без змін.
 
**⏩****Запорізький **відтинок - без змін. 

**⏩****Херсонський** відтинок - без змін, проведено незначні уточнення.

🔄 Радимо як мінімум забезпечити себе свічками та повербанком на випадок тривалої відсутності світла, так як ціль ворога на найближчий час це деморалізація шляхом негативного впливу на критичну інфраструктуру. Але враховуйте характеристики (Quick Charge, >=10000mah) і ціни щоб не створювати виторг тим, хто наживається.

🔄Оновлення мапи буде за 20-40 хвилин.

[🖍](https://deepstatemap.live/#6/49.438/32.053)У випадку **неточностей на карті**, ви можете нам повідомити через бот @newsdeepstatebot. 

🛑Нагадуємо, що в загальному доступі не може існувати точної карти бойових дій, а інформацію, як переможну так і не дуже, завжди краще сприймати зі скепсисом і чекати візуальних підтверджень чи повідомлення ГШ ЗСУ. Ну і звісно, довіряйте перевіреним джерелам.",,,
13322,"🇸🇪**Новообраний прем'єр Швеції Ульф Крістерссон заявив, що готовий відвідати Анкару, щоб закликати Туреччину підтримати заявку Швеції та Фінляндії на вступ в НАТО.

**🇪🇺На саміті Європейського союзу Крістерссон сказав, що вже надіслав сигнал уряду Туреччини.  

🤷‍♂️У випадку, якщо уряди скандинавських країн виконають свої ""обіцянки"" Анкарі щодо екстрадиції учасників та прихильників ""Робітничої партії Курдистану"" (РПК) та Туреччина затвердить вступ цих країн у НАТО - серед членів альянсу, що не ратифікували документи про членство, **залишиться лише Угорщина.**",,,
13323,"**🎥ССО публікують цікаві кадри ведення вогню по московицьким окупантам очами бійців з передової

**[Магазин](https://deepstateua.shop/)▫️[Блог](https://deepstateua.com/)▫️[Мапа](https://deepstatemap.live/)▫️[Написати нам▫️](http://t.me/newsDeepStatebot)[Звіти](https://help.deepstateua.com/)▫️[ЗСУHelp](https://t.me/help_deepstateua)",,,
13324,"**🇬🇧Ліз Трасс подає у відставку

**Новообраний прем'єр-міністр Великобританії була на посаді всього 45 днів. Про причини цього рішення читайте в пості [вище.

](https://t.me/DeepStateUA/14449)🗳Наступні вибори відбудуться через тиждень, до цього часу Трасс продовжуватиме виконувати свої обов'язки.

__""I'm a fighter, not a quitter!"".__.. (с)",,,
13325,"😢**Тим часом у британському уряді знову криза..

**🤦‍♂️**Ліз Трасс** не зуміла провести успішну реформу економіки, а також був звільнений, власне, ініціатор реформ **Квазі Квартенг** у минулу п'ятницю. Тепер його місце займе **Джеремі Хант** - колишній міністр охорони здоров'я та закордонних справ. 

Щодо реформ - тепер вже екс-міністр 6 вересня оголосив про про намір переглянути податкову політику, щоб розпочати стагнацію економіки Великобританії та стримати рекордні темпи інфляції в країні , найбільшою причиною якої було зростання цін на енергоносії. Було заморожено рахунки за електроенергію, а також Квазі пообіцяв **скоротити податки на 45 мільярдів фунтів**, що ймовірно принесло б користь усім платникам податків - як фізичним особам, так і компаніям. В результаті очікувалось, що споживчі витрати збільшаться, а підприємства будуть інвестувати в економіку активніше. 

🫡Однак, сталось не так, як гадалось - фіскальний план Квартенга **призвів до зниження курсу валюти, підвищення іпотечних ставок та волатильності ринку** (__""на хлопський розум"" - на фоні  реформ вартість акцій почала ""розгойдуватись"" через те, що люди інтенсивно їх купували або продавали__), через що центральний банк Англії був змушений втрутитися в борговий ринок через ризик банкрутства пенсійних фондів. 

😐Серед торі - занепокоєння та побоювання про чергову зміну керівництва. 

Апогеєм стало вчорашнє засідання в британському парламенті. Депутати зібралися, щоб вирішити, чи забороняти суперечливу технологію фрекінгу для видобутку сланцевого газу. 

**🤯Засідання, приурочене забороні фрекінгу переросло в абсолютний хаос.** Відусюди лилась брудна лайка та несхвальні вигуки.

🤷‍♂️**Схоже, що прем'єрство Трасс приречене.** 

Згідно партійних правил, нового лідера не можна оскаржувати принаймні рік після вступу на посаду. Альтернативою є оголошення вотуму недовіри, проте таке рішення є ризикованим для торі, бо може привести лейбористів до влади. Або ж Трасс може покинути посаду сама.

**Ліз Трасс виступить зі спеціальною заявою за 15 хвилин.

♟Спостерігаємо за розвитком подій далі..**",,,
13326,"**💪****98-й батальйон ТрО Дніпро показав відбиті у кацапів позиції** **та взяті трофеї

**[Магазин](https://deepstateua.shop/)▫️[Блог](https://deepstateua.com/)▫️[Мапа](https://deepstatemap.live/)▫️[Написати нам▫️](http://t.me/newsDeepStatebot)[Звіти](https://help.deepstateua.com/)▫️[ЗСУHelp](https://t.me/help_deepstateua)",,,
13327,"🔄**Ситуація на фронтах станом на 19 жовтня

****⏩****На кордоні з біломосковією **[-](https://deepstatemap.live/) попередньо без змін.

**⏩****На** **Сватівському** напрямку - Терни та Торське залишаються гарячими точками на карті.

**⏩****Бахмутський **відтинок - складна ситуація продовжує зберігатися. Ворог щодня проводить атаки на гарнізон Соледару та пробує підійти до Курдюмівки.

**⏩****Авдіївський** відтинок - без змін.
 
**⏩****Запорізький **відтинок - без змін. 

**⏩****Херсонський** відтинок - без змін. Вчергове українців ""байтять"" масованим наступом на Херсон, після чого розповідають про героїчних чмобіків, що знищили мільярд ""солдат всу"". Дійсно, наші стабільно прощупують оборону ворога, але не так як це малює кацап. 

🔄Оновлення мапи буде вночі, наявні незначні зміни.

[🖍](https://deepstatemap.live/#6/49.438/32.053)У випадку **неточностей на карті**, ви можете нам повідомити через бот @newsdeepstatebot. 

🛑Нагадуємо, що в загальному доступі не може існувати точної карти бойових дій, а інформацію, як переможну так і не дуже, завжди краще сприймати зі скепсисом і чекати візуальних підтверджень чи повідомлення ГШ ЗСУ. Ну і звісно, довіряйте перевіреним джерелам.",,,
13328,"📍 **Цікаве відео на південно-західному боці від Дудчан.** За словам тих, хто поширює ці кадри, в артилерійській дуелі було знищено дві ворожі САУ

deepstatemap.live/#13/47.1795/33.7332

[Магазин](https://deepstateua.shop/)▫️[Блог](https://deepstateua.com/)▫️[Мапа](https://deepstatemap.live/)▫️[Написати нам▫️](http://t.me/newsDeepStatebot)[Звіти](https://help.deepstateua.com/)▫️[ЗСУHelp](https://t.me/help_deepstateua)",,,
13329,"**🔥****Сьогодні відбулася знакова подія для білорусів: зустріч з українськими парламентарями

**Українська сторона висловила повагу білорусам, які зі зброєю в руках борються за Україну, і заявила про бажання співпрацювати з полком Калиновського як законним представником білоруського народу.

🇧🇾**Проте біломосковська опозиція відреагувала вороже до таких новин**, в авангарді з 🍌сосом мотольком.

Останній висловив невдоволення такою подією, частина ""опозиціонерів"" назвала бійців полку Калиновського ""найманцями"", ""ноунеймами"", прирівняли командира полку до бульбафюрера та вилила інший бруд. 

🤝**Український народ з повагою ставиться до білорусів, що воюють за нас.** І це, мабуть, чи не єдині представники, кого можна поважати. Прикро за полк, бо навіть їх діаспора поділена на тих, хто за і проти. Якщо в результаті війни з існуванням біломосковії не буде покінчено, то ми повинні забезпечити достойне місце в суспільстві тим, хто був готовий віддати життя за Україну. 

В такі моменти згадуються знущання кацапів над тілом загиблого командира батальйону ""Волат"", в той час як опозиціонери шпрехали один одного в зад десь між Вільнюсом та Варшавою.

Що маємо...",,,
13330,"**🫡В тимчасово підконтрольному московії Білгороді ""коїться щось недобре""..

**Карма настигає московитів швидше, ніж здається.",,,
13331,"Нічого нового. Охуївша мусорська Труха знову викладає відео прильотів. І їм ніхто нічого, на жаль, не зробить.

Бо Труха — це не просто мережа обісцяних пабліків, а великий медіактив, який нікому не вигідно закривати. Набагато простіше давати їм бабки за джинсу. 

Отакі справи, друзі.

@privatnamemarnya",,,
13332,"🔥**Наші друзі ХХХ-го ЗР полку, яким ми всі допомагаємо надіслали нам ексклюзивні кадри своєї роботи. Хлопці дуже вдячні кожному, хто долучається допомогою задля ефективнішого захисту нашого неба

****⛳️****На** відео ви можете побачити збиття руснявого гелікоптера **КА-52** та збиття іранського мопеда **""Shahed-136""

🦾 Ми всі робимо корисну справу! І головне не зупинятися - знищимо всю русню😈

**💳**Наші реквізити**:

📌приват `5168755444374546` (Микула Р.) 
📌моно `5375411417067597` (Микула Р.)
📌PayPal: ua_monolit@ukr.net

`🇺🇦`Наближаємо н**ашу Україну до перемоги разом!**",,,
13333,"💌**Друзі, нагадуємо про наш **[магазин](https://deepstateua.shop/)** з фірмовим мерчем від команди DeepStateUA

👕Футболки
**☕️**Чашки
**👕**Худі

**😱Мега-крута колекція принтів. Скоріше переходьте за посиланням та обирайте мерч **DeepStateUA**😎

📌Посилання на сайт:➡️[Deepstateua.shop](https://deepstateua.shop/)",,,
13334,"🔄**Ситуація на фронтах станом на 18 жовтня

****⏩****На кордоні з біломосковією **[-](https://deepstatemap.live/) ворог продовжує свої навчання та закінчив перевірку своїх сил. Місцеві канали пишуть, що на Гомельщині буде перевірка сигналів повітряної тривоги. 

**⏩****На** **Сватівському** напрямку - Терни та Торське продовжують стояти проти навали ворожих атак.

**⏩****Бахмутський **відтинок - складна ситуація продовжує зберігатися. Ворога зафіксовано на пересічені Лумумби та траси Е-40.

**⏩****Авдіївський** відтинок - без змін.
 
**⏩****Запорізький **відтинок - без змін. 

**⏩****Херсонський** відтинок - без змін. Заяви спермоусова про евакуацію з Херсону не потрібно вважати за натяк на його здачу. Для них це політична і військова трагедія – втрата єдиного обласного центру, який вдалося захопити ""другій армії світу"".

🔄Оновлення мапи буде вночі.

🚀Згідно з [повідомленням видання Reuters](https://www.reuters.com/world/exclusive-iran-agrees-ship-missiles-more-drones-russia-defying-west-sources-2022-10-18/) країна-гній іран погодилася передати кацапам ракети класу ""земля-земля"" та додатково безпілотники. 

😐В результаті вчорашнього [удару](https://t.me/DeepStateUA/14416) по Києву загинула жінка, яка була другом сім'ї одного з модераторів чату. Приносимо співчуття. Всіх любителів ірану закликаємо довести свою любов, поїхавши жити в іран. 

✈️ Українські ЗМІ та блогери поширюють тезу, що ракетні удари це агонія кацапів, що не відповідає дійсності і дає марні надії. Ворог просто веде війну і підлаштовується під нові й не вигідні для нього реалії. Ворожі ЗМІ створюють ілюзію того, що люди без світла, газа та води і от-от самі підуть на мир, щоб хоч якось мотивувати своїх мобілізованих. Радимо прислухатися до застереження [Євгена Карася](https://t.me/KARAS_EVGEN/7040) й 19-22 жовтня бути пильними та тримати телефон зарядженим.

🇺🇦 Хлопцям із 65 дуже побило машину, треба людина, яка зможе допомогти в ремонті в Запоріжжі. Деталі в [публікації на ЗСУ Help.

](https://t.me/help_deepstateua/159)[🖍](https://deepstatemap.live/#6/49.438/32.053)У випадку **неточностей на карті**, ви можете нам повідомити через бот @newsdeepstatebot. 

🛑Нагадуємо, що в загальному доступі не може існувати точної карти бойових дій, а інформацію, як переможну так і не дуже, завжди краще сприймати зі скепсисом і чекати візуальних підтверджень чи повідомлення ГШ ЗСУ. Ну і звісно, довіряйте перевіреним джерелам.",,,
13335,"🇺🇦 **Група аеророзвідки ""Скала"" продемонструвала відбиття ворожої атаки, яку організували найманці ПВК ""вагнер"" на східній околиці Бахмута.** Відразу видно як вони ""не кидають своїх""

deepstatemap.live/#14.25/48.6118/38.0608",,,
13336,"**📢 Верховна рада визнала Чеченську Республіку Ічкерія — тимчасово окупованою московитами

**✅За відповідну постанову проголосували — 287 народних депутатів. 
❎Проти — 0

Також парламент засудив вчинені московитами злочини проти чеченського народу, назвавши їх геноцидом.",,,
13337,"✈️ **Атмосферне відео прольоту Мі-8 неймовірними пейзажами Святогірської Лаври**,** біля нещодавно звільненого міста

**🎧Музика:__ CCR - Run Through The Jungle
__✈️Джерело: __NMFTE__",,,
13338,"☢️**З'явилось ранкове відео знищеного Су-34 в Єйську**, **де продовжують розгрібати завали

**🇷🇺За офіційною інформацією МЧС московії: 13 осіб загинуло, 19 поранено.

[Магазин](https://deepstateua.shop/)▫️[Блог](https://deepstateua.com/)▫️[Мапа](https://deepstatemap.live/)▫️[Написати нам▫️](http://t.me/newsDeepStatebot)[Звіти](https://help.deepstateua.com/)▫️[ЗСУHelp](https://t.me/help_deepstateua)",,,
13339,"🌐 **Згідно рейтингу сайтів компанії SimilarWeb, за вересень сайт карти посів 11 місце в долі українського трафіку та 4 місце в самому рейтингу країни

**В Google Analytics за вересень по всьому світу у нас 95.6 млн візитів, а в даному сервісі 74.4 млн, що пов'язано з різною методологією підрахунку.

**Користувачі в розрізі міст:
**🇺🇦Київ - 1.3М
🇺🇦Львів - 570К
🇺🇦Харків - 290К
🇺🇦Дніпро - 288К
🇺🇦Миколаїв - 222К

**Користувачі в розрізі країн:
**🇺🇦Україна - 2.7М
🇩🇪Німеччина - 218К
🇵🇱Польща - 207К
🇺🇸США - 177К
🇬🇧СК - 103К

[Магазин](https://deepstateua.shop/)▫️[Блог](https://deepstateua.com/)▫️[Мапа](https://deepstatemap.live/)▫️[Написати нам▫️](http://t.me/newsDeepStatebot)[Звіти](https://help.deepstateua.com/)▫️[ЗСУHelp](https://t.me/help_deepstateua)",,,
13340,"🔄**Ситуація на фронтах станом на 17 жовтня

****⏩****На кордоні з біломосковією **[-](https://deepstatemap.live/) начальник департаменту міжнародної військової співпраці біломосковії [підтвердив](https://twitter.com/Revenka_Valery/status/1581971591931785216) перекидання в країну кацапів: 9000 особового складу, 170 танків, 200 ББМ та до 100 гармат та мінометів калібром понад 100 мм. Зафіксовано наявність розпізнавальних знаків на техніці та використання скотчу під час навчань. Не виключаємо, що кінцевим епізодом цього крохмального шапіто буде втягнення бойовиків біломосковії у війну, ми ж нагадаємо, що дана помилка на політичній карті є стороною конфлікту з 24 лютого.

**⏩****На** **Сватівському** напрямку - внесено уточнюючі правки в лінію зіткнення. На Терни та Торське продовжується тиск, наші шукають слабкі місця в обороні ворога також.

**⏩****Бахмутський **відтинок - складна ситуація продовжує зберігатися. Ворог закріпляється на трасі південніше Бахмута. Північніше Бахмута ворог поніс тяжкі втрати. Ситуація в Спірному невідома, сподіваємося на краще.

**⏩****Авдіївський** відтинок - прощупування в бік Авдіївки відбуваються щодня. Практично нема інформації по Первомайському, сподіваємося найближчим часом з'явиться.
 
**⏩****Запорізький **відтинок - без змін. 

**⏩****Херсонський** відтинок - деякі уточнення, загалом без змін. Ми ж попереджали чекати інформації.  

🔄Оновлення мапи вже відбулося.

🚀✈️ Найближчим часом іран може передати московії ще й ракети, що суттєво вплине на безпеку цивільного населення та об'єктів інфраструктури. Тому жителів міст закликаємо не ігнорувати сигнали тривоги. Схоже, що ворог робить ставку на виснаження саме цивільного населення і шляхом терору хоче змінити суспільні настрої, щоб підштовхнути нас сісти за стіл переговорів.

[🖍](https://deepstatemap.live/#6/49.438/32.053)У випадку **неточностей на карті**, ви можете нам повідомити через бот @newsdeepstatebot. 

🛑Нагадуємо, що в загальному доступі не може існувати точної карти бойових дій, а інформацію, як переможну так і не дуже, завжди краще сприймати зі скепсисом і чекати візуальних підтверджень чи повідомлення ГШ ЗСУ. Ну і звісно, довіряйте перевіреним джерелам.",,,
13341,"**🇺🇦**** МЗС України дало офіційну відповідь щодо участі гній-країни в постачанні дронів кацапським недолюдкам

**🚀 Сподіваємось, що це вплине на постачання ракет, але час покаже.",,,
13342,"**🎉Відбувся ще один, третій за останній місяць обмін полоненими

**🙋🏼‍♀️Це перший за всю війну обмін, коли звільнено суто жінок. 108 мам, доньок, сестер повернулося додому. 

📜По видах силових структур цифри виглядають наступним чином: **__35__** — ЗСУ, **__12__** — ТрО, **__32__** — ВМС, **__8__** — НГУ (**__2__** з 🌊), **__5__** — ДССТ, **__4__** — ДПСУ та **__12__** цивільних, серед яких є ув'язнені ще з 2019 року в ОРДЛО, за проукраїнську діяльність.

🧮Серед перерахованих - **__37__** жінок з «Азовсталі». Також, серед звільнених 11 мають офіцерські звання. Вік жінок від **__21__** до **__62__**.",,,
13343,"**☢️****В Єйську ~~дрон-камікадзе~~ літак влетів у дев'ятиповерхівку

**✈️МО московії повідомляє, що це був Су-34. Пілот, на жаль, катапультувався.",,,
13344,"**🫣Ніяк не можуть навчитись курити у відведеному місці**..

🤝За контент - щира подяка бійцям 30-ї✴ОМБр. 

До речі, це результат і вашої [допомоги](https://t.me/help_deepstateua/3) також🦾",,,
13345,"**✈️**** У результаті атаки загинув пенсіонер та сім'я, яка чекала за 3 місяці народження дитини

**🧺Попередній пост видалили, щоб ви не заспамлювали нас, хоча вже всі давно все опублікували. І ворог вже знає як точну адресу куди прилетіло, так і знає, який дрон збила поліція в районі моста. 

Нам прикро, що ви не читаєте про що йде мова в публікації і робите поспішні висновки. Відповідно як і публікації про Іран, країна є ворогом і з нею необхідно розривати дипломатичні відносини. Країна працює проти нас, і там так саме як і в московії чи в біломосковії, є люди, які не підтримують, але це не виправдовує **країни**.** Бо воюють країни, а не лідери**. **Воюють економіки і люди, а не ""погані лідери, що сваряться між собою"".

**😣Сім'я, що загинула, і тим паче ненароджена дитина, не брали безпосередньої участі у війні, але кожен поніс відповідальність за країну власним життям. Якщо комусь далекі незнайомі люди рідніше за своїх співгромадян, то нам за вас сумно.",,,
13346,"🔥**Доки одне терористичне утворення, закуповуючи дрони в іншого (привіт 🇮🇷), воює з цивільним населенням**,

🇺🇦Воїни 66 ОМБр смалять кацапів на Лиманському фронті:
__""Ховалися в хатах. Озброєним кодлом. Їх техніка була припаркована на людських городах.  Довелося розворушити кацапський мотлох. І з допомогою арти дали їм добряче в копчик. Щоб хутчіш виміталися з української землі""__, — коротко підсумовує один із учасників операції, йдеться в повідомленні бригади.

[Магазин](https://deepstateua.shop/)▫️[Блог](https://deepstateua.com/)▫️[Мапа](https://deepstatemap.live/)▫️[Написати нам▫️](http://t.me/newsDeepStatebot)[Звіти](https://help.deepstateua.com/)▫️[ЗСУHelp](https://t.me/help_deepstateua)",,,
13347,"**✈️**** Багата перська культура передає вітання історії Києва

**👮Варто відмітити патрульних, яким вдалося збити один дрон і той впав у місце, де вже років 20 заморожено будівництво.

🤕У ворожому інфополі, звісно, ейфорія, адже країна-гній, згідно видання **The Washington Post**, може передати ще й ракети московії, от тоді ми ще більше ""__посмакуємо перську історію__"".

🤥Для тих, хто вірить в казочки про поганого царя: в країні є провладне ополчення, яке складає** 14%** від всього населення** 80-мільйонної країни**. Тобто — це потенційні резервісти-ісламісти. А кількість тих, хто їм співчуває, зрозуміло, більша. 

😒Перед тим, коли думаєте як вас зустрічатимуть в ірані подумайте, чи доживете ви до того часу, коли у вас буде можливість туди вилетіти.",,,
13348,"**✈️**** Сьогодні було нанесено удар по Києву іранськими дронами

**Вже і в нас і в кацапів гуляє відео місць прильотів, і як не складно здогадатися прилетіло в районі одного з найбільш велелюдних місць столиці. За попередніми даними знищено одну цивільну будівлю. 

Вчора в коментарях були дискусії із ""захисниками ірану"" з приводу доцільності називання ірану чуркістаном. Захисники країни-гній розповідали, що в ірана велика і багата історія, і взагалі вони ж так ""няшно збили наш літак компанії МАУ і так няшно передають мопеди-вбивці кацапам"". 

Сьогодні прилетіло фактично у 200 метрів від офісу, де працює один з адмінів, а завтра, ми сподіваємося, прилетить і біля ""захисників"". І ви швидко перестанете захищати цих недолюдків.

Для кращого розуміння про чуркістан:
▶️Вони захищають Вірменію і вороже налаштовані до Азербайджану.
▶️Так само недолюблюють турків, між країнами існує певна гонка за регіональне лідерство.
▶️В Сирії турки та іранські чурки воюють за різні сторони конфлікту.
▶️Головним ворогом називають США та Ізраїль, якщо США в них кишка тонка, то Ізраїлю гадять через палестинських бойовиків.
▶️Між Іраном та Іраком є територіальні суперечки.",,,
13349,"**📍**** Кацапи завдали авіаційного (за їх словами) удару по Сумщині**. Удар нанесено на південь від Попівки, судячи з відео, на щастя ворог поцілив просто в поля

deepstatemap.live/#13.5/50.4860/35.4781

🇺🇦 Зведення сьогодні не буде, так як змін на фронті практично немає, хоча це не означає що ворог пішов відпочивати і не проводить наступальних дій. Є звісно новини пов'язані з чуркістаном (іран - країна гній) та біломосковією, але про них вже завтра.",,,
13350,"🇺🇦**НГУ взяла Смоленськ, правда на Донеччині

**[Магазин](https://deepstateua.shop/)▫️[Блог](https://deepstateua.com/)▫️[Мапа](https://deepstatemap.live/)▫️[Написати нам▫️](http://t.me/newsDeepStatebot)[Звіти](https://help.deepstateua.com/)▫️[ЗСУHelp](https://t.me/help_deepstateua)",,,
13351,🔥 В окупованому **Донецьку** внаслідок обстрілу серйозно пошкоджено міську адміністрацію та в деяких частинах будівлі виникла пожежа,,,
13352,"🔄**Ситуація на фронтах станом на 15 жовтня

****⏩****На кордоні з біломосковією -** прибули перші кацапські військовослужбовці. На світлині до посту трансгендерна версія лукашенка і її біологічний клон зустрічають хлібом і сіллю московитів, а на фоні 🍌сос мотолько підриває локомотиви. Вже вибачайте, серйозно про це шапіто не можемо.

**⏩****На** **Сватівському** напрямку - внесено уточнюючі правки в лінію зіткнення. Ворог продовжує активно тиснути на Терни, Зарічне та Торське.Схоже, їх будуть намагатися взяти будь-якою ціною

**⏩****Бахмутський **відтинок - дуже складна ситуація, але змін фронту за добу не зафіксовано. 

**⏩****Авдіївський** відтинок - проведено деякі уточнення біля Новоселівки Другої. Ворог щодня пробує знайти шпарину в обороні, але отримує по зубах. 
 
**⏩****Запорізький **відтинок - без змін. 

**⏩****Херсонський** відтинок - рекомендуємо чекати офіційної інформації. Помічаємо, що для росту популярності ворожі канали публікують новини про танкові прориви наших сил, які потім героїчно відбиваються голими барсами. 

🔄Оновлення мапи буде вночі🥱

[🖍](https://deepstatemap.live/#6/49.438/32.053)У випадку **неточностей на карті**, ви можете нам повідомити через бот @newsdeepstatebot. 

🛑Нагадуємо, що в загальному доступі не може існувати точної карти бойових дій, а інформацію, як переможну так і не дуже, завжди краще сприймати зі скепсисом і чекати візуальних підтверджень чи повідомлення ГШ ЗСУ. Ну і звісно, довіряйте перевіреним джерелам.",,,
13353,"🤦🏻‍♂️ **По Невському ситуація наступна: поки, що село переходить в сіру зону і з великою долею вірогідності перейде в червону

**Ні, його не відбив ворог. Але його й не визволяли, хоча мали в ті дні, коли кацапи тікали з Лиману. До казкових сіл Сергіївка та Гайдаївка додається і Невське. Знову ж таки, питання того, що іноді мелють голови ВЦА заради популярності на ефірах. 

З Луганщиною в нас наче пороблено...

deepstatemap.live/#13.5/49.1537/37.9712",,,
13354,"🔥**Ймовірно Ка-52 цього разу зустрівся не просто зі Стінгером, чи Іглою, а з повноцінним ЗРК

**✈️Відео публікує командування повітряних сил. Подія сталася 14 жовтня опівночі, завдяки бійцям одного із ЗРК підрозділів повітряного командування “Центр”, які працюють на півдні.

[Магазин](https://deepstateua.shop/)▫️[Блог](https://deepstateua.com/)▫️[Мапа](https://deepstatemap.live/)▫️[Написати нам▫️](http://t.me/newsDeepStatebot)[Звіти](https://help.deepstateua.com/)▫️[ЗСУHelp](https://t.me/help_deepstateua)",,,
13355,"📹**Наша команда DeepState продовжує випускати хронологію російсько-української війни 

🎥230-й день війни** вже на нашому **YouTube** каналі. Скоріше [переходьте](https://youtu.be/LxiV-1h-ry8) та дивіться.

**▶️****https**://youtu.be/LxiV-1h-ry8

✅Не забуваємо [про підписку](https://www.youtube.com/deepstateua).",,,
13356,"💌**Друзі, нагадуємо про наш **[магазин](https://deepstateua.shop/)** з фірмовим мерчем від команди DeepStateUA

**😱Ми додали нові мега-круті принти до Дня Захисників України, а також зустрічайте принт приурочений останнім подіям контрнаступу. Лиман-Ізюм-кавун - нові символи російсько-української війни, які сняться русні в страшних снах

👉🏻Скоріше переходьте за посиланням та обирайте мега-круті мерчі **DeepStateUA**😎

📌Посилання на сайт:➡️[Deepstateua.shop](https://deepstateua.shop/)",,,
13357,"🔄**Ситуація на фронтах станом на 14 жовтня

****⏩****На кордоні з біломосковією - **стало відомо про початок розгортання спільного московсько-біломосковського контингенту військ. На жаль, ця помилка на політичній карті світу продовжує створювати нам проблеми. Подібні дії вже давно можна трактувати як пасивну агресію до нас. 

**⏩****На** **Сватівському** напрямку - підрозділ ""Кракен"" зайшов у Кислівку та Котлярівку, проте ми будемо чекати підтверджень з того району. Так само як і по напрямку Крохмального, де вже наші засвітилися на відео. Ворог продовжує кошмарити Торське та Терни, значна концентрація військ ворога в тому районі ставить на меті заволодіти цими селами, щоб убезпечити позиції в Кремінній і створити додаткові проблеми оборонцям в районі Сіверська.

**⏩****Бахмутський **відтинок - дуже складна ситуація. Частковий успіх ворог має в Спірному, на околицях Соледара та Бахмутського. В Миколаївці Другій на териконі знаходяться ворожі позиції, відповідно село схоже втрачено. Трохи південніше ворога вдалося трохи відкинути. Сам же Бахмут продовжує страждати від артилерії. Виглядає, що кацапи поставили собі за ціль за будь-яку ціну захопити місто.

**⏩****Авдіївський** відтинок - уточнено ситуацію, а саме просування ворога в районі між Пісками і Опитним-Водяним.
 
**⏩****Запорізький **відтинок - без змін. 

**⏩****Херсонський** відтинок - без змін поки, чекаємо.

🔄Оновлення мапи буде вночі. 

[🖍](https://deepstatemap.live/#6/49.438/32.053)У випадку **неточностей на карті**, ви можете нам повідомити через бот @newsdeepstatebot. 
🛑Нагадуємо, що в загальному доступі не може існувати точної карти бойових дій, а інформацію, як переможну так і не дуже, завжди краще сприймати зі скепсисом і чекати візуальних підтверджень чи повідомлення ГШ ЗСУ. Ну і звісно, довіряйте перевіреним джерелам.",,,
13358,"**🔥**** А це вже відео роботи наших на східній околиці Соледару. Результат: 8 виродків відправилося в пекло до сталіна, а 1 поранений, на жаль, не здох

**deepstatemap.live/#14.75/48.6806/38.1207

📍 Ми нагадуємо, що в кінці до поста додаємо локацію, можна клікнути і глянути де це знаходиться прямо на мапі.",,,
13359,"🇷🇺 **Доволі неприємний епізод довелося нам проаналізувати - кацапи розбили наш ВОП з північно-східної сторони Спірного

**Атака почалася з артилерійської підготовки, яку наш ВОП витримав, але після цього під'їхав ворожий танк, який почав вести вогонь майже в притул. Частина отримала поранення, частина втекла. 

Після цього ворожа піхота на 2 бронемашинах заїхала у ВОП, бліндажі були дочищені, а ще два наших поранених бійця було застрелено одним конкретним кацапом. Третій був вже загиблим. Ще один схоже потрапив в полон.  

deepstatemap.live/#14/48.8119/38.2744",,,
13360,"[⚡️](https://i.ibb.co/Q64NLBK/photo-2022-10-14-21-05-11.jpg)**Друзі, команда DeepStateUA продовжує допомагати нашій армії на передовій робити смерть москалям**😈

📋Звітуємо про останні придбання волонтерської допомоги:

**📌Для бійців 93-ї ОМБр:
**🔹Рації моторола 4401е (3 шт.), 4800 (3шт.), 4400 ( 1шт.) + перетворювач - **251 425 грн;
**🔸Квадрокоптер Mavic 3 комбо - **103 000 грн;
**🔹Рації Моторола 4400 vhf (2 шт.) - **80 508 грн;
**🔸Зимова гума для протитанкістів - **14 331 грн;

📌Для бійців 53-ї ОМБр:
**🔸Тепловізор для бійців 53-ї ОМБ - **49 265 грн;
**🔹Дрон  DJI 2 Зум - **29 895 грн;

📌Для бійців 46-ї ОДШБр:
**🔸Шолом Fast - **15 075 грн;
**🔹Шолом ""Fast"" - ** 10 175 грн;
**🔸Спальник, термуха - **2 309 грн;

📌Для бійців 72-ї ОМБр:
**🔹Тактичне взуття (8шт.) - **29 108 грн;
**🔸Бензопила (2шт.) масло, ціпки запасні - **9 173 грн**;

**📌Для бійців 30-ї ОМБр:
**🔹Планшет, бензопила, 2 бенз.генератори для бійців 30-ї ОМБр - **41 483 грн**;
🔸Спальники (20 шт.) -** 17 625** **грн;

📌Для бійців ХХХ-го ЗР полку:
**🔹Генератор сигналів, цифровий осцилограф, лабораторний блок живлення, резистори, МГТФ кабель, перемикачі - **64 923 грн;
**🔸Мікроелектроніка - **10 069** грн;

🔹Квадрокоптер Mavic 3 комбо (2 шт.) для бійців 128-ї ОГШБ - **234 500 грн;
**🔸Термобілизна (200шт.) для бійців 93-ї ОМБр, бат. ""Карпатська Січ"", 46-ї ОМБр, 30-ї ОМБр, 72-ї ОМБр, 53-ї ОМБр, 5-го штурм. полку **- 118 567 грн;
**🔹Квадрокоптер Mavic 2 комбо (2 шт.) для підрозділу ""Дике поле"" - **103 363 грн;
**🔸 Тепловізор для бійців 80-ї ОДШБ - **75 000 грн;
**🔹Дощовики (234шт.) для бійців 93-ї ОМБр, бат. ""Карпатська Січ"", 46-ї ОМБр, 30-ї ОМБр, 72-ї ОМБр -** 74 806** **грн;
**🔸Квадрокоптер Autel для бійців НГУ - **70 190 грн;
**🔹Тепловізор для бійців 65-ї ОМБр - **50 116 грн;
🔸**Тепловізор для бійців 101-ї ОБрО - **49 747 грн**;
🔹Шолом ""Fast"" для бійця 79-ї бригади **- 14 050 грн;
**🔸Шолом ""Fast"" для бійця 241-ї БТрО** - 10 000 грн;
**🔹Антена, модем, роутер та світч, набір інструментів для бійців 133 БТрО - **7 360 грн;
**🔸Бушлати (5шт.) для бійців 40-ї ОАБр** - 4 523 грн;

**▫️Також дякуємо підписникам за надані камери GoPro для бійців 65-ї ОМБр

💰Зага**льна сума - 1 562 469 грн.

💪🏻**Дякуємо кожному, хто відгукнувся та є небайдужим в ці непрості для України часи. І ми знаємо, що ми точно переможемо, адже ми нація, яка в будь-яких труднощах стає одним цілим і долає перешкоди спільними зусиллями.

❗️**Друзі, **м**и продовжуємо збір коштів для наших бійців на фронті, які нищать русню. Долучайтеся⤵️

💳Наші р**еквізити:

📌приват `5168755444374546` (Микула Р.) 
📌моно `5375411417067597` (Микула Р.)
📌PayPal: ua_monolit@ukr.net

`🇺🇦`Наближаємо н**ашу Україну до перемоги разом!**",,,
13361,"**📍****Друзі, починаємо наш п'ятничний географічний квест о 20:00

Заходимо і реєструємося - ****https://www.geoguessr.com/join/EC3F****

**👨‍👩‍👧‍👦Перші три місця зможуть стати учасниками нашого OSINT-діалогу, але звісно після верифікації. Переможцям писати в наш бот @newsdeepstatebot (не забудьте скрін місця)",,,
13362,"**🇺🇦14 жовтня - День захисника України!

**💪🏻Цей день став вшануванням мужності та героїзму захисників Незалежності й територіальної цілісності України, військових традицій і звитяг Українського народу. День, коли потрібно сказати ""Дякую!"" нашим воякам, які захищають нас від російської орди.",,,
13363,"**🤦🏻‍♂️ Дохлі десантники з Костроми не означають звільнення українського села Костромка

**deepstatemap.live/#12.25/47.1679/33.1239

[Магазин](https://deepstateua.shop/)▫️[Блог](https://deepstateua.com/)▫️[Мапа](https://deepstatemap.live/)▫️[Написати нам▫️](http://t.me/newsDeepStatebot)[Звіти](https://help.deepstateua.com/)▫️[ЗСУHelp](https://t.me/help_deepstateua)",,,
13364,"**🇺🇦**** Хоч вони там собі і малюють, але всі кацапи які в Торському - мертві, чи можуть мертві контролювати населений пункт - можуть на словах пропагандистів

**Відео з села опублікував один з волонтерів, який займається евакуацією місцевих. 

deepstatemap.live/#13/49.0089/37.9706

[Магазин](https://deepstateua.shop/)▫️[Блог](https://deepstateua.com/)▫️[Мапа](https://deepstatemap.live/)▫️[Написати нам▫️](http://t.me/newsDeepStatebot)[Звіти](https://help.deepstateua.com/)▫️[ЗСУHelp](https://t.me/help_deepstateua)",,,
13365,"🇺🇦** Спецпідрозділ ""Кракен"" привітав з Днем Захисника України і уважні користувачі помітили згадку про звільнення Кислівки та Котлярівки.** 

🇺🇦 Тому чекаємо гарних нових, щоб перевести той район в синій колір, а спецпідрозділу та всім, хто боронить суверенітет нашої країни зі святом!

deepstatemap.live/#13/49.6262/37.8772

[Магазин](https://deepstateua.shop/)▫️[Блог](https://deepstateua.com/)▫️[Мапа](https://deepstatemap.live/)▫️[Написати нам▫️](http://t.me/newsDeepStatebot)[Звіти](https://help.deepstateua.com/)▫️[ЗСУHelp](https://t.me/help_deepstateua)",,,
13366,"📍** 6 жовтня кацапи почали заявляти про взяття Спірного**, при цьому все по класиці: ""вагнер молодець, яйця генералу полизані"". Сьогодні почали з'являтися свіжі відео і на них фігурує удар з танка по нашим позиціям східніше села. На жаль, на відео 2 наших захисника загинуло - така ціна відбиття атаки

deepstatemap.live/#12.75/48.8124/38.2505",,,
13367,"🔄**Ситуація на фронтах станом на 13 жовтня

****⏩****На кордоні з біломосковією **ситуація без змін[.](https://deepstatemap.live/#6/49.438/32.053) 

**⏩****На** **Сватівському** напрямку - у зв'язку з публічним поширенням певних відео стає більш очевидне просування на схід лінії фронту. Ворог не полишає спроб атакувати Терни та Торське. 

**⏩****Бахмутський **відтинок - кацап продовжує тиснути на Бахмут, Соледар, Бахмутське, Іванград та Одрадівку. Уточнено лінію фронту.

**⏩****Авдіївський** відтинок - ворог має успіхи у Первомайському та Водяному, але точний масштаб невідомо.
 
**⏩****Запорізький **відтинок - без змін. 

**⏩****Херсонський** відтинок - без змін поки, чекаєм.

🔄Оновлення мапи буде вночі, багато інформації підлягає перевірці. 

[🖍](https://deepstatemap.live/#6/49.438/32.053)У випадку **неточностей на карті**, ви можете нам повідомити через бот @newsdeepstatebot. 
🛑Нагадуємо, що в загальному доступі не може існувати точної карти бойових дій, а інформацію, як переможну так і не дуже, завжди краще сприймати зі скепсисом і чекати візуальних підтверджень чи повідомлення ГШ ЗСУ. Ну і звісно, довіряйте перевіреним джерелам.",,,
13368,"**🔥Унікальні кадри від бійців з Харківщини, які передають привіт русні😈**",,,
13369,**😎Скоро буде щось дуже цікаве**,,,
13370,"**🎉Можемо порадіти, адже за доволі короткий проміжок часу пройшов ще один обмін нікчемних ванюшек, на свободу наших воїнів

**Цього разу повернулося 20 осіб. Це бійці з **24-ї**🦁, **46-ї**⚔, **53-ї**🗡, **56-ї**⚔, **65-ї**🇺🇦, **92-ї**⚔ бригад, **503-г**о🇺🇦 батальйону морської піхоти, **808-го**🇺🇦 понтонно-мостового полку.

Серед звільнених: ЗСУ - 14 чоловік, ТрО - 4, ВМС та НГУ по одному. 

Вік звільнених від 19 до 49 років. Також є один офіцер.",,,
13371,"**🇺🇦****«Чай по бахмутськи»**

Відео, що передає фронтову атмосферу там, де ворог постійно тисне всім чим може, але його стримують сталеві люди. Саме ж мальовниче місто, як ми вже писали, поступово перетворюється в Сталінград.",,,
13372,"🔄**Ситуація на фронтах станом на 12 жовтня

****⏩****На кордоні з біломосковією **ситуація без змін[.](https://deepstatemap.live/#6/49.438/32.053) 

**⏩****На** **Сватівському** напрямку - частина кацапських джерел повідомляють, що наші відбили Торське та Терни, хоча всі оці захоплення і втрати відбувалися лише в їх фантазіях. В нас виникли питання по одному із ""гайдаївських"" сіл і зараз ситуація на уточнені. На Луганщині кацапи продовжують вибудовувати цілий укріпрайон. 

**⏩****Бахмутський **відтинок - тривають інтенсивні бої, хоч ворог і малює Спірне своїм, але ЗСУ іншої думки. На ділянці продовжується концентрація значної, поки що, ще живої сили ворога. Нинішня щільність військ близька до тієї, що була в Попасній в квітні-травні. Звісно, в нас є переживання за Бахмут і ми розуміємо приблизно якою ціною утримується фронт, проте не варто думати, що хтось розумніший за ГШ, і що ГШ не розуміє, що відбувається на найважчій ділянці фронту.

**⏩****Авдіївський** відтинок - без змін. За попередніми даними ворог в Мар'їнці та у Великої Новосілки успіхів не досяг.
 
**⏩****Запорізький **відтинок - без змін. 

**⏩****Херсонський** відтинок - без змін, чекаємо офіційної інформації. 

🔄Оновлення мапи протягом 40 хвилин, значних змін не буде.

[🖍](https://deepstatemap.live/#6/49.438/32.053)У випадку **неточностей на карті**, ви можете нам повідомити через бот @newsdeepstatebot. 
🛑Нагадуємо, що в загальному доступі не може існувати точної карти бойових дій, а інформацію, як переможну так і не дуже, завжди краще сприймати зі скепсисом і чекати візуальних підтверджень чи повідомлення ГШ ЗСУ. Ну і звісно, довіряйте перевіреним джерелам.",,,
13373,"📍 **Тут навіть вже ""ріа-новасті"" псують можливість кацапам полизати генералу, який ""захопив"" Торське та Терни, а по факту захопив лиши літруху горілки на п'ятничну п'янку східніше Кремінної

**🇷🇺 Хоча дійсно ворог намагається розвідкою боєм закріпитися поближче. Також, б'є артилерією, що власне і показали ""ріа новасті"".

🔄 Перемальовуйте назад з червоного, шановні аналітики. А кацапи з кращою фантазією вже розповідають, що ми ці села відбили.

deepstatemap.live/#13/49.0376/37.9866",,,
13374,"**🇺🇦**** З'явилася світлина з Червоного, що на пн-зх від Дудчан. Село було звільнено раніше, але візуальний пруф тільки зараз з'явився в мережі

**deepstatemap.live/#11.75/47.3134/33.6250

[Магазин](https://deepstateua.shop/)▫️[Блог](https://deepstateua.com/)▫️[Мапа](https://deepstatemap.live/)▫️[Написати нам▫️](http://t.me/newsDeepStatebot)[Звіти](https://help.deepstateua.com/)▫️[ЗСУHelp](https://t.me/help_deepstateua)",,,
13375,"**📍**** ""Повернись живим"" продемонструвало відео знищення двох кацапських ""Мста-С"" в районі Піщаного, що на північ від Кремінної

**deepstatemap.live/#12.75/49.1242/38.1877

[Магазин](https://deepstateua.shop/)▫️[Блог](https://deepstateua.com/)▫️[Мапа](https://deepstatemap.live/)▫️[Написати нам▫️](http://t.me/newsDeepStatebot)[Звіти](https://help.deepstateua.com/)▫️[ЗСУHelp](https://t.me/help_deepstateua)",,,
13376,"**📍**** На південь від асфальтного заводу вогом з дрона поцілили в позицію, в якій сидів ****🇷🇺****кацап-музикант**. Своє він вже відіграв

deepstatemap.live/#13.75/48.5715/38.0791

[Магазин](https://deepstateua.shop/)▫️[Блог](https://deepstateua.com/)▫️[Мапа](https://deepstatemap.live/)▫️[Написати нам▫️](http://t.me/newsDeepStatebot)[Звіти](https://help.deepstateua.com/)▫️[ЗСУHelp](https://t.me/help_deepstateua)",,,
13377,"🖼**""Картіна маслом"" по-українськи

**🤷‍♂️Один трофейний Т-62М тягне інший.

[Магазин](https://deepstateua.shop/)▫️[Блог](https://deepstateua.com/)▫️[Мапа](https://deepstatemap.live/)▫️[Написати нам▫️](http://t.me/newsDeepStatebot)[Звіти](https://help.deepstateua.com/)▫️[ЗСУHelp](https://t.me/help_deepstateua)",,,
13378,"🔄**Ситуація на фронтах станом на 11 жовтня

****⏩****На кордоні з біломосковією **ситуація без змін[.](https://deepstatemap.live/#6/49.438/32.053) 

**⏩****На** **Сватівському** напрямку - заяви ворога про зайняття Зарічного, Торського та Тернів не підтвердилися. Ворог місцями пробує контратакувати і готує лінію оборони.

**⏩****Бахмутський **відтинок - ворог просунувся до асфальтного заводу, є також відео з робою наших військ, але схоже, що воно було записано раніше. Якщо хтось має достовірну інформацію, то виправте. Також кацапи заявили про взяття Іванград та полонених в ньому, єдине що турбує - відео з нібито нашими полоненими викликає сумніви у достовірності. Тому ситуація з Іванград під питанням, але й не виключається його втрата.

**⏩****Авдіївський** відтинок - без змін, знову пробують в посадки в бік Авдіївки зайти, привезли воєнкора, щоб він показав ""успіхи"".
 
**⏩****Запорізький **відтинок - без змін. 

**⏩****Херсонський** відтинок - ситуація складна, тут дійсно нам протистоїть добре організована оборона. ОК ""Південь"" дав тизер на просування наших і дійсно на одній ділянці є успіх, але поки без конкретики. Як закріпляться і все буде добре, то ви дізнаєтесь деталі.

☢️ Хочемо звернути вашу увагу на кацапські джерела, нам доводиться їх аналізувати: як хороші для нас, так і погані. Але їх хороші (для нас) новини частіше тиражуються. Крім того, що ворожі художники малюють прориви фронту до Херсона і потім самі їх ""відбивають"", або хочуть полизати яйця якомусь генералу і малюють успішні атаки під його керівництвом.

📍 Сподіваюся всі звернули увагу, що після наших уточнень на Херсонщині дехто теж підмалював. Тому той, хто уважний - той озброєний.

🔄Оновлення мапи протягом 60 хвилин.

[🖍](https://deepstatemap.live/#6/49.438/32.053)У випадку **неточностей на карті**, ви можете нам повідомити через бот @newsdeepstatebot. 
🛑Нагадуємо, що в загальному доступі не може існувати точної карти бойових дій, а інформацію, як переможну так і не дуже, завжди краще сприймати зі скепсисом і чекати візуальних підтверджень чи повідомлення ГШ ЗСУ. Ну і звісно, довіряйте перевіреним джерелам.",,,
13379,"**📍**** З приводу брехні кацапських помийок про взяття невідомим генералом ледве не особисто Тернів, Зарічного і Торського: є відео як в ці дні туди їздили наші і проводили евакуацію бажаючих

**➡️Лінк на локацію додаємо, щоб не дай Бог знову канали-мільйонники не визволили Торське під Краматорськом.

deepstatemap.live/#12.5/49.0140/37.9804",,,
13380,"**📍**** На кадрах ударів нашими силами по позиціям кацапських недолюдків потрапив асфальтний завод на схід від Бахмута

**🇷🇺Ситуація дуже складна, ворог продовжує тиск на місто та околиці, не рахуючись ні з якими втратами. Бахмут вже не придатний до існування, тому сенсу відходити з нього нема. Колись мальовниче місто перетворюється в Сталінград.

Оборону по всій лінії тримають досвідчені бригади, тому класти людей за кожне село там сенсу немає. Заоскілля гарний приклад ефективності нашої тактики, коли ми вимотували ворога, він втрачав багато, а правильно спланувавши операцію, це все вдалося повернути за доволі короткі терміни. 

Ця війна все більше нагадує похід царя персів Дарія на Скіфію, коли завдяки глибині територій та вимотуванню сил, вдалося перемогти значно технологічнішу армію. Хоча, проти нас стоять бабуїни, які в основному на папері технологічні, а на ділі пародія на армію російської імперії.

🌐 deepstatemap.live/#12.5/48.6103/38.0749",,,
13381,"**🎉Сьогодні відбувся ще один обмін нікчемних ванюшек на свободу наших героїв** 

🇺🇦З московських кайданів звільнено тридцять два військовослужбовці. Вдома воїни з 24-ї🦁, 58-ї✌, 72-ї💀 механізованих бригад. Артилеристи з 26-ї💣. Морські піхотинці з 36-ї⛵. Гірські штурмовики з 10-ї🇺🇦 бригади та 109-го🇺🇦 батальйону.

✖Наймолодшому бійцю 22, тоді як найстаршому 51 рік. Серед звільнених є троє офіцерів.

🇮🇱Також в Україну передали тіло загиблого ізраїльтянина Дмитра Фіалки, який два роки жив у Львові, працював футбольним тренером, став батьком, а потім пішов на фронт добровольцем.

❤️Україна цінує кожного свого героя, що в силу обставин опинився в полоні. І Україна бореться за звільнення всіх наших бранців з лап Кремля.",,,
13382,"«Надихаючий успіх» - у Пентагоні відреагували на звільнення Лиману

1 жовтня українська влада офіційно оголосила про те, що підрозділи ЗСУ підняли державний прапор над містом Лиман Донецької області. Глава Пентагону Ллойд Остін привітав зусилля українських воїнів і зазначив, що повернення Лимана стане для України подвійним здобутком через те, що росіяни використовували населений пункт і трасу поблизу нього для перекидання живої сили і техніки на Донеччину, Луганщину та інші операційні напрямки.

«Безумовно, це значний успіх. Нас дуже надихає те, що ми бачимо зараз. Без цих маршрутів росіянам буде складніше. Перед ними постає своєрідна дилема, що робити далі», - заявив Остін.

👉Більше новин у телеграм каналі t.me/UkraineNow - Головне верифіковане інформаційне джерело про події в Україні

#реклама",,,
13383,"❤[️](https://deepstateua.com/) **350 000 - дякуємо всім і кожному

**Коротко розповімо про нас:

👉🏻Канал ґрунтовної аналітики. Влучно та змістовно про події в Україні та світі. 

👉🏻Ведемо також акаунти у [twitter](https://twitter.com/Deepstate_UA) та [youtube](https://www.youtube.com/c/DeepStateUA) - **радимо на нас підписатися.

**👉🏻В нас коментарі та чат до них, там** діють певні правила**, які забороняють ""руській мір"", рекламу, образи, політичний розбрат на час війни. 

👉🏻В серпні **ми запустили блог** і це поки єдина можливість співпраці з нами - deepstateua.com. Люди, які багато знають і хочуть цим ділитися, можуть працювати з нашою аудиторією саме через блог.

👉🏻Ми створили окремий **канал для волонтерства** - @help_deepstateua. Крім того, є **сайт зі звітами** та трекінгом всіх вхідних транзакцій - help.deepstateua.com. Ми допомагаємо ППО та хлопцям на нулі. 

👉🏻В нас є [патреон](https://www.patreon.com/DeepStateUA) і [вейфорпей](https://secure.wayforpay.com/donate/deepstatemap) для **підтримки нашої діяльності**.

👉🏻Також є [магазин](https://deepstateua.shop/) з фірмовим мерчем.

👉🏻В нас є [полковник Лассард](https://t.me/newsDeepStatebot) для комунікації з нами, але він не любить спам. В нас є [сержант Гайтавер](https://t.me/DeepStatePoliceBot) для оскарження банів. А також [сержант Магоні](https://t.me/MahoneyDSBot), який карає порушників в коментарях.

👉🏻Ми плануємо розвивати й надалі наше ком'юніті. 

**👌🏻Ми раді, що ви у нас є і разом наш ККД для України тільки зростатиме.**",,,
13384,"📍 **З приводу деяких заяв про Лисичанськ і Привілля, які гуляли останні днів 10, то відразу за кар'єром біля Білогірівки стоять позиції ворожих птуристів, аеророзвідників та щонайменше 1 танк

**deepstatemap.live/#15.25/48.9475/38.2831

[Магазин](https://deepstateua.shop/)▫️[Блог](https://deepstateua.com/)▫️[Мапа](https://deepstatemap.live/)▫️[Написати нам▫️](http://t.me/newsDeepStatebot)[Звіти](https://help.deepstateua.com/)▫️[ЗСУHelp](https://t.me/help_deepstateua)",,,
13385,"🔄**Ситуація на фронтах станом на 10 жовтня

****⏩****На кордоні з біломосковією **ситуація без змін[.](https://deepstatemap.live/#6/49.438/32.053) Самопроголошений бульбафюрер запланував розміщення спільного угрупування військ у себе. У перспективі це може перерости у спроби піхотою і мотопіхотою зайти на нашу територію для відволікання від сходу та півдня. Польща рекомендувала своїм громадянам покинути тимчасові межі біломосковії.

**⏩****На** **Сватівському** напрямку - уточнено ситуацію з сірою зоною. Ворог заявив, що захопив Терни та Торське, але підтверджень тому ніде немає.

**⏩****Бахмутський **відтинок - тривають бої, по всій довжині. Ворог продовжує тиснути на Соледар та Бахмут. Атакує наші позиції на південь від Спірного. Дещо перебільшено було просування кацапів в бік Курдюмівки.

**⏩****Авдіївський** відтинок - без змін, але надходять суперечливі дані з Мар'їнки, якщо хтось поруч, то потрібно більше деталей про ворожий фронт.
 
**⏩****Запорізький **відтинок - без змін. 

**⏩****Херсонський** відтинок - без змін.

▶️Нагадуємо про шкідливість поширення новин, якщо хтось ловить репости на заявах, що на півдні звільнили три села, але не вказує які, то це просто хайп, так як якісь три села рано чи пізно звільнять. Ловіть інсайд - ЗСУ звільнило одне село, протягом 20 днів я скажу яке. Те саме стосується несмішних анекдотів про зайняття великих міст і що там щось видніється. Не споживайте такого. 

☢️Сьогодні був важкий день. Але після такого ми маємо бути згуртованішими, сильнішими і мати більше ненависті до ворога. Лише у казках добро перемагає зло. В цій війні ворог має відчувати більше зла до себе, ніж ми від нього. Це війна за виживання і в оцінці ворога треба розуміти його мотиви та відчуття, щоб не впадати в самообман.

🔄Оновлення мапи протягом 30-40 хвилин.

[🖍](https://deepstatemap.live/#6/49.438/32.053)У випадку **неточностей на карті**, ви можете нам повідомити через бот @newsdeepstatebot. 
🛑Нагадуємо, що в загальному доступі не може існувати точної карти бойових дій, а інформацію, як переможну так і не дуже, завжди краще сприймати зі скепсисом і чекати візуальних підтверджень чи повідомлення ГШ ЗСУ. Ну і звісно, довіряйте перевіреним джерелам.",,,
13386,"**🛠 Зусиллями підписників підсилюємо українське ППО, а саме життєздатність та боєздатність Буків. Додаткове обладнання надійшло в частину по ремонту

**Нагадуємо про наш волонтерський канал, де ви можете бути корисним фронту: @help_deepstateua.",,,
13387,10.10.2022,,,
13388,"🇧🇾 **Як ми і казали, правда сплила від заступниці МО Ганни Маляр про застосування іранських БПЛА. На початку жовтня іранські мопеди були доставлені на територію біломосковії

**🍌👄Не хотіли ми до такого опускатися, але тепер офіційно антон мотолько - 🍌сос. 

Обличчя їх опозиції: заперечення вини країни в злочинах проти України, звинувачення Зеленського у бездіяльності під час мітингів у 2020 та страх показати обличчя на антилукашенківських заходах в Польщі.",,,
13389,"🇧🇾**З приводу заяв бульбафюрера, які всі бачили, про угрупування військ та чергові погрози про метри бульбаземлі:

**🛑**Біломосковія вже є учасником війни**, адже з її території йшли війська та наносилися/наносяться удари.
🛑Звісно, є певний розпач у багатьох через те, що **біломосковія** не **несе** таку **відповідальність** як московія і наші не наносять по ній удари. На жаль, в цьому є логіка: ризики столиці в замін відсутності повноцінної лінії зіткнення. Привіт всім, хто вважає, що лише іншим містам погано, а Києву добре.
🛑Наші готові до будь-яких дій з боку біломосковії і поява картопляників на карті була не просто так. 
🛑**Збільшення полку Каліновського до рівня дивізії **за рахунок агітації серед мігрантів в країнах ЄС і механізація з'єднання була б гарним рішенням, адже білоруси мають бути на чолі визволення своєї землі. Але так як тіхановська лише ходить по ресторанам, то надія лише на те, що цю ідею підхоплять наші військові кола.
🛑Якщо всі захисники біломосковитів праві й їх ""армія та народ"" проти лукашенка, то опору не буде, але ми в цьому дуже сумніваємося: мили сраки московитам в лікарнях, зможуть і стріляти в нас.

Загалом. Фронт з їблоруссю нам не потрібен, але якщо таке трапиться то ми готові оборонятись, але є хороше питання - що далі?",,,
13390,"Країна-терорист рф атакувала ракетами Україну. Зафіксовано численні вибухи в багатьох обласних центрах. Під масовими ракетними ударами опинився Київ. Атаковані об’єкти цивільної інфраструктури.

Повітряна тривога триває по всій країні. Є жертви серед людей та руйнування. 

Терористичні дії рф спрямовані проти мирного цивільного населення.

Ворог буде покараний за біль і смерть, які приніс на нашу землю!

Ми помстимося!✊",,,
13391,"🚀 **Кацапи продовжують свої злочинні дії, Кім заявив про виліт шахідів з їблорусі. І вже повідомляють про повторні вибухи в центрі Києва та на заході країни, перебувайте в укриттях - сьогодні складний день для всієї країни

**Коментарі на нові пости поки закриваємо.",,,
13392,"🚀 **Друзі, особливо ті, хто в містах, будьте в укриттях. Прилетіло по Дніпру, Києву, Житомиру і це ще мабуть не повний список**",,,
13393,"🔄**Ситуація на фронтах станом на 9 жовтня

****⏩****На кордоні з біломосковією **ситуація без змін[.

](https://deepstatemap.live/#6/49.438/32.053)**⏩****На** **Сватівському** напрямку - наші війська згідно з Гайдаєм звільнили: Новолюбівку, Невське, Греківку, Новоєгорівку, Андріївку, Стельмахівку та Надію.

**⏩****Бахмутський **відтинок - спроби ворога просунутися в Соледар вкотре провалилися. Москалі зайняли частину траси на південь від Миколаївки Другої, пробують зайняти Одрадівку, Опитне та Іванград. Атака на Курдюмівку була відбита пару днів тому.

**⏩****Авдіївський** відтинок - село Шевченко під кацапом, це уточнення, а не зміна фронту.
 
**⏩****Запорізький **відтинок - без змін. 

**⏩****Херсонський** напрямок - уточнено лінію фронту біля Безіменного. 

🔄Оновлення мапи протягом години.

[🖍](https://deepstatemap.live/#6/49.438/32.053)У випадку **неточностей на карті**, ви можете нам повідомити через бот @newsdeepstatebot. 

🛑Нагадуємо, що в загальному доступі не може існувати точної карти бойових дій, а інформацію, як переможну так і не дуже, завжди краще сприймати зі скепсисом і чекати візуальних підтверджень чи повідомлення ГШ ЗСУ. Ну і звісно, довіряйте перевіреним джерелам.",,,
13394,"🇺🇦** Ми також нагадуємо про наш волонтерський канал ""ЗСУ Help""

**Якщо ви хочете бути корисним, то варто підписатися. На тому каналі реклами нема і не буде, суто під запити бійців + ділимося цікавими цифрами.

З вашою допомогою ми прискорили виробництво буржуйок.

Зараз нам треба допомога:
➡️ Електрика в Запоріжжі, який гляне бійцям автівку.
➡️ Фахівця по противогазах.
➡️ Гравіювальника в Києві чи Ірпені.

⏩ **https://t.me/help_deepstateua**",,,
13395,"◻️**Безіменне не можемо вважати звільненим, хоч і надсилаєте відео як хтось приїхав звідти

**1. Кацапів було вибито ще в кінці серпня, одночасно із Сухим Ставком силами ХХ бригади, яка доклала нелюдських зусиль, якщо вони дозволять, то ми про них згадаємо в контексті цього села.
2. Ворог стоїть відразу за селом, фактично впритул. Контролю над селом немає, русня іноді залітає, але після цього відправляється в пекло до свого коханого сталіна.

deepstatemap.live/#13.75/47.1017/33.1206",,,
13396,"**🇺🇦**** Нова Кам'янка звільнена від московитів

**🔄 Мапа скоро оновиться. 

https://deepstatemap.live/#11.75/47.2328/33.5963

[Магазин](https://deepstateua.shop/)▫️[Блог](https://deepstateua.com/)▫️[Мапа](https://deepstatemap.live/)▫️[Написати нам▫️](http://t.me/newsDeepStatebot)[Звіти](https://help.deepstateua.com/)▫️[ЗСУHelp](https://t.me/help_deepstateua)",,,
13397,"🤙🏻**Всім привіт від адміна з Соледару

🔥**Хлопці, які там стоять - залізні люди! **93-тя бригада - це просто супермени! **Неймовірно важкий напрямок, який не затихає ні на хвилину. Русня лізе без перестану і треба віддати належне всім тим, хто утримує ці позиції. Герої!

🦾Не зупиняйтеся [допомагати](https://t.me/help_deepstateua/3) всіма силами нашим хлопцям. Саме завдяки вам, вони тримаються!",,,
13398,"😡**Кацапські унтерменші завдали удару по Запоріжжю. За попередніми даними загинуло 17 українців. Це число буде збільшуватися з процесом розбору завалів**

Буча, Ірпінь, Бородянка, Маріуполь, Рубіжне, Попасна, Суми, Чернігів, Харків, Часів Яр, Вінниця, Кременчук, Одеса, Миколаїв та інші випадки. Наші цивільні: в першу чергу літні люди, жінки та діти, продовжують також нести відповідальність життям і здоров'ям за цю війну. Переможе той у кого менше жалості.",,,
13399,"🔄**Ситуація на фронтах станом на 8 жовтня

****⏩****На кордоні з біломосковією **ситуація без змін[.

](https://deepstatemap.live/#6/49.438/32.053)**⏩****На** **Сватівському** напрямку - наші війська зайняли [Стельмахівку](https://t.me/DeepStateUA/14345). Західні осінтери по супутникам фіксують прибуття техніки в даний район. Наше просування продовжується, але не такими темпами. 

**⏩****Бахмутський **відтинок - ми втратили Зайцево, що ближче до Бахмута, московитські ПВК продовжують бути авангардом ворога в цій зоні. Москаль пробує атакувати Одрядівку та Курдюмівку, але ціною титанічних зусиль вдається утримувати ці н.п. Сьогодні Володимир Зеленський у вечірньому зведенні сказав, що зараз дуже важко на Бахмутській ділянці -  і це дійсно так. Також президент відмітив 93 ОМБр, яка вже більше двох місяців тримає північні околиці міста. По карті можна зрозуміти в чому їх подвиг і чому 93-й активно допомагаємо. Нам неприємно коли когось пучить в коментарях, що ми їм купуємо, окрім важливого, й енергетики, але русня вночі теж не спить.

🛑По Спірному: ворог заявив, що взяв село назад і навіть викотив ""арт"". Але підтверджень тому немає. Є лише відео їх атаки з півдня, яке подавляла наша артилерія. Відео опублікувало ПЖ, але з неправильною локацією події.

**⏩****Авдіївський** відтинок - продовжуються спроби ворога зайти в Первомайське, за попередніми даними поки успіх на довжині одного будинку.
 
**⏩****Запорізький **відтинок - без змін. 

**⏩****Херсонський** напрямок - Тернові Поди зайняті ворогом, на жаль, знову помиляємося через дизкомунікацію офіційних сторінок. Виникає питання по південній частині Дудчан, хоча з північної вже достатньо є фото. Ми очікували давно хороших новин по лінії Костромка-Іщенка-Садок, але ворог там укріпився. Зараз ми вперлися в ХерУР. Кацап готувався до оборони навіть у випадку серйозного прориву, який нещодавно відбувся.

🛑Дійсно є підстави вважати, що навіть інформаційне поле ворога поділено на два полюси (оці дискусії про ФСБ vs МО мають місце бути). Ми ж аналізуємо не тільки як наша карта співвідноситься з їхніми, а й наші дані, які ми не публікуємо. Іноді здається, що їх помийки самі малюють нам перемоги, а потім самі собі відбивають, але схоже що замисел більш глобальний і пробують хитати військове керівництво. 

🔄Оновлення мапи протягом 30 хвилин.

[🖍](https://deepstatemap.live/#6/49.438/32.053)У випадку **неточностей на карті**, ви можете нам повідомити через бот @newsdeepstatebot. 

🛑Нагадуємо, що в загальному доступі не може існувати точної карти бойових дій, а інформацію, як переможну так і не дуже, завжди краще сприймати зі скепсисом і чекати візуальних підтверджень чи повідомлення ГШ ЗСУ. Ну і звісно, довіряйте перевіреним джерелам.",,,
13400,"**➕Стельмахівка під нашим контролем. Нам писали про неї, але от нарешті вже є підтвердження

**Село знаходиться на Луганщині, отже для Сергія та Гайдая буде більше роботи. А скоро буде ще більше.

deepstatemap.live/#12/49.4705/37.9039

[Магазин](https://deepstateua.shop/)▫️[Блог](https://deepstateua.com/)▫️[Мапа](https://deepstatemap.live/)▫️[Написати нам▫️](http://t.me/newsDeepStatebot)[Звіти](https://help.deepstateua.com/)▫️[ЗСУHelp](https://t.me/help_deepstateua)",,,
13401,"📍**Дехто заявляв, в тому числі московити, про покидання Снігурівки, але дана інформація, на жаль, не відповідає дійсності**. В місті дійсно не тихо і навіть нам писали з сусідніх сіл, що кацапи тікають з міста, проте судячи з всього воно досі під ворожим контролем. Хоча якщо подивитися на морду комісара міста, то віри у кацапську армію там не багато

deepstatemap.live/#12.5/47.0738/32.8119

[Магазин](https://deepstateua.shop/)▫️[Блог](https://deepstateua.com/)▫️[Мапа](https://deepstatemap.live/)▫️[Написати нам▫️](http://t.me/newsDeepStatebot)[Звіти](https://help.deepstateua.com/)▫️[ЗСУHelp](https://t.me/help_deepstateua)",,,
13402,"⛰**Тим часом, до загального свята 128 бригада демонструє залишки чергового збитого Ка-52 московитів

**[Магазин](https://deepstateua.shop/)▫️[Блог](https://deepstateua.com/)▫️[Мапа](https://deepstatemap.live/)▫️[Написати нам▫️](http://t.me/newsDeepStatebot)[Звіти](https://help.deepstateua.com/)▫️[ЗСУHelp](https://t.me/help_deepstateua)",,,
13403,"**💥 Пророцтво бавовни 2.0 відбулося, тепер настала черга для третього епізоду**, хоч і стіни кремля ще такі далекі

☕️ [Чашка
](https://deepstateua.shop/shop/cupbavovna-dva)👕 [Футболка
](https://deepstateua.shop/shop/bavovna-dva)👘 [Худі

](https://deepstateua.shop/shop/bavovna-dva-hudi)Інші ж принти доступні в нашому магазині мерча: deepstateua.shop",,,
13404,"**🔥😈Доброго ранку «По українськи»**. 

💥Сьогодні традиційна **ранкова бавовна** настигла досить довгоочікувану всіма українцями ціль. Фіксуємо безліч публікацій з пошкодженнями **керченського мосту**, на відео видно, що поїзд з цистернами палає, а також обвалилася одна смуга дороги. Продовжуємо слідкувати за ситуацією

Чекаємо купу відео про те, як москалям було ""па дамашнєму"" в Криму 😁",,,
13405,"📍**З приводу Первомайського**: ворог захопив крайню хату, хоча малює крапочки вже в центрі населеного пункту. Також карта ""альтернативно-обдарованих"" кацапів показує майже повне захоплення, що не відповідає дійсності

deepstatemap.live/#13.75/48.0661/37.6315

[Магазин](https://deepstateua.shop/)▫️[Блог](https://deepstateua.com/)▫️[Мапа](https://deepstatemap.live/)▫️[Написати нам▫️](http://t.me/newsDeepStatebot)[Звіти](https://help.deepstateua.com/)▫️[ЗСУHelp](https://t.me/help_deepstateua)",,,
13406,"🔄**Ситуація на фронтах станом на 7 жовтня

****⏩****На кордоні з біломосковією **ситуація без змін[.](https://deepstatemap.live/#6/49.438/32.053) Цікаво як деякі біломосковські канали моніторингу підняли тему іранських мопедів, правда рано чи пізно спливе. Підняли її нейтрально, при цьому заперечуючи його. 

🛑Адекватні опозиціонери вже заявляють, що полк Калиновського треба ""роздувати"" до дивізії - і це правильно. Доволі значна кількість білорусів повинна бути готовою, а ми дати те,чим можна повернути свою незалежність, поки Тіхановська відпочиває в ресторанах зі світовими лідерами. 

**⏩****На** **Сватівському** напрямку - Подоли звільнено давно, але нарешті з'явився пруф. Також, Макіївка🚰 (хоч і не та).Чекаємо надалі офіційних новин. 

**⏩****Бахмутський **відтинок - не всі дані ще опрацьовані. 

**⏩****Авдіївський** відтинок - москалі дійсно розпочали штурм Первомайського. Точна ситуація ще невідома.
 
**⏩****Запорізький **відтинок - без змін. 

**⏩****Херсонський** напрямок - Громов на брифінгу заявив про те, що ворог завдав обстрілів по Терновим подам. Любомирівка переходить в зелений колір, бо її було звільнено ще на початку вересня. 

🔄Оновлення буде протягом години.

▶️МИ НАГАДУЄМО, що між нами і московією та біломосковією не існує кордонів, лише лінія фронту. Не можна бути в безпеці в 10-20 км від лінії фронту. Це стосується і наших солдат.

[🖍](https://deepstatemap.live/#6/49.438/32.053)У випадку **неточностей на карті**, ви можете нам повідомити через бот @newsdeepstatebot. 

🛑Нагадуємо, що в загальному доступі не може існувати точної карти бойових дій, а інформацію, як переможну так і не дуже, завжди краще сприймати зі скепсисом і чекати візуальних підтверджень чи повідомлення ГШ ЗСУ. Ну й звісно, довіряйте перевіреним джерелам.",,,
13407,"__🇺🇦____""Лише протягом цього тижня наші воїни звільнили від російського псевдорефєрендума **776 квадратних кілометрів території на сході** нашої держави, та **29 населених пунктів, у тому числі 6 на Луганщині. **Усього, за час від початку цієї наступальної операції звільнено **2434 квадратні кілометри** нашої землі і **96 населених пунктів.** Я хочу сьогодні відзначити бійців 92 ОМБр, 80 ДШВ, і 25 ОПДБр за героїчні, абсолютно, зусилля для звільнення української землі. Хороші результати є і на півдні України... 

За ці **225 днів** вже **29 857 Українських воїнів відзначено державними нагородами, 178 воїнів удостоєні звання Героя України**__""__ __— Президент Зеленський

[Магазин](https://deepstateua.shop/)▫️[Блог](https://deepstateua.com/)▫️[Мапа](https://deepstatemap.live/)▫️[Написати нам▫️](http://t.me/newsDeepStatebot)[Звіти](https://help.deepstateua.com/)▫️[ЗСУHelp](https://t.me/help_deepstateua)",,,
13408,"**📍Друзі, починаємо наш п'ятничний географічний квест о 21:00

Заходимо і реєструємося - ****https://www.geoguessr.com/join/4R9E****

**🏆Перші два місця зможуть стати учасниками нашого OSINT-діалогу, але звісно після верифікації. Писати в наш бот @newsdeepstatebot (не забудьте скрін місця)",,,
13409,"**🔥Команда DeepStateUA спільно з проектом ""Карта бойових дій"" продовжує аналізувати найцікавіші події з фронту

**🧐Розібрали нові успіхи української армії на Херсонщині і Луганщині. ЗСУ прорвали оборону і звільнили декілька населених пунктів. На Луганщині вже навіть визначилися з головною ціллю на даному етапу контрнаступу. А окупанти тим часом за відсутності перемог не змогли вигадати нічого кращого, ніж фейкові переможні відео з фронту.

👉🏻**Скоріше переходьте за посиланням та дивіться**: https://youtu.be/ZrNIAnyuod8",,,
13410,"**➕****🇺🇦**** Подоли також звільнено від свинособачої орди

**😎Прийняли протокол з результатами ""референдуму"" від Костянтина Немічева, мапа буде оновлена протягом 30 хвилин.

https://deepstatemap.live/#11.75/49.6920/37.6808

[Магазин](https://deepstateua.shop/)▫️[Блог](https://deepstateua.com/)▫️[Мапа](https://deepstatemap.live/)▫️[Написати нам▫️](http://t.me/newsDeepStatebot)[Звіти](https://help.deepstateua.com/)▫️[ЗСУHelp](https://t.me/help_deepstateua)",,,
13411,"➕🇺🇦 **ЗСУ провели власний референдум і на Луганщині - за результатами підрахунків Макіївка повертається під контроль України 

**https://deepstatemap.live/#10.75/49.2407/38.0217

🔄Мапа буде оновлена протягом 10-30 хвилин.

[Магазин](https://deepstateua.shop/)▫️[Блог](https://deepstateua.com/)▫️[Мапа](https://deepstatemap.live/)▫️[Написати нам▫️](http://t.me/newsDeepStatebot)[Звіти](https://help.deepstateua.com/)▫️[ЗСУHelp](https://t.me/help_deepstateua)",,,
13412,"🔄**Ситуація на фронтах станом на 6 жовтня

****⏩****На кордоні з біломосковією **ситуація без змін[.

](https://deepstatemap.live/#6/49.438/32.053)**⏩****На** **Сватівському** напрямку - Борівський район звільнено. Загалом на напрямку змін більше не фіксуємо.

**⏩****Бахмутський **відтинок - частину Веселої Долини захоплено ворогом. 

**⏩****Авдіївський** відтинок - без змін.
 
**⏩****Запорізький **відтинок - без змін. 

**⏩****Херсонський** напрямок - актуалізовано фронт, поки що без змін, які можна показати.

🔄Оновлення мапи вночі не буде.

▶️Не реагуйте на карти, які малюють ідіоти, де наші війська в 1800 метрів від Херсонської об'їзної дороги і вже штурмують Козацьке. Це ті самі персонажі, що колись запустили брехню про просування в Давидовому Броді. Подібний хайп завищених очікувань прямо тут і зараз негативно впливає на подальшому настрої людей. ЗСУ працює і робить все що в їх силах, а іноді навіть більше. 

[🖍](https://deepstatemap.live/#6/49.438/32.053)У випадку **неточностей на карті**, ви можете нам повідомити через бот @newsdeepstatebot. 

🛑Нагадуємо, що в загальному доступі не може існувати точної карти бойових дій, а інформацію, як переможну так і не дуже, завжди краще сприймати зі скепсисом і чекати візуальних підтверджень чи повідомлення ГШ ЗСУ. Ну і звісно, довіряйте перевіреним джерелам.",,,
13413,"**📍****А ось і підтвердження по Трифонівці

**deepstatemap.live/#11/47.3042/33.3901

[Магазин](https://deepstateua.shop/)▫️[Блог](https://deepstateua.com/)▫️[Мапа](https://deepstatemap.live/)▫️[Написати нам▫️](http://t.me/newsDeepStatebot)[Звіти](https://help.deepstateua.com/)▫️[ЗСУHelp](https://t.me/help_deepstateua)",,,
13414,"**🔄**** Незначне оновлення в межах допустимого вже на карті**. Чекаємо протоколів по референдуму 🇺🇦

https://deepstatemap.live/",,,
13415,"**🇺🇦**** Надійшов протокол зборів референдуму в Дудчанах. Всі 100% за Україну

**Безмежну підтримку Україні даного села підтвердив комісар Херсона спермоусов, а також той факт, що туди вже поїхала гуманітарка і про це пишуть в соцмережах.

deepstatemap.live/#10/47.3570/33.5371",,,
13416,"🇺🇦 **Наш проект **[DeepStatemap](https://deepstatemap.live/) **набирає обертів, а разом з ним і з'являються нові меми

**😄Творчіть від нашого підписника “Mostovoy”. Ділимося з вами, друзі - дуже дякуємо, ми кайфонули😍

P.S Перша приватна мемарня, у вас з'явився конкурент👀",,,
13417,"🔄 **Мапу оновлено. **Прохання не звертати увагу на ""художників"", які малюють лише по словам ворожих пропагандистів, які на вечір 24 лютого Маріуполь під повний контроль ""брали"". Уважніше ставтесь до поширення і споживання інформації

Тихої ночі, чекаємо гарних новин.

🌐 https://deepstatemap.live/",,,
13418,"🔄**Ситуація на фронтах станом на 5 жовтня

****⏩****На кордоні з біломосковією **ситуація без змін[.

](https://deepstatemap.live/#6/49.438/32.053)**⏩****На** **Сватівському** напрямку - звільнено Греківку, Терни, Ямполівку. Ворог дійсно пробував атакувати з Кремінної, але спроба зазнала краху. Деякі аналітики публікують повідомлення, що ворог готується до контратаки зі Сватового - ми не можемо це знати, бо ворог нам не звітує, а ЗСУ і без аналітиків знають, що планує ворог.

**⏩****Бахмутський **відтинок - москаль в чергове пробував зайняти хоч щось в Соледарі, але дуже сильно отримав по зубах і повернувся ховатися в Кнауф. Достеменно відомо, що ворог не зайшов в східну частину Бахмута від слова взагалі, незважаючи на заяви своїх воєнкорів. Частину Зайцевого кацап зайняв, якщо не весь населений пункт. На даному напрямку дуже багато ворожої артилерії.

**⏩****Авдіївський** відтинок - без змін.
 
**⏩****Запорізький **відтинок - без змін. 

**⏩****Херсонський** напрямок - Зеленський підтвердив звільнення трьох населених пунктів: Нововоскресенське, Петропавлівка, Новогригорівка. Ворог продовжує відступ. Щоб якось інформаційно виправдатися, навіть відносно авторитетні джерела ворога, публікують начебто відео ударів по нашим колонам при наступі. Насправді це фото і відео за серпень і вересень, де були успішні і не дуже наші штурми. Навіть публікують світлини підбитої техніки з Грузії в 2008 році.

🔄Оновлення мапи протягом 20-40 хвилин. 

▶️Витримуємо максимально допустиму паузу і чекаємо новин. 

[🖍](https://deepstatemap.live/#6/49.438/32.053)У випадку **неточностей на карті**, ви можете нам повідомити через бот @newsdeepstatebot. 

🛑Нагадуємо, що в загальному доступі не може існувати точної карти бойових дій, а інформацію, як переможну так і не дуже, завжди краще сприймати зі скепсисом і чекати візуальних підтверджень чи повідомлення ГШ ЗСУ. Ну і звісно, довіряйте перевіреним джерелам.",,,
13419,"👀**Стосовно того, що несеться про ""договорняки"" та нібито відпущених московитів з котла в Лимані

**🎥Сьогодні фонд **""Повернись живим**"" опублікував відео, як артилерія **54 ОМБр** б'є навздогін московитам, що тікають колонами з міста. 

➕Це не перше таке відео розбитих колон ворога у звільненому 1 жовтня Лимані. І це вкотре демонструє, як ЗМІ та деякі інші публічні особи з вогневого мішка створили хибну картину про готовий котел на 5 тисяч кацапів, чим розчарували значну частину суспільства, коли завищені очікування не стались у житті. Читайте перевірені факти, тверезо дивіться на події та вірте в ЗСУ. Збройні сили хочуть перемоги не менше вашого і на жодні ""договорняки"" не йдуть.

**🔄UPD: Виявляється відео трохи не співпадає з описом. Фонд «Повернись Живим» теж може помилятися, як і ми.  Будемо уважніші і до таких відео. 

**🎦Але це не скасовує написаного про Лиман, адже в мережі достатньо відео, де наші Збройні Сили дають по заслугах рашистам, які відповідають за всі скоєні злочини! Русня буде знищена😈",,,
13420,"**__🇺🇦__****__ ""Лише за цю добу на Херсонщині від псевдореферендуму було звільнено й стабілізовано такі населені пункти, як Нововоскресенське, Новогригорівка та Петропавлівка""__**, - Зеленський

⏩ Офензива триває далі.

deepstatemap.live/#11.25/47.2284/33.4536",,,
13421,"🫠**Те відчуття, коли твою** [мапу використовує](https://twitter.com/oleksiireznikov/status/1577709011289477120) **сам Міністр оборони України

**😎#UAarmy’s autumn offensive, day by day. While the ""russian parliament"" is intoxicated from the futile attempts at annexation, our soldiers continue moving forward.
This is the best answer to any and all ""referenda"", ""decrees"", ""treaties"" and pathetic speeches.

**🫡 Дякуємо за довіру! Працюємо**!",,,
13422,"🎁**Отакі франкенштейни стали трофеями ЗСУ. 

**🤷‍♀️Мало того, що це Т-62М. Московити на них начепили свої мангали, які в теорії мали боротися з джевелінами та нівелювати їх ударну силу. Проте, з перших днів війни практика показала, що ця ідея повне безглуздя, хоч проти ВОГів може ефективно. 

🧐Але все ж, мабуть щоб буряту воювалося краще і він був  упевнений у своїй захищеності психологічно, мангали досі чіпляють.

[Магазин](https://deepstateua.shop/)▫️[Блог](https://deepstateua.com/)▫️[Мапа](https://deepstatemap.live/)▫️[Написати нам▫️](http://t.me/newsDeepStatebot)[Звіти](https://help.deepstateua.com/)▫️[ЗСУHelp](https://t.me/help_deepstateua)",,,
13423,"🔄 **Мапу оновлено згідно з наявною інформацією, **сподіваємося сьогодні буде ще ітерація, так як є що ще оновлювати, але давайте дамо ЗСУ добити ворога і закріпитись

https://deepstatemap.live/",,,
13424,"**❗️Увага!

🚫Наша команда не створювала та не має жодного додатку  ""DeepStateMap"" на Android / iOS

👉Закликаємо бути обережними у їх використанні! Також наш сайт не має жодних рекламних банерів сторонніх сервісів.

🫡**Про створення додатку (якщо таке відбудеться) ми повідомимо вам на нашому каналі.",,,
13425,"**➕95 ДШБр провела успішний референдум у Греківці, всі 100% за повернення в Україну. Протокол голосування відправлено в ЦВК на Банкову

**Подяка бійцям за їх роботу та фото для нас🤙

deepstatemap.live/#11.75/49.2524/37.8588",,,
13426,"**➕Карпатська Січ в Тернах, також вже не секрет, що Ямполівка наша

****🇺🇦** До речі, в КС від наших підписників поїхало 100 комплектів термухи, 50 дощовиків і ще готується партія буржуйок.

deepstatemap.live/#12.25/49.1086/37.9691

[Магазин](https://deepstateua.shop/)▫️[Блог](https://deepstateua.com/)▫️[Мапа](https://deepstatemap.live/)▫️[Написати нам▫️](http://t.me/newsDeepStatebot)[Звіти](https://help.deepstateua.com/)▫️[ЗСУHelp](https://t.me/help_deepstateua)",,,
13427,"🔄**Ситуація на фронтах станом на 4 жовтня

****⏩****На кордоні з біломосковією **ситуація без змін[.

](https://deepstatemap.live/#6/49.438/32.053)**⏩****На** **Сватівському** напрямку - звільнено Ольгівку, Богуславку, Борівську Андріївку, Глушківку. Зараз ще тяжко зрозуміти де ворог буде вибудовувати оборонну лінію.

**⏩****Бахмутський **відтинок - новини про зміни відсутні.

**⏩****Авдіївський** відтинок - ворог пробує атакувати Первомайське, результат невідомий. Уточнили ситуацію біля Великої Новосілки.
 
**⏩****Запорізький **відтинок - без змін. 

**⏩****Херсонський** напрямок - довгоочікуване звільнення Давидового Броду та багатьох сіл та селищ: Мала та Велика Олександрівка, Новодмитрівка, Старосілля, Новомиколаївка, Петропавлівка, Нововоскресенське, Біляївка, Українка та інші.  Схоже, у ворога є проблеми, адже третя лінія оборони швидше за все прорвана в декількох місцях. При цьому і наше, і вороже командування прекрасно розуміє, що зупинка і фіксація лінії фронту зараз принесе ще більші наші втрати в майбутньому. 

🔄Оновлення мапи протягом 10-30 хвилин. 

▶️Витримуємо максимально допустиму паузу і чекаємо новин. Віримо в ЗСУ і ніколи не вибачаємо за наших полеглих воїнів. 

[🖍](https://deepstatemap.live/#6/49.438/32.053)У випадку **неточностей на карті**, ви можете нам повідомити через бот @newsdeepstatebot. 

🛑Нагадуємо, що в загальному доступі не може існувати точної карти бойових дій, а інформацію, як переможну так і не дуже, завжди краще сприймати зі скепсисом і чекати візуальних підтверджень чи повідомлення ГШ ЗСУ. Ну і звісно, довіряйте перевіреним джерелам.",,,
13428,"**➕Ольгівка на Харківщині також перейшла під наш контроль**. Публікуємо з дозволу бійців

deepstatemap.live/#12.25/49.2568/37.7939",,,
13429,"**🍉Президент Зеленський підтвердив звільнення Біляївки та Українки

**deepstatemap.live/#12.25/47.3106/33.7171",,,
13430,"**🍉Петропавлівка на Херсонщині також проголосувала за повернення в склад України, 100% за

**deepstatemap.live/#12.25/47.3100/33.5751

[Магазин](https://deepstateua.shop/)▫️[Блог](https://deepstateua.com/)▫️[Мапа](https://deepstatemap.live/)▫️[Написати нам▫️](http://t.me/newsDeepStatebot)[Звіти](https://help.deepstateua.com/)▫️[ЗСУHelp](https://t.me/help_deepstateua)",,,
13431,"🗳**Результати референдуму у Великій Олександрівці

**✅Повернення в склад України - 100%

🖊Голова комісії: ЗСУ
🖊Члени комісії: бійці УДА
🖊Спостерігачі: DeepStateUA team",,,
13432,"⚔** Розвідвзвод 17 ОТБр зайшов у Новодмитрівку сьогодні вдень, ось так місцеві жителі зустрічали наших хлопців

😎**Дякуємо бійцям за ексклюзив для нашої команди.

deepstatemap.live/#11.25/47.3610/33.3162",,,
13433,"**🇺🇦****Триста тридцять три тисячі підписників на каналі! Дякуємо вам, друзі! Несемось⚡️

🇺🇦Не забуваємо донатити на ЗСУ

**💳**Наші реквізити**:

📌приват `5168755444374546` (Микула Р.) 
📌моно `5375411417067597` (Микула Р.)
📌PayPal: ua_monolit@ukr.net

[Магазин](https://deepstateua.shop/)▫️[Блог](https://deepstateua.com/)▫️[Мапа](https://deepstatemap.live/)▫️[Написати нам▫️](http://t.me/newsDeepStatebot)[Звіти](https://help.deepstateua.com/)▫️[ЗСУHelp](https://t.me/help_deepstateua)",,,
13434,"**🔄**** Мапу оновлено. Це звісно не останнє за сьогодні

**Останні тижні ми ще й зайняті покупками на фронт (яких стало значно більше)[,](https://deepstatemap.live/) те що ви купуєте поїхало/їде/поїде у бік Херсону, Лиману, Бахмута та Куп'янська. Закрили велику партію по дощовикам та термобілизні. 

Щоб бути в курсі наших волонтерських справ приєднуйтесь на канал ЗСУ help @help_deepstateua. Звіти та трекінг транзакцій доступний на нашому сайті help.deepstateua.com. Зараз через завантаження є затримка. 

🙏🏻Ми дякуємо всім, хто долучається. Хлопці дуже задоволені.",,,
13435,"🇬🇧**For our English-speaking readers we have reopened our once-abandoned English-language channel with translations of DeepState news

**https://t.me/DeepStateEN",,,
13436,"🍉🇺🇦 Ц**ей день настав: Давидів Брід знову під контролем Збройних Сил України.** За нього багато боїв було останній місяць. Село було просто переповнене москалями

deepstatemap.live/#13.75/47.2302/33.1969",,,
13437,"🍉Офензива йде по плану, паніки нема.** Сайт тримається, дякуємо всім, хто донатив у Патреон**",,,
13438,"**🍉Про Давидів Брід, який попив нашої крові, ми бачили. Чекайте! Ми реально не встигаємо ****😉****

ДБ**, як і Білогірка були міцними опорними пунктами кацапів.",,,
13439,"**🍉""Вєлікає атступлєніє"" армії московитів триває. Наші звільнили Старосілля

**deepstatemap.live/#12.75/47.3873/33.3814",,,
13440,"🔄** ""Друга армія світу"" якось занадто швидко відступає, що навіть ми не встигаємо малювати. Тим часом мапу оновлено, але це звісно не всі зміни за сьогодні

**[deepstatemap.live](https://deepstatemap.live/)",,,
13441,"**➕Богуславка звільнена також

**deepstatemap.live/#11.5/49.4530/37.6969",,,
13442,"**➕Борівська Андріївка дійсно звільнена нашими військовими

**deepstatemap.live/#11.5/49.4233/37.6396

[Магазин](https://deepstateua.shop/)▫️[Блог](https://deepstateua.com/)▫️[Мапа](https://deepstatemap.live/)▫️[Написати нам▫️](http://t.me/newsDeepStatebot)[Звіти](https://help.deepstateua.com/)▫️[ЗСУHelp](https://t.me/help_deepstateua)",,,
13443,"**🇺🇦**** Новопетрівка звільнена ЗСУ. Ворог схоже відступає з тієї ділянки. В боях за село загинуло двоє наших солдат. На забуваємо якою ціною дається кожен метр звільненої землі

**deepstatemap.live/#13.75/47.4264/33.4571",,,
13444,"🔄**Ситуація на фронтах станом на 3 жовтня

****⏩****На кордоні з біломосковією **ситуація без змін[.

](https://deepstatemap.live/#6/49.438/32.053)**⏩****На** **Сватівському** напрямку - звільнено[ Борову](https://t.me/DeepStateUA/14287), [Шийківку](https://t.me/DeepStateUA/14286),[ Ізюмське та Дружелюбівку](https://t.me/DeepStateUA/14291). Під питанням решта н.п Борівської громади. Тепер можна констатувати, що оборона ""другої армії світу"" по річці Оскіл не те, що посипалася, а її немає. Надалі стає менше природніх перешкод, а особливості державного кордону і глибина територій ставлять під сумнів доцільність просування до Старобільська чи далі (__UPD. Мається на увазі ймовірність швидко втратити місто через його географічне положення та невигідність утримувати цю позицію при теперішньому положенні фронту__)

**⏩****Бахмутський **відтинок - біля заводу Кнауф ворог укріпився, що навіть наша артилерія поки що не в силах вигнати кацапів. Є підстави вважати, що ворог міг просунутися в Опитне або як мінімум закріпитися на околицях. Ситуація на доуточнені.

**⏩****Авдіївський** відтинок - без суттєвих змін. 
 
**⏩****Запорізький **відтинок - без змін. 

**⏩****Херсонський** напрямок - звільнено такі населені пункти: [Любимівка](https://t.me/DeepStateUA/14290), [Шевченківка](https://t.me/DeepStateUA/14292), [Золота Балка, Гаврилівка, Новоолександрівка](https://t.me/DeepStateUA/14289) та [Михайлівка](https://t.me/DeepStateUA/14285). ЗСУ спільно з НГУ продовжують тиснути на ворога, але більше деталей повідомити не можемо - чекаємо повідомлень.

🔄Оновлення мапи вночі вже не буде. 

▶️Нам всім варто не забувати, що якщо війна далі відкочується від міст, де ви живете, то це не означає, що вона ніколи не повернеться. Ворог теж хитрий і може почати нову операцію там, де захоче. Тому намагайтеся в тилу максимально можливо допомагати фронту. Хлопці довели вже не раз, що останнього окупанта рано чи пізно скинуть в Керченську протоку. 

[🖍](https://deepstatemap.live/#6/49.438/32.053)У випадку **неточностей на карті**, ви можете нам повідомити через бот @newsdeepstatebot. 

🛑Нагадуємо, що в загальному доступі не може існувати точної карти бойових дій, а інформацію, як переможну так і не дуже, завжди краще сприймати зі скепсисом і чекати візуальних підтверджень чи повідомлення ГШ ЗСУ. Ну і звісно, довіряйте перевіреним джерелам.",,,
13445,"**🤷🏼‍♂️Епопея з Миролюбівкою

**Нас сьогодні дещо заспамили претензіями про звільнення Миролюбівки (на півночі Херс.обл). Суть полягала в тому, що сьогодні з'явилося відео, де 128 бригада піднімає прапор Миролюбівською гімназією. Але тут ситуація не така тривіальна.

1️⃣12 вересня спікер сил оборони півдня Гуменюк [заявила про звільнення Миролюбівки](https://youtu.be/dDKZFMcEx0Y?t=125). Ми знали, що між Правдине і Благодатне наші вперлися в тупик (тому це не про західну Миролюбівку), а про північну Миролюбівку нам надходила позитивна інформація. Відповідно ми [опублікували пост](https://t.me/DeepStateUA/14096) і зафарбували в синє.

2️⃣Десь 27-28 вересня з'являється відео з ""нещодавно звільненого невідомого села на Херсонщині"". Ми геолокували відео і побачили, що це Миролюбівська гімназія. Власне про це теж був [пост](https://t.me/DeepStateUA/14242). 

3️⃣Вчора, 2 жовтня, Зеленський подякував Криворіжській бригаді за звільнення Миролюбівки. А сьогодні з'явилося відео з підняттям прапора над гімназією бійцями 128 бригади. Додатково додаємо на картинці порівняння виходу на дах у відео з часовим проміжком у щонайменше тиждень.

🤔Також була інформація з місць, що на ті села і сусідні в напрямку ""кавуна"" русня робила набіги і заманювала наших, активно працюючи артою. Швидше за все через невизначеність статусу селища ""на верхівці"" і вийшов такий ""вінегрет"". На жаль, подекуди комунікація бажає кращого і саме тому телеграм-канали так зараз ростуть.

⏳Це звісно забрало в нас часу, щоб повторно розібратися.

👉🏻А для тих, хто хоче бути корисним фронтом, а не спамити нас, і проживає в Ірпені є пропозиція. **Треба ВОЛОНТЕРИ для виготовлення буржуйок на фронт.** Ми поки що забронювали кошти на покупку 50 штук, які поїдуть на південь, Соледар і лівий берег Осколу, але час йде. 

🔥Треба зварювальники зі зварювальним автоматом.
🔥Треба болгарки та ті хто нарізав би основні деталі.
🔥Та можливо людина що пошліфувала би деталі перед збіркой.

Якщо ви в Ірпені і можете допомогти - пишіть Лассарду @newsDeepStatebot з міткою #Ірпінь.",,,
13446,"**🤙🏻Наші воїни з півдня передають вам всім привіт. І дуже дякують за допомогу у зборі коштів**. **Вони впевнено йдуть вперед, звільняють українську землю і знищують багато русні😈

**🦾Зараз назбиралося ""трохи"" запитів і необхідні кошти, щоб все закрити і допомогти нашим воїнам на передовій. Будемо кожному вдячні за допомогу!

💳**Наші реквізити**:

📌приват `5168755444374546` (Микула Р.) 
📌моно `5375411417067597` (Микула Р.)
📌PayPal: ua_monolit@ukr.net

**🇺🇦Наближаємо нашу Україну до перемоги разом!**",,,
13447,"**🍉Шевченківка також визволена нашими військами

**deepstatemap.live/#12.5/47.3393/33.7466",,,
13448,"**➕Ізюмське та Дружелюбівка переходять в синє. Також є **[**заява**](https://www.facebook.com/permalink.php?story_fbid=pfbid028XKTdGP47Ds16qx819Ztx56t8GGhmrgshQ19BSwk4EGZBbVDb1XgCjQRbGPGYxgBl&id=100076086709863)** Борівської селищної ради про те, що більша частина громади під контролем ЗСУ

**🔄Оновлення мапи зараз відбудеться.

deepstatemap.live/#12.5/49.2910/37.7756",,,
13449,"**🍉В мережі вже гуляє світлина зі звільненої Любимівки**, ще декілька днів тому кацапів там було як лайна після танення снігу

deepstatemap.live/#12.25/47.3882/33.6802

[Магазин](https://deepstateua.shop/)▫️[Блог](https://deepstateua.com/)▫️[Мапа](https://deepstatemap.live/)▫️[Написати нам▫️](http://t.me/newsDeepStatebot)[Звіти](https://help.deepstateua.com/)▫️[ЗСУHelp](https://t.me/help_deepstateua)",,,
13450,"**🍉Згідно даних, що вже гуляють по мережі, ситуація наступна. Судячи з погодних умов деякі фото/відео були зроблені в різні дні

**deepstatemap.live/#12.25/47.2796/33.8808",,,
13451,"**🔄****Мапу оновлено з урахуванням змін біля Борової

**Це звісно ще не все, а з приводу Миролюбівки буде окремий пост.",,,
13452,"**➕ЗСУ звільнили Борову. Хто був уважний, то помітив що ще вчора вона перейшла в сіряк

**deepstatemap.live/#11.25/49.3798/37.6416

[Магазин](https://deepstateua.shop/)▫️[Блог](https://deepstateua.com/)▫️[Мапа](https://deepstatemap.live/)▫️[Написати нам▫️](http://t.me/newsDeepStatebot)[Звіти](https://help.deepstateua.com/)▫️[ЗСУHelp](https://t.me/help_deepstateua)",,,
13453,"**➕З'явились кадри зі звільненої Шийківки

**🔄Мапа буде оновлена найближчим часом, ситуація у Боровій на уточненні. Ми все бачимо і знаємо, і навіть більше👀

https://deepstatemap.live/#11/49.3503/37.7895

[Магазин](https://deepstateua.shop/)▫[️Блог](https://deepstateua.com/)▫[️Мапа](https://deepstatemap.live/)▫[️Написати нам▫️](http://t.me/newsDeepStatebot)[Звіти](https://help.deepstateua.com/)▫[️ЗСУHelp](https://t.me/help_deepstateua)",,,
13454,"**🍉Михайлівка, що під Золотою Балкою, звільнена. Світлина біля школи

**🔽 Дана світлина вже активно гуляє в публічному просторі, в той же час, ОК ""Південь"" просить передчасно не публікувати інформацію. Тому ми продовжуємо працювати з такою затримкою, якою потрібно.

deepstatemap.live/#11/47.4027/33.8363

[Магазин](https://deepstateua.shop/)▫️[Блог](https://deepstateua.com/)▫️[Мапа](https://deepstatemap.live/)▫️[Написати нам▫️](http://t.me/newsDeepStatebot)[Звіти](https://help.deepstateua.com/)▫️[ЗСУHelp](https://t.me/help_deepstateua)",,,
13455,"🔄**Ситуація на фронтах станом на 2 жовтня

****⏩****На кордоні з біломосковією **ситуація без змін[.

](https://deepstatemap.live/#6/49.438/32.053)**⏩****На** **Сватівському** напрямку - звільнено Зарічне та [Торське](https://t.me/DeepStateUA/14278). Інформація про штурм Кремінною є брехнею. У місто стягнуто значні резерви ворога і фіксуються спроби контратакувати наші сили, які в даній точці в обороні.

🍋З приводу **мішка в Лимані.** В мережі деякі розумово відсталі навіть поширюють інформацію про якийсь ""зелений коридор"". Це тупість або гра на руку ворога. Ціль Лиманської операції було оперативне оточення гарнізону та перекриття шляхів відходу- і це оточення відбулося. Кацапи проривалися з нього і Лиман тримати до останнього не збиралися. В результаті таких дій незначній частині вдалося вибратися, решта в більшості своїй просто подохла або потрапила в полон. Додаємо[ фото трупів](https://ibb.co/D5xYgmT), які просто зберігали за день з відео. Цільового пошуку не було, але масштаби трагедії для ""другої армії світу"" очевидні.
Якщо ви думаєте, що наші військові після всього зробленого свинособаками будуть просто їх випускати, то ви дуже сильно помиляєтесь. А той, хто розводить зраду - ласкаво просимо на передову і показуйте свої тактичні і стратегічні вміння.

**⏩****Бахмутський **відтинок - бої тривають по всій лінії від Білогорівки до Зайцевого. Біля Покровського ворога навіть атакували.

**⏩****Авдіївський** відтинок - без суттєвих змін. Ворог продовжує підсилювати на цьому напрямку присутність артилерії.
 
**⏩****Запорізький **відтинок - без змін. 

**⏩****Херсонський** напрямок - звільнено [Хрещенівку](https://t.me/DeepStateUA/14281) та Золоту Балку. Президент Зеленський [заявив про звільнення](https://t.me/V_Zelenskiy_official/3493) Архангельського. В силу обставин, мережею вже ходить багато здогадок про просування наших військ, ми ж рекомендуємо чекати візуальних підтверджень. Орієнтовну лінію фронту знаємо, з міркувань безпеки для ЗСУ інформацію подаватимемо із затримкою.

🔄Оновлення мапи буде протягом найближчої години.

[🖍](https://deepstatemap.live/#6/49.438/32.053)У випадку **неточностей на карті**, ви можете нам повідомити через бот @newsdeepstatebot. 

🛑Нагадуємо, що в загальному доступі не може існувати точної карти бойових дій, а інформацію, як переможну так і не дуже, завжди краще сприймати зі скепсисом і чекати візуальних підтверджень чи повідомлення ГШ ЗСУ. Ну і звісно, довіряйте перевіреним джерелам.",,,
13456,"**🇺🇦****__ ""Подяка воїнам 129-ї Бригади, мого рідного Кривого Рогу, які відзначилися хорошими результатами. І звільнили зокрема Архангельське та Миролюбівку"" __- Зеленський

**Тут без візуального підтвердження, але причин не довіряти президенту немає.",,,
13457,"🔄** Оновлено, враховуючи зміни біля Хрещенівки. Рекомендуємо чекати підтверджень і не поспішати з висновками

**deepstatemap.live/#12.25/47.4005/33.9152",,,
13458,"**🍉Хрещенівка звільнена нашими військами

**deepstatemap.live/#12.25/47.4005/33.9152

[Магазин](https://deepstateua.shop/)▫️[Блог](https://deepstateua.com/)▫️[Мапа](https://deepstatemap.live/)▫️[Написати нам▫️](http://t.me/newsDeepStatebot)[Звіти](https://help.deepstateua.com/)▫️[ЗСУHelp](https://t.me/help_deepstateua)",,,
13459,"**🔄**** Оновлено мапу: зміни незначні. По Херсонському напрямку пропонуємо чекати новин і не робити поки поспішних висновків. Зведення буде ближче до ночі, оновлення за потреби

**deepstatemap.live/",,,
13460,"**🎁У мережі з'явилось цікаве фото із трофейним Тигром московитів**

Увагу тут привертає трикутничок в розпізнавальних знаках, схоже до того як московити маркують свій 3-й армійський корпус з ведмежою лапою, чи йому подібні легендарні ""рєзєрви"" які не з'являються вчасно, або з'являються у такому виді як на фото, але вони продовжують на них надіятись та сподіватись.",,,
13461,"**➕Дійсно на світлині Торське, напроти в'їзду з боку Зарічного. Нам треба час перевіряти все

**deepstatemap.live/#13/49.0260/37.9655

1️⃣Оновлення карти після уточнення з Херсонщини. 

2️⃣Користувачам додатку Телеграм Х радимо задуматися над альтернативою або чекати оновлення, так як наші публікації, які містять емодзі вам недоступні. Формат багатьох каналів змінюється під тон, який задають розробники оригінального додатку, то ж будьте готові.",,,
13462,"**📹****Ще одне відео із Шандриголового, яке зняли бійці 4БрОП НГУ

**Дорога перед мостом. За вотерки вибачайте, але після попереднього разу дехто обрізав відео, запостив від себе і побіг журналістам показувати.

deepstatemap.live/#14.25/49.1090/37.7130

[Магазин](https://deepstateua.shop/)▫️[Блог](https://deepstateua.com/)▫️[Мапа](https://deepstatemap.live/)▫️[Написати нам▫️](http://t.me/newsDeepStatebot)[Звіти](https://help.deepstateua.com/)▫️[ЗСУHelp](https://t.me/help_deepstateua)",,,
13463,"**📍Дуже цікаві світлини нам надали бійці 4БрОП НГУ: міст в Шандриголове з пн-зх боку

**Дані світлини і локація перевертають публічне сприйняття битви за Лиман. Вчора з'явилося відео з цього ж місця, де локацію приписували мосту між Зарічним і Торським. На основі цього всі почали розповідати, а дехто малювати повне оточення москалів.

Нам щонайменше 12(!) разів писали і казали, що в нас неточність. Дехто навіть провів паралельний осінт в бік Кремінної.

Власне це те, про що ми завжди пишемо, що інформація має перевірятися. Ми також витрачаємо велику кількість часу на аналіз великого об'єму даних, що гуляють в мережі.

deepstatemap.live/#14.25/49.1090/37.7130",,,
13464,"🎁**Вже не перша історія повернення трофейної техніки додому

**Піхота 92-ї ОМБр затрофеїла бронеавтомобіль Козак-2 з нанесеними знаками **V**, ймовірно він був взятий ворогом десь на Київському напрямі колись на початку вторгнення.

[Магазин](https://deepstateua.shop/)▫️[Блог](https://deepstateua.com/)▫️[Мапа](https://deepstatemap.live/)▫️[Написати нам▫️](http://t.me/newsDeepStatebot)[Звіти](https://help.deepstateua.com/)▫️[ЗСУHelp](https://t.me/help_deepstateua)",,,
13465,"**🔥Команда DeepStateUA спільно з проектом ""Карта бойових дій"" продовжує аналізувати найцікавіші події з фронту

**🧐ЗСУ в Лимані! Просування на сході - українських прапорів там побільшало. Де саме? А також подальше просування на сході, та що відбувається у Криму - із бавовною та вибухами на військовому аеродромі Бельбек. 

👉🏻**Скоріше переходьте за посиланням та дивіться**: https://youtu.be/3Z5jFzytr1U",,,
13466,"[🔄](https://deepstatemap.live/)**Ситуація на фронтах станом на 1 жовтня

🔘На кордоні з біломосковією **ситуація без змін. 

**🔘Харківщина. **Біля Козачої Лопані відбулася чергова провокація ворога у вигляді спроби висунути ДРГ.

**🔥На** С**ватівському** напрямку - звільнено Лиман, Ставки та Курилівку. Москалі, підтягнувши резерви у Кремінну, від неї будують оборону. Найближчим часом стане зрозуміла нова лінія фронту.
 
🔘**Бахмутський **відтинок - ворог продовжує посилено тиснути на Бахмут з півдня, точна ситуація невідома. Весела Долина-Зайцево-Опитне невідома ситуація.

🔘**Авдіївський** відтинок - ворог активізувався по лінії Новоселівка-Новобахмутівка. Пробує атакувати Нью-Йорк. Також, ворог пробував вийти з Пісків у Первомайське, але невдало. 
 
🔘**Запорізький **відтинок - без змін. 

🔘**Херсонський** напрямок - без змін, уточнено лінію фронту біля пам'ятника кавуну.

🖍У випадку **неточностей на карті**, ви можете нам повідомити через бот @newsdeepstatebot. 

🧷Нагадуємо, що в загальному доступі не може існувати точної карти бойових дій, а інформацію, як переможну так і не дуже, завжди краще сприймати зі скепсисом і чекати візуальних підтверджень чи повідомлення ГШ ЗСУ. Ну і звісно, довіряйте перевіреним джерелам.",,,
13467,"**➕81 ОАБр і Батальйон оперативного призначення НГУ ім. Сергія Кульчицького звільнили Лиман

**🔄Мапа зараз оновиться

deepstatemap.live/#12.75/48.9778/37.8222

[Магазин](https://deepstateua.shop/)▫️[Блог](https://deepstateua.com/)▫️[Мапа](https://deepstatemap.live/)▫️[Написати нам▫️](http://t.me/newsDeepStatebot)[Звіти](https://help.deepstateua.com/)▫️[ЗСУHelp](https://t.me/help_deepstateua)",,,
13468,"**🎥У місцевих пабліках Севастополя з'явилось відео. 

**Дійсно, літак заходив на посадку з боку землі, не зміг вчасно зупинитись, викотився за межі і вибухнув. 

Звідси і бавовна, **Новофедорівки 2.0** сьогодні в планах ЗСУ не було. Московити зробили подарунок самостійно, мінус одна бойова одиниця. Пілот пишуть ""евакуювався"", але слова москалів треба десять раз піддавати сумніву. Після такого вибуху його доля може бути цілком ""атріцатєльна"". 

[Магазин](https://deepstateua.shop/)▫️[Блог](https://deepstateua.com/)▫️[Мапа](https://deepstatemap.live/)▫️[Написати нам▫️](http://t.me/newsDeepStatebot)[Звіти](https://help.deepstateua.com/)▫️[ЗСУHelp](https://t.me/help_deepstateua)",,,
13469,"➕**В Лимані триває зачистка. Як мінімум відділення поліції вже дерусифіковано**. Судячи з того, що на відео не чути вибухів, то можна вважати що зачистка на фінальній стадії.

Поки що точно невідомо яка ситуація з оточеними і тими які вибралися з Лимана-Торського. Збираємо дані. Мабуть детальніше буде у зведенні або вже завтра.

Найближчі хвилини чекайте оновлення мапи.

deepstatemap.live/#16/48.9794/37.8088",,,
13470,"🔥**Стрімко ширяться відео з бавовною на аеродромі Бельбек в Криму

**Проте, ми б не радили впадати в ейфорію та чекати Новофедорівки 2.0. Проаналізувавши відео з вибухом та супутникові знімки аеродрому, можна зробити висновок, що вибухи відбуваються чуть західніше, за межами аеродрому, прямо біля узбережжя. А тим часом московити пишуть, що при заході на посадку винищувач викотився за межі взлітно-посадкової смуги і загорівся. 

🤔Беручи до уваги приблизний орієнтир де вибухи з відео, це може бути правдою. Втім, чекаємо подробиць. **Також продовжуємо аналізувати події в Севастополі**.",,,
13471,"**🇳🇮Тим часом, один із латиноамериканських союзників московії — Нікарагуа, займається самоізоляцією. 

**🔧У внутрішній політиці влада все більше __""закручує гайки""__ (для прикладу там нещодавно в кращих традиціях однієї __свєрхдєржави__ заборонили CNN) а після міжнародної критики відбувається наступне:

**📍**28 вересня влада вказала послу 🇪🇺ЄС, що він тепер **«персона нон грата»** і має покинути країну. 

**📍**29 вересня Сенат 🇺🇸США назначив Уго Родрігеса новим своїм послом у Нікарагуа, у відповідь прилітає заборона від Нікарагуа на в'їзд Уго Родрігеса на територію держави🤷🏼‍♀️

🇳🇱А сьогодні МЗС Нікарагуа видало новий перл, звинувативши Нідерланди в інтервенціоналізмі та неоколоніалізмі, після чого було розірвано дипломатичні відносини між цими двома країнами. Сталося це після відмови Нідерландів будувати в Нікарагуа госпіталь, про який давно домовляються, після чого їх звинуватили у «втручанні у внутрішні справи» держави.

__🤔🤡Це підтримка озвучених хуйлом тез про антиколоніалізм?__",,,
13472,"**➕З'явилось відео-підтвердження встановлення українського прапору на західних околицях Лиману

**https://deepstatemap.live/#14.75/49.0139/37.7728

[Магазин](https://deepstateua.shop/)▫️[Блог](https://deepstateua.com/)▫️[Мапа](https://deepstatemap.live/)▫️[Написати нам▫️](http://t.me/newsDeepStatebot)[Звіти](https://help.deepstateua.com/)▫️[ЗСУHelp](https://t.me/help_deepstateua)",,,
13473,"➡️**Всі ми бачили відео, де начебто кацап проривається і кричить, що тікає з Кремінної. **Ми не знаємо коли, за яких умов і для чого було знято це відео. І нагадуємо, що москальські джерела - підступні і дезінформативні! До них слід підходити з критичним мисленням, ретельним аналізом та перевіркою.

🗣Хоч** блогери та ""експерти""** і порушують тему, що ворог тікає з **Кремінної**, але по наших даних кацап продовжує утримувати цей населений пункт і туди надходять резерви для спроби деблокади **Лиману.

**❗️**Також хочемо звернути увагу на весь Лиманський напрямок.** Ми розуміємо бажання всіх публічних осіб і каналів заявити першими про ""котел"" для збільшення підписників і хайпу, але перед тим як щось заявляти і малювати - треба спочатку перевірити інформацію і подумати про подальший її розвиток. Фронт динамічний, він активно змінюється і варто пам'ятати, що саме Збройні Сили на передовій докладають максимум зусиль у звільненні територій.

🤨**Не вся інформація, якою хайпує більшість відповідає дійсності! **Наслідки можуть бути в подальшому не на користь авторів та оперативної безпеки Збройних сил України. Нагадуємо про критичне ставлення до новин!

🧐За всією інформацією слідкуйте на нашому телеграм каналі та очікуйте подальших оновлень на нашій мапі. Як тільки з'явиться можливість щось показати в публічному просторі - ми обов'язково це зробимо😉

UPD. Так, ми бачили заяву речника ОК ""Схід"" стосовно ситуації поблизу Лиману - ""Наші війська завершили оточення .. Взято Ямпіль, Новоселівку, Дробишеве, Ставки, в цих населених пунктах відбуваються стабілізаційні заходи"" - вся наявна ситуація вже давно на карті.",,,
13474,"**🤔Тим часом, Буданов розповів про долю полоненого пілота ""__альонку__"" Красноярцева, якого взяли ще 5 березня

**За словами очільника ГУР, цей ворожий пілот був обміняний 4-5 місяців тому на декількох українських льотчиків.

Ймовірно така цінність Красноярцева викликана його великим досвідом у 🇸🇾Сирії та тим фактом, що йому [було повідомлено](https://t.me/DeepStateUA/12085) про підозру в порушенні звичаїв ведення війни та загрожував повноцінний термін. 

__У підсумку в обмін на цю тушку м'яса, додому повернулось декілька наших хлопців-героїв, що не може не радувати. 

__[Магазин](https://deepstateua.shop/)▫️[Блог](https://deepstateua.com/)▫️[Мапа](https://deepstatemap.live/)▫️[Написати нам▫️](http://t.me/newsDeepStatebot)[Звіти](https://help.deepstateua.com/)▫️[ЗСУHelp](https://t.me/help_deepstateua)",,,
13475,"**📍****30 ОМБр знищила склад ворога в Кодемі

**deepstatemap.live/#12.75/48.4726/38.0871

[Магазин](https://deepstateua.shop/)▫️[Блог](https://deepstateua.com/)▫️[Мапа](https://deepstatemap.live/)▫️[Написати нам▫️](http://t.me/newsDeepStatebot)[Звіти](https://help.deepstateua.com/)▫️[ЗСУHelp](https://t.me/help_deepstateua)",,,
13476,"➕**З'явилося підтвердження і по Ставкам

**deepstatemap.live/#12.5/49.1006/37.8396",,,
13477,"**➕Курилівка теж схоже під нашим контролем

**deepstatemap.live/#12.5/49.6526/37.7377",,,
13478,"[🔄](https://deepstatemap.live/)**Ситуація на фронтах станом на 30 вересня

🔘На кордоні з біломосковією **ситуація без змін.

**🔥На** С**ватівському** напрямку - звільнено Дробишеве та Ямпіль. Ситуація напружена, гарнізон ворога знаходиться в Лиманському мішку: під вогневим контролем знаходяться важливі логістичні артерії ворога. ЗСУ докладають максимальні зусилля, щоб закрити і утримати мішок повністю. Москалі надсилають резерви на лінію зіткнення з метою деблокади, але у них нічого не вдається.

🔘**Бахмутський **відтинок - бої тривають по всій лінії від Білогорівки до Зайцевого. Без успіху. Посилився тиск з боку Покровського. 

🔘**Авдіївський** відтинок - без суттєвих змін. Ворог посилює на цьому напрямку присутність артилерії.
 
🔘**Запорізький **відтинок - без змін. 

🔘**Херсонський** напрямок - без змін.

🗳Московія підписала указ про приєднання 4 наших областей до своєї федерації. 

🔄Оновлення мапи буде найближчим часом.

🖍У випадку **неточностей на карті**, ви можете нам повідомити через бот @newsdeepstatebot. 

🧷Нагадуємо, що в загальному доступі не може існувати точної карти бойових дій, а інформацію, як переможну так і не дуже, завжди краще сприймати зі скепсисом і чекати візуальних підтверджень чи повідомлення ГШ ЗСУ. Ну і звісно, довіряйте перевіреним джерелам.",,,
13479,"**➕ЗСУ звільнили Дробишеве

**deepstatemap.live/#12/49.0435/37.7396",,,
13480,"**📍Друзі, починаємо наш п'ятничний географічний квест о 20:00

Заходимо і реєструємося - ****https://www.geoguessr.com/join/WJJM****

**🏆Перші три місця зможуть стати учасниками нашого OSINT-діалогу, але звісно після верифікації. Писати в наш бот @newsdeepstatebot (не забудьте скрін місця)",,,
13481,"🔥**Наша команда DeepState продовжує випускати хронологію російсько-української війни 

🎥217-й день війни** вже на нашому **YouTube** каналі. Скоріше переходьте та дивіться. Дякуємо за участь [майору Чорнобаєву

](https://t.me/prankota_ch)**▶️****https**://youtu.be/VZc9Rs__ADo

✅Друзі, нагадуємо [про підписку на наш YouTube канал](https://www.youtube.com/c/DeepStateUA?pbjreload=102). Наша ціль - отримати галочку, а для цього нам необхідно набрати 100k підписників.",,,
13482,"🗣**__Будемо надавати підтримку Україні стільки скільки це буде потрібно, ""референдум"" не визнаємо, в НАТО будемо приймати за процедурою...і закликаємо путіна припинити агресію __**-** це всі основні заяви Єнса Столтенберга

**Що скажете, друзі? ""Безпрецедентні"" заяви👀",,,
13483,"☝🏻**Будь ласка, перестаньте ширити новину про те, що __""застосування ядерної зброї на території України буде розцінюватись як напад на НАТО""__, – про що нібито заявив старший сенатор США Ліндсі Грем для The New York Post.

**🚫**Це не відповідає дійсності.** Це власна думка двох сенаторів (додаємо відео їх виступу), що така дія **має розцінюватись **як напад на НАТО. Це не офіційна позиція Альянсу!

Поки що 👀",,,
13484,**Україна подає заявку на вступ до НАТО у пришвидшеному порядку **–  Зеленський за підсумками засідання РНБО.,,,
13485,"**__""Одеськую Катинь ми не прастім"" - президент московії хуйло

__**Тим часом триває виступ виродка, на якій він оголосить про приєднання окупованих територій.",,,
13486,"**📍****Знищення ворожого танку біля Ольгівки бійцями 95 ОДШБр

**deepstatemap.live/#12/49.2303/37.8829

[Магазин](https://deepstateua.shop/)▫️[Блог](https://deepstateua.com/)▫️[Мапа](https://deepstatemap.live/)▫️[Написати нам▫️](http://t.me/newsDeepStatebot)[Звіти](https://help.deepstateua.com/)▫️[ЗСУHelp](https://t.me/help_deepstateua)",,,
13487,"__🚰____""Важко коментувати, оскільки операція ще триває**. Операція саме по оточенню цього угрупування. Під вогневим контролем ЗСУ фактично всі підходи, логістичні шляхи противника по яких він доставляв боєприпаси та живу силу**__**""** - речник східного угруповання військ Сергій Череватий в коментарі Суспільному

Задача була не взяти Лиман, а оточити гарнізон міста та сусідніх сіл.

Чекаємо, друзі.",,,
13488,"😈**Ні на що не натякаємо, але🤫

**__👀""Всьо под контролєм""__",,,
13489,"**🤬**** Внаслідок ракетного удару по колоні з цивільними, які їхали за своїми родичами, на Запоріжжі загинуло 25 осіб, ще 50 поранено

**В такі моменти згадують толерасти, які толерують любов до некомбатантів московії. Чому наші цивільні, в тому числі діти несуть розплату життям за війну, а їх не несуть? Чому наші цивільні чомусь мають вмирати від війни, а їх ні? 

💣У питаннях атак по військовим об'єктам на території московії не повинно стояти сумнівів через ризик зачепити їх цивільних.

🤬Якщо комусь досі шкода, то цивільні журналісти московії назвали це нашим же ударом по своїм громадянам.",,,
13490,"🔥[Мапу](https://deepstatemap.live/#11.75/48.9954/37.9899)** оновлено!

**💢Йдуть активні просування на Лиманському напрямку. Мережею зі швидкістю світла бігає інформація про котел русні в Лимані. Зайнято дуже багато ключових населених пунктів, які зроблять життя русні недовготривалим і невеселим😈

**📢А тепер вчергове звертаємося до любителів ""інсайдів"", хайпу на інформації і картових хуйдожників: **майте терпіння, совість і розум в голові! Дуже легко заявляти, не думаючи,  про якісь просування, малювати зайняття населених пунктів, але важко це робити на передовій! **Дайте Збройним Силам України робити свою роботу.

**🔜Ми все знаємо, і навіть більше. Ми бачимо, читаємо і чуємо. Але ми намагаємося перевірити всю інформацію, проаналізувати її, впевнитися в безпечності і точності, і тоді про щось заявляти. **Скоро буде багато цікавої інформації, багато цікавих оновлень - треба почекати! Все буде Україна😈**",,,
13491,"**➕Поки москалі в своїх каналах розповідають казки про артилеристів та танкістів, які, як діди стримують мільярдну навалу ворога, Ямпіль перейшов під контроль ЗСУ

**deepstatemap.live/#11.75/48.9359/37.9605",,,
13492,"[🔄](https://deepstatemap.live/)**Ситуація на фронтах станом на 29 вересня

🔘На кордоні з біломосковією **ситуація без змін, біломосковити ганяють техніку туди-сюди, роблячи вигляд що вони хочуть померти від Himars.

**🔥На** С**ватівському** напрямку - звільнено Шандриголове. Контрнаступ триває. Ворог кричить про бойлер в Лимані - це вже, мабуть, всі читали. Як тільки буде можливо, ми повідомимо деталі. Скоро буде багато цікавих оновлень на мапі🫡

🔘**Бахмутський **відтинок - бої тривають по всій лінії від Білогорівки до Зайцевого. Ворога зупинено. 

🔘**Авдіївський** відтинок - без суттєвих змін. Ворог посилює на цьому напрямку присутність артилерії.
 
🔘**Запорізький **відтинок - без змін. 

🔘**Херсонський** напрямок - без змін.

🗳Завтра нас чекає важкий день: сталінське хуйло оголосить про анексію 4 українських областей в межах їх адмінкордонів. Ми ж завтра збираємо РНБО та ставку верховного головнокомандувача щоб оголосити адекватну відповідь на це. 

🔄Оновлення мапи буде у випадку певних змін. Тримаємо руку на пульсі.

🖍У випадку **неточностей на карті**, ви можете нам повідомити через бот @newsdeepstatebot. 

🧷Нагадуємо, що в загальному доступі не може існувати точної карти бойових дій, а інформацію, як переможну так і не дуже, завжди краще сприймати зі скепсисом і чекати візуальних підтверджень чи повідомлення ГШ ЗСУ. Ну і звісно, довіряйте перевіреним джерелам.",,,
13493,"**📍Нічого нового, як дехто думає, на відео звільненого села Херсонщини немає. Це Миролюбівка, яка була звільнена майже місяць тому**, а якщо конкретніше, то Миролюбівська гімназія

[Магазин](https://deepstateua.shop/)▫️[Блог](https://deepstateua.com/)▫️[Мапа](https://deepstatemap.live/)▫️[Написати нам▫️](http://t.me/newsDeepStatebot)[Звіти](https://help.deepstateua.com/)▫️[ЗСУHelp](https://t.me/help_deepstateua)",,,
13494,"**😎Наші друзі з 65 ОМБр передають всім великий привіт з передової та дякують кожному, хто долучається до волонтерської допомоги

**📹Хлопці шукають для виконання певних задач **камеру GoPro**. З ціллю економії коштів для більш значущих потреб шукаємо тих, хто б міг поділитися своєю якоюсь старою. 
Хто має можливість допомогти - пишіть нам на нашого бота:@newsdeepstatebot

**🔥P.S. Ви неймовірні! Відгукнулося дуже багато людей. Запит закрито, дуже вам всім дякуємо!

**💰**Нагадуємо про нашу банку на збір 300 000 грн на ЗСУ-** https://send.monobank.ua/jar/8kuBbSwQxN",,,
13495,"**➕Наша десантура звільнила Шандриголове. На відео засвітилася розбита церква та школа села

**💰Нагадуємо про нашу банку в 300К для ЗСУ - https://send.monobank.ua/jar/8kuBbSwQxN",,,
13496,"[🔄](https://deepstatemap.live/)**Ситуація на фронтах станом на 28 вересня

🔘На кордоні з біломосковією **ситуація без змін, ворог оголосив місячну підготовку готовності частин біля Мінська. В районі Івашків, на Харківщині, москалі спробували прорватися, але відправилися в пекло до сталіна.

**🔘На** С**ватівському** напрямку - звільнено Ківшарівку та Кучерівку. Наші війська укріпилися в Рідкодубі, Новоселівці та взяли під контроль Зелену Долину. Контрнаступ триває, інформація подається із затримкою. Якщо ворога відкинуть до  держкордону, то операцію сміливо можна називати Блау 2.0.

🔘**Бахмутський **відтинок - бої тривають по всій лінії від Білогорівки до Зайцевого. Поки результат невідомий. 

🔘**Авдіївський** відтинок - без суттєвих змін, ворог повідомляє про спроби наших військ контратакувати їх позиції на південь від Вугледара. Ситуація з ""Макіївським роднічком"" досі напружена.
 
🔘**Запорізький **відтинок - без змін. 

🔘**Херсонський** напрямок - без змін.

🗳Ватажки бабуїнячих формувань окупованих областей прибули на поклон до царя в Москву.  

🖍У випадку **неточностей на карті**, ви можете нам повідомити через бот @newsdeepstatebot. 

🧷Нагадуємо, що в загальному доступі не може існувати точної карти бойових дій, а інформацію, як переможну так і не дуже, завжди краще сприймати зі скепсисом і чекати візуальних підтверджень чи повідомлення ГШ ЗСУ. Ну і звісно, довіряйте перевіреним джерелам.",,,
13497,"**🔥Команда DeepStateUA спільно з проектом ""Карта бойових дій"" продовжує аналізувати найцікавіші події з фронту

**🧐Вже офіційно відомо про деякі звільнені населені пункти. Наступним на черзі може стати Лиман – важливий логістичний центр для росіян. Цей населений пункт вже взято у напівкільце одразу з кількох боків.

👉🏻**Скоріше переходьте за посиланням та дивіться**: https://youtu.be/4GL22gHOXXI",,,
13498,"**📷Публікуємо світлини звільнених сіл на Харківщині, які нам надав один із льотчиків

**Можна оцінити масштаби втрат, які війна завдала населеним пунктам та природі, адже іноді ліси нагадують лінію зіткнення в якомусь Вердені чи на березі Сомми (згадка пов'язана з битвами Першої світової).

👉🏻 deepstateua.com/vighliad-znishchienikh-rosiieiu-zvilnienikh-sil-na-kharkivshchini/

💰Нагадуємо про нашу банку - https://send.monobank.ua/jar/8kuBbSwQxN",,,
13499,"**➕На кадрах зі звільненої Кучерівки насправді частина села, яка належить вже Петропавлівці. В цілях безпеки без точної локації

**deepstatemap.live/#11/49.6696/37.6577

[Магазин](https://deepstateua.shop/)▫️[Блог](https://deepstateua.com/)▫️[Мапа](https://deepstatemap.live/)▫️[Написати нам▫️](http://t.me/newsDeepStatebot)[Звіти](https://help.deepstateua.com/)▫️[ЗСУHelp](https://t.me/help_deepstateua)",,,
13500,"**🔥Наш канал подолав ще одну сходинку - 300 000 підписників!

🤝🏻**Дуже дякуємо, що ви з нами, друзі! Дуже дякуємо** **тим, хто приєднався до нас. Ми працюємо для вас невпинно вдень і вночі. Далі більше! Далі цікавіше! Рухаємося вперед до нових висот! 💪🏻

💪🏻 Вже традиційно, найкращим подарунком для нас - буде збір коштів для **Збройних Сил України**. [Відкриваємо банку для збору](https://send.monobank.ua/jar/8kuBbSwQxN)** 300 000 грн** для волонтерської допомоги нашим військовим на передовій!

💰Посилання на банку:https://send.monobank.ua/jar/8kuBbSwQxN
**Кожна ваша копійка буде величезним вкладом в цей дуже необхідний збір!

**🇺🇦**Йдемо разом до перемоги!**",,,
13501,"**👮‍♂️Нацполіція опублікувала відео розслідування про розстріл українців під Гостомелем**, який заради розваг влаштували москалі. Кому шкода ще немобілізованих москалів десь там в московії -** це відео для вас**!!!

__25 лютого російські окупанти у Гостомелі з усіх видів озброєння розстріляли 12 автомобілів. Найменша кількість влучань у транспортних засобах – 38 куль, найбільше – 178. Про це сьогодні, 28 вересня, повідомив Голова Національної поліції України Ігор Клименко. Деталі про криваві злочини російських окупантів, записи з камер відеонагляду і спогади із пекла, в якому довелося побувати людям, - дивіться у відео

__🌐 youtube.com/watch?v=q_otmp16YKA",,,
13502,"**➕Дещо із затримкою, але в той же час доволі авангардна точка для наших, Зелена Долина під контролем нашої армії. Хрестоносці вчора зранку зайшли в село

**Вчора вже всі підряд геолоковували це село.

deepstatemap.live/#13/49.1147/37.7753",,,
13503,"😎**Один із трофеїв при штурмі Новоселівки 4БрОП НГУ

**__Дякуємо бійцям за фото!

__https://deepstatemap.live/#12.25/49.1065/37.6882

[Магазин](https://deepstateua.shop/)▫️[Блог](https://deepstateua.com/)▫️[Мапа](https://deepstatemap.live/)▫️[Написати нам▫️](http://t.me/newsDeepStatebot)[Звіти](https://help.deepstateua.com/)▫️[ЗСУHelp](https://t.me/help_deepstateua)",,,
13504,"**➕81 ОАеМБр та НГУ звільнили Новоселівку

**deepstatemap.live/#12.25/49.1065/37.6882

Оновлення карти вже скоро.

[Магазин](https://deepstateua.shop/)▫️[Блог](https://deepstateua.com/)▫️[Мапа](https://deepstatemap.live/)▫️[Написати нам▫️](http://t.me/newsDeepStatebot)[Звіти](https://help.deepstateua.com/)▫️[ЗСУHelp](https://t.me/help_deepstateua)",,,
13505,"**➕Селище-сателіт Куп'янська Ківшарівка перейшла під наш контроль після 7 місяців окупації більшовицькою ордою

**deepstatemap.live/#11.5/49.6153/37.6284",,,
13506,"[🔄](https://deepstatemap.live/)**Ситуація на фронтах станом на 27 вересня

🔘На** С**ватівському** напрямку - звільнено Куп'янськ-Вузловий, Піски-Радьківські, Рубці, Рідкодуб та Коровій Яр. Кацап суттєво просів на флангах, боєздатні частини сидять в Лимані. Точаться бої, але варто відмітити, що вибудовувати оборону по Осколу у ворога не вийшло, хоч у період з 15 по 21 сюди прибули резерви. 

🔘**Бахмутський **відтинок - бої тривають по всій лінії від Білогорівки до Зайцевого. Поки результат невідомий. Судячи з невдалої атаки ЗСУ зі Спірного у східному напрямку, сам населений пункт під нашим контролем.

🔘**Авдіївський** відтинок - без суттєвих змін, ситуація напружена, йдуть бої.

🔘**Запорізький **відтинок - без змін. 

🔘**Херсонський** напрямок - без суттєвих змін.

🗳Найближчі дні 28-30 вересня будуть складні не тільки у військовому плані (як було постійно), а ще й в політичному. Готуються фейкові результати фейкового референдуму в 4 областях. Біля Куп'янська було спіймано мобілізованого кацапа, який 21.09 тільки став на службу. Надалі ситуація буде схожа, ворог кидатиме мобілізовані піхотні з'єднання і відправлятиме масу на штурм позицій або просто ними закриє весь фронт і тоді вже наша артилерія зробить свою справу. Механізація та моторизація мобілізованих навряд відбудеться, хіба що доукомплектування наявних частин. 

🖍У випадку **неточностей на карті**, ви можете нам повідомити через бот @newsdeepstatebot. 

🧷Нагадуємо, що в загальному доступі не може існувати точної карти бойових дій, а інформацію, як переможну так і не дуже, завжди краще сприймати зі скепсисом і чекати візуальних підтверджень чи повідомлення ГШ ЗСУ. Ну і звісно, довіряйте перевіреним джерелам.",,,
13507,"[**🗓**](https://i.imgur.com/BoZliW8.jpeg)** Короткий вечірній дайджест з політичного фронту:

**🇪🇺🌊**На маршрутах залягання трубопроводів Північний потік — 1 і Північний потік — 2 сталося два підводних вибухів

**— 💭Про це повідомив професор Шведського національного сейсмоцентру SNSN Бйорн Лунд: «__Добре видно, як хвилі відскакують від дна до поверхні. Немає сумнівів, що то був вибух. У нас навіть була станція у Гноші, яка зафіксувала ці дані__». Причини досі не встановлені, триває розслідування, данський уряд припускає, що витік на газопроводі міг статися через диверсію. 

— 🔎НАТО почало власне розслідування інциденту, а також Єнс Столтенберґ скликав позачергове засідання Конференції національних директорів з питань озброєнь, де закликав продовжувати поповнювати запаси озброєння якомога швидше. Тим часом ціна за тисячу кубометрів в Європі сягнула понад $2100 доларів. 

— 🤔Доволі цікаво, що інцидент стався буквально в переддень відкриття[ балтійського газопроводу](https://t.me/DeepStateUA/14222), і якщо буде доведена причетність Кремля - нас чекає новий виток потій. 

— Як то кажуть: ""__у__ __ПП-2, бачок потік!__""🤣

**🇧🇬🇵🇱МЗС Болгарії та Польщі закликали своїх громадян якнайшвидше покинути Московію 

**— 🤔Дипломати радять громадянам , які залишаються на території держави-терориста, проявляти підвищену пильність, уникати місць масового скупчення людей, при цьому з усією увагою ставитися до обставин і розвитку ситуації.

**🇹🇷Turkish Airlines знову скасовують всі авіаперельоти до Московії** **та Біломосковії

**— 🔎Вперше компанія заявила про припинення рейсів у липні, тепер ж прес-служба компанії повідомила, що всі рейси будуть скасовані до 31 грудня 2022 року. 

— 🤷‍♂️Суттєво нічого не змінює, однак більшість московитів можуть забути про ""отдих, турційа, 2022"". 

**🇨🇦Канада розширює перелік санкцій щодо Ірану 

**— «__Ми запровадимо санкції проти десятків фізичних та юридичних осіб, в тому числі іранської так званої поліції моралі. Це буде зроблено на додачу до вже чинних заходів проти Ірану, які є чи не найбільш суворими серед усіх держав світу__», - повідомив прем'єр-міністр Канади Джастін Трюдо під час пресконференції в Оттаві.",,,
13508,"**📍Бабуїни денере запостили відео невдалої нашої атаки, яка починалася із східних околиць села Спірне. Серед втрат у нас 1 БМП

**deepstatemap.live/#12.5/48.8192/38.2577

[Магазин](https://deepstateua.shop/)▫️[Блог](https://deepstateua.com/)▫️[Мапа](https://deepstatemap.live/)▫️[Написати нам▫️](http://t.me/newsDeepStatebot)[Звіти](https://help.deepstateua.com/)▫️[ЗСУHelp](https://t.me/help_deepstateua)",,,
13509,"**📍****По Куп'янськ-Вузловому з'явилося ще й відео підняття українського прапору біля вокзалу

**deepstatemap.live/#13/49.6813/37.6124",,,
13510,"**🔘Підстав вважати Брускінське звільненим через фото, які з'явилися на деяких телеграм-каналах, немає

**На фото, які поширюються, є фейком. Невідомо чи це саме це село, але світлина документа зажареного москаля вже гуляла раніше. Вперше документ габібова арсена (дата народження 18.05.1989 id367124493) з'явилося з березні. Сам же трупак лежав в рефрижераторі і повернутися в село ніяк не міг.

На фото різні документи однієї людини",,,
13511,"📍**Думаємо, що вже багато хто бачив і геолокацію. Наші затрофеїли танк на північ від села Шандриголове

**deepstatemap.live/#12.5/49.0985/37.7245

[Магазин](https://deepstateua.shop/)▫️[Блог](https://deepstateua.com/)▫️[Мапа](https://deepstatemap.live/)▫️[Написати нам▫️](http://t.me/newsDeepStatebot)[Звіти](https://help.deepstateua.com/)▫️[ЗСУHelp](https://t.me/help_deepstateua)",,,
13512,"🇵🇱🇳🇴**Cьогодні у Польщі відбулося урочисте відкриття газового трубопроводу

**📈Новий трубопровід, яким норвезький газ надходить через** Данію** і через **Балтійське море**, зможе транспортувати цього року вдвічі більше газу, ніж планувалося.

😎**Балтійська труба**, яка є одним з ключових елементів диверсифікації **Польщі** від джерел енергії московії, має розпочати транспортування газу цієї суботи з початковою потужністю, еквівалентною **2-3 мільярдам кубометрів на рік**.

⚙️Очікувалося, що на початку 2023 року транспортування вийде на повну потужність - **10 млрд куб. м газу на рік.** Однак у суботу оператор данської газової системи** Energinet** оголосив, що роботи ""__просуваються настільки добр__е"", що повна потужність має бути досягнута до кінця листопада цього року.

🤝Участь в урочистій церемонії, яка відбулася у місті Голенюв Західнопоморського воєводства, взяли президент та прем'єр-міністр **Польщі Анджей Дуда** та **Матеуш Моравецький**, а також глава уряду **Данії** **Метт Фредеріксен

**😉Як то кажуть:__ ""Прощай немытая россия...""__",,,
13513,"➕**Рідкодуб під контролем ЗСУ**

deepstatemap.live/#16/49.1874/37.7829

[Магазин](https://deepstateua.shop/)▫[️Блог](https://deepstateua.com/)▫[️Мапа](https://deepstatemap.live/)▫[️Написати нам▫️](http://t.me/newsDeepStatebot)[Звіти](https://help.deepstateua.com/)▫[️ЗСУHelp](https://t.me/help_deepstateua)",,,
13514,"🐮**Коровій Яр наш

**Оскільки вже надходить певна інформація з Рідкодубу, а також населений пункт фігурує у зведеннях Генштабу - це відео від бійців-хрестоносців вже можна поширити.

[Магазин](https://deepstateua.shop/)▫[️Блог](https://deepstateua.com/)▫[️Мапа](https://deepstatemap.live/)▫[️Написати нам▫️](http://t.me/newsDeepStatebot)[Звіти](https://help.deepstateua.com/)▫[️ЗСУHelp](https://t.me/help_deepstateua)",,,
13515,"[**🔄**](https://deepstatemap.live/)** Апдейт лінії фронту вже доступний. Багато речей навіть вже москальські воєнкори визнають. Але давайте дотримаємось паузи і почекаємо більш детальних та точних новин

**[Магазин](https://deepstateua.shop/)▫️[Блог](https://deepstateua.com/)▫️[Мапа](https://deepstatemap.live/)▫️[Написати нам▫️](http://t.me/newsDeepStatebot)[Звіти](https://help.deepstateua.com/)▫️[ЗСУHelp](https://t.me/help_deepstateua)",,,
13516,"🇺🇦 **По Куп'янськ-Вузловому ситуація наступна: ще Х днів тому в місті вже були наші, можливо навіть і раніше. Але знову ж таки, бажання дрібних ресурсів спіймати хайп фоткою з правого берега не зупинити. **Хто хоче хайп - шукайте світлину в соцмережах без вотерки. Боєць якщо забажає, щоб ми його згадали - хай напише

🤝Нагад**аємо, що ми створили окремий канал для різних волонтерських новин та **запитів - @help_deepstateua, а на сайті help.deepstateua.com фіксуються ваші транзакції.

[Магазин](https://deepstateua.shop/)▫️[Блог](https://deepstateua.com/)▫️[Мапа](https://deepstatemap.live/)▫️[Написати нам▫️](http://t.me/newsDeepStatebot)[Звіти](https://help.deepstateua.com/)▫️[ЗСУHelp](https://t.me/help_deepstateua)",,,
13517,"📍** Бійці 79 ОДШБр зупинили і знищили ворожу колону на південь від Новомихайлівки

**deepstatemap.live/#12.5/47.8304/37.5155

[Магазин](https://deepstateua.shop/)▫️[Блог](https://deepstateua.com/)▫️[Мапа](https://deepstatemap.live/)▫️[Написати нам▫️](http://t.me/newsDeepStatebot)[Звіти](https://help.deepstateua.com/)▫️[ЗСУHelp](https://t.me/help_deepstateua)",,,
13518,"**➕Піски-Радьківські звільнено ЗСУ

**На фото приміщення ДНЗ та ЗОШ І-ІІІ ступенів. Українські військові наразі ще виявляють там групи кацапських військових, проводять зачистки, розмінування.

📍 deepstatemap.live/#12/49.2733/37.5636

Джерело: [Борівська сільська рада](https://www.facebook.com/profile.php?id=100076086709863).

[Магазин](https://deepstateua.shop/)▫️[Блог](https://deepstateua.com/)▫️[Мапа](https://deepstatemap.live/)▫️[Написати нам▫️](http://t.me/newsDeepStatebot)[Звіти](https://help.deepstateua.com/)▫️[ЗСУHelp](https://t.me/help_deepstateua)",,,
13519,"⛳️ **Оновлення за 26 вересня незначне: лише уточнення біля Лиману. Сьогодні гуляла інформація про Куп'янськ-Вузловий з світлиною з правого берега. **Взагалі по лівому березі річки Оскіл новин достатньо, але будемо орієнтуватися на візуальні підтвердження. Зведення сьогодні не буде[.](http://deepstatemap.live/)",,,
13520,"🔥**Ексклюзивне відео збиття першого ""шахіду"" в небі над Україною від ЗР полку, якому ви, друзі, активно допомагаєте донатами**. **Хлопці передають всім привіт та велику подяку

**🦾 Ми всі робимо корисну справу! І головне не зупинятися - знищимо всю русню😈

💳**Наші реквізити**:

📌приват `5168755444374546` (Микула Р.) 
📌моно `5375411417067597` (Микула Р.)
📌PayPal: ua_monolit@ukr.net

`🇺🇦`Наближаємо н**ашу Україну до перемоги разом!**",,,
13521,"**🦾🇺🇦Залізний генерал на обкладинці журналу ""TІМЕ""

**[Магазин](https://deepstateua.shop/)▫[️Блог](https://deepstateua.com/)▫[️Мапа](https://deepstatemap.live/)▫[️Написати нам▫️](http://t.me/newsDeepStatebot)[Звіти](https://help.deepstateua.com/)▫[️ЗСУHelp](https://t.me/help_deepstateua)",,,
13522,"**❓Що ми знаємо про Дагестан?  
** 
🧐Напрочуд мало, окрім хіба, що «__це десь на **Кавказі**__». Втім, саме Кавказ є ""**ахілесовою п’ятою**"" росії, і саме туди треба натискати, аби пришвидшити відцентрові процеси і відкрити другий, цього разу внутрішній, фронт проти росії.  

**👇Читайте на нашому блозі за посиланням:

**https://deepstateua.com/shcho-mi-znaiemo-pro-daghiestan/",,,
13523,"**🗺«Фредерікус 2.0» - цю назву ви неодноразово бачили на нашому каналі, цю операцію ще можна назвати на український манер Куп'янською офензивою. 

**Підготували для вас ілюстрацію з порівняння подій 1942 та 2022 років.

Місце те саме, дійові особи інші, але результат в територіальних змінах навіть кращий.

**💬За картинку - щира подяка **[**mazhaieva_anna**](https://www.instagram.com/mazhaieva_anna/) ❤️

Фото в кращій роздільній здатності за [посиланням](https://ibb.co/VMjdF3Z).

Попередній пост був видалений, після доуточнень, ми його відновили.",,,
13524,"[🔄](https://deepstatemap.live/)**Ситуація на фронтах станом на 25 вересня

🔘На** С**ватівському** напрямку - з'являється багато матеріалів з лівого берега Осколу, схоже москалі знову взялися за стару дідівську тактику - тікати до Волги. Ми все бачимо, знаємо, але треба почекати точної та офіційної інформації. Чекайте на гарні новини.

🔘**Бахмутський **відтинок - активні бої в районі Соледару тривають, є вірогідність зайняття винзаводу у Бахмуті ворогом.

🔘**Авдіївський** відтинок - без суттєвих змін, ситуація напружена, йдуть бої.

🔘**Запорізький **відтинок - без змін. 

🔘**Херсонський** напрямок - без суттєвих змін, ворог почав давити на Андріївський плацдарм - уточнено ситуацію.

🗳Тривають незаконні референдуми. Фальшива явка на всіх 4 референдумів завтра перевалить 50%. На Донеччині фальшива явка вже склала майже 80%. Очікуємо явку у 104%, як це було на Донеччині в 2004 році. Ківалову вітання.

🖍У випадку **неточностей на карті**, ви можете нам повідомити через бот @newsdeepstatebot. 

🧷Нагадуємо, що в загальному доступі не може існувати точної карти бойових дій, а інформацію, як переможну так і не дуже, завжди краще сприймати зі скепсисом і чекати візуальних підтверджень чи повідомлення ГШ ЗСУ. Ну і звісно, довіряйте перевіреним джерелам.",,,
13525,"🇬🇪**З 26 вересня Грузія планує закрити кордони із Росією для чоловіків

**🗣Про це повідомила депутат парламенту Грузії **Нона Мамулашвілі. **Але уряд поки спростовує цю інформацію і жодних коментарів щодо цього не дає. Час покаже🤷‍♂️

🤬Населення Грузії вже висловлює своє обурення щодо втечі москалів в їх країну, і це обурення зростає. Слідкуємо...

UPD. Влада Грузії [спростувала](https://www.newsgeorgia.ge/oficialnyj-tbilisi-ne-podtverzhdaet-informaciju-o-zakrytii-granicy-s-rossiej/) заяву опозиційного депутата, жодних заборон на в'їзд поки не планується 🤷‍♂️",,,
13526,"**📍Журналіст Золкін, який працює по темі полонених москалів, опублікував ще одне**[** відео**](https://t.me/volodymyrzolkin/4169)** взяття в полон недолюдків армії московії

**З слів наших бійців вони біля Вище Солоне.

deepstatemap.live/#13.5/49.2846/37.7304",,,
13527,"[**🗓**](https://i.imgur.com/BoZliW8.jpeg)** Короткий вечірній дайджест з політичного фронту:

**🇦🇪🇩🇪**Німеччина домовилася з ОАЕ про постачання газу

**— 💭«__Ми досягли прогресу в цілому ряді проєктів, пов’язаних із виробництвом і закупівлею дизельного палива та газу, у нас є проєкти зрідженого газу, які відіграють важливу рол__ь», - Шольц під час поїздки в ОАЕ. Очікується, що перша комерційна поставка зрідженого газу має надійти до Німеччини наприкінці грудня 2022 року. 

—🤷‍♂️ Залежність Німеччини від московського газу стає все меншою, однак кремлівське лобі продовжуватиме відігравати свою роль там. Проте з меншою ""зарплатнею""😁

**🇷🇸Сербія не визнає результати псевдореферендумів Московії

**— 💭«__Сербія, відповідно до Статуту ООН і принципів і норм міжнародного публічного права, не може визнати результати референдуму в українських областях.
З іншого боку, це повністю суперечило б нашим національним інтересам, нашій політиці збереження територіальної цілісності та суверенітету та відданості принципу непорушності кордонів__», - сказав МЗС Сербії Селакович під час прес-конференції. Ці слова підтвердив і сам президент Сербії Вучич🤨

— 👍А от кремлівське лобі в Сербії починає здавати позиції під натиском Заходу, і це не може не тішити. 

**🇺🇸США попередили Кремль про наслідки застосування ядерної зброї

**— 💭«__Якщо росія перейде цю межу, то наслідки для неї будуть катастрофічними. США дадуть відповідь рішучим чином__», – повідомив Салліван в інтерв'ю каналу NBC.

—🤷‍♂️Також варто зазначити, що ніякого ядерного удару у відповідь не послідує - в силу вступлять конвенційні військові заходи (прим. - без використання зброї масового ураження).",,,
13528,"[🎉](https://i.imgur.com/hCkGBhb.jpeg)**Херсонщина збирає врожаї екс-депутатів. У компанію ліквідованого Ковальова, додався нардеп V та VI скликань Алєксєй Журавко.

**🐽Народився 21 квітня 1974 року (станом на вчора було 48 років), у місті Жовті Води (Дніпропетровщина). Від народження був інвалідом, без правої ноги та лівої  руки. Виховувався в сиротинці рідного міста, потім міста Олешки на Херсонщині. У 1992-му закінчив Луганське ПТУ-інтернат.

💼У 90х якось йому пощастило стати співзасновником, потім директором та генеральним директором ТОВ «Співдружність ініціативних працездатних інвалідів». А в 2002 його потягло в політику, на 183 окрузі (Херсонська область) висувався від блоку Литвина «За єдину Україну!», але посів лише 4 місце (10%).

👀У 2004 потрапив у скандал, коли тодішній кандидат в президенти Віктор Ющенко на зустрічі з виборцями Олешок зачитав передану йому записку, що Алєксєєм Журавко в місті було зґвалтовано та вбито 12-річну дівчинку. Майбутнього президента просили розібратись в цьому питанні. Сам Журавко категорично все заперечував. До якихось конкретних дій ця історія не дійшла.

🗳У 2006 висувався вже в списках Партії Регіонів (118-й) і пройшов у депутати ВРУ. Під час позачергових виборів 2007 знову висувався від регіоналів (140-й у списку) і знову пройшов. За час свого депутатства був секретарем комітету в справах пенсіонерів, ветеранів та інвалідів. Голосував за __«Закон Ківалова-Колєсніченка»__. Коли регіоналу блокували трибуну ВРУ для зриву голосувань, Журавко всівся в крісло спікера. Так як він інвалід, то силою його ніхто не виганяв.
Будучи депутатом встановив на своєму авто незаконні мигалки, що є порушенням закону. Коли до нього намагались звернутись журналісти за коментарем, Журавко заборони себе знімати, намагався забрати камеру та пішов від відповіді. Відповідне [відео тут](https://youtu.be/F76AjwRsPNU).

🤷🏼‍♀️На виборах 2012 намагався втретє стати депутатом, але вже не від списку партії, на окрузі 186 (Херсонська область). Програв самовисуванцю Федору Негою. У 2019 на цьому ж окрузі буде обрано депутатом вже ліквідованого колаборанта Ковальова.

👣Після Революції Гідності втік з України, за даними СБУ переховувався в Криму. У 2020 СБУ висунула йому підозру у __створенні терористичної організації та дій, спрямованих на повалення конституційного ладу.__ А з початком окупації Херсонщини в 2022 Журавко повернувся в Олешки. Там його брата окупанти назначили головою міської адміністрації.

📺В окупації ходив на інтерв'ю в пропагандистські ЗМІ, повторював мантру про нацистів та московія тут назавжди. А також 26 липня ляпнув: __""Нє подгоняйтє путіна. Всьо ідьот по плану""__. Ну от, все йшло ""по плану"" і сьогодні зранку HIMARS планово передав привіт одному з Херсонських готелей, де колобки збирались на шабаш. Журавко там загинув. У нього лишилась дружина (1986р) та донька (2007р). 

**__І так буде з кожним хто зрадив Україну та став на бік ворога! Кара не оминає нікого, будь ти місцевий начальник в якомусь далекому селі, чи будь ти цілим (чи не дуже) депутатом.__**",,,
13529,"[🔄](https://deepstatemap.live/)**Ситуація на фронтах станом на 24 вересня

🔘На** С**ватівському** напрямку - у багатьох місцях на лівому березі Осколу тривають бої. Ворог не має ще тут нормальних ліній оборони, на відміну від тої ж Херсонщини. Судячи з відео та соплів їх воєнкорів у москалів є проблеми на лівому березі Куп'янська, біля Лозового та в районі Гряниківки. Чекаємо на гарні новини.

🔘**Бахмутський **відтинок - активні бої в районі Соледару та на південь від Бахмута. Уточнено лінію фронту.

🔘**Авдіївський** відтинок - без суттєвих змін, ситуація напружена, йдуть бої.

🔘**Запорізький **відтинок - без змін. 

🔘**Херсонський** напрямок - без суттєвих змін, ситуація напружена, йдуть бої. З'явилося відео невдалої танкової атаки наших військ на Костромку, село знаходиться в сірій зоні. Ворог практикує тактику покидання сіл, але коригує потім по ньому артилерію, коли наші пробують зайти.

🔒Кримінальна відповідальність, яку ввели в московії, стосовно відмови від участі в бойових діях та здачі в полон, зайвий раз підтверджують, що війна буде тотальною. Також не забуваємо про інцидент з потенційним пустотілим запуском ракети, яка може нести ядерний заряд.

🖍У випадку **неточностей на карті**, ви можете нам повідомити через бот @newsdeepstatebot. 

🧷Нагадуємо, що в загальному доступі не може існувати точної карти бойових дій, а інформацію, як переможну так і не дуже, завжди краще сприймати зі скепсисом і чекати візуальних підтверджень чи повідомлення ГШ ЗСУ. Ну і звісно, довіряйте перевіреним джерелам.",,,
13530,"**📍Журналіст, який працює по темі полонених москалів, опублікував**[** відео**](https://t.me/volodymyrzolkin/4137)** взяття в полон 3 недолюдків армії московії

**🤔 Звісно ми не можемо поки занести ці території в синє (бо й треба вагоміші пруфи), але розширюємо сіру область. Ворог в курсі, що його там б'ють, а в публікації заявлено, що це село Маліївка. Відповідно знайти село на карті якомусь оленетраху Шойгу буде не тяжко.

deepstatemap.live/#14/49.2434/37.7265",,,
13531,"**📍А на десерт у нас село Подоли, що біля Куп'янськ-Вузлового - там  збито ворожий Ка-52 ""Алігатор""

**Всі три локації примітні тим, що ворога нищать на лівому березі Осколу.

deepstatemap.live/#13/49.6724/37.6676",,,
13532,"**📍Інше дуже цікаве відео від 25 ОПДБр - це удар РСЗВ по позиціям москалів на південь від Рідкодуба

**deepstatemap.live/#13/49.1687/37.8307

[Магазин](https://deepstateua.shop/)▫️[Блог](https://deepstateua.com/)▫️[Мапа](https://deepstatemap.live/)▫️[Написати нам▫️](http://t.me/newsDeepStatebot)[Звіти](https://help.deepstateua.com/)▫️[ЗСУHelp](https://t.me/help_deepstateua)",,,
13533,"📍**Одна із Сушок, які збили бійці 25 ОПДБр, впала недалеко від східних околиць Лозового.** Судячи з відео, яке опублікувала бригада, Лозове частково або повністю під нашим контролем

Маємо право судити, бо відео вже геолоковано й закордонними осінтерами.

🤔Сьогодні в нас цікаві локації будуть.

deepstatemap.live/#11.5/49.2471/37.6726",,,
13534,"**🇺🇦****Єгері з 68 ОЄБр імені Довбуша знищують московитів в районі Новомайорського

**deepstatemap.live/#16/47.7273/37.0307

[Магазин](https://deepstateua.shop/)▫️[Блог](https://deepstateua.com/)▫️[Мапа](https://deepstatemap.live/)▫️[Написати нам▫️](http://t.me/newsDeepStatebot)[Звіти](https://help.deepstateua.com/)▫️[ЗСУHelp](https://t.me/help_deepstateua)",,,
13535,"**➕З'явилося відео зі звільненої Яцьківки. ""Хрестоносці"" крокують далі**",,,
13536,"[🔄](https://deepstatemap.live/)**Ситуація на фронтах станом на 23 вересня

**🔘На **Сватівському** напрямку - кордон не є стіною, тому по лінії держкордону періодично відбуваються обстріли. Громов заявив про звільнення Яцьківки, це не єдиний успіх, про який ми знаємо, але притримаємося режиму інформаційної тиші.

🔘**Бахмутський **відтинок - ворог посилює тиск на Бахмут, особливо в районі Соледару. 

🔘**Авдіївський** відтинок - без суттєвих змін, ситуація напружена, йдуть бої.

🔘**Запорізький **відтинок - без змін. 

🔘**Херсонський** напрямок - без суттєвих змін, ситуація напружена, йдуть бої.

🖍У випадку **неточностей на карті**, ви можете нам повідомити через бот @newsdeepstatebot. 

🧷Нагадуємо, що в загальному доступі не може існувати точної карти бойових дій, а інформацію, як переможну так і не дуже, завжди краще сприймати зі скепсисом і чекати візуальних підтверджень чи повідомлення ГШ ЗСУ. Ну і звісно, довіряйте перевіреним джерелам.

🤔 deepstatemap.live",,,
13537,"💌**Друзі, нагадуємо про наш **[магазин](https://deepstateua.shop/)** з фірмовим мерчем від команди DeepStateUA

**🤨Ви досі думаєте, що ми «адін народ»? Ви досі думаєте, що зможете нас налякати, зламати, схилити до поступок? Ви справді так нічого й не зрозуміли? Не зрозуміли, хто ми? За що ми? Про що ми? Читайте по губах: 
Без газу чи без вас? **Без вас.
**Без світла чи без вас?** Без вас.
**Без води чи без вас?** Без вас.
**Без їжі чи без вас? **Без вас.
**Холод, голод, темрява й спрага – для нас не так страшно й смертельно, як ваші «дружба й братерство». Але історія все розставить по місцях. І ми будемо з газом, світлом, водою та їжею.. і **БЕЗ вас!"".

**😱Ми додали новий мега-крутий принт **""БЕЗ ВАС!""** - потужні слова до російського окупанта. Скоріше переходьте за посиланням та обирайте мега-круті мерчі **DeepStateUA**😎

📌Посилання на сайт:➡️[Deepstateua.shop](https://deepstateua.shop/)",,,
13538,"**📍Друзі, починаємо наш п'ятничний географічний квест о 20:00

Заходимо і реєструємося - ****https://www.geoguessr.com/join/WZ9R****

**Цього разу квест буде змішаним. 

Перші чотири місця зможуть стати учасниками нашого OSINT-діалогу, але звісно після верифікації. Писати в наш бот @newsdeepstatebot",,,
13539,"**🤙🏻Привіт та велика подяка від бійців ДУК ПС, яким ви допомагали зі збором на дрон**. **Він вже на передовій і допомагає знищувати русню**😈

👉🏻Нагадуємо про канал підтримки ЗСУ @help_deepstateua та сайт звітності: https://help.deepstateua.com/.

💳**Наші реквізити**:

📌приват `5168755444374546` (Микула Р.) 
📌моно `5375411417067597` (Микула Р.)
📌PayPal: ua_monolit@ukr.net",,,
13540,"**➕ЗСУ встановила контроль над Яцьківкою - бригадний генерал Громов (ГШ)

**Чекаємо новин далі і не поспішаємо.",,,
13541,"📒**Продовжуємо рубрику - щоденник авторів. Тут ми будемо писати про зміни у функціоналі карти та супутні оголошення

1**. Додано хрестик в пошуку, якщо ви ввели назву н.п, то тепер одним кліком можна її стерти.
2. Прибрали стрічку новин на сайті, ми її не встигали вести і вона в нас не зайшла.
3. Додали площу полігонів вниз в описі до них, але ще не всі полігони прораховуються коректно. 

Далі продовжиться робота над внутрішнім інструментом OSINT, розробка на карту нового інтерфейсу та дальтонік-френдлі режиму. Будемо вдячні, якщо ідеї кольорів нам подадуть в [Лассарда](https://t.me/newsDeepStatebot).

🔜На черзі ще деякі важливі оновлення, які вплинуть на інформативність карти.

☑️Як ви бачите, ми зараз концентруємося на перевірці інформації, її аналізі та дозуванні в маси. 

Ми поступово масштабуємо наш проект і шукаємо шляхи співпраці. Адже DeepState🇺🇦 - це не просто канал в телеграмі, а проект за яким стоять десятки волонтерів.

🤝Велику долю часу забирає волонтерство, адже потреби фронту понад усе. Нагадуємо про канал підтримки ЗСУ @help_deepstateua та сайт звітності: https://help.deepstateua.com/.

👉🏻Нагадуємо, що нас є [патреон](https://www.patreon.com/DeepStateUA) і [вейфорпей](https://secure.wayforpay.com/donate/deepstatemap) для **підтримки саме нашої діяльності**. Рекламу на каналі можливо купити також через Лассарда, це теж допомога нам.",,,
13542,"🚽**Завтра, з 23 по 27 вересня, окупаційна влада ОРДЛО, Запорізької та Херсонської областей (включаючи окуповані нп. Миколаївської області) планують провести референдум щодо ""приєднання до московії""

**🚨Черговий міжнародний злочин московії, яка шукає варіанти вибратися з ями військових поразок, адже тепер армія орків не просто загрузла, а змушена відступати із зайнятих територій. Цим кричущим вже не військовим, а політичним ходом зробити окуповані території частиною суб'єктів РФ, хуйло хоче захиститися від втрати територій, адже після, так званого визнання, запрацює ""доктрина захисту"", якою так лякає верхівка кремля, зокрема, можливість у захисті застосувати ядерну зброю. 

👎🏻Ці кроки ми вже бачили в Криму і сценарій повторюється, адже, час показав, що він спрацював. Міжнародні лідери вже заявили про своє засудження та невизнання результатів ""референдуму"". Але скільки б вони не робили заяв, вже дев'ятий рік Крим перебуває в окупації і поки ніхто не ризикнув зробити якісь кроки по деокупації. 

💢Міжнародне право під загрозою. І давно не працює, коли правила залишаються лише на папері. Працює тільки жорстка позиція, сила,  зброя і....ще більше зброї. **Збройні Сили України** показують цю жорстку позицію кожного дня - збагаченням землі руснявим добривом. Тепер крок за Міжнародною спільнотою....час йде⏳",,,
13543,"[🔄](https://deepstatemap.live/)**Ситуація на фронтах станом на 22 вересня

**🔘На **Сватівському** напрямку - кацапські воєнкори в один голос заявляють про проблеми в обороні московитьської армії на рубежі між Піски-Радківські  та Рідкодубом. Ситуація на доуточнені.

🔘**Бахмутський **відтинок - ворог продовжує тиснути на Бахмут з півдня, має частковий успіх, але поки що оцінюємо який. Було підірвано міст в місті. Кацапи не штурмують його в лоб, а будуть намагатися оточити. Знову ж таки зіграла бойова підготовка однієї з бригад, яка не тільки зупинила ворога північніше, а усіяла його трупами поля.

🔘**Авдіївський** відтинок - без суттєвих змін.

🔘**Запорізький **відтинок - без змін. 

🔘**Херсонський** напрямок - атака ЗСУ на Правдине зазнала неприємної поразки. Відповідно село перейшло в червону зону. Ворог продовжує підсилювати своє угрупування на правому березі Херсону.

⚔️**Війна готується до переходу на новий етап і стає більш тотальною.** Після успіхів на Харківщині ми не повинні ""розслабляти булки"". Далі буде лише важче і якщо ви зараз не на фронті, то повинні допомагати чим можете. Зараз бійці потребують додаткового одягу, обігріву та готуються до зими.

🖍У випадку **неточностей на карті**, ви можете нам повідомити через бот @newsdeepstatebot. 

🧷Нагадуємо, що в загальному доступі не може існувати точної карти бойових дій, а інформацію, як переможну так і не дуже, завжди краще сприймати зі скепсисом і чекати візуальних підтверджень чи повідомлення ГШ ЗСУ. Ну і звісно, довіряйте перевіреним джерелам.",,,
13544,"🇪🇪**На фоні загострення ситуації з мобілізацією московитів, естонський уряд також оголосив про проведення навчань для резервістів під назвою ""Шип-2022"". 

**Навчання пройдуть з 22 по 28 вересня, під час яких відпрацьовуватиметься **робота ланки управління національним захистом**: від прийняття рішення урядом до збору резервістів структури швидкого реагування.

🇱🇹Вчора ми зазначали, що [Сили швидкого реагування Литви приведені в стан підвищеної готовності

](https://t.me/DeepStateUA/14184)🇱🇻В свою чергу міністерство оборони Латвії вважає, що мобілізація не підвищує рівень військової загрози для Латвії, однак там досі тривають щорічні військові навчання «Намейс-2022».",,,
13545,"🇮🇷🇨🇳🧟‍♂️**Іран, Московія та Китай планують провести восени спільні військово-морські навчання

**Про це повідомив начальник ГШ ЗС Ірану Мохаммад Багері на прес-конференції, що відбулася в четвер у рамках параду збройних сил Ірану:

«__Цієї осені в північній частині Індійського океану пройдуть навчання за участю військово-морських сил Ірану, росії та Китаю__. __Пакистан, Оман та низка інших країн, ймовірно, також візьмуть участь у цих заходах__»

🤷‍♂️Подібні навчання за участю Московію, Китаю та Ірану вже проводились в січні цього року під назвою «Пояс морської безпеки 2022 року»",,,
13546,"⚡️**Друзі, команда DeepStateUA продовжує допомагати нашій армії на передовій робити смерть москалям**😈

📋Звітуємо про останні придбання волонтерської допомоги:

**📌Для бійців 46 ОДШБр придбали: 
**🔸Дрон Mavic 3 combo - **93 050 грн;
**🔹Газова горілка (2 шт.), газові балони (4 шт.), тактичне взуття,                                                                                       тактичні рукавички, піджопник, тактична куртка, фліска - **9 664 грн;
📌Для бійців 93 ОМБр придбали:
**🔸металошукач та 2 пари щіпців для саперів - **19 765 грн;
**🔹партія 540 банок hell 0.5 - **18 015 грн;
**🔸плівка, ціп та масло до бензопил - **7 544 грн;
**🔹буржуйка -** 2 200 грн;

**🔸Тепловізор для бійців 3-ї танкової бригади -** 50 249 грн;
**🔹Мікроелектроніка, деталі та інструменти для бійців XXX-го ЗР полку - **68** **345 грн.
**🔸Намети (3шт.), тенти (3шт.), дощовики (10шт.) для бійців 47-ї бригади -** 14 070грн;
**🔹Далекомір для бійців 95 ОДШБр - **13 680 грн;
**🔸Шолом Fast для бійця НГУ Азов - **11 510 грн;
**🔹Бушлати (8шт.) для бійців 40-ї ОАБр - **9 250 грн;
**🔸Лопати для підрозділу ""Одін"" - **7 035 грн;
**🔹Тактичні окуляри, тактичне взуття  для бійця 72 бригади - **3 939 грн;

**💰Зага**льна сума -  328 316 грн.

💪🏻**Дякуємо кожному, хто відгукнувся та є небайдужим в ці непрості для України часи. І ми знаємо, що ми точно переможемо, адже ми нація, яка в будь-яких труднощах стає одним цілим і долає перешкоди спільними зусиллями.

❗️**Друзі, **м**и продовжуємо збір коштів для наших бійців на фронті, які нищать русню. Долучайтеся⤵️

💳Наші р**еквізити:

📌приват `5168755444374546` (Микула Р.) 
📌моно `5375411417067597` (Микула Р.)
📌PayPal: ua_monolit@ukr.net

`🇺🇦`Наближаємо н**ашу Україну до перемоги разом!**",,,
13547,"🔥**З полону московії визволили українських захисників**

🔄Обмін відбувся в таких пропорціях: 

🇺🇦**215 людей: з них 205 українських бійців з «Азов-сталі» і 10 іноземців;**

💩55 руснявого непотребу.

🫡Просто подивіться, як зустрічають своїх Героїв українці, і як зустрічають нікому непотрібне русняве сміття",,,
13548,"[**🗓**](https://i.imgur.com/BoZliW8.jpeg)** Вечірній дайджест з політичного фронту:

🇺🇦🇪🇺Україна експортуватиме більше електроенергії до Європи вночі 

**— 💭 «__20 вересня ENTSO-E збільшило на 50 МВт в нічні години доступну пропускну спроможність для експорту електроенергії між Україною та Європою. Тепер українські виробники електроенергії можуть експортувати сумарно 300 МВт до Румунії та Словаччини цілодобово. Під час опалювального сезону **у нас буде технічна можливість отримувати таку ж допомогу з європейської енергосистеми, якщо в цьому буде необхідність**.__» - НЕК ""Укренерго"".

**🇯🇵Прем'єр-міністр Японії закликав реформувати ООН 

**— 💭«__Раніше Організація Об’єднаних Націй відігравала центральну роль у підтримці світового миру, але ""фундамент міжнародного порядку зараз сильно похитнувся__""... **__Нам потрібні дії в напрямку реформ, а не просто розмови__**» - сказав Фуміо Кісіда у своїй промові на щорічній асамблеї світових лідерів ООН.

— 👍Гарний знак, що люди починають розуміти імпотентність цієї організації та те, що одним занепокоєнням війну не зупиниш. 

**🇪🇺Євросоюз планує переглянути принципи ""голосувань"" у сферах зовнішньої політики та оборони

**— 💭 «__Дискусія щодо прийняття рішень у зовнішній політиці за принципом більшості голосів триває від початку діяльності цього складу Європейської Комісії. ЄС наполягають на тому, щоб ввести в дію елементи голосування кваліфікованою більшістю у сфері закордонної політики, а також в сфері безпеки й оборони__» - речник ЄС Пітер Стано у Брюсселі. 

— 🤔Схоже, що московське лобіювання в Євросоюзі може понести крах найближчим часом. 

— Також Пітер Стано заявив, що ЄС ніколи не визнає результати ""референдумів"" та продовжить надавати військову та економічну допомогу. 

**🇱🇹Сили швидкого реагування Литви приведені в стан підвищеної готовності

**— На фоні оголошення часткової мобілізації (в т.ч у Калінінграді) Міністр національної безпеки Арвідас Анасаускас у своєму твіттері повідомив, що збройні сили Литви напоготові, щоб запобігти будь-яким провокаціям з боку Московії.",,,
13549,🌊З поверненням!,,,
13550,"[🔄](https://deepstatemap.live/)**Ситуація на фронтах станом на 21 вересня

**🔘На **Сватівському** напрямку - тривають бої на підступах до Лиману. Ворог повідомляє про втрату Дробишевого - ключового села в обороні Лиману. Студенок переходить в синю зону.

🔘**Бахмутський **відтинок - досі невідома ситуація в Зайцево та на трасі біля Курдюмівки. 

🔘**Авдіївський** відтинок - без змін.

🔘**Запорізький **відтинок - без змін. Чекаємо далі. Нова зелена зона - це території, які були звільнені значно раніше.

🔘**Херсонський** напрямок - без суттєвих змін.

🖍У випадку **неточностей на карті**, ви можете нам повідомити через бот @newsdeepstatebot. 

🧷Нагадуємо, що в загальному доступі не може існувати точної карти бойових дій, а інформацію, як переможну так і не дуже, завжди краще сприймати зі скепсисом і чекати візуальних підтверджень чи повідомлення ГШ ЗСУ. Ну і звісно, довіряйте перевіреним джерелам.",,,
13551,"**💣""Аморальна революція"" в Ірані - чи впаде режим аятолли?

**На вулицях міст у Ірані лунають лозунги проти влади, протестувальники захоплюють адміністративні будівлі. Чи зможе іранський народ повалити диктаторський режим?

**👇Огляд ситуації можна переглянути на нашому блозі:

**https://deepstateua.com/amoralna-rievoliutsiia-v-irani-chi-padie-riezhim/",,,
13552,"**📝Московія оголошує про часткову мобілізацію населення

**Друга армія світу, яка за даними їх же міністра оборони втратила 6000 чол., починає добирати 300 000 чоловік резерву. Хуйло йде у ва-банк: референдуми і мобілізація. До цього там йшла прихована мобілізація, яка зібрала доволі значне число фанатиків рузкого міра.

☢️Крім того, х**уйло натякнув на застосування ядерної зброї.** Друга армія світу настільки ""успішно"" веде війну, що погрожує неядерній країні.

🦌Любитель мати любов з оленем - Шойгу, заявив, що загалом їх **мобілізаційний резерв становить 25 млн осіб.

**🌎**Московія суттєво підвищила ставки у війні.** І це при тому що Фінляндія та Швеція будуть в НАТО. Тепер же нам потрібно ще більше техніки, авіації та ракет від заходу. 

**Ця війна все більше і більше стає тотальною. **Але! Наступальний потенціал мобілізованих буде рівня - доїхати до Броварів і померти. Основний тягар боїв у ворога зараз несуть ПВК, бабуїни так званих днр та лнр, фанатики з ""ахмату"" та зекі, трупи яких усіяли південний Соледар.

🟥Московська більшовицька імперія - це загроза не тільки нам, а й всьому світу.",,,
13553,"**🔍Наша команда волонтерів шукає двох розробників для створення внутрішнього OSINT-інструменту

Backend-розробник
**JS/TS (NodeJS), Fastify/express, навички роботи з gRPC (Mali), Redis, MongoDB і/або PostgreSQL. Досвід побудови навантажених систем та роботи з картографічними даними буде плюсом.

**Frontend-розробник**:
Angular, бажано Leaflet/Mapbox, досвід роботи з gRPC буде плюсом. 

Якщо ви full-stack і вам не стало страшно від усього цього – теж пишіть. 

Пишіть Лассарду: @newsDeepStatebot
Дуже просимо помічати ваше повідомлення хештегом #я_розробник, щоб Лассарду було легше 🙂

🤔__Скріншот з прототипу.__",,,
13554,"🤦🏻‍♂️**Дехто в коментарях запитує про повідомлення з приводу зайняття Артемівського заводу шампанських вин ворогом. До вашої уваги драма в трьох епізодах

**5-10 серпня - воєнкори і їх гузнолизи заявляють про зайняття заводу.

19 вересня - пропагандон Жополяка анонсує повторне взяття заводу. 

20 вересня - інший пропагандон анонсує невзяття заводу.

[Магазин](https://deepstateua.shop/)▫️[Блог](https://deepstateua.com/)▫️[Мапа](https://deepstatemap.live/)▫️[Написати нам▫️](http://t.me/newsDeepStatebot)[Звіти](https://help.deepstateua.com/)▫️[ЗСУHelp](https://t.me/help_deepstateua)",,,
13555,"[🔄](https://deepstatemap.live/)**Ситуація на фронтах станом на 20 вересня

**🔅Продовжуємо уточнювати території, які були під окупацією весною.

🔘На **Сватівському** напрямку - тривають бої на підступах до Лиману. Ворог повідомляє про просування українських військ в самому Лимані.

🔘**Бахмутський **відтинок - Білогорівку цілком переведено в синю зону. Ворог міг захопити Веселу Долину, ситуація на доуточнені. Відомо, що підстанція ""Донбаська"" під ворогом. Також, невідома ситуація в Зайцево. 

🔘**Авдіївський** відтинок - без змін.

🔘**Запорізький **відтинок - без змін. Чекаємо далі.

🔘**Херсонський** напрямок - повідомлення про втечу ворога в бік Херсону від хайпожерів були недостовірні, в двох місцях москаль пішов в атаку. Має частковий успіх.

📜**Сьогодні колаборанти в окупованих областях оголосили парад референдумів. **А ввечері президент московії має звернутися до свого недонароду. Зараз всі ЗМІ обсмоктують дані теми, тому прогнозів і думок про це в мережі й так забагато. 

🖍У випадку **неточностей на карті**, ви можете нам повідомити через бот @newsdeepstatebot. 

🧷Нагадуємо, що в загальному доступі не може існувати точної карти бойових дій, а інформацію, як переможну так і не дуже, завжди краще сприймати зі скепсисом і чекати візуальних підтверджень чи повідомлення ГШ ЗСУ. Ну і звісно, довіряйте перевіреним джерелам.

🤔",,,
13556,"📍[**Аеророзвідка Карлсон**](https://t.me/aerokarlson)** демонструє роботу з коригування нашої артилерії по позиціях ворога в районі Архангельського та Новопетрівки

**deepstatemap.live/#13.5/47.4295/33.4543

[Магазин](https://deepstateua.shop/)▫️[Блог](https://deepstateua.com/)▫️[Мапа](https://deepstatemap.live/)▫️[Написати нам▫️](http://t.me/newsDeepStatebot)[Звіти](https://help.deepstateua.com/)▫️[ЗСУHelp](https://t.me/help_deepstateua)",,,
13557,"📍**Як ми і повідомляли раніше, у москалів є частковий успіх біля Веселої Долини. Поки що під великим питанням хто контролює село, але підстанцію ""Донбаська 750кВ"" контролює ворог і з'явилися тому підтвердження

**🐽Цікаво, що даний успіх здійснила не друга армію світу, а найманці з пвк ""вагнер"".

deepstatemap.live/#15.75/48.5559/38.0952

[Магазин](https://deepstateua.shop/)▫️[Блог](https://deepstateua.com/)▫️[Мапа](https://deepstatemap.live/)▫️[Написати нам▫️](http://t.me/newsDeepStatebot)[Звіти](https://help.deepstateua.com/)▫️[ЗСУHelp](https://t.me/help_deepstateua)",,,
13558,"**📍Ще більше підтверджень по Білогорівці. Дізналися й за колір скотчу - дійсно він має бути таким

**Можна констатувати, що Луганщина окупована не вся і нарешті у Сергія та Гайдая з'явиться робота. 

В тому місці у москалів проблеми ще більші насправді, але всьому свій час. 

🔘Ми ж нагадуємо, що в таких місцях робляться затримки. Завтра якийсь командир підпаде під арту і будуть в Телеграмі шукати винних, хоча **ворог знає і так багато, й до того ж розуміє, що і коли він втрачає.**",,,
13559,"[🔄](https://deepstatemap.live/)**Ситуація на фронтах станом на 19 вересня

**🔅Проведено уточнення звільнених зон на Київщині та Чернігівщині

🔘На **Сватівському** напрямку - тривають бої на підступах до Лиману. Ярова звільнена. Схоже фронт вирівнюється в цьому місці. По Студенку та Сосновому чекаємо підтверджень, скоріш за все ці села звільнені також.

🔘**Бахмутський **відтинок - частина Білогорівки звільнена, це і стверджують ворожі ресурси, які вказують на неї та Яковлівку. І головне: про це всюди розповідає Сергій та Гайдай.

🔘**Авдіївський** відтинок - без змін.

🔘**Запорізький **відтинок - без змін. 

🔘**Херсонський** напрямок - повідомляється про бої на певних ділянках фронту. Поки що з нашого боку без змін.

🖍У випадку **неточностей на карті**, ви можете нам повідомити через бот @newsdeepstatebot. 

🧷Нагадуємо, що в загальному доступі не може існувати точної карти бойових дій, а інформацію, як переможну так і не дуже, завжди краще сприймати зі скепсисом і чекати візуальних підтверджень чи повідомлення ГШ ЗСУ. Ну і звісно, довіряйте перевіреним джерелам.",,,
13560,"**📍По Білогорівці, Луганської області і відео, що гуляє по пабліках - так, це дійсно вона

**🤔На відео наші йдуть вглиб села. Але нас знову турбують деякі деталі, а саме жовтий скотч, який в червні використовували групи, які заходили в Лисичанськ.

❔Ситуація по Білогорівці та сусідніх селах також перебуває на уточненні. Тому поки не поспішаємо з висновками, чекаємо більше інформації",,,
13561,"**🌳Один з підписників надав іншу світлину цього місця, де видно, що дерево дійсно хворе

**🤝Нагад**аємо, що ми створили окремий канал для різних волонтерських новин та **запитів - @help_deepstateua.",,,
13562,"📍**Встановлено локацію сьогоднішньої публікації в твіттері, яку подають за Ярову. Так це дійсно село Ярова, вишка біля Укрпошти

**🧐Єдине, що нас дещо бентежить - це голе дерево та кущ-паразит ""омела"" на ньому. Видно, що дерево хворіє і можливо тому нема листя, бо воно саме відмерло. 

🌳Відомо, що ще у 2018 році дерево було здоровим та з листям, однак більш свіжу світлину знайти поки не вдалось.


🤝Нагад**аємо, що ми створили окремий канал для різних волонтерських новин та **запитів - @help_deepstateua.",,,
13563,"💥**З'явилося відео ударів по п'ятиповерхівках на Лумумби в Бахмуті

**Просто кадри апокаліпсису зараз на східній околиці Бахмута. Московська артилерія зносить будинки 109-113. 

Місяць тому їх джерела на цьому місці демонстрували буцімто ""вагнерівців"", які зайшли в місто. Ми тоді геолокували місце, з військовим провели аналіз спорядження і  зовнішнього вигляду - дійшли висновку що то наші йдуть в бік винзаводу. 

🤷🏼‍♂️Місяць із ""взяття"" околиць минув, а москалі досі штурмують ці п'ятиповерхівки. 

У ворога є успіхи на південному фасі Бахмутського фронту.** І якби не хлопці, яким і допомагаєте ви - наші підписники, в Соледарі не перебили таку кількість ворожих сил, то ситуація в Бахмуті була б близька до оточення**. 

Основна маса атакуючих - це ПВК ""Вагнер"", яких мільйони разів ховав Аваков з Геращенком.",,,
13564,"**🔥Команда DeepStateUA спільно з проектом ""Карта бойових дій"" продовжує аналізувати найцікавіші події з фронту

**🧐Однією із головних новин є ситуація, яка розгортається довкола населеного пункту Лиман з боку Харківської та Донецької областей.

👉🏻**Скоріше переходьте за посиланням та дивіться**: https://youtu.be/1WcRjm8BP-Y",,,
13565,"🇷🇴**МЗС Румунії не залишили без уваги заяву старого маразматика (за сумісництвом - екс-міністра закордонних справ) та прокоментували її:

**__""Ці заяви кричущо суперечать офіційній позиції Румунії щодо незаконної, невиправданої та неспровокованої агресії росії проти України, а також основоположним принципам міжнародного права, які регулюють сьогодні міжнародні відносини"", __- йдеться в прес-релізі МЗС. 

📎Крім того, MЗС Румунії додає, що «__рішуче відкидає позицію пана Марги, який переймає, заохочує та поширює зловмисні наративи, опубліковані росією__» та підтверджує свою тверду підтримку суверенітету та територіальної цілісності України в межах її міжнародно визнаних кордонів.",,,
13566,"🫠**Епопея з танком у Нарві триває

**Цього тижня група промосковських жителів Нарви** подала скаргу до Талліннського адміністративного суду** щодо демонтажу пам'ятників совкової армії. 

💭У скарзі мешканці вимагають скасувати наказ генерального директора Управління поліції та прикордонної охорони про демонтаж пам’ятників із громадського простору. Сюди ж входить вимога **скасувати вивіз танка «Нарва»** і передачу його до Естонського військового музею. Вони також хочуть **визнати цей наказ незаконним.

**👀Інтриги до цієї ситуації додає заява міського голови Нарви Катрі Райк, що кілька тижнів тому **заявила про намір покинути посаду голови** у разі розгляду судом цього позову. 

🤷‍♂️Московити зуміли з колись бойової машини зробити політичний важіль, саме тому нам треба щонайшвидше позбавлятись цієї погані з нашої землі.",,,
13567,"[🔄](https://deepstatemap.live/)**Ситуація на фронтах станом на 18 вересня

**🔘На **Сватівському** напрямку - тривають бої на підступах до Лиману. Чекаємо новин по Яровій та сусідніх селах.

🔘**Бахмутський **відтинок - ситуація складна, з'явилося відео наших в [Білогорівці](https://t.me/DeepStateUA/14162), що на Луганщині. Біля Бахмута ворог зупинений, на південній околиці по трасі тривають бої. Просувань ворога не зафіксовано.

🔘**Авдіївський** відтинок - уточнено лінію фронту біля Красногорівки. Є просування ворога в бік Невельського.

🔘**Запорізький **відтинок - без змін. 

🔘**Херсонський** напрямок - виходячи з останніх звітів ГШ, стає невідомою ситуація в Петрівці та Любимівці.

🖍У випадку **неточностей на карті**, ви можете нам повідомити через бот @newsdeepstatebot. 

🧷Нагадуємо, що в загальному доступі не може існувати точної карти бойових дій, а інформацію, як переможну так і не дуже, завжди краще сприймати зі скепсисом і чекати візуальних підтверджень чи повідомлення ГШ ЗСУ. Ну і звісно, довіряйте перевіреним джерелам.",,,
13568,"**📍6 днів тому почалася зачистка Білогорівки (Луганської області) і сьогодні вперше з'явилися кадри нашої техніки в селі

**deepstatemap.live/#16/48.9223/38.2545

🤝Нагад**аємо, що ми створили окремий канал для різних волонтерських новин та **запитів - @help_deepstateua, а на сайті help.deepstateua.com/ фіксуються абсолютно всі ваші транзакції.",,,
13569,"**📍Користувач твітера опублікував геолокацію удару нашої артилерії по московському танку в Давидовому Броді

**deepstatemap.live/#16/47.2403/33.2011",,,
13570,"🤦🏻‍♂️**І про стандарти пропаганди: обрізаєш зовсім ліве відео і видаєш його скріншот за свіжу публікацію

**Біломосковське видання 4esnok, що стабільно лиже москалям, цього разу невдало опублікувало скріншот з ""унічтожєнія 230 каратєлей"", використавши світлину з роботи азербайджанського Байрактара, ба більше в мета даних прописано, що скріншот з відео удару по вірменським солдатам

Перевірити - https://t.co/4jjizgdeGV

[Магазин](https://deepstateua.shop/)▫️[Блог](https://deepstateua.com/)▫️[Мапа](https://deepstatemap.live/)▫️[Написати нам▫️](http://t.me/newsDeepStatebot)[Звіти](https://help.deepstateua.com/)▫️[ЗСУHelp](https://t.me/help_deepstateua)",,,
13571,"**🔥Цьогорічне загострення між 🇰🇬Киргизстаном та 🇹🇯Таджикистаном дійшло до того, що перший застосував байрактари

**🤔Таким чином, це вже п'ята війна (🇸🇾Сирія, 🇱🇾Лівія, 🇦🇿Карабах, 🇺🇦Україна) де було застосовано цей популярний турецький БПЛА. 

🇰🇬Киргизстан закупив невідому кількість байрактарів у жовтні 2021, зробивши висновки після аналогічного загострення на кордонах у квітні того ж року.

[Магазин](https://deepstateua.shop/)▫️[Блог](https://deepstateua.com/)▫️[Мапа](https://deepstatemap.live/)▫️[Написати нам▫️](http://t.me/newsDeepStatebot)[Звіти](https://help.deepstateua.com/)▫️[ЗСУHelp](https://t.me/help_deepstateua)",,,
13572,"**🔥Правильні хлопці спалили неправильні ганчірки, яким не місце в Україні

**Символічно, що це відбулося на Харківщині, де Червона армія окупантів XXI сторіччя понесла таку ж поразку, як і їх предки з XX століття.

[Магазин](https://deepstateua.shop/)▫️[Блог](https://deepstateua.com/)▫️[Мапа](https://deepstatemap.live/)▫️[Написати нам▫️](http://t.me/newsDeepStatebot)[Звіти](https://help.deepstateua.com/)▫️[ЗСУHelp](https://t.me/help_deepstateua)",,,
13573,"🎥**Раніше ми споглядали весняні кадри краденого з Київщини та Сіверщини, тепер осінні кадри аналогічної картини зі Слобожанщини

**[Магазин](https://deepstateua.shop/)▫️[Блог](https://deepstateua.com/)▫️[Мапа](https://deepstatemap.live/)▫️[Написати нам▫️](http://t.me/newsDeepStatebot)[Звіти](https://help.deepstateua.com/)▫️[ЗСУHelp](https://t.me/help_deepstateua)",,,
13574,"**🤕""Україна має віддати свої території Угорщині, Румунії, Польщі та росії"" – зригнув екс-глава МЗС Румунії Андрій Марга

**«__Скажу прямо, з усією відповідальністю. Україна перебуває у неприродніх кордонах. Вона має поступитися територією. Угорщині – Закарпаття, Польщі – Галичину, Румунії – Буковину, а росії – Донбас та Крим. Це території інших країн. Інакше буде конфлікт»

💊__Здається, дід забув випити__ __пігулки…або сліпий та не бачить, що стається з тими, хто вже спробував нас ""розділити"".

__UPD. 🤷‍♂️Схоже не всі розуміють, що насправді відбулось - це лише заява старого діда-маразматика, що пробув на посаді 3 місяці у 2012 році, однак багато хто в коментарях занадто узагальнює,  **румуни нам не вороги.**__",,,
13575,"[🔄](https://deepstatemap.live/)**Ситуація на фронтах станом на 17 вересня

**🔘На **Сватівському** напрямку - ЗСУ взяли під контроль лівий берег [Купянська](https://t.me/DeepStateUA/14147). Звільнено [Щурове ](https://t.me/DeepStateUA/14152)та [Діброву](https://t.me/DeepStateUA/14150).

🔘**Бахмутський **відтинок - бої тривають біля Білогорівки, Спірного, Соледару, Бахмута та Курдюмівки.

🔘**Авдіївський** відтинок - ворог просунувся впритул до Красногорівки.

🔘**Запорізький **відтинок - схоже офіційних повідомлень не буде. 

🔘**Херсонський** напрямок - йдуть бої біля Правдиного та на Інгулецькому плацдармі.

🖍У випадку **неточностей на карті**, ви можете нам повідомити через бот @newsdeepstatebot. 

🧷Нагадуємо, що в загальному доступі не може існувати точної карти бойових дій, а інформацію, як переможну так і не дуже, завжди краще сприймати зі скепсисом і чекати візуальних підтверджень чи повідомлення ГШ ЗСУ. Ну і звісно, довіряйте перевіреним джерелам.",,,
13576,"📍**Над церквою в селі Щурове піднято український прапор**. Варто розуміти, що фактичне повернення під контроль відбулося раніше, а зараз вже село нарешті дозріло до опублікування бійцями

Таким чином, утримання московитами Лимана та Ямполя стає проблемою. У випадку втрати одного стратегічного села, у москалів буде складний вибір з приводу цих двох населених пунктів.

deepstatemap.live/#14.5/48.9643/37.7347",,,
13577,"**🔥Команда DeepStateUA спільно з проектом ""Карта бойових дій"" продовжує аналізувати найцікавіші події з фронту

**🧐Які нові населені пункти звільнили ЗСУ? Чи вдалося закріпитися на українському кордоні у Харківській області? Чи відбувся прорив на Луганщину? Чому Путін вдарив ракетами по водосховищі у Кривому Розі? Яка зараз ситуація у Херсонській області – чи є там контрнаступ ЗСУ?

👉🏻**Скоріше переходьте за посиланням та дивіться**: https://youtu.be/9RnnEcKhi2M",,,
13578,"📍**НГУ звільнила Діброву, що біля Лиману**

deepstatemap.live/#14.25/48.9226/37.8572",,,
13579,"⚡️**Нарешті вдалося відновити нормальну роботу для нашого бота, призначеного для комунікації з нами, Лассарда** - https://t.me/newsDeepStatebot

З понеділка були серйозні проблеми із доставкою повідомлень. Зараз бот знову працює в штатному режимі.

АЛЕ ми не можемо відписати тим, з ким мали комунікацію до поломки. Тому прохання писати нам першими.",,,
13580,"[🔄](https://deepstatemap.live/#11.75/49.6786/37.5808)**Мапу оновлено. Враховано звільнення лівобережної частини Куп'янська**. Багато часу забрало друге відео, яке на скріншоті

[Магазин](https://deepstateua.shop/)▫️[Блог](https://deepstateua.com/)▫️[Мапа](https://deepstatemap.live/)▫️[Написати нам▫️](http://t.me/newsDeepStatebot)[Звіти](https://help.deepstateua.com/)▫️[ЗСУHelp](https://t.me/help_deepstateua)",,,
13581,"**📍Лівобережна частина міста Куп'янська переходить в синю зону**. Сьогодні з'явилося відео від підрозділу KRAKEN, де було продемонстровано підбиту техніку на території одного із заводів та машину з орками на виїзді

deepstatemap.live/#14.5/49.7124/37.6406",,,
13582,"**📍Друзі, починаємо наш п'ятничний географічний квест о 20:00

Заходимо і реєструємося - ****https://www.geoguessr.com/join/SKUQ****

**Цього разу квест буде змішаним. 

Перші сім місць зможуть стати учасниками нашого OSINT-діалогу, але звісно після верифікації. Писати в наш бот @newsdeepstatebot",,,
13583,"**🔢По відвідуваності мапи можна оцінювати рівень зацікавленості до російсько-української війни

**Зараз звісно пішов спад через зменшення новин з фронту.

📍Традиційний квест в ОСІНТ, сьогодні о 20:00.",,,
13584,"⚠️**Підтримуємо Генеральний Штаб**. Політичним спекуляціям та хайпуванню не місце, коли на порозі ворог і ми ведемо запеклу війну.",,,
13585,"[💣](https://i.imgur.com/XqsHVf9.jpeg)**Пропагандони повідомляють, що вибух стався в кабінеті так званого Генерального прокурора ЛНР, який там і загинув, хоч спершу писали лише про відірвану руку. Також ліквідована його заступниця.** 

🐽Жирна свинка Сер-гєй Горенко мав 40 років від дня народження (6 квітня 1982).

🎓У 2003 закінчив Луганську академію внутрішніх справ. Працював на різних посадах в області, від слідчого до оперативного уповноваженого. Остання посада на службі Україні — начальник відділу розслідувань з обігу наркотичних речовин.

⚖️У 2014 приєднався до бойовиків. Спершу був першим замом Генерального прокурора так званої ЛНР, на цій посаді проводив розслідування та брифінг стосовно ліквідації командира батальйону «Прізрак» алєксєяа мозгового. З 2017 в.о Генпрокурора, а у 2019 отримав посаду повноцінного Генерального прокурора. 

✈️У ЗМІ для широкого загалу з'явився у 2021, коли його пси їздили у Біломосковію на допит викраденого КДБ Романа Протасевича. 

🪖За тиждень до вторгнення, 18 лютого потрапив у ЗМІ коли виклав у своєму інстаграмі відео стрільби з гармати Д-30 по нашим позиціям. (заборонена діючими тоді Мінськими угодами). Після цього інциденту видалив свій інстаграм.

📝Був присутній на формальних зустрічах з підписання угод про співпрацю між московією та його банановою республікою. Остання його гучна заява, це пропозиція 6 серпня додати в Кримінальний кодекс ЛНР статті за саботаж та шкідництво по причині __""активізації українських та Западник спецслужб на тєріторіі рєспублікі"".

__🤔Лишається відкритим питання хто його ліквідував. Чи це громадянська війна в ЛНР за бюджети, чи нагадування від наших спецслужб про недопустимість смертних вироків нашим полоненим, бо інакше будуть виконані смертні вироки їх прокурорам різних рівнів та рангів.",,,
13586,"**🎁Серед моря торгівельне судно знайшло дірявий пліт, на 20 місць, яким намагались евакуюватись з Крейсера «мацква». 

**🤔За словами Державної прикордонної служби, пліт був несправний і тримався на воді лише за рахунок прив'язаних рятувальних жилетів. Ну і як не дивно, москалі окрім своїх життів намагались врятувати гроші, які лежали у водонепроникному мішку. 

🤷🏼‍♀️Про долю кацапів серед Чорного моря на несправному плоту з мішком грошей — нічого невідомо.

[Магазин](https://deepstateua.shop/)▫️[Блог](https://deepstateua.com/)▫️[Мапа](https://deepstatemap.live/)▫️[Написати нам▫️](http://t.me/newsDeepStatebot)[Звіти](https://help.deepstateua.com/)▫️[ЗСУHelp](https://t.me/help_deepstateua)",,,
13587,"**📍Русня видає кадри з пд-зх сторони Пісків за Соледар 🤦🏻‍♂️

**[Магазин](https://deepstateua.shop/)▫️[Блог](https://deepstateua.com/)▫️[Мапа](https://deepstatemap.live/)▫️[Написати нам▫️](http://t.me/newsDeepStatebot)[Звіти](https://help.deepstateua.com/)▫️[ЗСУHelp](https://t.me/help_deepstateua)",,,
13588,"**📍Заява ISW про відхід кацапів з Киселівки також не відповідає дійсності. Вчора туди приїздив їхній воєнкор

**[Магазин](https://deepstateua.shop/)▫️[Блог](https://deepstateua.com/)▫️[Мапа](https://deepstatemap.live/)▫️[Написати нам▫️](http://t.me/newsDeepStatebot)[Звіти](https://help.deepstateua.com/)▫️[ЗСУHelp](https://t.me/help_deepstateua)",,,
13589,"📍**Розставляємо крапки над ї для Олександрівки, що на Херсонщині - село поки що окуповано

**🍉Повідомлення про звільнення Олександрівки є брехнею, яку поширили ж московські тг-канали. Причиною стало те, що бійцям ЗСУ, які заїжджають в село, місцеві дають маленький кавун і у відповідь кажуть, що вони в Олександрівці.

🔘На відео наші заїжджають з Самарського по полю.

👉🏻А от **в Олександрівці на Херсонщині зараз сидять ""бабуїни денере"". На свіжому відео вони демонструють вигляд на Олександрівський заказник та знищену місцеву школу.**

🧻А хайпожерам час вже зупинитися, бо туалетного паперу на всіх не вистачить.",,,
13590,"👀**Тим часом на кордоні між Таджикистаном та Киргизстаном відновились сутички 

**🤝За попередньою домовленістю між ОДКБ було запроваджено режим тиші, однак наразі повідомляється про перестрілки на кордоні спірних територій. 

🇰🇬**Прикордонна служба Киргизстану стверджує про застосування важкої техніки таджиками**, а також про зайняття будівлі школи ворожими військовими в селі Ак-Сай. Кілька днів тому повідомлялось про обстріли прикордонного пункту в районі цього поселення, тепер ж є відео, що свідчить про його зайняття 🇹🇯таджицькими військовими.

🤷‍♂️В мережі шириться відео з ймовірним перекиданням ЗС Киргизстану колони Т-72 та БМП-2 до прикордонних районів.",,,
13591,"**💥Підрив ""бабуїнів"" в окупованому Луганську

**deepstatemap.live/#16/48.5722/39.3107

🤝Нагад**аємо, що ми створили окремий канал для різних волонтерських новин та **запитів - @help_deepstateua, а на сайті help.deepstateua.com/ фіксуються абсолютно всі ваші транзакції

[Магазин](https://deepstateua.shop/)▫️[Блог](https://deepstateua.com/)▫️[Мапа](https://deepstatemap.live/)▫️[Написати нам▫️](http://t.me/newsDeepStatebot)[Звіти](https://help.deepstateua.com/)▫️[ЗСУHelp](https://t.me/help_deepstateua)",,,
13592,"[🇦🇲](https://i.imgur.com/BoZliW8.jpeg)**🇦🇿Поки наші військові роблять свою справу - короткий дайджест минулих подій на Карабаху:

📍Азербайджан звітує про взяття контролю над понад 50 бойовими позиціями та командними висотами Вірменії

**— Зокрема зазначається про знищення двох дивізіонів С-125 та двох С-300, кількох десятків гаубиць та мінометів, а також близько 450 чоловік особового складу. В свою чергу Пашинян повідомив про окупацію азербайджанцями понад 10 квадратних кілометрів Вірменії, місцеві ЗМІ визнають втрати позицій, а також президент Вірменії повідомив про підтверджених 135 загиблих військових, цифра може збільшуватись. 

🤝 **З 14 вересня 19:00 відбулось припинення вогню на всіх напрямках

**— У ЄС назвали цю угоду ""задовільною"".

— «__Нас тішать місцеві повідомлення про те, що режим припинення вогню все ще дотримується. Ми закликаємо сторони продовжувати його реалізацію та координувати гуманітарні кроки, такі як передача тіл солдатів.__» - спеціальний представник ЄС Тойво Клаар.

— 🤷‍♂️**У Кремлі також сподіваються на дотримання угоди**, про що повідомила московська п'яниця Захарова, однак Алієв вже обговорив ситуацію з своїм колегою Ердоганом, котрий зазначив, що провокативні дії Вірменії матимуть наслідки.

— Сьогодні також очікується зустріч верховного пуйла та президенту Азербайджану, де Московія (за словами Пєскова) сподівається дійти до компромісу між конфліктуючими сторонами.

— 🤨Абсурду до ситуації додає звернення Пашиняна до Блінкена, що пообіцяв також допомогти у врегулюванні ситуації між державами. ОДКБ проявило повну імпотентність.",,,
13593,"[**🗓**](https://i.imgur.com/BoZliW8.jpeg)** Нічний дайджест з політичного фронту:

🇪🇪🧟‍♂️Естонія припиняє митну співпрацю з Московією 

**— Про це повідомив міністр закордонних справ Урмас Рейнсал, зазначивши що це важливий крок для зведення відносин Естонії зі східним сусідом до мінімуму.

**🇪🇺🇭🇺Європарламент заявляє, що Угорщина більше не є ""повноцінною демократією""

**— Подібного роду звіт опублікувала прес-служба парламенту, підпис ""за"" поставило 433 депутата, ще 123 - ""проти"". Цей звіт може спонукати до відновлення розгляду статті номер 7 ""Існування очевидного ризику серйозного порушення Угорщиною цінностей Євросоюзу"" та ще більше віддалити їхню співпрацю. 

— Деякі європарламентарі вже вважають Угорщину ""виборчою автократією""🤔.

**🇨🇳🧟‍♂️Китай ""готовий відігравати провідну роль з росією""

**— 💭Китай готовий співпрацювати з Московією, щоб «відіграти провідну роль і внести стабільність і позитивну енергію у світ, який стрясається соціальними заворушеннями», — сказав Сі Путіну на саміті Шанхайської організації співробітництва (ШОС) у Самарканді, Узбекистан.

— 🤷‍♂️Схоже Китай досі не може відмовитись від структури ""землі на трьох китах"" або боїться втратити власне місце. 

**🇵🇱🇩🇪Сейм Польщі ухвалив резолюцію про репарації від Німеччини 

**— 😂Сейм закликав уряд Німеччини ""однозначно прийняти політичну, історичну, правову та фінансову відповідальність"" за всі наслідки, спричинені Польщею та її громадянами в результаті розв'язування Третім Рейхом Другої світової війни.

— 💭«__Сейм Республіки Польща заявляє, що належним чином представлена   польська держава ніколи не відмовлялася від претензій до німецької держави. Твердження про те, що ці вимоги були відкликані в законному порядку або прострочені, не мають жодних підстав – ні моральних, ні правових. Шкода, завдана мільйонам поляків, буде кричати, доки вона не буде справедливо виправлена__», – йдеться в резолюції.

—  🍉Також Анджей Дуда заявив, що Польща повинна вимагати воєнні репарації не лише від Німеччини,** але й від Московії.** «__Німеччина розпочала Другу світову війну і напала на Польщу. Звичайно, росія потім приєдналася до цієї війни. Тому вважаю, що репарації маємо також вимагати і від росії__», - сказав Дуда у інтерв'ю Wprost.",,,
13594,"📍**Доволі цікаве відео удару з дрону бійцями ДПС по москалям. Судячи з відео вони кудись зібралися

**deepstatemap.live/#15.5/49.6630/37.6485

🤝Нагад**аємо, що ми створили окремий канал для різних волонтерських новин та **запитів - @help_deepstateua.

[Магазин](https://deepstateua.shop/)▫️[Блог](https://deepstateua.com/)▫️[Мапа](https://deepstatemap.live/)▫️[Написати нам▫️](http://t.me/newsDeepStatebot)[Звіти](https://help.deepstateua.com/)▫️[ЗСУHelp](https://t.me/help_deepstateua)",,,
13595,"🕯**В Ізюмі знайдено кладовище на 440 місць поховань

**Чому саме місць поховань? Бо невідомо скільки тіл може лежати в кожній могилі.

Крім того, точно є випадки коли тіла наших через те, що ворог захопив територію, не можна було забрати і кацапи їх так і залишали або закопували в одну ямку. 

Коли біля Ізюму з'явилася сіра зона, то нам відразу написали з однієї бригади уточнити чи правда, бо треба забрати тих, кого не вдалося тоді.

🌎Маємо сподівання, що до всіх заходів з ексгумації долучать іноземних експертів, які зможуть оцінити що насправді відбулося в окупації із загиблими мешканцями.",,,
13596,"[⚡️**Оновили**](https://deepstatemap.live/)** мапу з урахуванням того, що вдалося опрацювати і того, що можливо показати.** За останні дні багато з'явилося візуальних матеріалів. Ми додатково всередині команди консультуємося з приводу зміни по зонам, щоб в деяких вищих чинів не було претензій

Палки в колеса ставлять** фейкові заяви блогерів** та неоднозначність заяв ГШ. По Благодатному з місць кажуть не те, що гуляє в телеграм-каналах. 

Крім того, ворог провів ряд стабілізаційних заходів. Дехто опублікував фейкову локацію для підняття рівня перемоги, але це більше шкодить насправді. Бо кацап теж добре знає де лінія фронту.",,,
13597,"📍**На одному з відео, яке опублікувало НГУ, можна побачити вдалі кадри міського бою (в селі - так) в Діброві**. Ті, хто називають Діброву Лиманом, вводять людей в оману

🤝Нагад**аємо, що ми створили окремий канал для різних волонтерських новин та **запитів - @help_deepstateua.",,,
13598,"[**🔄**](https://deepstatemap.live/)**Ситуація на фронтах станом на 15 вересня

**🔘На **Харківщині** - ситуація без змін. Московська армія підтвердила вихід із Студенка та околиць.

▪️В районі **Діброви**, що на південь від Лиману, точаться бої.

🔘**Бахмутський **відтинок - ситуація складна, проте на північному сході від Бахмута ворог має сильні проблеми у здійснені наступальних дій. Невідома ситуація на трасі біля Курдюмівки.

🔘**Авдіївський** відтинок - немає суттєвих змін, виглядає на ситуацію-тупик.

🔘**Запорізький **відтинок - чекаємо офіційних повідомлень. 

🔘**Херсонський** напрямок - поки що заяви про те, що Благодатне не знаходиться ні під чиїм контролем є хибним. У селі досі перебуває ворог.

🔴У випадку **неточностей на карті**, ви можете нам повідомити через бот @newsdeepstatebot. 

↔️Нагадуємо, що в загальному доступі не може існувати точної карти бойових дій, а інформацію, як переможну так і не дуже, завжди краще сприймати зі скепсисом і чекати візуальних підтверджень чи повідомлення ГШ ЗСУ. Ну і звісно, довіряйте перевіреним джерелам.",,,
13599,"**📍110 ОМБр наносить удари по москалям між Новобахмутівкою та Новоселівкою Другою

**🤝Нагад**аємо, що ми створили окремий канал для різних волонтерських новин та **запитів - @help_deepstateua.

[Магазин](https://deepstateua.shop/)▫️[Блог](https://deepstateua.com/)▫️[Мапа](https://deepstatemap.live/)▫️[Написати нам▫️](http://t.me/newsDeepStatebot)[Звіти](https://help.deepstateua.com/)▫️[ЗСУHelp](https://t.me/help_deepstateua)",,,
13600,"**📍Контроль над Лиманом на даний час підтверджується за ворогом**. Заяви ""лідерів думок"" про втрату ними Лиману, на жаль, не відповідає дійсності

🤝Нагад**аємо, що ми створили окремий канал для різних волонтерських новин та **запитів - @help_deepstateua.

[Магазин](https://deepstateua.shop/)▫️[Блог](https://deepstateua.com/)▫️[Мапа](https://deepstatemap.live/)▫️[Написати нам▫️](http://t.me/newsDeepStatebot)[Звіти](https://help.deepstateua.com/)▫️[ЗСУHelp](https://t.me/help_deepstateua)",,,
13601,"📎**За даними порталу Oryx, який займається візуальною документацією втраченої техніки у війні, московія вже втратила щонайменше 6049 одиниць військової техніки

**З них 3768 знищено, 137 пошкоджено, 303 покинуто і 1841 захоплено.

Цікавий факт, що друга армія світу віддала нам трофеями 356 танків, при цьому що ми втратили 263 танки.",,,
13602,"**🔴Місяць тому ми прохали вас підтримати** - аудиторія збільшилася: просимо знову

📜Друзі, ми не часто постимо електронні петиції, але ця людина достойна такої нагороди. 

**Присвоїти командиру ""Карпатської Січі"", Куцину Олегу Івановичу, звання Героя України, посмертно.

Посилання на петицію**: https://petition.president.gov.ua/petition/159880",,,
13603,"😳**До нас у полон потрапив ""нестандартний голандець""

**Зазвичай, фантазія кацапів закінчується на підписах чіта-дєгєстан, але не цього разу.

[Магазин](https://deepstateua.shop/)▫[️](https://twitter.com/Deepstate_UA)[Блог](https://deepstateua.com/)▫[️Мапа](https://deepstatemap.live/)▫[️Написати нам▫️](http://t.me/newsDeepStatebot)[Звіти](https://help.deepstateua.com/)▫[️ЗСУHelp](https://t.me/help_deepstateua)",,,
13604,"**🇦🇲🇦🇿У будь якій незрозумілій ситуації у Вірменії, коли на тебе нападають...штурмують парламент👀**",,,
13605,"🇦🇲🇦🇿У Вірменії збирається мітинг проти дій влади щодо наступу Азербайджану

😏Азербайджан почав, а точніше продовжив, активні бойові дії щодо Вірменії, обстрілюючи територію, яку займають вірменські війська, а також просунулися, як заявив Пашинян, на 10 квадратних кілометрів. В публічний простір потрапили чутки, нібито влада хоче підписати черговий договір з Азербайджаном, який, як завжди, символізує поразку вірмен. 

🤦🏻‍♂️Найсмішніше в цьому всьому - в інтернеті вірмени масово висловлюють обурення в сторону Азербайджану і дорікають про бездіяльність Пашиняна. Але чомусь в часи, коли на країну напали - вірмени не йдуть у військомати вибивати ворога зі своєї території. Вони подали заявку про допомогу московії, яка має допомогти витіснити азербайджанські війська (тут вже можете сміятися - цього ніколи не буде). Ми вже писали [пост про ""синдром вірменина""](https://t.me/DeepStateUA/13835) і зараз ви можете його споглядати.

👀Ердоган вже натякнув, що Вірменія йде не тим шляхом. Алієв демонструє це на практиці. московія і договір з нею, не вартий навіть паперу, на якому він підписаний, русня удобрює українську землю. А вірмени дивуються, чому їм ніхто не допомагає, поки вони чекають русню і обирають мітинги замість військоматів. Світ обирає сильних - і практика показує, що світ обирає нас, які ведуть боротьбу за свою землю, а не слабких мітингарів.",,,
13606,"**🐷З приводу Кремінної... з'явилося відео з жирною свинкою Філопоненком біля Кремінського ліцею №2**. Ця недолюдина любить позніматися на фоні загиблих наших солдат, тому його справедлива доля - лише куля чи снаряд арти",,,
13607,"**❗️Сьогодні ~~русня~~ терористи вдарили по критично важливій інфраструктурі в Кривому Розі

**🗣**Оперативне угрупування військ ""Каховка""** повідомляє, що було ймовірно здійснено удар з літака **Ту-95МС ракетами Х-101. 8 ракет. 

**__""Сьогодні російські війська направили максимальну кількість своєї зброї на гідротехнічні споруди. Мета очевидна – спроба створити надзвичайну ситуацію""__, - повідомив заступник глави Офісу президента **Кирило Тимошенко.** Вода в річці** Інгулець** піднімається і про всі наслідки ми почуємо згодом. 

🤬""Друга армія світу"" не вміє воювати, вона не здатна ні на що. І коли немає військової потуги, то держава-терорист вдається до терористичних актів проти цивільного населення, наносячи ракетні удари по критичній інфраструктурі. Відповідь має бути подвійною, потрійною. Без жалю. Бо не можна жаліти нелюдів, які чхали на правила і закони. І ми впевнені відповідь буде. Якісна і точна, як у найкращої армії в світі😈",,,
13608,"📍**Пам'ятаєте наш колега на ефірі розповідав, що зараз лівий берег річки Оскіл під нашим вогневим контролем? Так от 80 ДШБр вже знищує ворожу техніку 

**І це ще не єдине відео.

🤝Нагад**аємо, що ми створили окремий канал для різних волонтерських новин та **запитів - @help_deepstateua.

deepstatemap.live/#16/49.1726/37.4623",,,
13609,"[🔘](https://deepstatemap.live/)**Оновили мапу, ситуація в деяких місцях досі складна і потребує уточнення**. Через хайпожерів час на перевірку суттєво зріс, тому коли ви бачите Сергія та Гайдая, який сам виводить і заводить ворожі війська з якогось села - передавайте привіт

[Магазин](https://deepstateua.shop/)[▫️](https://twitter.com/Deepstate_UA)[Блог](https://deepstateua.com/)▫️[Мапа](https://deepstatemap.live/)▫️[Написати нам▫️](http://t.me/newsDeepStatebot)[Звіти](https://help.deepstateua.com/)[▫️ЗСУHelp](https://t.me/help_deepstateua)",,,
13610,"🎁**Перший трофейний Т-62

**Із кінця травня, коли кацапи почали відправляти їх в Україну, це перший випадок трофеїзації цього мотлоху. Також, на Oryx є 1 візуально підтверджений знищений танк.

[Магазин](https://deepstateua.shop/)[▫️](https://twitter.com/Deepstate_UA)[Блог](https://deepstateua.com/)▫️[Мапа](https://deepstatemap.live/)▫️[Написати нам▫️](http://t.me/newsDeepStatebot)[Звіти](https://help.deepstateua.com/)[▫️ЗСУHelp](https://t.me/help_deepstateua)",,,
13611,"[**🔄**](https://deepstatemap.live/)**Ситуація на фронтах станом на 14 вересня

**🔘На **Харківщині** - проведено фронт по лінії річки Оскіл, на схід від Ізюма схоже москалі втрачають як мінімум оперативний контроль на лівому березі. 

🔘**Бахмутський **відтинок - на південь від Бахмута москалі продовжують давити з Кодеми, ворог повідомляє, що Миколаївка Друга під його контролем, дане твердження на перевірці.

🔘**Авдіївський** відтинок - немає суттєвих змін, виглядає на ситуацію-тупик.

🔘**Запорізький **відтинок - чекаємо офіційних повідомлень. 

🔘**Херсонський** напрямок - МО московії заявило про удар по нашим позиціям в Брускинському. Тривають бої біля Тернових Подів та Давидового Броду.

🔴У випадку **неточностей на карті**, ви можете нам повідомити через бот @newsdeepstatebot. 

↔️Нагадуємо, що в загальному доступі не може існувати точної карти бойових дій, а інформацію, як переможну так і не дуже, завжди краще сприймати зі скепсисом і чекати візуальних підтверджень чи повідомлення ГШ ЗСУ. Ну і звісно, довіряйте перевіреним джерелам.",,,
13612,"**📍""Чорні Запорожці"" завдали удару по позиціям московитів у Єгорівці**. Як мінімум мінус БТР

deepstatemap.live/#14.75/47.7054/37.2119",,,
13613,"**🔥Друзі, наша волонтерська діяльність з кожним днем розширюється та посилюється. Кожного дня до нас звертаються із запитами, кожного дня ми отримуємо нові виклики, завдання та перешкоди

**🫡Щодня і щоночі ми докладаємо максимум зусиль для перемоги, допомагаючи військовим на передовій. Тож ми вирішили для підвищення мобільності та розширення можливостей придбати собі автомобіль.

🚚Шукаємо якогось нормального буса, який ми зможемо використовувати для наших волонтерських потреб, **не за всі кошти світу, бо купуємо за свої, які нашкребли**😰

👉🏻Якщо у вас є варіанти авто, який ви б могли продати, пишіть нам на нашого бота:@newsdeepstatebot",,,
13614,"🇺🇦❤️**Сьогодні деокупований Ізюм відвідав президент України Володимир Зеленський

💪🏻**Це ще раз демонструє всю** «**мощь» другої армії світу, яка клала пачками своїх свинособак, щоб взяти цей населений пункт, а українська армія відвоювала його за декілька днів.

Вічна пам'ять полеглим героям.",,,
13615,"**📍Поки що немає підстав вважати про прорив до Чорнобаївки по трасі Е-58, про яку каже значна частина експертів

**Рекомендуємо почекати з висновками і вірити в ЗСУ.

[Магазин](https://deepstateua.shop/)[▫️](https://twitter.com/Deepstate_UA)[Блог](https://deepstateua.com/)▫️[Мапа](https://deepstatemap.live/)▫️[Написати нам▫️](http://t.me/newsDeepStatebot)[Звіти](https://help.deepstateua.com/)[▫️ЗСУHelp](https://t.me/help_deepstateua)",,,
13616,"🇦🇲🇦🇿**Після сьогоднішніх сутичок між Вірменією та Азербайджаном відбулося засідання ОДКБ, де промосковський союз вирішив захистити Вірменію і оголосити.... про відправку генсека на кордон двох країн 

**Звертаємо увагу, що удари відбулися вже і по самій Вірменії, а не тільки по Карабаху. В результаті 49 вірменських солдат загинуло. Фактично ОДКБ зараз неефективне, адже основне військове ядро вмирає в Україні.

[Магазин](https://deepstateua.shop/)[▫️](https://twitter.com/Deepstate_UA)[Блог](https://deepstateua.com/)▫️[Мапа](https://deepstatemap.live/)▫️[Написати нам▫️](http://t.me/newsDeepStatebot)[Звіти](https://help.deepstateua.com/)[▫️ЗСУHelp](https://t.me/help_deepstateua)",,,
13617,"📢**Сьогодні ми оголошуємо перший відкритий набір у корпус авторів DeepState.

**🧐Команда** DeepStateUA** вже не один рік споглядає за динамічними процесами в країні та світі. Тож ми запустили проект deepstateua.com, де кожен пересічний громадянин зможе висловити свої думки на велику аудиторію, поділитись своїми знаннями у різних сферах, аби зробити свій внесок у вигляді знань до горнила формування українського громадянського суспільства. 

🤓Інформація, що буде розміщуватись на сайті покликана розширити кругозір читачів, допомогти зануритись у питання політики, оборонної промисловості, ін. Знання, які будуть в легкому доступі на одному ресурсі дозволять всім бажаючим почати свій шлях розвитку в темах, що їх цікавлять. 

**👉🏻Податись на відбір можна заповнивши анкету за посиланням⤵️

📋Анкета: ****https://docs.google.com/forms/d/e/1FAIpQLSdeSpvw9R1cpbBeElVt9yHI1EQtCeFKxMvClT1wbcoOgkd6dQ/viewform**",,,
13618,"[😎](https://youtu.be/W1kkwYze_JM)**В прямому ефірі 24 каналу говорили про нашу, вже відому на весь світ, мапу - **[DeepStatemap

](https://deepstatemap.live/#6/49.438/32.053)👉🏻 Ситуація на Сході та Півдні України. Переходьте за посиланням та дивіться про актуальну карту бойових дій. 

**🌐Посилання**: https://youtu.be/W1kkwYze_JM",,,
13619,"[**🔄**](https://deepstatemap.live/)**Ситуація на фронтах станом на 12 вересня

**🔘На **Харківщині** - наші підрозділи фактично вийшло на державний кордон до річки Оскіл. 

▪️По Лиману і Ямполю у ворога з'явилися проблеми з утриманням цих населених пунктів. Ситуація дуже динамічна і нанести її на мапу немає можливості.

🔘**Бахмутський **відтинок - на південь від Бахмута москалі продовжують давити з Кодеми, можливо навіть їм вдалося перерізати траси.

🔘**Авдіївський** відтинок - бої на стику Первомайського та Пісок. На південь від Мар'їнки ворог користується перевагою в артилерії і має певні успіхи. Судячи з того, що основний удар зараз там, у самому місті Мар'янка московити мають великі проблеми. Але загалом спостерігається їх перевага в живій силі та артилерії. 

🔘**Запорізький **відтинок - чекаємо офіційних повідомлень. 

🔘**Херсонський** напрямок - тривають бої за Архангельське, малими силами ворога вибити не вдалося. Москаль укріпився по лінії Зелений Гай-Благодатне. Нас самих цікавить ситуація по Давидовому Броду, адже гарнізон ворога там значний і втрата Білогірки декілька днів тому мала створити йому проблеми.

🔴У випадку **неточностей на карті**, ви можете нам повідомити через бот @newsdeepstatebot. 

↔️Нагадуємо, що в загальному доступі не може існувати точної карти бойових дій, а інформацію, як переможну так і не дуже, завжди краще сприймати зі скепсисом і чекати візуальних підтверджень чи повідомлення ГШ ЗСУ. Ну і звісно, довіряйте перевіреним джерелам.",,,
13620,"🔥**Наша команда DeepState продовжує випускати хронологію російсько-української війни 

🎥200-й день війни** вже на нашому **YouTube** каналі. Скоріше переходьте та дивіться.

**▶️****https**://youtu.be/da37Z15us8M

✅Не забуваємо [про підписку](https://www.youtube.com/deepstateua).",,,
13621,**🇦🇲🇦🇿На кордоні Азербайджану та Вірменії розпочалися сутички**. МО Азербайджану готує офіційне повідомлення з цього приводу. Якось дивно збіглося з провалом московських військ в Україні,,,
13622,"➕__«Від перших чисел вересня і до сьогодні, наші воїни вже звільнили понад 6000 квадратних кілометрів території України. На сході і на півдні. **Рух наших військ продовжується!»**__ — Зеленський

[Магазин](https://deepstateua.shop/)▫️[Твітер▫️](https://twitter.com/Deepstate_UA)[Блог](https://deepstateua.com/)▫️[Мапа](https://deepstatemap.live/)▫️[Написати нам▫️](http://t.me/newsDeepStatebot)[Звіти](https://help.deepstateua.com/)",,,
13623,"[➕](https://deepstatemap.live/)**Оновили мапу**. Є достатньо хороших новин, але не будемо поспішати

Поки можете купити собі худі чи чашку в нашому магазині, або задонатити на ЗСУ, або почитати в нашому блозі статті.

[Магазин](https://deepstateua.shop/)▫️[Твітер▫️](https://twitter.com/Deepstate_UA)[Блог](https://deepstateua.com/)▫️[Мапа](https://deepstatemap.live/)▫️[Написати нам▫️](http://t.me/newsDeepStatebot)[Звіти](https://help.deepstateua.com/)",,,
13624,"**➕Тут у декого знову фронт посипався

**🇺🇦ЗСУ зайняли Святогірськ.",,,
13625,"⚡️**Бот комунікації полковник Лассард зламався.** Він написаний українським розробником для безпеки спілкування. Тому поки це фікситься, ми не можемо отримувати від вас повідомлення",,,
13626,"➕**Вчорашнє фото з Гоптівки та свіже зі Стрілечі

**Оновлення буде доступне в найближчі 20 хвилин.

🤝Нагад**аємо, що ми створили окремий канал для різних волонтерських новин та **запитів - @help_deepstateua.

[Магазин](https://deepstateua.shop/)▫️[Твітер▫️](https://twitter.com/Deepstate_UA)[Блог](https://deepstateua.com/)▫️[Мапа](https://deepstatemap.live/)▫️[Написати нам▫️](http://t.me/newsDeepStatebot)[Звіти](https://help.deepstateua.com/)",,,
13627,"**⚡️Наталя Гуменюк - начальник об'єднаного координаційного пресцентра сил оборон, підтвердила звільнення **[**Білогірки**](https://t.me/DeepStateUA/14070)**, Сухого Ставка та Миролюбівки**",,,
13628,"[**🔄**](https://deepstatemap.live/)**Ситуація на фронтах станом на 11** **вересня

**🔘На **Харківщині** - наші підрозділи впевнено вийшли на державний кордон у багатьох місцях. Але варто пам'ятати, що державний кордон - це також лінія фронту.

▪️По Лиману і Ямполю ми не поспішаємо з висновками. 

▪️По Сватове і околицям надходять доволі суперечливі дані, ця територія на дорозвідці. 

🔘**Бахмутський **відтинок - під Соледаром було відкинуто підрозділи банд.угрупування ""Ахмат"". На південь від Бахмута москалі ставлять за ціль захоплення Курдюмівки, варто звертати увагу на цей н.п.

🔘**Авдіївський** відтинок - бої на південь та схід від Авдіївки тривають. Контратака наших сил на Піски не увінчалася успіхом. 

🔘**Запорізький **відтинок - чекаємо офіційних повідомлень. 

🔘**Херсонський** напрямок - ситуація значних змін не зазнала, досі чекаємо офіційних повідомлень по ряду населених пунктів.

🔴У випадку **неточностей на карті**, ви можете нам повідомити через бот @newsdeepstatebot. 

↔️Нагадуємо, що в загальному доступі не може існувати точної карти бойових дій, а інформацію, як переможну так і не дуже, завжди краще сприймати зі скепсисом і чекати візуальних підтверджень чи повідомлення ГШ ЗСУ. Ну і звісно, довіряйте перевіреним джерелам.",,,
13629,"[**🗓**](https://i.imgur.com/BoZliW8.jpeg)** Нічний дайджест з політичного фронту:

🇲🇩Уряд Молдови заборонив відновлювати авіасполучення з Московією 

**— 🔍Центр управління цивільної авіації Молдови заборонив компанії Air Moldova продовжити перельоти, компанія ж в свою чергу заявила, що в праві подати до суду у випадку якщо їх клопотання не буде прийняте. 

— 🤔З цікавого - гендиректор Air Moldova раніше був керівником цього самого центру управління, однак покинув посаду за проханням прем'єр-міністра, котрий зазначив про певний ""конфлікт інтересів"" між авіакомпаніями. 

**🇫🇷🧟‍♂️Макрон провів чергову розмову з верховним пуйлом

**— 💭Кремль відзвітував про результати перемовин, внаслідок яких було обговорено ситуацію на ЗАЕС та експорт українського зерна. 

— 🤷‍♂️Схожого змісту була і вчорашня розмова з Володимиром Зеленським, опісля якої Франція підпише угоду з Румунією про спрощення експорту українського зерна на південь.

**🇦🇹🧟‍♂️У Відні пройшов промосковський мітинг

**— На демонстрації було помічено близько 3 тисяч осіб, що вимагали скасувати санкції щодо Московії, а також махали комуняцькими ганчірками та ""зетками"". 

— 🤷‍♂️Ну і як зазвичай - ряд агітаційних плакатів проти НАТО та ЄС, включаючи заклики про вихід країни з цього союзу

**🇬🇷🇩🇪Греція та Німеччина готові до можливого відключення московського газу

**— 💭Про це повідомили прем'єр-міністри країн у своїх заявах. 

— За їх словами, німці та греки мають достатньо запасів на випадок припинення постачання газу зимою.",,,
13630,"[❤️](https://deepstateua.com/)**250 000 - дякуємо всім і кожному

**Коротко розповім про нас:

👉🏻Канал ґрунтовної аналітики. Влучно та змістовно про події в Україні та світі. 

👉🏻Ведемо також аккаунти у [twitter](https://twitter.com/Deepstate_UA) та [youtube](https://www.youtube.com/c/DeepStateUA) - **радимо на нас підписатися.

**👉🏻В нас коментарі та чат до них, там** діють певні правила**, які забороняють ""руській мір"", рекламу, образи, політичний розбрат на час війни. 

👉🏻В серпні **ми запустили блог** і це поки єдина можливість співпраці з нами - deepstateua.com. Люди, які багато знають і хочуть цим ділитися, можуть працювати з нашою аудиторією саме через блог.

👉🏻Ми створили окремий **канал для волонтерства** - @help_deepstateua. Крім того, є **сайт зі звітами** та трекінгом всіх вхідних транзакцій - help.deepstateua.com. Ми допомагаємо ППО та хлопцям на нулі. Запитів настільки багато, що більшості ми не можемо допомогти, але звісно хотіли б. 

👉🏻В нас є [патреон](https://www.patreon.com/DeepStateUA) і [вейфорпей](https://secure.wayforpay.com/donate/deepstatemap) для **підтримки нашої діяльності**.

👉🏻Також є [магазин](https://deepstateua.shop/) з фірмовим мерчем.

👉🏻В нас є [полковник Лассард](https://t.me/newsDeepStatebot) для комунікації з нами, але він не любить спам. В нас є [сержант Гайтавер](https://t.me/DeepStatePoliceBot) для оскарження банів. А також [сержант Магоні](https://t.me/MahoneyDSBot), який карає порушників в коментарях.

👉🏻Ми плануємо розвивати й надалі наше ком'юніті. Ми робимо ставку на якість, а не кількість опублікованих даних. Ми не просто збираємо кошти, а ще й ретельно підходимо до всіх витрат. 

**👌🏻Ми раді, що ви у нас є і разом наш ККД в житті цієї країни тільки зростатиме.**",,,
13631,"**🔥Команда DeepStateUA спільно з проектом ""Карта бойових дій"" продовжує аналізувати найцікавіші події з фронту

**🧐Показали, які населені пункти звільнили ЗСУ, як триває контрнаступ, а також виявили небезпечну ділянку фронту, на якій росіяни організували нову атаку. Як зʼясувалося, російські військові не покидають надій перерізати важливу дорогу на Бахмутському напрямку та навіть захопили нове село за 15 кілометрів звідти – село Кодема.

👉🏻**Скоріше переходьте за посиланням та дивіться**: https://www.youtube.com/watch?v=9fateI5gcbk",,,
13632,"**➕Вовчанськ також під нашим контролем

**🤝Нагад**аємо, що ми створили окремий канал для різних волонтерських новин та **запитів - @help_deepstateua.",,,
13633,"💌**Друзі, нагадуємо про наш **[магазин](https://deepstateua.shop/)** з фірмовим мерчем від команди DeepStateUA

**✙ Вже майже всі знайомі з цим прекрасним хрестом, від якого біжить вся клята русня в Харківській області😈
**Хрест Харківського контрнаступу**, який ЗСУ поставили русні у війні, де ми обов'язково переможемо! Пам'ятаємо минуле - боремося за майбутнє!

🤩Ми додали нову мега-круту колекцію принтів до подій Харківського контрнаступу ЗСУ. Скоріше переходьте за посиланням та обирайте мега-круті мерчі **DeepStateUA**😎

😏Приєднуйтесь до нашого флешмобу - ✙ 

📌Посилання на сайт:➡️[Deepstateua.shop](https://deepstateua.shop/)",,,
13634,"**➕Мабуть найбільший здобуток цієї операції - визволення Ізюма

**Ізюм під повноцінним контролем ЗСУ. Москалі стільки людей і техніки поклали в березні щоб його захопити. Наводили понтони, хтось там і потопився. Тепер важливо зачистити околиці міста.

🤝Нагад**аємо, що ми створили окремий канал для різних волонтерських новин та **запитів - @help_deepstateua.",,,
13635,"**💡Після ракетного удару русні по критичній інфраструктурі в ряді областей почалися проблеми з електропостачанням

**⚡️Зокрема, повідомляється про проблеми у **Харківській,** **Полтавській, Дніпропетровській, Донецькій, Запорізькій, Сумській, Черкаській і навіть Київській областей. 

**🤨Схоже, контрнаступ ЗСУ на Слобожанщині настільки не сподобався оркам, що вони вирішили залякати нас ракетними ударами по об'єктах енергосистеми. Ціль таких ударів – посіяти паніку, ворог працює на наше виснаження. 

🤬Русня самовдовлено і саркастично пише нібито це ми вдарили по своїй інфраструктурі. Почекайте виродки, вночі поговоримо, коли ви будете ср***ся від** роботи наших HIMARS**. Сміється той, хто сміється останній😈",,,
13636,⚡️**В Херсонській області окупанти також відійшли зі своїх позицій в деяких населених пунктах. **У зв’язку з великими втратами у живій силі російські загарбники вигнали всіх місцевих жителів з Центральної міської лікарні у Новій Каховці та використовують її виключно для своїх військових - звіт ГШ ЗСУ,,,
13637,[⚡️](https://deepstatemap.live/)**Оновлено. **Ближче до ночі черговий апдейт. Вже має бути інформація по Ізюму,,,
13638,"➕**""Фредерікус 2.0"" добрався і до Дворічної, яку окупанти **[видавали за Куп'янськ](https://t.me/DeepStateUA/14051)**.** Повідомлень про успіхи з Харківщини настільки багато, що схоже до кінця доби червона зона залишиться лише за річкою Оскіл

[Магазин](https://deepstateua.shop/)▫️[Твітер▫️](https://twitter.com/Deepstate_UA)[Блог](https://deepstateua.com/)▫️[Мапа](https://deepstatemap.live/)▫️[Написати нам▫️](http://t.me/newsDeepStatebot)[Звіти](https://help.deepstateua.com/)",,,
13639,"**➕Великий Бурлук під контролем ЗСУ

**[Магазин](https://deepstateua.shop/)▫️[Твітер▫️](https://twitter.com/Deepstate_UA)[Блог](https://deepstateua.com/)▫️[Мапа](https://deepstatemap.live/)▫️[Написати нам▫️](http://t.me/newsDeepStatebot)[Звіти](https://help.deepstateua.com/)",,,
13640,"**🚀За вчора в нас абсолютний рекорд відвідуваності сайту карти - понад 6.9 млн переглядів

**Зараз можете заходити скільки вам заманеться, сервер має витримати. Ми продовжуємо працювати над покращеннями для мапи.

**Оновлення фронту вже доступне.**",,,
13641,"[**🔄**](https://deepstatemap.live/)**Ситуація на фронтах станом на 10 вересня

**🔘На **Харківщині** - продовжується визволення Харківщини від московської орди. Повідомляють що ворог покинув виступ Цупівка-Липці-Тернова та Вовчанськ. Таким чином лінія фронту тепер проходить по кордону з Московією. Поки що нема підтверджень, що москалі покинули лівий берег Оскіл. Є вірогідність, що це їх нова лінія оборони. 

▪️В** Ізюмі** поки триває зачистка. Ті, хто встиг втекти, мали закріпитися по Осколу також. Ситуація біля Лиману поки що незрозуміла. 

🔘**Бахмутський **відтинок - не знайдено підтверджень, що наші в Лисичанську. Тим часом бойовики кадирівського бандугрупування продовжують штурмувати Соледар. Зараз основа увага прикута до терикону біля Кнауфа.

🔘**Авдіївський** відтинок - без змін, радимо не поширювати неперевірену інформацію.

🔘**Запорізький **відтинок - без змін, які можна показати. 

🔘**Херсонський** напрямок - щонайменше у двох місцях у ворога з'явилися проблеми. Ситуація складна для обох сторін. Тут так само немає змін, які можна показати.

🔴У випадку **неточностей на карті**, ви можете нам повідомити через бот @newsdeepstatebot. 

😏Приєднуйтесь до нашого флешмобу - ✙ 

↔️Нагадуємо, що в загальному доступі не може існувати точної карти бойових дій, а інформацію, як переможну так і не дуже, завжди краще сприймати зі скепсисом і чекати візуальних підтверджень чи повідомлення ГШ ЗСУ. Ну і звісно, довіряйте перевіреним джерелам.",,,
13642,"**➕Великі Хутори звільнено. Очищення Харківщини триває

**[Магазин](https://deepstateua.shop/)▫️[Твітер▫️](https://twitter.com/Deepstate_UA)[Блог](https://deepstateua.com/)▫️[Мапа](https://deepstatemap.live/)▫️[Написати нам▫️](http://t.me/newsDeepStatebot)[Звіти](https://help.deepstateua.com/)",,,
13643,"**➕Село Западне також визволене

**[Магазин](https://deepstateua.shop/)▫️[Твітер▫️](https://twitter.com/Deepstate_UA)[Блог](https://deepstateua.com/)▫️[Мапа](https://deepstatemap.live/)▫️[Написати нам▫️](http://t.me/newsDeepStatebot)[Звіти](https://help.deepstateua.com/)",,,
13644,"⚡️**Готуємо доволі значне оновлення на Харківщині. Дуже багато змін саме тут. Ворог дійсно втікає

**Лассард завалений повідомленнями і ми фізично не встигаємо відповідати. Реагуємо лише коли пишуть самі бійці з місць. Помилки в деяких описах на карті також виправляємо.

🔘Зведення за 10 вересня буде найближчим часом.",,,
13645,"**🇺🇦Козача Лопань: ворог покинув населений пункт, але варто чекати нормальної зачистки. Тут перебувала значна кількість особового складу московитів

**[Магазин](https://deepstateua.shop/)▫️[Твітер▫️](https://twitter.com/Deepstate_UA)[Блог](https://deepstateua.com/)▫️[Мапа](https://deepstatemap.live/)▫️[Написати нам▫️](http://t.me/newsDeepStatebot)[Звіти](https://help.deepstateua.com/)",,,
13646,"**➕Гнилиця Перша також звільнена

**[Магазин](https://deepstateua.shop/)▫️[Твітер▫️](https://twitter.com/Deepstate_UA)[Блог](https://deepstateua.com/)▫️[Мапа](https://deepstatemap.live/)▫️[Написати нам▫️](http://t.me/newsDeepStatebot)[Звіти](https://help.deepstateua.com/)",,,
13647,"➕**Починаємо вносити зміни. Все більше населених пунктів переходять під верифікований контроль ЗСУ

**Кіндрашівка на Харківщині наша.

[Магазин](https://deepstateua.shop/)▫️[Твітер▫️](https://twitter.com/Deepstate_UA)[Блог](https://deepstateua.com/)▫️[Мапа](https://deepstatemap.live/)▫️[Написати нам▫️](http://t.me/newsDeepStatebot)[Звіти](https://help.deepstateua.com/)",,,
13648,"**🔘У часи ейфорії потрібно не забувати бути пильним та бити по хайпожерам

**1. Відео, яке видають за атаку на НПЗ швидше за все знято в травні-червні коли цвіте даний вид рослини. Саме тоді відбувалися бої за Лисичанськ і було знято те відео.
2. Світлина зі стели Лисичанська швидше за все часів АТО.
3. Підкріплення їде в Білогорівку, де цвітуть кущі. Ну якось так🤷🏼‍♂️

Про ДАП ми не можемо нічого сказати, так само як і про Лиман. День-два і буде ясно.

З приводу, що Лисичанськ когось там побачив. В наших OSINTерів є локальний мем: **на Луганщині неокуповані два села: Сергій та Гайдай**. Не розуміємо чому людина без області досі нею керує, продовжуючи брехати лише для того, щоб бути зіркою на ефірах.

**🧠Просто вмикаємо мозок - війна триває.**",,,
13649,"**➕З приводу історії з Довгеньким. Воно в пам'яті ворога назавжди буде червоним, бо там полягло багато

**Далі наводимо цитатами учасника битва з ворожої сторони:

__🗯Забігаючи вперед, скажу, що, виходячи з того, що Довгеньке намагалися взяти різні частини, я думаю, що просто у нашого командування було завдання взяти Довгеньке і вони просто туди посилали тих, хто був. Дійшло до того, що на початку травня взагалі почали посилати по 7 (!!!) людей в атаку… Просто, як я зрозумів, інші частини раз-два ходили в атаки на Довгеньке, потім переставали туди ходити. У тому числі ходив і ОМОН і ще якийсь спецназ (СОБР, мабуть) 1 травня начебто. У них теж не вдалося взяти Довгеньке. Вони разом із залишками нашого полку ходили просто поруч на іншій ділянці. Просто в інших частинах керівництво берегло своїх підлеглих, як я розумію, а нашому керівництву, як я зрозумів, було начхати на нас. 45 розвід полк ВДВ намагався через ліс просунутися в Довгеньке ще 19 квітня, коли ми пішли до Сулигівки. Але їм не вийшло – там була дуже сильна стрілянина в лісі, праворуч від нас. ВДВ втратило одну людину вбитою і відійшло і відмовилося більше наступати на Довгеньке.

🗯Мотострілки з Клинців однією повною ротою на БТР-ах заходили до Довгенько, але як кажуть, їх типу спеціально запустили, бо потім стали з трьох боків розстрілювати. Але вони все одно вийшли самостійно з того трикутника засідки у Довгенькому, куди потрапили. Говорили також, що це ще до нас було, до 19 квітня, що теж 8 танків і піхота зайшла до Довгенько, але вирішили йти далі, а не закріплюватися і танкісти поїхали вперед і їх майже всіх підбили, а піхоту потім вибили одразу ж із Довгенького…

🗯Як я зрозумів, Довгеньке намагалися штурмувати різні підрозділи – у травні до нас привезли те, що залишилося від Барса – 14 осіб. Вони місяць ходили на штурм Довгенького і перебували у тому районі. Вони були придані, як я зрозумів, командуванню нашої закінченої дивізії. Загалом їх прибуло в Україну 340 осіб. Після місяця під обстрілом залишилося 57. Половина уцілілих – це ті,хто був у штабі__",,,
13650,"➕**Бійці ""Карпатської Січі"" увійшли в Ізюм з півдня. Місто переходить в сіру зону до моменту поки наші не проведуть зачистку і не піднімуть прапор

**Південний виступ, який ворог називав барвінківським, ліквідовано. План мінімум кацапів провалено: взяти Барвінкове.

🔘Більшість не усвідомлює які бої там були насправді, але для обох сторін вони були тяжкими.

🌲З приводу Ізюмського лісу. Раніше була **брехлива заява депутата Стрельника про звільнення Співаківки та Заводів,** проте бійці ще тоді сказали, що села ніхто не звільняв. **Ліс на захід від них нічийний, але попросили залишити його червоним.

**⚔️Звернемо увагу на** Довгеньке**. Щоб його зайняти москалям довелося покласти просто гори м'яса. Про це ми дізналися зі щоденника одного із учасників. Але про це вже в наступній публікації.",,,
13651,"**🔍Зводимо до купи всі наявні дані, вночі буде апдейт по Ізюму

**[Магазин](https://deepstateua.shop/)▫️[Твітер▫️](https://twitter.com/Deepstate_UA)[Блог](https://deepstateua.com/)▫️[Мапа](https://deepstatemap.live/)▫️[Написати нам▫️](http://t.me/newsDeepStatebot)[Звіти](https://help.deepstateua.com/)",,,
13652,"✙🗺➕__Рух наших воїнів на різних напрямках фронту продовжується. На цей час, в рамках активних дій, від початку вересня вже звільнено близько 2 000 кілометрів нашої території. Російська армія цими днями демонструє найкраще, що вміє: показує спину __— Зеленський

[Магазин](https://deepstateua.shop/)▫️[Твітер▫️](https://twitter.com/Deepstate_UA)[Блог](https://deepstateua.com/)▫️[Мапа](https://deepstatemap.live/)▫️[Написати нам▫️](http://t.me/newsDeepStatebot)[Звіти](https://help.deepstateua.com/)",,,
13653,"**📍Цей день настав - нарешті звільнена Білогірка, що на Херсонщині

**Ще вчора з'явилося відео в тіктоку одного з бійців. І вже поширилося поки що по дрібним паблікам. Це село попило крові з 20х чисел липня. Нарешті ""кровопивця"" під контролем ЗСУ.",,,
13654,"**➕Мартове, що ближче до Вовчанська під нашим контролем

**Зараз головне задача мабуть не дати втекти всім. Потрібен обмінний фонд, треба повертати хлопців, в тому числі з Азовсталі.",,,
13655,"**⚡️Близько 1.7 тис кв км Харківщини звільнено і ще 3.3 тис кв км області поки що в сірій зоні і чекає підтвердження. **Загалом це 16% площі всієї області

[Магазин](https://deepstateua.shop/)▫️[Твітер▫️](https://twitter.com/Deepstate_UA)[Блог](https://deepstateua.com/)▫️[Мапа](https://deepstatemap.live/)▫️[Написати нам▫️](http://t.me/newsDeepStatebot)[Звіти](https://help.deepstateua.com/)",,,
13656,"**😲В червні піку бойової активності на сайті було близько 30 тисяч активних юзерів за останніх півгодини. Зараз це число перевалило 110 тисяч. Українці довго чекали цього моменту

**🇺🇦❤️Донецьк теж чекає на ЗСУ.

[Магазин](https://deepstateua.shop/)▫️[Твітер▫️](https://twitter.com/Deepstate_UA)[Блог](https://deepstateua.com/)▫️[Мапа](https://deepstatemap.live/)▫️[Написати нам▫️](http://t.me/newsDeepStatebot)[Звіти](https://help.deepstateua.com/)",,,
13657,"**➕З'явилося підтвердження звільнення Савинців, що біля Балаклії

**Фредерікус 2.0 не жаліє москаля. Зараз основне питання це куди дійде танковий кулак на південному фасі і де зафіксується фронт на північному фасі.",,,
13658,"**➕ЗСУ вже як мінімум в околицях Ізюму

**Фредерікус 2.0 розширює фланги на північному й південному фасі.

Мапа оновиться за 5-10 хвилин. Надходить більше інформації і буде ще оновлення після цього.

[Магазин](https://deepstateua.shop/)▫️[Твітер▫️](https://twitter.com/Deepstate_UA)[Блог](https://deepstateua.com/)▫️[Мапа](https://deepstatemap.live/)▫️[Написати нам▫️](http://t.me/newsDeepStatebot)[Звіти](https://help.deepstateua.com/)",,,
13659,**⚡️Готуємо чергове оновлення мапи**,,,
13660,"[**🔄**](https://deepstatemap.live/)**Ситуація на фронтах станом на 9** **вересня

**🔘На **Харківщині** - продовжується наступальна операція ЗСУ, яку в народі охрестили ""Фредерікус 2.0"". ""Хрестоносці"" звільнили Куп'янськ та низку сіл навколо нього та на південь. Ворог повідомляє про обстріли на лівому березі Осколу, відхід на північ та втечу з Ізюму. Чекаємо підтверджень тому. Варто розуміти, що Ізюм був по суті мозковим центром у війні для Західного ВО ворога. Туди втік ворог з Балаклії та сусідніх сіл. Чекаємо візуальних підтверджень взяття Ізюму.

▪️По Лиману і Ямполю ми не поспішаємо з висновками. 

🔘**Бахмутський **відтинок - ворог пробує з Кодеми вийти на трасу в районі Одрадівки. Штурм Соледару ворогом досі безуспішний.

🔘**Авдіївський** відтинок - бої в на південь та схід від Авдіївки.

🔘**Запорізький **відтинок - чекаємо офіційних повідомлень. Трохи аж втомилися, але чомусь немає повідомлень. 

🔘**Херсонський** напрямок - ЗСУ продавили оборону в одному з місць оборони ворога і зайняли село-кровопивцю. Деталі згодом, аж багато воно крові наших хлопців попило, щоб про нього не зробити окрему публікацію.

🔴У випадку **неточностей на карті**, ви можете нам повідомити через бот @newsdeepstatebot. 

😏Приєднуйтесь до нашого флешмобу - ✙ 

↔️Нагадуємо, що в загальному доступі не може існувати точної карти бойових дій, а інформацію, як переможну так і не дуже, завжди краще сприймати зі скепсисом і чекати візуальних підтверджень чи повідомлення ГШ ЗСУ. Ну і звісно, довіряйте перевіреним джерелам.",,,
13661,"📍**На фронті звісно є різні новини, в Кодемі, на жаль, ворог просунувся ще тиждень тому, а вже з'явилися візуальні підтвердження цьому 

**💩Саме час нагадати, що довіряти різним прищавим блогерам з 20-тисячною випадковою підписотою погана ідея. Так обісрався, що видалив наїзд на нас.

[Магазин](https://deepstateua.shop/)▫️[Твітер▫️](https://twitter.com/Deepstate_UA)[Блог](https://deepstateua.com/)▫️[Мапа](https://deepstatemap.live/)▫️[Написати нам▫️](http://t.me/newsDeepStatebot)[Звіти](https://help.deepstateua.com/)",,,
13662,"[❤️‍🩹](https://static.espreso.tv/uploads/photobank/256000_257000/256176_728x542_1_7c4bbce72e0f1715a79884379b14127c1000x745_0xac120003_19301764511581935127_new_960x380_0.jpg)З великим смутком ми, як і решта світу сприйняли звістку про смерть **Її Величності Королеви Єлизавети ІІ**. 

⚜️Тепер на трон **Сполученого Королівства** сідає **король Чарльз ІІІ**, син покійної королеви Єлизавети ІІ.

⁉️Але чому він **Чарльз ІІІ**, і що було з першим та другим? Перший та другий **Чарльзи** були з **династії Стюартів – королів Шотландії**, які посідали трон в **Лондоні в XVII - XVIII ст**. **Чарльз І Стюарт**, який правив в 1625 – 1649, закінчив своє життя на ешафоті. Його приговорили до страти шляхом відтинання голови. Так, то була не дуже приємна історія.

👑Після років осібного правління диктатора **Олівера Кромвеля** (це був єдиний період в історії Англії, коли не було короля чи королеви), британський парламент вирішив реставрувати монархію і з 1660 по 1685 королем був **Чарльз ІІ з тієї ж шотландської династії Стюартів**. 

🥉Взагалі-то був ще й **Чарльз ІІІ Стюарт**, або **Bonnie Prince Charlie** **(Красунчик принц Чарлі)**, який мав претензії на престол Шотландії та Англії, після того, як в 1688 парламент провів так звану **«Славну революцію»**, відсторонивши від влади католицьку династію Стюартів і звівши на престол протестантське подружжя **Вільгельма та Марії Оранських**. Проте, декілька повстань **якобітів (від Якова ІІ Стюарта**, якого вигнав парламент в 1688) в Шотландії за **Чарльза ІІІ** Стюарта зазнали поразки, і третій Карл так на престол і не сів аж до 2022 року. 

🇬🇧Проте, звісно ж, нинішній король **Британської Співдружності** не має жодного стосунку до династії Стюартів. Він належить до династії **Віндзорів**, яку започаткував ще його прадід **Георг V**, який правив Британською імперією з 1910 по 1936. 

🏰Бачите, яка штука, нині правлячий **Чарльз ІІІ** має не такі права на трон Шотландії, як Стюарти. Проте він має зовсім не примарні права на трон… росії. 

💣Справа в тому, що **Георг V **був кузеном розстріляного **Ніколая ІІ**, останнього імператора Російської імперії. Виходить, що **Чарльз ІІІ** по прямій лінії від прадіда, є внучатим племінником **Ніколая ІІ**, себто з нині правлячих монархів він єдиний має абсолютно законні права претендувати на корону росії, якби уявити, що росія, або якась її частина, яка має право на спадкоємність від російської імперії, захотіла би реставрувати монархію і стати в такий спосіб однією з країн Британської Співдружності Націй. 

**__Long Live The King__**",,,
13663,"😎**Ми ні на що не натякаємо, але впевнені**[ Перша приватна мемарня](https://t.me/privatnamemarnya) **зробить з цього годний мем

**👀Коротко про те, що отримує русня на Харківщині

Дякуємо за мемчик для нашого каналу, ви круті!",,,
13664,"🔄**Оновили мапу - йде кешування і протягом години буде доступно у всіх. Тепер можете заходити скільки хочете - давайте протестуємо навантаження на сервер

**✨Нагадаємо про наш пост від 18 квітня про можливість проведення операції-аналогу Фредерікуса - https://t.me/DeepStateUA/11891.

Зведення за вчора буде сьогодні, так як ми очікували офіційних новин вночі, а вони з'явилися на ранок. Думаю, це ще не все на сьогодні.

deepstatemap.live

[Магазин](https://deepstateua.shop/)▫️[Твітер▫️](https://twitter.com/Deepstate_UA)[Блог](https://deepstateua.com/)▫️[Мапа](https://deepstatemap.live/)▫️[Написати нам▫️](http://t.me/newsDeepStatebot)[Звіти](https://help.deepstateua.com/)",,,
13665,"**➕Правобережна частина міста Куп'янська під контролем ЗСУ. ""Фредерікус 2.0"" дійшов і сюди

**Зранку з'явилися світлини з міста, яке вчора ще було звільнено нашими бійцями. 

🤡Москальські клоуни зранку ще кричали що ""всу в гародє нєт"", а потім підтвердили вихід. 

На фото міськрада Куп'янська.",,,
13666,"[**🗓**](https://i.imgur.com/BoZliW8.jpeg)** Нічний дайджест з політичного фронту:

**🇲🇩🧟‍♂️**Молдова відновлює авіаперельоти з Московією 

**—  💭«__Відновлення авіасполучення з росією — це відповідь на вимогу наших співвітчизників.__"" - повідомила компанія Air Moldova у своїй заяві. 🤷‍♂️Ще один шлях московитам в Європу.

🇪🇺**Євросоюз виділить ще $5 млрд доларів макроекономічної допомоги Україні 

**— 😉Про це повідомила прес-служба міністерства фінансів Чехії, підсумовуючи засідання Ради Ecofin у Празі.

**🇺🇦🇵🇱Україна і Польща побудують новий хаб для ремонту військової техніки

**— Про це заявив прем’єр-міністр Польщі Матеуш Моравецький під час брифінгу у Києві. Хаб виконуватиме роль ""ремонтної точки"" для техніки та навчання українських військових.

🇬🇧**Король Чарльз III провів першу аудієнцію 

**— Новий прем'єр Великої Британії Ліз Трасс також була присутня у Букінгемському палаці на зустрічі з монархом.

🧟‍♂️**У Санкт-Петербурзі викликали до поліції 7 московських муніципальних депутатів через пропозицію звинуватити верховне пуйло у державній зраді 

**— 😂Їх звинувачують у ""дискредитації російської армії"". Жодної диктатури, чиста демократія :)",,,
13667,"🇺🇦➕__""**На цей час ЗСУ звільнили та взяли під контроль понад 30 населених пунктів у Харківській області.""**__** - Зеленський**",,,
13668,"**❗️Друзі, зупиніться і будьте розумними людьми - не пишіть нам в бота про Ізюм

**🤨Подібного роду заяви без будь-якого підтвердження занадто сумнівні та неперевірені. Інформацію потрібно ретельно перевіряти, уточнювати і обробляти, а тільки потім публікувати! 

🤦🏻‍♂️Але, на жаль, цього не розуміє** екс-депутат Ізюмської міської ради Микита Каракай**, який відомий раніше поширенням непідтвердженої інформації про застосування хімічної зброї в Ізюмі в квітні. А також багато телеграм каналів, політиків, які біжать ловити хвилю хайпу. 

❗️Наголошуємо, що подібна інформація є дуже шкідливою, адже якщо це виявиться неправдою, то це підірве довіру суспільства і викличе хвилю обурення! А якщо це правда, то робити подібні заяви поперед командування - шкодити **Збройним Силам України!

👀Не лізьте поперед батька в пекло - дайте ЗСУ зробити свою справу.**",,,
13669,"**📍Друзі, починаємо наш п'ятничний географічний квест о 20:00

Заходимо і реєструємося - ****https://www.geoguessr.com/join/GCG3****

**Цього разу квест буде змішаним. 

Перші п'ять місць зможуть стати учасниками нашого OSINT-діалогу, але звісно після верифікації. Писати в наш бот @newsdeepstatebot",,,
13670,"**🦾Фото бійців 46-ї бригади, які знищують русню на Півдні країни

**😎Одному з них, з вашою допомогою, ми придбали амуніцію. Тож знищуємо русняве сміття разом😈

🤝Нагад**аємо, що ми створили окремий канал для різних волонтерських новин та **запитів - @help_deepstateua.

[Магазин](https://deepstateua.shop/)▫️[Твітер▫️](https://twitter.com/Deepstate_UA)[Блог](https://deepstateua.com/)▫️[Мапа](https://deepstatemap.live/)▫️[Написати нам▫️](http://t.me/newsDeepStatebot)[Звіти](https://help.deepstateua.com/)",,,
13671,"**📍Московські пропагандисти видають селище Дворічна за Куп'янськ

**🤫Поки що чекаємо новин. Відомо, що московія перекидає додаткові резерви з Луганська і нам доведеться закріпляти успіх, знищуючи і їх. Угрупування ворога на цьому напрямку було неготове до такого сценарію, бо інакше резерви не підтягували б з іншого місця.

Тримаємо кулаки за наших хрестоносців. О 18:00 в нас рекламна пауза. О 20:00 у нас традиційний квест.",,,
13672,"🎥**З'явилося відео бійців одразу після збиття літака, ПЗРК ще димить 

**😏А на доказ, що це дійсно ворожий літак, є повідомлення в одному з московицьких телеграм-каналів.

[Магазин](https://deepstateua.shop/)▫️[Твітер▫️](https://twitter.com/Deepstate_UA)[Блог](https://deepstateua.com/)▫️[Мапа](https://deepstatemap.live/)▫️[Написати нам▫️](http://t.me/newsDeepStatebot)[Звіти](https://help.deepstateua.com/)",,,
13673,😲**Навантаження на сервер сьогодні вже на 12% більше ніж вчора на піку.** Прохання мінімізувати користування картою до 15:00,,,
13674,"**📍Околиця Купянська: з'явилося світлина з бійцями ЗСУ

**➕Фредерікус 2.0 досягає свого апогею, а можливо і ні, ми ж не знаємо всіх планів кулака Залужного.

🤡Як і з Балаклією, московські пропагандисти намагають переконати, що прапор поставили співчуваючі, і взагалі кожен боєць ЗСУ може проникнути в тил і поставити прапор. Навіть в Білгород чи Таганріг.

[Магазин](https://deepstateua.shop/)▫️[Твітер▫️](https://twitter.com/Deepstate_UA)[Блог](https://deepstateua.com/)▫️[Мапа](https://deepstatemap.live/)▫️[Написати нам▫️](http://t.me/newsDeepStatebot)[Звіти](https://help.deepstateua.com/)",,,
13675,"**📊Згідно з даними Залужного визволено понад 1000 кв. км, а згідно найближчого апдейту в синій зоні 700 кв. км, а в сірій 500 кв км. Сумарно 1200 кв. км.

**[Магазин](https://deepstateua.shop/)▫️[Твітер▫️](https://twitter.com/Deepstate_UA)[Блог](https://deepstateua.com/)▫️[Мапа](https://deepstatemap.live/)▫️[Написати нам▫️](http://t.me/newsDeepStatebot)[Звіти](https://help.deepstateua.com/)",,,
13676,"Понад 1000 кв км звільнено від окупанта в останні кілька днів. 
Нам дуже важко, але ми просуваємося вперед. 
Вдячні співгромадянам, які допомагають і чекають на нас. 

@CinCAFU",,,
13677,"**➕Центральна площа Шевченкового

**Північний фас виступу щонайменше досяг Шевченкового. Повідомляється про певні успіхи і на південному фасі, проте поки без підтверджень. Загалом, очікуємо.

В коментарях можна розводити дискусії на тему використання слів ""відтинок"" та ""фас""👇🏻",,,
13678,"➕**Фредерікус 2.0 розширюється: балаклійський прорив ворожого фронту фактично обвалив оборону й ближче до Печенігів

**Наші війська в Чкаловському. Будемо озвучувати всі візуально підтверджені населені пункти, адже за кожне покладено піт і кров наших солдат.

🤝Нагад**аємо, що ми створили окремий канал для різних волонтерських новин та **запитів - @help_deepstateua.

[Магазин](https://deepstateua.shop/)▫️[Твітер▫️](https://twitter.com/Deepstate_UA)[Блог](https://deepstateua.com/)▫️[Мапа](https://deepstatemap.live/)▫️[Написати нам▫️](http://t.me/newsDeepStatebot)[Звіти](https://help.deepstateua.com/)",,,
13679,"**📍ВМС показали відео удару по москалям у Новопетрівці пару днів тому

**[Магазин](https://deepstateua.shop/)▫️[Твітер▫️](https://twitter.com/Deepstate_UA)[Блог](https://deepstateua.com/)▫️[Мапа](https://deepstatemap.live/)▫️[Написати нам▫️](http://t.me/newsDeepStatebot)[Звіти](https://help.deepstateua.com/)",,,
13680,"📊**Тримається сайт з мапою - за вчора 3.2 млн переглядів

**Позавчора був встановлений абсолютний рекорд у 2.4 млн, а вчора ще один у 3.2 млн.** Інтерес до бойових дій за 10 днів виріс у 6 разів**. 

Відсутність хороших новин звісно негативно впливала на сприйняття війни суспільством, проте коли вони з'явилися, люди авжеж спіймали стан ейфорії. 

🌎Також зріс трафік з інших країн. Наприклад Польща в 12 разів, США у 8 разів, Австрія у 20 разів, Румунія в 44 рази.

📍Нагадуємо, що в питаннях контрнаступу ми оперуємо даними виключно з відкритих джерел, ретельно їх перевіривши. Ми не публікуємо про наступ щось - чого нема в загальному доступі. Все інше ми тримаємо при собі.",,,
13681,"[**🗓**](https://i.imgur.com/BoZliW8.jpeg)** Нічний дайджест з політичного фронту:

**🇱🇻**Сейм Латвії підтримав ініціативу президента про відокремлення Латвійської православної церкви 

**— 💭«__З прийняттям закону історично існуюча автономія та незалежність Латвійської Православної Церкви була зміцнена, запобігаючи впливу або владі російської Православної Церкви над нашою Православною Церквою__» - сказав Артусс Каймінш, голова прав людини та громадськості в Латвії.

— 😲До 31 жовтня церква має узгодити свій статут із змінами, внесеними до закону про статус церкви, а вже до 1 жовтня має бути названо главу церкви, митрополитів, архієпископів та єпископів. Хоробрий крок в краще майбутнє без Московії! 

**🇺🇸Пентагон готує новий пакет допомоги на $675 мільйонів доларів

**— 🤔В четвер 8-ого вересня відбулось чергове засідання ""Рамштайну"", під час якого було обговорено подальшу допомогу Україні, а також проаналізовано теперішні потреби для підготовки нових пакетів. 

— 👍Окрім того Київ сьогодні відвідав державний секретар Сполучених Штатів Америки Ентоні Блінкен, де він офіційно заявив про виділення $2,2 млрд доларів для інвестицій в оборону України та 18 країн Європи, а також переконав, що США підтримуватиме Україну до повного відновлення територіальної цілісності. 

🇪🇺**Естонія, Латвія, Литва та Польща заборонять в'їзд московитам за допомогою шенгенських віз вже 19 вересня

**— 💭Про це повідомив голова МЗС Естонії Урмас Рейнсалу на пресконференції, однак Рейнсалу зазначив, що заборона стосується лише осіб, що подорожують із туристичними візами, і не зачепить тих, які хочуть відвідати країну з «з інших гуманітарних причин».

— 🤨Водночас Грузія посилила контроль на кордонах та масово відмовляє московитам у в'їзді в країну, на кордоні не пропускають по кілька десятків русні на день.

**🇧🇾Біломосковія розпочала військові навчання на кордоні з Україною** **та Польщею

**— Поблизу кордону перебуває орієнтовно 6 батальйонів ЗС РБ, головною метою навчань яких є підвищення організованості органів військового управління та інших родів військ та військових формувань.

— У відповідь на подібного роду провокацію збройними силами України також проводитимуться комплекси навчань **""Північний буревій-2022""** в прикордонних районах областей, що межують з Біломосковією, про що повідомив Олексій Громов.

— «__Ми плідно відстежуємо ситуацію на наших кордонах, у нас є інформація стосовно бажання чи небажання білоруського народу брати участь в загарбницьких планах росії. **Але збільшення кількості населення, готового взяти участь в агресії на території нашої держави, не відстежується**__», – зазначив заступник ГОУГШ під час брифінгу.",,,
13682,"➕""Фредерікус 2.0"" дістався й **Гракового**. Логічно було, що там вже ніхто не сидітиме. Відкрите питання яка буде північна лінія оборони ворога, так як позначки зараз із запізненням

[Магазин](https://deepstateua.shop/)▫️[Твітер▫️](https://twitter.com/Deepstate_UA)[Блог](https://deepstateua.com/)▫️[Мапа](https://deepstatemap.live/)▫️[Написати нам▫️](http://t.me/newsDeepStatebot)[Звіти](https://help.deepstateua.com/)",,,
13683,"[**🔄**](https://deepstatemap.live/)**Ситуація на фронтах станом на **8 **вересня

**🔘На **Харківщині** - продовжується наступальна операція ЗСУ, яку в народі охрестили ""Фредерікус 2.0"". Балаклію звільнено. Точно відомо, що наші війська закріпилися по лінії Іванівка-Волохів Яр-Борщівка-Балаклія. Ворог втік або знищений на ділянці від Михайлівки до Шевченково і далі до Борівського швидше за все теж чисто. Бої йдуть значно далі сірої зони проте рекомендуємо чекати новин.

🔘**Бахмутський **відтинок - ворог суттєво знизив інтенсивність. Ворожий генерал військ фламінго і єдинорогів кадиров заявив про взяття Соледара. Хлопці в Соледарі покрутили пальцем у скроні тільки. Чекаємо новин з Озерного.

🔘**Авдіївський** відтинок - бої біля Микільського, результат невідомий.

🔘**Запорізький **відтинок - чекаємо офіційних повідомлень. 

🔘**Херсонський** напрямок - Громов повідомив про просування, але не сказав де. Відомо про бої між Благодатним та Посад-Покровським. Звільнено Благодатівку.

🔴У випадку **неточностей на карті**, ви можете нам повідомити через бот @newsdeepstatebot. 

😏Приєднуйтесь до нашого флешмобу - ✙ 

↔️Нагадуємо, що в загальному доступі не може існувати точної карти бойових дій, а інформацію, як переможну так і не дуже, завжди краще сприймати зі скепсисом і чекати візуальних підтверджень чи повідомлення ГШ ЗСУ. Ну і звісно, довіряйте перевіреним джерелам.",,,
13684,"**📍Ну і ще хороших новин з півдня. Підтверджується звільнення Благодатівки. Хоча насправді наші там закріпилися вже давно➕

**[Магазин](https://deepstateua.shop/)▫️[Твітер▫️](https://twitter.com/Deepstate_UA)[Блог](https://deepstateua.com/)▫️[Мапа](https://deepstatemap.live/)▫️[Написати нам▫️](http://t.me/newsDeepStatebot)[Звіти](https://help.deepstateua.com/)",,,
13685,"🗺«__Загалом, з 1 вересня звільнено більше 1 000 квадратних кілометрів нашої території. Дякую усім хто це забезпечив. Дякую армії, розвідникам, спецслужбовцям за кожен Український прапор, який встановлено цими днями» __— Зеленський у вечірньому зверненні 8 вересня

😏**Приєднуйтесь до нашого флешмобу - ✙

**[Магазин](https://deepstateua.shop/)▫️[Твітер▫️](https://twitter.com/Deepstate_UA)[Блог](https://deepstateua.com/)▫️[Мапа](https://deepstatemap.live/)▫️[Написати нам▫️](http://t.me/newsDeepStatebot)[Звіти](https://help.deepstateua.com/)",,,
13686,"**🏦Наша банка, яку ми відкрили в честь 200-т тисячного підписника, для збору коштів на покупку речей, які допоможуть 93, 53 і Карпатській Січі воювати взимку, заповнена**!

🤷🏼‍♂️Єдиний момент, що моно не дає її розбити. Підтримка пообіцяла вирішити це питання.

🤝Дякуємо, що ви в нас є!

Коротко про сьогодні:
- замовили два дрони, один в Польщі: подяка підписникам, які допомогли проплатити місцевим банком.
- передали в користування бійцям 6 двоспальних ліжка, які подарував один із підписників.
- нарешті з Харкова доставлено хлопцям кіловольтметр: дуже коштовна і потрібна річь, яку передав харківський телецентр.
- енергетики поїхали на фронт і робитимуть безсонні ночі кацапам біля Бахмута.
- взяли на тест буржуйку, яка поїде в 93 ОМБ. 

🤝Нагад**аємо, що ми створили окремий канал для різних волонтерських новин та **запитів - @help_deepstateua.",,,
13687,"Все на своїх місцях. Прапор України у вільному українському місті під вільним українським небом!
Дякую! Пишаюся! Бережіть себе! До перемоги!
Слава Україні! 🇺🇦",,,
13688,"**🔥Команда DeepStateUA спільно з проектом ""Карта бойових дій"" продовжує **[аналізувати](https://www.youtube.com/watch?v=Y0_XXGm-tFo&ab_channel=%D0%A4%D0%B0%D0%B1%D1%80%D0%B8%D0%BA%D0%B0%D0%BD%D0%BE%D0%B2%D0%B8%D0%BD)** найцікавіші події з фронту

**🧐Найбільша увага зараз зосереджена на Харківській області, де **Збройні Сили України** почали активний наступ. Це вже підтвердив офіційно президент** Володимир Зеленський**. А в Генштабі заявили, що ЗСУ просунулися на 50 кілометрів за лінію фронту та звільнили два десятки населених пунктів.

👉🏻**Скоріше переходьте за посиланням та дивіться**: https://youtu.be/Y0_XXGm-tFo",,,
13689,"🇬🇧**Тепер вже офіційно

**🕯**8 вересня **у віці 96 років померла королева **Великої Британії Єлизавета II.** Відійшла у вічність королева у колі своєї родини у резиденції Балморал, що у Шотландії

🤨Сьогодні був нібито фейк від **the Guardian** про смерть Єлизавети ІІ. Чому ""нібито""? Тому що події, які відбувалися в процесі цих новин вказували з точністю, що це, на жаль, сталося: з'їзд всієї сім'ї, скасування щоденних програм на телебаченні, скасування інших подій в Англії і, звісно, тривале замовчування уряду про цю подію - лиш за цими ознаками можна було все зрозуміти.  Але багато ""експертів"" не побачили цього і нам довелося видалити (а точніше відкласти) пост про цю трагічну подію, адже багато людей не втрималося, щоб написати ""**фейк, фейк😱""**. А тепер публікуємо її повторно. 

**DeepStateUA**, друзі, може теж помилятися, але дуже і дуже рідко, і це точно не в цьому випадку🫡

🕯**Вічна пам'ять королеві Єлизаветі ІІ**",,,
13690,"**➕Балаклія повертається додому, місто було окуповане з 2 березня. 

**На фоні можемо спостерігати Балаклійську РДА у центрі та наших військових. Віримо у ЗСУ!

🤝Нагад**аємо, що ми створили окремий канал для різних волонтерських новин та **запитів - @help_deepstateua.

💰Також ми збираємо 200К для підготовки до холодів 93, 53 і КС. Посилання на банку: https://send.monobank.ua/jar/8tTEcNw78h",,,
13691,➕❤️🇺🇦➕,,,
13692,"**➕Борщівка звільнена. Фредерікус 2.0 крокує далі

**🤝Нагад**аємо, що ми створили окремий канал для різних волонтерських новин та **запитів - @help_deepstateua.

💰Також ми збираємо 200К для підготовки до холодів 93, 53 і КС. Посилання на банку: https://send.monobank.ua/jar/8tTEcNw78h",,,
13693,"➕**Товариство, зараз просто рекорд відвідуваності по користувачам за останні 30 хвилин.** Це дещо вплинуло на стабільність сервера. Для прикладу GA навіть за вчора ще не порахував трафік взагалі. А сьогодні навантаження ще зросло на 25%

💪🏻Працюємо над стабілізацією. І саме тому важливо бути підписаним на наш канал - будете знати, що з мапою.",,,
13694,"**🧯В когось вже горить гузно - кацапи вважають, що поки ""СОБР героїчно помирає"" якийсь школяр забіг в РДА і підняв український прапор

**До речі, ми виходить у квітні передбачили ці [події в даній публікації](https://t.me/DeepStateUA/11891).",,,
13695,"**➕Над Балаклійською РДА майорить український стяг

**Долучайтеся до нашого підпису ✙✙",,,
13696,"**➕""Фредерікус 2.0"" добрався до кацапів в Шевченкове. Ворога вибито. Купянську приготуватися

**🔺Наша карта буде рухатися по візуальних пруфах та наших даних. А хто хоче хай собі малює що хоче.

🇨🇭Крім того, така кількість полонених зможе повернути багато наших хлопців у найближчі обміни.",,,
13697,"**🇬🇧Неприємні новини з Великої Британії

👑Королева Єлизавета II** перебуває під __""медичним наглядом__"" після того, як лікарі занепокоїлися про її здоров'я - про це повідомили у Букінгемському палаці

👨‍👩‍👧‍👦Принц **Вільям**, принц **Чарльз** і **Каміла** вирушили до замку** Балмор**, щоб бути поруч із королевою. Інші діти королеви також вирушили до **Балморалу**. Це принцеса **Анна**, принц **Ендрю** та принц **Едвард**.

👀Також можна помітити, що британські телеведучі **ITV** ведуть ефір у чорному одязі. **BBC One** призупинила всі регулярні програми до 6-ї вечора.",,,
13698,"**➕Іванівку звільнено! Світлина біля приміщення сільської ради. Нам не було достатньо збігу адреси, тому ми відкопали фото фасаду і тепер можемо підтвердити

➕**Озерне, що на Донеччині також повертається в синю зону. Тут так треба було.

**➕**Фредерікус 2.0.

🤝Нагад**аємо, що ми створили окремий канал для різних волонтерських новин та **запитів - @help_deepstateua.

💰Також ми збираємо 200К для підготовки до холодів 93, 53 і КС. Посилання на банку: https://send.monobank.ua/jar/8tTEcNw78h",,,
13699,"**⚡️ЗСУ звільнили понад 700 кв км території України

**➕На Харківщині, Донеччині та Херсонщині.",,,
13700,"⚡**На Харківщині ЗСУ вклинилися у ворожу оборону на глибину до 50 км і звільнили понад 20 населених пунктів - Громов**

➕Через шквал вогню рветься на схід Валерія Залужного танковий кулак 👊",,,
13701,"🔥**Непомітно для нас наш канал подолав межу в 200 000 підписників!

🤝🏻**Дякуємо** **кожному, хто став частиною нашої великої аудиторії. Щодня та щоночі наша команда працює для кожного з вас, щоб інформація була корисною та цікавою для кожного! 

💪🏻 Найкращим подарунком для нас буде збір для ЗСУ. Тож до цієї величезної події на нашому каналі ми[ оголошуємо волонтерський збір](https://send.monobank.ua/jar/8tTEcNw78h) для наших військових на 200 000 грн. 

💰Посилання на банку: https://send.monobank.ua/jar/8tTEcNw78h
**Кожна ваша копійка буде величезним вкладом в цей дуже необхідний збір

**🇺🇦Йдемо разом до перемоги!",,,
13702,"🎥**Давно ми не згадували Білгород

**Доки ви спите, там вибухнула підстанція і тепер половина міста на 360 тисяч населення без електроенергії.

[Магазин](https://deepstateua.shop/)▫️[Твітер▫️](https://twitter.com/Deepstate_UA)[Блог](https://deepstateua.com/)▫️[Мапа](https://deepstatemap.live/)▫️[Написати нам▫️](http://t.me/newsDeepStatebot)[Звіти](https://help.deepstateua.com/)",,,
13703,"[**🔄**](https://deepstatemap.live/)**Ситуація на фронтах станом на **7 **вересня

**🔘На **Харківщині** - ситуація динамічна. На півночі області без змін, але на сході ЗСУ звільнили Байрак та Нову Гусарівку. Також з відкритих джерел фіксується суттєве просування наших сил по лінії Волохів Яр-Балаклія. Хрестоносці (через хрести на техніці) продовжують тиснути ворога далі на схід. 

🔘**Бахмутський **відтинок - біля Соледару ворог не втрачає інтенсивності в атаках. Можлива цілковита втрата Кодеми.

🔘**Авдіївський** відтинок - ворог шукає слабкі місця біля **Авдіївки** і хоче прорватися в Первомайське, успіху не зафіксовано.

🔘**Запорізький **відтинок - чекаємо офіційних повідомлень. 

🔘**Херсонський** напрямок - чекаємо офіційних повідомлень. 

🔴У випадку **неточностей на карті**, ви можете нам повідомити через бот @newsdeepstatebot. 

↔️Нагадуємо, що в загальному доступі не може існувати точної карти бойових дій, а інформацію, як переможну так і не дуже, завжди краще сприймати зі скепсисом і чекати візуальних підтверджень чи повідомлення ГШ ЗСУ. Ну і звісно, довіряйте перевіреним джерелам.",,,
13704,"**🎁До фото про вгадайте рік**

Сьогодні інтернет заповнили відео з обмінним фондом, що героїчно ~~не~~ здався. Серед полонених є навіть підполковник, це 7 такий випадок за всю війну. Останній підполковник був у квітні зі збитого Су-35.

➕Фредерікус 2.0.

[Магазин](https://deepstateua.shop/)▫️[Твітер▫️](https://twitter.com/Deepstate_UA)[Блог](https://deepstateua.com/)▫️[Мапа](https://deepstatemap.live/)▫️[Написати нам▫️](http://t.me/newsDeepStatebot)[Звіти](https://help.deepstateua.com/)",,,
13705,"**🔥Командування ДШВ публікує відео, як десантники з 80-ї бригади заборонили літати московицькому Мі-24

**Також сьогодні зранку було відео збиття ворожого Су-25

[Магазин](https://deepstateua.shop/)▫️[Твітер▫️](https://twitter.com/Deepstate_UA)[Блог](https://deepstateua.com/)▫️[Мапа](https://deepstatemap.live/)▫️[Написати нам▫️](http://t.me/newsDeepStatebot)[Звіти](https://help.deepstateua.com/)",,,
13706,"**🤔Давно у нас на каналі не було рубрики ""Вгадайте рік"".** 

👇🏻Запрошуємо в коментарі відповісти, чи це операція Фредерікус 1942, чи 2022?",,,
13707,"📍**Фредерікус 2.0 продовжується - з'явилося відео зі звільненої Нової Гусарівки

Схож**е Щурівка теж повинна бути звільнена. Відео є на офіційній сторінці 1-ї ОБСП ім.Івана Богуна.

🤝Нагад**аємо, що ми створили окремий канал для різних волонтерських новин та **запитів - https://t.me/help_deepstateua. Зараз закриваємо два дрони і нічник. Далі займаємося підготовкою хлопців до зими. 

💦Ми протестували дощовики, вийшло цікаво - результатами поділимося. Завтра купуємо на тест буржуйку і відправимо на 93 ОМБ.

👷Загалом роботи багато.",,,
13708,"📍**Так це дійсно Байрак і він схоже звільнений, раз туди возять іноземців. Про звільнення опублікував канал, який рекомендував у себе Залужний

**Друзі, ми все відслідковуємо і знаємо дещо більше. Але слоупочимо, щоб нікого ніде не підставити. Чекаємо нових хороших новин.

На одному з каналів було піднято претензію, що чомусь наш ГШ мовчить і не дає конкретику на відміну від Азербайджанського ГШ, який протягом доби давав назви населених пунктів. В цьому дійсно є логіка, адже Телеграм виходить заміняє ГШ, що не буде правильно. І наприклад на нашій карті лежить велика відповідальність, бо якщо раптом ми десь позначимо не туди, це одразу розлетиться з посиланням на нас же.

🤝Н**агадаємо, що ми створили окремий канал для різних волонтерських новин** та запитів - https://t.me/help_deepstateua. Зараз закриваємо два дрони і нічник. Далі займаємося підготовкою хлопців до зими. 

💦Ми протестували дощовики, вийшло цікаво - результатами поділимося. Завтра купуємо на тест буржуйку і відправимо на 93 ОМБ.

👷Загалом роботи багато.",,,
13709,"⚡️**Друзі, команда DeepStateUA продовжує допомагати нашій армії на передовій робити смерть москалям**😈

🔥Поки наша армія звільняє нашу країну **на Півдні та Сході**, ми також не сидимо на місці і допомагаємо їм в цьому.

📣До нас звертається дуже багато військових про допомогу. Ми стараємося направляти цю допомогу виключно на передову, де наша армія знищує русню. Тож нам необхідно багато коштів. 

👉🏻[Ми створили канал](https://t.me/help_deepstateua), де будемо вас інформувати про надходження і потреби для військових. Ви можете нам допомогти в будь який час

📌Посилання на канал: https://t.me/help_deepstateua

💳**Наші реквізити**:

📌приват `5168755444374546` (Микула Р.) 
📌моно `5375411417067597` (Микула Р.)
📌PayPal: ua_monolit@ukr.net",,,
13710,"**🚁Пара українських Мі-24 завдає удар по москалях біля Новокам'нського**. Відео тільки геолоковано, удар відбувся раніше

deepstatemap.live/#15.25/48.8643/38.2233

[Магазин](https://deepstateua.shop/)▫️[Твітер▫️](https://twitter.com/Deepstate_UA)[Блог](https://deepstateua.com/)▫️[Мапа](https://deepstatemap.live/)▫️[Написати нам▫️](http://t.me/newsDeepStatebot)[Звіти](https://help.deepstateua.com/)",,,
13711,"**📈Коротко про зацікавленість у подіях на фронті

**За останній тиждень активність на карті зросла в 3.5 рази і ми доходимо до показника в 2 млн заходів в день. Сподіваємося сервак витримає. 

І це при тому, що ми не поспішаємо публікувати щось раніше інших.",,,
13712,"**📍Операція ""Фредерікус 2.0"" триває - Волохів Яр 

**Розуміємо, що точна назва операції закодована, але від цієї згорять мільйони ватних анусів. 

🤫На жаль, режим тиші не дотримують ні самі бійці, ні канали, тому ми будемо слоупоками щоб не наражати нікого на небезпеку. По ""Фредерікусу 2.0"" публікуємо лише те, що вже поширене всюди.

👀Прохання фотки з Балаклії не скидати, ми їх теж бачили. Давайте наберемося терпіння.",,,
13713,"**🔘Зі зведення ОК ""Південь"":

**▪️Обстановка в операційній зоні півдня України напружена і динамічна. Противник продовжує оборонні бої та підступні обстріли населених пунктів як вздовж лінії зіткнення, так і в наших тилових районах.

▪️Намагаючись  утримати займані рубежі, ворог вкотре застосував тактику авіаційних ударів в напрямку Білогірки, Костромки, Сухого Ставку, Безіменного. За що й щедро сплатив штурмовиком. Су-25 влучно достроково приземлений нашими зенітно-ракетними підрозділами.",,,
13714,"[**🔄**](https://deepstatemap.live/)**Ситуація на фронтах станом на 6** **вересня

**🔘На **Харківщині** москалі намагаються знайти слабкі місця біля **Уд та Світличного**. Ворог заявив що дістався Шестакове, проте в нас нема причин вважати це правдою. На захід від **Балаклії** розпочалися активні бойові дії, про це вже повідомили всі, хто тільки може. Операція триває, рекомендуємо не поширювати відео з того напрямку, поки не буде офіційного повідомлення. На одному з найбільших пропагандистських ресурсів москалі підтвердили втрату села **Яковенкове**.

▪️Також, згідно наших даних в **Довгенькому** перебувають значні сили ворога, які сковують наші сили на цілому фасі фронту. 

🔘**Бахмутський **відтинок - Озерне: зараз в селі нікого немає. З приводу **Старого Каравану** аналогічна ситуація була майже місяць тому. Тому кадри, які поширюються і вже геолоковані або не свіжі або це нова невідома нам спроба закріпитися там. Враховуючи, що відео опубліковані то схиляємося до першого варіанту.

▪️Біля **Соледару** ситуація складна. ""Пастухи"", саме так називають зеки своїх командирів, пускають їх же на штурм наших позицій. Зеки ведуть штурм в стилі Дункана Маклауда, тому їхніми трупами всіяно аж до наших окопів.

▪️Уточнення біля **Майорська**, воно не було зайнято кацапами. 

🔘**Авдіївський** відтинок - ворог шукає слабкі місця біля **Авдіївки** і наносить удари по нашим позиціям. Можливо, готуючись до більш активних дій. Під питанням ситуація в Новоселівці, можливо наші мають частковий успіх. На **південь** від **Олександрівки** (біля Мар'їнки) ворог вирівнює фронт і має успіх за рахунок переваги в артилерії.

🔘**Запорізький **відтинок - чекаємо офіційних повідомлень. Біля **Нестерянки** уточнено ситуацію. Враховуючи час останнього уточнення, то невідома ситуація на південь від **Мирного**.

🔘**Херсонський** напрямок - 128 ОГШБ підняла прапор над **Нововознесенським**. Зі звіту ОК ""Південь"" випливає перехід **Новогреднєвого та Шмідтового** в сіру зону.

🔴У випадку **неточностей на карті**, ви можете нам повідомити через бот @newsdeepstatebot. 

↔️Нагадуємо, що в загальному доступі не може існувати точної карти бойових дій, а інформацію, як переможну так і не дуже, завжди краще сприймати зі скепсисом і чекати візуальних підтверджень чи повідомлення ГШ ЗСУ. Ну і звісно, довіряйте перевіреним джерелам.",,,
13715,"[🗓](https://i.imgur.com/BoZliW8.jpeg)** Вечірній дайджест з політичного фронту:

🇺🇸Джо Байден не визнаватиме Московію країною-терористом

**— 💭За словами Білого Дому причина полягає в тому, що подібного роду визнання може спонукати перешкоджання експорту зерна та продовольства, і Кремль скористається можливістю вийти з угод та продовжити шантаж. 

**💩🇨🇳Московський банк ВТБ почав грошові перекази до Китаю в юанях.

**— 🤔Таким чином Кремль намагається обійти санкції SWIFT, однак чи не потрапить в свою чергу під санкції сам Китай? 

— Водночас про оплату в юанях та рублях повідомив і Газпром, зазначивши, що вона буде проводитись за схемою ""50/50"" (рублі/юані). 

💩**Депутат Думи Алєксєй Пушков розкритикував Сталіна за те, що той дозволив розмістити штаб-квартиру ООН у Нью-Йорку

**— 🤷‍♂️Шукати винних у своїй імпотентності та ідіотизмі - доволі по-російськи. Однак не часто зустрінеш критику ""вождя"". 

**🇩🇪Депутат від Лівої партії закликає німців протестувати проти санкцій на Московію 

**— 🤡Кремлеблядь Севім Дагделен довгий час лобіює інтереси верховного пуйла в Бундестазі, однак апогеєм стала саме ця ситуація - Дагделен закликала мешканців Німеччини виходити на вулиці та протестувати проти антиросійських санкцій. 

— 💭«__Федеральний уряд завів себе в безвихідь економічною війною проти Росії. СДПН, Зелені та СвДП соціально руйнують більшу частину населення та знищують мільйони робочих місць__»

🇨🇳**Китайська компанія Huawei перевела своїх співробітників з Московії до Казахстану та Узбекистану

**— 🤷‍♂️Все ж таки Китай побоюється вторинних санкцій та перестраховує свої ключові компанії. 

🇲🇩 🧟‍♂️**МЗС Московії попереджає ""про можливість розморозки Придністровського конфлікту"" 

**— 💭«__Так, небезпека ескалації є. У період квітня — червня в Придністров'я здійснено низку відверто терористичних актів, сліди яких, як зазначають у Тирасполі, ведуть на Україну__», - заявив посол за особливими дорученнями МЗС Московії Віталій Тряпіцин.

— Також сьогодні самопроголошений президент Придністров'я підписав наказ про продовження чинного рівня («червого») терористичної небезпеки до 21 вересня.",,,
13716,"[🔘](https://deepstatemap.live/)**Сьогодні дуже насичений день в плані аналізу**. Практично всюди якісь зміни, зараз питання їх верифікувати, вирішити що можна публікувати, а що ні. Тому оновлення та зведення сьогодні буде, але пізно вночі. Почекаємо ще публікації ОК ""Південь"". 

По внесенні змін у функціонал зараз дещо пауза, бо й довелося розробнику сервер тайтлів переписати і переключатися на інші задачі. В очікуванні новий дизайн та нічний режим карти. 

🔜**Також ми створили новий сайт для трекінгу транзакцій та звітів за волонтерство - ****https://help.deepstateua.com/**. В процесі окремий канал для комунікації - так як наша допомога, яку купуєте саме ви, зараз відпрацьовує на полях Херсона, Донеччини, Харківщини та Запоріжжя. Хочемо цей процес зробити ефективнішим.

[Магазин](https://deepstateua.shop/)▫️[Твітер▫️](https://twitter.com/Deepstate_UA)[Блог](https://deepstateua.com/)▫️[Мапа](https://deepstatemap.live/)▫️[Написати нам▫️](http://t.me/newsDeepStatebot)[Звіти](https://help.deepstateua.com/)",,,
13717,"**📍Знайдено локацію підняття українського прапора над Нововознесенським бійцями 128 ОГШБ

**Тепер можна сказати, що Нововознесенське звільнено!",,,
13718,"📸**СБУ «Альфа» у Високопіллі** 

З'являється все більше фото та відео зі звільненого селища, що вкотре спростовує тези московицьких пропагандонів про ""баї на югє пасьолка"". 

Світлини: __Роман Бочкала__",,,
13719,"🎥**Координаційний штаб оприлюднив відео з обміну, що відбувся 2 вересня.** 

Тоді Україна повернула 14 наших Захисників. Серед них десятеро з 58 ОМБР і четверо з 30 ОМБР. Серед звільнених є офіцер та військовий медик, всі вони потрапили в полон навесні.

[Магазин](https://deepstateua.shop/)▫️[Твітер▫️](https://twitter.com/Deepstate_UA)[Блог](https://deepstateua.com/)▫️[Мапа](https://deepstatemap.live/)▫️[Написати нам▫️](http://t.me/newsDeepStatebot)[Звіти](https://sites.google.com/view/deepstate-donate/report?authuser=0)",,,
13720,"[🇺🇦](https://deepstatemap.live/)**Давайте трохи почекаємо більш офіційних новин і не будемо робити вигляд, що кожен найбільший в Україні інсайдер.

Хлопцям успіху і чекаємо**.",,,
13721,"💌**Друзі, нагадуємо про наш **[магазин](https://deepstateua.shop/)** з фірмовим мерчем від команди DeepStateUA

**🍂Наступила осінь, а з нею і перші нотки прохолоди. Щоб бути в теплі та завжди з командою** DeepStateUA**, ми випустили в продаж наші [перші худі](https://deepstateua.shop/shop/cat/hudi). 

😱Скоріше переходьте за посиланням та обирайте мега-круті худі **DeepStateUA**😎

📌Посилання на сайт:➡️ [DeepStateShop](https://deepstateua.shop/shop/cat/hudi)",,,
13722,"**Зі зведення ОК ""Південь"":**

🔵Основна увага ворога була зосереджена на утриманні займаних рубежів, нанесенні авіаційних ударів в напрямку  **Малої Сейдеменухи, Правдиного, Білогірки.**
🔵З метою покращення тактичного положення противник провів штурмові дії в напрямку **Шмідтового і Тернових Под,** силами зведеного підрозділу, зокрема, із застосуванням спецпризначенців. Але успіху не мав.

Думаю у багатьох відпали питання по Білогірці. А от по Шмідтовому та Тернових Подах чекаємо офіційних новин",,,
13723,"📍**Спочатку вагалися чи публікувати, але вже в твітері також геолокували наших в Ольгине.** Тобто заяви деяких московитських каналів, навіть авторитетних, про те що Ольгине під ними, не відповідає дійсності

Точне перебування на відео в цілях безпеки не вказуємо.",,,
13724,"[🗓](https://i.imgur.com/BoZliW8.jpeg)** Вечірній дайджест з політичного фронту:

🇮🇷Іран закликає ЄС послабити санкції, щоб він міг експортувати газ до Європи

**—💭«__Наближається зима__» - подібного роду заголовки почали з'являтись у іранських ЗМІ. Іран намагається проштовхнути свій газ в обмін на зняття ряду первинних санкцій, а також ядерної угоди. Експерти ж вважають, що перехід Європи на іранський газ займе роки, та і надійність місцевого ""режиму"" також варто враховувати - чи є сенс міняти шило на швайку. 

🇱🇻**Президент Латвії ініціював поправки про відокремлення Латвійської православної церкви від московської православної церкви

**— 🤔Ймовірно це матиме схожий ефект як і з ПЦУ та спонукає до ряду протестів, однак ми сподіваємось, що латвійці врахують наші помилки. Московитам лиш залишається погрожувати та кричати про ""ущємлєніє"".

🇧🇪**Бельгія відмовиться від викопного палива

**— 💭«__Нас чекає від п'яти до десяти важких зим, але ми також можемо зробити ривок на 20 років вперед, відмовившись від викопного палива, попри всі труднощі__» - повідомив прем'єр-міністр Бельгії де Кроо під час коментаря місцевому ЗМІ. Імовірно, що це рішення викликане саме через екологічні чинники🤷‍♂️

💩**Московити повністю зупиняють експорт газу в Європу 

**— 🤡Розмовляюча голова Кремля Пєсков заявив, що «__**Проблеми з постачанням газу виникли через санкції**, введені проти нашої країни західними державами, зокрема Німеччиною та Великобританією__», а також повідомив, що ""__росія безумовно відновить поставки газу у разі **зняття санкцій**__"". 
— 🤷‍♂️Очевидна брудна гра, як і очікувалось ближче до зими. Водночас постає питання ""Чи прогнеться Європа під московський газ?"" та що принесе нам ця зима.",,,
13725,"[**🔄**](https://deepstatemap.live/)**Ситуація на фронтах станом на 5** **вересня

**🔘На **Харківщині** ворог на своїх каналах заявляє про контратаку на Уди та Байрак, проте нам не вдалося знайти підтверджень цих слів.

🔘**Бахмутський **відтинок - біля Спірного ворога відкинуто, схоже саме про це казав Зеленський вчора. Біля Соледару москалі ще більше активізувалися, йдуть бої. На південь від Бахмуту поки змін не зафіксовано. 

🔘**Авдіївський** відтинок - ворог шукає слабкі місця біля Авдіївки і наносить удари по нашим позиціям. Можливо, готуючись до більш активних дій.

🔘**Запорізький **відтинок - чекаємо офіційних повідомлень.

🔘**Херсонський** напрямок - московити заявили, що відійшли до південного краю Нововознесенського, але за їх словами контролюють Ольгине. З'явилося відео штурму Костромки, але ситуація там досі залишається невідомою. З'являється більше відео наших у Високопіллі, що дуже радує. Білогірка червона поки що, бо виродків там ще з липня не можуть вибити.

↔️Нагадуємо, що в загальному доступі не може існувати точної карти бойових дій, а інформацію, як переможну так і не дуже, завжди краще сприймати зі скепсисом і чекати візуальних підтверджень чи повідомлення ГШ ЗСУ. Ну і звісно, довіряйте перевіреним джерелам.",,,
13726,"📍**Доволі цікаве**[ відео ](https://www.facebook.com/watch/?v=399772368969843)**штурму опублікували ВМС ЗС України у фейсбук

**На кадрах доволі успішний штурм Костромки. Ворожі окопи та капоніри пусті, а ще живі екземпляри ворога тікають з будинків.

Відео не так й тяжко геолокувати, тому виставивши його публічно ВМС фактично повідомило про місце бою. 

deepstatemap.live/#15/47.1368/33.1424

[Магазин](https://deepstateua.shop/)▫️[Твітер▫️](https://twitter.com/Deepstate_UA)[Блог](https://deepstateua.com/)▫️[Мапа](https://deepstatemap.live/)▫️[Написати нам▫️](http://t.me/newsDeepStatebot)[Звіти](https://sites.google.com/view/deepstate-donate/report?authuser=0)",,,
13727,"📍**Цікаве відео розмістило МО московії, де демонструє кадри боїв із ЗСУ. На ньому бої йдуть на кордоні Луганської та Донецької області

З** моменту відходу з Лисичанська вже пішов третій місяць, а кацап не тільки розбив голову, стукаючись без упину в наш захист, а ще й умудрився втратити позиції.

deepstatemap.live/#14.25/48.7999/38.2809

[Магазин](https://deepstateua.shop/)▫️[Твітер▫️](https://twitter.com/Deepstate_UA)[Блог](https://deepstateua.com/)▫️[Мапа](https://deepstatemap.live/)▫️[Написати нам▫️](http://t.me/newsDeepStatebot)[Звіти](https://sites.google.com/view/deepstate-donate/report?authuser=0)",,,
13728,"**__‼️Радимо підписатися на наших колег:

__****@gistapapapa** — ""ворог нороду динири"", мешканець окупованого рф Донецька

[**ВІЙНА/NEWS**](https://t.me/+7n_q0tHYRt40MWQ6)** **— Оперативні новини з офіційних джерел без фейків та пропаганди

🔥**@prankota_ch** — славнозвісний майор Чернобаєв від якого волають кацапські мамки.
 
[**УКРОП**](https://t.me/+Xpc0enXrPAFkMzk6) — закрита спільнота для русофобів 🔱

⚡️**@dvish_alive** — патріоти з Донеччини нещадно палять русню

[**Дыбилятко.ua**](https://t.me/+3AHrTxjNVDU2MmYy) — Наші побратими садять окупантів на пляшку 🍾

Раніше [**хлопці з К.О**](https://t.me/kyivoperativ)**.** лупашили ексклюзив по Києву - кримінал, грабежі, цигани, корупція, ДТП і тд, але війна внесла свої корективи🥷

**@a_shtirlitz** — канал полковника ЗС України Анатолія Штефана ""Штірліца""

**@zsuwar** — оперативні новини з фронту, аналітика подій від політолога, автор рубрики про знищені склади БК і бази русні, гумор та сатира🔥

[**Третя Сила**](https://t.me/The3rdForceUA) — канал добровольців, які спільно з ЗСУ нищать російських окупантів

[**Доброго вечора, ми з України**](https://t.me/+hiTkGteV7OczMDcy) — Канал в якому публікують жорстокі відео та фото військові та громадянські з передовою

**@ukrarmed_forces** — Новини Збройних сил🇺🇦

**@ukropernews** — Ударні новини про знищення ворога.

**🍉****@ukrnastup** — На всіх фронтах російсько-української війни з 2014

**@KARAS_EVGEN**  — Карась. «Лисий з ЗСУ». Найкращий військовий енергетик!

[**@donetchanyn**](https://t.me/+VvCNYXR-vBDAoFgY) — Блог донецького бандерівця",,,
13729,"🧑🏻‍🦳🇬🇧**У зв'язку з цими змінами дійових фігур на міжнародній геополітичній шахівниці, на нашому блозі вийшла** [детальна стаття](https://deepstateua.com/khto-taka-liz-tarass-ta-zvidki-vona-vzaghali-vzialas/)** про біографію 78-го прем'єр-міністра Ліз Трасс

**__Колись вона ходила на мітинги проти консервативної Маргарет Тетчер, а зараз стала прем'єркою від партії консерваторів. Колись вона агітувала за повалення монархії, а завтра її буде затверджувати на новій посади Королева Єлизавета II. 
До того ж, Ліз не визнає суверенітет московії над Воронезькою та Ростовською областями, то хто ж вона така, ця Ліз Трасс? Це нова залізна леді? 

__**👇Читайте за посиланням на нашому блозі:
**https://deepstateua.com/khto-taka-liz-tarass-ta-zvidki-vona-vzaghali-vzialas/",,,
13730,"[🎉](https://i.imgur.com/8QQXKwI.png)**🇬🇧Ліз Трасс стає новим прем'єр-міністром Великої Британії — офіційно!

👑Вже** завтра, 6 вересня, її Величність королева призначить колишнього міністра закордонних справ  прем’єр-міністром Великобританії.

👏🏻Велика подяка Борису Джонсон(юку) за всю допомогу Україні та сподіваємось побачити його у Києві знову.",,,
13731,"🤡**В московської шльондри Захарової сильно пригоріло щодо заяви МЗС Естонії про заборону в'їзду московитам в країни Євросоюзу

**🤷‍♂️«__Напомню, он — дипломат, представляет страну..__» та одразу опісля погроза погрому дипломатичної будівлі. Типічний московит.",,,
13732,"[**🔄**](https://deepstatemap.live/)**Ситуація на фронтах станом на 4** **вересня

**🔘На **Харківщині** ситуація без змін.

🔘**Бахмутський **відтинок - ворог поновив активність, останні дні пробує продвинутися. Про просування наших військ поки що не маємо інформації. В Соледарі ворог продовжує нести втрати і навіть втрачати позиції, на превеликий жаль у Кнауфі концентрація ворога значна. Бахмут тримається, проте біля Кодеми ситуація найтяжча. 

🔘Наші війська увійшли в **Озерного**, що на протилежному березі Сіверського Донця, це підтверджується[ візуальними матеріалами](https://t.me/DeepStateUA/13964) та заявою Зеленського.

🔘**Авдіївський** відтинок - ворог шукає слабкі місця біля Авдіївки. Активізувалася робота московитів в полях біля Пісків, але про їх успіхи нам невідомо.

🔘**Запорізький **відтинок - чекаємо офіційних повідомлень.

🔘**Херсонський** напрямок - Зеленський заявив про звільнення 2 населених пунктів бійцями 42 ОМБт. Очевидно, що мова йде про Ольгине та Високопілля. На жаль, кацапи в ""бойлер"" не потрапили, але вийшли не всі. Світлина з прапором нагадала далекий 2014-й коли такі світлини з'являлися майже щодня до Іловайської битви. По решті змін на відтинку - чекаємо офіційних повідомлень. 

🤷🏼‍♂️Кумедно, що на деяких мапах Високопілля було звільнено ще в липні на основі повідомлення ГШ про обстріл в районі населеного пункту. 

↔️Нагадуємо, що в загальному доступі не може існувати точної карти бойових дій, а інформацію, як переможну так і не дуже, завжди краще сприймати зі скепсисом і чекати візуальних підтверджень чи повідомлення ГШ ЗСУ. Ну і звісно, довіряйте перевіреним джерелам.",,,
13733,"**🔥Команда DeepStateUA спільно з проектом ""Карта бойових дій"" **[проаналізувала](https://youtu.be/4lgvNMKDZWo)** останні найцікавіші події тижня 

**😎Сьогодні [ми покажемо](https://youtu.be/4lgvNMKDZWo), в якому місці додалося плюс 57 ""хороших руських"". Ви дізнаєтесь всю правду про Запорізьку атомну станцію, завдяки чому ми робимо висновки, що росіяни самотужки обстрілюють ЗАЕС, та звідки приблизно вони пускають снаряди. Ви дізнаєтесь, на яких напрямках наші артилеристи луплять окупантів, та які населені пункти звільнено на Херсонщині. 

👉🏻**Скоріше переходьте за посиланням та дивіться**: https://youtu.be/4lgvNMKDZWo

[Магазин](https://deepstateua.shop/)▫️[Твітер▫️](https://twitter.com/Deepstate_UA)[Блог](https://deepstateua.com/)▫️[Мапа](https://deepstatemap.live/)▫️[Написати нам▫️](http://t.me/newsDeepStatebot)[Звіти](https://sites.google.com/view/deepstate-donate/report?authuser=0)",,,
13734,"❗️**Не поширюйте фейки про військовий облік жінок

**🗯Міноборони розробило і передало до Верховної Ради пропозиції змін до Закону України “Про військовий обов’язок і військову службу” щодо добровільності постановки на військовий облік жінок. Зараз працюємо над законопроектом разом з профільним Комітетом  ВРУ з питань національної безпеки, оборони та розвідки.

👉🏻Ми вже неодноразово заявляли, що постановку жінок на військовий облік встановлено законом. Тому Міноборони та Генштаб не можуть її змінити самостійно. Це повноваження Парламента. Якщо будуть прийняті зміни - Міноборони і Генштаб їх виконають. 

✔️Досвід розгортання всіх військових частин Збройних Сил України та інших військових формувань до повних штатів воєнного часу свідчить, що на сьогодні в державі немає гострої потреби  суттєво збільшувати кількість жінок на військовому обліку. Разом із тим, для Збройних Сил залишається потреба в спеціальностях та фахівцях медицини, радіотехніки, харчових технологій. Тому, у разі прийняття змін до згаданого закону, Генштаб розробить зміни до переліку військово-облікових спеціальностей для жінок і скоротить перелік до оптимальної потреби. 

❗️Ще раз нагадую - йдеться про ДОБРОВІЛЬНУ постановку на військовий облік. Нагадаю, що з 2014 року жодна жінка примусово на фронт не потрапила - лише за її згодою.

**🔹З посту Ганни Маляр** [у мережі Facebook](https://www.facebook.com/100004471542280/posts/pfbid02QLzfN7UKTLMZyqjYLRq1DeQQE1jf8gonUdJJ6dwfuvwvNYgoq1Gwfu3TwgXYnX3al/?d=n)",,,
13735,"⚡️**Друзі, команда DeepStateUA продовжує допомагати нашій армії на передовій робити смерть москалям**😈

📋Звітуємо про останні придбання волонтерської допомоги:

🔹Придбали авто для бійців 132 ОРБ ДШВ, запит якого відбувся ще в червні, але через труднощі на кордоні вдалося його отримати лише в серпні - 108 538 грн;
🔸Коптер Mavic 3 combo для бійців ДУК ПС - 90 026 грн;
🔹Рації Motorola DP1400 DIGITAL VHF (2шт.) для бійця 46-ї ОДШБр- 34 960 грн;
🔸Коптер Mavic 2 combo для бійців 72 ОМБ  - 30 025 грн;
🔹Їжа швидкого приготування (400 кг) для бійців 93 ОМБр - 22 811 грн;
🔸Каска темп, плитоноска для бійця 20 ОБСП - 6 513 грн;
🔹Тактичне взуття для бійців 133 БТрО - 6 231 грн;

📌**Для бійців ХХХ ЗР полку:
**🔸Текстоліт (99,4 кг) - 15 324 грн;
🔹Лабораторний блок живлення - 8 753 грн;
🔸Вентиляція для приміщення зварювальних робіт - 4 300 грн;

🤝**Також хочемо подякувати нашим підписникам, які віддали або допомогли знайти такі речі:
**🔹Прибор нічого бачення для бійця 72-ї бригади - відправка 320 грн;
🔸Стільчики для ХХХ ЗР полку - відправка 1 343 грн;
🔹Тумби для ХХХ ЗР полку;
🔸Дошка сухостиральна магнітна(2 шт.)

💰Зага**льна сума - 329 144 грн.

💪🏻**Дякуємо кожному, хто відгукнувся та є небайдужим в ці непрості для України часи. І ми знаємо, що ми точно переможемо, адже ми нація, яка в будь-яких труднощах стає одним цілим і долає перешкоди спільними зусиллями.

❗️Друзі, йдуть** холода і ми разом з нашими бійцями готуємося до неї. Ми продовжуємо збір коштів для наших бійців на фронті, які нищать русню. Долучайтеся⤵️

💳Наші р**еквізити:

📌приват `5168755444374546` (Микула Р.) 
📌моно `5375411417067597` (Микула Р.)
📌PayPal: ua_monolit@ukr.net

`🇺🇦`Наближаємо н**ашу Україну до перемоги разом!**",,,
13736,"**📍Також геолоковано наших бійців НГУ в Озерному на Донеччині, власне вони самі озвучують назву населеного пункту. Згідно з відео, це дійсно там. Точну локацію не публікуємо в цілях безпеки

**[Магазин](https://deepstateua.shop/)▫️[Твітер▫️](https://twitter.com/Deepstate_UA)[Блог](https://deepstateua.com/)▫️[Мапа](https://deepstatemap.live/)▫️[Написати нам▫️](http://t.me/newsDeepStatebot)[Звіти](https://sites.google.com/view/deepstate-donate/report?authuser=0)",,,
13737,"**📍У публічному просторі з'явилася світлина нашого прапору над КНП ""Високопільська лікарня""

**Сподіваємося це дещо розставить крапки над питанням того, що відбувається на півдні. Там зараз дуже не легко, але є результати, і не тільки там. Ми ж навіть сірим публікуватимемо лише те, що у публічному доступі.

deepstatemap.live/#16/47.4870/33.5247",,,
13738,"🎥**Нові відео роботи Байрактарів опублікував фонд «Повернись живим», з приміткою, що джерело - Збройні Сили України.

**[Магазин](https://deepstateua.shop/)▫️[Твітер▫️](https://twitter.com/Deepstate_UA)[Блог](https://deepstateua.com/)▫️[Мапа](https://deepstatemap.live/)▫️[Написати нам▫️](http://t.me/newsDeepStatebot)[Звіти](https://sites.google.com/view/deepstate-donate/report?authuser=0)",,,
13739,"📍**45 ОАБр наносить удар по позиціям орків в Любимівці

**deepstatemap.live/#12.5/47.3798/33.7235",,,
13740,"[🗓](https://i.imgur.com/BoZliW8.jpeg) **Вечірній дайджест з політичного фронту:

**🇬🇧**У Великій Британії завершилось голосування за нового прем’єр-міністра

**— 🔎Ім'я нового прем'єр-міністра буде оголошено 5-ого вересня, а вже 6-ого офіційно призначений королевою. Вболіваємо за Ліз Трас. 

🇨🇿**У Празі відбувся протест-демонстрація проти уряду та закликами до діалогу з Московією

**— 🤡Промосковських протестантів орієнтовно було близько 70.000 осіб. За методичкою також захопили з собою агітаційні плакати проти НАТО та ЄС, а також комуняцькі ганчірки. 

🇺🇦🇩🇪**Україна запропонує Німеччині купувати надлишки електроенергії

**— 🔋Оскільки ми вже постачаємо електроенергію до Молдови, Польщі, Румунії та Словаччини - це б ще більше закріпило роль її експортера за нами. 

🇭🇺💩**Орбан відвідав похорони Горбачова

**— Про це сказав керівник пресслужби прем’єра Берталон Хаваші. Саме верховне пуйло не приїхало на прощання з останнім лідером совка ""через робочий графік"".

🇷🇴💩**Московити звинувачують Румунію за ""поставки зброї під виглядом гуманітарної допомоги""

**— Раніше прокремлівські ЗМІ повідомляли про ""1,5 тисячі румунських найманців"" та використання нами снарядів румунського виробництва.",,,
13741,"🛰[**Повідомляється**](https://twitter.com/COUPSURE/status/1566083215139508226)**, що автомобільна частина мосту через шлюз Каховської ГЕС обвалилась** **і міст вже точно непридатний до проїзду.

**🚂Залізнична частина мосту значно пошкоджена та теж непридатна до використання.

🤔Зазначимо, що для виведення з ладу залізниці достатньо декількох влучань, на відміну від дорожнього полотна мосту. Проте, залізниця і відновлюється швидше.

__Координати:
__`46.774169151746534, 33.37403783615558`",,,
13742,"💩(🇦🇿🇩🇿🇦🇲🇧🇾🇮🇳🇰🇿🇰🇬🇨🇳🇱🇦🇲🇳🇳🇮🇸🇾🇹🇯) **Близько 50 тис військовослужбовців беруть участь в московських навчаннях на полігонах східного військового округу**

Цікавим є той факт, що дві пари країн(🇨🇳🇮🇳,🇰🇬🇹🇯) мали між собою гібридну війну, а ще одна пара(🇦🇿🇦🇲) повноцінну війну, за останні два роки.

Особливо погано виглядає участь, навіть не Азербайджану, а Індії. Яка є ключовим партнером США та НАТО в своєму регіоні.

Ми ж маємо свої висновки зробити також.",,,
13743,"**🔘Зі зведення ОК ""Південь""**:

🔸Взято в полон 3 представника російських окупаційних військ, захоплено 2 танки Т-62, бойову машину десанту, БТР-82, а також багато колективної й стрілецької зброї з боєкомплектом.

🔸Засвідчено виключення із списків потенційної потужності «довгої армії світу» 106 рашистів та шість десятків одиниць ворожої техніки, серед них 14 танків Т-72 та 62, гаубицю «Мста-Б», авіадесантну самохідну артилерійсько-мінометну установку, 2 реактивні системи залпового вогню “Ураган”, 3 гармати-гаубиці 152-го калібру, мобільний міномет 120 калібру, 2 безпілотних розвідники та 35 одиниць авто-бронетехніки.

🔸Прицільним вогнем вражено командно-спостережний пункт 205-тої окремої мотострілецької козачої бригади рашистів у Снігурівці, понтонну переправу поблизу Козацького, три склади боєприпасів в Херсонському і Бериславському районі, плюс два пункти боєпостачання.

[Магазин](https://deepstateua.shop/)▫️[Твітер▫️](https://twitter.com/Deepstate_UA)[Блог](https://deepstateua.com/)▫️[Мапа](https://deepstatemap.live/)▫️[Написати нам▫️](http://t.me/newsDeepStatebot)[Звіти](https://sites.google.com/view/deepstate-donate/report?authuser=0)",,,
13744,"**📍Друзі, починаємо наш п'ятничний географічний квест о 20:00

Заходимо і реєструємося - ****https://www.geoguessr.com/join/3S2U****

**Цього разу квест знову буде підвищеної складності.

Перші п'ять місць зможуть стати учасниками нашого OSINT-діалогу, але звісно після верифікації. Писати в наш бот @newsdeepstatebot",,,
13745,"🔥**Ексклюзив — відео роботи відновленого ЗРК ""Бук""

**👉Цей БУК потрапив під ворожий обстріл на початку повномасштабного вторгнення, але був відновлений військовими за допомоги наших волонтерів, а також завдяки вашій допомозі (пам’ятаєте дописи про пошук радіодеталей?) і зібраним коштам.
Тепер він нищить русню на полі бою 😈

👌Відео погоджене для публікації.",,,
13746,"❓**В коментарях ви частіше нас запитуєте чому ми не публікуємо нічого про результати контрнаступу**...

Є цілком розумна політика ГШ ЗСУ по цьому питанню, адже наступ це не в туалет сходити, це серйозна річ, яка готувалася місяцями. І ні ми, ні клоуни які хайпують, не знаємо який його план, і так має бути.

Звісно кацапська пропаганда підхопила тему, що все пропало. Це звичайне ІПСО і багато хто на нього ведеться. 

Рекомендуємо чекати офіційних новин, хоча звісно вже є певна інформація від тих, кому кортить. 

Дехто продовжує спекулювати на цій темі, що взагалі москалі нам Херсон подарують, а ще й Крим віддають з Ростовською областю. Шкода, що таким хайпожерам державні нагороди вручаються...

**🔴До речі, традиційний квест сьогодні о 20:00.**",,,
13747,"🔘**На найгарячішій ділянці фронту на Донеччині ворог вперше з початку повномасштабного вторгнення запросив кількагодинне перемир'я** щоб зібрати трупи вбитих

🤝Наші підписники допомагають правильним хлопцям.",,,
13748,"🪐**Хвилинка оффтопу: на Марсі вперше успішно виробили кисень

**🔎За допомогою пристрою MOXIE («Mars Oxygen In-Situ Resource Utilization Experiment») вчені з NASA зуміли виробляти кисень з вугільної кислоти. За годину пристрій може виготовляти близько 6 грамів кисню, що еквівалентно одному маленькому деревцю на Землі. 

🤷‍♂️До колонізації Марсу ще далеко, однак перші кроки вже зроблено. Поки весь цивілізований світ намагається рухатись вверх - русня колонізує український чорнозем... вглиб😁",,,
13749,"**🎉Україна. Комуніст. Знову 200.

**🟥Мова про відомого комуняку, сталініста та, як про нього пишуть соратники ""__червоного скінхеда__"" і антифашиста Євгєнія Голишкіна

🪆Народився 8 листопада 1983 у місті Покров, Дніпропетровської області. Батьки його досі там проживають. 

🐓Був активним комуністом ще з молодого віку: учасником комсомолу, секретарем Дарницького комітету КПУ по ідеології. Активіст терористичної організації Антіфа. У 2011 створив разом із однодумцями власну марксистську організацію «[Боротьба](https://uk.wikipedia.org/wiki/%D0%91%D0%BE%D1%80%D0%BE%D1%82%D1%8C%D0%B1%D0%B0_(%D0%BE%D0%B1%27%D1%94%D0%B4%D0%BD%D0%B0%D0%BD%D0%BD%D1%8F))». 

🪖Активний організатор численних мітингів та провокацій. А в 2014 став політруком в одній з бригад так званої ДНР, потім продовжив воювати у складі 9 полка морської піхоти того ж денере. Окрім того, був працівником «Сообщества Новороссія» Павла Губарєва.

⚰️У 2022 брав участь у битві за Маріуполь, піймав поранення від снайпера, але, на жаль, лишився живим. На якому з напрямків йому вдалось задвохсотитись некрологи не повідомляють, лише пишуть, що це трапилось у наслідок контузії

🤔Що там з денацифікацією?",,,
13750,"📍**Користувачі твітера геолокували місце удару по базі скупчень збройних формувань московії з відео,** яке, як ексклюзив, опублікував один із військових блогерів

deepstatemap.live/#16/46.5894/32.2055

[Магазин](https://deepstateua.shop/)▫️[Твітер▫️](https://twitter.com/Deepstate_UA)[Блог](https://deepstateua.com/)▫️[Мапа](https://deepstatemap.live/)▫️[Написати нам▫️](http://t.me/newsDeepStatebot)[Звіти](https://sites.google.com/view/deepstate-donate/report?authuser=0)",,,
13751,"[**🔄**](https://deepstatemap.live/)**Ситуація на фронтах станом на 1** **вересня

**🔘На **Харківщині** ситуація без змін.

🔘**Бахмутський **відтинок - ситуація також без змін, ворог вперся в нашу оборону.

🔘**Авдіївський** відтинок - на свіжому відео ворогів показано удари по наших в Пісках, а монастир називають спостережним пунктом. Цікаво, що майже місяць тому 81 ДШБр там била авангард ворога. 

🔘**Запорізький **відтинок - ситуація без змін.

🔘**Херсонський** напрямок - в режимі інформаційної тиші з'являється багато відео, де й підбивають наш пустий танк глибоко за лінією фронту, і відділення ворога з білим прапором у Правдине, і ураження техніки з обох сторін. Московські аналітики вже перефарбували ""Брускінський мішок"" в ""Щасливинський мішок"". Ми утримаємося від коментарів.

↔️Нагадуємо, що в загальному доступі не може існувати точної карти бойових дій, а інформацію, як переможну так і не дуже, завжди краще сприймати зі скепсисом і чекати візуальних підтверджень чи повідомлення ГШ ЗСУ. Ну і звісно, довіряйте перевіреним джерелам.",,,
13752,"**🔥Сьогодні нас порадували свіжими кадрами роботи байрактарів. 

**На першому відео знищення САУ 2с3 «Акація», на другому мінометний розрахунок та вантажівка

[Магазин](https://deepstateua.shop/)▫️[Твітер▫️](https://twitter.com/Deepstate_UA)[Блог](https://deepstateua.com/)▫️[Мапа](https://deepstatemap.live/)▫️[Написати нам▫️](http://t.me/newsDeepStatebot)[Звіти](https://sites.google.com/view/deepstate-donate/report?authuser=0)",,,
13753,"**⚰️Ліквідований потенційний ""учасник сірої зони"" біля Вугледару** **Васілій Васільєвіч Тонкіх**.

Народився 15 травня 1988, приїхав до нас аж із Магадана. Спільнотою InformNapalm зафіксований на Донбасі ще 7 років тому, у 2015, як ""інструктор"", потім як командир одного з підрозділів.

У 2022 служив капітаном першої роти спецназу, пройшов Маріуполь, але безславно здох у провальній атаці на Вугледар, про що повідомляє регіональна преса Магадану. 

До Георгієвського хреста який йому вручили ще за життя, посмертно додався орден мужності. В історію увійде його [сторінка](https://myrotvorets.center/criminal/tonkix-vasilij-vasilevich/) на Миротворці.",,,
13754,"🇧🇾**Представник ГШ ЗСУ Громов прокоментував потенційні ворожі навчання військ біломосковії у вересні:

**__""Ймовірність проведення наступу противника з території біломосковії або вторгнення біломосковських військ в Україну залишається низькою. Водночас у період з 8 до 14 вересня у збройних силах даної країни заплановано проведення командно-штабного навчання, під час якого основна увага, ймовірно, приділятиметься питанням ведення маневреної оборони з подальшим переходом у контрнаступ та звільненням територій, тимчасово захоплених противником"".
__
[Магазин](https://deepstateua.shop/)▫[️Твітер▫️](https://twitter.com/Deepstate_UA)[Блог](https://deepstateua.com/)▫[️Мапа](https://deepstatemap.live/)▫[️Написати нам▫️](http://t.me/newsDeepStatebot)[Звіти](https://sites.google.com/view/deepstate-donate/report?authuser=0)",,,
13755,"👀**Ярослав Качинський, лідер правлячої в 🇵🇱Польщі партії «ПІС» заявив, що за їх оцінками збитки завдані Німеччиною в Другій світовій становлять 1,32 трильйона доларів і Варшава буде на офіційному рівні вимагати відшкодування. 

**🤷‍♂️«ПІС» робила подібні заклики ще в 2015, а в 2019 навіть називали суму в 850 мільярдів доларів. Проте, це було лише в межах партії, офіційно держава не вимагала відшкодування. 

🤔Вираз ""__як Полякам в 39__"" набуває нового значення

[Пруф](https://www.reuters.com/world/europe/poland-officially-demand-ww2-reparations-germany-says-ruling-party-boss-2022-09-01/)",,,
13756,"**🏭Перші кадри прибуття місії МАГАТЕ на територію Запорізької АЕС

**[Магазин](https://deepstateua.shop/)▫️[Твітер▫️](https://twitter.com/Deepstate_UA)[Блог](https://deepstateua.com/)▫️[Мапа](https://deepstatemap.live/)▫️[Написати нам▫️](http://t.me/newsDeepStatebot)[Звіти▫️](https://sites.google.com/view/deepstate-donate/report?authuser=0)[Патреон](https://www.patreon.com/DeepStateUA)",,,
13757,"**⚡️Повідомляється, що місія МАГАТЕ прибула на територію Запорізької АЕС

**🤦🏻‍♂️В той час русня заявляє про обстріли та штурм **Енергодару** та самої **АЕС**... Їх хвора фантазія не перестає дивувати👀

P.S. Фото просто взяте з мережі. не пишіть зраду, що фото вечірнє, люди!",,,
13758,"**🔘Головне зі зведення ОК ""Південь"":

**🔺Внаслідок наших вогневих зусиль ворог зменшив свою присутність на 201 рашиста, 12 танків Т-72 та 18 одиниць авто-бронетехніки.
🔺Налагоджену окупантами понтонну переправу в районі Дар’ївки знищено.
🔺Нашою авіацією нанесено 24 удари по місцям зосередження противника, його сил та засобів, командним та опорним пунктам, логістичним центрам, транспортним шляхам та бойовим позиціям.",,,
13759,"[**🔄**](https://deepstatemap.live/)**Ситуація на фронтах станом на 31 серпня

**🔘На **Харківщині** ворог обстрілює навколишні з **Удами** населені пункти.

🔘**Бахмутський **відтинок фронту - ворог пробує захопити **Кодему** цілком та штурмує **Зайцево**. Взагалі, тут сконцентрований головний ударний кулак московитів і відсутність серйозних успіхів каже про проблеми у них.

🔘**Авдіївський** відтинок - без змін. Спроба атакувати **Вугледар **закінчилася для кацапів летально. 

🔘**Запорізький **відтинок - без новин.

🔘**Херсонський** напрямок - багато повідомлень в різних каналах, кацапи заявили про втрату ще деяких населених пунктів. Проте з обережністю сприймаємо дану інформацію, змін не вносимо. Особливо про ""Брускинський мішок"", який б'є **Давидів Брід** у спину.

↔️Нагадуємо, що в загальному доступі не може існувати точної карти бойових дій, а інформацію, як переможну так і не дуже, завжди краще сприймати зі скепсисом і чекати візуальних підтверджень чи повідомлення ГШ ЗСУ. Ну і звісно, довіряйте перевіреним джерелам.",,,
13760,"**🔥В цій війні головне маневреність — і екіпаж цієї M777 точно знає значення цього слова

**[Магазин](https://deepstateua.shop/)▫️[Твітер▫️](https://twitter.com/Deepstate_UA)[Блог](https://deepstateua.com/)▫️[Мапа](https://deepstatemap.live/)▫️[Написати нам▫️](http://t.me/newsDeepStatebot)[Звіти▫️](https://sites.google.com/view/deepstate-donate/report?authuser=0)[Патреон](https://www.patreon.com/DeepStateUA)",,,
13761,"**🔘""Ворог здебільшого деморалізований, однак продовжує чинити опір"", - ОК ""Південь""

**За підтвердженими результатами виконання вогневих завдань від ворожого війська «відмінусовано» 117 рашистів, понад 30 одиниць техніки: 9 танків Т-72, 3 реактивних системи залпового вогню «Град», самохідну гармату «Гіацинт-С», самохідну гаубицю «Мста-С», 18 одиниць авто-бронетехніки та 4 склади боєприпасів в Баштанському, Бериславському, Каховському та Херсонському районах.",,,
13762,"📍**Геолоковано трохи брехні від топових телеграм-каналів країни

**Вчорашнє відео, на якому примушують русню до втечі, насправді знято біля злітної смуги Донецького аеропорту. І вони не тікають, а навпаки йдуть в атаку на Водяне. З хорошого - частина там і залишилася.

Геолоковано: @magnat_ua

[Магазин](https://deepstateua.shop/)▫️[Твітер▫️](https://twitter.com/Deepstate_UA)[Блог](https://deepstateua.com/)▫️[Мапа](https://deepstatemap.live/)▫️[Написати нам▫️](http://t.me/newsDeepStatebot)[Звіти▫️](https://sites.google.com/view/deepstate-donate/report?authuser=0)[Патреон](https://www.patreon.com/DeepStateUA)",,,
13763,"[**🔄**](https://deepstatemap.live/)**Ситуація на фронтах станом на 30 серпня

**🔘На Харківщині ворог пробує вести штурмові дії між Удами та Козачою Лопаню. 

🔘Бахмутський відтинок - ворог пробує розвинути успіхи в Кодемі, щоб оволодіти всім селом. Йдуть бої за Зайцеве, ситуація невідома. 

🔘Авдіївський відтинок - невдала спроба штурму Опитного та Водяного. Тривають бої в Мар'їнці - доволі гаряча точка, але просувань ворога не зафіксовано. Москалі пробують наскоком зайняти Вугледар. Інформація перевіряється.

🔘Запорізький відтинок - чекаємо офіційної інформації. Москалі ж заявили, що провели невдалий наступ на Щербаки і Нестерянку.

🔘Херсонський відтинок - чекаємо офіційної інформації. Від ворога надходить суперечлива інформація про Архангельське.

↔️Нагадуємо, що в загальному доступі не може існувати точної карти бойових дій, а інформацію, як переможну так і не дуже, завжди краще сприймати зі скепсисом і чекати візуальних підтверджень чи повідомлення ГШ ЗСУ. Ну і звісно, довіряйте перевіреним джерелам.",,,
13764,"👀**Державна пропагандонська машина московії повідомляє про смерть Горбачова. 

**Йому у цьому році виповнися 91 рік, а місяць тому він вже вкотре за останні 10 років ліг у лікарню",,,
13765,"⚡️**Друзі, команда DeepStateUA продовжує допомагати нашій армії робити смерть москалям😈

🔍У нас є запити, які можна закрити без коштів, можливо, хтось готовий віддати або допомогти з покупкою:

🔻93-тя окрема механізована бригада «Холодний Яр»**:
🔸Мішки для піску ( ідеально 3-4 тис. шт.)
🔹Будівельна плівка (щільність 150)
🔸Енергетики

**🔻ХХХ ЗР полк** (Повний список деталей на ППО [за посиланням](https://deepstateua.com/spisok-potrieb-na-zsu/)):
🔸конденсатори
🔹напівпровідники

🚘Також шукаємо людину, яка може з **Харкова в Київ** привезти дуже обережно дуже цінну річ. (P.S. Пошті не довіряємо, занадто великий ризик) Якщо раптом хтось буде їхати, напишіть нам будь ласка.

🔥Також **шукаємо** якісного і недорогого (для ЗСУ такі мають бути) **виробника буржуйок**, адже зима вже не за горами і ""теплі"" запити будуть зростати.

**🤖Пишіть нам на нашого бота:**@newsdeepstatebot

💳**Наші реквізити**:

📌приват `5168755444374546` (Микула Р.) 
📌моно `5375411417067597` (Микула Р.)
📌PayPal: ua_monolit@ukr.net

**🇺🇦Наближаємо нашу Україну до перемоги разом!**",,,
13766,"📒**Продовжуємо рубрику - щоденник авторів. Тут ми будемо писати про зміни у функціоналі карти та супутні оголошення

1**. Додали фільтр пожеж. Тепер можете приховати ""зайві"" часові проміжки, натиснувши на них в легенді.
**2.** Зберігаємо тип карти, який ви обрали. Якщо ви завжди дивитеся супутникову карту, то вона буде у вас за замовчуванням.
3. Для iOS пофіксили частину багів. Інша частина багів з’явиться пізніше — такі особливості iOS.
4. В опис додали ел.пошту для зв'язку. 
5. Інші дрібні виправлення.

Працюємо над інтерфейсом: новий вигляд інструментів, темний режим і можливо мовне розширення (Es? Pl? De? Lt?). Після цього запланована ще одна ітерація по функціям. 

💣**За вчора кількість заходів збільшилася втричі і сягнула відмітку 1.4 млн. **Сервак витримав без проблем. Так як стандартне навантаження зараз 400-500 тисяч заходів, то проблем взагалі не відчуваємо.

👇🏻Чекаємо відгуків. 

[Магазин](https://deepstateua.shop/)▫️[Твітер▫️](https://twitter.com/Deepstate_UA)[Блог](https://deepstateua.com/)▫️[Мапа](https://deepstatemap.live/)▫️[Написати нам▫️](http://t.me/newsDeepStatebot)[Звіти▫️](https://sites.google.com/view/deepstate-donate/report?authuser=0)[Патреон](https://www.patreon.com/DeepStateUA)",,,
13767,"💩У** мережі останнім часом гуляє подібне лайно у вигляді реклами, яке заполонило український телеграм-простір

**🚽Українські канали, що дають таку рекламу, так і ті, що погоджуються це публікувати, чи то читачів своїх не поважають чи то взагалі нікого. Звісно, така реклама приносить немало підписок одним, бо люди ведуться на клікбейт, а іншим немало грошей. І навіть такі діячі як Гончаренко не втрачають можливості.

🤨Не шановні, подібною рекламою ви вбиваєте довіру людей, шкодите ЗСУ і стаєте таким же лайном, як і сам креатив. Вам навіть повістку соромно дати, бо такий шлак в армії не потрібен",,,
13768,"🎥**Український пілот зняв кадри своєї роботи за штурвалом винищувача Міг-29.

**🕯Відео присвячено пам'яті загиблого 9 березня над Житомирщиною Євгена Лисенка. Як [повідомляло](https://www.facebook.com/202023086804943/posts/1709929802680923) повітряне командування «Захід», майор Євген Лисенко вів бій одразу з двома московицькими літаками, встигши підбити один із них, після чого був сам збити ворожими системами ППО. У Героя залишилась дружина та двоє маленьких дітей...

Відео публікує Командування Повітряних Сил",,,
13769,"🤬**Московити вкотре цілеспрямовано обстріляли АЕС - про це свідчить напрямок польоту снаряду 

🔎Враховуючи позицію оператора** отвір, що виник внаслідок удару __(потенційно ""болванкою"" - холостим снарядом, про що свідчить характер руйнувань та відсутність пожежі)__ був під кутом, що одразу унеможливлює можливість прильоту з боку 2го реактора. Характерні також і пошкодження - ми можемо спостерігати, що снаряд ""розплавився"" саме в північному напрямку. 

🤷‍♂️Ще один доказ тому, що свинособаки здатні лише на шантаж та маніпуляції силою, проте власне ""кіно"" так і не навчились знімати.

🤝Окрема подяка нашому підписнику за допомогу в дослідженні.",,,
13770,"**⚡️Цікаве зі зведення ОК ""Південь""**:

1. Знищено переправу ворога біля села Львове.
2. Про успіхи ракетно-артилерійських військ.
3. Обстановка в нашій операційній зоні стабільно напружена.

Поки що ні слова про просування, отже режим інформаційної тиші зберігається.",,,
13771,"[**🔄**](https://deepstatemap.live/)**Ситуація на фронтах станом на 29 серпня

**🔘На Харківщині стало відомо про майже повну втрату села Уди. Яку мету ставив собі ворог, захоплюючи це село - невідомо.

🔘Бахмутський відтинок - ворог активніше підключає танки, щоб з їх допомогою вийти на південь Бахмута. З часу проведення певних змін тут, москалі майже не просунулися. Успіх мають в районі Кодеми, там одна з наших бригад, на жаль, понесла суттєві втрати. Там діють ПВК та регуляри. Виглядає, що саме удар з півдня є ключовим для ворога і ми розуміємо чому. 

🔘Авдіївський відтинок - оперативний контроль над Пісками схоже втрачено, фронт проходить по лінії недобудованої кільцевої дороги Донецька. Мар'їнка та Авдіївка: як мінімум поганих новин немає.

🔘Запорізький відтинок - чекаємо офіційної інформації.

🔘Херсонський відтинок - чекаємо офіційної інформації. Ворог заявив про втрату Сухого Ставка. Зараз звісно багато всього гуляє про наступальні дії, але ми рекомендуємо орієнтуватися на офіційні джерела.

☑️Тому на карті буде більше затримок в декілька днів. 

↔️Нагадуємо, що в загальному доступі не може існувати точної карти бойових дій, а інформацію, як переможну так і не дуже, завжди краще сприймати зі скепсисом і чекати візуальних підтверджень чи повідомлення ГШ ЗСУ. Ну і звісно, довіряйте перевіреним джерелам.",,,
13772,"**😎Один із наших перших підписників, наш близький друг у касці, яку придбали наші ж підписники, на Запорізькому відтинку фронту

**[Магазин](https://deepstateua.shop/)▫️[Твітер](https://twitter.com/Deepstate_UA)▫️[Блог](https://deepstateua.com/)▫️[Мапа](https://deepstatemap.live/)▫️[Написати нам](http://t.me/newsDeepStatebot)▫️[Звіти](https://sites.google.com/view/deepstate-donate/report?authuser=0)",,,
13773,"**🇮🇶Збройні сутички в Багдаді продовжуються 

P.S. Не задовбуйте з Херсоном**. Не нагнітайте і не псуйте інфопростір фейками і заявами. Хлопці працюють і про всі досягнення повідомить Генеральний Штаб. А дуже наполегливим ""дізнавакам"" радимо йти у військомат і дізнаватися інфу з передової🤨

[Магазин](https://deepstateua.shop/)▫️[Твітер](https://twitter.com/Deepstate_UA)▫️[Блог](https://deepstateua.com/)▫️[Мапа](https://deepstatemap.live/)▫️[Написати нам](http://t.me/newsDeepStatebot)▫️[Звіти](https://sites.google.com/view/deepstate-donate/report?authuser=0)",,,
13774,"🇮🇶**Прихильники Муктади ас-Садра зі зброєю продовжують прибувати до ""Зеленої зони"" Багдада

**🧐Але з цікавого - підполковник Центрального командування **США** **Девід Істберн **заперечує початок евакуації американських дипломатів: __""Центральному командуванню невідомо про якісь накази про евакуацію персоналу посольства в Багдаді""__. А хто ж тоді вилітав на гелікоптерах із зеленої зони?👀

**🗣ООН** вже закликала протестувальників у** Багдаді **негайно залишити** ""Зелену зону""** та урядові будівлі",,,
13775,"**__‼️Радимо підписатися на наших колег:

__****@gistapapapa** — ""ворог нороду динири"", мешканець окупованого рф Донецька

[**ВІЙНА/NEWS**](https://t.me/+7n_q0tHYRt40MWQ6)** **— Оперативні новини з офіційних джерел без фейків та пропаганди 

🔥**@prankota_ch** — славнозвісний майор Чернобаєв від якого волають кацапські мамки.

🇺🇦**@bpz_ua** — спец-канал української армії: новини військової тематики та національної важливості у режимі 24/7

[**УКРОП**](https://t.me/+Xpc0enXrPAFkMzk6) — закрита спільнота для русофобів 🔱

⚡️**@dvish_alive** — патріоти з Донеччини нещадно палять русню

[**Дыбилятко.ua**](https://t.me/+3AHrTxjNVDU2MmYy) — Наші побратими садять окупантів на пляшку 🍾

**@zsuwar** — оперативні новини з фронту, аналітика подій від політолога, автор рубрики про знищені склади БК і бази русні, гумор та сатира🔥

[**Третя Сила**](https://t.me/The3rdForceUA) — канал добровольців, які спільно з ЗСУ нищать російських окупантів

[**Доброго вечора, ми з України**](https://t.me/+hiTkGteV7OczMDcy) — Канал в якому публікують жорстокі відео та фото військові та громадянські з передовою

**@ukrarmed_forces** — Новини Збройних сил🇺🇦

**@usinfantryman** — 🇺🇸🇺🇦 Американский піхотинець в Україні. Канал Сержанта Армії США.

**@ukropernews** — Ударні новини про знищення ворога.

**🍉****@ukrnastup** — На всіх фронтах російсько-української війни з 2014

**@KARAS_EVGEN**  — Карась. «Лисий з ЗСУ». Найкращий військовий енергетик!

[**@donetchanyn**](https://t.me/+VvCNYXR-vBDAoFgY) — Блог донецького бандерівця",,,
13776,"**🇮🇶🔥У Багдаді посилюються перестрілки між армійськими частинами та прихильниками Муктади ас-Садра

P.S. Не задовбуйте з Херсоном**. Не нагнітайте і не псуйте інфопростір фейками і заявами. Хлопці працюють і про всі досягнення повідомить Генеральний Штаб. А дуже наполегливим ""дізнавакам"" радимо йти у військомат і дізнаватися інфу з передової🤨",,,
13777,"**🇮🇶Представники іноземних організацій спішно залишають ""Зелену зону"" Багдада

**🚁Також повідомляється про евакуацію дипломатів із **""Зеленої зони""** Багдада гелікоптерами армійської авіації** Іраку

**👀Десь ми таке вже бачили...",,,
13778,"**🇮🇶Трохи незвичайних подій в Іраку

**🔥Прихильники лідера шиїтів** Муктади ас-Садра** штурмують **""Зелену зону""** у **Багдаді.** Після взяття будівлі уряду, вони захопили Президентський палац. У місті введено комендантську годину.

**📁Муктада аль-Садр** — один з духовних лідерів мусульман-шиїтів Іраку. З 2003 року після падіння правління **Саддама Хусейна** включився в боротьбу за владу та активно виступав проти американців. Десятки років йшла боротьба як радикальними способами, так і політичними і час почав брати своє.

🔍Події розвиваються, слідкуємо",,,
13779,"[🎉](https://i.imgur.com/EruDDIP.jpeg)**Епопея із зрадником Ковальовим знайшла свій логічний кінець. «Finita la comedia»

**🐽Народився 19 січня 1989 у Голій пристані. Через 33 роки помре там же. У 2011 закінчив Одеську юридичну академію. Після навчання спочатку працював юрисконсультантом, потім став аграрієм.

🗳У 2019 прийшов у партію Слуга Народу, від якої був висунутий на 186 виборчому окрузі. Набравши 35% проти 18% переміг кандидата від ОПЗЖ, отримавши депутатський мандат. 

🛍У ЗМІ встиг потрапити в листопаді та грудні 2021. Спочатку потрапив у ДТП врізавшись на незадекларованому авто у вантажівку, на щастя без жертв. Потім, через місяць став власником 4-го каналу. По його декларації ця недешева покупка — ""подарунок від батьків"".

🤷🏼‍♀️Вже в березні 2022 кудись зник. Третього квітня його виключили з фракції через підозру в держ.зраді. 7 квітня у себе в фейсбуці повідомив, що перебуває на території тимчасово окупованої Херсонщини. Згодом дав коментар журналістам, де сказав, що був у Києві до 28 лютого, після чого два тижні добирався додому. А виявляється приїхав до окупантів, бо ""не може кинути людей які за нього голосували. Приїхав допомагати громадянам"" і взагалі, він вважає себе проукраїнським політиком.

🎁Згідно його фейсбуку, на окупованій території займався лише гречкосійством, тобто роздачою продуктів під камери задля піару, але прикрився тим, що за Україну і працює для народу. А в червні вже відкрито, після зустрічі з представниками адміністрації Верховного Хуйла, заявив про інтеграцію Херсонщини в московію та свою роботу в цьому напрямку. Отримав посаду заступника голови окупаційної Військово-цивільної адміністрації Херсонської області по сільському господарству.

🪓22 червня відбувся замах на Ковальова, його автівка була підірвана, а сам він потрапив у лікарню. Проте, лишився живим і навіть давав інтерв'ю пропагандонам. Чомусь тільки 6 липня ДБР оголосило про підозру йому в держ.зраді, але краще пізно ніж ніколи.  І ось, з другої спроби високопоставленого колобка було фізично усунуто 28 серпня, разом із його дівчиною у власному ж будинку. Сьогодні це підтвердив слідчий комітет московії.

📺Стосовно 4 каналу який з грудня 2021 належав Ковальову, то протягом всієї війни він транслював телемарафон «Єдині новини», а його співробітники [опублікували](https://detector.media/community/article/198780/2022-04-28-4-kanal-rozkrytykuvav-svogo-vlasnyka-ta-poprosyv-ne-ototozhnyuvaty-z-nym-pratsivnykiv/) спільну заяву з проханням «не ототожнювати працівників 4 каналу з поведінкою Ковальова». 19 липня власник каналу змінився, ним став столичний юрист Максим Варламов.

**__І це гарний приклад, що буде коли ти зрадив Україну та став на бік ворога! Кара не оминає нікого, будь ти начальник поліції в якомусь далекому селі, чи будь ти цілим депутатом, що має приватні зустрічі з адміністрацією Верховного Хуйла!__**",,,
13780,"**🔴З приводу фейкового аккаунта Залужного, то для тих, хто не в курсі, ось офіційний канал - ****@CinCAFU****.

**Звісно є новини з півдня, але ми не можемо їх публікувати, до ОФІЦІЙНИХ заяв. Тим паче перевірити їх немає можливості. 

Що стосується тих, хто в погоні за сенсацією намагається придумати перемогу, на жаль, в нас таких же ідіотів, як у русні повно. 

**Кацапи ж заявляють, що дійсно їх посунули до Сухого Ставка і тиснуть в Ольгіному.

**Можливо, увечері ситуація проясниться більше, наразі публікувати щось більше - недоречно.",,,
13781,"🕯**Сьогодні українці вшановують День памʼяті захисників України, які загинули в боротьбі за незалежність, суверенітет і територіальну цілісність**

🏳️Цей день пов'язаний з Іловайською трагедією, коли наша армія, ще слабка і після десятиліть спроб знищення, намагаючись оточити промосковських проксі в Донецьку, сама потрапила в оточення. Московська армія без оголошення війни, підло вдарила в фланги та тили наших військ. Давши зелений коридор і слово офіцера, ворог почав знищувати наші колони. 

👊🏻Тепер же війна цілком офіційна і ми обов'язково маємо відплатити сторицею. Краще гори ворожих трупів, ніж участь у мюнхенському тро.",,,
13782,"🇬🇧**Підтримка НАТО серед звичайних британців значно зросла за період 2021 - 2022 років

**👀На інфографіках від YouGov ми можемо спостерігати те, що **близько 80% громадян Великої Британії підтримують** **НАТО** (68% у 2021), ще стільки ж впевнені у важливості оборонної складової союзу та п'ятій статті Північноатлантичного договору.

🤷‍♂️Варто зазначити, що **Ріші Сунак,** кандидат в прем'єри Великої Британії, наприкінці березня звинувачував Україну у **__""використанні війни як виправдання кризи вартості життя""__**, себто, зрості інфляції та рівню бідності в королівстві.

🤔Однак схоже він забув, що **проблеми розпочались ще до війни**, зокрема через коронавірусну кризу. Спроба нав'язати всі біди на українців не мала успіху, хоч і знайшла своїх прихильників на Заході.",,,
13783,"**📍З приводу села Уди...

**Користувач твітеру fdov21 геолокував відео, яке зі слів москалів, знято 14 серпня. На ньому вони в центрі села. 

Проте інформація від місцевих протягом серпня суперечить тому, що село контролюється ворогом. Можливо це бої чи ДРГ. Загалом, ситуація по Удам на доуточнені. 

Всім спокійної ночі.",,,
13784,"**📍З приводу Кодеми**...

Було опубліковано відео вагнерівців звідти. Але в багатьох виникли сумніви через: а) координати б) будівлі.

Будівлі доволі суб'єктивно і тут ми швидше за те, що конфігурація співпадає. 

А от координати цікавіше. Русня використала «Системи координат 1942 року» (СК-42) – найбільш поширеною на території країн постсовка картографічної системи координат. І тут схоже дійсно Кодема.",,,
13785,"[**🔄**](https://deepstatemap.live/)**Ситуація на фронтах станом на 28 серпня

**🔘На Харківщині зараз невідома точна ситуація з Удами. Хоч москалі опублікували відео звідти, але встановити що це дійсно Уди поки немає можливості.

🔘Ворог в особі ПВК ""вагнер"" схоже зайняв частину або всю Кодему. На жаль, втрата даного села негативно вплине на оборону Бахмута. На північ від Бахмута поки без змін.

🔘Авдіївський відтинок поки без змін. 

🔘На Херсонщині наші вийшли з Благодатного (на зх від Снігурівки), село щонайменше захоплюють вдруге. 

↔️Нагадуємо, що в загальному доступі не може існувати точної карти бойових дій, а інформацію, як переможну так і не дуже, завжди краще сприймати зі скепсисом і чекати візуальних підтверджень чи повідомлення ГШ ЗСУ. Ну і звісно, довіряйте перевіреним джерелам.",,,
13786,"**📼Хочемо звернути увагу на відео виступу московського пропагандона, який вийшов на сцену з черепом одного з оборонців Азовсталі

**Достеменно приналежність черепу може знати лише сам ублюдок. Але це ще один факт, який підтверджує, що ми воюємо з ордою - середньовічною і печерною. Звісно, багатьом шкода москалів, але їх суспільство настільки ""пропрацьоване"", що в нинішніх умовах існування московії рівнозначне краху держави Україна і навпаки. 

Якщо довго дивитися в безодню, то безодня починає дивитися на тебе. Звісно, ми європейці і тра-ля-ля, але якщо ми не станемо жорсткіше, то існування країни буде під питанням. Краще буде поганим живим європейцем, ніж хорошим, але мертвим, ще й навіть без могили. Бо могили вони знищують.",,,
13787,"**🎥Репортаж 36-ї окремої бригади морської піхоти імені контр-адмірала Михайла Білінського про порятунок одного із своїх бійців.

**За словами командира бригади полковника Віктора Сікоза: __«На початку березня, перебуваючи в зоні ведення бойових дій наш побратим отримав поранення та потрапив в оперативне оточення. До проведення операції перебував у патріотично налаштованого місцевого населення. ГУ СБУ у Донецькій та Луганській областях було доставлено морського піхотинця до «сірої зони», де спецпідрозділом морської піхоти проведена евакуація на підконтрольну територію України. 36-та окрема бригада морської піхоти, Командування морської піхоти, Командування Військово-морських Сил залучає всі свої сили та вміння щодо евакуації наших військовослужбовців. Також проводяться перемовини щодо повернення морпіхів бригади з полону країни агресора»

__[Магазин](https://deepstateua.shop/)▫️[Твітер](https://twitter.com/Deepstate_UA)▫️[Блог](https://deepstateua.com/)▫️[Мапа](https://deepstatemap.live/)▫️[Написати нам](http://t.me/newsDeepStatebot)▫️[Звіти](https://sites.google.com/view/deepstate-donate/report?authuser=0)",,,
13788,"📍**Голова Херсонської ОДА Янушевич повідомив, що зустрівся з жителями ""вже деокупованого"" села Українка, що означало б фактичний бліцкриг на 10 км вглиб оборони ворога, але на жаль це не відповідає дійсності

**Існує село Українка в Дніпропетровській області, а є село з аналогічною назвою на тимчасово окупованій частині Херсонщини. Коли у голови ОВА запитали про яке ж саме із цих двох сіл йде мова, він впевнено відповів, що це Українка на Херсонщині, додавши, що вона вже ""деокупована"". Проте, порівнявши знайдені в мережі фото актової зали 2013-го року та актову залу на світлинах ОВА, стає зрозумілим, що це все ж Дніпропетровська область і ніякого прориву на 10км в глиб оборони ворога не сталось. 

Щоб дехто з англомовних експертів не почав позначати всю зону навколо вільною, а інші не почали заспамлювати цим бідного Лассарда — працюємо на випередження і розставляємо крапки над і.",,,
13789,"😏**Ексклюзив для наших підписників на ніч 

**💥Донецька область, серпень 2022. Робота німецьких **Panzerhaubitze 2000 **і польських **AHS Krab** по угрупуваннях московитів. Інтерв’ю з артилеристами. 

**🎥Відео: Міністерство оборони України**",,,
13790,"🎁**128 окрема гірсько-штурмова Закарпатська бригада поповнила обмінний фонд двома індивідами.

**[Магазин](https://deepstateua.shop/)▫️[Твітер](https://twitter.com/Deepstate_UA)▫️[Блог](https://deepstateua.com/)▫️[Мапа](https://deepstatemap.live/)▫️[Написати нам](http://t.me/newsDeepStatebot)▫️[Звіти](https://sites.google.com/view/deepstate-donate/report?authuser=0)",,,
13791,"🛰**З’явились свіжі супутникові знімки Антонівського мосту.

**🤔Фото свідчать про значні пошкодження північної частини дорожного полотна, а також нові пошкодження в південній частині полотна. 

📅Також можна порівняти стан полотна 25 та 26 серпня (друге фото), і трошки раніше, 21 серпня (третє фото). 

💬**З нічного **[зведення](https://fb.watch/f9vMPy0w8_/)** ОК ""Південь"": ** 
__""Ураження Антонівського та Дар’ївського мостів не дозволяє їх використовувати для прямування важкої техніки.""__",,,
13792,"[🔄](https://deepstatemap.live/)**Ситуація на фронтах станом на 26 серпня

**🔘У багатьох місцях фронту спала інтенсивність боїв. На Харківщині фронт став, московити налагоджують оборону, в соцмережах засвітилася мотопіхота яку перекидають на ротацію сюди.

🔘Розіб'ємо фронт у Донецькій області на північний (Бахмутський) та південний (Авдіївський). Тут діє два угрупування військ московії. Перша ставить на меті взяття Слов'янська та Краматорська і їй треба пройти в середньому 80 км, то друга планує оточити Авдіївку і почати наступ на Покровськ - в середньому 60 км. Станом на зараз 60% області окуповано і враховуючи, що 32% з них було окуповано в 2015 році, то мало віриться, що без чогось серйозного московитам вдастся вийти на адмінмежі Дон.обл.

🔘Ситуація в Запорізькій нагадує ситуацію в Харківській області.

🔘На Херсонському напрямку відбуваються точкові бої щоб спробувати знайти слабкі місця в обороні. Цікаво, що в 1941 році радянська армія взагалі оборонялася на ділянці від Камишан до Понятівки. Тому це зараз на карті воно виглядає, що москаля так легко скинути в Дніпро. Цікавий факт, що в 1941 Вермахт здійснив висадку на Енергодарі.

↔️Проводимо уточнення ситуації біля Таврійського, Благодатного, Вугледару, Мар'їнки, Спартака та Зайцевого. Нагадуємо, що в загальному доступі не може існувати точної карти бойових дій, а інформацію, як переможну так і не дуже, завжди краще сприймати зі скепсисом і чекати візуальних підтверджень чи повідомлення ГШ ЗСУ. Ну і звісно, довіряйте перевіреним джерелам. 

🔉Ми поки готуємо деякі зміни в функціоналі карти, а також в дизайні. Ще частина змін запланована на кінець вересня. З настанням осені волонтерські сили будуть направлені і на підготовку до зими. 

🔴Відкриті до нових ідей та пропозицій. З ними можна або в бот @newsDeepStatebot або на пошту info@deepstatemap.live. 

[Магазин](https://deepstateua.shop/)▫️[Твітер](https://twitter.com/Deepstate_UA)▫️[Блог](https://deepstateua.com/)▫️[Мапа](https://deepstatemap.live/)▫️[Написати нам](http://t.me/newsDeepStatebot)▫️[Звіти](https://sites.google.com/view/deepstate-donate/report?authuser=0)",,,
13793,"**🎁У руки нашим бійцям потрапила доволі рідкісна РПГ-30, яку кацапстан прийняв на озброєння лише у 2012 році. 

**Ну а ще, атєчєствєний автамат калашнікова, тільки чомусь магазин на ньому був не атєчствєний, а американський.

[Магазин](https://deepstateua.shop/)▫️[Твітер](https://twitter.com/Deepstate_UA)▫️[Блог](https://deepstateua.com/)▫️[Мапа](https://deepstatemap.live/)▫️[Написати нам](http://t.me/newsDeepStatebot)▫️[Звіти](https://sites.google.com/view/deepstate-donate/report?authuser=0)",,,
13794,"🔥**59 ОМБр імені Якова Гандзюка рахує ""слоненят"".** 

📢(Хто запитував про традиційний п'ятничний квест о 20:00, то його не було, бо він вже проводився 24 серпня)

[Магазин](https://deepstateua.shop/)▫️[Твітер](https://twitter.com/Deepstate_UA)▫️[Блог](https://deepstateua.com/)▫️[Мапа](https://deepstatemap.live/)▫️[Написати нам](http://t.me/newsDeepStatebot)▫️[Звіти](https://sites.google.com/view/deepstate-donate/report?authuser=0)",,,
13795,"📍**Московити-дегенерати, що назвали канал ""випускайте зет кракена"" **[**запостили відос**](https://t.me/rlz_the_kraken/52177)** наших морпіхів, який **[**опублікував**](https://www.facebook.com/watch/?v=756863265526637)** ГШ ЗСУ ще 5 серпня цього року. **Посмоктуючи рога шойгу вони ще й наклали на наше відео маркер ""віявлєноє укрітіє всу"". Як казав Леонід Данилович: ""це ж було вже""

[Пост про цю локацію](https://t.me/DeepStateUA/13670) у нас.

[Магазин](https://deepstateua.shop/)▫️[Твітер](https://twitter.com/Deepstate_UA)▫️[Блог](https://deepstateua.com/)▫️[Мапа](https://deepstatemap.live/)▫️[Написати нам](http://t.me/newsDeepStatebot)▫️[Звіти](https://sites.google.com/view/deepstate-donate/report?authuser=0)",,,
13796,"🤔**Як паразитувати на ідеї, вкладаючи в неї копійки: Грім, Сапсан, Борисфен

**У нашому блозі вийшла нова стаття про фантомний ОТРК українського виробництва, що став причиною ряду спекуляцій та хайпових новин. 

👇Читайте за посиланням:

https://deepstateua.com/grim-sapsan-borisfien/",,,
13797,**🇹🇷Наступне покоління БПЛА компанії Baykar**,,,
13798,"🇮🇱**Ізраїль завдав ряд авіаударів по сирійським містам Тартус, Масьяф, Ваді Аль-Аюн, Аль-Бухут і Аль-Талаа.**",,,
13799,"🇺🇸**США **[оголосили](https://www.defense.gov/News/Releases/Release/Article/3138105/nearly-3-billion-in-additional-security-assistance-for-ukraine/)** про новий пакет військової допомоги для України вартістю приблизно $3 млрд. 

**До пакету входять:
▪️Шість додаткових систем ППО/ПРО NASAMS.
▪️245 тисяч снарядів для артилерії 155 мм.
▪️65 тисяч снарядів для артилерії калібру 120 мм. 
▪️24 радари для контр-батарейної боротьби.
▪️Безпілотні комплекси Puma.
▪️Допоміжне обладнання для безпілотних комплексів Scan Eagle, передачу яких анонсували в минулому пакеті.
▪️Системи боротьби з БПЛА.
▪️Ракетні системи з лазерним наведенням.
▪️Фінансування навчання, обслуговування та підтримки. 

⚠️Зазначається, що деякі пункти з цього пакету допомоги можливо буде поставити лише через 1-3 роки. Ймовірно, мова йде про системи NASAMS (їх треба виготовити) і/або системи боротьби з БПЛА VAMPIRE (це нова система).

📅[Попередній](https://t.me/DeepStateUA/13823)__ пакет допомоги було оголошено 20 серпня, його сума склала $775 млн.__",,,
13800,"📍**Друзі, вітаємо з Днем Незалежності** 🇺🇦

На честь цього свята проводимо спеціальний гео-квест — тридцять одна локація в межах України, по 2 хвилини на локацію.

🔗__Переходьте за посиланням і реєструйтесь:
__https://www.geoguessr.com/join/3U26

☝️За можливості використовуйте нікнейм як в Telegram.

🕗**Початок о 20:00.

**🎁Три найкращих гравці отримають сувенір від **DeepStateUA

Оновлено о 21:55:
**Квест завершено, дякуємо всім  за участь!
Мапа квесту доступна за [посиланням](https://www.geoguessr.com/maps/63067377c55261c4b9af2754).",,,
13801,"**🇺🇦У День Незалежності раді оголосити про запуск сайту-блогу ґрунтовної аналітики** [deepstateua.com

](https://deepstateua.com/)🫴🏻Запрошуємо авторів долучитися до нашого нового проекту. Це ваш шанс знайти нову аудиторію, адже ми будемо публікувати дайджест останніх 5 статей на каналі. Крім того, автори, що матимуть від нас кредит довіри зможуть вести авторський блог.

📋Для того, **щоб приєднатися, потрібно написати нам в бот ****@newsDeepStatebot**** **в такому форматі:
1. Блог.
2. ПІБ або нікнейм автора.
3. Ваш досвід та попередні публікації.
4. Побажання чи питання нам.

🤝Ставайте частиною грунтовної аналітики та професійних думок. Донесіть своє бачення суспільству, адже, можливо, саме ви станете тим лідером, до якого прислухаються.",,,
13802,"🇬🇧🤝🇺🇦**Тим часом до нас на свято завітав Борис Джонсон, який ще до вересня лишається прем'єр-міністром. Це його третій візит до Києва за час повномасштабного вторгнення**.

[Магазин](https://deepstateua.shop/)▫️[Твітер](https://twitter.com/Deepstate_UA)▫️[Ютуб](https://www.youtube.com/channel/UCMGRXVYg1wMA6e4zTGX-DwQ)▫️[Мапа](https://deepstatemap.live/)▫️[Написати нам](http://t.me/newsDeepStatebot)▫️[Звіти](https://sites.google.com/view/deepstate-donate/report?authuser=0)",,,
13803,"**📍Не дуже часто можна побачити ворога за трасою**, до цього лише у Кнауфі. Цього разу північніше заводу знімався репортаж московитського пропагандиста

✅**В честь Дня Незалежності сьогодні відбудеться квест о 20:00.

**deepstatemap.live/#13.75/48.6839/38.1368",,,
13804,"**⚽️Прем'єр Ліга України в умовах війни та під час повітряної тривоги

**🤷🏼‍♂️Війна також відкинула наш футбол на два десятиліття назад. Тренер Динамо, румун Луческу вважає, що це несправедливо, що москалів відсторонили від футболу. Ну от ДК і програло 0-5 за сумою двох матчів. Хлопці ж в перервах між обстрілами в окопах можуть хоч трохи відійти від війни, повболівавши за рідну команду на планшеті чи телефоні.  

[Магазин](https://deepstateua.shop/)▫️[Твітер](https://twitter.com/Deepstate_UA)▫️[Ютуб](https://www.youtube.com/channel/UCMGRXVYg1wMA6e4zTGX-DwQ)▫️[Мапа](https://deepstatemap.live/)▫️[Написати нам](http://t.me/newsDeepStatebot)▫️[Звіти](https://sites.google.com/view/deepstate-donate/report?authuser=0)",,,
13805,"💌**Друзі, в це чудове свято Дня Незалежності нагадуємо про наш **[магазин](https://deepstateua.shop/)** з фірмовим мерчем від команди DeepStateUA

**🇺🇦Незалежна, незламна Україна, яка ніколи не скориться нікому, адже в ній живе вільний народ. Сьогодні об'єднавшись, ми боронимо нашу незалежність, нашу свободу, нашу країну, гордо кажучи - **я Українець!

**🤩Ми додали нову мега-круту колекцію принтів до свята Дня Незалежності України. Скоріше переходьте за посиланням та обирайте мега-круті футболки та чашки **DeepStateUA**😎

📌Посилання на сайт:➡️[Deepstateua.shop](https://deepstateua.shop/)",,,
13806,"**📊Показники інфляції у різних країнах світу у 2022 році

**📈Найвищий рівень інфляції зараз у **Зімбабве – 257%
**📉Найнижчий **у Японії** – 2.4%

**🇺🇦Україна - 22%

**[Магазин](https://deepstateua.shop/)▫️[Твітер](https://twitter.com/Deepstate_UA)▫️[Ютуб](https://www.youtube.com/channel/UCMGRXVYg1wMA6e4zTGX-DwQ)▫️[Мапа](https://deepstatemap.live/)▫️[Написати нам](http://t.me/newsDeepStatebot)▫️[Звіти](https://sites.google.com/view/deepstate-donate/report?authuser=0)",,,
13807,"🇮🇳**В Індії звільнили трьох офіцерів, бо ті випадково запустили крилату ракету по 🇵🇰Пакистану. 

**🧐Подія сталась 9 березня, як каже слідство: ""__пуск відбувся через відхилення трьох офіцерів від стандартних оперативних процедур під час планового технічного обслуговування__"". На щастя, ракета BrahMos впала у безлюдній місцевості, тому жертв немає. 

🪖Після пояснень від представника Індії, Пакистан вчасно зупинився із своєю військовою відповіддю. Індія пообіцяла провести розслідвування, яке сьогодні закінчилось.

😅Нагадуємо, що ці дві країни належать до ядерного клубу. Випадково запущена ракета BrahMos також може нести ядерний заряд.",,,
13808,"[🤬](https://i.imgur.com/fBNioza.png)**Некомпетентність чи корупційна схема? — як чиновники з Держкіно хочуть знищити Довженко-Центр

**🎥В Україні є така важлива культурна інституція, як **Довженко-Центр**. Це архів історії українського кіно, що зберігає, реставрує та досліджує понад 7 000 творів кінематографа. Подібні архіви національного кіно є у всіх розвинених країнах, що дбають про своє минуле та свою культуру.

🦠Весною 2020 коли країна зіткнулася з епідемією коронавірусу, Довженко-Центр через брак фінансування стояв на межі [зникнення](https://www.facebook.com/dovzhenko.centre/photos/a.202232086531382/3261414177279809/?type=3&theater). З бюджету на нього просто не знаходили кошти і суд за різні невиплати вже хотів конфіскувати приміщення. Проте, завдяки широкому громадському розголосу тоді вдалося владнати ситуацію і кошти знайшлися.

🏗Минуло два роки, Довженко-Центр змінив підпорядкування і є зараз підвладним Держкіно. Сьогодні, доки більшість зайнята війною — унікальний архів хочуть непомітно розчленувати між 3 організаціями, передати цінні фільмофонди невідомо кому, а що буде з територією центру, яку собі хоче один із забудовників — невідомо. Детально про ситуацію можна прочитати в [матеріалі Суспільного.

](https://suspilne.media/272487-hirurgicne-vtrucanna-v-tilo-zivoi-ludini-so-vidbuvaetsa-z-dovzenko-centrom-i-do-cogo-tut-zabudova-j-animacia/)**__❗️__**Ми не каталог петицій і не беремося поширювати все підряд, про що нас просять**__. 

📝Проте, у цьому випадку, якщо вам не байдужа доля нашої культури, нашої історії та нашого кіно, то той мінімум про який просимо ми — витратити 3 хвилини на __**[**__підпис петиції до Кабміну, __**](https://petition.kmu.gov.ua/kmu/Petition/View/4804)**__якій не вистачає 10 000 голосів. Черговий розголос може відбити бажання чиновників з Держкіно ліквідувати Довженко-Центр, на__** **__який вони точать зуб ще з 2020 і вирішили скористатись ситуацією, доки в країні війна.__**",,,
13809,"**🇱🇻**[🗽](https://i.imgur.com/evazAeG.jpeg)**Раніше **[ми писали ](https://t.me/DeepStateUA/13822)**про підготовку Латвії до демонтажу пам'ятника ""радянським воїнам"" у Ризі.** **Сьогодні нарешті розпочалося знесення цієї величезної споруди.

**🚧Плани про будівництво пам'ятника на цьому місці з'явились одразу по завершенню війни, але до практичної реалізації не були доведені. Натомість було створено лише черговий ""Парк Пабєди"", яких по всьому еСеСеРу клепали тисячами.

🏗У 1970-х питання будівництва знову активізувалось і отримало підтримку місцевого ЦК Ком.партії. 8 травня 1975 до 30 річчя ""Пабєди"" було урочисто закладено майбутню споруду.
Після завершення творчого конкурсу, будівництво було розпочато у грудні 1982 року. Урочисте відкриття сталось 5 листопада 1985. 

💣На відміну від еСеРеСеР, пам'ятник продовжив існувати після 1991. У ніч з 5 на 6 червня 1997 латвійська права організація «Перконкрустс» (українською «Громовий хрест») намагалася виправити це непорозуміння спробою підриву, але невдало. Двоє підривників загинуло, інших причетних затримала поліція. Організацію після цього прикрили. Увесь період Латвійської незалежності цей меморіальний комплекс був головним місцем збору Homo Sovieticus усієї Латвії. 

🗳У 2012 після провального референдуму про надання російській мові статусу державної, у Латвії активізувалися заклики про ліквідацію цієї споруди, було створено відповідну петицію та піднято тему в суспільних обговореннях. Проте, тодішня влада виступила проти, посилаючись на договір 1994-го з московією, про охорону масових поховань радянських солдат. 

🇺🇦25 лютого цього року на знак солідарності з нами, цю споруди [розфарбували](https://www.delfi.lv/news/national/politics/foto-nezinami-vandali-iekrasojusi-uzvaras-pieminekli-ukrainas-karoga-krasas.d?id=54096456) кольорами нашого національно стяга, що теж викликало обурення в місцевого Homo Sovieticus. 

🪦У травні була постанова Сейму Латвії про заборону будь-яких урочистих заходів біля пам'ятників радянським солдатам, окрім покладання квітів. Квітів нанесли. 10 травня влада міста їх бульдозером прибрала, після чого місцеві ""негромадяни"" повалили на вулиці з ""акціями протесту"". Відбулися сутички з поліцією та затримання. 

📝12 травня Сейм Латвії скасував одну із статей вищезгаданого договору з московією 1994-го року, що заважав знести споруду 10 років тому. Це дало змогу юридично розблокувати питання знесення, після чого Ризька дума ухвалила відповідне рішення. Після знесення пам'ятник буде утилізовано. До речі, через сутички 10 травня у відставку була відправлена міністр внутрішніх справ. 

🤷🏼‍♀️Як казав один персонаж 22 лютого 2022: **__«Ви хатєлі дєкамунізациї? Ми пакажем вам настоящую дєкамунізацию»__**",,,
13810,"⚡️**Друзі, команда DeepStateUA продовжує допомагати нашій армії робити смерть москалям😈

🚀 Для ХХХ ЗР полку, які в своїх майстернях роблять чудеса задля захисту нашого неба у нас є запити, які можна закрити без коштів, можливо, хтось готовий віддати**:

🔹Дошка сухостиральна магнітна (розмір 90х120) на стіну
🔸Тумби (3 шт.)

🔹І родзинка пошуку** - кіловольтметр електростатичний** **С96, С196 або С197**, який коштує невиправдано дуже дорого.😱           (Готові навіть купити за розумну ціну)

❔Також шукаємо (волонтерську) організацію, яка може допомогти оформити пропуск для нашої подруги, яка щотижня возить допомогу 93 ОМБр, де несе службу її чоловік.

👉🏻Пишіть нам на нашого бота: @newsdeepstatebot",,,
13811,"**🇺🇦🤝🇵🇱Канцелярія президента Польщі повідомляє, що втретє за час повномасштабного вторгнення та вп'яте за рік Анжей Дуда приїхав до Києва. 

**Запланована двостороння зустріч з президентом Зеленським та переговори делегацій. Також президент Дуда візьме участь у другому саміті Кримської платформи.

[Магазин](https://deepstateua.shop/)▫️[Твітер](https://twitter.com/Deepstate_UA)▫️[Ютуб](https://www.youtube.com/channel/UCMGRXVYg1wMA6e4zTGX-DwQ)▫️[Мапа](https://deepstatemap.live/)▫️[Написати нам](http://t.me/newsDeepStatebot)▫️[Звіти](https://sites.google.com/view/deepstate-donate/report?authuser=0)",,,
13812,"🔥**Був кацап — тепер є ручки-ножки

**Відео: Роман Донік

[Магазин](https://deepstateua.shop/)▫️[Твітер](https://twitter.com/Deepstate_UA)▫️[Ютуб](https://www.youtube.com/channel/UCMGRXVYg1wMA6e4zTGX-DwQ)▫️[Мапа](https://deepstatemap.live/)▫️[Написати нам](http://t.me/newsDeepStatebot)▫️[Звіти](https://sites.google.com/view/deepstate-donate/report?authuser=0)",,,
13813,"**__‼️Радимо підписатися на наших колег:

__****@gistapapapa** — ""ворог нороду динири"", мешканець окупованого рф Донецька

[**ВІЙНА/NEWS**](https://t.me/+7n_q0tHYRt40MWQ6)** **— Оперативні новини з офіційних джерел без фейків та пропаганди

🔥**@prankota_ch** — славнозвісний майор Чернобаєв від якого волають кацапські мамки.

🇺🇦**@bpz_ua** — спец-канал української армії: новини військової тематики та національної важливості у режимі 24/7

**@a_shtirlitz** — канал полковника ЗС України Анатолія Штефана ""Штірліца""

[**УКРОП**](https://t.me/+Xpc0enXrPAFkMzk6) — закрита спільнота для русофобів 🔱

⚡️**@dvish_alive** — патріоти з Донеччини нещадно палять русню

[**Третя Сила**](https://t.me/The3rdForceUA) — канал добровольців, які спільно з ЗСУ нищать російських окупантів

[**Дыбилятко.ua**](https://t.me/+3AHrTxjNVDU2MmYy) — Наші побратими садять окупантів на пляшку 🍾

[**Доброго вечора, ми з України**](https://t.me/+hiTkGteV7OczMDcy) — Канал в якому публікують жорстокі відео та фото військові та громадянські з передовою

**@ukrarmed_forces** — Новини Збройних сил🇺🇦

**@usinfantryman** — 🇺🇸🇺🇦 Американский піхотинець в Україні. Канал Сержанта Армії США.

**@ukropernews** — Ударні новини про знищення ворога.

**🍉****@ukrnastup** — На всіх фронтах російсько-української війни з 2014

**@KARAS_EVGEN**  — Карась. «Лисий з ЗСУ». Найкращий військовий енергетик!

[**@donetchanyn**](https://t.me/+VvCNYXR-vBDAoFgY) — Блог донецького бандерівця",,,
13814,"**""Близько одного мільйона людей стали на захист України"", - Зеленський**",,,
13815,"🎥**Тим часом литовець **[Andrius Tapinas](https://twitter.com/AndriusTapinas)** який організував у себе в країні збір на байрактар для нас, опублікував відео з нього

**🇺🇦🤝🇱🇹

P.S. Для тих, хто задається питанням чому так довго не було відео з байрактарів — у червні ми писали про це [статтю

](https://t.me/DeepStateUA/12864)[Магазин](https://deepstateua.shop/)▫️[Твітер](https://twitter.com/Deepstate_UA)▫️[Ютуб](https://www.youtube.com/channel/UCMGRXVYg1wMA6e4zTGX-DwQ)▫️[Мапа](https://deepstatemap.live/)▫️[Написати нам](http://t.me/newsDeepStatebot)▫️[Звіти](https://sites.google.com/view/deepstate-donate/report?authuser=0)",,,
13816,"**""Майже 9 тисяч українських солдат загинуло у війні з Московією,"" — Залужний

**🕯

[Пруф](https://interfax.com.ua/news/general/853681.html)",,,
13817,"**🎯Схоже всі адекватні маркетологи виїхали з країни, якщо у топової рекламної агенції сидять ідіоти, які замість жесту тризуба вирішили просимволізувати тризуб символом подвійної пенетрації...

**""Фахівці"" з banda.agency використали символ ""два в парадний - один в шоколадний"" як символ тризуба. Хоча в нас ще з 90х є символ тризуба з інших пальців. Він став відомим завдяки використанню його великим українцем В'ячеславом Чорноволом та активістами партії ВО ""Свобода"".

Ми всі сміємося, коли русня використовує німецьких солдат в рекламі Другої світової війни, як своїх, чи коли на 23февроля стриптиз у георгіївських стрічках у клубі ""сепаратіст"".

Зате ""фахівців"" агенції та зірки, що підтримали ідіотизм вже можуть зустріти як своїх у Московії. Куди їм власне й дорога...

Про цей факап дізналися від @privatnamemarnya",,,
13818,🔥**Командування ВМС публікує результати роботи підрозділів Морської піхоти за 21 серпня на південному напрямку**,,,
13819,"🔥**Генеральний Штаб показує відео роботи різних родів військ по московицькій орді

**[Магазин](https://deepstateua.shop/)▫️[Твітер](https://twitter.com/Deepstate_UA)▫️[Ютуб](https://www.youtube.com/channel/UCMGRXVYg1wMA6e4zTGX-DwQ)▫️[Мапа](https://deepstatemap.live/)▫️[Написати нам](http://t.me/newsDeepStatebot)▫️[Звіти](https://sites.google.com/view/deepstate-donate/report?authuser=0)",,,
13820,"🔥Д**уже довгоочікувана OSINTерами всього світу бавовна сьогодні завітала на базу батальйону «П'ятнашка» у Донецьку.** 

[Магазин](https://deepstateua.shop/)▫[️Твітер](https://twitter.com/Deepstate_UA)▫[️Ютуб](https://www.youtube.com/channel/UCMGRXVYg1wMA6e4zTGX-DwQ)▫[️Мапа](https://deepstatemap.live/)▫[️Написати нам](http://t.me/newsDeepStatebot)▫[️Звіти](https://sites.google.com/view/deepstate-donate/report?authuser=0)",,,
13821,"🔥**Мобільна група зенітчиків з 58-ї ОМБр імені гетьмана Івана Виговського за допомогою ПЗРК приземлила Су-25 на Бахмутському напрямку.

**[Магазин](https://deepstateua.shop/)▫️[Твітер](https://twitter.com/Deepstate_UA)▫️[Ютуб](https://www.youtube.com/channel/UCMGRXVYg1wMA6e4zTGX-DwQ)▫️[Мапа](https://deepstatemap.live/)▫️[Написати нам](http://t.me/newsDeepStatebot)▫️[Звіти](https://sites.google.com/view/deepstate-donate/report?authuser=0)",,,
13822,"**🔥Наступ московитів на південному напрямку. Наступ успішний (але не для них)

**[Магазин](https://deepstateua.shop/)▫️[Твітер](https://twitter.com/Deepstate_UA)▫️[Ютуб](https://www.youtube.com/channel/UCMGRXVYg1wMA6e4zTGX-DwQ)▫️[Мапа](https://deepstatemap.live/)▫️[Написати нам](http://t.me/newsDeepStatebot)▫️[Звіти](https://sites.google.com/view/deepstate-donate/report?authuser=0)",,,
13823,"🔥**53 ОМБр імені князя Володимира Мономаха накрила ворожий ВОП

**[Магазин](https://deepstateua.shop/)▫️[Твітер](https://twitter.com/Deepstate_UA)▫️[Ютуб](https://www.youtube.com/channel/UCMGRXVYg1wMA6e4zTGX-DwQ)▫️[Мапа](https://deepstatemap.live/)▫️[Написати нам](http://t.me/newsDeepStatebot)▫️[Звіти](https://sites.google.com/view/deepstate-donate/report?authuser=0)",,,
13824,"**📢28 липня блогер та діючий військовослужбовець ЗСУ Віталій Овчаренко **[**опублікував відео**](https://www.youtube.com/watch?v=2BK8mAlDiFg)** із закликом до мобіків ЛДНР зв'язатись із ним та добровільно здатись, після чого вони будуть у безпеці, а після війни перейдуть до мирного життя.

**🎁21 серпня, тобто сьогодні спільнота InformNapalm публікує відео першого результату. Двоє мобілізованих у ЛНР успішно здалися бійцям ССО в заздалегідь умовленому місці. За домовленістю, вони не будуть брати участь у бойових діях, їм наданий притулок та можливість повернутись до мирного життя далеко від лінії фронту.",,,
13825,"📍**Морпіхи знищили ворожий танчик на північ від Мар'їнки**. Як бачимо, ворог намагається всім, чим тільки можна, продавити оборону

deepstatemap.live/#15.5/47.9625/37.5356",,,
13826,"**📍Пропагандистка якоїсь ""реадовка"" вирішила познімати штурм околиць Соледару у Володимирівці**, а саме в ЗОШ І-ІІ ступенів",,,
13827,"[👀](https://i.imgur.com/GEIONaI.mp4)**""Синдром вірменина"" — що це таке і як не захворіти?

**🗯Часто в чаті нашого каналу можна було чути про **""синдром вірменина**"". Повернемося трохи в минуле — у **Другу карабаську війну.

**🧐З самого початку конфлікту вірмени, як і азербайджанці мали успіх у війні. Але була різниця — азербайджанці її мали на полі бою, а вірмени на дивані в соціальних мережах. Всі вірменські пабліки фейсбуку, телеграму, твітеру були переповнені успіхами вірменської армії, де було багато переможних постів, геройства і ледь не взяття Баку. І якось в один момент ситуація змінилася — Вірменія підписує трьохсторонній договір, яка по суті була її капітуляцією. І всі в один момент захворіли 🤒""**синдромом вірменина""**, вийшовши в шоці на протести з питаннями ""__чому ми програли?__"". Вийшло дуже багато чоловіків, які в злості штурмували парламент і кричали, що у владі сидять зрадники (чомусь вони не штурмували військомати і не просили забрати їх на війну🤷🏻‍♂️). Протести тривали довго, але найголовнішого вже було не змінити — вірмени програли і ми всі дивилися відео з ефективною роботою азербайджанських  байрактарів.

🤨Останнім часом у коментарях під нашими постами з'являються ""експерти по зраді"", які кричать (скоріше за все з дивану), що ми все втрачаємо і шукають перемоги....

❕Але ми виступаємо за свідоме сприйняття реалій. Ця війна для кожного українця є священною, бо саме на наш час випала можливість вбивати російського загарбника і відплачувати за все, що вони скоїли, по заслузі. Українська армія всіма можливими і неможливими зусиллями знищує окупантів. Щоб взяти хоча б маленький шматок території — ~~друга армія світу ~~ пачками кладе своїх нелюдів, а після невдач просто рівняє із землею цілі міста і села. Наші західні партнери давали нам декілька днів, а ми вже тримаємося пів року. Ми втримали столицю, ми втримали **Харків, Миколаїв, Запоріжжя, Одесу** і багато інших міст. **Збройні Сили України **дають бій всюди і не відступлять до останнього, але кожному потрібно нарешті зрозуміти — ми воюємо не з банановою республікою, а з підступним ворогом, який має перевагу в силі. Тому всі повинні сприймати реальність, робити все можливе задля перемоги або хоча б сидіти мовчки на дивані і дивитися як ті, хто хоче перемоги змінює сьогоднішню історію. 

✒️Ми публікуємо факти, працюємо днями і ночами, щоб ви мали розуміння і змогу аналізувати. Є успіхи, яких дуже багато, а є втрати. Це війна і вона дуже важка. Але ми не будемо завжди одягати рожеві окуляри, бо реальність не завжди має колір Мюнхенського ТрО...

😷Не дайте собі захворіти на** ""синдром вірменина"".** 

**🇺🇦Ми обов'язково переможемо — на полі бою, знищивши всю русню! Слава Україні!**",,,
13828,"📍**Наші завдали удар по групі підтримки, яка прийшла на стару ферму в Мар'їнці

**У Мар'їнці не повторилася історія з Пісками, коли один із підрозділів дав слабинку. З квітня Мар'їнку пробують то піхотою, то танками штурмувати. Останні тижні у ворога є успіхи.

Ці успіхи в першу чергу через роботу арти. Боляче дивитися коли наш ВОП артилерія просто змітає до того, що залишається фундамент, а окопи засипані.

Так як наші західні партнери не сильно поспішають з артою та КББ, то питання втрати Мар'їнки — буде питанням часу. Вони місто зрівняють — їм не важко. 

А от всім учасникам оборони дійсно шана, адже вони навіть і зараз роблять неможливе, стримуючий натиск з поки що ще двох напрямків.

deepstatemap.live/#16/47.9309/37.5159",,,
13829,"🌡**Аномальна спека та масова світова засуха

🇨🇳У** **Китаї** засуха дібралася до найдовшої річки Євразії — **Янцзи;

**🇷🇸У районі сербського селища** Прахово** через засуху обмілів **Дунай,** через що на поверхні показалися підбиті німецькі кораблі часів Другої світової. (відео)

🇺🇸В **Америці** рівень води в найбільших резервуарах на заході країни — **Мід та Пауелл** опустився до історичного мінімуму. Там навіть познаходили тіла, скоріше за все, суперечок банд гангстерів

🇮🇹В **Італії** різко опустився рівень води найбільшої річки країни — **По

**🇩🇪У **Німеччині** рівень води в Рейні впав до рекордно низької позначки

**🇫🇷**Французька річка** Тіль** у **Бургундії** висохла до рівня, що там тепер територія вкрита тисячами мертвих риб

🤯Все більше і більше новин про засуху котиться по світу. Такого давно не було, і які наслідки будуть через це — покаже тільки час",,,
13830,"🔥**ГУР сьогодні опублікувало відео, як гарно запалюють РЛС «Зоопарк-1»

**🤔Особливо цікаво, що декілька тижнів тому ГУР публікували повідомлення з проханням надавати інформацію про ці РЛС, адже вони становлять особливу цінність.

[Магазин](https://deepstateua.shop/)▫️[Твітер](https://twitter.com/Deepstate_UA)▫️[Ютуб](https://www.youtube.com/channel/UCMGRXVYg1wMA6e4zTGX-DwQ)▫️[Мапа](https://deepstatemap.live/)▫️[Написати нам](http://t.me/newsDeepStatebot)▫️[Звіти](https://sites.google.com/view/deepstate-donate/report?authuser=0)",,,
13831,"🤔**Кацапи:** __кулі, гранати, міномет — ніщо не зупиняло цього божевільного українського кулеметника. Він сидів і продовжував фігачити по нам. Міни розриваються біля нього, а він і далі стріляє, покою нам не дає взагалі. 

__🤷🏼‍♀️Нарешті після довгих страждань взявши ці позиції, виявилось, що там не було ніякого кулеметника, а лише дистанційно стріляла башта від раніше підбитого БТР.",,,
13832,"**📼А це вже кадри очищення нашого неба, від ворожого «Орлану» у взаємодії бійців ХХХ ЗР полку, яким Ви маєте змогу допомагати через наш канал.

**[Магазин](https://deepstateua.shop/)▫️[Твітер](https://twitter.com/Deepstate_UA)▫️[Ютуб](https://www.youtube.com/channel/UCMGRXVYg1wMA6e4zTGX-DwQ)▫️[Мапа](https://deepstatemap.live/)▫️[Написати нам](http://t.me/newsDeepStatebot)▫️[Звіти](https://sites.google.com/view/deepstate-donate/report?authuser=0)",,,
13833,"🔥**За словами Генерального Штабу, відбувся невдалий запуск московицьких танкістів у космос

**Від себе додамо, що люди не постраждали.

[Магазин](https://deepstateua.shop/)▫️[Твітер](https://twitter.com/Deepstate_UA)▫️[Ютуб](https://www.youtube.com/channel/UCMGRXVYg1wMA6e4zTGX-DwQ)▫️[Мапа](https://deepstatemap.live/)▫️[Написати нам](http://t.me/newsDeepStatebot)▫️[Звіти](https://sites.google.com/view/deepstate-donate/report?authuser=0)",,,
13834,"🌥Аероскоп, Антидрон-рушниці та ПЗРК Стінгер — як ведеться контроль за нашим небом. Коментують бійці

Відео: Міністерство Оборони України.",,,
13835,"🇺🇸**США **[**оголосили**](https://www.defense.gov/News/Releases/Release/Article/3134457/775-million-in-additional-security-assistance-for-ukraine/)** про новий пакет військової допомоги для України вартістю $775 млн. 

**До пакету входять:
▪️Додатковий боєкомплект для HIMARS (кількість та номенклатура не зазначаються).
▪️16 гаубиць калібру 105 мм.
▪️36 тисяч снарядів для артилерії калібру 105 мм. 
▪️15 систем БПЛА Scan Eagle.
▪️40 броньованих мінозахищених автомобілів MaxxPro (MRAP) з протимінними катковимт тралами. 
▪️Додаткові високошвидкісні протирадарні ракети (ймовірно AGM-88 HARM).
▪️50 броньованих автомобілів HMMWV.
▪️1500 протитанкових ракет з керуванням по дротам (ймовірно BGM-71 TOW).
▪️1000 протитанкових систем Javelin. 
▪️2000 інших протитанкових снарядів.
▪️Системи та обладнання для розмінування.
▪️Вибухівка.
▪️Захищенні тактичні системи зв’язку.
▪️Прилади нічого бачення, тепловізійні системи, оптика та лазерні далекоміри.

📅[__Попередній__](https://t.me/DeepStateUA/13699)__ пакет допомоги було оголошено 8 серпня, його сума склала $1 млрд.__",,,
13836,"🇱🇻🗽**Латвія вирішила підтримати ""флешмоб"" Естонії та готується до демонтажу пам'ятника ""радянським воїнам"" у Ризі 

**🤷‍♂️Місцева влада побоюється можливих протестів від місцевого **""Латвійсько-російського союзу""**, що вже були анонсовані у разі спроби знесення монументу, тому міністр внутрішніх справ Латвії **Крістапс Еклонс** під час інтерв'ю місцевому ЗМІ дав короткий  щодо цього:

«__Це саме те, до чого ми готуємося, це саме те, до чого готуються всі служби безпеки і мерія Риги, і ми також готуємо всі види сценаріїв у тісній співпраці, і ми обов’язково будемо готові діяти, приймати рішення. і діяти, щоб потенційні заворушення не спричинили ще більшого хвилювання__», – сказав Еклон.

🤣""Ви хатєлі дєкамунізації? Ми вам пакажем настоящую дєкамунізацію""",,,
13837,"**📍Друзі, починаємо наш п'ятничний географічний квест о 20:00

Заходимо і реєструємося - ****https://www.geoguessr.com/join/JSM2****

**Цього разу квест знову буде підвищеної складності.

Перші п'ять місць зможуть стати учасниками нашого OSINT-діалогу, але звісно після верифікації.",,,
13838,"**🔥 Т-64БМ та 22 окремий мотопіхотний батальйон розважаються із кацапськими МТ-ЛБ**.

[Магазин](https://deepstateua.shop/)▫️[Твітер](https://twitter.com/Deepstate_UA)▫️[Ютуб](https://www.youtube.com/channel/UCMGRXVYg1wMA6e4zTGX-DwQ)▫️[Мапа](https://deepstatemap.live/)▫️[Написати нам](http://t.me/newsDeepStatebot)▫️[Звіти](https://sites.google.com/view/deepstate-donate/report?authuser=0)",,,
13839,"🇬🇧**За новим опитуванням від YouGov британці бачать перевагу у Сунаку лише з економічної точки зору. 

**🤷‍♂️Воно й не дивно, адже **Ріші** раніше був банкіром, однак у інших сферах життя переважає його конкурент - **Ліз Трас.** 

💰Як ми вже писали раніше - **відрив у рейтингу між кандидатами все більшає,** однак економічна криза Великої Британії також гострішає через **аномальне підвищення цін на електроенергію**. 

👀Також можна помітити провал Трас щодо 
спалаху коронавірусу, на початку лютого вона отримала позитивний тест на ""корону"" одразу після того, як була помічена без маски під час засідання у Палаті громад.",,,
13840,"🇪🇪**Естонська ""Санта-Барбара"" продовжується - Міністерство закордонних справ Московії надіслало ноту протесту Естонії через демонтаж радянського брухту

**__💭«російська сторона вже неодноразово коментувала розв'язану **прибалтійськими правлячими режимами** боротьбу з радянською **меморіальною спадщиною**. Проте, попросили окремо зупинитися на факті демонтажу в Нарві пам'ятника танку Т-34 з урахуванням **особливого цинізму цих дій Таллінна** ... Загалом останнім часом у цій країні **було демонтовано близько 15 об'єктів радянської меморіальної спадщини.** При цьому **естонські горе-політики** оголосили курс на тотальну ліквідацію всієї меморіальної спадщини радянського періоду__.»

👀Схоже, що уряд Естонії рухається правильним шляхом, якщо у московитів так палає через мотлох, що залишили у військовому музеї.",,,
13841,"📍**Пропандисти-свінгери завелися серед московитів.** Вони по черзі міняються на одному й тому самому місці, що у [800 метрах від корівника](https://t.me/DeepStateUA/13813) — один знімає на основну камеру, другий на селфі. Обидва розповідають про успіхи в різні дні

[Магазин](https://deepstateua.shop/)▫️[Твітер](https://twitter.com/Deepstate_UA)▫️[Ютуб](https://www.youtube.com/channel/UCMGRXVYg1wMA6e4zTGX-DwQ)▫️[Мапа](https://deepstatemap.live/)▫️[Написати нам](http://t.me/newsDeepStatebot)▫️[Звіти](https://sites.google.com/view/deepstate-donate/report?authuser=0)",,,
13842,"🔥**Гарна детонація після зустрічі зі Стугною 30-ї ОМБр імені князя Костянтина Острозького**.

[Магазин](https://deepstateua.shop/)▫️[Твітер](https://twitter.com/Deepstate_UA)▫️[Ютуб](https://www.youtube.com/channel/UCMGRXVYg1wMA6e4zTGX-DwQ)▫️[Мапа](https://deepstatemap.live/)▫️[Написати нам](http://t.me/newsDeepStatebot)▫️[Звіти](https://sites.google.com/view/deepstate-donate/report?authuser=0)",,,
13843,"[**📃**](https://deepstatemap.live/#8/48.237/35.376)**Зведення по карті за 18 серпня 2022 року

**Цього разу знову доволі коротко. 

▪️Тривають позиційні бої між **Великою Камишувахою та Богородичним** — результат поки невідомий
▪️Біля **Соледару та Бахмута** за підтримки артилерії ворог продовжує штурмувати наші позиції. Враховуючи, що два тижні ситуація там не змінюється, можна казати про успішну оборону, проте вона дається дуже великою ціною. І коли взнаєш, що когось не довезли, то розумієш, що це лише на карті змін нема, у долях купи людей вони є. 
▪️У **Пісках** ворог пробує рипатися. Зі слів ворожої ж пропаганди, вони не контролюють всі Піски. Воєнкор, що був на передньому краї поїхав у бік Вугледару. А інший продовжує бігати навколо корівника.
▪️**Мар'їнка** невідомо поки точно, але схоже що лобові штурми не приносять бажаного. Натомість ворог перемістив місце удару по лінії **Єгорівка-Володимирівка-Славне**. Фіксуємо частковий успіх московитів.

🗯Будьте пильними та вдумливими щодо отримання та поширення інформації. Пам'ятайте, той хто нічого не знає завжди намагатиметься посилатися на власні джерела у структурах чи інші абстрактні речі, щоб лише привернути увагу до себе чи свого ресурсу.",,,
13844,"📍**Інший воєнкор ""ізвєстій"" засвітився між Володимирівкою та Солодким. З 14го серпня ворожа армія розпочала атаку на позицію наших оборонців. В тому районі сконцентровані значні сили піхоту та є частковий успіх ворога. **На жаль, є і підтверджені втрачені наші позиції

[Магазин](https://deepstateua.shop/)▫️[Твітер](https://twitter.com/Deepstate_UA)▫️[Ютуб](https://www.youtube.com/channel/UCMGRXVYg1wMA6e4zTGX-DwQ)▫️[Мапа](https://deepstatemap.live/)▫️[Написати нам](http://t.me/newsDeepStatebot)▫️[Звіти](https://sites.google.com/view/deepstate-donate/report?authuser=0)",,,
13845,"📍**В свіжому відео із ""захоплених"" Пісків московський воєнкор зняв відео, під час якого потрапив під обстріл нашого танку. Місце зйомки у 800 метрах на пн-зх від корівника

**deepstatemap.live/#16/48.0592/37.6824

[Магазин](https://deepstateua.shop/)▫️[Твітер](https://twitter.com/Deepstate_UA)▫️[Ютуб](https://www.youtube.com/channel/UCMGRXVYg1wMA6e4zTGX-DwQ)▫️[Мапа](https://deepstatemap.live/)▫️[Написати нам](http://t.me/newsDeepStatebot)▫️[Звіти](https://sites.google.com/view/deepstate-donate/report?authuser=0)",,,
13846,"🇪🇪**Епопея з радянським мотлохом не закінчується. Заступник міністра цифрової трансформації **[повідомив](https://twitter.com/luukasilves/status/1560105663933587458?ref_src=twsrc%5Etfw%7Ctwcamp%5Etweetembed%7Ctwterm%5E1560105663933587458%7Ctwgr%5E422942c744d981ba67236c3a94ce678050f7286a%7Ctwcon%5Es1_&ref_url=https%3A%2F%2Fwww.bloomberg.com%2Fnews%2Farticles%2F2022-08-18%2Festonia-repels-cyber-attacks-as-pro-kremlin-group-takes-credit)**, що за вчора країна успішно відбила найбільш масову DDoS-атаку з 2007 року. 

**Атака була спрямована як на державні сайти, так і на приватний сектор. За невеликими винятками все продовжувало працювати і для звичайних користувачів це було майже непомітно. Хто за цим стоїть вгадайте самі з трьох раз🤔

👆🏻До речі, на фото один із естонців, який займався демонтажем пам'ятника.",,,
13847,"[💀](https://deepstatemap.live/)""В рамках виконання ракетно-артилерійськими підрозділами вогневих завдань, **ворог втратив** 29 рашистів, самохідну гармату 203-го калібру «Піон», 5 одиниць броньованої та автомобільної техніки, а **також склад постачання боєкомплекту в Білогірці.** Остаточні втрати ворога дорозвідуються,"" - ОК ""Південь""

Ну от власне в багатьох має зникнути питання по Білогірці.",,,
13848,"**📍Для всіх свідків, що русні біля Ізюму немає. Ліси на захід від Ізюму

**deepstatemap.live/#13.75/49.2770/37.0295

[Магазин](https://deepstateua.shop/)▫️[Твітер](https://twitter.com/Deepstate_UA)▫️[Ютуб](https://www.youtube.com/channel/UCMGRXVYg1wMA6e4zTGX-DwQ)▫️[Мапа](https://deepstatemap.live/)▫️[Написати нам](http://t.me/newsDeepStatebot)▫️[Звіти](https://sites.google.com/view/deepstate-donate/report?authuser=0)",,,
13849,"🤪**Місцеві копрофіли в Нарві (Естонія) вийшли плакати на місці нещодавно демонтованого танку Т-34

**😁Місцева ж влада назвала демонтаж хорошим рішенням, __""оскільки військова техніка має стояти у військовому музеї__"". Однак, тамтешня вата обурена, одна навіть встигла порвати естонський паспорт.

🤷‍♂️Хотілось би зазначити, що саме совкова армія завдавала найбільшої шкоди містам, що визволяла. Сама Нарва під час Другої Світової була зруйнована на **98%**, за оцінками німецьких експертів - **>80**% міста було знищено саме ""**визволителями**"".

👀Проте у місцевих дуже коротка пам'ять, можливо саме через приналежність до цих ""**визволителів**"" - близько** 87%** населення міста становлять московити.",,,
13850,"**🔥ДРУЗІ! 10 хвилин. Ви неймовірні, необхідна сума зібрана!😱

👏🏻Всім дуже дякуємо!**",,,
13851,"⚡️**Друзі, команда DeepStateUA продовжує допомагати нашій армії робити смерть москалям😈

🚀На сьогоднішній день збираємо кошти для ХХХ ЗР полку, які в своїх майстернях роблять чудеса задля захисту нашого неба - на:

**🔸USB Hub;
🔹Мережевий зарядний пристрій з підтримкою швидкої зарядки;
🔸Набір сверл по металу;
🔹Диск 250 х 30 мм для сухого різу нержавіючої сталі;
🔸Диск алмазний 125х1.3х22.23мм по металу;
🔹Перехідник для ударних гайковертів;
🔸Перехідник DeWALT DT20501;
🔹Набір екстракторів;
🔸Ступінчасті свердла;
🔹Органайзери для інструментів;
🔸Кіловольтметр електростатичний.

💰**Необхідна сума: 30 000 грн

🤖Можливо хтось готовий щось віддати. Пишіть нам на нашого бота:**@newsdeepstatebot

💳**Наші реквізити**:

📌приват `5168755444374546` (Микула Р.) 
📌моно `5375411417067597` (Микула Р.)
📌PayPal: ua_monolit@ukr.net

**🇺🇦Наближаємо нашу Україну до перемоги разом!**",,,
13852,"🎥**Один із московитів вирішив принести хоч якусь користь, тому опублікував відео результати прильоту по їх казармі. Сам він, на жаль, пропустив те дійство, бо був поранений перед цим. 

**🧮За його словами: 12 __200х__ та 10 __300х

__[Магазин](https://deepstateua.shop/)▫️[Твітер](https://twitter.com/Deepstate_UA)▫️[Ютуб](https://www.youtube.com/channel/UCMGRXVYg1wMA6e4zTGX-DwQ)▫️[Мапа](https://deepstatemap.live/)▫️[Написати нам](http://t.me/newsDeepStatebot)▫️[Звіти](https://sites.google.com/view/deepstate-donate/report?authuser=0)",,,
13853,"🇹🇷🇸🇾**Повідомляється, що Туреччина розпочала військову операцію в Сирії та ввела війська в Афрін

**💥Також повідомляється про удари  БПЛА та авіації",,,
13854,"[**📃**](https://deepstatemap.live/#8/48.237/35.376)**Зведення по карті за 16 серпня 2022 року

**Цього разу дещо коротко, але по найважливішим напрямкам. 

▪️**Байрак**: ситуація складна. Нашим не вдалося закріпитися. Русня спробувала ще атакувати в бік Гусарівки і на цьому успіхи закінчилися.
▪️На ділянці від **Серебрянки до Бахмута** день починається артилерійськими обстрілами, які стихають під ніч. Ворог продовжує вести активну артпідготовку. 
▪️У **Пісках** ситуація приблизно така як у нас по карті. Сказати, що хтось контролює Піски — не можна. Поки що більш детально не можемо розписати.
▪️У **Мар'їнці** сили ворога таке враження, ніби безкінечні. Вони лізуть постійно і їх з перших днів жмурять. Частково ворог міг закріпитися в східних околицях, де власне і було знято [репортаж з табличкою на хліву.

](https://t.me/DeepStateUA/13795)🗯Будьте пильними та вдумливими щодо отримання та поширення інформації. Пам'ятайте, той хто нічого не знає завжди намагатиметься посилатися на власні джерела у структурах чи інші абстрактні речі, щоб лише привернути увагу до себе чи свого ресурсу.",,,
13855,"📍**З'явилися кадри в Мар'їнці, на яких воєнкор позує біля таблички ""Районний відділ освіти. м. Мар'їнка"", яку повісив на якийсь хлів

**1️⃣Згідно з реєстрами відділ знаходиться на Заводській 20, що в центрі і п**оруч знаходиться багатоповерхова забудова.

**2️⃣Даний будинок вже світився у відео наших бійців весною, коли наші розбивали техніку ворога, що на картинці зліва. Саме тоді в них можливо й був прорив, який вдалося відкинути і даний епізод потрапив у зведення ГШ ЗСУ.

3️⃣**Локація з табличкою ""відділу освіти"" знаходиться в східні частині міста** біля ЛЕП і до адмінбудівель щонайменше 1400 метрів. Судячи з того, що в них є періодичні успіхи, то цілком ймовірно що саме зараз їм вдалося зробити репортаж в тій місцині.

4️⃣Виникають питання і по табличці. Варто зауважити, що у 2020 році з новим адміністративно-територіальним поділом Мар'їнка вже входить до Покровського району. **Юридичний статус Мар'їнської районної ради на сьогодні припинено, а Мар'їнський район ліквідовано.

**Для чого воєнкор начепив табличку - нам невідомо. Мабуть, щоб такі як ми відгадали де вони перебувають.",,,
13856,"📜**Друзі, ми не часто постимо електронні петиції, але ця людина достойна такої нагороди

**🇺🇦Підтримайте електронну петицію до Президента щодо присвоєння командиру ""Карпатської Січі"", **Куцину Олегу Івановичу, звання Героя України, посмертно

**📜**Посилання на петицію**: https://petition.president.gov.ua/petition/159880

🕯**Вічна пам'ять всім Героям України, які віддали життя за нашу країну!**",,,
13857,"**📼Донеччина,серпень 2022-го. Коротке відео з селища Піски

**Відео: Міністерство оборони України",,,
13858,"🔥**Наша команда DeepState продовжує випускати хронологію російсько-української війни 

🎥172-й день війни** вже на нашому **YouTube** каналі. Скоріше переходьте та дивіться.

**▶️****https**://youtu.be/yBmQCyo3d34

✅Не забуваємо [про підписку](https://www.youtube.com/channel/UCMGRXVYg1wMA6e4zTGX-DwQ/)",,,
13859,"🐞**Хакерам вдалося отримати доступ до верифікації 1900 номерів телефонів користувачів у Twilio, яка забезпечує даною функцією популярний месенджер Signal

**У результаті, доступ до історії повідомлень зловмисники отримати не змогли, проте могли писати від імені користувача іншим людям. Тож варто бути зайвий раз обережними.

[Пруф](https://techcrunch.com/2022/08/15/signal-phone-number-exposed-twilio/?guccounter=1)",,,
13860,"🎁**Підписник з УНСО показує цікаву колекцію трофеїв свого підрозділу.

**На фото окрім різноманітних документів та шмотья, впадає в око форма підполковника та трофейна Нона-К 

[Магазин](https://deepstateua.shop/)▫️[Твітер](https://twitter.com/Deepstate_UA)▫️[Ютуб](https://www.youtube.com/channel/UCMGRXVYg1wMA6e4zTGX-DwQ)▫️[Мапа](https://deepstatemap.live/)▫️[Написати нам](http://t.me/newsDeepStatebot)▫️[Звіти](https://sites.google.com/view/deepstate-donate/report?authuser=0)",,,
13861,"**📸Дбайливо складені в купку трофеї, взяті бійцями ССО Азов**.

[Магазин](https://deepstateua.shop/)▫️[Твітер](https://twitter.com/Deepstate_UA)▫️[Ютуб](https://www.youtube.com/channel/UCMGRXVYg1wMA6e4zTGX-DwQ)▫️[Мапа](https://deepstatemap.live/)▫️[Написати нам](http://t.me/newsDeepStatebot)▫️[Звіти](https://sites.google.com/view/deepstate-donate/report?authuser=0)",,,
13862,"**🔥Ще гарних відео зранку. Двісті кілометрів від неокупованої України, але бавовні відстань не заважає**.

[Магазин](https://deepstateua.shop/)▫️[Твітер](https://twitter.com/Deepstate_UA)▫️[Ютуб](https://www.youtube.com/channel/UCMGRXVYg1wMA6e4zTGX-DwQ)▫️[Мапа](https://deepstatemap.live/)▫️[Написати нам](http://t.me/newsDeepStatebot)▫️[Звіти](https://sites.google.com/view/deepstate-donate/report?authuser=0)",,,
13863,"🔥**Непоганий трансформатор там у Джанкою прийняв естафету Сак. Не аеродром звісно, але склад у тилу ворога це добре.

**[Магазин](https://deepstateua.shop/)▫️[Твітер](https://twitter.com/Deepstate_UA)▫️[Ютуб](https://www.youtube.com/channel/UCMGRXVYg1wMA6e4zTGX-DwQ)▫️[Мапа](https://deepstatemap.live/)▫️[Написати нам](http://t.me/newsDeepStatebot)▫️[Звіти](https://sites.google.com/view/deepstate-donate/report?authuser=0)",,,
13864,"💪🏻**Група швидкого реагування зі складу окремої піхотної бригади показують та розповідають про свою роботу

**Відео: Міністерство оборони України",,,
13865,"📍**Кацапи завдали удар по нашим силам в Бахмутському. Це як мінімум каже, що село не захоплено.** З того напрямку пишуть, що артилерія ворога просто не замовкає в світлу частину доби, тому хлопцям тяжко

deepstatemap.live/#13.5/48.6622/38.1177",,,
13866,"**📍ССО ""Азов"" відпрацював по кацапам у Варварівці, що на схід від повторно окупованої Тернової

**deepstatemap.live/#15/50.1904/36.7212

[Магазин](https://deepstateua.shop/)▫️[Твітер](https://twitter.com/Deepstate_UA)▫️[Ютуб](https://www.youtube.com/channel/UCMGRXVYg1wMA6e4zTGX-DwQ)▫️[Мапа](https://deepstatemap.live/)▫️[Написати нам](http://t.me/newsDeepStatebot)▫️[Звіти](https://sites.google.com/view/deepstate-donate/report?authuser=0)",,,
13867,"📍**Ще одне ураження кацапських унтерменшів відбулося на північний схід від Великої Олександрівки

**deepstatemap.live/#14.5/47.3195/33.3165

[Магазин](https://deepstateua.shop/)▫️[Твітер](https://twitter.com/Deepstate_UA)▫️[Ютуб](https://www.youtube.com/channel/UCMGRXVYg1wMA6e4zTGX-DwQ)▫️[Мапа](https://deepstatemap.live/)▫️[Написати нам](http://t.me/newsDeepStatebot)▫️[Звіти](https://sites.google.com/view/deepstate-donate/report?authuser=0)",,,
13868,"**📍28 ОМБр нанесла ворогу ураження в районі населеного пункту Мирне зі сторони Правдиного**.

Колись [ми вже писали](https://t.me/DeepStateUA/13321?single), як ""експерти"" з твіттеру звільнили цей населений пункт

deepstatemap.live/#13.75/46.7115/32.2485

[Магазин](https://deepstateua.shop/)▫️[Твітер](https://twitter.com/Deepstate_UA)▫️[Ютуб](https://www.youtube.com/channel/UCMGRXVYg1wMA6e4zTGX-DwQ)▫️[Мапа](https://deepstatemap.live/)▫️[Написати нам](http://t.me/newsDeepStatebot)▫️[Звіти](https://sites.google.com/view/deepstate-donate/report?authuser=0)",,,
13869,"🤷🏼‍♀️**Доки московити виливають тони пропаганди про те, як у ЗСУ торгують зброєю, у самих трапилась показова історія. 

**⛓У Білгородській області затримали 42-річного жителя Валуйок Алєксандра Дуся за незаконну купівлю зброї (стаття 222.1 КК московії).

💣Було вилучено автомат Калашникова з 400 патронами, сім гранат Ф-1, одну РГД-5 та одну РГО. Ще дві гранати чоловік встигли перепродати 44-річному знайомому Руслану Кадінову. Зброю зберігав у будинку свого 70-річного тестя, на якого теж відкрили кримінальну справу.

🪖За його словами, автомат Калашникова та 11 гранат він купив у військовослужбовця, що зараз бере участь у війні проти України. Ім'я підприємця у ЗМІ московити не називають, але пишуть, що вже шукають його.

💬Як то каже московицьке ж прислів'я:** «__На злодію шапка горить».__**",,,
13870,"**⚔️Один з наших найперших підписників та**[** наш друг**](https://www.facebook.com/100001761373016/posts/pfbid0fUAEmVGogToJDvXc78zu7ZBTbC5PpBPHNxki3hQDvdza6cFrorAEkFPtA5kUtcxCl/?app=fbl)** Олександр проводить набір в підрозділ ССО

**Чекаємо вмотивованих бійців готових виконувати завдання підвищеної складності по всій території України.

🔝Перевага надаються кандидатам з бойовим досвідом та такими військовими спеціальностями як: мінометники, сапери, оператори ПТРК та ПЗРК. Знання англійської вітається. Ненависть до русні обов'язкова!

🏃‍♀️Крім того, вас чекає додаткове навчання і підготовка. 

Щоб подати кандидатуру, необхідно заповнити гугл [форму за посиланням](https://l.facebook.com/l.php?u=https%3A%2F%2Fdocs.google.com%2Fforms%2Fd%2Fe%2F1FAIpQLScyirhD4DkZNp0DXADki4RKoLgL5e34QHFw9hPzSkXYsauCDA%2Fviewform%3Fvc%3D0%26c%3D0%26w%3D1%26flr%3D0%26fbclid%3DIwAR06RlJ03q9e8znrLYW6mIWzGJxzWtIIBqfVls7Lb5zsKVsiBSCtKUz9WG8&h=AT2naEY6RDo-p7XDbK0r7upXMxEOMb_ype0v7kcYBT2Tc5X_wNpAuomoJaD9AZUzZ8fmv00el6lFIKbkF0fUMBafySm-GDdfaotqYy2Qk-2_5W7sbBkP8ZBjhuO1h3tRhjRF&__tn__=-UK-R&c[0]=AT1qdGiQsPIVpRVBNk6q9B-ndc2ywnMhKRdTeVY1IT0Ls75dvsGGkpn7II_Tiwfkhouwy5jUA7pOVWJh5pojbNXDu-v4wZYOuAkqc8-nIXqbWWehnLYPsz9oZyrW1Ovk0-p9CX-65KqNnEq4vI6FBClrwA). 

Олександр є командиром роти, до цього пройшов Донецький аеропорт та інші гарячі точки пекельного 2014го.",,,
13871,"**🇬🇧Огляд ситуації з виборами наступного Прем'єр-міністра Великобританії

**⏳До офіційного оголошення результату залишається трохи менше місяця, і якщо раніше ми писали, що шанси Ріші Сунака були на рівні 43%, а всіх його суперників (сумарно), відповідно, - 57%, то коли справа дійшла до протистояння один на один з Ліз Трасс, шанси змінилися сильно не на користь Ріші.

Повний текст статті:
https://deepstateua.com/oghliad-situatsiyi-z-viborami-nastupnogho-priemier-ministra-vielikobritaniyi/",,,
13872,"📍**З'явилися візуальні підтвердження втрати заводу Кнауф. Крім того, ворог контролює сусідні вулиці

**deepstatemap.live/#16/48.6695/38.1055",,,
13873,"**🔥Повідомляється про ""медіум просмажку"" орків у Попасній

**🤩В мережі вже багато інформації про цей прильот у штаб ПВК ""Вагнер"". 

__OSINT — корисна робота😈__",,,
13874,"🔥**24 ОМБр імені короля Данила та московит** **щасливчик

**[Магазин](https://deepstateua.shop/)▫️[Твітер](https://twitter.com/Deepstate_UA)▫️[Ютуб](https://www.youtube.com/channel/UCMGRXVYg1wMA6e4zTGX-DwQ)▫️[Мапа](https://deepstatemap.live/)▫️[Написати нам](http://t.me/newsDeepStatebot)▫️[Звіти](https://sites.google.com/view/deepstate-donate/report?authuser=0)",,,
13875,"📸**Тай таке. Просто цікаве фото Т-72БЗ

**[Магазин](https://deepstateua.shop/)▫️[Твітер](https://twitter.com/Deepstate_UA)▫️[Ютуб](https://www.youtube.com/channel/UCMGRXVYg1wMA6e4zTGX-DwQ)▫️[Мапа](https://deepstatemap.live/)▫️[Написати нам](http://t.me/newsDeepStatebot)▫️[Звіти](https://sites.google.com/view/deepstate-donate/report?authuser=0)",,,
13876,"🎥**Батальйон «Свобода» 4 бригади оперативного призначення НГУ публікує захоплююче відео та опис до нього:

**__""ₚусня нанесла потужний артилерійській удар по одній з наших СПшок і їхня піхота змогла просочитися у наші окопи.
Наші одразу ж почали штурм, щоб не дати ворогу закріпитися. Спочатку спрацювали наші міномети, потім пішла піхота.
ₚусня звикла воювати на дистанції, під прикриттям авіації та артилерії, а тут почався справжній контр-страйк. Вони навіть молилися, але було пізно. Вся штурмова група ворога була знищена""__",,,
13877,"🔥**14 ОМБр імені князя Романа Великого знешкодила 3 БМП

**[Магазин](https://deepstateua.shop/)▫️[Твітер](https://twitter.com/Deepstate_UA)▫️[Ютуб](https://www.youtube.com/channel/UCMGRXVYg1wMA6e4zTGX-DwQ)▫️[Мапа](https://deepstatemap.live/)▫️[Написати нам](http://t.me/newsDeepStatebot)▫️[Звіти](https://sites.google.com/view/deepstate-donate/report?authuser=0)",,,
13878,"[📃](https://deepstatemap.live/#8/48.237/35.376)Зведення по карті за 13 серпня 2022 року

▪️На **Харківській **ділянці фронту поки змін не фіксуємо, наші продовжують завдавати точкові удари по позиціях та місцях концентрації московитів.

**▪️Байрак та Нова Гусарівка**: обидві сторони проводять наступальні дії. Результат поки невідомий.

**▪️Соледар -** просування не зафіксовано. Яковлівка - було відео як наші розбили там їх БМП. Насправді розбили не тільки БМП. 

▪️**Бахмут **- московські джерела, в тому числі колобок-півник Клименко публікують кадри московитів в місті по вулиці Лумумби 113. Як виявилося, на відео не ворожі солдати. Але ситуація під пильним наглядом, бо сили, які штурмуватимуть Бахмут не малі. Бахмут намагаються стерти з лиця землі - це факт.

▪️**Новоселівка друга**: сидять в зеленці і іноді висовуються. Прощіпуюють оборону. Підстав для **оточення Авдіївки з півночі немає.** Москалі пробували атакувати міст на захід від шахти Бутівка, результат невідомий.

**▪️Піски**. Тут доволі складно. Ми повідомляли раніше, що ми можемо мати спеціальні затримки чи попросту на фронті просять позначити саме так, а не інакше**.** По Піскам ситуація ускладнилася 3 серпня. Коли після артилерійських щогодинних атак, розпочала працювати ворожа піхота. І схоже що 5-6 серпня вони вже були біля монастиря, з відео 80 ОДШБр, яке гуляло всюди. Однак за останні дні, вони видно добили все живе і неживе на північній частині і пройшли до школи та інституту. З боку OSINT ситуація цікава - вони сьогодні ще досі публікують нові відео з корівника.

▪️**Мар'їнка** - змін не зафіксовано, хоча ворог декларує що знаходиться по лінії проспекту Дружби. 

▪️На **Херсонському напрямку** москалі пробують місцями розвідку боєм, але підтверджень успіхів не маємо.

🔷Як висновок, ми казали, що карта має затримку і неточності. Часто є на то причини і потрібен час для уточнення та перевірки інформації. З іншого боку, ми отримуємо багато позитивних відгуків від наших фронтовиків та навіть той факт, що вона використовується ними для певних потреб.

Фронт заспокоївся і для мапи це знак бути більш-менш точною по лінії фронту. На аналіз даних, відео та фото загалом йде дуже багато часу та сил. Це комусь здається, що взяв в нас, взяв в тих, намалював своє і стаєш великим експертом війни в Україні, сидячи у Франції.

PS. Останні дні багато фейкових локацій, які демонструються як інші населені пункти, наприклад: Піски->Соледар, Нова Каховка->Попасна, Бахмут->Новолуганське. Можливо співпадіння...

💪🏻Віримо в ЗСУ та залишаємося пильними.",,,
13879,"**📍Вчора в кінці дня русня все-таки виклала відео не з корівника в Пісках

**🆕На жаль, локація у відео вже в районі забудови багатоквартирних будинків у **Пісках**, через що ми внесли деякі зміни на мапі. Зокрема, збільшили сіру зону, де ведуться активні бойові дії, адже події на фронті динамічні і зміни відбувається швидко. Про втрату всього населеного пункту не йдеться, **ЗСУ** тримає позиції та дає по зубам русні!

deepstatemap.live/#16/48.0703/37.6677",,,
13880,"⚡️**Друзі, команда DeepStateUA продовжує допомагати нашій армії на передовій робити смерть москалям😈

**📋Звітуємо про останні придбання волонтерської допомоги:

📌Каски Fast (13шт.), рожки 5.45 (25шт.), цівка для АКА для бійців УНСО - **156 710грн;
**📌Плитоноска, тактичний ліхатрик, берці Lowa, РПС, тепловізор  для бійця 101 ОБрО - **83 591 грн**;
📌Планшети Huawei MatePad T10 (3шт.) для бійців ССО Азов -** 20 325 грн;
**📌Тактичний рюкзак, шолом Fast, плитоноска, лопати Fiskars (5шт.), м'які ноші (7шт.),  для бійців 46 ОДШБр -** 19 785 грн;
**📌Планшети Huawei MatePad T10 (2 шт.) для бійців 5 ОБр НГУ - **13 777 грн;
**📌Тактичний шолом Fast для бійця НГУ Азов  - **11 510 грн;
**📌Плитоноска, шолом Fast для бійця 80 ОДШБ- **9 518 грн;
**📌Цівка та каліматор для бійця 107 РАБр -** 8 325 грн;
**📌Плитоноска для бійця 5 штурмового полку - **1 910 грн;
📌**Монтажний набір, кабелі комп'ютерні, ключ трубний, temflex1300, трубки термоусаджувальні для бійців ХХХ ЗР полку** - 1 483 грн.

💰Загальна сума - 326 934 грн.

**🤝Хочемо окремо подякувати магазину **Vik-tailor **та нашому колезі волонтеру Михайлу з команди [irpin_free](https://t.me/irpin_free) за допомогу в пошуку речей.

💪🏻Дякуємо кожному, хто відгукнувся та є небайдужим в ці непрості для України часи. І ми знаємо, що ми точно переможемо, адже ми нація, яка в будь-яких труднощах стає одним цілим і долає перешкоди спільними зусиллями.

**🇺🇦Наближаємо нашу Україну до перемоги разом!**",,,
13881,"**🇺🇦Українські воїни демонструють власну розробку, зроблену із трофейної московитської техніки

**🔥Поєднання армійського тягача **МТЛБ** та протитанкової гармати **МТ-12 «Рапіра»** утворює самохідну протитанкову артилерійську установку.

🔧Усю проектну і конструкторську роботу піхотинці зробили самотужки. Система вже протестована і знаходиться в зоні бойових дій.

📼**Відео – Міністерство Оборони України**",,,
13882,"**📍Друзі, починаємо наш п'ятничний географічний квест о 20:00

Заходимо і реєструємося - ****https://www.geoguessr.com/join/WPLW****

**Цього разу квест буде дещо незвичним.😎

Перші п'ять місць зможуть стати учасниками нашого OSINT-діалогу, але звісно після верифікації.",,,
13883,"**⚡️""Екслюзів! Украінскіє власті патєрялі Пєскі"" - тому в ефірі федерального каналу покажемо завод ""Knauf"" в Соледарі

**Як не корівники, то Соледар...",,,
13884,"📝**Верховний Хуйло звільнив командира Чорноморського флоту Ігоря Осипова. Підіб'ємо підсумки його перемог на цій посаді: 

**🙃24 березня у Бердянську успішно знищивcя ВДК «Саратов», а також двоє його колег пішли на ремонт, де перебувають і зараз.

🎖Доки він керував Чорноморським флотом, ЗСУ в ніч з 13 на 14 квітня модернізували флагман Чорноморського флоту — ракетний гвардійський крейсер **«мацква»**, до стану підводного човна **«Запоріжжя».** Сорок років крейсера не тонули з часів **Фолклендської війни**, епохальна подія.

🤷🏼‍♀️У травні-червні жестом доброї волі московія програла Битву за Зміїний, де втратила новий (2016 рік) рятувальний буксир **«Васілій Бєх»**, а також позбулася 5 сучасних катерів **«Раптор».

**🔥Ну і останнім кар'єрним успіхом стала авіабаза ВПС ВМФ у Новофедоровці, де московія понесла найбільші з часів Другої світової одномоментні втрати авіації.

🤔До речі, чутки про відсторонення та навіть арешт були ще в травні, адже він не відвідав парад 9 травня та день ЧФ. Проте, у червні все ж з'явився на публіці.",,,
13885,"📍**Якийсь день бабака з Пісками у московитів. Знову відео, цього разу два парника біля корівника - вогнева точка ЗСУ

**Звісно, вони мають просування дещо глибші, але на всіх відео чомусь фігурує корівник та фундаменти поруч з ним. Вони пробують артилерію рівняти всі будівлі, щоб не було змоги вгризтися, але штурмові потужності у ворога значно знизилися.

**👉🏻Нагадуємо про квест о 20:00**",,,
13886,"📍**Невдала спроба москалів штурмувати наші позиції у Пісках потрапила на відео одного видання 

**Видання називати не будемо, бо вони гівнярі і ніколи авторство інших не вказують і ми їх не будемо. 😃

Світлини двох супутникових карт, одна співпадає +- по порі року, а інша більш сучасніша.",,,
13887,"📍**Один із підписників помітив у **[**випуску**](https://youtu.be/H-QFLpxQ1QE?t=544)** Військового телебачення України кадри удару по московитах між Новобахмутівкою та Новоселівкою другою

**І тут одразу цікаво декілька речей:
1. Після провалу біля Красногорівки ворог вирішив спробувати обійти Авдіївку ще північніше, прощупуючи нашу оборону. Також звідти зникли московські воєнкори, що також за цю версію.
2. Між Новоселівкою другою та Новобахмутівкою схоже в більшості вже ворожа територія. Востаннє тут відео були на початку червня. Після зайняття частини Новоселівки другої кацапи почали просто утюжити артою лісопосадки. Лінія фронту там орієнтовна.

[Магазин](https://deepstateua.shop/)▫️[Твітер](https://twitter.com/Deepstate_UA)▫️[Ютуб](https://www.youtube.com/channel/UCMGRXVYg1wMA6e4zTGX-DwQ)▫️[Мапа](https://deepstatemap.live/)▫️[Написати нам](http://t.me/newsDeepStatebot)▫️[Звіти](https://sites.google.com/view/deepstate-donate/report?authuser=0)",,,
13888,"**📍З'явилося відео знищення ворожих БМП в Яковлівці. Ворога було розбито з використанням дрону для коригування на пд-зх околиці села на трасі

**Судячи з всього траса і пд частина села під ворожим оперативним чи повним контролем. Зараз виникає питання до контролю над самим селом, адже його втрата означатиме, що з Білогорівки треба виходити, якщо вже не вийшли.

UPD. Ворожий авангард знищено повністю.

[Магазин](https://deepstateua.shop/)▫️[Твітер](https://twitter.com/Deepstate_UA)▫️[Ютуб](https://www.youtube.com/channel/UCMGRXVYg1wMA6e4zTGX-DwQ)▫️[Мапа](https://deepstatemap.live/)▫️[Написати нам](http://t.me/newsDeepStatebot)▫️[Звіти](https://sites.google.com/view/deepstate-donate/report?authuser=0)",,,
13889,"**🎉У когось ювілей, з яким просто неможливо не привітати! 

**🇨🇿Існує чеський дослідник, схожий на всім відомого Oryx. Тільки Oryx рахує підтверджену втрачену техніку, а тут рахують вбитих московицьких офіцерів.

🧮Сьогодні стукнув ювілей: ціла тисяча ліквідованого офіцерського складу всіх рангів. Про втрати рядових ваньок мова не йде.

**❗️P.S. **Про генералів, у [повній гугл таблиці](https://docs.google.com/spreadsheets/d/1_bpIqkzD88hlSpA-PDZenSQGNnVnxz3lwYHKViSyuUc/edit#gid=1361265165) у нього позначено, що деякі з них заперечуються, або не підтверджуються некрологами. Про втрати цих високопоставлених осіб ми колись робили [власний аналіз](https://t.me/DeepStateUA/13164). Такі суперечності є лише з генеральськими прізвищами (5 осіб), по всім іншим питань не виникає.",,,
13890,"**📍""Взяття"" Пісків у москалів вже перетворюється на анекдот

**🤦🏻‍♂️То вони публікують десятки відео з однієї локації в районі корівників на окраїні, заявляючи про бої в населеному пункті. Тепер же Пісками названо Ясинуватське шосе, що в Донецьку в 6 км на пн-сх від корівника.

🇺🇦Але по факту сказати можемо одне - Піски тримають українські військові і дають добряче по зубам русні.",,,
13891,"⚡️**Друзі, команда DeepStateUA продовжує допомагати нашій армії робити смерть москалям😈

🔥На сьогоднішній день збираємо кошти на Квадрокоптер DJI Mavic 3 Fly More Combo для наших бійців з ДУК ПС, які вбивають русаків на Сході країни

💰 сума збору: 110 000 грн,

🚀 Для ХХХ ЗР полку у нас є запити, які можна закрити без коштів, можливо, хтось готовий віддати**:

🔸Кіловольтметр електростатичний **С96, С196 або С197
**🔹Тумбочки (**7 шт**.)
🔸Стільці (**7 шт.)
**🔹Органайзер для інструментів
🔸Паяльник 25W (**5 шт**.)
🔹Паяльник 40W (**5 шт**.)
🔸Монітори 22-24 дюйми (**2 шт.**)

🚘Також хлопці з підрозділу **""Одін**"" шукають добру людину, яка допоможе перевезти з Харкова в Київ машину, яку там відремонтують безкоштовно. (P.S. можливо хтось з ремонтом може допомогти в самому Харкові?) 

**🤖Пишіть нам на нашого бота:**@newsdeepstatebot

💳**Наші реквізити**:

📌приват `5168755444374546` (Микула Р.) 
📌моно `5375411417067597` (Микула Р.)
📌PayPal: ua_monolit@ukr.net

**🇺🇦Наближаємо нашу Україну до перемоги разом!**",,,
13892,"🇧🇾**До 13 тисяч чоловік зі складу незаконних збройних формувань самопроголошеної республіки Білорусь підписали письмову згоду на участь у війні з Україною - зі слів заступника голови ГОУ ГШ ЗСУ Олексій Громова

**Звісно частина українців продовжує бути куколдами та казатиме, що це все 13 тисяч підписів Бульбафюрера і це взагалі 13 тисяч його клонів... Ну і це ж Бульбафюрер сраки підтирав пораненим кацапам з Іванкова та Ірпеня...

[Пруф](https://youtu.be/cr7hZ78FtVg?t=1372)",,,
13893,"**🔥Вправні мінометники накривають московицьку МТ-ЛБ**.

[Магазин](https://deepstateua.shop/)▫️[Твітер](https://twitter.com/Deepstate_UA)▫️[Ютуб](https://www.youtube.com/channel/UCMGRXVYg1wMA6e4zTGX-DwQ)▫️[Мапа](https://deepstatemap.live/)▫️[Написати нам](http://t.me/newsDeepStatebot)▫️[Звіти](https://sites.google.com/view/deepstate-donate/report?authuser=0)",,,
13894,"**📍Цікаве відео удару артилеристами з 35 ОБр МП по позиціям москалів на схід від дороги між Андріївкою та Білогіркою

**deepstatemap.live/#15.25/47.1714/33.0788",,,
13895,"💌**Друзі, нагадуємо про наш **[магазин](https://deepstateua.shop/)** з фірмовим мерчем від команди DeepStateUA

**😈Увага! Повітряна тривога в Криму! Замовляємо пекельні тури в Крим🔥

😱Ми додали нову мега-круту колекцію принтів з бавовною в Криму. Скоріше переходьте за посиланням та обирайте мега-круті футболки **DeepStateUA**😎

📌Посилання на сайт:➡️[Deepstateua.shop](https://deepstateua.shop/)",,,
13896,"🤷🏼‍♂️**Вже тиждень минув як бабуїни денере заявили про ""взяття Пісків"", проте самі ж продовжують із ТОС-1А ""Сонцепік"" поливати населений пункт

**deepstatemap.live/#15.5/48.0686/37.6740

[Магазин](https://deepstateua.shop/)▫️[Твітер](https://twitter.com/Deepstate_UA)▫️[Ютуб](https://www.youtube.com/channel/UCMGRXVYg1wMA6e4zTGX-DwQ)▫️[Мапа](https://deepstatemap.live/)▫️[Написати нам](http://t.me/newsDeepStatebot)▫️[Звіти](https://sites.google.com/view/deepstate-donate/report?authuser=0)",,,
13897,"👀**Осінтер з твіттеру **[Kriegsforscher](https://twitter.com/OSINTua)** публікує знімки з наслідками вчорашньої бавовни в Криму.

🧐**Здається тут навіть більше, ніж 9 літаків.

[Магазин](https://deepstateua.shop/)▫️[Твітер](https://twitter.com/Deepstate_UA)▫️[Ютуб](https://www.youtube.com/channel/UCMGRXVYg1wMA6e4zTGX-DwQ)▫️[Мапа](https://deepstatemap.live/)▫️[Написати нам](http://t.me/newsDeepStatebot)▫️[Звіти](https://sites.google.com/view/deepstate-donate/report?authuser=0)",,,
13898,"[**📃**](https://deepstatemap.live/#8/48.237/35.376)**Зведення по карті за 10 серпня 2022 року

**▪️У районі н.п. Байрак точаться бої, результат невідомий. Уточнено просування московських військ біля Щурівки, там ворог знаходиться з квітня, тому це не свіже захоплення та уточнення. Фіксуємо значне число мобіків з ленере по фронту Харківщини. 
▪️Довгеньке-Кам'яна-Богородичне — трапляються бої, в цьому місці ворог концентрує значні сили. Лінія фронту тут орієнтовна.
▪️Завод Knauf не до кінця убитий, проте в його районі і на околицях точаться бої. Загалом контроль над Бахмутським викликає питання. 
▪️Москалі повідомляють, що захопили Завод шампанських вин у Бахмуті, проте підтверджень цьому нема. Достеменно невідома ситуація на лінії Зайцево-Кодема.
▪️В Авдіївці нема новин. Піски — північна частина точно не захоплена, тому про повну втрату і відкат фронту можуть говорити лише зрадойоби. У Мар'їнці ворог за опрацьованою наявною інформацією має частковий успіх на стику між селищем шахти Трудовської та Олександрівки.
▪️Підтверджуємо слова Машовця про спроби провести активні дії ворогом між Новогригорівкою та Новопетрівкою, в Любиному геолоковано відео удару по нашим захисникам.

**🌐Сьогодні сайт мапи **[**було атаковано**](https://i.imgur.com/6N6QRzY.png)** з московії, Китаю, США, В'єтнаму та Бразилії.

**⬇️Якщо вам подобається даний додатковий формат подачі інформації — напишіть це в коментарях.",,,
13899,"📸**Почало поширюватись фото, ніби-то пошкодженого вчора в Криму новітнього московицього барахлольота п'ятого покоління Су-57.** 

❕Доки цей фейк не став масовим, наносимо, так би мовити, превентивний удар. Це фото пошкодженого ще у 2014 прототипа Су-57 під-час випробовувань.

📝Натомість, відомо, що на аеродромі за декілька годин до вибуху було: **__13 Су-30СМ,__ __12 Су-24М/Р__, __6 Мі-8__** та один __**Іл-76**.__ 

🤔У статистиці Генерального Штабу сьогодні додано 9 знешкоджених літаків.",,,
13900,"😂**53 ОМБр імені князя Володимира Мономаха так і щастить на веселі відео. Цього разу на їх очах втопився танк.

**[Магазин](https://deepstateua.shop/)▫️[Твітер▫️](https://twitter.com/Deepstate_UA)[Ютуб](https://www.youtube.com/channel/UCMGRXVYg1wMA6e4zTGX-DwQ)▫️[Мапа](https://deepstatemap.live/)▫️[Написати нам▫️](http://t.me/newsDeepStatebot)[Звіти](https://sites.google.com/view/deepstate-donate/report?authuser=0)",,,
13901,"📈Сьогодні о 15:00 на нашу мапу звалилась нечувана популярність — приблизно 13 мільйонів запитів на секунду

🤷🏻‍♂️Чим вона зумовлена ми не знаємо, але вдячні за тестування нашого захисту від DDoS — він впорався на 100%, пропустивши лише 12 запитів😎",,,
13902,"📍**Удар холодноярців з 93 ОМБр по БМП ворога на північ від Бражківки. Відео має бути щонайменше тиждень

**deepstatemap.live/#16/49.0505/37.2716

[Магазин](https://deepstateua.shop/)▫️[Твітер▫️](https://twitter.com/Deepstate_UA)[Ютуб](https://www.youtube.com/channel/UCMGRXVYg1wMA6e4zTGX-DwQ)▫️[Мапа](https://deepstatemap.live/)▫️[Написати нам▫️](http://t.me/newsDeepStatebot)[Звіти](https://sites.google.com/view/deepstate-donate/report?authuser=0)",,,
13903,"🎉**Українки здобули перемогу на всесвітній шаховій олімпіаді. 

**🏆Цього року в Індійскьому Ченнаї нашим спортсменкам поталанило за кількістю очок поділити перше місце з командою 🇬🇪Грузії, але за додатковими математичними показниками першість все ж дісталась нам. Третє місце в жінок 🇮🇳Індії, які більшу частину лідирували і вважались фаворитами. 

🏅За всю тридцятирічну історію виступів українки тричі брали бронзу, тричі срібло і тепер в друге взяли золото. 

❗️Чоловіча команда на 29 місці зі 188 учасників. Колись їй теж в 2004 та 2010 вдавалось брати золото. Перше місце цього року за 🇺🇿Узбекистаном, де сформувалось молоде шахове покоління, що зараз набирає вагу і гучно заявляє про себе в шаховому світі. 

🤔До речі, цього року московити були недопущені до змагання. Цікаво чому, бо вони на це ображаються та не розуміють причин",,,
13904,**😈ПОВІТРЯНА ТРИВОГА**,,,
13905,"📢""**__мамулічка нада свалівать__**"", **маємо численні повідомлення, про втечу туристів з Сакського району

**Тікайте поки є можливість, ЗСУ вже поряд😈",,,
13906,"🎥 Кілька відео з наслідками детонації БК. Також за нашими даними станом на 07.08 на аеродромі перебувало близько **двадцяти літаків різного типу**. Маємо повідомлення, про перебої в роботі електричної мережі в м. __Євпаторія__",,,
13907,"**📍Один із підписників геолокував удар по кацапам в Цупівці

**deepstatemap.live/#16/50.2779/36.1728

[Магазин](https://deepstateua.shop/)▫️[Твітер▫️](https://twitter.com/Deepstate_UA)[Ютуб](https://www.youtube.com/channel/UCMGRXVYg1wMA6e4zTGX-DwQ)▫️[Мапа](https://deepstatemap.live/)▫️[Написати нам▫️](http://t.me/newsDeepStatebot)[Звіти](https://sites.google.com/view/deepstate-donate/report?authuser=0)",,,
13908,"💥Жителі тимчасово окупованого Криму повідомляють, що в районі **військового аеродрому ""Саки""** було чутно серію бавовн та спостерігається пожежа

[Магазин](https://deepstateua.shop/)▫️[Твітер▫️](https://twitter.com/Deepstate_UA)[Ютуб](https://www.youtube.com/channel/UCMGRXVYg1wMA6e4zTGX-DwQ)▫️[Мапа](https://deepstatemap.live/)▫️[Написати нам▫️](http://t.me/newsDeepStatebot)[Звіти](https://sites.google.com/view/deepstate-donate/report?authuser=0)",,,
13909,"**📊За липень сайт мапи відвідало 1.5 млн користувачів 25 млн разів. Правда, SimilarWeb відтрекав лише майже 21 млн

**З цікавого, мапа набула поширення в німців, обігнавши ВБ і США. Різко впав інтерес українців до мапи. Аж так, що Варшава вийшла на 6 місце, а Лондон на 9. Люди знову повертаються до базових потреб - відео та накачка маструбіцепсів. 

Стаття у вікі про нас увійшла в ТОП-100 червня.

**📑Трохи поділимося станом справ:
**1. Готуємо незначне оновлення функціоналу.
2. Готуємо новий інтерфейс і у випадку нових війн будуть нові карти. Звісно всі ми чекаємо коли червоний колір зникне і карта України буде неактуальною.
3. Продовжуємо нарощувати OSINT можливості. Йде робота над інструментарієм пошуку та внутрішньої карти, яка буде закрита.
4. Почалася робота над сайтом-блогом. Можливо ми навіть будемо запрошувати сторонніх авторів і там буде мотивації за написання. 
5. Ютуб та твітер теж в пріоритеті.
6. Думаємо над варіантами розвитку ком'юніті, де багато користувачів можуть брати якусь участь у житті каналу.",,,
13910,"[🚀](https://i.imgur.com/vn4kDIP.jpeg)**Сьогодні, у 8:52 московія запустила ракету з іранським супутником**.

🛰У московії є серія супутників Канопус-V, всі вони (6 штук) належать так званому ""Союзному гасударству з біломосковією"". Із цих 6, одразу 4 було запущено в 2018 році. Який їх реальний стан з незалежних джерел невідомо, можливо працюють (Недооцінювати ворога не варто), а можливо вже як космічне сміття гуляють на орбіті. 

🔎Після цих запусків у 2018, Іран ними зацікавився. Йому в першу чергу це треба, щоб моніторити свого головного ворога — 🇮🇱Ізраїль, а також багато інших цілей на Близькому сході, яких Ірану вистачає. Чотири роки тривали перемовини і все якось не доходили до практичного результату.   

🧐Аж раптом, 15 липня звільняють ""батутчика"" Рогозіна, на його місце ставлять іншу особу. А 19 липня хуйло [робить](https://t.me/DeepStateUA/13450) перший міжнародний візит після 24 лютого — у Тегеран. Цікавим тут є те, що про цей візит також згадувалось на офіційній сторінці «Роскосмосу», хоч і без подробиць. Зазвичай там лише новини пов'язані з космосом. Вже 3 серпня новий очільник «Роскосмосу» зустрічається з послом Ірану і вони доходять згоди (Принаймні вперше заявляють у ЗМІ) про запуск побудованого московією супутника «Хаям» (названо на честь Омара Хаяма) із цієї серії Канопус-V. 

🗞Анонімні джерела [«The Washington Post»](https://www.washingtonpost.com/national-security/2022/08/04/russia-iran-spy-satellite/) кажуть, що московія домовилась з Іраном ""декілька місяців"" користуватись цим супутником для власних потреб у війні з Україною. На запит вищезгаданого ЗМІ посольство московії у Вашингтоні відмовилось давати коментар.

🇮🇷**Іран сказав**, що спутник належить їм, тож всі рішення пов'язані з керуванням та експлуатацією будуть виконувати їх фахівці. А повідомлення, що з'явились в ""деяких ЗМІ"" про використання супутника для військових цілей ""інших країн"", не відповідають дійсності. 

🔭Іран вже раніше запускав свої супутники власними силами, останній в 2020 році. Його в Пентагоні тоді [прокоментували](https://twitter.com/SpaceForceCSO/status/1254158221243277315) як ""__веб-камера, що вміє крутитись в космосі і навряд вміє передавати інформацію__"". Замовлений у московитів супутник має роздільну здатність 1,2 метра на піксель, для прикладу доступні всім знімки на гугл мапах це 0,5 метрів. Роздільна здатність комерційних супутників компанії **Maxar**, з яких ми декілька разів [роздивлялись](https://t.me/DeepStateUA/12772) Зміїний це 50-30 сантиметрів.

👁А тепер, що це змінює глобально? У московії +1 око в космосі. Декілька десятків очей у них було і раніше, як з цієї серії так і з інших. Технологічно тут нічого нового проривного, ті ж 1,2 метра. Можна припустити, що цей супутник дійсно не буде використовуватись московією (адже у них є такі самі) і це була лише одна з послуг для Ірану, в обмін на яку останній за повідомленням в **ЗМІ** передав БПЛА московитам та можливо буде допомагати іншим чином у майбутньому.

🤷🏼‍♀️До речі, 3 червня московія запускала в пропагандиських цілях ракету з написом зовні ""Донбасс"", тільки цей напис був на тій частині, що відділяється та згорає в атмосфері як сміття (Символізм очевидний).",,,
13911,"🔍**З допомогою купленого за рахунок ваших донатів технічного тепловізору ремонтникам ЗРК вдалося знайти доволі неочевидну помилку проектувальників, через яку в одному з модулів регулярно виходили з ладу стабілітрони

**🌡Подивившись на плату через тепловізор вони зрозуміли в чому була проблема, а саме в перегріві стабілітронів резисторами з нерозрахунковим тепловиділенням, що знаходились поряд - якби не цей прилад, виявити проблему було б вкрай важко, адже рукою деталі на перегрів не перевіриш, напруга в схемі 220 вольт, частота 400гц. Так само за гроші ваших донатів закупили правильні резистори і тепер тепловий режим стабілітронів оптимальний!

👏🏻Попросили подякувати та поділитися такою новиною.",,,
13912,"🎥**З'явилось відео залишків еліти: пілота Ка-52, полковника Васілія Клєщєна, про ліквідацію якого стало відомо декілька днів тому. 

**🤷🏼‍♀️Цей елітний Васька навіть двічі літав на параді в мацквє, але в Україні чомусь змушений був завершити свою кар'єру.

(Останній скріншот належить Necro Mancer з твітера)

❗️**Зрадойобам у коментарях про чохол з тризубом. Це чохол оператора, який дістав свій телефон зняти для вас відео (**[Повний репортаж](https://www.youtube.com/watch?v=re31gPAQB44)**).

**[Магазин](https://deepstateua.shop/)▫️[Твітер▫️](https://twitter.com/Deepstate_UA)[Ютуб](https://www.youtube.com/channel/UCMGRXVYg1wMA6e4zTGX-DwQ)▫️[Мапа](https://deepstatemap.live/)▫️[Написати нам▫️](http://t.me/newsDeepStatebot)[Звіти](https://sites.google.com/view/deepstate-donate/report?authuser=0)",,,
13913,"🇺🇸**США **[оголосили](https://www.defense.gov/News/Releases/Release/Article/3120059/1-billion-in-additional-security-assistance-for-ukraine/)** про новий пакет військової допомоги для України вартістю $1 млрд.** 

До пакету входять:
▪️Додатковий боєкомплект для HIMARS (кількість та номенклатура не зазначаються).
▪️70 тисяч снарядів для артилерії калібру 155 мм.
▪️20 мінометних систем калібру 120 мм і 20 тисяч снарядів до них.
▪️Боєкомплект для систем ППО NASAMS.
▪️1000 ПТРК Javelin та ""сотні"" протитанкових гранатометів AT4.
▪️50 броньованих медичних евакуаційних машин (ймовірно M113).
▪️Протипіхотні міни типу M18А1 ""Claymore"".
▪️Вибухівки C-4, підривні боєприпаси та обладнання для підриву.
▪️Медичне приладдя, включаючи аптечки першої допомоги, перев'язувальні матеріали, монітори та інше обладнання.

💰Також Reuters [повідомляє](https://www.reuters.com/world/europe/exclusive-us-send-45-billion-more-ukraine-budget-needs-2022-08-08/), що США готують пряму економічну допомогу Україні у розмірі $4.5 млрд.",,,
13914,"⚡️**Друзі, команда DeepStateUA продовжує допомагати нашій армії на передовій робити смерть москалям😈

🚀**Ми продовжуємо допомагати нашим військовим** ХХХ ЗР полку.** Звітуємо про останні придбання волонтерської допомоги:

📌Ендоскоп - **7 002 грн;
**📌Генератор ATF40D+/PA - **11 000 грн;
**📌Мийка Karcher - **9 786 грн;
**📌Трансформатори, силік.в реле, плати, замки і модулі, фарбопульт - **10 700 грн;
**📌Антена, модем, роутер та світч - **5 025 грн;
**📌Мікросхеми - **3 224 **грн.

🤝Подяка всім хто паралельно з нами оплачував хлопцям чи докладав до приладів та мікроелектроніки через @zeonmaster_DOP - він відповідає за доставку всього до частини.
🤝Також дякуємо нашим підписниками **Олегу та Любомиру** з **Тернопільської філії АТ КБ ""ПриватБанк""** за два комп'ютери та периферійні пристрої до них.

💪🏻Дякуємо кожному, хто відгукнувся та є небайдужим в ці непрості для України часи. І ми знаємо, що ми точно переможемо, адже ми нація, яка в будь-яких труднощах стає одним цілим і долає перешкоди спільними зусиллями.

**🇺🇦Наближаємо нашу Україну до перемоги разом!**",,,
13915,"🇹🇼**Інфографіка ситуації навколо Тайваню від різних ЗМІ

**🇨🇳**Китай** заявив про продовження навчань в районі **Тайваню** і не повідомив про дату закінчення

[Магазин](https://deepstateua.shop/)▫️[Твітер▫️](https://twitter.com/Deepstate_UA)[Ютуб](https://www.youtube.com/channel/UCMGRXVYg1wMA6e4zTGX-DwQ)▫️[Мапа](https://deepstatemap.live/)▫️[Написати нам▫️](http://t.me/newsDeepStatebot)[Звіти](https://sites.google.com/view/deepstate-donate/report?authuser=0)",,,
13916,"**📍28 ОМБр знищила БМП-3, склад бк та особивий склад ворога на Херсонщині**. Цікаво, що на більшості карт село давно вже деокуповано

deepstatemap.live/#12/46.6163/32.1954

[Магазин](https://deepstateua.shop/)▫️[Твітер▫️](https://twitter.com/Deepstate_UA)[Ютуб](https://www.youtube.com/channel/UCMGRXVYg1wMA6e4zTGX-DwQ)▫️[Мапа](https://deepstatemap.live/)▫️[Написати нам▫️](http://t.me/newsDeepStatebot)[Звіти](https://sites.google.com/view/deepstate-donate/report?authuser=0)",,,
13917,"**📍Завдано удару по ворогу підрозділом Terra на Херсонщині. **[**Відео.

**](https://www.youtube.com/watch?app=desktop&v=LGIlzOXGYKg)deepstatemap.live/#12.25/46.7177/32.2609

[Магазин](https://deepstateua.shop/)▫️[Твітер▫️](https://twitter.com/Deepstate_UA)[Ютуб](https://www.youtube.com/channel/UCMGRXVYg1wMA6e4zTGX-DwQ)▫️[Мапа](https://deepstatemap.live/)▫️[Написати нам▫️](http://t.me/newsDeepStatebot)[Звіти](https://sites.google.com/view/deepstate-donate/report?authuser=0)",,,
13918,"📍**Окупанти видають вулиці окупованої Володимирівки за вулиці Соледару

**Вдалося геолокувати свіже відео МО московії, де вони ""заходять в Соледар"". Але то виявився не Соледар, а село в 9 кілометрах. При чому й назва вулиці, що було засвічено - збігається. Проте це Володимирівка.

deepstatemap.live/#13.25/48.6667/38.2029

[Магазин](https://deepstateua.shop/)▫️[Твітер▫️](https://twitter.com/Deepstate_UA)[Ютуб](https://www.youtube.com/channel/UCMGRXVYg1wMA6e4zTGX-DwQ)▫️[Мапа](https://deepstatemap.live/)▫️[Написати нам▫️](http://t.me/newsDeepStatebot)[Звіти](https://sites.google.com/view/deepstate-donate/report?authuser=0)",,,
13919,"🔥**Друзі, нагадуємо про наш **[магазин](https://deepstateua.shop/)** з фірмовим мерчем від команди DeepStateUA

**😱В нашому асортименті з'явилися - **чашки**. Тепер ранок можна починати з чашки запашної кави, любуючись крутими принтами **DeepStateUA**. Скоріше переходьте за посиланням та обирайте мега-круті чашки😎

📌Посилання на сайт:➡️[Deepstateua.shop](https://deepstateua.shop/)",,,
13920,"**🇫🇮У Гельсінкі демонтували пам'ятник ""Мир у всьому світі"", який СеРеСеРе подарувало Фінляндії у 1990 році

**🏛Пам'ятник планують передати до Художнього музею Гельсінкі, де буде вирішено його подальшу долю.

🤦🏻‍♂️Русня вже зі своєю тупою нелюдською логікою кричить на всю, що **Фінляндія** виступає ""проти миру"", бо зносить пам'ятник з назвою ""мир"".",,,
13921,"📍**Геолокували **[**знищення**](https://t.me/DeepStateUA/13667)** Джевеліном московського танку на південь від Бражківки. Дебільшовизацію провели холодноярівці

**https://deepstatemap.live/#13/49.0133/37.2495",,,
13922,"🔥**З Антонівським мостом прямо зараз нічого не відбувається (перше відео датоване 3 серпня)

**[Магазин](https://deepstateua.shop/)▫️[Твітер▫️](https://twitter.com/Deepstate_UA)[Ютуб](https://www.youtube.com/channel/UCMGRXVYg1wMA6e4zTGX-DwQ)▫️[Мапа](https://deepstatemap.live/)▫️[Написати нам▫️](http://t.me/newsDeepStatebot)[Звіти](https://sites.google.com/view/deepstate-donate/report?authuser=0)",,,
13923,"⚓️**Морську піхоту з тимчасово окупованого Кенігсбергу накрили.** 

🎉Двадцять 200х це успіх.

[Магазин](https://deepstateua.shop/)▫️[Твітер▫️](https://twitter.com/Deepstate_UA)[Ютуб](https://www.youtube.com/channel/UCMGRXVYg1wMA6e4zTGX-DwQ)▫️[Мапа](https://deepstatemap.live/)▫️[Написати нам▫️](http://t.me/newsDeepStatebot)[Звіти](https://sites.google.com/view/deepstate-donate/report?authuser=0)",,,
13924,"🎁**24 ОМБр імені Короля Данила каже, що вміє дуже влучно кидати ВОГи

**[Магазин](https://deepstateua.shop/)▫️[Твітер▫️](https://twitter.com/Deepstate_UA)[Ютуб](https://www.youtube.com/channel/UCMGRXVYg1wMA6e4zTGX-DwQ)▫️[Мапа](https://deepstatemap.live/)▫️[Написати нам▫️](http://t.me/newsDeepStatebot)[Звіти](https://sites.google.com/view/deepstate-donate/report?authuser=0)",,,
13925,"🔥**Доброго вечора, ми з Донецька**.

[Магазин](https://deepstateua.shop/)▫️[Твітер▫️](https://twitter.com/Deepstate_UA)[Ютуб](https://www.youtube.com/channel/UCMGRXVYg1wMA6e4zTGX-DwQ)▫️[Мапа](https://deepstatemap.live/)▫️[Написати нам▫️](http://t.me/newsDeepStatebot)[Звіти](https://sites.google.com/view/deepstate-donate/report?authuser=0)",,,
13926,"♨️**Друзі, мабуть вже всі бачили відео 80-ї бригади, яка уразила з дрона русню 

**🔍Як вже було визначено попередньо OSINT-командою - оркам організували зустріч з ВОГом на території Свято-Іверського жіночого монастиру в Пісках. 

📍Робити висновки, що населений пункт цілком перейшов під контроль московитів - ще рано, тому переводимо частину села в сіру зону. Звіт ГШ зазначає, що Піски тримають, там продовжуються важкі бої, однак ЗСУ продовжує нищити русню та відбивати атаки.",,,
13927,"**🔥Московити публікують фото свого ж Града, якому більше не доведеться воювати

**[Магазин](https://deepstateua.shop/)▫️[Твітер▫️](https://twitter.com/Deepstate_UA)[Ютуб](https://www.youtube.com/channel/UCMGRXVYg1wMA6e4zTGX-DwQ)▫️[Мапа](https://deepstatemap.live/)▫️[Написати нам▫️](http://t.me/newsDeepStatebot)[Звіти](https://sites.google.com/view/deepstate-donate/report?authuser=0)",,,
13928,"🇺🇦**Сьогодні Україна святкує день Повітряних Сил, тож вітаємо всіх причетних.

**🎥Відео: Генеральний Штаб",,,
13929,"📍**В мережі знайшли локацію удару нашими морпіхами по бабуїнах денере в Мар'їнці.** Проте в цій ситуації це не є причиною змін, так як за нашими даними останній час вони часто заходять, їх жмурять, і потім вони знову по колу так. День сурка по-мар'їнські

Загалом про це місто інформації небагато, тому варто розуміти що точності до вулиць там не світить.",,,
13930,"**⛪️Московський піп Георгій Юрчук на Київщині, найнявши охоронну фірму ""Титан"", погрожував розправою голові громади

**Зі слів голови Пісківської громади, даний біс в рясі увірвався у супроводі воєннізованої охорони Титан. Погрожуючи зброєю, примушували до «мирного вирішення» релігійного питання.

Так розуміємо, що охоронна фірма Титан готова всім складом штурмувати Ясинуватську розв'язку і просто соромиться про це попросити Залужного, тому такими діями хоче привернути його увагу.

Просимо звернути увагу ЗМІ -[ пост голови громади](https://www.facebook.com/volodimyr.lutskov/posts/pfbid02qHo3f2g6E9uGFWGWCpwbFi5uZAm1GfknnJgmQCaB4etfg89yTcFrRxu7qVQkeykCl).",,,
13931,"**📍Травневе та Гладосове було зайнято ворогом. У Травневому геолоковано ворога, а жителі Гладосова змогли приїхати в Новолуганськ за гуманітаркою

**https://deepstatemap.live/#13.5/48.4201/38.1264",,,
13932,"**🔥З'явилось відео, як московицький танк переходить в статус безвісти зниклого з допомогою бійців 93-ьої бригади.

**🧐Нам здається, що це не Т-90 як всі пишуть, а Т-80БВМ. Втім, мобілізація диванних експертів у коментарях👇🏻",,,
13933,"👀**Тролінг від Ненсі Пелосі: **__""Коли я була маленькою, мені на пляжі казали: якщо викопати дуже глибоку ямку, то можна дістатися Китаю. Тож я завжди відчувала цей зв'язок…""
__ 
[Магазин](https://deepstateua.shop/)▫️[Твітер▫️](https://twitter.com/Deepstate_UA)[Ютуб](https://www.youtube.com/channel/UCMGRXVYg1wMA6e4zTGX-DwQ)▫️[Мапа](https://deepstatemap.live/)▫️[Написати нам▫️](http://t.me/newsDeepStatebot)[Звіти](https://sites.google.com/view/deepstate-donate/report?authuser=0)",,,
13934,"🔥**Десь на півдні було демілітаризовано БМ-27 ""Ураган"" силами 28-ої окремої механізованої бригади імені Лицарів Зимового Походу**",,,
13935,"[**📃**](https://deepstatemap.live/#8/48.237/35.376)**Зведення по карті за 5 серпня 2022 року

**🔹Підкореговано лінію фронту біля Авдіївки. Так дійсно є виступ за трасу Н-20, саме туди засилають воєнкорів, щоб показати успіхи кацапів. Насправді вони є на висоті звідки видно коксохім, ми спочатку думали що місце те ближче до нього.

🔹Промосковські ресурси заявляють про контроль над Пісками, Гладосовим та Кодемою, проте ми не маємо жодного підтвердження цьому. 

🔻Ситуація в Ольгино незрозуміла достеменно. Є дані, що село насправді було під ніким. Зараз туди знову зайшли кацапи. Якщо хтось знаходиться недалеко від нього - будемо вдячні за інфо.

🔻Французькі та американо-українські аналітики ""звільнили"" Високопілля. Ми іншої думки.

🗯Будьте пильними та вдумливими щодо отримання та поширення інформації. Пам'ятайте, той хто нічого не знає завжди намагатиметься посилатися на власні джерела у структурах чи інші абстрактні речі, щоб лише привернути увагу до себе чи свого ресурсу.",,,
13936,"**🔍Шукаємо будь-яку інформацію про можливого вбивцю українського солдата у Попасній за адресою Нагорна 21. Його було не тільки вбито, а відрізано голову та руки

**До речі, як виявилося виродки, що відрізали геніталії та застрелили нашого солдата, були недалеко від цього місця - у Привільнянському санаторію, що у 40 км від цього місця.

Навряд ці події пов'язані, проте варто розуміти, що атакуюче угрупування ворога на Бахмутській ділянці складається з унтерменшів.

Інфу давати в бот @newsdeepstatebot",,,
13937,"**🇮🇱🇵🇸Удари армії оборони Ізраїлю у відповідь у Секторі Гази, ціллю яких були місця пусків палестинських ракет

**[Магазин](https://deepstateua.shop/)▫️[Твітер▫️](https://twitter.com/Deepstate_UA)[Ютуб](https://www.youtube.com/channel/UCMGRXVYg1wMA6e4zTGX-DwQ)▫️[Мапа](https://deepstatemap.live/)▫️[Написати нам▫️](http://t.me/newsDeepStatebot)[Звіти](https://sites.google.com/view/deepstate-donate/report?authuser=0)",,,
13938,"**🇮🇱🇵🇸Тим часом в місті Дженін ""Ісламський Джихад"" (PIJ) оголосив мобілізацію 

**[Магазин](https://deepstateua.shop/)▫️[Твітер▫️](https://twitter.com/Deepstate_UA)[Ютуб](https://www.youtube.com/channel/UCMGRXVYg1wMA6e4zTGX-DwQ)▫️[Мапа](https://deepstatemap.live/)▫️[Написати нам▫️](http://t.me/newsDeepStatebot)[Звіти](https://sites.google.com/view/deepstate-donate/report?authuser=0)",,,
13939,"**🇮🇱🇵🇸Авіація Ізраїлю продовжує працювати по Сектору Гази

**[Магазин](https://deepstateua.shop/)▫️[Твітер▫️](https://twitter.com/Deepstate_UA)[Ютуб](https://www.youtube.com/channel/UCMGRXVYg1wMA6e4zTGX-DwQ)▫️[Мапа](https://deepstatemap.live/)▫️[Написати нам▫️](http://t.me/newsDeepStatebot)[Звіти](https://sites.google.com/view/deepstate-donate/report?authuser=0)",,,
13940,"**🇮🇱🇵🇸Понад 100 ракет у відповідь на удари по Палестині випустили загони ""Ісламського Джихаду Палестини"" по Ізраїлю із Сектору Газа

**[Магазин](https://deepstateua.shop/)▫️[Твітер▫️](https://twitter.com/Deepstate_UA)[Ютуб](https://www.youtube.com/channel/UCMGRXVYg1wMA6e4zTGX-DwQ)▫️[Мапа](https://deepstatemap.live/)▫️[Написати нам▫️](http://t.me/newsDeepStatebot)[Звіти](https://sites.google.com/view/deepstate-donate/report?authuser=0)",,,
13941,"**🇮🇱🇵🇸Є перші попадання

**[Магазин](https://deepstateua.shop/)▫️[Твітер▫️](https://twitter.com/Deepstate_UA)[Ютуб](https://www.youtube.com/channel/UCMGRXVYg1wMA6e4zTGX-DwQ)▫️[Мапа](https://deepstatemap.live/)▫️[Написати нам▫️](http://t.me/newsDeepStatebot)[Звіти](https://sites.google.com/view/deepstate-donate/report?authuser=0)",,,
13942,"**🇮🇱🇵🇸Армія Ізраїлю готова до атаки з боку Палестини

**[Магазин](https://deepstateua.shop/)▫️[Твітер▫️](https://twitter.com/Deepstate_UA)[Ютуб](https://www.youtube.com/channel/UCMGRXVYg1wMA6e4zTGX-DwQ)▫️[Мапа](https://deepstatemap.live/)▫️[Написати нам▫️](http://t.me/newsDeepStatebot)[Звіти](https://sites.google.com/view/deepstate-donate/report?authuser=0)",,,
13943,"🇮🇱🇵🇸**Нічне шоу починається. Залізний купол працює

**[Магазин](https://deepstateua.shop/)▫️[Твітер▫️](https://twitter.com/Deepstate_UA)[Ютуб](https://www.youtube.com/channel/UCMGRXVYg1wMA6e4zTGX-DwQ)▫️[Мапа](https://deepstatemap.live/)▫️[Написати нам▫️](http://t.me/newsDeepStatebot)[Звіти](https://sites.google.com/view/deepstate-donate/report?authuser=0)",,,
13944,"🇮🇱🇵🇸**Перша відповідь Палестини пішла. «Залізний купол» в дії

**[Магазин](https://deepstateua.shop/)▫️[Твітер▫️](https://twitter.com/Deepstate_UA)[Ютуб](https://www.youtube.com/channel/UCMGRXVYg1wMA6e4zTGX-DwQ)▫️[Мапа](https://deepstatemap.live/)▫️[Написати нам▫️](http://t.me/newsDeepStatebot)[Звіти](https://sites.google.com/view/deepstate-donate/report?authuser=0)",,,
13945,"**🔥53 окрема механізована бригада імені князя Володимира Мономаха** **продемонструвала «жнива» ПТУРистів

**__На відео - чергове ураження зі Стугни__😍",,,
13946,"[💩](https://i.imgur.com/fuCnkCn.png)🇹🇷**Тим часом у Сочі відбулась зустріч верховного пуйла та Ердогана

**🤝За результатами зустрічі було обговорено багато тем у політичній, економічній та комерційній сферах. 

💭__«Результатом діяльності наших делегацій є кроки щодо енергопостачання, експорту сільськогосподарської продукції та зерна Чорноморським шляхом, переговори щодо туризму, транспорту, а також деякі кроки в регіоні. Водночас наша сьогоднішня двостороння зустріч є дуже важливою з точки зору розкриття ролі Туреччини в регіоні» __-** сказав Ердоган опісля зустрічі. 

**💭Також** Ердоган **повідомив, що __«сподівається на особливу увагу щодо Сирії»__, що дозволить __""позитивно вплинути на ситуацію в регіоні"".

__🤷‍♂️У цілому, спостерігається хитра політика** Ердогана**, що намагається всидіти на двох стільцях та про всяк випадок має ще третій. 

🇦🇿🇺🇿🇹🇷Третім у цій ситуації виступає** Азербайджан та Узбекистан** — 2 серпня у Ташкенті МЗС Туреччини Чавушоглу було підписано **""Ташкентську декларацію**"", що передбачає поглиблення дипломатичних та культурних відносин з раніше згаданими країнами (себто, тюрками).

📍Однією з причин підписання цієї декларації є **Зангезурський коридор** — проект транспортного коридору повз Московію (однак через територію Вірменії, яка проти такого сценарію). Наслідки, мабуть, всім очевидні — послаблення впливу московитів. 

☝️Також варто зазначити, що вже давно існує ідея створити **""єдину літературну мову тюркських народів""** і вочевидь під цей критерій більше підпадає саме турецька мова. 

🤷‍♂️Сама ідея була закинута в далекий ящик, однак в теперішніх реаліях та при таких тісних відносинах між цими країнами - чомусь подібному є місце. Це дозволить туркам ще більше розширити власну сферу впливу на регіон, а також додасть значущості у світі. 

**♟Як ж насправді вийде — побачимо з часом.**",,,
13947,"**🇮🇱🇵🇸 В Ізраїлі заявили про ліквідацію Тайсіра аль-Джабарі, польового командира «Сарая аль-Кудс», військового крила угрупування «Ісламський Джихад»

**🔍Було встановлено лігво** Аль-Джабарі, **де той намагався сховатися. **Тайсіра аль-Джабар**і звинувачують у погрозах терактів на території **Ізраїлю.

🇮🇱**Міністр оборони Ізраїлю** Бені Ганц** заявив: __«Нашим ворогам загалом, а також лідерам ХАМАСу та «Ісламського джихаду» я прямо говорю: ваш час обмежений. Загрозу буде усунено так чи інакше».__ ** Було оголошено про призов 25 000 резервістів. 

🇵🇸ХАМАС **в свою чергу заявив: __«Опір захистить наш народ»

__Слідкуємо👀",,,
13948,"**📍Друзі, починаємо наш п'ятничний географічний квест о 20:00

Заходимо і реєструємося - ****https://geoguessr.com/join/3MEN****

**Цього разу буде дві статичні локації, де треба звертати увагу на деталі.

Перші шість місць зможуть стати учасниками нашого OSINT-діалогу, але звісно після верифікації. 

🍺Знаємо, що в нас є учасник що щоп'ятниці грає з пивом, тому його вітаємо з днем пива😁",,,
13949,"**🇮🇱🇵🇸Ще відео ударів від ЦАХАЛу

**[Магазин](https://deepstateua.shop/)▫️[Твітер▫️](https://twitter.com/Deepstate_UA)[Ютуб](https://www.youtube.com/channel/UCMGRXVYg1wMA6e4zTGX-DwQ)▫️[Мапа](https://deepstatemap.live/)▫️[Написати нам▫️](http://t.me/newsDeepStatebot)[Звіти](https://sites.google.com/view/deepstate-donate/report?authuser=0)",,,
13950,"**🇮🇱🇵🇸ЦАХАЛ офіційно розпочав контртерористичну операцію проти терористичної організації Ісламського Джихаду. Операція називається - ""Світанок""

**💥Були нанесені масові удари по **Сектору Гази**. **Ізраль** вже прозвітував про ліквідацію членів організації Ісламського Джихаду. 

🗣О 20:00 Палестина готує заяву, і скоріше за все, за нею послідує відповідь.** Ізраїль** вже готовий до цього, тому були розгорнуті комплекси ""**Залізний Купол""**, відкриті бомбосховища та проходять інформування населення про поведінку під час ракетного обстрілу

Нас чекає щось цікаве👀",,,
13951,"📍**Незаконні збройні формування московської федерації заявили про те, що останній солдат ЗСУ покинув Піски, при цьому зявлено це було між захопленим корівником т.""Скотобаза"", що була на нулі та т. ""Вольво центр""

**Звісно таким заявам віри нема.

https://deepstatemap.live/#16/48.0542/37.6872",,,
13952,"🇬🇧**З приводу виборів у Великій Британії:

**👉За планом вони мали відбутись сьогодні, однак керівництво **Консервативної партії** повідомило про те, що ще не всі виборці отримали бюлетень, як було заплановано **до 1 серпня. 

**🕵🏻‍♂️Водночас за словами спікера центру національної кібербезпеки і**снує загроза кібератак та шахрайства**, тому що процедурою голосування було передбачено можливість змінювати обраного кандидата, що могло б спонукати до спекуляцій. Щоб уникнути цього - було вирішено перенести виборчий процес на кілька днів та провести роботу над цими моментами.

🤔До речі, за останніми інтернет-опитуваннями **Сунак доволі сильно відстає від Трас - 26% на 60%**, що не може не тішити. 

🤷‍♂️На ділі ситуація може бути дещо відрізнятись,** Ріші** намагається просувати методичку ""__все буде гірше!__"", однак **Трас **провела хоч не зовсім успішну, але непогану виборчу кампанію. 

**""The stakes are really high.""**",,,
13953,"🤷🏼‍♀️**Доки ви спали — п'яні москалі на техніці гасали**.

🗺__Білгородщина, район Валуйок__",,,
13954,"[📃](https://deepstatemap.live/#8/48.237/35.376)**Зведення по карті за 4 серпня 2022 року

**▫️Нашим вдалося звільнити Дмитрівку в Ізюмському районі Харківської області та Мазанівку на Донеччині. Дані правки на основі звіту начальника Головного оперативного управління Генштабу ЗСУ Олексія Громова.

▫️На основі звітів ГШ про удари ворога з Пасіки, Богородичне переходить в синю зону. 

▫️Крім того, з'явилося [відео звільненого Дібровного](https://t.me/DeepStateUA/13628), дана подія відбулася дійсно більше тижня тому. Хто був уважний ще тоді помітив уточнення, проте в цілях безпеки село не було позначено синім кольором. 

▫️Громов також підтвердив втрату Семигір'я та бої за Кодему та Травневе. Останнє село частково або повністю окуповано за нашими даними. 

▫️Що стосується найтяжчого на зараз напрямку Авдіївка-Мар'їнка, у ворога можливо є часткові успіхи у Пісках та Мар'їнці, проте візуальних підтверджень цьому немає. Тому змін тут ми не публікуємо, сподіваємося їх тут поки не буде.

▫️Так само на основі даних ГШ про атаки на Білогірку, ми переводимо її в синю зону та розширюємо сіру біля неї, адже вона має прострілюватися нашим гарнізоном на тому плацдармі. 

▫️У нас з'явилося питання по Зарічному та Кам'яному. Якщо хтось знаходиться поруч, то будемо вдячні за уточнення. 

▫️На Харківській та Запорізькій ділянці фронту поки що без змін з нашого боку.

**🔄Оновлення буде доступно за декілька хвилин.**",,,
13955,"😂**Сьогодні московити радують нас смішними відео. Спершу гопака танцювали, тепер вирішили влаштувати перегони.

**🎥Відео: __Анатолій Штірліц__",,,
13956,"[🇲🇰](https://i.imgur.com/Rm6RZ5n.jpeg)**Місцеве Македонське ЗМІ **[повідомило](https://www.mkd.mk/makedonija/politika/makedonija-i-suhoite-i-gi-podari-na-ukraina)**, що за їх інформацією держава передає Україні 4 літаки Су-25. На запит цього ж ЗМІ у Міністерстві оборони країни відповіли, що згодом публічно голосять про прийняті рішення, які жодним чином не впливають на обороноздатність країни. Тобто вони не підтвердили, ні спростували. 

**🪖Цікавою є доля цих літаків. У 2001 після подій з 🇽🇰Косово, албанський сепаратизм перекинувся на територію 🇲🇰Македонії. Албанці там складали близько 20% країни, а ще 10% приїхали з Косово як біженці. Вимоги албанців були федералізація країни та визнання їх мови державною. Радикальні бойовики перейшли кордон з боку Косово. За декілька місяців бойових дій їм вдалось захопити четверте за розмірами місто країни Тетово. А загалом вони стояли за 8 кілометрів від столиці Скоп'є. 

💰Влада країни закупила в нас 30 танків, 20 БТР. За різними даними від чотирьох до шести Мі-8 та від шести до дванадцяти Мі-24. А також чотири штурмовика Су-25. За чутками в Західній пресі, оскільки від Югославії македонцям не дісталось жодної авіації, а пілоти не вміли керувати цими гелікоптерами та літаками, то за їх штурвалами сиділи українці. Офіційно цього Україна не визнавала, а Македонія підтвердила лише одного нашого інструктора в Су-25УБ. 

📝Авіація тоді зіграла вирішальну роль в конфлікті та допомогла зберегти Македонський суверенітет, оскільки в повстанців не було жодних засобів для боротьби з нею. За підсумками Охридської угоди країна лишилась унітарною та з однією державною мовою (албанська все ж стала державною в 2019), проте з обіцянками македонців дотримуватись поліетнічності та прав людини і тому подібного.

📦З 2004 року куплені в України Су-25 були законсервовані та відправлені на зберігання. У 2011 були плани їх модернізувати та повернути в стрій, але до практики цей задум не дійшов. І тепер, через 21 рік після продажу і 18 після консервації вони схоже повертаються на Батьківщину. Як пише першоджерело цієї новини, їх навіть на місці ремонтують українські інженери, тобто до нас мають приїхати не донори для деталей, а готові до використання борти. 

❕Чотири штурмовики звісно не змінюють стратегічної ситуації, але це все ж приємна дрібничка. П'ять днів тому Міністерство оборони Македонії також підтвердило передачу України тридцяти танків Т-72 (саме таку кількість невідомих танків Україна передавала в 2001 до Македонії).",,,
13957,"📷**Нарешті з'явилося відео з Дібровного, що на Харківщині. Холодноярівці з 93-ї продовжують демонструвати високий рівень військової майстерності

**https://www.youtube.com/watch?v=IFIduOAJxJc

Детальніше про це буде у сьогоднішньому зведенні.",,,
13958,🤣**53 ОМБр імені князя Володимира Мономаха навчає московитів у прямому сенсі танцювати гопака.**,,,
13959,"🔺**Увага, почали поширюватися пости, що наші ледве не відійшли з Авдіївки і ""скоро повернуться"". Дана інформація посилається на речника Громова і є перекрученою**.** Додаємо відео і не треба шукати зраду

**В звіті йшлося, що наші покинули [шахту Бутівка](https://t.me/DeepStateUA/13595), ми про це писали раніше, та Семигір'я, про що ми теж повідомили вчора.

Сьогодні оновлення затримується через велику кількість даних, яку доводиться аналізувати. На щастя чи на жаль, ми не ""онолітики"" чи жабоїди з твітера і не малюємо курячою лапою по карті. Хоча нагадуємо, що ми маємо затримку та певні неточності.

Так само й затримується оновлення функціоналу на сайті. Вже пробачайте.",,,
13960,"🔥**Наша команда DeepState продовжує випускати хронологію російсько-української війни 

🎥161-й день війни** вже на нашому **YouTube** каналі. Скоріше переходьте та дивіться.

**▶️**https://youtu.be/MID7JP-i43Y  

✅Не забуваємо [про підписку](https://www.youtube.com/channel/UCMGRXVYg1wMA6e4zTGX-DwQ/)",,,
13961,"**🔥ДРУЗІ! 3 хвилини. Ви неймовірні, необхідна сума зібрана! 

👏🏻Всім дуже дякуємо!**",,,
13962,"**⚡️Друзі, за вашими численними коментарями робимо збір на купівлю планшетів для наших хлопців з аеророзвідки для коригування артилерії, орієнтація на місцевості, робота з картами, управління дронами та зв'язок з іншими командуванням

👏🏻Один** планшет запропонував купити наш підписник, за що ми йому дуже вдячні. Тому залишилося придбати ще два.

📱Плануємо купувати ось таку модель:**Huawei MatePad T10**. Необхідна сума -** 14 000 грн.

📨Здійснити** переказ ви можете через: 

📌сайт https://sites.google.com/view/deepstate-donate/main. Переказ здійснюється через сервіс portmone. Комісія близько 1%, але все йде через захищений протокол сервісу. (👈🏻Т**ут ви можете слідкувати за звітами і бути впевненим, що ваші кошти пішли за відповідним спрямуванням**) 

📌приват `5168755444374546` (Микула Р.) 
📌моно `5375411417067597` (Микула Р.)

📌PayPal: ua_monolit@ukr.net

**🇺🇦Наближаємо нашу Україну до перемоги разом!**",,,
13963,"🇩🇪**Вранці в районі Грюневальд на заході столиці Берліна** [стався вибух](https://www.tagesspiegel.de/berlin/grossbrand-nach-explosion-auf-polizei-sprengplatz-feuerwehr-setzt-im-grunewald-wasserwerfer-ein-keine-loeschhubschrauber-verfuegbar/28573392.html) **на поліцейському складі боєприпасів, внаслідок чого виникла пожежа. Вогонь перекинувся на ліс, полум'ям зайнято близько 15 тисяч квадратних метрів

**[Магазин](https://deepstateua.shop/)▫️[Твітер▫️](https://twitter.com/Deepstate_UA)[Ютуб](https://www.youtube.com/channel/UCMGRXVYg1wMA6e4zTGX-DwQ)▫️[Мапа](https://deepstatemap.live/)▫️[Написати нам▫️](http://t.me/newsDeepStatebot)[Звіти](https://sites.google.com/view/deepstate-donate/report?authuser=0)",,,
13964,"📍**Повертаючись до теми Пісків.** Сьогодні кацапські унтерменші опублікували відео ударів по позиціях в східних околицях селища де було видно перед цим наших, які ховаються в бліндаж. Тому сіра зона зменшена

‼️До уваги журналістів, нагадуємо, що сіра зона не дорівнює захоплена. **Сіра** зона це або бої і ситуація невідома або просто є суперечливі дані, але **це не є захопленням території.**",,,
13965,"**ОНОВЛЕННЯ
**❗️**Друзі, нашим захисникам з передової для роботи аеророзвідки необхідні три планшети

**📱**Параметри:** 
2 планшети на 7 люймів
1 планшет на 10 дюймів
підтримка 4G (треба мобільний інтернет); мінімум 4 ГБ оперативки; памяті на 64-128 ГБ; ну і не вбита батарея, щоб добре працював для ефективного знищення русні😈

❔Можливо у когось є непотрібний і він готовий ним поділитися, щоб не купувати новий і направити кошти на інші потреби

**👉🏻Пишіть нам на нашого бота:**@newsdeepstatebot",,,
13966,"📍**Сьогодні з'явилося повідомлення про загибель двох наших героїв у ближньому бою в районі заводу KНАУФ.** На жаль, даний факт підтверджує просування до околиць Соледару. Хлопці ж нехай спочивають з миром...",,,
13967,"🎉**Московити плачуть, що ліквідована Ольга Качура (Корса)

**🪆Народилась 12 травня 1970 (52 рочки). Встигла залишити на світі сина та доньку, сама за її словами з родини поколінь військових.

🎓Здобула вищу освіту в Донецьку. До лютого 2011 працювала в міліції цього ж міста, відправлена у запас зі званням підполковника. 

🪖За її ж словами, до бойовиків приєдналась в червні 2014. Уперше її ідентифікували в лютому 2015 року під час боїв за Дебальцеве. 

📚У тому ж 2015 в артилерійській академії Санкт-Петербурга пройшла навчання, після чого підвищена до полковника.

📈Починала як навідниця, дослужилась до командира Горлівського дивізіону РСЗО. Неодноразово під її керівництвом здійснювались обстріли мирних міст, від чого гинули мирні жителі. Як [відмічав](https://dn.depo.ua/ukr/dn/volonter-za-cinichnim-obstrilom-novoluganskogo-stoyit-teroristka-korsa-foto-20171218695771) Роман Донік, вона особливо любила під-час релігійних свят наносити удари по мирним мешканцям, це була її ""фішка"". 

🗞Воювала протягом всіх 8 років, аж до своєї кончини. Десятки разів була в сюжетах пропагандистів. Останній раз давала інтерв'ю 1 липня, а 12 про неї зняли мотивуюче відео. Товаришувала з відомим прапагандоном Сладковим, так само як [нещодавно ліквідований](https://t.me/DeepStateUA/13051) комбат «Пуля». За його ж словами, ліквідована в районі Верхньоторецького, коли влучили по її машині.

🏁Казала, що її позивний з італійської означає швидкість. Схоже, наша артилерія допомогла їй скоріше добігти до фінішу.__  

__[🐷Сторінка на Миротворці](https://myrotvorets.center/criminal/kachura-olga-sergeevna/)",,,
13968,"**📍Ворожа артилерія працює в Пісках по позиції ""Республіка міст"". До речі, сюди в 2016 році приїздив тодішній президент Порошенко до бійців 128 бригади

**https://deepstatemap.live/#14/48.0637/37.6829

[Магазин](https://deepstateua.shop/)▫️[Твітер▫️](https://twitter.com/Deepstate_UA)[Ютуб](https://www.youtube.com/channel/UCMGRXVYg1wMA6e4zTGX-DwQ)▫️[Мапа](https://deepstatemap.live/)▫️[Написати нам▫️](http://t.me/newsDeepStatebot)[Звіти](https://sites.google.com/view/deepstate-donate/report?authuser=0)",,,
13969,"**📍Наша артилерія вдарила по ворожому УР-77 ""Метеорит"" у Рубіжному, що на Харківщині 

**https://deepstatemap.live/#14.25/50.1667/36.8230

[Магазин](https://deepstateua.shop/)▫️[Твітер▫️](https://twitter.com/Deepstate_UA)[Ютуб](https://www.youtube.com/channel/UCMGRXVYg1wMA6e4zTGX-DwQ)▫️[Мапа](https://deepstatemap.live/)▫️[Написати нам▫️](http://t.me/newsDeepStatebot)[Звіти](https://sites.google.com/view/deepstate-donate/report?authuser=0)",,,
13970,"**🇹🇼Тайвань також вміє робити гарні ролики 

**🎥Відео від армії Тайваню, що демонструє готовність протистояти** Китаю** у разі нападу

[Магазин](https://deepstateua.shop/)▫️[Твітер▫️](https://twitter.com/Deepstate_UA)[Ютуб](https://www.youtube.com/channel/UCMGRXVYg1wMA6e4zTGX-DwQ)▫️[Мапа](https://deepstatemap.live/)▫️[Написати нам▫️](http://t.me/newsDeepStatebot)[Звіти](https://sites.google.com/view/deepstate-donate/report?authuser=0)",,,
13971,"**📍Лассарду набридло відповідати на +100500 повідомлень з відео про звільнений Святогірськ. 

**Це відео зняте біля чомусь ще існуючого пам'ятника комуністу Артему (`49.029331, 37.573378`), який знаходиться на горі біля знищеного московитами монастиря. Місто тимчасово окуповане.",,,
13972,"📍**Геолоковано ворога в Клиновому. На одному з відео помічено **[Клинівську](https://klinovoe.wixsite.com/school)** ЗЗСО І-ІІ ступенів

**https://deepstatemap.live/#16/48.5547/38.1598

[Магазин](https://deepstateua.shop/)▫️[Твітер▫️](https://twitter.com/Deepstate_UA)[Ютуб](https://www.youtube.com/channel/UCMGRXVYg1wMA6e4zTGX-DwQ)▫️[Мапа](https://deepstatemap.live/)▫️[Написати нам▫️](http://t.me/newsDeepStatebot)[Звіти](https://sites.google.com/view/deepstate-donate/report?authuser=0)",,,
13973,"📍**По сиутації в Пісках поки можемо підтвердити лише взяття корівника на нулі 

**https://deepstatemap.live/#15/48.0574/37.6832

[Магазин](https://deepstateua.shop/)▫️[Твітер▫️](https://twitter.com/Deepstate_UA)[Ютуб](https://www.youtube.com/channel/UCMGRXVYg1wMA6e4zTGX-DwQ)▫️[Мапа](https://deepstatemap.live/)▫️[Написати нам▫️](http://t.me/newsDeepStatebot)[Звіти](https://sites.google.com/view/deepstate-donate/report?authuser=0)",,,
13974,"**🇹🇷Міністерство оборони Туреччини опублікувало кадри огляду першого суховантажу із зерном

**[Магазин](https://deepstateua.shop/)▫️[Твітер▫️](https://twitter.com/Deepstate_UA)[Ютуб](https://www.youtube.com/channel/UCMGRXVYg1wMA6e4zTGX-DwQ)▫️[Мапа](https://deepstatemap.live/)▫️[Написати нам▫️](http://t.me/newsDeepStatebot)[Звіти](https://sites.google.com/view/deepstate-donate/report?authuser=0)",,,
13975,"🇪🇪**В Естонії поблизу електростанції Аувере (Нарва) демонтували радянський брухт

**За ініціативою місцевої компанії гаубицю забрали у військовий музей. У місцевих московитів вже палає😁",,,
13976,"[▪️](https://upload.wikimedia.org/wikipedia/commons/thumb/9/9c/Buk-M1%2C_Kyiv_2018%2C_44.jpg/1280px-Buk-M1%2C_Kyiv_2018%2C_44.jpg)**І до хороших новин: цього вечора наші Повітряні Сили поставили новий рекорд по збитим крилатим ракетам рашистів

**- Командування Повітряних Сил ЗСУ заявило, що сьогодні увечері росіяни випустили одразу 8 крилатих ракет типу Х-101 чи Х-555 із стратегічних бомбардувальників типів Ту-95МС та Ту-160. 

Із восьми ракет збито 7. Тобто – ефективність уже порядка 80%, і це ще західні ЗРК не надійшли.

Інша важлива деталь – що із 7 збитих ракет шість були збиті саме за допомогою зенітно-ракетних комплексів. Бо РЛС іноді можуть не «побачити» повітряну ціль типу «крилата ракету рашистів» з довжиною фюзеляжу лише 5 метрів та розмахом крил в 2 метри, тому потрібно підіймати у повітря Су-27 чи МіГ-29. 

Також за відкритими джерелами можемо встановити, що одразу 4 із 7 збитих ракет наша ППО «приземлили» взагалі над Миколаївщиною.

Восьма крилата ракета рашистів, на жаль, влучила по нашому ЗРК на Львівщині. Але тут насправді історія двояка. 

Бо з однієї сторони, для нас кожен ЗРК – буквально на вагу золота. З іншої сторони, КР типу Х-101 з боєголовкою масою 400 кг, що здатна взагалі нести ядерну боєголовку, призначена для ураження більш важливих цілей – наприклад, стратегічні об’єкти чи транспортна інфраструктура. На ЗРК «цілять» ракети «дрібнішого» типу. 

Фото ілюстративне. Автор тексту:[ Іван Киричевський](https://www.facebook.com/permalink.php?story_fbid=1980486118820793&id=100005782715338)",,,
13977,"⚠️**Друзі, ви цілий день питаєте нас чому на нашій мапі не відображаються пожежі. Дякуємо за уважність!

**😟На жаль, сьогодні сайт NASA FIRMS, з якого ми збираємо дані, недоступний. Ми ніяк не можемо на це вплинути і не знаємо коли буде відновлено його роботу.

☝️Щойно його роботу буде відновлено — шар пожеж автоматично запрацює.",,,
13978,"**Сьогодні довший, ніж зазвичай пост 

**📍**Ми геолокували відео присутності ворогів на добреукріплених позиціях на шахті Бутівка.** Це одна з найвідоміших позицій на фронті під час війни в період 2014-2015 року. 

Це підтверджує і ГШ:
__Окупанти вели штурмові дії у напрямку Мінеральне – Авдіївка.

__**▪️Критична ситуація і в Пісках**, яку примикають до Донецького аеропорту. Зі слів одного з оборонців із Запорізької бригади по ним випущено за добу 6500 снарядів. І [за його словами](https://www.facebook.com/hnezdilovs/posts/582406596884661) ситуація не контрольована. З того що нам вдалося дізнатися з відео русні - просувань в Пісках немає. Є думка, що кацапи зайняли десь першу лінію оборони. 

ГШ про це пише так:
__На напрямку Донецьк – Піски ворог має частковий успіх.

__**▪️Схоже що є просування і в бік траси до Соледару, а також часткова чи повна втрата Семигір'я.** Мати частковий успіх атакуючи Кодему з Відродження, маючи спиною наврядчи будуть, тому Семигір'я буферне село в цій зв'язці. 

З повідомлення ГШ:
__Всі спроби просування противника у напрямках Роти – Вершина, Володимирівка – Яковлівка, Клинове – Зайцеве та Покровське – Бахмут успішно відбито. Окупанти з втратами відійшли назад.
У напрямку Відродження – Кодема окремі підрозділи ворога мають частковий успіх.__",,,
13979,"🇨🇳**Міністерство національної оборони Китаю у відповідь оголосило, що проведе військові навчання у вказаних областях із 4 по 7 серпня. **[Червоні зони](https://xhpfmapi.xinhuaxmt.com/vh512/share/10996526)** вказані як безпольотні

👀**Це загроза повного блокування повітряного та морського простору з боку Китаю

[Магазин](https://deepstateua.shop/)▫️[Твітер▫️](https://twitter.com/Deepstate_UA)[Ютуб](https://www.youtube.com/channel/UCMGRXVYg1wMA6e4zTGX-DwQ)▫️[Мапа](https://deepstatemap.live/)▫️[Написати нам▫️](http://t.me/newsDeepStatebot)[Звіти](https://sites.google.com/view/deepstate-donate/report?authuser=0)",,,
13980,"🇹🇼**Жителі Тайваня вийшли на зустріч Пелосі в синьо-жовтих масках

**[Магазин](https://deepstateua.shop/)▫[️Твітер▫️](https://twitter.com/Deepstate_UA)[Ютуб](https://www.youtube.com/channel/UCMGRXVYg1wMA6e4zTGX-DwQ)▫[️Мапа](https://deepstatemap.live/)▫[️Написати нам▫️](http://t.me/newsDeepStatebot)[Звіти](https://sites.google.com/view/deepstate-donate/report?authuser=0)",,,
13981,"**🇨🇳Китай засудив візит Пелосі на Тайвань**. Поки це вся реакція👀

[Магазин](https://deepstateua.shop/)▫️[Твітер▫️](https://twitter.com/Deepstate_UA)[Ютуб](https://www.youtube.com/channel/UCMGRXVYg1wMA6e4zTGX-DwQ)▫️[Мапа](https://deepstatemap.live/)▫️[Написати нам▫️](http://t.me/newsDeepStatebot)[Звіти](https://sites.google.com/view/deepstate-donate/report?authuser=0)",,,
13982,"**🔥🛬Пелосі виходить з літака

**👀Тим часом китайці досі роблять останнє китайське попередження

[Магазин](https://deepstateua.shop/)▫️[Твітер▫️](https://twitter.com/Deepstate_UA)[Ютуб](https://www.youtube.com/channel/UCMGRXVYg1wMA6e4zTGX-DwQ)▫️[Мапа](https://deepstatemap.live/)▫️[Написати нам▫️](http://t.me/newsDeepStatebot)[Звіти](https://sites.google.com/view/deepstate-donate/report?authuser=0)",,,
13983,"**🔥🛬Літак Пелосі приземлився на Тайвань

**[Магазин](https://deepstateua.shop/)▫️[Твітер▫️](https://twitter.com/Deepstate_UA)[Ютуб](https://www.youtube.com/channel/UCMGRXVYg1wMA6e4zTGX-DwQ)▫️[Мапа](https://deepstatemap.live/)▫️[Написати нам▫️](http://t.me/newsDeepStatebot)[Звіти](https://sites.google.com/view/deepstate-donate/report?authuser=0)",,,
13984,"🇹🇼🛬**До посадки літака Пелосі залишилося 1-2 хвилин

**В цей час повідомляється, що китайські винищувачі СУ-35 летять в сторону Тайванського регіону 

[Магазин](https://deepstateua.shop/)▫️[Твітер▫️](https://twitter.com/Deepstate_UA)[Ютуб](https://www.youtube.com/channel/UCMGRXVYg1wMA6e4zTGX-DwQ)▫️[Мапа](https://deepstatemap.live/)▫️[Написати нам▫️](http://t.me/newsDeepStatebot)[Звіти](https://sites.google.com/view/deepstate-donate/report?authuser=0)",,,
13985,"**🇹🇼Тайванське телебачення повідомляє про введення в країні другого рівня бойової готовності

**[Магазин](https://deepstateua.shop/)▫️[Твітер▫️](https://twitter.com/Deepstate_UA)[Ютуб](https://www.youtube.com/channel/UCMGRXVYg1wMA6e4zTGX-DwQ)▫️[Мапа](https://deepstatemap.live/)▫️[Написати нам▫️](http://t.me/newsDeepStatebot)[Звіти](https://sites.google.com/view/deepstate-donate/report?authuser=0)",,,
13986,"**🇹🇼Ненсі Пелосі майже долетіла до острова. Чекаємо на розвиток подій👀

**[Магазин](https://deepstateua.shop/)▫️[Твітер▫️](https://twitter.com/Deepstate_UA)[Ютуб](https://www.youtube.com/channel/UCMGRXVYg1wMA6e4zTGX-DwQ)▫️[Мапа](https://deepstatemap.live/)▫️[Написати нам▫️](http://t.me/newsDeepStatebot)[Звіти](https://sites.google.com/view/deepstate-donate/report?authuser=0)",,,
13987,**🇹🇼Сайт МЗС Тайваню - всьо**,,,
13988,"**🇨🇳🇹🇼Повідомляється про танки НВАК в провінції Фуцзянь

UPD**: Це скоріше танки армії Тайваню: **M60A3** **(CM-11)**, який стоїть у них на озброєнні. Тайвань теж готується😎

#Останнє_китайське_попередження

[Магазин](https://deepstateua.shop/)▫️[Твітер▫️](https://twitter.com/Deepstate_UA)[Ютуб](https://www.youtube.com/channel/UCMGRXVYg1wMA6e4zTGX-DwQ)▫️[Мапа](https://deepstatemap.live/)▫️[Написати нам▫️](http://t.me/newsDeepStatebot)[Звіти](https://sites.google.com/view/deepstate-donate/report?authuser=0)",,,
13989,"**🇨🇳🇹🇼Повідомляється про завантаження бронетехніки-амфібій частин НВАК на десантні кораблі в провінції Фуцзянь

**#Останнє_китайське_попередження

[Магазин](https://deepstateua.shop/)▫️[Твітер▫️](https://twitter.com/Deepstate_UA)[Ютуб](https://www.youtube.com/channel/UCMGRXVYg1wMA6e4zTGX-DwQ)▫️[Мапа](https://deepstatemap.live/)▫️[Написати нам▫️](http://t.me/newsDeepStatebot)[Звіти](https://sites.google.com/view/deepstate-donate/report?authuser=0)",,,
13990,"✈️**Якийсь прямо літак судного дня з бабусею на борту. Ну чекаємо

**Приєднуйтесь - https://www.flightradar24.com/SPAR19/2ce4f83f",,,
13991,"**🛫Літак Ненсі Пелосі SPAR19, який використовувався для перельоту з США до Сінгапуру та Малайзії вилетів з Куала-Лумпура — поки що назад у бік Сінгапуру. 

**🤷🏻‍♂️Але невідомо, чи є вона у цьому літаку — її делегацію також супроводжує** SPAR20.** За заявами **Білого Дому**, якщо **Пелосі** буде летіти на **Тайвань**, то це буде військовий літак **Збройних Сил США

**[Магазин](https://deepstateua.shop/)▫️[Твітер▫️](https://twitter.com/Deepstate_UA)[Ютуб](https://www.youtube.com/channel/UCMGRXVYg1wMA6e4zTGX-DwQ)▫️[Мапа](https://deepstatemap.live/)▫️[Написати нам▫️](http://t.me/newsDeepStatebot)[Звіти](https://sites.google.com/view/deepstate-donate/report?authuser=0)",,,
13992,"**🇨🇳🇹🇼На пляжах найближчої до Тайваню провінції Фуцзянь починає накопичуватися військова техніка армії Китаю

**👀Скоріше схоже на демонстрацію сили ніж на реальну, нагадуємо, морську висадку

[Магазин](https://deepstateua.shop/)▫️[Твітер▫️](https://twitter.com/Deepstate_UA)[Ютуб](https://www.youtube.com/channel/UCMGRXVYg1wMA6e4zTGX-DwQ)▫️[Мапа](https://deepstatemap.live/)▫️[Написати нам▫️](http://t.me/newsDeepStatebot)[Звіти](https://sites.google.com/view/deepstate-donate/report?authuser=0)",,,
13993,"**🇹🇼🇺🇸Цікаво, що Ненсі Пелосі вже робила погоду з історією візиту на Тайвань ще 30 років тому

**🛫У 1991 році під час [поїздки в Пекін](https://twitter.com/SpeakerPelosi/status/1136052504742027265?ref_src=twsrc%5Etfw%7Ctwcamp%5Etweetembed%7Ctwterm%5E1136052504742027265%7Ctwgr%5Ec1434388e6a8fcd9a5cc9e58aca2cd9d5983351e%7Ctwcon%5Es1_&ref_url=https%3A%2F%2Fwww.bbc.com%2Fnews%2Fworld-asia-china-62343675) з делегатами Конгресу **Пелосі** та два інших конгресмени відлучилися від офіційного візиту та відвідали площу** Тяньаньмень** ( через два роки після придушення великомасштабних протестів у** Пекіні** китайським урядом). Там при включених телекамерах були підняті плакати і викладені квіти на честь загиблих демонстрантів. 

👀Витівка **Пелосі **в той день закінчилася для **глави офісу CNN** в **Пекіні **арештом. Про це **Майк Чиной** писав в своєму [Твітері](https://twitter.com/mikechinoy/status/1552827710476795905?ref_src=twsrc%5Etfw%7Ctwcamp%5Etweetembed%7Ctwterm%5E1552827710476795905%7Ctwgr%5Ec1434388e6a8fcd9a5cc9e58aca2cd9d5983351e%7Ctwcon%5Es1_&ref_url=https%3A%2F%2Fwww.bbc.com%2Fnews%2Fworld-asia-china-62343675) та статті [Foreign Policy](https://foreignpolicy.com/2022/07/26/nancy-pelosi-taiwan-china-relations/)",,,
13994,"📍**Геолоковано чмонь на південь від Яковлівки, які ведуть штурмові дії в бік Соледару

**https://deepstatemap.live/#13.5/48.6878/38.1768

Геолокував один із осінтерів, ліва локація виявилася не з легких.

[Магазин](https://deepstateua.shop/)▫️[Твітер▫️](https://twitter.com/Deepstate_UA)[Ютуб](https://www.youtube.com/channel/UCMGRXVYg1wMA6e4zTGX-DwQ)▫️[Мапа](https://deepstatemap.live/)▫️[Написати нам▫️](http://t.me/newsDeepStatebot)[Звіти](https://sites.google.com/view/deepstate-donate/report?authuser=0)",,,
13995,"**📍""Степовики"" із 17 ОТБр ім. Пестушка опублікували **[світлини](https://www.facebook.com/17otbr/photos/pcb.116938131086189/116938001086202/)** удару по московитським недобиткам в Архангельському

**Чому саме ""степовики""? Бо бригада носить ім'я керманича холодноярської ""Степової дивізії"", який і мав псевдо ""Степовий"". 

🔥**В степах України має панувати 17 ОТБр!

**https://deepstatemap.live/#14.25/47.4283/33.4049

[Магазин](https://deepstateua.shop/)▫️[Твітер▫️](https://twitter.com/Deepstate_UA)[Ютуб](https://www.youtube.com/channel/UCMGRXVYg1wMA6e4zTGX-DwQ)▫️[Мапа](https://deepstatemap.live/)▫️[Написати нам▫️](http://t.me/newsDeepStatebot)[Звіти](https://sites.google.com/view/deepstate-donate/report?authuser=0)",,,
13996,"**🇹🇼**[🇺🇸](https://s.mind.ua/img/forall/a/202450/77.jpg?1659250897)**Щодо візиту Ненсі Пелосі на Тайвань

**🧐Ми не беремося робити передчасні заяви та стверджувати, що **Пелосі** завтра прибуде на острів о конкретній годині пити чай з представниками влади. Чому?

🤷🏻‍♂️Ніхто окрім самої **Пелосі** не знає, чи полетить вона на острів. 

🔸**Білий Дім** у своїх заявах не володіє інформацією про точні плани спікера, зазначаючи, що офіційних даних щодо візиту у них немає, але вислолює позицію, що кожен представник влади **США** може вільно відвідувати **Тайвань** за бажанням. 

🔸Держсекретар** США Ентоні Блінкен** у своїй заяві зазначив, що рішення, чи наносити візит на Тайвань, речник палати представників **США Ненсі Пелосі **прийматиме сама і уряд не може втручатися в роботу Конгресу. Це показує нам, що і вони не до кінця мають позицію щодо візиту.

❔Про візит і плани заявляють тільки ""__джерела з уряду Тайваню__""

👀Єдине, що нам відомо - що 82-х річна** Ненсі Пелосі** поставила на вуха цілий світ, змусила всіх учасників ринку електроніки пустити краплю поту на лобі, поставила дибки весь держдеп США, які продумують кожну секунду наслідків візиту і вивела пару авіаносців китайців вплав. Але точні факти візиту ми зможемо побачити завтра, так само як і наслідки. Про все інше вважаємо доречним - утриматися

[Магазин](https://deepstateua.shop/)▫️[Твітер▫️](https://twitter.com/Deepstate_UA)[Ютуб](https://www.youtube.com/channel/UCMGRXVYg1wMA6e4zTGX-DwQ)▫️[Мапа](https://deepstatemap.live/)▫️[Написати нам▫️](http://t.me/newsDeepStatebot)[Звіти](https://sites.google.com/view/deepstate-donate/report?authuser=0)",,,
13997,"✈️🇹🇼**Спостерігаємо за рухом цивільної авіації в небі над Тайванем, і помітили, що цивільна авіація якось дивно оминає південний берег острова.

**🤔Цивільна авіація це досить публічна сфера тому усі обмеження одразу відображаються в NOTAM. 
На час написання допису сигналів небезпеки через NOTAM зареєстровано не було.

🌩Наступний чинник, який може впливати на маршрути цивільної авіації, це погодні умови, тому ми одразу зазирнули на погодні радари. Результат накладання маршрутів польоту літаків і погодного радару ви бачите на фото — **літаки оминають грозовий фронт**.",,,
13998,"🇺🇸**Член Палати Представників США Еліса Слоткін **[заявила](https://www.kyivpost.com/russias-war/us-ready-to-provide-ukraine-with-atacms-long-range-missiles.html)**, що в Конгресі існує двопартійна підтримка рішення про надання Україні оперативно-тактичних ракет ATACMS дальністю до 165-300 км

**💬""Обидві партії в Конгресі США підтримують відправку в Україну ракет великої дальності ATACMS, які можуть вражати на відстані понад 280 кілометрів."" — заявила Еліса.

☝️Зверніть увагу, що це **не означає** існування остаточного рішення про надання таких засобів ураження Україні, як розійшлося в ЗМІ, а лише означає **підтримку** такого рішення Конгресом, що безперечно створює політичний тиск на адміністрацію США для прийняття такого рішення.

ℹ️__Ракети ATACMS для HIMARS/M270 існують в декількох модифікаціях з максимальною глибиною ураження від 165 до 300 км. Які саме ракети нам можуть надати — питання відкрите.__",,,
13999,"🪦**Бабуїни за присутності їх вожака Пєніса Душиліна відкрили в порту Маріуполя меморіальну дошку чотирьом морякам, які за інформацією з цієї ж дошки 8 травня **[загинули](https://t.me/DeepStateUA/12552)** на катері «Раптор» у цьому славетному місті. 

**🧐Цікавим тут є те, що один московицький «Раптор» дійсно [був атакований](https://t.me/DeepStateUA/11009) в Маріуполі, але це сталось 22 березня. До того ж, він лише отримав пошкодження та двох поранених. А от 7-8 травня цілих два катери цього типу були знищені байрактаром поблизу острова Зміїний.

🤷🏼‍♀️Виходить, що московити вирішили замовчувати ""жест доброї волі"" ніби їх там ніколи і не було, замість цього у них ""герої"" з'являються в ""асавабаждьонном"" Маріуполі.",,,
14000,"**❓Що таке у зведеннях ГШ ЗСУ ""район населеного пункту""

**До ознаки ""район населеного пункту"" відносять всю територію навколо н.п. Якщо пишуть, що ""в районі н.п. Солодке здійснено авіаційний наліт на наші сили"", а потім ще й ""в цьому районі ми завдали ураження ворогу"" — то це не означає що це все відбулося в Солодкому, яке має площу в 1 км кв. Натомість його околиці, складають більше 200 кв км і тут є де розігнатися.

[Магазин](https://deepstateua.shop/)▫️[Твітер▫️](https://twitter.com/Deepstate_UA)[Ютуб](https://www.youtube.com/channel/UCMGRXVYg1wMA6e4zTGX-DwQ)▫️[Мапа](https://deepstatemap.live/)▫️[Написати нам▫️](http://t.me/newsDeepStatebot)[Звіти](https://sites.google.com/view/deepstate-donate/report?authuser=0)",,,
