Index,Post,Trans,Label,Type
36001,"‼️🇷🇸🏴‍☠️ Армия Сербии скапливает силы у границы, Косово подаст заявку на вступление в Евросоюз уже 15 декабря
▪️""Мы готовы вывести Косово на новую траекторию. ЕС никогда не будет полным без Западных Балкан"", – заявил вице-премьер главарь албанских боевиков Косово Бесник Бислими.
Он верит, что Косово может стать членом Евросоюза до 2030 г. Но 5 членов ЕС до сих пор не признают независимость образования: Испания, Кипр, Греция, Румыния и Словакия.
3-й день идут протесты косовских сербов из-за беззаконного ареста экс-полицейского серба, албанские боевики угрожают применить силу для разгона баррикад, но пока  поссыкивают не решаются. 
▪️Министр обороны Сербии прибыл в Рашку, инспектируя готовность сосредоточенных на юге войск.
▪️Президент Александр Вучич заявил, что обратится к миротворцам НАТО с просьбой о вводе контингента сербской полиции и армии в Косово и Метохию.
▪️Албанские спецназовцы боевики избили 12-летнего мальчика в Косовской Митровице в районе Бошнячка. Ребёнка остановили для обыска и без всяких причин нанесли ему несколько ударов, сломав руку.",,,
36002,"Польша хочет Украину без украинцев 

Американский «Национальный демократический институт» (NDI), совместно с «Международным республиканским институтом» (IRI), являющиеся структурой «Национального фонда за демократию» (NED) США, финансируемой из федерального бюджета ЦРУ заказали польским подрядчикам социологическое исследование на тему: «Как относятся поляки к украинцам».

В результате установлено, что __полякам нужен Львов, Ужгород, Карпаты, но они на дух не переносят украинцев (к русским относятся лучше). Поляки не собираются забывать о преступлениях бандеровцев, которые вырезали десятками тысяч женщин и детей. Один из трагических эпизодов – «Волынская резня». Кроме того, украинцы отбирают у поляков значительный объём социальной помощи.

💤__Они их и раньше терпеть не могли, просто приходится закрывать глаза! Но Волынь они свиньям точно припомнят,  как только западная часть станет частью Польши. Я в этом вообще не сомневаюсь!",,,
36003,"⚡️Срочно⚡️Ранен первый замглавы Херсонской области Виталий Булюк⚡️

Булюк был ранен в результате подрыва автомобиля в городе Скадовск. Сейчас он находится в тяжёлом состоянии в больнице Симферополя.

Вероятно, сработала мина направленного действия. **

**По словам министра здравоохранения Херсонской области Вадима Ильмиева, водитель автомобиля погиб на месте. 

Подробности уточняются.",,,
36004,"Бизнес по-хохлячьи.

В продаже появился кусок металла на верёвочке с гербом террористического государства. Стоимость этого символа ""стойкости""  5 тыс. гривен (9.300₽). 

Наживаются даже на своих ""героях"".",,,
36005,"**💢****💢****💢****Словакия готова передать Украине свои истребители МиГ-29, приготовления для этого могут начаться в ближайшие недели, - заявил глава МИД страны Растислав Качер**",,,
36006,"‼️‼️‼️Лукашенко распорядился, что делать с оставленными иностранцами предприятиями в Беларуси:** помашите им рукой и перекреститесь**",,,
36007,"**‼️🇺🇸🇷🇺 Олимпийский комитет США выступает за участие россиян в Олимпийских играх 2024 г. в Париже, - глава USOPC 

**""Это, может быть, неприятно осознавать, но недопуск россиян отбрасывает нас назад, их возвращение действительно важно для (олимпийского) движения. При этом мы по-прежнему поддерживаем народа Украину и её спортсменов. США поддерживают поиск возможностей вернуться к соревнованиям для спортсменов, которые тренировались для этого всю свою жизнь, но мы категорически против того, чтобы они вернулись под национальным флагом, в то время как их страны находятся под санкциями"", цитирует Сюзанну Лайонс Wall Street Journal.

💤**Зачем нам это унижение? Может нас ещё под пиратским флагом заставят выступать?**",,,
36008,"**Чёрные трансплантологи приехали в тыл ВСУ просто посмотреть

💤А потом Оксанкам приезжают Мыколы набитые соломой 😂**",,,
36009,⚡️**Новая порция пленных укропов**,,,
36010,**‼️Главы МИД ЕС опять не смогли согласовать 9-й пакет санкций против России**.  В результате проект вернули на рассмотрение постпредов стран Евросоюза,,,
36011,"**СБУ расстреляла в Бериславе (Херсонская область) 20 человек, сотрудничавших с Россией, готовит постановочную съемку с их телами для провокации **- сообщают РИА новости.

Берислав был оставлен ВС РФ в результате перегруппировки месяц назад",,,
36012,"**У России осталось ракет на три-пять больших атак по Украине. В месяц их промышленность производит около 40, — ГУР Украины.**

💤🤡",,,
36013,"**Захарова расплакалась во время интервью.

**Официальный представитель МИД России не смогла сдержать слез в ходе чтения стихотворения Владимира Высоцкого, которое стало текстом его песни «Мы вращаем Землю»",,,
36014,"‼️Харьковская область, Украина, декабрь 2022.

Косплей переходит на новый уровень, вместо жалких белых крестов из баллончика, на технику уже наносят классические кресты вермахта.",,,
36015,"‼️🇷🇺🇺🇸**Российским дипломатам в США не позволили возложить цветы к могилам советских граждан, погибших на Аляске

**Церемонию возложения цветов к могилам советских летчиков и моряков, погибших в 1942-1945 годах и похороненных на военно-мемориальном кладбище Форт-Ричардсон, планировалось провести 10 декабря в рамках служебной поездки наших дипломатов. Однако, местные власти без объяснения причин не разрешили сотрудникам российского посольства посетить захоронения и отдать почести павшим согражданам.

💤Аляску в родную гавань )",,,
36016,"**Американские СМИ заявляют, что по данным американских правительственных источников:
**[ ](https://t.me/joinchat/S4sxJSIf8aYwNjQy)
1. Иран поставит в Россию большое кол-во различных баллистических ракет.
2. Иран поставит в Россию 6000 различных беспилотников.
3. Иран окажет содействие в создании завода по производству дронов в Татарстане.
4. Россия продаст Ирану истребители Су-35",,,
36017,"Армия Сербии приведена в полную боевую готовность. 


Косовский спецназ зашел в край в нарушение всех договоренностей. 
У сербов сейчас есть шанс вернуть свои территории. 

Посмотрим, что будет. Как сказал Темнейший, если драка неизбежна, бей первым. 

История уже не раз доказывала, что когда нужно воевать — лучше воевать, а не отступать. 

💤Удачи братьям!",,,
36018,Тем временем в бомжатнике 404.,,,
36019,**💤Какую задачу блять вы выполнили??? Похоронили нахуй больше тысячи своих свиней??? Ублюдочные тупые хохлы блять**,,,
36020,"Комментарий 93-ой бригады хохлов которые находятся там с начала лета

**Если коротко то они сьебывают**",,,
36021,"⚡️**Украинская ПВО не сможет сбивать баллистические ракеты из Ирана, — представитель ВВС Украины Юрий Игнат
**[ ](https://t.me/joinchat/S4sxJSIf8aYwNjQy)
""__Ни ""Искандеры"", ни ракеты С-300, ни иранские ракеты мы сбивать не сможем.  Баллистика на сегодняшний день недоступна для сбития средствами ПВО, которые есть у нас на вооружении. Поэтому, если Иран передаст России значительное количество своих ракет это будет очень большой проблемой для нас__."", — сказал Игнат.",,,
36022,"‼️‼️‼️
**Это как же оскотинила западная и либеральная пропаганда подобных людей, просто невероятное и идеальное засирание мозга - тут можно только поаплодировать, работа на 10 из 10. С утра до вечера, на протяжении 30 лет пичкали народ фильмами про непобедимых американских морпехов, морских котиков, командосов, всяких рэмбо и чакчак норисов. А другие создавали вшивые газетенки, ютуб-аналы и паблики в ВК, где восхваляли западное оружие. **

Исходя из вышесказанного у подобных пациентов полностью отсутствует логика и критического мышление, на фоне этого вырисовывается уверенность в том, что армия НАТО, которая воевала всегда с заведомо слабыми противниками, но которым в большинстве случаев проигрывала - **является сильной**! А вот армия России, которая воюет в меньшинстве ограниченным контингентом, против миллионной армии хохлов, наемников со всего западного мира и натовским лендподлизом - **является слабой**.

За последние несколько десятков лет западные войска, то и дело опездюливались. Вспомним Кореи, Вьетнамы, Ираки, Афганистаны и тд, где у пендосов случился инфаркт очка и позорные поражения. Где блять, где? Где хоть одна серьезная победа над серьезным противником? Все эти победы только в кино. Это вот они втопчут нашу армию? За 2 недели? 

Даже диктатор из маленькой Северной Кореи ссыт им на лица и клепает ядерные ракеты, а они только и могут, что выражать обеспокоенность. А Иран так ваще неоднократно обстреливал американские базы в Ираке и Сирии - американцы просто проглатывали это. Возьмем даже недавнее событие, где якобы вдарили ракетами по территории Польши, опять тишина, все забыли и простили. Кого там втоптали за две недели? Они боятся и чувствуют свою слабость! Иначе давно бы уже напали

Я прошу вас выкинуть из башки пропитанные вражеской пропагандой мозги и немного подумать. Если НАТО вступит с нами в войну, то на этом их история закончится навсегда и они это прекрасно понимают",,,
36023,"**Переговоры Зеленского сигнализируют о суматохе вокруг Украины — **Reuters**.

**«Зеленский провел в воскресенье переговоры с президентом США Джо Байденом. А также с лидерами Турции и Франции, активизировав дипломатическую активность вокруг российско-украинского конфликта», — пишет агентство. 

Журналисты отметили, что такое накопление дискуссий всего за один день — необычное явление",,,
36024,"**💢****ВСУ подорвали мост на северных окраинах Артемовска. **

Фронт уже приблизился к северо-восточным окраинам города, поэтому противник подрывает оставшуюся инфраструктуру.",,,
36025,"**‼️‼️Хохлы нанесли удар из химарсов по общежитию в Сватово и уже радуются в своих помойках, что уничтожили базу ЧВК ВАГНЕР**
**
На самом деле, в этом доме проживали мирные люди, обычные строители. Есть погибшие...**",,,
36026,"У ВСУшника потек чердак на фоне того что скоро русская армия их всех уничтожит и в его голове что то сломалось 😂

**💤Хохлы тестируют новые бпла, Хохол-лiтак 😂**",,,
36027,"**Одесситы заряжают телефоны в одном из супермаркетов города**

В Одесской области сейчас самая сложная ситуация с электроснабжением.",,,
36028,"**Дохлый свиновоин, так и сдох рядом с обоссаной тряпкой.**",,,
36029,**Минус два питуха**. **Самоликвидировались**.,,,
36030,Очередные хохлы дембеля возвращаются до дому 😄,,,
36031,"**‼️🇺🇸🏴‍☠️ В боях с армией России уничтожена наёмница из США
**Ребекка Мациоровски родилась 26 января 1994 г. в Ноксвилле, Теннесси. Летом отправилась на чужую войну на Украину на стороне украинских нацистов. Подробности её ликвидации пока неизвестны.
__❗️Информация проверена и подтверждена американскими источниками.__",,,
36032,"🇷🇺🇮🇷В Москву на переговоры с Шойгу прибыл заместитель начальника Генштаба ВС Ирана бригадный генерал Азиз Насирзаде. Ранее Насирзаде командовал ВВС Ирана.
Считается одним из потенциальных кандидатов на пост главы генштаба Ирана в случае ухода Багери.

По линии ВС наш персидский гость курирует вопросы перевооружения ВВС Ирана (можно предположить обсуждение тематики покупки Су-35). Само собой у России безусловно есть интерес к иранским дронам и баллистическим ракетам.",,,
36033,"🇽🇰🇷🇸 **Обстановка накаляется: на баррикадах в Рударе слышна стрельба и над Рударом пролетают вертолёты KFOR**

В некоторых районах Косовской Митровицы прозвучали взрывы гранат.",,,
36034,"⚡️🇷🇸🇽🇰Вучич допускает массовые провокации со стороны боевиков на севере Косово

Сербские источники сообщают о том, что косовские добровольцы могут переодеться в форму сербского спецназа для осуществления провокаций в северных районах непризнанной республики.

⚡️🇬🇧Великобритания потребовала «немедленного» сноса сербских баррикад в Косово",,,
36035,"Шизоид Невзоров с каждым новым постом в своем вонючем канале, приближает день, когда его тупую голову расколет ледоруб

**💤Наклейку наклеил втихаря тупорылый хохол. Как только администрация заметила это, стойку моментально убрали.
Хохлы пидоры. 
Невзоров не человек!
У нас всё.**",,,
36036,"🇷🇸**Сербия запросит у НАТО разрешение ввести войска в Косово - Вучич**

Президент страны пообещал обсудить вариант с вводом миротворческой миссии НАТО в Косово, чтобы разместить там сербские войска и подразделения полиции.

**💤Да-да-да, конечно...**",,,
36037,"💢💢💢
🇷🇸🇽🇰💥Сербские источники сообщают что в Косовской Митровице, в районе Бошнячка махала, слышен сильный взрыв",,,
36038,**💤Неужели у Вучича яички увеличились??**,,,
36039,"⚡️**В сторону административной линии с Косово и Метохией движется спецназ.

****⚡️****Сербы готовы к любому приказу — президент Вучич 

«Никогда со времен распада Югославии у нас не было подобного настроя в полиции и армии, где люди готовы отдать себя на службу своей стране. Они готовы к какому угодно приказу. И за это я им благодарен и горжусь ими», - заявил сербский лидер на Совете по национальной безопасности.**",,,
36040,"🇷🇸⚡️Вучич призвал сербов и албанцев в Косове и Метохии сохранить мир

⚡️США и Приштина не соблюдают **ни одного** достигнутого соглашения по Косово — Вучич

⚡️Сегодня, вероятно, будет самый тяжелый вечер в моей истории — президент Сербии Вучич

⚡️«Они [Запад] создали монстра 23 года назад. Завершили его создание в 2008-м году. Мы не строим баррикады из прихоти или потому, что нам нравится мерзнуть. Это выражение протеста из-за арестов, издевательств над людьми и невыполнения Брюссельских соглашений. Пускай нам наши американские партнеры скажут, какой правовой акт они с Приштиной уважают. Хотя бы один назовите. Они соблюдают только «договоренности», которые им все позволяют, пока они хотят и сколько хотят». — Вучич

⚡️МИД Сербии тем временем заявил, что ситуация в Косово приближается к точке невозврата",,,
36041,"**⚡️****Турция окажет гуманитарную помощь Украине для преодоления «тяжелой зимы» - Эрдоган**

**💤Че, продолжать будете ездить отдыхать в Турцию?**",,,
36042,"**Одна из легендарных боевых машин группировки V - танк ""Арес"" под управлением Героя России Руслана Курбанова.

**Первые дни спецоперации он вспоминает постоянно. Уже 25 февраля экипаж Ареса оказался во вражеском окружении в 60 километрах от Киева. Тогда танковый взвод 40-й бригады морской пехоты Тихоокеанского флота штурмовал аэропорт Гостомель. В критической ситуации Руслан взял командование взводом на себя и помог прорвать оборону противника.

«Мы нанесли им существенный урон. Это та часть биографии, когда мы уничтожили 36 единиц техники противника и 80 украинских националистов. Это было в тот момент, когда мы находились в окружении», - вспомнил Курбанов.

Ценой тяжелого ранения командир танкового взвода задачу выполнил. После возвращения в строй Руслан вместе со своим взводом еще раз сделал невозможное, но уже в ЛНР. Когда всего 60 человек выбили больше сотни украинских боевиков с высоты, которую те держали на протяжении последних восьми лет",,,
36043,В Куеве из-за перегруза взорвался очередной трансформатор,,,
36044,"**Пушистые усатые российские диверсанты отключают Starlink на Украине.

**Коты забираются греться на спутниковые тарелки и прерывают обмен данными между подразделениями ВСУ.",,,
36045,"Пожар в районе донецкого рынка ""Маяк"" после удара украинских РСЗО.",,,
36046,"💤**Крайне забавно наблюдать, как любое ЧП в нашей стране, у свиней сопровождается окончанием себе на лицо и воплями про «перемогу» 🤡 **

**Как жизнь пидоры? Не холодно? Телефоны успеваете заряжать от генераторов? 🤣**",,,
36047,"**🇺🇦🏴‍☠️Страшные кадры из Донецка, где ублюдки хохлы ебаные не прекращают ежедневно обстреливать город.**",,,
36048,**🇷🇺****Когда на блокпосту стало скучно 😂**,,,
36049,"**🇺🇦💡 В каком состоянии энергетическая система Украины спустя 2 месяцев систематических ударов — разбор Рыбаря

**10 октября ВС РФ нанесли первый массированный удар по объектам энергетической инфраструктуры Украины. Команда **Рыбаря** объясняет, в каком состоянии энергосистема Украины находится спустя два месяца ударов.

**🔻Куда били?

**В конце ноября сработал накопительный эффект.** Ограниченные удары** в отдельных регионах начали приводить к отключениям **по всей стране**. 

Основной целью была выбрана **распределительная сеть**, а не объекты генерации. На подстанциях выводились из строя трехфазные **автотрансформаторы 330/110 кВ**  и однофазные автотрансформаторы 750/330 кВ. 

Попутно поражались высоковольтные выключатели, линейные разъединители, трансформаторы тока и напряжения. 

В отдельных __редких__ случаях наносились удары по **общеподстанционным постам управления** (ОПУ) и тепловым электростанциям.

**🔻Огневое поражение действительно было системным?

**Несмотря на кажущуюся странность, удары можно условно разделить на пять логически взаимосвязанных этапов:

**▪️ 1 этап: **удары по узловым высоковольтным подстанциям.
✅ Возможность проанализировать последствия для всей системы и затраченное время для восстановления.

▪️ **2 этап: **удары по подстанциям в крупных городах и зданию «Укрэнерго» для ограничения диспетчерского управления.
✅ Временные трудности и ввод графиков веерных отключений.

▪️ **3 этап: **изоляция трёх оставшихся АЭС от энергосистемы страны. 
✅ Аварийно остановлены **Хмельницкая АЭС** и один энергоблок **Ровенской АЭ**С. Центр и запад остались без электроснабжения. Ужесточены графики отключений.

▪️ **4 этап: ** удары по ОРУ крупных электростанций и самим электростанциям, повторные удары по узловым подстанциям.
✅ Временный коллапс энергосистемы, острый дефицит генерации электроэнергии. Импорт электроэнергию из **Польши** и **Румынии**. Постоянные внеплановые аварийные отключения.

▪️5** этап:** методичное выбивание оставшихся подстанций и электростанций, которые тянут на себе электроснабжение потребителей по всей стране.
✅ Продолжается сейчас. Результаты видно на примере ударов по **Одессе**, **Киеву** и **Сумам**. Похожее происходит во **Львовской** и **Днепропетровской** областях.

**🔻Хорошо, но ведь всё можно восстановить?

**На Украине резервы кончились, собственное производство в **Запорожье** давно остановлено. 

Несмотря на пиар-акции с передачей второстепенного  оборудования, никто реально сейчас** не может **поставить высоковольтные автотрансформаторы (за исключением единичных из Литвы и, возможно, Болгарии с Румынией).

Даже в случае переориентации европейской промышленности на нужды Украины, первых __единичных __поставок придётся ждать __минимум __полгода.

**🔻Получается, на Украине сейчас полный коллапс?

**Не совсем.

Сейчас принимают меры для защиты наиболее важных точек. На уцелевших объектах идёт строительство заграждений. Наращивается ПВО. 

**🔻Значит, энергосистема частична цела?

**Увы, да. 

Восстановительные работы ведутся из-за непонятного __гуманизма__ со стороны ВС РФ. Если бы удары были нанесены не по силовому оборудованию, а по постам управления, то восстанавливать** было бы нечего**.                                                                                                            

Удар по ОПУ с разрушением здания приведёт к** выводу подстанции из строя**. Кроме того, нужно лишить Украину возможности** генерировать электроэнергию.

🔻А какой практический эффект сейчас?

**Обсуждается идея перевести страну на отдельные «острова», питаемые ближайшей электростанцией. Урон снизил управляемость энергосистемы и приводит к многочисленным авариям.

Пострадала **Молдавия**, поскольку основные электростанции находятся в **Приднестровье**. 

Рассматривается вариант импорта электроэнергии из Европы и привлечение плавучих турецких электростанций.

**❗️Но точка невозврата уже пройдена**. 

Да, состояние энергосистемы __ещё позволяет __снабжать критически важные производства и железнодорожный транспорт. Но чем дальше, тем больше всё идёт вразнос. 

Поэтому удары необходимо **продолжать**.‼️",,,
36050,"Ублюдок Шольц обвинил Россию в жестокости по отношению к террористам в Чечне и Сирии.

При этом назвал Чечню ""страной"".",,,
36051,"**В Небе над оккупированной ВСУ Константиновкой был сбит украинский Ми-8.

💤Надеюсь пилоты в плену!!!**",,,
36052,"🔥🔥🔥🔥🔥🔥🔥🔥🔥🔥🔥🔥

Победа будет за нами!🔥",,,
36053,"🇺🇦🏴‍☠️**Под Артёмовском украинцы пачками поступают в госпитали

💤Нахуй он хохла вонючего кетчупом поливает?😂**",,,
36054,"**🇦🇹**** В Вене сегодня митингующие требовали от властей прекратить антироссийские санкции и остановить помощь Украине. 

**Когда люди увидели, что экономика страны падает, то жалость к хохлам куда-то пропала. Теперь австрийцы хотят сохранить нейтралитет страны.",,,
36055,"Просто воины-десантники на передовой слушают «От героев былых времён…» …

💤вот это связь времён !!",,,
36056,"**💤я в октябре еще говорил про то что нацбаты делают из всушников смертников, заваривают люки в танках. Вот тому подтверждение!**",,,
36057,**Выше Беркута никто не летает.**,,,
36058,"💢💢💢**СРОЧНО

Над Белорусью отменяют полеты‼️‼️‼️‼️**",,,
36059,**💤Короче официально: Бандера пидарас! Зафиксировали!**,,,
36060,"‼️🇷🇺🇺🇸**Российским дипломатам в США не позволили возложить цветы к могилам советских граждан, погибших на Аляске****

Церемонию возложения цветов к могилам советских летчиков и моряков, погибших в 1942-1945 годах и похороненных на военно-мемориальном кладбище Форт-Ричардсон, планировалось провести 10 декабря в рамках служебной поездки наших дипломатов. Однако, местные власти без объяснения причин не разрешили сотрудникам российского посольства посетить захоронения и отдать почести павшим согражданам.**",,,
36061,"Украинские интернет-магазины предлагают нанесение на одежду картинки: Русский ребенок на завтрак! 

💤Пиздец просто…",,,
36062,🇷🇺🇷🇺🇷🇺,,,
36063,❗️Буквально только что укроублюдки обстреляли дома в центре Донецка из градов. Никаких военных объектов там нет - очередное военное преступление‼️‼️‼️‼️,,,
36064,"Я так понимаю что ВСУки начали применять новые ракеты HIMARS с увеличенной дальностью полета до 140км. 

А если это так и есть то нам нужно принимать меры повышения ударов по противнику и обороны выше установленных. 

Линия фронта на данном участке не была приближена к Мелитополю и можно с уверенностью сказать, что были поставлены ракеты с повышенной дальностью.",,,
36065,**⚡️Казаки под Кременной взяли в плен ВСУшника**,,,
36066,"⚡️В Одессе света может не быть 2-3 месяца из-за атак РФ — Департамент систем жизнеобеспечения и энергоэффективности Одесской ОГА

Жителям Одессы предлагают переехать в другие регионы.
 
Собственно, ""Герани"" успешно доделали работу за крылатыми ракетами.

**💤Приплыли петухи**",,,
36067,"🇺🇦Жители пригородов Харькова требуют киевский режим дать нормальное отопление или понизить тарифы на коммунальные услуги. 

Температура во многоквартирных домах города Змиев (на юге Харькова) сейчас 13-15 градусов. В этом месяце владельцы квартир на 40 квадратных метров получили квитанции по 2300 гривен за отопление при средней зарплате по Харькову в 10-12 тысяч гривен.

**💤Все нормально! Срите в пакеты и жгите дома костры! Средневековье ваше всё!**",,,
36068,"**💤Вы сначала соберите своих вояк наемышей ёбаных дохлых, а то земли удобряют нахуй никому не нужные!!!**",,,
36069,"‼️Генсек НАТО не исключил перерастания событий на Украине в войну между альянсом и РФ

**💤Давай говно ебаное!!!! Ты думаешь мы испугались??? Разъебем вас собак бешеных и ваши дома себе заберём!!!!!**",,,
36070,"**‼️💥Серия взрывов в Мелитополе: Враг нанёс удар американскими HIMARSами, убиты мирные жители

**Горит ресторанный комплекс на базе отдыха «Привал охотника». Пожарные борются с огнём и пытаются вытащить людей из под завалов. Сообщается о раненых и убитых мирных жителях.",,,
36071,Работа с АГС по противнику!,,,
36072,"Из Запорожской области выдворили двух жителей за дискредитацию властей РФ

**💤А потом они полупились в дупы в еуроусраине!😂**",,,
36073,"**СЛЫШУ ZOV 
ЕБАТЬ ХОХЛОВ**",,,
36074,"**‼️🇷🇺🇮🇷Ось зла сформирована. Иран планирует предоставить России сотни баллистических ракет для ударов по Украине! - истерика в офисе Зеленского

**«Ось зла сформирована. Иран планирует предоставить России сотни баллистических ракет, зная, что их используют для войны в Европе. Россия помогает Ирану военными (ядерными?) технологиями для того, чтоб поджечь Ближний Восток», - заявил представитель офиса президента Украины М. Подоляк.

**💤не по душе вам будут новенькие Иранские подарочки, ой не по душе!**",,,
36075,"**🇧🇬🤝🇷🇺Сегодня в болгарской Софии прошел марш в поддержку России с российскими флагами и песнями. Демонстранты вспомнили слова царя Бориса Гитлеру: «Я не могу послать армию на Восточный фронт, потому что мой народ — русофилы».**",,,
36076,"**‼️****‼️****‼️****СРОЧНО 

CNN сообщает, что Белоруссия начала перемещать военных и технику вдоль украинской границы**",,,
36077,**Свинарник-мигильрик.Хохлы спят После встречи с Российской артой.**,,,
36078,"Жилье для украинских беженцев в немецком Гамбурге.

Мало того, что богов, сошедших с небес собираются селить в прицепы, так ещё и Z на них нарисовали.

💤морозильные контейнеры для свиней 🤣🤣🤣🤣🤣🤣🤣",,,
36079,"Кретин, вернувшись с фронта, зарезал жену и двоих детей, потому что увидел цвета российского флага на надувном батуте. 

Вот с этими анацифалоидами мы воюем.

💤Надо им  с самолета засыпать все поверхности открытками с нашими флагами, пусть перережут друг друга.",,,
36080,"⚡️Сотрудники Офиса Зеленского приехали в Херсон **презентовать новую марку «Укрпочты».

💤**Клоуны , у них страну пшеки хотят раздербанить, а они марки про Херсон презентуют 😁😁😁😁",,,
36081,"**‼️🇺🇦🏴‍☠️""Всех убьём!"" - Украинские нацисты в Херсоне уничтожают имущество людей, обвиненных в сотрудничестве с Россией.**
__""Это коллаборант, ребята. Это пид*расы, которые помогали России. Думали, что они навсегда тут останутся. Всех, б*ть, убьём, нах!""__",,,
36082,"🏀🇺🇸**Баскетболистку Бриттни Грайнер обвинили в США в поддержке российской армии

**«__Находясь в русской тюрьме Грайнер шила форму для российских военных.  Да, это так принято у русских, что заключённые шьют форму для военных. Но это не нормально для гражданки США. Это помощь преступному режиму__», - обвинил спортсменку конгрессмен США **Джейми Раскин**.

**Недавно в аэропорту Абу-Даби американку Грайнер, осужденную в России за наркотики, обменяли на россиянина Виктора Бута. В 2012 году в США Буту дали 25 лет тюрьмы за «контрабанду оружия».**",,,
36083,"**🇩🇪Немецкие журналисты с телеканала ""Welt"" решили выйти в прямой эфир с улиц Москвы, но что-то пошло не так.**",,,
36084,"**🇦🇿🇺🇦🇷🇺 Азербайджан отправил Украине 45 силовых трансформаторов и 50 генераторов, — МИД Азербайджана.

****💭****Новые братушки у хохлов, все топят против нас, ахуенно...**",,,
36085,"🇲🇩**Фрагмент со стрима Некоглая. 

Десятки тысяч малолеток теперь промываются его антироссийской пропагандой. Как и ожидалось.

💤Забрали кормушку у хуесоса, жаль всё-таки что только сбрили брови, всё-таки на бутылке ему было бы удобнее.**",,,
36086,"Нет, это не мужик, это американская **баскетболистка, на которую обменяли Виктора Бута**. 

💤А что если это мужик ??",,,
36087,"Если кто не в курсе, с чем связано возмущение ВСУшников на фронте, то покажем наглядно: режим Зеленского перешёл к открытым гонениям на Украинскую православную церковь.

Пока ещё все ограничивается обысками. Однако это лишь подготовка к отжатию церквей и арестам деятелей православной веры на Украине. Антихристианская власть не остановится на достигнутом.

Чтоб вы понимали масштаб гонений, только в одной Харьковской области СБУ наведались уже в 14 храмов.",,,
36088,"**‼️🇺🇦🏴‍☠️ ВСУшники в шоке от гонений режима Зеленского на православие и записывают обращения с фронта
**Всё больше украинских военных говорят, что не понимают, за что им дальше воевать, если власти посягают на самое святое",,,
36089,"🔞18+ 

**Новинка на Харьковских рынках : собаки. 
Ищите своих хероев , в борще или гарнире!**

__Хохлы всё сожрут, собак, ампутированные конечности побратимов.

💤Сказать что я не в ахуе, не сказать ничего__",,,
36090,"**❌ В Одессе блекаут!**

 🔴ДТЭК сообщает, что отключили электричество всем абонентам, за исключением объектов критической инфраструктуры.",,,
36091,🇺🇦🏴‍☠️**Украина** при помощи в том числе западного оружия **пытается сровнять Донецк с землей** — Небензя,,,
36092,"‼️‼️‼️ХОХЛЫ И ХОХЛУШКИ ПОДПИСЫВАЮЩИЕСЯ НА НАШ КАНАЛ. ИНФА ДЛЯ ВАС!

**Специально для вас мы выкладываем пачки дохлых и гниющих уебанов, с целью того что бы вы нашли своих братьев/мужей/детей. Полистайте канал, может найдёте своих. Кстати че там, за уничтоженных нами Хохлов, вам выплачивают хривны?😂**",,,
36093,"Позывной у этого чудо «Эльф» с элиты ССО «НАВОЗ». 
Он кричал о том как он будет всех убивать, по итогу наши парни наказали его, прострелив ему желудок. Теперь всю жизнь пюрешки будет кушать через трубку.",,,
36094,"**Фейк:** Пожар в ТЦ «Мега Химки» вызван атакой украинского дрона. Об этом сообщил на своем телеграм-канале пропагандист-иноагент Александр Невзоров.

**Правда:** Следствием установлено, что возгорание в торговом центре было вызвано сварочными работами, которые не были организованы надлежащим образом. В результате пожара, распространившегося на площадь более 17 тысяч квадратных метров, погиб один человек. Никаких дронов в Химках замечено не было. Даже украинские источники, старающиеся использовать любой повод для раскрутки «успехов» ВСУ, ничего не заявляли об атаке БПЛА в Химках, ввиду слишком явной фантастичности этой версии.

Бывший россиянин, а ныне гражданин Украины Александр Невзоров неоднократно становился автором фейков. Он делал вбросы о якобы готовящимся изменении уголовного законодательства на новых территориях РФ, об участии в СВО лиц, осужденных за тяжкие преступления, о том что российские врачи избивают своих пациентов и многие другие.

**💤Какая же вонючая мерзкая гадина. Наша команда от всей души желает поскорее подохнуть не господину Невзорову**‼️",,,
36095,"**Генсек НАТО** **Столтенберг предупредил, что спецоперация в Украине может выйти из-под контроля.

__«__**Боюсь, что спецоперация в Украине выйдет из-под контроля и перерастет в большую войну между НАТО и Россией__», –__ сказал генсек Альянса без уточнений.",,,
36096,"**‼️****‼️****‼️****СРОЧНО

****💤****Наши парни стягиваются к нулю! 


**💢**Скоро начнётся!**",,,
36097,**💤Концерт на канале 😄**,,,
36098,"**Украинки не хотят возвращаться на Украину**

У украинок, что уехали в европы и америки спрашивают, вернутся ли они на родину после «победы» Украины.

Все как одна говорят **НЕТ**. Таких комментов намного больше, чем на скринах. 

💤**П — ПАТРІОТИ, П — ПЕРЕМОГА**
🤣🤣🤣
**Ясен хуй в этот бомжатник никто не хочет возвращаться😂 на родине она будет полы драить, а в европах и америках можно пиздой приторговывать и нормально жить, а Мыколы пусть дохнут дальше да ЛГБТ и ебание в жопы 😂**",,,
36099,Польша готовится к эвакуации украинцев😉😁😁,,,
36100,"⚡️⚡️Украина должна ударить ракетами по высшему руководству России, заявил депутат Верховной рады Роман Костенко.

«Постепенно мы будем увеличивать и дальность, и поражения во время охоты этим неизвестным оружием за российскими ракетоносцами. А после этого в перспективе, я думаю, мы будем дотягиваться до тех, кто отдавал приказы, кто сидел в этих самолетах, кто выполнял эти преступные приказы. И это также будет еще частью истории нашего государства», - заявил Костенко журналу «Новое время».

**💤Пока мы признаём и не трогаем власть этих ублюдков, они уже начинают разгонять на полном серьёзе и такое. Турция, газ, нефть, это конечно всё круто, но нахуй оно нужно, если мы теряем время и нашего врага накачивают всем миром? Пора кончать уже с этими фашистскими выродками‼️**",,,
36101,"**Какие же хохлы ебанутые ублюдки. Их почему то не жалко совсем, когда они пачками мрут как тараканы от Русского оружия!**",,,
36102,"**Два пшека и ебучий амер!**

**Возвращаются с «сафари» домой 😂**",,,
36103,"Сын главаря УПА Юрий Шухевич подох 22 ноября в Мюнхене и отправился к своему батьке в ад, его тело возят по Украине уже 18 дней, сейчас оно во Львове, а завтра будет зарыто в землю. 

**💤Ебать у него харю скривило. Кстати подох он в муках. Заслуженно, жаль что так долго жил!**",,,
36104,"Когда Илья Яшин был молодым, а все смотрели ТВ, Илюша любил ездить в Киев и выступать на ТВ шоу.
Сейчас он говорит много разных слов, дескать никаких нацистов на Украине нет и это ""кремлёвская пропаганда"", но Мы всё помним.
2008 год.

**💤Интернет всё помнит. Ты мудак недавно буквально орал что на Украине нет фашизма. Получается ты пидарас и пиздабол??**",,,
36105,"**Иностранцы в твитере отреагировали на заявление Меркель.

Хохлы уже записали её в агенты Кремля, но информационная бомба взорвалась там, где её не ожидали.**",,,
36106,**💢****Ой а что это у нас тут происхоооодит сейчас?****😄**,,,
36107,"🇹🇷 #Турция Президент Турции в ходе переговоров с главами Туркмении и Азербайджана на следующей неделе собирается обсудить идею поставок туркменского газа в Европу в обход России.

📍Речь идёт о том, чтобы поставлять газ в танкерах в Азербайджан через Каспийское море, а после через трубопровод поставлять в Турцию и дальше распределять по европейским газопроводам. 

📍Реализация предложения Эрдогана может занять годы, но в перспективе европейскому рынку может быть интересен альтернативный поставщик.",,,
36108,"💢💢💢💢💢💢💢💢💢💢**
💤Вот посмотрите что эти выблядки делали с мирными жителями. Судя по салатовым шортам это совсем не военный. Просто мирный житель. Как так можно было издеваться над человеком а потом просто зверски его убить. И после всего этого кто то считает что у этих падонков нет фашизма??? Мы уничтожим каждую фашисткую мразь, которая как раковая опухоль обвила Украину!**",,,
36109,Защитники хуевы. Свиньи ублюдские!,,,
36110,"**Снова прилеты по Ворошиловскому району. Бульвар Шевченко, Улица 50-летия СССР. Прямое попадание в девятиэтажку, горят машины.**",,,
36111,"💢💢💢**Свиноублюдки продолжают хуярить по мирным в центре Донецка!!!!
На Школьном бульваре в центре города горит несколько частных домов и автомобили.**

**💤Пиздец блять какие мрази, нелюди!!!!!!**",,,
36112,"🇷🇺**Путин, комментируя слова Меркель о том, что Минские соглашения были нужны только как отсрочка для Украины, задал риторический вопрос: Как и с кем сейчас договариваться?

Получается что европейские партнёры Россию банально кинули, потеряв после этого доверие и статус партнёров.

Европа перестала быть договороспособной, нарушив не только букву, но и дух дипломатических договорённостей.

Россия должна перейти к языку ультиматумов, жёстко обозначая свои интересы и требования. Только так.**",,,
36113,"**💢****💥****Враг ударил ""Градами"" по центру Донецка
Украинские террористы в 19:59 выпустили по центру столицы ДНР 20 ракет из РСЗО «Град», сообщают власти.**",,,
36114,"**🇹🇷🇷🇺🇺🇦У меня будут телефонные переговоры с господином Путиным в воскресенье. Точно также с господином Зеленским — Эрдоган

💤О чем с тобой можно говорить двуличная мразь**",,,
36115,"**‼️🇺🇦🏴‍☠️Мать убитого ВСУшника на коленях умоляет захватчика из ПЦУ дать отпеть сына и не отбирать храм

**__""Если вы верите в Бога, на коленях вас прошу, оставьте церковь, дайте сына отпеть!""

__Мать погибшего под Артёмовском украинского боевика на коленях умоляет захватчика из раскольнической секты ПЦУ не отбирать у УПЦ храм до субботы, чтобы она могла отпеть сына по православному обряду.

💤Бог оставил эту страну, им уже ничего не поможет",,,
36116,"⚡️**Украина не будет ни у кого спрашивать разрешения на удары по территории РФ**, — об этом заявил секретарь Совбеза Украины Алексей Данилов. 

Данилов подчеркнул, что зоной «интересов» Украины является вся территория РФ

💤Данилов тоже из КВН ?",,,
36117,"❗️СВО идет своим чередом, все стабильно, никаких вопросов и проблем у нас там нет — Путин",,,
36118,"⚡️Срочно⚡️ВСУ отводят войска из Соледара в Славянск⚡️

По поступающим разведданным командование неонацистов планирует отвод подразделений в Славянск для перегруппировки. Для этого туда направлены киевское подразделение «Айдара» в составе 53-й механизированной бригады ВСУ и 112-я бригада территориальной обороны Киева. 

Отход связан с катастрофическими потерями ВСУ по линии Северск-Соледар-Бахмут.

Между тем о полном выводе войск из Соледара на данный момент говорить нельзя: в городе остаются части 53-ей отдельной механизированной бригады, 71-ой егерской бригады и остатки 65 бригады ТрО ВСУ.",,,
36119,⚡️Полетел отвозить подарок всушникам,,,
36120,"На кадрах последствия прилета» ракеты РСЗО HIMARS c боевой частью, начиненной вольфрамовыми шариками в количестве **182 000 штук**.

Тяжелые поражения присутствуют в основном в незащищенных областях. Это попадание в бок и область подмышки выше зоны прикрытой камербандом бронежилета. 

Боец уже выписался из госпиталя.",,,
36121,"Денис Букалов сделал послу Польши подарок, который очень быстро стер улыбки с лица организаторов выставки. Поляку вручили картину с изображением уничтоженных советских памятников, в напоминание о том, какую любовь испытывают поляки ко всему русскому.

Кшифштоф Краевский прибыл в Иркутск, чтобы посетить организованную по инициативе Ген. консульством Республики Польша выставки «Из Польши с любовью».  Во время выставки организаторы раскланиваясь и улыбаясь подарили послу картины, но в стороне не остались и простые жители Иркутска. «Цинизм польских официальных лиц не знает границ! На нашей земле они предлагают не предавать забвению совместную историю, а на своей земле они сносят наши памятники. За последние годы в Польше уничтожено более 425 советских монументов!»

💤ИРКУТСК СПАСИБО!!!",,,
36122,"⚡️ **Илью Яшина приговорили к 8,5 годам тюрьмы** за «фейки» о ВС РФ.

Также ему запретили на 4 года после освобождения администрировать интернет-ресурсы (в том числе и выкладывать что-либо в соцсети). 

Справедливо?

🤬 - Да, даже мало дали!

👎 - Нет

🖕 - Я даже не знаю кто это

💤Наконец-то этот кусок дерьма присудили!",,,
36123,"**‼️🇺🇦💡В Одессе пенсионеры с плакатами «4 дня без света» вышли на протест

**В городе одна из самых напряженных ситуация с электроэнергией на Украине, без света целые районы, многие дома находятся без воды и отопления. При этом Одесса обладает большей протестной активностью, чем другие города. Вчера жители также перекрывали дорожное движение в городе из-за отсутствие электричества на протяжение 5 дней.

💤А чего они 2 мая 2014 года не выходили никуда?",,,
36124,"🔥 **Доллар - всё 
**Лукашенко о будущем торговли",,,
36125,⚡️__В Госдуму будет внесен проект о наказании вплоть__ **до пожизненного лишения свободы за содействие диверсионной деятельност**и — __Пискарев__,,,
36126,"**❗️Соледар, обязательно к просмотру.**

👉Казаки 6-го Казачьего полка разносят бронетехнику и живую силу противника. Точными попаданиями Казачьей артиллерии видно уничтожение бронетехники и живой силы противника. Техника горит, нацисты бегут.",,,
36127,"**""Не дай Бог, вы еще решите зайти к нам. Вся казахстанская степь будет усыпана трупами ваших мобиков"".**

Гражданский активист провокатор и русофоб из Казахстана Арман Шураев ответил послу рф, который обвинил жителей республики в радикальном национализме и русофобии.

**💤Ты же пидарас первый съебешься в Грузию на самокате.!**",,,
36128,"Г.Пермь ,автомойка  и кафе . Видео от подписчика ,который зафиксировал  “`интересные”`названия ви-фи  


Эти подпольные  свиньи-партизаны в России никого так и не заинтересуют???????!!!!

💤 ВАЙФАЙ В КАФЕ  ул .Давыдова ,9.",,,
36129,"‼️🇷🇺🎖**Сегодня Россия празднует День Героев Отечества

**Наша страна всегда был полна славными воинами, которые готовы защитить её, рискуя своей жизнью. Из бесчисленного множество подвигов соткана российская история, на них зиждется наша государственность. Поздравляем всех причастных к этому замечательному Празднику, тех, кто выполняет трудную работу в это непростое время!

 💤СЛАВА ВЕЛИКОЙ РОССИИ 🇷🇺
      СЛАВА ГЕРОЯМ РОССИИ 🇷🇺",,,
36130,"‼️Укр источники пишут, что поставки западного вооружения и боеприпасов резко сократились, из-за отказа Зеленского реализовывать Вашингтонские договоренности, которые навязывают США. Все это привело к тому, что ВСУ вынуждено обороняться и собирать резервы на одном направлении, для возможного контрнаступления.",,,
36131,"Сотрудник администрации Байдена по **утилизации ядерной энергетики США** спиздил два чужих чемоданчика за две недели, пишут американские СМИ

Первый случай произошёл две недели назад в аэропорту **Миннеаполиса**, а сейчас он опять спиздил багаж другого пассажира, но уже в **Лас-Вегасе 

💤Вы просто посмотрите на эту мерзость !!!!!**",,,
36132,"В то время пока секретарь СНБО Данилов даёт прогнозы о захвате Крыма весной этого года , Люся Арестович начал что-то подозревать . Советник офиса президента Украины заявил, что российские войска усилили давление на вооруженные силы Украины по всей линии фронта. По его словам, Киев вынужден обороняться. Он добавил, что украинским военными на фронте сейчас «не очень весело», указав на то, что солдаты ВСУ прекратили все наступательные действия.
**На земле по всей линии фронта сейчас фаза оперативно-тактического давления российских войск. Они интенсифицировали усилия. Донецкий фронт — особенно.

💤**Они просто разную наркоту употребляют. Одного чуток отпустило, а второй пока в нирване....",,,
36133,**💤Ну значит будем продолжать ебать вас как собак бешеных. В итоге на майдане будете в петлях висеть от своего же народа! Уебаны тупорылые**,,,
36134,"🇺🇸🇺🇦🏴‍☠️**США не запрещают Украине использовать американское оружие против Крыма. Киев не согласится на мирное соглашение, если Крым и Донбасс останутся под контролем России.**

глава МИД Украины Дмитрий Кулеба",,,
36135,"⚡️**ТЦ «Мега Химки»:  **площадь пожара уже 18 тыс кв метров

Сообщается о взрывах, по заявлениям в строительном магазине OBI, где хранились краски и аэрозоли.

⚡️Причиной пожара в ТЦ «Мега Химки» стало короткое замыкание, сообщают экстренные службы.

ТЦ сгорел почти полностью.",,,
36136,"🪖**  Артёмовск**

Штурм города продолжается.",,,
36137,"⚡️🇽🇰🇷🇸**Несколько сотен спецназовцев полиции Косова вторглись в населенный сербами север Косова и Метохии**, — СМИ.

По данным издания, от 200 до 300 спецназовцев на бронетехнике вошли на территорию на севере Косова и Метохии и заблокировали Косовска-Митровицу.",,,
36138,**🇷🇺Солдаты из Татарстана поют в пути🔥🔥🔥**,,,
36139,"**В кадре - мужская европейская художественная гимнастика. 

**💤**Ебанутые нахуй ублюдки**",,,
36140,"Ноутбуки, жесткие диски и объективы перестанут поступать в Россию, из-за нового пакета санкций ЕС, — Politico

Под действие санкций также попадают телеканалы  НТВ/НТВ Мир, Россия 1, РЕН ТВ и Первый канал.

**💤Долбаёбы, мы закупаем всё через третьи компании в ваших же странах**",,,
36141,"**Это все, что было сказано про Одессу 5 декабря.

А потом Зеленский выкатил свое ебало на экраны и отчитался, шо всэ добрэ**",,,
36142,"Уважаемые одесситы и жители области!

Ситуация с электроснабжением в области остается сложной.

Масштаб разрушений инфраструктуры после последних обстрелов пока не позволяет вернуться к стабилизационным графикам.

ДТЕК.

(фото, - сообщение в украинском тг канале с момента последней атаки на объекты энергетической инфраструктуры)

В переводе наверное не нуждается.",,,
36143,"‼️‼️‼️**Свино -помойки начали готовить крепостных к просёру Артёмовска

Не такой уж и важный город. Никому не нужен

💤Важный! Пиздец какой важный!**",,,
36144,"В Одессе снова блокируют дорогу из-за того, что в одном из многоквартирных домов света нет уже 5 суток - из-за аварийного состояния энергосети перегорел щитовой кабель и починить его не могут. Помимо непосредственного ущерба от ударов по энергосистеме, она получает дополнительный каскадный эффект аварий связанных с последствиями ударов, которые дополняют аварийные отключения.",,,
36145,"🇷🇺💪🏻**Наши войска отбили позиции боевиков ВСУ

**Оказавшись пол плотным огнем со стороны наших войск и осознав безвыходность своего положения, враг отступил, побросав оружие. 
Лиманское направление.",,,
36146,🚀💥🔥**Так же взрывы в Херсоне**,,,
36147,🚀💥🔥Сообщают о взрывах в Одессе,,,
36148,"«…Мы решили - в плен сдаваться не будем. Я достал гранату, вкрутил в нее запал. У штурмана же тоже одна рука, левая, у меня правая повреждена. Он в левую взял гранату. Я сказал: «Держи, Николаич, я сейчас кольцо достану…»

Накануне Дня героев Отечества встретился с настоящим русским офицером. Ожившим книжным героем, сошедшим со страниц советской военной прозы.

Невысокий, скромный и, на вид, совсем юный старший лейтенант.

- Петр, - протягивает он правую руку.

И по слабому, словно неестественно скованному рукопожатию мы понимаем, что летчик еще не восстановился до конца. В сентябре его истребитель-бомбардировщик Су-34 при выполнении боевой задачи в зоне спецоперации был сбит над территорией противника. Ситуация патовая – у него перелом руки, у штурмана – компрессионный перелом позвоночника, вокруг - враги. Но каким-то чудом обоим удается выбраться к своим.

Мой [большой материал](https://www.kp.ru/daily/27481/4689284/) об этой истории и том, как вырастают настоящие герои. О чем они мечтают в детстве, какие книги читают и как настырно идут к своей мечте, спотыкаясь и снова вставая. Это не просто [интервью](https://www.kp.ru/daily/27481/4689284/). Это портрет явления.",,,
36149,"Кадры с обратной стороны фронта: военнослужащие противника из специального диверсионно-разведывательного подразделения «Кракен» (структурно входит в ГУР МО Украины) не успели сменить позицию после работы из 120мм миномёта

Хлопчики бежали с обосраными штанишками",,,
36150,"**🇱🇹🏴‍☠️В Верховной Раде Украины призвали правительство прекратить транзит российского газа через территорию страны и закрыть все трубопроводы, по которым углеводороды идут в Европу из России

💤Хохлы короче решили себя просто нахуй похоронить.
Ну да, горит сарай, гори и нахуй хата!**",,,
36151,"Конгресс Соединенных Штатов, вы пожалеете о своих действиях! Я даю слово и ставлю на карту судьбу Killnet. С сегодняшнего дня деньги ваших граждан начнут исчезать. Сегодня ваши медицинские системы для отслеживания тяжелых пациентов будут отключены. Ваши граждане заплатят огромную цену! Я продам все имеющиеся у меня данные о кредитных картах американских граждан. Сумма моего архива достигает 2,5 миллионов 💳. Извинения за оскорбление флага ДНР не принимаю и не приму. Твоя судьба — тьма, твое будущее — смерть. Мы Килнет.",,,
36152,"**‼️🇺🇦🏴‍☠️ Украинское ~~Гестапо~~ СБУ ворвалась с обысками на православные объекты в Херсонской, Черкасской, Житомирской и Волынской областях
**СБУшники обнаружили в епархиях УПЦ страшное: российские паспорта, «пропуски федеральных советников РФ» и флаг Новороссии».

💤Упырина против Бога пошла. Результат сказать?

САТАНИСТЫ",,,
36153,"Путин о Родине.

""Родина — это не просто территория. Это люди прежде всего, которых вы защищаете. Вот что такое Родина""

💤Всё верно!",,,
36154,"❗️**Все бредни и фейки не должны мешать армии выполнять свой долг перед людьми — Путин

**Кроме того, президент сказал, что авиация в ходе спецоперации все делает вовремя и грамотно, вносит существенный вклад в эффективность действий войск.

Также Путин подчеркнул, что хотя Россия наносит удары по энергоинфраструктуре Украины, не Москва начала это первой.",,,
36155,"Американскую баскетболистку **Бриттни Грайнер**, осужденную в феврале за гашишное масло в вейпе, **обменяли** на россиянина **Виктора Бута**. 

— Американка была задержана в 2020 году за перевоз электронных сигарет с гашишным маслом. Её приговорили к 9 годам лишения свободы. 

— Российский бизнесмен **Виктор Бут** был арестован в 2008 году Тайланде и выдан США. Там ему предъявили обвинение в продаже оружия «революционным вооруженным силам Колумбии» и приговорили его к 25 годам лишения свободы.",,,
36156,"⚡️Россия **наносит удары по энергетической инфраструктуре Украины**, но не она первой начала – **первые удары нанесли те, кто бил по Крымскому мосту**, — Путин.",,,
36157,"💥💥💥**В результате ударов высокоточным оружием ВКС России **в районах населенных пунктов Шевченковское и Григоровское Запорожской области **уничтожено** пять пусковых установок реактивных систем залпового огня «MLRS» производства США и «MARS-II» производства ФРГ. В районе населенного пункта Ильичевка Донецкой Народной Республики **уничтожены** две пусковые установки «HIMARS» производства США. В районе населенного пункта Боровское Харьковской области в результате удара высокоточным оружием ВКС России **уничтожено** более 90 польских наемников.

💤Нихуя себе🥹🥹🥹",,,
36158,"🔥На Украине ожидают новых ракетных ударов со стороны России, но теперь не только по объектам энергоинфраструктуры. 
СБУ заявляет, что русские готовятся наносить удары по телекоммуникациям: дата-центрам, магистральным линиям связи, ит-компаниям и офисам интернет-провайдеров.",,,
36159,"**Данное видео не рекомендуется к просмотру лицам не достигшим 18-летнего возраста, беременным женщинам и сильно впечатлительным людям.**

Традиционный скотч украинских нацистов на глазах жертвы.

Ещё раз передаём привет совместному штабу французских и украинских трибунальщиков.",,,
36160,"Российские военнослужащие рассказали о пытках в украинском плену.

Бывшие пленные заявили об избиениях, пытках током во время допросов и угрозах ножом. По словам одного из освобождённых, в плену ему отрезали мизинец.

""Отрезали мизинец на руке. Вчетвером заломали, трое держали, один перетянул жгутом, поставил нож и ударил молотком. Им просто так захотелось и все"", — рассказал военнослужащий.

**Сейчас СК России дает правовую оценку действиям украинских националистов, которые пытали пленных военнослужащих**.

[Конфликт🔥Z Подписаться](https://t.me/konfliktworld)",,,
36161,"‼️Депутат Латвии Алдиз Гобземс призвал «наказать Лайму Вайкуле за то, что она кормила СССР».

💤Тихо. Громко не ржать. Не спугните)

[Конфликт🔥Z Подписаться](https://t.me/konfliktworld)",,,
36162,"**⚡️Роспотребнадзор начал проверку информации о подозрительной Coca-Cola в некоторых магазинах Москвы и области.

**Возможно, речь идёт о той самой ,,трофейной ,,коле из под Киева .Баночки с завода в городе Бровары действительно можно найти в российской столице. Их происхождение остаётся загадкой. Производство напитка в Киевской области было остановлено ещё в первых числах марта.

Как думаете, может ли она поступать в РФ и быть опасна, учитывая любовь украинцев к терроризму?

👍 - может

👎 - нет, это невозможно

💤не пейте эту сомнительную дрянь

[Конфликт🔥Z Подписаться](https://t.me/konfliktworld)",,,
36163,"**Узбекистан откажется от газового союза с Россией.** Об этом заявил министр энергетики страны Журабек Мирзамахмудов. 

«Даже если будет заключено газовое соглашение с Россией, это не означает союз. Мы никогда не пойдем на политические условия в обмен на газ», - сказал политик.

💤И трудовых мигрантов своих заберите!

[Конфликт🔥Z Подписаться](https://t.me/konfliktworld)",,,
36164,"⚡️Делегация из Украины в конгрессе США **вытерла обувь флагом ДНР и растоптала его.

💤Биомусор

**[Конфликт🔥Z Подписаться](https://t.me/konfliktworld)",,,
36165,"В Северодонецке (Луганская Республика) итальянский корреспондент Андреа Лучиди посетил (https://t.me/Andrealucidivideo/122) освобожденный российской армией бывший блокпост Вооруженных сил Украины - станцию технического обслуживания.

КПП, о котором идет речь, предположительно принадлежал боевикам ""Правого сектора"", которые использовали его для так называемых ""фильтрационных мероприятий"" в отношении жителей Украины, считающихся ""коллаборационистами"" - в резервуарах бензоколонки были найдены два разлагающихся трупа со следами пыток!

Уважаемые подписчики, когда в будущем вы прочитаете на канале очередную новость о ""фильтрационных мероприятиях"", проводимых службой безопасности Украины, вы будете знать, о чем идет речь.

[Конфликт🔥Z Подписаться](https://t.me/konfliktworld)",,,
36166,"Тупорылый уебан

[Конфликт🔥Z Подписаться](https://t.me/konfliktworld)",,,
36167,"– **Нашу колонну расхуярили полностью.
Мы вдвоём остались в поле**

Последнее видео Мыколы перед сдачей в плен...
Отвоевались за ЛГБТ и ебание в дупы.

[Конфликт🔥Z Подписаться](https://t.me/konfliktworld)",,,
36168,"❗️США, исходя из документов на поставки вооружений, планируют подогревать боевые действия на Украине **как минимум до конца 2025 года** – МИД РФ

[Конфликт🔥Z Подписаться](https://t.me/konfliktworld)",,,
36169,"‼️Федеральное сетевое агенство Германии изменило состояние погодных условий с «напряженное» на «критическое»!!!

[Конфликт🔥Z Подписаться](https://t.me/konfliktworld)",,,
36170,"**‼️🇺🇦🏴‍☠️Кибербойцы KILLNET взломали сайт, цинично наживавшийся на войне

**В сети появился сайт warwitness*** , который предлагает любителям острых ощущений побывать на увлекательной экскурсии по местам боевых действий. Посещение предлагается хорошо обеспеченным людям, которых мобилизация по какой-то ""загадочной причине"" не коснулась. Крайне цинично кататься по передовой, когда твои сограждане гибнут тысячами. 
Хакеры из KILLNET взломали этих злодеев и скачали всю их клиентскую базу. Кроме того, был взломан их Instagram, страничка знатно преобразилась с момента посещения ее кибербойцами.

💤красавчики

[Конфликт🔥Z Подписаться](https://t.me/konfliktworld)",,,
36171,"**‼️Над акваторией Черного моря силами флота сбит вражеский беспилотник - губернатор Севастополя

**[Конфликт🔥Z Подписаться](https://t.me/konfliktworld)",,,
36172,"‼️🇭🇺🇷🇺**Financial Times: Венгрия на встрече постпредов ЕС выступила против нового пакета антироссийских санкций

**[Конфликт🔥Z Подписаться](https://t.me/konfliktworld)",,,
36173,"""Теперь вот так делаем, и до пизды, что позиции демаскируем. Вот так и греемся, сначала разводим костёр на лопате, чтоб согреть руки, а потом костёр догорает, скидываем с лопаты угли и садимся на лопату жопой чтобы греть жопу и спину чтобы не замёрзнуть. 
Обещанных буржуек нам никто не даёт, а дохнуть от холода тоже не хочется. Ещё раз передаём привет нашему клоуну президенту и мужику с рожой бандита Залужному. Мы с пацанами покидаем позиции, ищите нас в плену. Лучше в тепле там, чем сдохнуть здесь от голода и холода""

[Конфликт🔥Z Подписаться](https://t.me/konfliktworld)",,,
36174,"Севастопольский ОМОН ""БЕРКУТ"" в зоне СВО

**💤Эти ребята как никто другой помнят, как фашисты жгли их коктейлями «Молотова» на майдане. У них личные счеты с укроублюдками.

**[Конфликт🔥Z Подписаться](https://t.me/konfliktworld)",,,
36175,"Ты можешь уйти. Так сделали многие. 

Ты можешь закопать свой паспорт, свою личность, свою Родину.

Сегодня каждый делает выбор.

Мы остаёмся.

[Конфликт🔥Z Подписаться](https://t.me/konfliktworld)",,,
36176,**Пакетные дела…**,,,
36177,"🇺🇦🐒**Украинский суд вынес приговор гражданину Азербайджана, ветерану войны Мисиру Гасымлы и его другу Субхану Гулиеву.**

Как сообщают украинские СМИ, их признали виновными в похищении человека, хулиганстве и хранении оружия.

Суд приговорил обоих к лишению свободы сроком на 8 лет и вот что из этого вышло.....",,,
36178,"**Минские соглашения в 2014 году были подписаны, чтобы Украина получила «драгоценное время и могла стать сильнее для потенциального конфликта», — экс-канцлер ФРГ Ангела Меркель в интервью Die Zeit
**
По мнению экс-канцлера, если бы не были заключены Минские соглашения, Россия могла бы захватить украинские территории, а НАТО тогда не имело столько возможностей помешать этому.

Надеюсь наши наконец поймут, что любые соглашения это «филькина грамота»...

**💤Вскрываются карты. Фрау тоже сука в этом участвовала**",,,
36179,⚡️⚡️⚡️Иран и Россия скоро подпишут **договор о всеобъемлющем сотрудничестве** — посол Республики в Москве Казем Джалали,,,
36180,"Хохлы передают привет всему своему руководству и обещают выжить, но не ради победы, а чтобы повесить их на Майдане. И советуют ""Зе и ко"" молиться, чтоб россияне добрались до них первыми, так есть шанс в тюрьме живыми остаться.",,,
36181,"**💢****💢****💢****СРОЧНО**

**⚡️Беларусь начала перемещать военных и технику вдоль украинской границы, - CNN.**",,,
36182,"**Хохол, шо с ебалом?😂**",,,
36183,"**🇧🇾Белоруссия объявила о том, что завтра по дорогам страны будет осуществляться крупная передислокация войск в интересах обеспечения национальной безопасности.**",,,
36184,"Был хохол войный, стал червь помойный 😂",,,
36185,"**Зверье грузынское таскают полу дохлых свиней с поля боя.**

**Редкое зрелище, Превращение грызуна в свинью 😂**",,,
36186,❗️В Авдеевке хохлов сейчас сжигают дотла,,,
36187,Сербы и Русские братья навек! Победа будет за нами.,,,
36188,"Укры, ваш новый пророк",,,
36189,"Мальчики уехали, мужчины остались!",,,
36190,"Любимые подписчики 🔥Лёгкая зарядка для глаз перед сном не помешает 🇷🇺🇷🇺🇷🇺🇷🇺🇷🇺🇷🇺🇷🇺

Вы нашли отлетевшее копытце ?

Да-😍

Нет-🔥

 С любовью админ",,,
36191,"**‼️🇺🇦🏴‍☠️ Киев приближается к энергетическому апокалипсису, - мэр
**__▪️""Киев может остаться без света, воды и тепла. Может случиться апокалипсис, как в голливудских фильмах, когда невозможно жить в домах из-за низкой температуры"", - заявил Виталий Кличко в интервью Reuters__.
▪️Картина мрачная: в столице Украины не хватает отапливаемых убежищ, в случае полных отключений и ухудшения ситуации, люди должны будут эвакуироваться из города, добавил он.",,,
36192,"Глава Еврокомиссии заявила, что **в новом пакете санкций может быть** **запрет на доступ России к беспилотникам**, в том числе через третьи страны
💤🤡",,,
36193,"**«Мразь, под забором сдохнешь». Соловьев публично обратился к генеральному директору Золотого «Дождя».
**
Ранее Наталья Синдеева приостановила сотрудничество с журналистом, который сказал в эфире: «Мы надеемся, что многим военнослужащим, в том числе мы смогли помочь, например с оснащением и просто элементарными удобствами на фронте». По словам главы информационной службы телеканала Екатерины Котрикадзе, эта фраза создала впечатление, что Золотой «Дождь» направляет российской армии снаряжение, однако это не так.",,,
36194,"Жена номинального директора Золотого «Дождя» щелкает фашистскими челюстями: человек ошибся и должен быть наказан, за базар надо отвечать! При этом Синдеева вчера играла в доброго полицейского и умоляла уволенных и уволившихся вернуться. Сегодня выяснилось, что она (прям как в игре «Мафия») тоже исподтишка голосовала за вышвыривание Коростелева. Пожертвовала им, скормила его латышам и украинцам. Но это еще не всё. Лишив своего сотрудника работы и протекции, Синдеева еще и оставила его наедине с латвийскими спецслужбами. Журналиста сейчас предлагают включить в чёрные списки и запретить ему въезд в страну. Синдеева прекрасно понимает, что журналисты вряд ли вернуться в редакцию после такого предательства, но изо всех сил пытается сохранить лицо, собрать осколки навсегда разрушенной репутации подлого и циничного Карабаса, который чужими руками избавляется от самых преданных своих людей, сдаёт своих.",,,
36195,"**🚀💥🔥Более 70 ракет HIMARS и две пусковые установки РСЗО MLRS уничтожены при высокоточном ударе по складу металлургического комбината в Кривом Роге, сообщили в Минобороны.**",,,
36196,"❗️**Путин**: националистические группировки в Польше спят и видят, чтобы забрать  западные территории Украины, **к этому и будут вести дело**",,,
36197,⚡️**Путин**: нам не оставили других шансов для решения вопроса Донбасса,,,
36198,"**Ядерные силы у нас в более продвинутом состоянии, чем у любой другой страны мира** — Путин",,,
36199,"**Угроза ядерной войны нарастает. Россия не применит первой, но если не применит первой, то значит и второй не применит** — Путин.

**Мы с ума не сошли, мы отдаем себе отчет, что такое ядерное оружие** — Путин",,,
36200,"Человек года по версии Time. 1938 - 2022.

💤 Конец один и он близок!!!",,,
36201,"Утренний прогноз погоды на украинском ТВ уже без территорий ЛДНР, Херсона и Запорожья.✅🇷🇺",,,
36202,"**Дополнительная мобилизация в России не имеет смысла, такой необходимости нет** — Путин",,,
36203,**СВО может стать длительным процессом** — Путин,,,
36204,"«Мы гибнем от холода. Но обязательно вернёмся, чтобы повесить Залужного и Зеленского на майдане. Молитесь, чтобы россияне  добрались до вас первыми» 
 
Бандиты ВСУ немножко змерзли и уже начинают грозить дядям с Банковой: мы придём , мы вас повесим. 
 
Глупое рагулье, никуда вы уже не придёте. Не для того Зеленский вас туда отправил. Раньше надо было приходить. Теперь только на забой.",,,
36205,"Военный корреспондент ВГТРК  Андрей Руденко  раскрыл  личность командира- людоеда из ВСУ, который ответственен за отдачу приказов об обстрелах жилых кварталов Донецка. 
По словам военкора, речь идет о командире 110-й отдельной механизированной бригады ВСУ, полковнике Евгении Кураше.
«Именно этот ~~человек~~ отдает приказы на обстрелы центра Донецка», — заявил Руденко, сопроводив пост фотографией украинского военного.


💤мразь",,,
36206,"Всегда думал, что это одно и то же. И до сих пор так считаю. Что там ебанаты, что там",,,
36207,🔥🔥🔥,,,
36208,❤️❤️❤️,,,
36209,"Дед куда то забрел после выступления, начал здороваться с невидимыми людьми и пропал нахуй. Никто не видел деда?",,,
36210,💤Нехуй было жрать наши сухпайки. Уебок!,,,
36211,"**В Хуеве скулят по матерому хряку Максиму Яловцову.** 

Яловцов основал секту «Гражданская безопасность», проектом которой стала CIVIL SAFETY ACADEMY.
 
Яловцов был одним из лидеров фанатского движения хуевского ""Динамо"".

__А гробик то какой у хряка модный, не то что у нищеёбов из всук.__",,,
36212,"💥**В Мелитополе совершили покушение на замглавы военно-гражданской администрации

**Рядом с подъездом Николая Волыка сработало взрывное устройство. По версии следствия, оно было приведено в действие дистанционно. Мощность взрыва составила примерно 2500 граммов в тротиловом эквиваленте.

Волык во время взрыва не пострадал, повреждения получила только его куртка. Взрывное устройство было начинено поражающими элементами и установлено на опоре уличного освещения на высоте около 1 метра.",,,
36213,"**💤Осталась без ног и одной руки. К сожалению не сдохла. Ну хорошо ,хоть обрубком ползать будет и автомат больше в руки не возьмет**! **Демилитаризирована!**",,,
36214,"🇺🇦В Луцке мужик поменял имя на Химарс, а дочку назвал Джавелина. 

— Ыыы, меня теперь зовут Химарс. Ыыы, мою дочку зовут Джавелина. Мы семья типичных украинских идиотов. Слава Джавелину 🤪

🤦🏻‍♂️🤦🏻‍♂️🤦🏻‍♂️🤦🏻‍♂️🤦🏻‍♂️🤦🏻‍♂️",,,
36215,Бахмут,,,
36216,"💤Что значит ""не может""??? Пусть потеснятся, пусть эстонцев выселят, если надо. Нужно создать все условия для комфортного проживания великих укров!",,,
36217,"🇺🇦 Да что ты будешь делать? Опять хохлы побеждают Путина своими гениальными идеями 

Можно поесть, а потом в этот же пакет и посрать. Или наоборот 😄

Еще чуть чуть и уже Эуропа 😂😂😂 
**идиоты ёбаные**",,,
36218,Будни СВО,,,
36219,"Бахмут.

Пытаются воевать и умирают, за ебание в жопы и ЛГБТ.
Хохлы пидарасы!",,,
36220,"Мария ранее посещала с гуманитарными миссиями различные города Донбасса, в том числе Дебальцево, организовывала творческие мастер-классы в рамках программы «Дети Республики». Она также вела Telegram-канал о помощи людям, пострадавшим в ходе военного конфликта.

На видео жуткие кадры. К месту гибели сразу приехала ее мама...

**💤🕯️ 🕯️ 🕯️ Скорбим….**",,,
36221,"⚡️Премьер Эстонии Кая Каллас заявила, что страна больше не может принимать украинских беженцев.

💤**ХОЧУ ВИДЕТЬ СРОЧНО ЕБАЛЬНИКИ ХОХЛОВ И ЗНАТЬ ЧТО С НИМИ**😂😂😂",,,
36222,"⚡️**Германия отказалась передавать Украине ЗРК Patriot, их разместят в Польше** — СМИ",,,
36223,"**💢****💢****💢****Сообщают, что ВС РФ нанесли удар по базе ВМС Украины. Там же располагались британские наемники. Разрушена причальная инфраструктура.**",,,
36224,"**МИД РФ простебался над умалишённой с золотого дождя ****#человекдождя****

💤МИД РФ тоже 5 раз посмотрел 😂😂😂😂😂😂**",,,
36225,"💤В Европу через жопу?

Ради этого хохлы сами себя в хлам разъебашут",,,
36226,"Только что В Кривом роге попадание по объекту промышленной инфраструктуры, - председатель ОВА Вилкул.",,,
36227,"**Представитель РФ при ООН Василий Небензя заявил, что не будет выслушивать выступление постоянного представителя Украины при всемирной организации Сергея Кислицы на заседании Совета Безопасности ООН, и покинул зал:**

""__Хотел бы сказать, что не буду выслушивать желчное красноречие представителя киевского режима. Он в очередной раз отметился выдающимся дипломатическим твитом в позапрошлую пятницу. Тем, кто не знаком с его творчеством, настоятельно рекомендую с ним ознакомиться. Это, как мы уже говорили, свидетельство высокого уровня украинской дипломатии__""



Правильно, еще сидеть там какого-то хохла слушать 😂",,,
36228,"**Российская нефть в Азии торгуется по $79

Зато у Европы теперь есть потолок🤣🤣🤣**",,,
36229,"**💤Пересмотрел 5 раз 😂😂😂
Какой же бальзам для глазок 😂
Чувствуется прям вкус этих слёзок!😊
Я считаю это маленький победой над большим злом!!!!**",,,
36230,💤Вонючая шваль!!!!!!!,,,
36231,"**Гендиректор анала Золотой «Дождь» Наталья Синдеева записала видеообращение, в котором разнылась крокодильими слезами и просит вернуться на телеканал уволенного и уволившихся сотрудников, и просит прощения у зрителей**",,,
36232,"⚡️Согласно новому закону о запрете пропаганды ЛГБТ, педофилии и смене пола, **за любое упоминание:**

— **штраф до 800.000₽ для граждан;
— до 10.000.000₽ для** **организаций**. 

❗️А иностранцам, в добавок к штрафу, будет грозить еще и **депортация**.

💤Хохлов нельзя теперь пидарастами называть?🤣🤣",,,
36233,Белгородский губернатор Вячеслав Гладков сообщил о решении **сформировать батальоны самообороны из жителей области**,,,
36234,"Вот она людоедская хохлятская пропаганда, которую крутят по всем каналам на Украине! Сегодня, среди погибших , красивая девушка тридцати лет, депутат ДНР и волонтёр Мария Пирогова. 
Что, хохлы, вы до сих пор им верите, что это русские сами себя в Донецке обстреливают? Лупят из градов по жилым кварталам? Значит, вы ни чем не лучше этих людоедов с телеграм-каналов, которые втирают эти мысли в ваши головы. Света у вас нет, говорите? В ООН жалуетесь?
А знаете, когда эти обстрелы прекратятся? Когда ваших мужей, отцов и братьев закатают в землю под Авдеевкой. После этого ,,русня ,,перестанет сама себя обстреливать. Очень надеюсь, что обмен пленными не понадобится и все эти изверги там просто сдохнут.",,,
36235,"Венгрия не будет тренировать украинских военных на своей территории, потому что страна стремится к миру, а не к войне, - об этом сообщил госсекретарь по двустороннему сотрудничеству министерства иностранных дел Венгрии Тамаш Менцер.

__«Некоторые европейские страны тренируют украинских военных. В Венгрии – нет. Мы сказали «нет». Мы хотим двигаться не к войне, а к миру»__.

💤Венгры молодцы...Держатся,не прогибаются пока что",,,
36236,"**Монолог украинской беженки:

**... вот мы и вступили в Евросоюз, правда, частями, в основном женским и детским населением, в качестве дешевой самовоспроизводимой рабсилы низких социальных групп, которым социальные лифты не светят. Слава, блядь, Украине.
И дебилам, которые Украину проскакали на майданах.

💤Украинские мужики тоже евроинтегрировались. Правда по частям, но все же",,,
36237,"**⚡️Страны ЕС не смогли согласовать новый пакет финпомощи Украине до €18 млрд на 2023 год

💤**Как показывает практика, деньги имеют свойство заканчиваться...",,,
36238,"Жозеп Боррель: ""Чем большим разрушениям подвергается Украина, тем выше её шансы на вступление в ЕС"".

Прекрасно. Значит российские ракеты помогают Украине. Какие могут быть претензии.

💤Они Хохлов за людей вообще не считают? 🤪🤪🤪",,,
36239,"**💤не феминистки, а грязь, дерьмо и предатели Родины!**",,,
36240,"Опа, с подписчиком эксклюзивный контент засняли

Сегодня к особняку посла Канады в Москве приехали антивоенные феминистки. Для тех кто не знает кто это, это те самые феминистки, которые придумывают фейки про то что наши военные насилуют украинцев на СВО. 

Почти сразу собралась толпа возмущённых людей с плакатами и лозунгами «ЗДЕСЬ СОБРАЛИСЬ ИНОСТРАННЫЕ АГЕНТЫ»",,,
36241,"🇬🇪🖕🇺🇦‼️🇬🇪🇺🇦 **Грузия не может и не станет оказывать военную помощь Украине.

**Сегодня на брифинге в посольстве Украины поверенный по делам Украины в Грузии Андрей Касьянов обвинил Тбилиси в отсутствии помощи Киеву оружием, боеприпасами и техникой. Ему ответил исполнительный секретарь ""Грузинской мечты"" Мамука Мдинарадзе:

__""Грузия оказывает гуманитарную помощь за гранью своих возможностей и не может и не будет оказывать военную помощь, поскольку после Украины страна номер один, которая находится под риском, не может быть зафиксирована как военный сторонник""__, - заявил Мдинарадзе.",,,
36242,В Донецке в результате обстрела погибла депутат парламента ДНР Мария Пирогова.,,,
36243,"Азербайджанец Зия Надыров телепортнулся к Бандере.

Педофил и ариец по совместительству, сражавшийся за Бандеру.

Очень удачное заземление",,,
36244,"Хохлы, ну как, у вас уже Новогоднее настроение?😄

Цукерки будут для всех🍬🎄",,,
36245,**🚀****💥****🔥****Взрывы в Херсоне**,,,
36246,**🚀****💥****🔥**Воздушая тревога объявлена в нескольких областях,,,
36247,**🚀****💥****🔥****Взрывы в Краматорске!!!**,,,
36248,"**На Луганский фронт прибыла колонна новейших, только с конвейера, танков Т-90м ""Прорыв""**",,,
36249,"🇧🇬Очередная укробеженка жалуются на тяжёлую жизнь на чужбине — в Болгарии.

А болгары, красавчики. Подрывают дупы хохлов по всей Европе 😂",,,
36250,Чуть 🤏 юмора в ленту 😂,,,
36251,"Хата полковника СБУ в отставке. Проверяли оперативную информацию и нашли при обыске вот такое. На фото не видно, но шарики со слезами эксплуатации🤢. 

**💤Хохлы дохнут за ЛГБТ! За право ебаться в жопы!!! Экс полковник сбу тому подтверждение!**",,,
36252,"🇱🇻**Золотой «Дождь» остался без латышской лицензии

**В Латвии не собираются терпеть канал-иноагент, который заявляет о поддержке российской армии. То чувство, когда выступали с антироссийской позицией, но оказались заклеймены как ""рука Кремля"".
Вещание канала должно быть прекращено с 8 декабря.


**💤Хахахаха)) дерьмо ебаное! Можете сворачивать свою помойку вонючую, вскормленную   Амерами**",,,
36253,"👀 Генпрокуратуру попросили **проверить тиктокеров Дашу Карейку и Хилми Форкс на распространение пропаганды ЛГБТ**. Оба блогера считают себя трансгендерами.

Их также обвиняют в трансляции аморального поведения и оскорблении чувств верующих.

Проверку инициировала депутат Яна Лантратова

**💤Ну вот настал ваш конец ублюдосы!!!!**",,,
36254,**💤Герои Z!!!!**,,,
36255,"**💢****Вторым аэродромом для атаки сегодня был выбран Бельбек. 
Но тут чётко отработало наше ПВО и все беспилотники были сбиты на подлёте.
То есть все можно. 
Нехуй спать просто.**",,,
36256,"**💤Если и пора применять более серьезные меры, то это сейчас, ребята... Заиграемся...**",,,
36257,"⚡️ **Беспилотник атаковал аэродром в Курске**

Глава региона Роман Старовойт сообщил, что в результате атаки загорелся нефтенакопитель, пострадавших нет, а пожар тушат.",,,
36258,**К сожалению удар был нанесен…**,,,
36259,"🏳️‍🌈 **Президент МОК Томас Бах собирается сделать участие геев и лесбиянок обязательным условием для участия в Олимпийских играх
**
Он заявил, что __1__0% от сборной каждой страны должны быть геями и лесбиянками.** Ведь главным навыком для участия в Олимпийских играх является победа жопы над чьим-то половым членом**🤡

**💤Сатанисты!**",,,
36260,"**Просто послушайте сюда братцы.
Куев ничего не принёс на Русь и принести не мог. Ибо Хуев
всегда был залупой и провинциальной дырой, даже те недолгие 150 лет, когда хуев был столицей Руси, он не мог и близко сравниться с ГОСПОДИНОМ ВЕЛИКИМ НОВГОРОДОМ, ни
богатством ни количеством населения.... 

В те времена Новгород был единственным настоящим
европейским городом Руси, её торговым и культурным центром, входившим в ганзейский союз.

Ну а потом хуев и вовсе ждало забвение и 700 лет ничтожества...
И в нём не осталось ничего, кроме мовы, говна и хохлов.

Эти чубатые народец со столь ничтожной историей, что кроме как онанировать на события 1000 летней давности, и придумать ничего лучше не могут. И ладно бы эта была бы действительно их история, но даже хуй там, присвоили чужую историю времён
седых мудей и наяривают свои маленькие сальные хуйцы на
неё.

Европейский народ, блять, про который в европе никто и не
слышал.**",,,
36261,"#эксклюзив
**То, о чём неоднократно заявлялось попало в кадр.** Вчера, на Артёмовском направлении, квадрокоптер наших бойцов снял, как четверо украинских вояк повели троих своих побратимов на расстрел.  

**💤Мыколы хуярят друг друга. Красотищаа) бальзам на наши глазки 😂**",,,
36262,"**Один из ~~«элитных»~~ засратых хохлятских спецназеров был ликвидирован нашими ребятами. Трофей соответственно забрали. Отправился туда куда завещала надпись на черепке 😊
Земля хуем тебе, ублюдок 🙂**",,,
36263,**💤Ебло очень похоже на транса   **🤔,,,
36264,"Военкор Дамбиев сообщает, что на противотанковой мине подорвалась машина Андрианы Сусак-Арехты, которая являлась главой  украинской организации ""Женское ветеранское движение"", так же она занималась поставками вооружений из США. Ранее принимала участие в карательной операции на Донбассе в 2014 году в составе батальона ""Айдар"". В результате подрыва Сусак-Арехте оторвало ноги и руку, а возможно даже писечку и попочку...

УПД: инфы о том, что жива или погибла - пока еще нет. В любом случае после таких ранений уже не повоюет

**💤Шмаровозина в которой искарежило шмару 😊
Верим в то, что она сдохла 😊**",,,
36265,"Похоже, что Антон Радько Азовское нацистское подразделение под названием 88к было избито в Артемовске (Бахмут) за последние десять дней.

Сначала Шамиль получил свою порцию, потом Антон. 

А теперь, этот Юрий Гажья из Киева. 

Сейчас они активно занимаются сутенерством и собирают деньги  для операции и выздоровления Юрия.

Самым умным из них был Ян Задорожный, (3 фото) позывной Локоть, который сбежал в Киев, где он работает таксистом для грузинских наёмников  и наслаждается временем со своей первой девушкой😝✌️",,,
36266,"⚡️**Турция закроет проливы для российской нефти, **— __Bloomberg__

С 1 декабря для прохождения проливов Турция будет требовать страховку, а уже с 5 декабря на страховые услуги для российской нефти вводятся западные санкции.

Сообщается, что с 5 декабря страховка будет доступна лишь танкерам, которые перевозят нефть по цене ниже установленного «потолка»

⚡️После ограничения цен на нефть из РФ** у берегов Турции образовалась пробка из нефтяных танкеров**, — __Financial Times__

**💤Всё еще ездите отдыхать в Турцию?**",,,
36267,☠️**Тем временем в Бахмуте хохлодерьмо эшелонами отправляется к своему кумиру в ад!**,,,
36268,**💢****💢****💢****Ни о каком выводе ЗАЭС из-под контроля РФ или передаче контроля какой-то «третьей стороне» не может быть речи — МИД РФ.**,,,
36269,"⚡️Украина может гарантировать безопасность России в обмен на полный отказ Москвы от ядерного оружия, — советник главы ОПУ Михаил Подоляк.

**💤Как называется эта болезнь мозга? Правильно: «ебаный тупой хохол»**",,,
36270,"Встречают как богов, сошедших с небес!

Кормят нектаром! 

Осыпают чудными дарами!

Лобызают ноги в покрытых златом сандалиях! 

А те в ответ довольно хрюкают!

(Ожидание и реальность)",,,
36271,"**Корчинский: ""Война должна быть закончена на руинах Кремля, чтобы наши бедные ребята могли принять участие в разграблении Бриллиантовой палаты московского Кремля, а я - помочиться в Мавзолее""

 Это говорит вскормленный Медведчуком, Сурковым и Януковичем** **полезный националист

💤**Помочиться он может только в свои штаны.",,,
36272,"На спутниковых снимках авиабазы в Энгельсе не заметно повреждений. Нет каких-то воронок, больших подпалин или следов горения растекающегося топлива.

💤получается хихлы за свой же фейк получили пизды 😂😂😂 тупые ублюдки)",,,
36273,"**‼️🔥Из злости и обиды хохол нанёс удары по Донецку, повреждены детсады, школа и множество домов
**▪️Есть погибшие и раненые.
▪️В Киевском и Ворошиловском районах повреждены многоквартирные дома в районах кинотеатра «Звездочка», Таманского проспекта, ЖК «Липки», проспекта Ватутина, стадиона «Олимпийский», бизнес центра «Столичный». 
▪️Повреждена средняя школа № 46. Выбито остекление и посечены фасады в детских садах № 171 (Киевский район) и №3 (Ворошиловский район).
▪️Украинские нацисты опять открыли огонь по Куйбышевскому району. В 18:05 по мирным жителям города выпущено еще 10 ракет из реактивной системы залпового огня БМ-21 «Град».
▪️В 18:15 каратели вновь открыли огонь из РСЗО БМ-21 «Град» по Киевскому району. **Выпущено 10 ракет**.",,,
36274,Владимир Владимирович в Крымском мосту,,,
36275,"💢💢💢**СРОЧНО** 

**В Монголии начались протесты**. 

Протестующие штурмуют Дом правительства. Дорога к резиденции премьер-министра **уже перекрыта полицейскими.**

Все из-за **угля**, который продавали в Китай: чиновники украли угля почти на **$13 000 000 000** (~807 миллиардов рублей), китайцы уже **казнили** своих виновных чиновников и назвали имена монгольских",,,
36276,🇺🇦🏴‍☠️В связи с пропажей электричества в Куеве закрывают магазины.,,,
36277,**Украинские ПВОшницы сбили пару кустов винограда в Молдавии.**,,,
36278,"‼️‼️‼️**СРОЧНО

Сообщают о ракетах летящих в Киев**",,,
36279,"**💤Почему его это так забавляет?**
**То что прилетают ракеты и хохлы вахуе от того что уже две недели срут в пакеты? Может пора людям в Николаеве выйти и повесить этого китайского Хохла за яйца?**",,,
36280,"**От радости до печали один шаг (с)

__Украинские каналы и их читатели на фоне масштабной ракетной атаки успели порадоваться звукам взрывов в Крыму, а потом оказалось, что они являются следствием пуска крылатых ракет по Украине.__**",,,
36281,В Одессе люди стоят в многокилометровых очередях за бензином — первые последствия российских ракетных ударов.,,,
36282,😂😂😂😂,,,
36283,"💥💥💥**Хохлы, а че с ебалом у вашего ПВО?**",,,
36284,"**На фоне отключения электричества интернет пропадает в Одессе, Сумах и Житомире.**",,,
36285,☠️**«Украинские железные дороги» сообщили о задержке в движении поездов из-за перебоев с электроснабжением**,,,
36286,**💢****💢****💢****В Сумах аварийное отключение электричества. Город обесточен**,,,
36287,"Из укропаблика 
💤Ми павридили два самооета, ахахахах смерть рашистам, леее ми пабидили, всё!
Летит 100 ракет: -да як так-то билядь(",,,
36288,**💢****💢****💢****С кайфом уебали по Запорожскому заводу высоковольтной аппаратуры.**,,,
36289,**🚀****💥****🔥****Одессе прям очень хуёво!!!**,,,
36290,**💢****💢****💢****Вторая волна сверхзвуковых ракет Х-22 с ракетоносителей Ту-22М выпущены из акватории Азовского моря.**,,,
36291,**🚀****💥****🔥****Взрывы в Харькове!!!**,,,
36292,"**‼️💥Момент удара по цели в Одессе, а также последствия**",,,
36293,"**Вторая волна ракет, **- Ким",,,
36294,**🚀****💥****🔥****Взрывы в Хмельницкой и Львовской области!!!**,,,
36295,"**💢****💢****💢****💢****💢****💢****💢****💢****💢****💢**💢💢**💢****ХОХЛЫ ВАМ ПИЗДА
**🔥🔥🔥🔥🔥🔥🔥🔥🔥🔥🔥",,,
36296,"**__Донецк. Пошла авиация. ✈️✈️

Двигаются так тяжело и плавно, что, думаю, несут хорошие подарки 🙏__**",,,
36297,"**🚀****💥****🔥****Тернопольская область - взрывы!!!

Пошли прилёты по вуйкам.**",,,
36298,"**💤Хохол, ставь не ставь отрицательные смайлики- твоей ёбаной помойке Усраине пиздец!!!**",,,
36299,**💤Неужели наконец наступление?**,,,
36300,‼️‼️‼️‼️**🚀****💥****Союзные РСЗО «Град» и «Смерч» работает по Харьковскому направлению сообщают хохлы**,,,
36301,**🚀****💥****🔥****Взрывы в Виннице!!!**,,,
36302,🔥🔥**РАБОТАЙТЕ БРАТЬЯ!**🔥🔥,,,
36303,**Ну по старой понедельничной традиции 😂😂😂**,,,
36304,"**💡****Житомир, Одесса, Николаев – проблемы с электроснабжением в некоторых районах города.**",,,
36305,"**💡****Сообщается, что во многих районах Одессы исчезло электроснабжение!!!**",,,
36306,"🔥☠️🚱**В результате взрывов в Запорожье, в некоторых районах города исчезло водоснабжение, — местные СМИ**",,,
36307,**🚀****💥****🔥****Еще два взрыва на юге Киевской области!!!**,,,
36308,**🚀****💥****🔥****Повторные взрывы в Одессе!!!**,,,
36309,**🚀****💥****🔥****В Кировоградской области сообщают о взрывах!!!**,,,
36310,**🚀****💥****🔥****В Одесской области сообщают о** **сильных  взрывах!!!**,,,
36311,"**🚀****💥****🔥****В Черкасской и Запорожской областях сообщают о взрывах!**!!**

****🚀****💥****🔥****В Винницкой области сообщают о взрывах!!!

****🚀****💥****🔥****В Киевской области сообщают о взрывах!!!**",,,
36312,🚀💥**Хорошего понедельника ПИДАРАСЫ!**,,,
36313,**💤ЕБАТЬ ТАМ ДОБИВАЮТ НАХУЙ ЭНЕРГЕТИЧЕСКУЮ ИНФРАСТРУКТУРУ!!!**,,,
36314,**🚀****💥****🔥****Взрывы в Кременчуге!!!**,,,
36315,💢💢💢💢**Хохляндия покраснела от стыда**,,,
36316,**🚀****💥****🔥****Взрыв в Краматорске!!!**,,,
36317,"**‼️💥После взрывов в Киевской области мигает свет, перебои со светом в Молдавии и Одессе**",,,
36318,"**‼️💥Бомбардировщики выпустили более 100 ракет: часть уже под Киевом
**Попадание в цель в Одессе, взрывы в Кировограде, Запорожье, Черкасской и Винницкой областях.",,,
36319,"🔥🚀В небе над Украиной замечены российские ракеты. 

Украинские СМИ сообщают о взрывах и работе ПВО в разных областях страны. 

В Киеве горожане прячутся в метро.

💤Пошла жара 🇷🇺🇷🇺🇷🇺🇷🇺

[Конфликт🔥Z Подписаться](https://t.me/konfliktworld)",,,
36320,"Редкий архивный кадр: Лайма кормит Советский Союз.🤣🤣🤣

[Конфликт🔥Z Подписаться](https://t.me/konfliktworld)",,,
36321,"""Польские наемники беспредельничают, бухают, насилуют наших девчонок"", - отметил собеседник агентства.
«Родители двух девушек, над которыми надругались иностранцы, обратились за помощью в полицию, но стражи порядка просто развели руками. Есть указание из Киева не обращать внимание на действия союзников, воюющих за режим Зеленского.»

💤Польские паны - уже хозяева на Украине. А хохлы, включая их президента-наркомана, просто холопы, у которых единственное право - это обслуживать хозяев.

[Конфликт🔥Z Подписаться](https://t.me/konfliktworld)",,,
36322,"Никакие холода не страшны, когда такие письма греют душу ❤️

[Конфликт🔥Z Подписаться](https://t.me/konfliktworld)",,,
36323,"Так обосрать своих родителей ещё постараться нужно 😏🤦🏻‍♂️

[Конфликт🔥Z Подписаться](https://t.me/konfliktworld)",,,
36324,"Свинская благодарность, она такая)

💤А хохлы такие. Куда не целуй, везде жопа!

[Конфликт🔥Z Подписаться](https://t.me/konfliktworld)",,,
36325,"Ничего необычного, просто  концерт в Сербии
💤Молодцы сербы, всё понимают

[Конфликт🔥Z Подписаться](https://t.me/konfliktworld)",,,
36326,"❗️Полиция Испании изъяла 3 конверта, адресованных консульствам Украины в Мадриде, Барселоне и Малаге, предположительно, с глазами животных – МИД Украины

[Конфликт🔥Z Подписаться](https://t.me/konfliktworld)",,,
36327,"Что русскому хорошо, то немцу смерть — зампред Совбеза РФ Медведев

[Конфликт🔥Z Подписаться](https://t.me/konfliktworld)",,,
36328,"❗️**Все санкции, введенные США в последнее время против своих врагов,** **не работают,** **а потому санкционную политику Америки нужно ужесточить и милитаризовать** - бывший советник президента США по национальной безопасности Джон Болтон.

""__Мы не смогли понять, что объекты наших санкций **коварны и изобретательны**""__ — негодует Болтон.

Пишет, что очень коварным оказался Иран, который, как выяснилось, использовал большое количество американских и европейских компонентов для создания своих беспилотников, а кроме того, смог нарастить арсенал баллистических ракет. 

Точно так же санкционная система оказалась **малоэффективной** против России. Выяснилось, что **__""наказать"" Россию так, чтобы избежать роста мировых цен на нефть, невозможно. 

__**""Необходимо менять эту ситуацию, можно, например, создать ""Экономическое командование"", аналогичное Киберкомандованию. Оно могло бы анализировать эффективность тех или иных санкций, ужесточая их в случае необходимости. **__Иначе санкционная политика США становится предметом насмешек во всём мире__**"".

Болтон начал что-то подозревать

[Конфликт🔥Z Подписаться](https://t.me/konfliktworld)",,,
36329,"Так красиво обделаться могут не только лишь все. Хохлы могут.

[Конфликт🔥Z Подписаться](https://t.me/konfliktworld)",,,
36330,"⚡️Правительство Финляндии внесло в парламент законопроект о вступлении в НАТО — заявление МИД

[Конфликт🔥Z Подписаться](https://t.me/konfliktworld)",,,
36331,"**⚡️ Глава ЧВК ""Вагнера"" Евгений Пригожин снова попросил прокуратуру РФ проверить YouTube. 

**Бизнесмен обратился к Генеральному прокурору РФ Краснову Игорю Викторовичу, чтобы тот проверил платформу на видеоматериалы, направленные на создание угрозы обороноспособности нашей страны и государства. 

`«Как и раньше, я полагаю, что в отношении YouTube должны быть приняты самые жесткие меры, так как эта американская онлайн-платформа грубо нарушает российское законодательство. Необходимо срочно остановить распространение недостоверной общественно значимой информации под видом достоверных сообщений, которая создает угрозу массового нарушения общественного порядка.""`

💤Как думаете, YouTube могут объявить нежелательной организацией в РФ?

👍 - Могут!

👎 - Нет

[Конфликт🔥Z Подписаться](https://t.me/konfliktworld)",,,
36332,"**Требование повысить зарплату в Англии считают российской пропагандой**.
[ ](https://t.me/joinchat/S4sxJSIf8aYwNjQy)
В Великобритании уже который день **медики устраивают забастовки и требуют повысить им зарплату**. Издание The Independent приводит заявление председатель Консервативной партии Великобритании Захави по этому поводу. **Захави считает, что такие требования «помогают Путину»

💤**Кого боятся на того и пальцем тычут🤣

[Конфликт🔥Z Подписаться](https://t.me/konfliktworld)",,,
36333,"🇺🇸**Поставки оружия Киеву могут прекратиться из-за «черных дыр» в бюджете США

**Новое республиканское большинство в конгрессе США сможет заблокировать принятие предложенного администрацией бюджета на очередной финансовый год. Такую ситуацию спрогнозировало американское издание Politico. 

Сообщается, что в таком случае Пентагону придется сократить расходы на программу оказания военной помощи Украине. А без массированной американской помощи Киев долго протянуть не сможет.

[Конфликт🔥Z Подписаться](https://t.me/konfliktworld)",,,
36334,"А мы то как расстороились!

BILD с прискорбием сообщает, что украинские войска не смогут удержать фронт на Донбассе. Конечно, в статье говорится, что России продвижение стоит огромных усилий, но это лишь легкое утешение для ВСУ, которые никак не могут остановить российское наступление.

[Конфликт🔥Z Подписаться](https://t.me/konfliktworld)",,,
36335,"‼️**Нефтяные санкции стран Запада против РФ вступили в силу

**В ЕС запретили морские перевозки российской нефти с 5 декабря, а с февраля - и нефтепродуктов. Параллельно в Европе согласовали ценовой потолок на покупку нефти российского происхождения - в 60 долларов за баррель.

💤Ну теперь Россия cможет эти доп.объёмы направлять в страны Азии. А азиаты, в свою очередь, переработают излишки для поставок бензина и дизтоплива в Евросовок, и само собой, втридорога. **Опять Путин всех переиграет и унизит

**[Конфликт🔥Z Подписаться](https://t.me/konfliktworld)",,,
36336,"💢Польские наемники изнасиловали двух девушек в Николаеве, ㅤ полиция отказала в возбуждении уголовных дел из-за указания из Киева не обращать внимание на действия союзников, воюющих за режим Зеленского, рассказал  активист николаевского подполья

[Конфликт🔥Z Подписаться](https://t.me/konfliktworld)",,,
36337,"💤В качестве репараций Латвия попросила Россию оплатить все расходы Лаймы Вайкуле на содержание  Советского Союза с 1986 по 1991 год.🤣🤣🤣

[Конфликт🔥Z Подписаться](https://t.me/konfliktworld)",,,
36338,"**В Киева местные власти призывают горожан копать ямы и справлять нужду в самодельные уличные туалеты

**В жилых массивах Киева стали распространяться листовки со следующими рекомендациями: «Не следует ходить в туалет даже со своей водой, смывать в канализацию остатки пищи, так как система переполнится и всё полезет наружу». 

**Дошутились про туалеты? Пожинайте!

**[ ](https://t.me/+2cJLh6ccgfViMDI6)💤выкопанные ямы потом ещё пригодятся,одним махом двух Зайцев

[Конфликт🔥Z Подписаться](https://t.me/konfliktworld)",,,
36339,"**‼️Представитель президента Турции Ибрагим Калын призвал к новой сделке между Россией и Западом**

По его мнению, российско-украинский конфликт стал началом второй холодной войны.

[Конфликт🔥Z Подписаться](https://t.me/konfliktworld)",,,
36340,"💢💢💢В Кривом Роге только что 4 мощных прилёта!!!!! 
Причём сирена не звучала.

Сообщают, что наши с кайфом снесли нахер хохлячий чугунный завод.

[Конфликт🔥Z Подписаться](https://t.me/konfliktworld)",,,
36341,"⚡️ **Страны ОПЕК+ подтвердили старое решение о сокращении добычи нефти** 

Добычу, согласно прежним договорённостям, сократят на 2 млн. баррелей в сутки.

Подобная мера принята для стабилизации ситуации на рынке.

[Конфликт🔥Z Подписаться](https://t.me/konfliktworld)",,,
36342,"**В баре ресторана ""Юрас перле"". Танцевальная группа Лаймы Вайкуле. ЛаССР. Юрмала, 1982 . 

Примерно так Лайма и содержала Советский Союз ) 
Кто не узнал , Лайма посередине .

💭Думаю ебли её всеми советами, содержанкой для многих точно была

**[Конфликт🔥Z Подписаться](https://t.me/konfliktworld)",,,
36343,"**Артиллеристы группировки V - боги этой войны 💪

**Вместе заряжаемся на победу 🎼

[Конфликт🔥Z Подписаться](https://t.me/konfliktworld)",,,
36344,"**💤И тут ЧВК Mozard Group поняли, что охранять нефтяные вышки и таранить машины с гражданскими в Ираке было куда приятнее, чем принимать на себя общевойсковой бой, когда тебя без перерыва ебашет артой, а где-то в зеленке тебя ждёт снайпер, который в любую секунду может отстрелить нахуй твою тупую американскую бошку 😊
**[Конфликт🔥Z Подписаться](https://t.me/konfliktworld)",,,
36345,"**Фронт ВСУ в Бахмуте может обрушиться из-за ошибки офицеров США: подробности**

25 ноября подразделения 58-й мотопехотной, 54-й отдельной механизированной и 71-й егерской бригад ВСУ попытались атаковать позиции ЧВК Вагнера к востоку от Бахмута. По данным Военной хроники, бросок к позициям ЧВК планировался с начала ноября, однако его реализация была приостановлена из-за высоких потерь. 

После прибытия в Бахмут (Артёмовск) сотрудников ЧВК США «Моцарт» (Mozart Group), о которых Военная хроника сообщала ранее, а также подкреплений ВСУ с Херсонского направления планирование атаки возобновилось под руководством американских офицеров.

Однако при попытке провести операцию и вскрыть огневой район ЧВК Вагнера и НМ ДНР погибли не менее 75 (по другим данным — 95) военнослужащих 13, 15 и 16-го мотопехотных батальонов 58-й бригады, а также боевики из 46-го штурмового батальона «Донбасс», что говорит о неверном понимании боевых возможностей союзных сил американскими военными.

При отходе подразделений на исходные позиции с помощью беспилотников удалось установить расположение полевых штабов и импровизированных казарм, обустроенных как в Бахмуте, так и в ближайших пригородах. После доразведки целей «оркестру» удалось поразить штабы и склады с вооружением 241-й бригады территориальной обороны в Берховке и Парасковиевке, а также ряд других критически важных объектов ВСУ в пригородах Бахмута, включая центр управления огнём 44-й артиллерийской бригады ВСУ в Часовом Яру. 

По данным радиоперехвата ВСУ, после удара украинские военные срочно запросили подкрепление в штабе командования «Восток». Потери ВСУ в ходе нанесения ударов, по предварительным данным, составили от 150 до 250 человек, что особенно ощутимо на фоне потока «двухсотых» с начала ноября. Нарушенная связь и управление войсками уже привели к дезорганизации обороны окраин города, и при сохранении темпов наступления ЧВК Вагнера это может спровоцировать обрушение фронта ВСУ на северном, северо-восточном, восточном и юго-западном участках.

[Конфликт🔥Z Подписаться](https://t.me/konfliktworld)",,,
36346,"‼️Прилёт в хохлячье-ВСУшное пристанище!

[Конфликт🔥Z Подписаться](https://t.me/konfliktworld)",,,
36347,"‼️🇺🇦🥶**Украинцы начнут покидать страну из-за холода и повреждения критической инфраструктуры в ближайшие недели.
**Об этом заявил посол Германии в Британии Мигель Бергер, в ФРГ ожидают большого наплыва беженцев, цитирует его Die Welt.
Дипломат считает, что оснований для оптимизма по поводу прекращения войны дипломатическим путем пока нет.
Мэр Киева Кличко ранее призывал жителей уезжать из столицы, т.к. город ждут «3 самых тяжёлых месяца».

[Конфликт🔥Z Подписаться](https://t.me/konfliktworld)",,,
36348,"**‼️🇺🇸🇷🇺Руководитель разведки США: ""Путин не изменил своей цели по контролю над Украиной""

**Об этом заявила руководитель американской разведки Аврил Хейнс на заседании Рейгановского оборонного форума в Калифорнии. По мнению разведчиков из США, российский президент становится более информированным о проблемах, с которыми сталкиваются военные.
Кроме этого, она отметила, что по оценке Пентагона в ноябре ""Россия производила ошеломляющие 20 000 артиллерийских выстрелов в день, а высокоточные боеприпасы расходует еще быстрее"".

[Конфликт🔥Z Подписаться](https://t.me/konfliktworld)",,,
36349,"❗️Госсекретарь США Энтони Блинкен заявил, что в конгрессе идет работа над альтернативой признанию РФ ""страной-спонсором терроризма"".

[Конфликт🔥Z Подписаться](https://t.me/konfliktworld)",,,
36350,"**Вот боевики почитаемого на украине азова***** жгут Иконы и Святыни. 
Это сатанисты. И никакие они нам не братья, а то некоторые заявляют блять….**

*Террористическая организация

[Конфликт🔥Z Подписаться](https://t.me/konfliktworld)",,,
36351,"""Алла Пугачева содержала всю Россию""

Лайма Вайкуле дала жесткий ответ россиянам, возмущенным поведением Примадонны:

""Алла содержала всю Россию, которая сейчас ей что-то предъявляет. Мы столько денег заработали тогда для Советского Союза, что даже стыдно говорить и наша популярность… Я сейчас про себя, Алла вообще как человек, музыкант на первом месте, это не о чем говорить""

**💤Она совсем ебанутая что ли?... У бабки деменция ****🤪**",,,
36352,Наши парни приземлили наёмышей и угостились сладостями для поднятия настроения 😂,,,
36353,Недоработка 😅,,,
36354,💤 До конца 😂😂😂😂😂😂,,,
36355,"💢**Вице-премьера Александр Новак:** 

- Москва будет продавать нефть и нефтепродукты только на рыночных условиях, даже если придется сократить добычу; 

- позиция России о потолке цен на нефть неизменна — это грубый инструмент; 

- прорабатываются механизмы, которые позволят избежать поставок топлива в страны, где будет введен ценовой потолок;

- рынок нефти сохраняет неопределенности, в том числе на фоне вспышки коронавируса в Китае. Но при этом он находится в лучшем состоянии, чем 2 месяца назад.",,,
36356,"Тут это, посольство США помогает Дарье Серенко с отчётом — репостит к себе в канал новость о её петиции на change.org. Абсолютно без палева.

Кстати, очень интересно, как радфем-лесбиянки ""Феминисткого антивоенного сопротивления"" внезапно стали ""матерями России"".

**💤Блять откуда эта нечисть вся выползает?))) И опять сша в этой блевотине участвует! Амеры, пошли нахуй, у нас с вами - всё!**",,,
36357,"🇺🇸🇷🇺🇮🇷 США сосредоточат усилия на том, чтобы не допустить поставок Ираном оружия в РФ, — спецпредставитель США по Ирану Мелли

🇨🇦🇷🇺🇮🇷Канада ввела дополнительные санкции против Ирана за поставку дронов России, - заявии в МИД Канады.",,,
36358,"🇺🇦Ну и если мы затронули тему UFC, то вот вам еще хохляцкой кринжатины. 

Украинский боксер Денис Беринчик перед вчерашним боем с французом Иваном Менди, решил всех приятно удивить и ебанул в перемогу, выйдя на ринг в форме ВСУ 🤪

На Украине все боксёры какие-то ебанаты... Это массовый тренд или просто сала переiли?",,,
36359,"**🚀****💥**** ✈️ Российский истребитель сбил в воздухе украинский штурмовик Су-25.**
/МО РФ/",,,
36360,"😂Телеканал Золотой ""Дождь"", признанный иноагентом, после скандала с ведущим, заявившим в эфире о помощи российской армии, **рассматривает возможность переезда в Грузию — RT со ссылкой на источник

Гастролёры хуевы**",,,
36361,"**☠️****⚔️****🏴‍☠️ ВСУ попытались контратаковать позиции ЧВК ""Вагнер"" в Курдюмовке. Личный состав и техника противника ликвидированы****☠️****

Контроль над населенным пунктом сохранен.**",,,
36362,"💤🥂Бутылку **Киндзмараули** уже приготовил , но не буду забегать вперёд как говорит Евгений Викторович.",,,
36363,"💢💢💢**
****🔥****Говорят добровольцы-нацисты из Грузии заблокированы под Бахмутом! Если так, напомню, в первых казнях наших солдат участвовали грызунские добровольцы! Надеюсь скоро увидим Хачапури по-аджарски!****🤙**",,,
36364,"**Так выглядит современный класс в США.**

Отдаёшь ребёнка в школу, и на выходе получаешь психически ненормального пидараса пассивного/транса/сменившего пол ребёнка. Короче, ему пизда.",,,
36365,"**💥Зеленский обещает украинцам ""освобождение"" Крыма уже к весне**

Нацистская администрация Украины провёла социологию, которая показала усталость общества от войны и холода. Для обоснования новой волны мобилизации у Зеленского решили вбрасывать победные заявления об освобождении Крыма к весне.

**Не исключаем, что жители Нэзалежной поведутся и на эти вбросы нацистской администрации, ведь, как говорит Елена Зеленская - украинцы готовы терпеть и холод, и войну, лишь бы вступить в ЕС...**",,,
36366,"Ничего более трогательного вы сегодня уже не увидите. Девочка пришла из школы домой, а там отец, вернувшийся из зоны СВО.

До слез 😢😢😢",,,
36367,"Насчет данных фото.

Два варианта. Либо это сделали хохлы, либо это сделали хохлы.

Либо это очередной кривой фейк тупорылых свиней, либо это в действительности повешенные, а именно «повешенными» могут быть нашими пленными, либо гражданскими на «освобожденных» Куевом территориях, в обоих случаях, провокация. Но в первый вариант, хочется верить больше.

И да, они в курсе что СМЕРШа уже давно нет?",,,
36368,Не будет Запада - не будет пидорасов ☝️🏻,,,
36369,"От улыбки станет всем светлей.
И бойцу, и херсонскому еноту.
Поделись улыбкою своей... 
И давай сдавайся в плен, хохол ебучий. 
😂",,,
36370,"🏳‍🌈На видео - владелец и руководитель «Дождя»* Н. Синдеева.

Сегодня созреет ещё одна великая зрада, приготовьтесь.

Вы только посмотрите, помойка поняла, что им грозит пиздец и нигде они на хуй не будут нужны, кроме как в России, поэтому уже активно начинает прогревать аудиторию. Дело только в том, что адекватные люди и так все понимают и не слушают куколдов с Дождя*, а аудиторию долбоебов они потеряли ещё 3 дня назад 🤷‍♀️

Что ж, давайте будем посмотреть, что из этого получится, но я уже жду, что там Кац пизданет по этому поводу.

*Дождь признан иностранным агентом",,,
36371,Дерьмо кто то потерял 😂,,,
36372,"❗️Судя по единоразовой гибели сразу пятерых боевиков, ракетный удар пришелся по месту сосредоточения личного состава, следовательно жертв удара еще больше.

** 💤Как хорошо 😊😊😊**",,,
36373,Пидор в прямом и переносном смысле этого слова,,,
36374,"Хорошо живется в Харькове!

Харьковский мэр Терехов рассказал, что дворники в Харькове ходят в «Гуччи» - гуманитарная помощь такая


💤какие же хохлы ёбнутые пиздаболы 🤦🏻‍♂️🤦🏻‍♂️🤦🏻‍♂️🤦🏻‍♂️",,,
36375,"**💤Зрители радостно кричали и хлопали. А потом пошли закапывать очередной десяток односельчан, уничтоженных на войне. И ни одного рогуля не мелькнула мысль, что снос памятника и гибель их близких – звенья одной цепи. Ну да, ведь «логика цэ москальська наука!»**",,,
36376,**В селе Романив Львовской области снесли памятник Советскому солдату.**,,,
36377,"**От подписчика **одного из тг каналов

Сижу сейчас такой обедаю на пр. Большевиков. Санкт-Петербург. 
И ТУТ ТАКАЯ КАРТИНА.


Бля ебаные зумерши. «Ыыы мы нитакиекакфсе. Мы нигилисты.
Лгбт, нет вайне!!1 слава урине!11
Экоактивисты!!1 вы видели что с нашим климатом пук.
Ыыы смотри я нацепила уриновский флажок, вот же он, ты что не видишь. Я всем своим видом показываю глубокую озабоченность. Ну смотри же смотри.»

Зумеры воистину самое конченное поколение из всех которые когда либо были. Такие типо нонконформисты идущие якобы против системы. Еще с таким важным ебалом, типо думают что они не куски говна, а очень значимая социальная ячейка, которая что-то решает в этом мире. А по сути они обычные говноеды!

Запомните
ВЫ ВСЕ ПИДОРАСЫ. С вас ловят испанский стыд. ВЫ КУСКИ ГОВНА.  
Вы просто малая частица исчезающей биомассы, которую ветер перемен занёс в нашу объективную реальность.",,,
36378,"‼️‼️‼️**СРОЧНО **

**Украинские власти и СМИ сообщают о взрывах и воздушной тревоге в Запорожье (под контролем Украины), а также в Днепропетровской, Полтавской, Сумской и Харьковской областях**",,,
36379,🚀💥🔥**Середина-Буда (Сумская область) - взрывы!!!**,,,
36380,"🚀💥🔥**В Запорожье были мощные **взрыав!!!

В городе и области объявлена воздушная тревога.",,,
36381,"🇷🇺🎼 **Юта представила новую песню ""Zа жизнь!""

**__""Мы обязательно победим. Мы сделаем всё, что в наших силах. И даже больше. Ровно так же, как наши деды""__, — заявила певица при презентации композиции.",,,
36382,"Душевно, атмосфера 🇷🇺",,,
36383,Тегеран попросил Москву о помощи в подавлении протестов.,,,
36384,**Бойцы из Башкирии передают привет зеленскому😈**,,,
36385,"Расстрел мирной колонны под Купянском, 25 сентября. 

После взятия Петропавловки (24 сентября), под контроль ВСУ перешла трасса H26 (Купянск - Сватово) - основная дорога по которой могли отсупить ВС РФ, но был и альтернативный маршрут через Куриловку. 25 Сентября украинские ДРГ выдвинулись из села Петропавловка в сторону с. Куриловка для контроля альтернативного маршрута отхода из Купянска и Купянск-Узлового. 

25 сентября в 09:00 часов утра коллона с мирными жителями была расстреляна украинской диверсионно-разведывательной группой.  

Есть показания свидетелй, которые говорят о неком Дмитрии, который указал путь следования через Куриловку, а позже был найден с простреленой головой в Купянск-Узловом. 

Было убито 22 человека, из них 12 детей и беременная женщина. После расстрела колонны, некоторым гражданам удалось спастись, но они попали в руки СБУ и дали вынужденные показания ради сохранения собственной жизни.  

Некоторые свидетели сообщают, что через СВАТОВО хотели попасть в Днепропетровск, - нет, это легенда СБУ. Чтобы исключить версию, что мирное население хотело попасть на подконтрольные России территории. 

Куратор, который отправил колону, был информатором ВСУ. Первая попытка на выезд была организована 24 сентября, но колонну развернули, потому что на маршруте не было украинских палачей. 

Глава местной областной военной администрации Олег Синегубов свидетельствует о том, что колонна была расстреляна из так называемой зеленки (посадки), но характер повреждений опровергает его заключения, на снимках видно, что огонь наносился со стороны поля. 

Найдите после этих фактов хоть один мотив, ради которого ВС РФ могли расстрелять колонну с гражданскими лицами. 

Все преступления, которые совершает киевский режим остаются без доказательств и через какое время просто забываются.",,,
36386,"Илон Маск совместно с журналистом Мэттом Тайбби рассказали, как и в чьих интересах Твиттер использовал инструменты цензуры.

Коротко:

▪️ Соцсеть использовалась как инструмент для коммуникаций, но со временем люди и компании начали требовать редактировать посты. 

▪️ К 2020 году цензурирование неугодных твитов стало обычным делом. Тайбби пишет, что от команды Байдена (на то время кандидата в президенты США) **приходил запрос со ссылками, а модератор, предположительно, их удалял**. 

▪️ Услугой пользовались знаменитости и политики (администрации Байдена и Трампа). Система работала за счёт личных связей — у демократов рычагов влияния было больше. 

▪️ Twitter пытался скрыть историю с ноутбуком Хантера Байдена перед выборами в 2020 году. Ссылки на материалы о нём в издании NY Post помечались как ""небезопасные"" и запрещались к передаче в личных сообщениях (используется в исключительных случаях, например в отношении детской порнографии). 

▪️ Пресс-секретаря Белого дома Кейли Макинани заблокировали в Twitter за упоминание истории с компьютером Хантера. А решения о жёсткой модерации принимались на самом верху компании, но без участия гендиректора Twitter Джека Дорси. Главной персоной по цензуре была глава юридического отдела Виджая Гадде. Позже благодаря ей из Twitter был удалён Трамп. 

▪️ Конгрессмен-республиканец Трой Нельс попросил Маска опубликовать причастных к цензуре политиков, чтобы инициировать расследование",,,
36387,"‼️🇺🇦 **Пишут, что в помещениях городской администрации Киева сотрудниками Госбюро расследований Украины проводятся обыски.

**📌 О переполохе в хозяйстве киевского мэра, а в прошлом боксёра, Виталия Кличко в субботу, 3 декабря, сообщили представители самого сыскного бюро и источники в администрации украинской столицы. 

📌 Судя по всему, танцы с бубнами закончились, а противостояние президента с градоначальником переходит в силовую фазу

[ ](https://t.me/+2cJLh6ccgfViMDI6)💤Кокаин не поделили ?",,,
36388,"Наткнулся на целый выводок каналов типа ""Батальон им. Шейха Мансура"", ""Батальон ""Крым"", ""МК Кавказ"" и другие ублюдочные паблики. Там красивые фото тренировок и парочку фото возле каких-то развалин. Если отталкиваться от слова ""батальон"", то если собрать все эти формирования, можно держать фронт от Харькова и до Донецка, но пока на фронте их не видно. Ни разу даже не слышал от наших парней о схватках с этими ""муджахидами-салопоклонниками"". 

Лично мне один раз попался шеврон прохохлячих крымских татар, но судя по всему, хозяин шеврона просто служил в одном из подразделений ВСУ. 

Если кто-то встречал этих недобитых хуеплетов из Кавказа в бою, напишите в лс, просто интересно.",,,
36389,"‼️‼️‼️ВС России получили софт для уничтожения ракет HIMARS 
 
«Сейчас уже свободно работаем по HIMARS... прошили нам новую программу, и HIMARS сейчас как обычные цели. Свободно видим, наблюдаем и уничтожаем без проблем», — сказал военный. 
 
Надо было еще добавить, что в разработке ПО принимали участие российские хакеры😄",,,
36390,"**Когда пидарас на беззвучий поставил свой айфон, приходит смс 😂**",,,
36391,**Хохол недоносок 😂😂😂😂**,,,
36392,"🇬🇪🇷🇺**Грузия любит бегунков больше всех. Бегункам плюют в лицо и посылают нахуй, но я думаю они счастливы в этой стране. Не удивлюсь если и жён своих они под грузин скоро подкладывать начнут.

💤Как вам братишки Грызуны?**",,,
36393,"Наемник из штата Джорджия, США Чемблис Джонсон оставил на Украине одну руку целиком и на второй - кисть. По нему и некоторым другим ""любителям сафари"" отработал Ка-52. Сейчас его где-то пытаются откачать и слезно собирают деньги на возвращение домой. 

Как сообщают источники, ВСУ оставили Джонсона истекать кровью на несколько часов. На Украине наемник воевал еще с марта и в основном дислоцировался под Харьковом. Автомат в руки уже точно не возьмет. Не стоит американским морпехам соваться в чужой конфликт. 

Понимаете теперь, почему вертолет Ка-52 назвается ""Аллигатор"" ?

**💤Очень очень очень жаль что это дерьмо не подохло. Но зато теперь своими культями ёбаными не сможет на курок нажимать**",,,
36394,"**ЛОЗУНГ ""СЛАВА УКРАИНЕ - ГЕРОЯМ СЛАВА!"" ЯВЛЯЛСЯ ЛОЗУНГОМ ""СОЮЗА УКРАИНСКИХ ФАШИСТОВ""

Вот эмблема ""Союза украинских фашистов"" и их печатная продукция - призывы к ""братьям-фашистам""**",,,
36395,"В Одессе открыли новый секонхенд с поношенными шмотками из Европы. И вот что из этого вышло....

**💤Кстати у Хохлов это постоянно происходит! Страна тупых бомжей блядь!**",,,
36396,"**‼️🇺🇦🇫🇷Франция прекратит поставки вооружений Киеву, если они будут ослаблять национальную армию или Париж станет стороной конфликта, - Макрон

💤Париж станет стороной конфликта тогда, когда в вас прилетят 10 Сарматов!**",,,
36397,"**❗️Потолок цен на российскую нефть на уровне $60 за баррель нужно снизить до $30

**Об этом** **заявил~~ главный иксперд~~ Глава офиса Зеленского **Андрей Ермак**.


**💤Зачем вообще кто то следит за тем что изрыгает эта мразь?**",,,
36398,"**💤Как все 8 лет ОБСЕ наёбывали Добровольцев из ЛДНР. Сколько позиций они сдавали хохлам после чего туда были точные прилеты и ребята гибли сразу целыми расчетами. В самом начале СВО, этих ОБСЕшных блядей нельзя было выпускать из Донецка. Их надо было собрать сразу в кучку и прилюдно казнить нахуй всех!
Подонки! Именно по их данным хохлы были по детским садам и школам! На руках этих подонков кровь, кровь мирных людей, женщин, стариков, детей…**",,,
36399,"💢‼️**2 часа  назад снова были сильнейшие прилёты по центру Донецка. Снова ""Грады"", разгружен пакет!**",,,
36400,"**💢****Просто, напомню случай из современной истории. В 2015 году ОБСЕ потребовало от нас оставить н.п. Широкино, что под Мариуполем, чтобы сделать из посёлка демилитаризованную зону. Якобы, чтобы люди смогли спокойно жить в нём и всякое такое. Было принято политическое решение и наши подразделения ушли от туда. Через несколько дней туда зашли боевики нацистского полка Азов и сделали там свою передовую линию. Другими словами нас в очередной раз и ожиданно обманули европейцы. 

Будут ли западные организации, не говоря уже даже о политиках, нас снова обманывать, если мы дадим им такой шанс? Ответ очевиден - будут. Знаем ли мы об этом? Конечно знаем.**",,,
36401,"‼️🇷🇺 **В Краснодаре наших военных в форме не пустили в бар из-за ""дресс-кода**""

Участники спецоперации хотели отдохнуть, получив 2 выходных, но охрана бара ""Руки вверх"" не пустила бойцов в заведение.
Ведущий бара сообщил, что якобы ""есть приказ Москвы (центрального офиса) не пускать в таком виде"". Он добавил, что эти вопросы нужно адресовать руководству.

[Конфликт🔥Z Подписаться](https://t.me/konfliktworld)",,,
36402,"**🎖🇷🇺 Страшные кадры поразительного героизма нашего воина
**Боевики ВСУ подловили российское подразделение во время погрузки боеприпасов и открыли по нему артиллерийский огонь. 
Наши бойцы укрылись в доме, но разрывом снаряда был подожжён «Урал», куда были погружены боеприпасы. Если бы они взорвались, то все подразделение наверняка бы погибло. Один из наши бойцов, презрев риск смерти, сел в кабину горящего «Урала» и отогнал его подальше от своих сослуживцев. 
Кадры уникального героического поступка сняты вражеским БПЛА, корректировавшим огонь. Надеемся, что парень жив...

💤Герой 🇷🇺

[Конфликт🔥Z Подписаться](https://t.me/konfliktworld)",,,
36403,"‼️‼️‼️**Из-за высоких потерь под Бахмут переброшены военнослужащие роты почетного караула Национальной гвардии**

**💤Правильно они прям строем в ногу шагнут в ад к сатане ****🔥****

**[Конфликт🔥Z Подписаться](https://t.me/konfliktworld)",,,
36404,"**⚡️ВКС России сбили ураинский вертолет МИ-8 в районе Селидово ДНР

**[Конфликт🔥Z Подписаться](https://t.me/konfliktworld)",,,
36405,❗️Шойгу прибыл в Минск на переговоры с министром обороны Республики Беларусь — БелТА,,,
36406,"🔥🔥🔥–**__Пизда вам хохлы ебаные

Место и дата съемки неизвестно, но суть автора видео ясна, кому-то скоро пизда.

__**[Конфликт🔥Z Подписаться](https://t.me/konfliktworld)",,,
36407,"**⚡️С этого года Европа будет жить без российской нефти — постпред РФ Ульянов о ценовом потолке ЕС на нефть

💤Я даже не хочу представлять сколько будет стоить 1 литр бензина ****😂****😂****😂**",,,
36408,"‼️А теперь минуточку внимания 

Олег Ляшко с позывным СОСАЛКА ,решил ~~освоить фотошоп~~ 

🤡 - ебать, клоун",,,
36409,"Боевые мужеложцы на фотосессии

Ляшко опубликовал фото в форме ВСУ и с автоматом где-то в посадке, сегодня у него юбилей, ему исполнилось 50 лет

💤Позывной сосалка🤣",,,
36410,💤Последний раз кровь у детей на военные нужды брали в концлагере Саласпилс.🤦🏻‍♀️.Им есть к чему стремиться. Гитлеровцы выкачивали кровь у детей подчистую. Ученики превзойдут своих учителей.,,,
36411,"**⚡️****ОАК передала Минобороны России партию новых самолетов Су-35с, сообщили на сайте правительства.**",,,
36412,"Российские разведчики рассказали корреспонденту РИА Новости, что встречали на фронте украинские танки с заваренными люками.

""Они из них насильно делали смертников"", - сказал разведчик.

По его словам, многие такие экипажи не ведут боевые действия, отворачивают башню назад и едут к российским позициям, после чего их вытаскивают российские техники.

**💤Лично знаю бойца который был свидетелем этого,  только у тех закончился бк и они крутили башню по кругу**",,,
36413,**Анатолич троллирует гейропу 😂😂**,,,
36414,"Крупнейшая польская нефтеперерабатывающая компания Orlen подала заявку в ""Транснефть"" на поставки 3 миллионов тонн российской нефти по нефтепроводу ""Дружба"" в 2023 году.

Трубопроводная нефть не подпадает ни под какие ограничения. А вот орать о том, что русскую нефть надо другим странам продавать по тридцать долларов за бочку — поляки могут. У них же с нефтью всё хорошо.",,,
36415,"**💤Как же не хватает Владимира Вольфовича!!
Царство ему небесное!**😪",,,
36416,**💤Сразу с теплотой на сердце вспоминается это видео ****☺️**,,,
36417,"❗**В Офисе главного хохла-фашиста считают, что Россия может нанести новый массированный удар по Украине, когда ударят морозы и температура воздуха опустится до -8 — -10 градусов**

""__Мне кажется, что сейчас тактика России немного изменилась - они ждут увеличения морозов, глубины морозов, грубо говоря, чтобы температура ночью опускалась там до 8-10 градусов мороза, и вот в этот момент они хотят нанести самый чувствительный удар по Украине""__, - заявил Михаил Подоляк.

По его словам, россияне хотят ""максимально жестко заморозить украинцев"", поэтому войска РФ открыто ждут такую возможность, поскольку ""__основной удар в таком случае приходится даже не на энергетику как таковую, а на отопление"".__

**Чекайтэ-чекайтэ... (ждите-ждите).**",,,
36418,"**📌На Бахмутском направлении ВСУ не справляются с количеством раненых**

Вчера вечером со мной снова связался мой источник в Константиновке.

Из-за возросшего потока «трехсотых» украинские военные организовали госпиталь на территории 5-й городской школы __(голубой круг на карте)__.

Слухи о планах ВСУшников отжать эту школу под военные нужды ходили в городе давно. И сейчас на фоне возросших потерь под Бахмутом (Артемовском) стали реальностью.

До этого в Константиновке с ранеными работали две городские больницы, но сейчас их возможностей хватать перестало.",,,
36419,"❗Хохлятский** художник-националист  Максим Паленко пишет:**

""__На планете Земля насчитывается 8 млрд человек. За 4-5 лет эта цифра вырастет на 1 млрд. 

Никакой трагедии в том, что 140 млн. на одном из континентов, неожиданно, за короткое время, по разным причинам вымрут – я не вижу. 

Наоборот, это событие
замедлит уничтожение озонового слоя и парниковый эффект.

Поэтому, окончательное прощание с населением России нужно рассматривать как спасение мира от экологической катастрофы, а не как антигуманный проект"".__

**💤Именно из за таких падонков мы вас и хуярим, ебаные хохлы!**",,,
36420,"🇷🇺 Кадры пуска новый противоракеты системы ПРО на полигоне Сары-Шаган.

Очередной испытательный пуск новой ракеты российской системы ПРО прошел успешно. Новая противоракета после серии испытаний подтвердила заложенные характеристики. Боевые расчеты поразили условную цель.",,,
36421,"🇺🇸🇫🇷 Байден перепутал мужское имя и название страны, назвав Францию «Фрэнком».

Фрэнк был хуёвым мужиком по-видимому, что его к куколдонации прировняли.",,,
36422,"«**__Нам нужна одна победа».__ **

Потрясающее, совсем недетское выступление👍",,,
36423,"❗Их боротьба:**

Фасад бутика Dior в Киеве покрыли надписями** **против поддержки России**.

💤тупые, тупые обезьяны",,,
36424,"Если вы вдруг не знали, то знайте 🤡🤡🤡😂",,,
36425,"‼️Держите ухо востро!

⚡️Кто на самом деле рассказывает «правду» о мобилизации в России. Эксклюзив.

Как оказалось, ряд телеграм-каналов, пугающих россиян «ужасами» частичной мобилизации, ведут сотрудники украинских ЦИПсО — центров информационно-психологических операций.  

Лука — украинец, живёт в Германии, Ирина — в Киеве, Андрей — в Черновцах. Ещё вы познакомитесь с Алёной, Машей, Юлей и другими их соратниками, которые выдают себя за россиян и пытаются «раскачать лодку». В этом видео есть их фото, телефоны и аккаунты в telegram. Вы узнаете, кто эти люди, чем занимались раньше и какие у них задачи сейчас.

Поделись роликом, его должен увидеть каждый!",,,
36426,"**💤мы полностью поддерживаем каждое слово, сказанное этим воином!
Устройте праздник детям, а сами помолитесь на наших ребят, которые ведут нас к миру и победе!**",,,
36427,"‼️‼️‼️Неизвестные проникли в римскую резиденцию посла Украины в Ватикане и испачкали экскрементами входную дверь, стены и лестницы, рассказал сам глава дипмиссии

💤**Во всем мире начались акции «выгони нахуй из страны мерзкого нахлебника хохла»**",,,
36428,"Центр Донецка снова подвергся обстрелу.
Есть множество раненых, повреждены дома и автомобили.

**💤У Хохлов предсмертная агония. Мрази бьют максимально по мирняку!**",,,
36429,"‼️🇷🇺🏴‍☠️ **Мы призываем Россию немедленно прекратить войну, которую она начала по своей воле, и полностью и безоговорочно вывести свои войска из Украины**, — __совместное заявление стран-членов НАТО, Финляндии и Швеции
__🤡🤡🤡🤡🤡🤡🤡
🤡🤡🤡🤡🤡🤡🤡
🎪🎪🎪🎪🎪🎪🎪",,,
36430,"**⚡️Россия концентрирует войска в Беларуси, чтобы вскоре попытаться захватить Львов, Луцк и Киев**, — «Новая газета». 

Издание утверждает, что к середине декабря РФ, предположительно, перебросит в Беларусь около 300 тысяч российских мобилизованных и попытается ударить по Луцку и Львову, чтобы отрезать пути западных поставок вооружений. 

В то же время, готовится второй удар по направлению на Киев и параллельно планируется прорыв через Бахмут на Славянск и Краматорск.

**💤ХОХЛЫ СОВСЕМ СКОРО ВСЕ ЧТО БЫЛО ВАМ ПОКАЖЕТСЯ ЦВЕТОЧКАМИ!!!**",,,
36431,"Процесс отзыва разрешения на пребывание в Латвии сотрудников ""Дождя"" (иноагент) уже начался — министр обороны страны Артис Пабрикс. До этого глава ведомства заявил, что все работники телеканала должны вернуться в Россию.

**💤До свидания. Интересно, в Израиле их примут?**",,,
36432,"‼️‼️‼️**СРОЧНО

🇺🇦🏴‍☠️В Киеве судьи забрали свои личные дела из судов - украинские СМИ

Наступление???**😈",,,
36433,"⚡️🇷🇺Путин – о введении ЕС потолка цен на российские энергоносители: 

«Ничего поставлять не будем вне рамок контракта. Ничего навязанного делать не будем. И нам останется только одно – как в известной русской сказке приговаривать «Мерзни, мерзни, волчий хвост!»»

[Конфликт🔥Z Подписаться](https://t.me/konfliktworld)",,,
36434,"**Есть такое сомнительное заведение - Doski, которое находится в Питере. 

**Там работал сомнительный официант. Сомнительный, потому что демонстративно выходил к клиентам с жетоном ВСУ на шее. Такие номера не остались незамеченными и естественно за жетончик у петушка спросили посетители. Администрация узнав о проукраинском сотруднике быстренько выпизднули его из заведения.",,,
36435,"⚡️Телеканал **Disney прекращает своё вещание** на территории России с 14 декабря.

Рады, что они ушли?

👍 - Да
👎 - НЕТ

💤ТАКОЙ ДИСНЕЙ НАМ НЕ НУЖЕН ,НА ВЫХОД !!!

[Конфликт🔥Z Подписаться](https://t.me/konfliktworld)",,,
36436,"⚡️Путин заявил, что Росатом помог **укрепить ядерный щит России и обороноспособность страны** в целом.

РФ располагает такими технологиями использования ядерной энергии, которые **обеспечивают ей конкурентоспособность надолго**, — уверен президент России.

Многие из российских военных комплексов, включая ядерные, **не имеют аналогов**, — добавил он.

[Конфликт🔥Z Подписаться](https://t.me/konfliktworld)",,,
36437,"💶 **Венгрия не будет участвовать в предоставлении кредита ЕС Украине на 18 млрд евро 

**Премьер-министр Венгрии Виктор Орбан повторил, что Будапешт не хочет, ""чтобы Евросоюз превратился в сообщество государств, имеющих общие долги"" и заявил, что расходы нужно разделить так, чтобы каждая страна предоставляла средства сама. 

План Брюсселя заключался в предоставлении Киеву льготных кредитов на сумму 18 млрд евро в 2023 году. Программа предусматривала финансирование украинского бюджета в размере до 1,5 млрд евро в месяц.

[Конфликт🔥Z Подписаться](https://t.me/konfliktworld)",,,
36438,"‼️Чёрный день сегодня, в Куеве Зеленский отжал у православных Печерскую Лавру (одну из центральных русских святынь) в пользу католической секты именующей себя ПЦУ

💤Все вернём ,в своё время .
  Теперь можно стирать киев. 
  С лица земли.
  Там не осталось ничего святого.

[Конфликт🔥Z Подписаться](https://t.me/konfliktworld)",,,
36439,[Конфликт🔥Z Подписаться](https://t.me/konfliktworld),,,
36440,"‼️В Одессе свин кинул в свиней гранату. 

Камеры видеонаблюдения зафиксировали момент подрыва  полицейского патруля.

[Конфликт🔥Z Подписаться](https://t.me/konfliktworld)",,,
36441,"**‼️💥Флот в море, бомбардировщики в воздухе: Россия готовит массированный удар по Украине
**Об этом заявили в оперкомандовании ВСУ ""Юг и Гауляйтер Николаевской области.
__▪️""Россияне вывели в море корабли с залпом из 12 ""Калибров"". А также подняли в воздух три стратегических ракетоносца Ту-95__"", - сообщил Ким.
▪️В оперкомандовании ""Юг"" заявили, что ""последствия массированной атаки могут быть продолжительными"". 

💤ждём

[Конфликт🔥Z Подписаться](https://t.me/konfliktworld)",,,
36442,"**Европейский союз достиг компромисса о введении потолка цен на российскую нефть в $60 за баррель.** Об этом сообщает **Reuters** со ссылкой на свои источники.


💤Теперь мы не будем продавать европе, а точнее тем, кто поддержит эту херню, газ, так как цена не устраивает. Потеря покупателя, вот и всё.

[Конфликт🔥Z Подписаться](https://t.me/konfliktworld)",,,
36443,В Одессе горит трансформатор вышедший из строя в результате аварии. Одно из последствий ударов по энергоструктуре. Ждем продолжения.,,,
36444,"На Украине ширится недовольство тем, что власти утаивают реальные масштабы потерь. Бандеровцы понимают, что рано или поздно реальность перевесит пропаганду и недовольное население Украины будет активно выступать за прекращение войны

Хочу отметить, что в разговорах действительно слышится недовольство Зеленским. Его упрекают в том, что он наживается на войне, а на людей ему плевать

[Конфликт🔥Z Подписаться](https://t.me/konfliktworld)",,,
36445,"**💤Просто посмотрите это видео!!!!
**⚡️⚡️⚡️⚡️⚡️⚡️⚡️⚡️⚡️⚡️**
**Боевая работа** разведки 25 бригады**   . Продолжаем  посвящать  вас  в их нелёгкую, но очень эффективную работу . Вместе мы едины , а значит непобедимы! 
**Да здравствует Россия** ! 🇷🇺 **ВМЕСТЕ ПОБЕДИМ!**🇷🇺

[Конфликт🔥Z Подписаться](https://t.me/konfliktworld)",,,
36446,"**Последствия ночного ракетного удара по Запорожью. Целью атаки стали объекты энергетической инфраструктуры областного центра.

Уничтожен трансформаторный завод с готовой продукцией, так же задело и ВСУ, которые сидели в офисных помещениях.

**[Конфликт🔥Z Подписаться](https://t.me/konfliktworld)",,,
36447,"**Посмотрите на это ебаное дерьмо!
Это не человек, это просто вонючее, мерзкое, блядское дерьмо!

**[Конфликт🔥Z Подписаться](https://t.me/konfliktworld)",,,
36448,"✅**‼️🏴‍☠️🇱🇻 Ведущий уволен с ""Дождя"" за слова о помощи армии России, а Латвия оштрафовала и вынесла телеканалу предупреждение за карту с российским Крымом

**▪️Вещающий из Латвии телеканал-иноагент «Дождь» уволил Алексея Коростелева (на канале с 2014 г.). «Это очень сложное решение для нас, но руководство „Дождя“ считает его единственно верным и возможным», - заявила в эфире глава информационной службы Екатерина Котрикадзе.
▪️Вчера в передаче «Здесь и сейчас» Коростелев призвал сообщать о нарушениях при мобилизации и в зоне СВО, чтобы «в том числе, мы смогли помочь, например, с оснащением и с просто элементарными удобствами на фронте».
▪️Главред канала - иноагент Тихон Дзядко заявил, что ""Дождь"" только собирает данные ""о преступлениях ВС РФ"". Фразу Коростелева удалили из записей эфира.
▪️Сегодня же латвийский нацсовет СМИ оштрафовал «Дождь» на 10 000 евро за то, что он показал карту с Крымом в составе России и назвал армию «нашей». Это уже второе нарушение за полгода вещания, третье может стать последним и вещательную лицензию отзовут.

**💤Блять, может пора уже ебануть по ебучей Латвии ядеркой???? Нахуй она вообще нужна????

**[Конфликт🔥Z Подписаться](https://t.me/konfliktworld)",,,
36449,"⚡️**""Укрэнерго"" планирует выставить России счет за уничтоженные объекты энергоинфраструктура, — директор по правовым вопросам НЭК ""Укрэнерго"" Максим Юрков

💤 Всеми выплатами у нас занимается господин Суровикин ****😈**** 
Думаю целесообразно выплатить хихлам так же как и 15 ноября ****😂****

**[Конфликт🔥Z Подписаться](https://t.me/konfliktworld)",,,
36450,"**Пугачева анонсировала новый бизнес - теперь в её подмосковный замок можно сходить на экскурсию.
**[ ](https://t.me/+aoYkRTSizJY1YmRi)
Деньги с продажи билетов пойдут в ""благотворительный"" фонд Елены Зеленской - жены украинского президента, который занимается закупками амуниции и оборудования для ВСУ. Пока что на экскурсию можно попасть только по приглашению, но скоро возможность посетить покои ""королевы эстрады"" появится и у ""простолюдин"".

**💤Туда прям сразу можно выставлять наряд, что бы всех уёбков интересующихся подобным говном сажать за решетку как финансирующих терроризм! 
Вот же ж старая блядина!

**[Конфликт🔥Z Подписаться](https://t.me/konfliktworld)",,,
36451,"**💤Задача будет выполнена!**‼️‼️‼️

[Конфликт🔥Z Подписаться](https://t.me/konfliktworld)",,,
36452,"‼️‼️‼️

Число дезертиров в ВСУ выросло после заявления главы Еврокомиссии Урсулы фон дер Ляйен о потерях украинских войск.

Об этом заявил офицер Народной милиции ЛНР Андрей Марочко.

А как же чуть больше 10 тысяч? 🤔

[Конфликт🔥Z Подписаться](https://t.me/konfliktworld)",,,
36453,"**‼️‼️‼️СРОЧНО**

⚡️Несколько посольств Украины за рубежом получили ""окровавленные посылки"" с глазами животных — представитель МИД Украины

**💤Хохлы заебали Европу!

**[Конфликт🔥Z Подписаться](https://t.me/konfliktworld)",,,
36454,"**В Кракове украинских беженцев пришлось силком выковыривать из чужой квартиры

**В Кракове местные жители пустили к себе семью беженцев с Украины. Спустя короткое время  те сразу почувствовали себя панами и отказались платить по счетам, а в квартире устроили бардак. 

Когда хозяева решили их выселить, беженцы стали их оскорблять и заперлись в квартире. **Доставали их с помощью полиции и крана**.

[Конфликт🔥Z Подписаться](https://t.me/konfliktworld)",,,
36455,"**Братишка Хилер 🫡🇷🇺

**[Конфликт🔥Z Подписаться](https://t.me/konfliktworld)",,,
36456,"**Википедия удалила англоязычную версию статьи об Аллее Ангелов в Донецке.**

При этом в русскоязычной версии материала ошибочно утверждается, что памятник находится на территории Украины.


**💤Смотрите как правда скрывается. Ублюдки вы все поплатитесь за свои преступления и соучастия в них!!!!

**[Конфликт🔥Z Подписаться](https://t.me/konfliktworld)",,,
36457,"Хохлятский  БТР-4Е немного получил пизды и немного устал. 🤏

[Конфликт🔥Z Подписаться](https://t.me/konfliktworld)",,,
36458,"Тем временем соевая общественность в сриттере начала отменять дождь. 
Поводом послужил эфир телеканала в котором они заявили, что помогают снарягой для мобилизованных. 

**💤Нет вы не ослышались: дождь собирает на фронт.
Зрада чи Пэрэмога?😂😂

**[Конфликт🔥Z Подписаться](https://t.me/konfliktworld)",,,
36459,"**🇺🇸🇱🇹Дислоцированные в Литве ротационные подразделения армии США меняют уровень военного присутствия со сдерживания на боевой, заявил командующий армией Литвы генерал-лейтенант Вальдемарас Рупшис**",,,
36460,"**‼️Уровень тревожного настроения россиян вырос, следует из результатов исследования Фонда ""Общественное мнение"". 

**На вопрос, какое настроение преобладает сегодня среди их родных, друзей, коллег и знакомых, больше половины опрошенных (59%) ответили, что тревожное, при этом, согласно результатам опроса за 20 ноября, так отвечали 56%.

[Конфликт🔥Z Подписаться](https://t.me/konfliktworld)",,,
36461,"**‼️Под Бахмутом уничтожен грузинский наемник**
Информацию об уничтожении Джамбула Хоперии сообщил его отец.

Я предлагаю проводить эту мразь мерзкую в последний  путь :

 Земля тебе стекловатой   -🤬

Привет Бандере -💩

Гори в аду 🔥

[Конфликт🔥Z Подписаться](https://t.me/konfliktworld)",,,
36462,"""Не надо заставлять детей учить английский, пускай лучше изучают автомат Калашникова. И тогда скоро весь мир заговорит по-русски""

©Владимир Жириновский

[Конфликт🔥Z Подписаться](https://t.me/konfliktworld)",,,
36463,"Латвия разрушила пешеходные мосты на границах с РБ и РФ

[Конфликт🔥Z Подписаться](https://t.me/konfliktworld)",,,
36464,"💤Пиздаболка и пидарас с 2019 года со всех утюгов вещал ,что главная его задача это прекращения огня на донбассе,но мы видим ,что это очередной пиздёж, что и подтверждает нашу теорию «все Хохлы пиздаболы»

[Конфликт🔥Z Подписаться](https://t.me/konfliktworld)",,,
36465,"🤡 **Украинская «говорящая голова» Подоляк заявил, что ВСУшников погибло от 10 до 13 тысяч, а **гражданских украинцев - в разы больше. 

Урсула фон дер Ляйен разворошила «гнездо» успокаивателей. Теперь Подоляк решил рассказать, что цифры завышены, и вообще они «перемогают».

💤 пиздабол блять

Давайте проголосуем :

Подоляк -🤡

Или

Подоляк-💩

[Конфликт🔥Z Подписаться](https://t.me/konfliktworld)",,,
36466,"**‼️🇺🇦🏴‍☠️ Зеленский открыто заявил о подготовке запрета канонического православия
**▪️СНБО уже поручил проверить УПЦ на связи с Россией.
Идёт религиоведческая экспертиза устава и выявление связей с Московским Патриархатом.
▪️Нацистские власти преступают все законы морали и свободы вероисповедания, открыто начинают решать за украинцев, в какую церковь им ходить, а в какую - нет.

💤Выродок !

[Конфликт🔥Z Подписаться](https://t.me/konfliktworld)",,,
36467,"🤡Закономерный итог для молодого нациста. Поднял своё оружие против России — будь готов к погибели!!

[Конфликт🔥Z Подписаться](https://t.me/konfliktworld)",,,
36468,"**😎**** Сотрудники магазина H&M записали прощальное видео, так как компания официально ушла с российского рынка.

**Велика потеря?

😢 - ДА
🖕 - ДА и хуй с ним

[Конфликт🔥Z Подписаться](https://t.me/konfliktworld)",,,
36469,"⚠️⚠️⚠️

Командир украинского нацбатальона ""Свобода"" Пётр Кузик, чье подразделение удерживает Бахмут, сообщил, что его солдаты находятся в окопах, полных трупами, воюют в сильном холоде по колено в воде.

Отвечая на вопрос NV о том, насколько серьёзны людские потери, он сказал: **""Они колоссальны. Мы даже не считаем тела"".

**[Конфликт🔥Z Подписаться](https://t.me/konfliktworld)",,,
36470,"Расписание обычной свиношлюхи 
1. Сфотографироваться у сгоревшей кучи авто в бронике.
2. Сфотографироваться с мыколой 
3. Сделать вид что ты что то понимаешь в происходящем и выдавить слезу 
3. На следующий день сделать реснички
4. А потом поехать в одЭссу пить просеко

[Конфликт🔥Z Подписаться](https://t.me/konfliktworld)",,,
36471,"**Россия, Иран и Китай стали новым треугольником в международной дипломатии

**Об этом заявил постпред РФ в Вене** Михаил Ульянов** на своей странице в Twitter.

Он сообщил, что «постоянные представительства Китая, Ирана и России провели продуктивные трехсторонние консультации по вопросам, представляющим взаимный интерес».

__«Не похоже ли это на новый треугольник в многосторонней дипломатии – Китай, Иран и Россия? На самом деле этот формат можно легко увеличить. Есть много (если не большинство) государств, которые выступают за многосторонность и против попыток сохранить односторонний мир любой ценой», __– отметил дипломат.

**💤Лукашенко: «квадрат»! 😂

**[Конфликт🔥Z Подписаться](https://t.me/konfliktworld)",,,
36472,"Свинособаки атакуют посольство Ирана в Киеве, а в соцсетях угрожают убивать конструкторов беспилотников и их близких.",,,
36473,"**Байден случайно спиздил микрофон** со сцены во время открытия главной новогодней елки в США.

**💤Ебанат самоходный**",,,
36474,"**Недоактер и пиздабол Александр Курицын собирается снять фильм про призрака Киева. Сам маэстро сыграет Зе

💤Вонючий, мерзкий шут!**",,,
36475,"**Настоящие герои! Которые боролись против государственного переворота и полчищ бандитов и выродков!

Вспомним 2014 год.**",,,
36476,"🚀💥🔥**В каждом вопросе главное планирование ****🤣****🤣****🤣****

☢️США смоделировали последствия прилета 100-мегатонной ядерной бомбы по Куеву.**",,,
36477,**💤И свинорылые сидят каждый раз со своим тупыми ёблами и надеются что их возьмут в ЕAss🤦🏻‍♂️🤡🎪**,,,
36478,"**❗️СМИ публикуют снимки с аэродрома Энгельс-2 в Саратовской области. Идёт подготовка бортов для ошеломляющего удара по Украине.

На аэродроме минимум два десятка тяжелых бомбардировщиков Ту-95МС и Ту-160.**

-------------------‐-----------",,,
36479,"Бойцы ""Группы Вагнера"" передают привет недавно освобожденным территориям Озаряновка, Курдюмовка.",,,
36480,"Что-то хохлам уже не очень нравится оккупировать Херсон 
 
Говорят, всё пристрелено, и они там как мишени в тире...",,,
36481,"Бронеавтомобиль ""Новатор"" ВСУк после попадания танкового снаряда, водитель погиб, пассажиру оторвало кисть руки

**💤Наш танчик уебал по свиновозке**💥",,,
36482,"**‼️****‼️****‼️****‼️****СРОЧНО**

**Ну что хохлы ебаные!!!!!**
**ПИЗДА ВАМ!!!!

**🔥🔥🔥🔥🔥🔥🔥🔥🔥🔥
 

🇷🇺**__Нашим ребятам, с богом!!!!!__**",,,
36483,"**Российские морпехи рассказали о «танковом таране» украинской БМП
**Российские солдаты из 155-й отдельной гвардейской бригады морской пехоты Тихоокеанского флота рассказали об уникальной истории с «танковым тараном» в ДНР. 
Инцидент произошел в ходе боев в окрестностях Павловки, поля вокруг которой превратились из-за дождей в «труднопроходимое болото».
По словам одного из членов экипажа танка «Зенит», машина попала в противотанковый ров, из которого после долгих мучений удалось выбраться.
«Вылетаем из ловушки, как вдруг почти вплотную сталкиваемся с украинской БМП. На ее бортах перечеркнутые литеры V и украинский флаг: значит, трофейная. Выстрел — мимо! Еще — без толку! Как вдруг командир кричит: «Тарань его!» Разгоняемся и выталкиваем их прямо на мины. Взрыв! Смотрим — разворотило начисто».
В результате российскому танку удалось одному из первых ворваться в Павловку. В бою машина оказалась отрезанной от пехоты и несколько часов в одиночку отражала атаки противника. 
#ГдемытамПобеда",,,
36484,"❗️Путин о принятии новых территорий в состав РФ: это наши люди, мы должны сделать все, чтобы их поддержать",,,
36485,"**‼️🇪🇺🇷🇺В ЕС признали, что не могут конфисковать замороженные активы Центробанка России, - Wall Street Journal. 

**Это невозможно из-за действия международного принципа государственного иммунитета.
Теперь в Еврокомиссии предлагают государствам-членам и их международным партнерам создать фонд для управления ликвидными активами и откладывать прибыль от этих активов для инвестиций в планы восстановления Украины.",,,
36486,"Новый ЛГБТ мультик от Disney  «Странный мир» - с громким треском провалился в прокате! 

Распиаренный в СМИ мультик о космических приключениях Серчера Клейда и его сына-гомосексуалиста Итона аудитории не зашел и собрал с 4 174 экранов в Америке всего 18 миллионов за первые 5 дней проката, при прогнозе сборов минимум в $40 миллионов долларов. 

Мультик про космические приключения подростка гомосексуалиста дал одну из самых жалких касс в истории компании и заработал худший рейтинг среди зрителей. 

Один только расходы на продакшн «Странного мира» составили $180 миллионов и столько же потратили на маркетинг и дистрибуцию. Вернет ли «Disney» вложенные 360 миллионов долларов в гомосексуальную лабуду? Сильно сомневаюсь! 

Но пока в руководстве «Disney» будет сидеть бабец у которой из двоих детей один трансгендер, а второй гомосексуалист, и она своей целью поставила сделать все без исключения мультфильмы «Disney» радужными - компания будет нести колоссальные убытки! 

Ведь мнение зрителей и мнение мамаши двух парней с сексуальными отклонениями может кардинально не совпадать! Зритель голосует ногами! Он просто не пойдёт в кинотеатры смотреть это радужное дерьмо!",,,
36487,"**🚀****😀****🔥****Дмитрий Медведев: Россия умеет собираться в сложной ситуации и наносить необходимый удар, она сможет сделать это и сейчас.

Так их Димон, так их**!",,,
36488,"Скрин из хохлопаблика 

💤Миг 31 держит в тонусе хохлов 🤣🤣🤣",,,
36489,"**‼️💥 Воздушная тревога на территории всей Украины

**Украинские пропагандистские ресурсы сообщают, что на территории Беларуси взлетел МиГ-31К, который является носителем гиперзвуковой ракеты ""Кинжал""

Как сказал сегодня секретарь СНБО Данилов: __""Я хочу всех успокоить. Когда будет ракетный обстрел, власть обязательно вас об этом будет оповещать. Не надо жить постоянно в ожидании каких-то неприятностей. Живите своей жизнью, которая и так сложная""__.",,,
36490,"⚡️ЕС не собирается извиняться за удаленное сообщение о 100 тысячах погибших украинских военных, заявила официальный представитель Еврокомиссии.",,,
36491,"🇷🇺**Восстановления прежних отношений с Западом не будет**, заявил Сергей Лавров.

Главные заявления на пресс-конференции по вопросам европейской безопасности:

🗣В Европе пытаются выстроить безопасность без России и Беларуси, но Москве такая безопасность не нужна

🗣ОБСЕ превращается в маргинальную организацию, а нынешний ее председатель Польша выкапывает ей могилу

🗣Вскрылись факты участия ОБСЕ в корректировке огня по Луганску и Донецку

🗣НАТО вернулось к приоритетам холодной войны, русских хотят держать вне Европы

🗣США стремятся жить за счет других стран, Вашингтон будет наживаться на экономическом и энергетическом кризисах Европы

🗣Расширение НАТО создавало угрозу РФ, так как Альянс подошел слишком близком к границам России

🗣Москва не просила о переговорах с Киевом, но готова выслушать другую сторону

**💤Риторика меняется.другими словами-либо как мы скажем, либо пошли нахуй!**",,,
36492,"**💤Я про Херсон даже не информирую уже, там постоянные артдуэли и взрывы десятки раз в день. Я так понимаю свиньи понимают, что они там временные гости. Конечно дорого нам потом будет восстанавливать наши новые субъекты.**",,,
36493,"‼️🇺🇦🏴‍☠️**««Битва за Бахмут» может стать самой жестокой на Украине»** **-** **Newsweek

**Американский журнал пишет про избиение украинской армии под Артемовском (как его называют на Украине - Бахмутом): ""На фотографиях с передовой,  видны украинские солдаты, притаившиеся на корточках в унылом, обугленном ландшафте, напоминающем поля смерти времен Первой мировой войны"".",,,
36494,"🇷🇺**Недоумок в интернете притворялся бойцом ""Азова""(Запрещённая в РФ организация) и оскорблял Россию**. 

Однако сетевой ""боец"" не предполагал, что его речи обнародуют в сети интернет. В итоге его вычислила полиция - оказалось, что этот дебилоид из Воркуты.

В конце видео традиционные извинения.

💤Не думал что от срока можно откосить извинениями.",,,
36495,"⚡️ **Воздушно-космические силы провели пуск ракеты-носителя «Союз-2.1б» с космодрома Плесецк
**
◽️ 1 декабря 2022 г. с космодрома «Плесецк» (Архангельская область) боевым расчетом космических войск Воздушно-космических сил осуществлен пуск ракеты-носителя среднего класса «Союз-2.1б» с космическими аппаратами в интересах Минобороны России.


**💤Один за одним**",,,
36496,**ВСУсвин репетирует как он будет выглядеть через месяц. Судя по его довольному ебальнику его всё устраивает. Да и нас тоже 😉**,,,
36497,"**🇨🇳🇷🇺 Впервые Ту-95МС сел на аэродром в Китае. В свою очередь самолеты ВВС НОАК сели на аэродроме в России.

СВО до победного конца✊**",,,
36498,Северодонецк превратился в город призрак,,,
36499,"⚡️**Зеленский пригласил Илона Маска в Украину, чтобы он после увиденного рассказал, кто начал войну, как и когда ее заканчивать**, — NYT

**💤Придурок блять, пригласи его в 2014 год!**",,,
36500,"**Сбили хохла в ночном Куеве
Это потому что фонарик на телефоне не включил 😂😂😂😂😂**",,,
36501,"**Пхазахпха)))) это просто:«ЖРИТЕ УКРАИНЦЫ»
Какой же пиздабол это просто уму не постижимо 😂😂😂😂**
🤡🤡🤡🤡🤡🤡🤡🤡🤡🤡🤡🤡🤡🤡🤡🤡🤡🤡🤡🤡🤡🤡🤡🤡",,,
36502,"⚡️**Еврокомиссия рекомендует заморозить выделение Венгрии 7,5 млрд евро, причиной указывается ""проблемы с верховенством права""** — Euronews",,,
36503,"**💤Проститутка, а также по совместительству жена пидараса Зеленского, сказала что вы будете терпеть хоть год без электричества и воды! Прошло то всего 2 недели, хуле выползли то?😂**",,,
36504,"‼️🇺🇦🏴‍☠️Жители Киеве начали перекрывать дороги и трамвайные пути, протестуя против отключения света в домах.
На втором видео бульвар Вацлава Гавела.

**💤Ой а шо такое? Не нравится? 😂**",,,
36505,"‼️‼️В Чехии возбудили 49 уголовных дел на жителей, поддержавших российскую СВО в соцсетях, сообщает местное издание iRozhlas. 
 
По данным представителя полиции Онджея Моравчика, с каждым месяцем число подобных дел в стране только растёт.

По чешским законам в первый раз обвиняемый может получить до года колонии, за повторное нарушение ему может грозить уже до трёх лет лишения свободы.

**Это все, что вы хотели знать о европейской свободе слова, но боялись спросить.**",,,
36506,"**Министр обороны Республики Беларусь Виктор Хренин полагает, что НАТО отрабатывает вопросы наступательного характера и Беларусь с Россией уже напрямую рассматриваются в качестве противника

**Он отметил ""беспрецедентное наращивание присутствия американских и натовских воинских формирований в Восточно-Европейском регионе"", наращивание интенсивности полетов разведывательной авиации США и их союзников, в том числе у границ Беларуси, модернизацию военной инфраструктуры Польши и прибалтийских стран, повышение оборонных расходов сопредельных стран, увеличение численности национальных вооруженных сил, интенсификацию поставок в войска современных ударных вооружений.",,,
36507,"**Леонид Пасечник сообщает:

**""__Вопрос выезда за пределы Луганской Народной Республики волновал многих наших граждан. Существовали некоторые ограничения до вхождения республики в состав Российской Федерации.

Сегодня подписал документ, признающий утратившими силу нормы и указы, которыми ранее были установлены ограничения. 

**Жители республики спокойно могут передвигаться по территории нашего государства – Российской Федерации"".**__",,,
36508,"Мы рассказали вам про «Совет матерей и жен». Координаторы этой организации заявляют, что их деятельность якобы направлена на защиту прав мобилизованных на СВО и военнослужащих срочной службы. А заинтересовал их этот вопрос (как они заявляют) потому, что их собственные сыновья были мобилизованы. Но внимательное наблюдение за этой структурой показывает, что их абсолютно не волнуют парни, воюющие на передовой. Это клон «Альянса врачей» и «Альянса учителей» экстремиста Навального. Думаю вы хорошо помните эти прозападные структуры, собранные исключительно для дискредитации профессиональных сообществ. 
С поднаготной деятельности Совета мы еще познакомимся. Но это чуть позже. 
А теперь самое интересное к этой минуте. 
29 ноября «Совет матерей и жен» организовали онлайн пресс-конференцию «Матери не молчат». 

Во время пресс-конференции произошли технические неполадки, и в трансляции случайно появился режиссер мероприятия, чтобы устранить проблемы.  
А теперь обратите внимание на то, что за его спиной!?
Да, там  украинский флаг!
И это прямой повод и основание для осуществления проверочных мероприятий органами безопасности на предмет координации деятельности «Совета матерей и жен» украинскими спецслужбами.

upd «режиссером» оказался профессиональный белорусский гей-оппозиционер из БелСат Михаил Пранович, физически находящийся в Польше.",,,
36509,**🔥****Битва за Мариуполь****🔥**,,,
36510,"Распиаренные палатки для обогрева людей и зарядки гаджетов под нелепо-пафосным названием** ""Пункты несломленности"" предсказуемо стали местом притяжения различных маргиналов.

**В домовых чатах украинцы не советуют туда отправлять детей одних.

Перевод:

__""Просьба ко всем мамам! 

Не пускайте детей одних в «пункт незламностi» у нас во дворе.

Мою дочь там чуть не изнасиловали. Она пошла заряжать телефон, ее подкараулили там какие-то мрази. Требовали денег якобы за зарядку телефона. Денег с собой не было, и они стали ее зажимать и лапать. У одного был нож. Повезло, что пришел какой-то мужик в палатку, ее отпустили""__",,,
36511,"**‼️****Выход фрегата «Адмирал Головко» (заводской номер 923) - третий корабль проекта 22350 для ВМФ РФ на ЗХИ.**

Ноябрь 2022 / Санкт-Петербург",,,
36512,"**Хохлы пытаются запретить Деда Мороза в Германии

**Группа людей с хохлятскими тряпками и антироссийскими плакатами провела протестную акцию во время новогоднего праздника русскоязычного сообщества в Берлине. На кадрах видно, как десятки взрослых и детей собрались возле ""Русского дома"" в немецкой столице, чтобы встретиться с прибывшим в город Дедом Морозом и зажечь огни на новогодней елке. В ходе праздника собравшиеся на другой стороне улицы свинобомжи размахивали хохлятскими тряпками, держали плакаты с антироссийскими надписями, а также скандировали лозунги: ""Россия - террористическое государство"", ""Дед Мороз - спонсор терроризма"" и другие.

**💤всех этих ебанатов нужно отправить в обсервацию и не выпускать оттуда никогда!**",,,
36513,"**‼️****‼️****‼️****Тем временем

**🔥**Нашими войсками населенный пункт Андреевка (ДНР) полностью освобожден от националистов в результате наступательных действий, сообщает МО РФ

****🔥****Также продолжаются успешные наступательные действия по освобождению Водяного.**",,,
36514,"🇺🇦🚀**Френдли фаер по-хохлячьи.

Можно просто им не мешать и они сами друг друга денацифицируют 🤡**

**💤 «ой ты ранен?» 
хаххахахах
Ебанул просто в своего с рпк 😂😂😂😂 сука идиот)))**",,,
36515,"🔥Обращение заключенных, которые уже 5 месяцев воюют на фронте в составе ЧВК ""Вагнер"". Для них фронт это возможность искупить вину и шанс начать новую жизнь, принося пользу Родине.",,,
36516,"**🇵🇱****🇺🇦****🇷🇺Власти Польши намерены узнать мнение жителей Западной Украины о возможном воссоединении с западным соседом. В частности, стало известно о планах польского руководства провести референдум о присоединении во Львовской области. В целях сохранения легитимности этих намерений Польша планирует воспользоваться опытом России при возвращении своих исконных территорий. Об этом сообщил директор Службы внешней разведки РФ Сергей Нарышкин.

Неожиданно****💃****💃****💃**",,,
36517,**💤Чувствуете этот соленоватый вкус? Это слёзки Хохлов 😂😂😂**,,,
36518,⚡️⚡️⚡️⚡️**Задержанных на Украине во время обысков священников Православной церкви хотят обменять на пленных солдат ВСУ — представитель ГУР Минобороны Украины Андрей Юсов**,,,
36519,"**Полезные рекомендации от Министерства здравоохранения Украины ****☠️****🔦

💤Фонарик на телефоне есть, а электричества что бы блять его включить - нет 😂**",,,
36520,"⚡️**ЕС, скорее всего, установит потолок цены на нефть из РФ на уровне $62 за баррель, сообщил источник в Брюсселе РИА Новости

💤**🤡🤡🤡🤡🤡🤡🤡",,,
36521,"‼️**сообщают:

**__Докладываю по Бахмуту:

Идут тяжелые бои на подступах к Артемовску, штурмовые отряды ВС РФ: ВДВ, ЧВК и ВНГ осуществляют медленное но уверенное продвижение с темпом до 1 км в сутки. 

В н.п. Опытное уличные бои. Противник пытается безуспешно контратаковать с целью восстановления утраченных позиций. Наша артиллерия наносит сильное огневое поражение. Противник несёт потери. 

Вчера в районе Краматорска сбили с использованием ПЗРК «Верба» был сбит СУ-25 противника.__",,,
36522,"❗️**Взрыв в посольстве Украины в Мадриде прогремел после вскрытия одного из писем** **- там находилось небольшое взрывное устройство, сообщает Europa Press

**Сейчас на месте уже работают саперы и полиция, пострадал сотрудник посольства, который и вскрыл конверт.

**💤 Испанцев видимо хихлы так заебали, что «Богам» начали писать  письма с рекомендациями покинуть страну 😂**",,,
36523,🚀💥🔥**Сообщают о серии взрывов в Херсоне**,,,
36524,"🚀🔥**Воздушная тревога объявлена в Днепропетровской, Кировоградской, Харьковской и Полтавской областях Украины — украинские СМИ**",,,
36525,**🚀****💥****🔥**🇺🇦**Так же были звуки взрывов в пригороде Одессы!!!**,,,
36526,**🚀****💥****🔥**🇺🇦**На Днепропетровщине был слышен взрыв!!!**,,,
36527,"💥🇪🇸🇺🇦**В посольстве Украины в Мадриде произошел взрыв**, один человек ранен, — Reuters.",,,
36528,"**‼️🇺🇦🇳🇿 Мощная подготовка инструкторов НАТО: ВСУшников учат дико вопить и кривляться 🤡
Министр обороны Великобритании Бен Уоллес посетил центр подготовки украинских военных, где с ними работают инструкторы из Новой Зеландии. Этот цирк можно увидеть на видео.

💤Ахахахахаха, блять, они будут готовить идиотов?😂**",,,
36529,"‼️**🇺🇦**🧟‍♂️⚰️**Запорожские морги переполнены боевиками ВСУ

В городе Запорожье морги переполнены телами уничтоженных в боях украинских боевиков и наёмников.**",,,
36530,"‼️‼️‼️**
💤Самое удивительное что хохлы реально верят в победу **😂😂😂**
Этож  на сколько надо быть долбаёбами? 
То есть сидеть в темноте, срать в пакет и думать «що Краина переможья» ****🤷‍♂️**",,,
36531,Вертушки в зоне СВО,,,
36532,"**В Крыму школьница из Херсона на уроках игнорирует гимн России и рисует флаг хохлов.**

В одной из школ Красноперекопска родители обеспокоены поведением восьмиклассницы, переехавшей в Крым из Херсона. Зумерша не скрывает негативное отношение к России. 
Одноклассники нашли у новенькой рисунки украинского флага и сняли на видео, как она демонстративно сидит при гимне России. А когда ей говорят «Слава России», она отвечает «Слава Украине». 

В украинских соц сетях она уже стала героем.
------------------------------

Взять её вместе с родителями и принудительно отвезти на границу. А там пусть пешком идут к любой Краiне",,,
36533,"**Граффити с ""чёрной дырой"" появилось во Франции

**__""Привет, Франция. Дай мне все твои деньги""__.
 
На картинке чётко видно, что Зеленский нагло и беспощадно затягивает в дыру деньги и золото европейцев.

**Шедеврально.**",,,
36534,"⚡️Украине стоит думать не о членстве в НАТО, **а о сохранении государства** — Столтенберг",,,
36535,"Вот тебе, дорогой читатель, еще одна веха жизни хохла. 

Напомню, что даже насилующих немецких женщин, представителей ближнего востока так говном не поливали. То то еще будет...😏

💤вот она , «грязная бомба» от Хохлов 🤣",,,
36536,"⚡️⚡️⚡️⚡️⚡️
**Сообщают о взрывах в Херсонской области**",,,
36537,"‼️‼️‼️**СРОЧНО **


**Польша форсирует подготовку к аннексии Львовской, Ивано-Франковской и большей части Тернопольской областей Украины, заявил РИА Новости глава СВР Нарышкин**",,,
36538,"**Мысли хохлов по-поводу, я бы сказал заниженного колличества убитых.

Пока непринятие.😈
**🔥🔥🔥🔥🔥🔥🔥🔥🔥🔥🔥**
Хохлы выходите на митинги! 
Свергайте Киевский режим!
Сохраните жизнь своим мужам!**",,,
36539,"Украина поставляет оружие, полученное от НАТО, на черные рынки почти в промышленных масштабах. Об этом в интервью «Известиям» рассказал действующий боец ВСУ.

__«Я не знаю конкретно эту схему, но она по ходу работает везде одинаково. С оружием, наркотиками, да с чем угодно», __— сказал он.

По его словам, Запад сам помогает Украине в таком сбыте боеприпасов. Также боец ВСУ предположил, что покровители поставок оружия НАТО на черные рынки готовы избавиться от предателей, раскрывших информацию о таких махинациях. Это возможно в случае, если интересанты являются высокопоставленными чиновниками. 

Видео: «Известия».",,,
36540,"**💤Февральская компания v 2.0?
**🔥🔥🔥🔥🔥🔥🔥🔥🔥🔥",,,
36541,‼️**Минобороны России: на Донецком направлении в результате наступательных действий российских войск полностью освобождены пункты Белогоровка и Перше Травня (ДНР)**,,,
36542,"‼️**Биржевые цены на газ в Европе превысили $1500 за тысячу кубометров на новостях о том, что Норвегия отложила выдачу нефтегазовых лицензий на три года

**На сегодняшний момент Норвегия является лидером по поставкам ""голубого топлива"" В ЕС. В 2022 году импорт составит 122 млрд кубометров.",,,
36543,"Dior обвинили в скрытой рекламе России после презентации новой рождественской коллекции. Подписчикам бренда в запрещённой ""инсте"" показалось, что берёзки и стиль одежды кое-что напоминают.",,,
36544,"‼️Министр иностранных дел Румынии Богдан Адреску **призвал Украину признать,** **что молдавского языка не существует**, — пресс-служба румынского МИД.

**💤****😂****😂****😂**** может вы еще молдаван за людей не считаете? Нацисты ебаные!**",,,
36545,"🤡🎪🤡🎪
⚡️**В Офисе президента Украины прокомментировали удаление видео из аккаунта Урсулы фон дер Ляйен в Твиттере

**Спикер президента Сергей Никифоров заявил, что информация о потерях является ""чувствительной"", поэтому озвучивать ее может главнокомандующий, министр обороны и президент.",,,
36546,"**🇵🇱 В Польше появилось кладбище для польских наёмников, убитых на Донбассе**

Это кладбище американского типа - никаких оград и цветов, только каменные надгробия. Рассчитано на 1700 могил. Строят его, чтобы у людей было меньше вопросов из-за ежедневных воинских похорон.",,,
36547,"В Катаре впервые в истории чемпионатов мира матч Германии и Коста-Рики будет судить полностью женская команда судей под руководством француженки Стефани Фраппар

Прежним (брутально-мачистско-показушно-мужским) футбол уже не будет никогда. Это здорово! Браво, ФИФА!
– заявил российский комментатор Андронов.


**💤 А следущий судья будет пидор-трансексуал-лезбиян-зоофил! Вот 10000%**",,,
36548,"🤷‍♂️Из Твиттера главы Еврокомиссии Урсулы фон дер Ляен пропал видос, на котором тетя докладывала о 100 тысячах погибших военнослужащих ВСУ.

Его заменили на безобидный доклад про экономическую ситуацию.

Украинцы, успевшие посмотреть этот урок математики охуели и выхуели обратно.",,,
36549,"‼️🇷🇺**Российские войска взяли Курдюмовку

**Идет зачистка. Об этом заявил врио главы ДНР Денис Пушилин. 

💤дальше больше 👍🏼",,,
36550,"‼️🇺🇸🇷🇺 **""Путин загнал Украину в ловушку"", — экс-командующий силами НАТО в Европе

**Американский генерал Уэсли Кларк считает, что действия российских военных заставит Украину сесть за стол переговоров, а Бахмутское направление станет мешком для перемалывания ВСУ.
""__Противоборствующие стороны всегда стремятся как-то сосредоточить боевую мощь. Поэтому они и сконцентрировались на Бахмуте. Взяв его, они получат доступ к Краматорску и Славянску. Также город служит своего рода огневым мешком для перемалывания украинских сил. К чему русские и стремятся""__,—добавил он.",,,
36551,"Германия, Берлин, кастрюлеголовые пришли протестовать к русскому дому против деда мороза и снегурочки. Банды бродячих активистов плавно украинизируют Европу. В принципе, это хорошо

💤Многие немцы теперь чётко различают украинцев и русских",,,
36552,"__В районе населенного пункта Пологи российскими военнослужащими обнаружена пыточная комната украинских националистов, в которых проводились пытки. 

Очередное подтверждение того, что украинской стороне плевать на все международные конвенции и договоры__

💤выродки! Не люди!",,,
36553,"**‼️🇺🇦☠️ Потери ВСУ свыше 100 тыс. боевиков — Еврокомиссия

**Ущерб, полученный Украиной, повысили до 600 млрд евро, такую оценку дала глава ЕК Урсула фон дер Ляйен

Можно умножать в разы, плюсом не считаем МВД, добровольцев, тероборону, наёмников и другие соединения которые не идут в учёт",,,
36554,"Сегодня в Киеве будут действовать экстренные отключения света - ДТЭК.

И так, прошло 6 дней с того момента, когда власти Киева заявили, что через сутки будет всё работать и все вернутся к графикам.

Готовьтесь к эвакуации свинособаки!",,,
36555,"⏺⏺⏺
Новая пикча: - **""Доброе утро или однажды в свинарнике""

**Хочется сказать большое спасибо нашим подписчикам, которые добросовестно ставят реакции. Так же новым подписчикам тёплый салют!💥💥🔥",,,
36556,Хохол рассказывает про распорядок для ВС России! 😂,,,
36557,"Два друга решили посетить 10 самых дорогих ресторанов Москвы надев комуфляжную форму со знаками V. 
И вот что из этого получилось...
Эксперимент в сравнении с Саратовским пабом, где бородатый ублюдок, видимо сочувствующий нашим врагам не пустил добровольца в военной форме!",,,
36558,"🔞**Свинью собирают по кускам, даже волосы с лобка нашли и швырнули в пакет😂**",,,
36559,"**💤****🔥****Генерал Армагедон****🔥****, завтра Ваш выход!**",,,
36560,"**ВСУ обстреливают Курскую область — зафиксировано 11 прилетов 

**В данный момент ВСУ обстреливают Суджанский район Курской области. По заявлению Романа Старовойта, губернатора области, есть попадание по объекту энергоснабжения.

В данный момент обесточены два района — Суджанский и Кореневский. По предварительной информации, пострадавших нет. Экстренные службы в ближайшее время приступят к ликвидации последствий обстрелов.",,,
36561,"**💤Не о попытке пидарас, а о плотном наступлении!!!!**",,,
36562,"**‼️🇷🇺🇺🇦 Соотношение в артиллерии в боях за Артёмовск – 9:1 в пользу российских войск.

Об этом заявил представитель Зеленского Арестович.

Также он сообщил о попытке наступления русских войск южнее Горловки.**",,,
36563,"‼️🇪🇪🇱🇻 Прибалтйские вымираты в страхе перед денацификацией призывают Запад разрешить Украине наносить удары по России и срочно нарастить помощь ВСУ

▪️Глава МИД Латвии: ""Необходимо разрешить украинцам использовать оружие для поражения ракетных объектов или аэродромов в России"".
▪️Глава МИД Эстонии призвал страны Европы тратить 1% ВВП на оружие для Украины. По словам Урмаса Рейнсалу, сейчас этот показатель составляет около 0,2%, но следует его повысить до 1% и тогда это значительно сможет повлиять на ход конфликта.
🏴‍☠️Нацистские русофобские режимы прибалтийских карликово-уродских стран давно боятся, что после Украины Россия займется денацификацией Балтики.",,,
36564,"P. S. Если, как намекнул Столтенберг, НАТО поставит киевским фанатикам комплексы Patriot вместе с натовским персоналом, они сразу же станут законной целью наших Вооружённых сил. Надеюсь, атлантические импотенты это понимают.",,,
36565,"**‼️‼️‼️СРОЧНО 

Армия России начала активную атаку  на Донбассе и Лиманском направлении**",,,
36566,"‼️‼️‼️**Медведев: если НАТО поставит Киеву комплексы Рatriot и предоставит свой персонал, то альянс сразу станет законной целью Вооруженных сил РФ**",,,
36567,"🇨🇳**В Китае полный пиздец**: людям дистанционно меняют куар-коды в смартфонах на **желтые** и **красные**. 

**Желтые** означают, что их не выпустят из того района, в котором они находятся, а также **не пропустят обратно домой и вам придется жить на улице. **

**Красные** означают принудительную отправку в ковидные лагеря за свой счет.",,,
36568,"⚡️США не станут включать РФ в свой список стран — спонсоров терроризма, это среди прочего может помешать зерновой сделке — постпред Соединенных Штатов при ОБСЕ.

🤡

**💤Ну пиздец :(((((  **😂😂😂",,,
36569,**Сука болван блять 😂😂😂😂😂**,,,
36570,"‼️✅Польша не собирается отдавать Украине свои зенитно-ракетные комплексы Patriot, заявил премьер-министр Матеуш Моравецкий

**💤Конечно, после того как хохлы ебанули своей ракетой по пшекам, Курвы повернули свои ЗРК в сторону хохлов. Из серии «ну его нахуй от греха подальше» 😂**",,,
36571,На подобные тупорылые новости можно реагировать только вот такими замечательными картинками 😂,,,
36572,"Инициативы и идеи украинских властей умудряются убивать украинцев в самых неожиданных местах — даже в так называемых ""пунктах несломленности"". 
 
**В одном из таких пунктов на территории Харькова сразу три мирных жителя погибли из-за отравления угарным газом.  
** 
Новость оказалась до того политически вредной (мол, что же это за ""несломленность"" такая?), что упоротое издание ""УНИАН"" оперативно потёрло публикацию. Но вряд ли это вернёт жизни людей, погибших из-за безруких и безмозглых организаторов пунктов обогрева и зарядки гаджетов.

**💤Свиновласть вообще нахуй никого не щадит 😂 Не вояк, не мирняк 😂**",,,
36573,"**В подтверждение освобождения Курдюмовки к югу от Артемовска/Бахмута появился репортаж ""Известий"" из этого населенного пункта. 
** 
__""Снова обмениваемся ударами, буквально секунда — прилет со стороны украинской артиллерии, тут же наш ответ""__, — рассказал военкор Денис Кулага",,,
36574,"⚡️⚡️⚡️⚡️⚡️⚡️
Залетайте в чат скорее ‼️
**БУДЕТ ИНТЕРЕСНО**

https://t.me/+8y_F_4yLvRphMGJi

🔥🔥🔥🔥🔥🔥🔥🔥🔥🔥🔥",,,
36575,"**‼️🇫🇷🇺🇦 На Украину прибыли французские аналоги HIMARS - РСЗО LRU

**РСЗО LRU  - французский модернизированный аналог американской системы M270 / HIMARS на гусеничной платформе. Может применять корректируемые снаряды с дальностью полета до 85 км.",,,
36576,"Латвия готовится к Новому году 

💤Ублюдки",,,
36577,"‼️‼️‼️‼️‼️

**Жителя Одессы, который вывесил на одном из домов в городе российский флаг, приговорили на Украине к 15 годам тюрьмы за госизмену — ТАСС**",,,
36578,Красотища…..,,,
36579,"**✅****Сейчас можно говорить о полном контроле обстановки по линии Озаряновка-Курдюмовка-Зеленополье. Этот треугольник стратегически важен как высота над Артемовском, Часовым Яром и Константиновкой. Но главное - это контроль трассы снабжения ВСУ на Часов Яр. Теперь она под контролем Русской Армии.**

**Сейчас силы неонацистов оттягиваются за Часов Яр, перегруппировываются и отходят на базы в Краматорск**.",,,
36580,"‼️🏴‍☠️🇺🇦Война до последнего украинца: Генсек НАТО сделал ряд заявлений по военному конфликту

▪️Победы России ""сделает наш мир еще более опасным, а всех нас - еще более уязвимыми"".
▪️""Рост счетов за продукты питания и электроэнергию означает тяжелые времена для многих домохозяйств в Европе"". ""Мы все платим цену за войну России против Украины"".
▪️Для успешных переговоров нужны успехи на фронте. ""Мы знаем, что большинство войн заканчиваются за столом переговоров. Но происходящее за столом переговоров напрямую связано с тем, что происходит на поле боя. Поэтому, чтобы создать условия для длительного мира, мы должны убедиться, что Украина победит как суверенное независимое государство. Мы должны продолжать оказывать военную поддержку Украине"".
▪️Союзники по НАТО доставили генераторы и запчасти, чтобы помочь Украине восстановить ее разрушенную энергетическую инфраструктуру.",,,
36581,Бахмут изнутри,,,
36582,‼️💥 **Воздушная тревога ревёт по всей Украине**,,,
36583,**💤А что если Зеленский специально уничтожает Усраину изнутри? 😂**,,,
36584,"🇲🇩** 40 тысяч молдаван вышли на протест в Кишиневе**

Майа Санду обрекает их на холодную и голодную зиму",,,
36585,"Вагнер отправляет к бандере и прочим шайтанам в районе Бахмута следующие бригады:

Шайтанский батальон Джохара Дудаева.  
30-я механизированная бригада.  
58-я механизированная пехотная бригада.  
53-я механизированная бригада.  
4-я бригада быстрого реагирования.  
241-я бригада территориальной обороны.  
71-я егерская бригада.

Помимо официальных сведений в боях принимают участие иностранные наемники из США, Канады, Испании, Польши, Германии, Англии, Франции, Чехии, Грузии.",,,
36586,"🇺🇦☠️🔞 **Трупы украинских террористов в разбитых укрытиях под Артемовском

💤**«о**тсолнцепечили**»** ** свинок**🔥

**[Конфликт🔥Z Подписаться](https://t.me/konfliktworld)",,,
36587,"‼️🇺🇦🤡**""Целая страна электриков, а электричества нет"" - бывший премьер Украины

**Поискать электриков можно еще в ВСУ. Там же только электрики, повара и водители.

💤И доблбоебы

[Конфликт🔥Z Подписаться](https://t.me/konfliktworld)",,,
36588,"**Через 6 месяцев Украина вернет Крым,** – Арестович.

«Ни марсиане, ни американцы, ни американцы с китайцами Крым не удержат, если все сделать правильно. Крым очень уязвимый объект для удержания в обороне – крайне уязвим и крайне неудобен. Там весь этот Крым – это Крымский мост, который и так уже не очень»

💤Люсины сказки 🤡

[Конфликт🔥Z Подписаться](https://t.me/konfliktworld)",,,
36589,"Сегодня состоится самый принципиальный матч этого чемпионата мира. 
Пендосы против наших братушек Иранцев! 
Матч за выход из группы. 
США нужна только победа.
Иранцев устроит и ничья.

Верим в Иранцев! Наших братьев!

[Конфликт🔥Z Подписаться](https://t.me/konfliktworld)",,,
36590,"Хохол** пидор с флагом ЛГБТ и в футболке с надписями в поддержку Украины и иранских женщин** выбежал на поле во время второй половины матча Португалия — Уругвай

**💤Воооот европка привыкай! Хохлы вам покажут как «правильно» жить надо 😂

**[Конфликт🔥Z Подписаться](https://t.me/konfliktworld)",,,
36591,"В Куеве жильцам вывесили объявление, что ходить в туалет при отсутствии света будет нельзя, т.к. насосы не работают, система наполнится и всё полезет в квартиры нижних этажей.

А потому единственное спасение - туалет во дворе по типу ""клозет"".

Или иметь дома ведро с пакетами, чтобы ходить в них, а потом пакеты выносить на улицу.

В общем, идём через тернии ~~к звёздам~~ в Европу. Но при этом дышится всё трудней.

💤В Европе в 19 веке горшки выливали из окон прям на улицу. Надо же с чего-то начинать.😁

[Конфликт🔥Z Подписаться](https://t.me/konfliktworld)",,,
36592,"МИД Канады вызвал посла России из-за твита посольства о том, что семья — это мужчина + женщина + дети.

""Российская гомофобная пропаганда здесь не приветствуется!"" — возмущённо заявила федеральный министр Канады, открытая лесбиянка Паскаль Сент-Онж.

В ответ посольство России предложило министру подумать и ответить, как она сама появилась на свет.

""Мы абсолютно не можем мириться с этой риторикой и ещё меньше с последующими комментариями по поводу ответа министра Сент-Онжа"", — говорится в заявлении директора по коммуникациям МИД Канады Эмили Уильямс.

💤Заморским пидарасам слова не давали . 
Ещё не хватало , чтоб нас заднеприводные жизни учили

[Конфликт🔥Z Подписаться](https://t.me/konfliktworld)",,,
36593,"**💤Пиздец тебе бородатая залупа и бару твоему тоже пиздец

**[Конфликт🔥Z Подписаться](https://t.me/konfliktworld)",,,
36594,**🔥****Пожар на месте одного из прилётов в Днепропетровске**,,,
36595,"🚀🚀🚀💥💥💥
**ВАМ КТО СПАТЬ РАЗРЕШИЛ БЛЯТЬ? 
ДУМАЛИ ПОСРАЛИ В ПАКЕТЫ И В ЛЮЛЮ? Нихуяяяяя! **
**ДОБРОЙ НОЧИ, МЫ ИЗ РОССИИ!**",,,
36596,"**🚀****💥****🔥****По Днепру прилёты за прилётами

Генерал Суровикин не забыл про правило понедельника.**",,,
36597,"✅В Белом доме заявили, что США ждали встречи комиссии по исполнению  СНВ-III и рассчитывают на её скорое проведение.

Ранее в МИД России заявили, что сессия комиссии РФ — США по СНВ-III, которая должна была пройти в Каире с 29 ноября по 6 декабря, переносится.
----
Возьмите талончик 😁",,,
36598,"**‼️ВЗРЫВЫ В ЁБАНОМ ДНЕПРЕ!**

**ГОВОРЯТ ЧТО В ДНЕПРЕ ТАК СИЛЬНО УЕБАЛО,ШО У СВИНЕЙ КОПЫТА НАХУЙ ОТЛЕТЕЛИ**",,,
36599,"**‼️🔥Хохлятские источники активно педалируют сообщения о подготовке российской стратегической авиации к очередной волне ракетных ударов по энергетической инфраструктуре. Якобы одновременно готовится около 20 ракетоносцев, чего ранее не наблюдалось. О скором возобновлении ударов вчера заявлял и президент Украины Владимир Зеленский.

На самом деле не стоит удивляться подобной информированности украинских властей. Подготовка вылета стратегических ракетоносцев и выхода в море ""калиброносцев"" сопровождается масштабными мероприятиями и активизацией переговоров, что сразу фиксируется спутниковой и радиотехнической разведкой НАТО. Невозможно проводить подобные масштабные операции незаметно, однако даже наличие у противника точной информации о дне ""П"" не дает ему большого преимущества - вес залпа авиации и флота все еще превышает противоракетные возможности ВСУ и потому отразить удар при наличии любого знания не выйдет.**",,,
36600,"**💤Посмотрите что эти мрази делают!!!!!! 
Это чистой воды сатанизм! 
Я очень надеюсь что скоро их отправят всех в ад!!!!**",,,
36601,"28 ноября, в 18 часов 17 минут с Государственного испытательного космодрома Министерства обороны Российской Федерации в Архангельской области боевыми расчетами космических войск ВКС проведен пуск ракеты-носителя среднего класса «Союз-2.1б» с космическим аппаратом в интересах Минобороны России.

**💤Какой это уже по счету? Я уже потерял число 😈😈😈**",,,
36602,"Гордон призывает украинцев терпеть сидя без воды, отопления и света, при этом сам он живет в тёплых, роскошных апартаментах со светом

**💤хахахаза бляяяя)) такой даун)))))**",,,
36603,"‼️‼️‼️**СРОЧНО **

**Артемовск находится в полном окружении.**",,,
36604,"В Китае обратили внимание на возросшую интенсивность полётов российских транспортных самолётов в аэропорт Чжэнчжоу и ряд других.

Сообщается, что самолёты забирают грузы военного назначения, за исключением оружия.",,,
36605,"Украина, Иностранный легион.

Поляки жгут Библию, изданную русскими православными.

Для них это крестовый поход, а мы ВСЕ должны быть уничтожены или порабощены.

💤Там где сначала жгут Книги - потом жгут Людей!Без Бога в душе без царя в голове.

[Конфликт🔥Z Подписаться](https://t.me/konfliktworld)",,,
36606,"""11 апреля нас бросили командиры. __Мы сидели и не знали что нам делать. Кто-то переодевался в гражданку и шел сам на прорыв. Я сидел с ранеными. Вышел какой-то майор и сказал, что мы сдаёмся. 12 числа мы погрузились в МАЗы и сдались. Первыми были раненые""

__[Конфликт🔥Z Подписаться](https://t.me/konfliktworld)",,,
36607,"**🇺🇦Чубатый показывает вещи побратимов, которые отошли к Бандере

**__""Эти вещи тех людей, которым эти деньги уже не понадобятся...""

**💤Ой блять, поплачь еще свинорылый чёрт . Совсем скоро и **__**твои тряпки будут так же лежать

**[Конфликт🔥Z Подписаться](https://t.me/konfliktworld)",,,
36608,**Никто не видел потеряшек?**,,,
36609,"**Херсон сегодня
**На видео Максим Абрамович, секретарь Федерации бокса Херсонской области.

В связи с тем, что у него лежачая бабушка и пожилые родители, он не смог выехать с правого берега.
Попал в плен к укропам. 

 Над ним издевались. Жив он или нет, мы не знаем. 

 Посмотрите на снимок: возможно, что это окопы, которые копают несчастные узники. Или, что тоже вероятно, могилы. Также вырытые их руками…

 Фото прислал Виталий Бакалец - тренер по боксу из Николаева - с угрозой тренерам, которые выехали из Херсона и Новой Каховки на левый берег.
Пишет, гад: «Готуйся». То есть, мол, готовьтесь и вы.",,,
36610,"**‼️‼️‼️СРОЧНО 

Президенты России и Казахстана подписали совместную декларацию

**Путин и Токаев приняли документ по итогам переговоров в Москве:

▪️РФ и РК продолжат взаимодействие между вооруженными силами.

▪️Москва и Астана будут и дальше развивать военно-техническое сотрудничество.

▪️Стороны развивают союзнические отношения и занимают близкие позиции по актуальным международным проблемам.

▪️Россия и Казахстан намерены наращивать потенциал ОДКБ и совершенствовать борьбу с современными угрозами.

▪️Москва и Астана воздерживаются от нанесения вреда стратегическому партнерству и укрепляют сотрудничество в области энергетики и транзита энергоресурсов.

▪️РФ и РК прилагают усилия по предотвращению гонки вооружений и военных действий в космосе.",,,
36611,"**‼️⚡️🇺🇦 Украина планировала захватить Крым к 2023 году — The Economist

**Бывший командующий ВДВ Украины Михаил Забродский заявил, что ""операция по возвращению Крыма не просто возможна — ее планировали к 2023 году"".
Он добавил, что если бы командование публиковала все планы в СМИ, то они не достигли бы ничего.

**💤Значит мы абсолютно правильно делаем что ебём хохлов вонючих! И слава богу что наш Президент 23 февраля 2022 года принял это решение! 
****🔥****ВСЕ ЦЕЛИ СПЕЦОПЕРАЦИИ БУДУТ ВЫПОЛНЕНЫ ДО КОНЦА! 
****🔥****ВСЕ УБЛЮДКИ НАЦИСТЫ С ОРУЖИЕМ В РУКАХ БУДУТ УНИЧТОЖЕНЫ!
****🇷🇺****СЛАВА РОССИИ!
****🇷🇺****СЛАВА РУССКОЙ АРМИИ!**",,,
36612,"Похоже, украинский журналист, прикомандированный к украинской армии в Артемовске (Бахмуте), прямо сейчас бежит из города.

Она выложила последние фотографии мешков и одежды погибших украинских солдат, а также видео, по всей видимости покидают город.",,,
36613,"Подоляк дал слово, что через 6 месяцев включится в эфир украинского канала из набережной в Ялте.

**💤А если не включишься, то пиздабол на весь мир?😂
И мне интересно в гробах под землей есть интернет? Как ты включаться будешь?**",,,
36614,"**‼️‼️‼️СРОЧНО **

**В Марьинке бои идут уже в центре города — Пушилин

💤Наши парни выдавливают ублюдков под Днепром!!!!**",,,
36615,"**‼️Если Украине не будет доступна мощная ПВО, то через несколько недель в стране наступит полный блэкаут, заявил полковник Минобороны Австрии Маркус Райснер.

💤Украинское ПВО не доступно или находится вне зоны действия  сети 😂**",,,
36616,‼️Армия Сирии направила подкрепления на север Алеппо для отпора турецким войскам.,,,
36617,"❗️Турецкая армия практически закончила приготовления к наземной операции в Сирии, ждет решения президента — СМИ со ссылкой на чиновников",,,
36618,"Две недели назад один из тг каналов писал об азовских нацистах из команды 88k (88 означает Хайль Гитлер), которые вошли в город Херсон.

Там они пробыли недолго и после 12 ноября получили приказ идти в город Артемовск (Бахмут) в качестве подкрепления.

Два дня назад узнали, что многие азовские нацисты были убиты и ранены.

Один из 88к - солдат Азова по имени Шамиль, переможный нацист-бандеровец, (друг Локотя ака Ян Задорожный) подтвердил, что они перешли в контрнаступление, но были сильно разбиты потеряв больше половины подразделения -убитыми.

Шамиль был ранен и сейчас прячется в подвале больницы в ожидании Вагнера.

**💤Шо там по контрнаступу суки?**",,,
36619,"🇵🇱🇺🇦🏴‍☠️В польских СМИ впервые с начала войны обнародовали свои потери. 
Заявили о примерно 1200 убитых и нескольких тысячах раненых граждан Польши.

**💤 Co z pierdolonymi Polakami? (Я думаю перевод все поняли?😂😂😂)**",,,
36620,"‼️🇺🇦**""Там за горою уже автоматы стреляют"" - боевой жиробас о боях на окраинах Артемовска 

**Ролик записан в районе Николаевского моста.

**💤Свин боится! По глазам видно что свину страшно! Не хочет свин подыхать за Зелю, который сидит со светом и ТУАЛЕТОМ (не с пакетами как все хохлы) 😂**",,,
36621,ФСБ после сообщения о предотвращении серии терактов в Запорожской области публикует показания задержанных,,,
36622,"🔥**Контракт с Родиной**🔥
🇷🇺🇷🇺🇷🇺🇷🇺🇷🇺🇷🇺🇷🇺🇷🇺🇷🇺",,,
36623,"**‼️Укро-каналы сообщают, что ВКС России подготовили сегодня к нанесению удара до 20 стратегических бомбардировщиков со стороны Каспия.

Ранее для нанесения ударов применялось не более 11 самолетов одновременно.**",,,
36624,"**🇫🇷Измененная тактика ВС РФ в войне на Украине активно обсуждается в западных газетах

Французское издание Reseau International писало об изменениях при Суровикине следующее: ""Генерал Сергей Суровикин резко изменил оперативные планы, отказавшись от крупных наступлений на позиции ВСУ. Командующий ОГВ использует непрямой подход, суть которого состоит в том, чтобы лишить противника ресурсов путем дестабилизации».

""Бомбардировки объектов критической инфраструктуры Украины морально и физически подавляют украинскую армию. Этот эффект будет усиливаться с наступлением холодов. Не ждите, что российские ракетные удары прекратятся. Выключатель света на Украине в руках генерала Суровикина"" "".

«Украинское население уже сыто по горло войной, поэтому внутриукраинское сопротивление быстро наберет популярность».

«Киевский режим не будет терять много времени».

Мы не знаем, в чьих руках на самом деле находится выключатель, но эффект действительно хороший.**",,,
36625,"😂😂😂😂

[Конфликт🔥Z Подписаться](https://t.me/konfliktworld)",,,
36626,"⚡️⚡️⚡️**__Кадры уничтожения солдата ВСУ с помощью сброса гранаты с дрона на Запорожском направлении.

💤Вот это я понимаю воля! отправиться к своему Кумиру Бандерке 😂

__**[Конфликт🔥Z Подписаться](https://t.me/konfliktworld)",,,
36627,"**🔥****По состоянию на утро в Киеве действуют экстренные отключения электроэнергии, поэтому графики пока не работают.**

⚡️электричество не вернётся, будет только хуже. Бежать на западную Украину не советуем, там вас встретят люди первого сорта.

[Конфликт🔥Z Подписаться](https://t.me/konfliktworld)",,,
36628,"Хохлушки спорят на тему первосортности, оказывается, все украинцы, которые говорят по-русски относятся к второму сорту, это заключение сделала представительница западной хохляндии.

Вот вам и единство😁

[Конфликт🔥Z Подписаться](https://t.me/konfliktworld)",,,
36629,"Немецкий политик об истории Украины:

""До 1918 года никакой Украины не существовало, это была периферия Российской империи! И даже после Октябрьской революции Украина так и осталась российским регионом, только теперь под властью большевиков"".

💤Да ладно? Они открыли учебники истории?

[Конфликт🔥Z Подписаться](https://t.me/konfliktworld)",,,
36630,"**💤Короче, мне источник сообщил, что эта бородатая залупа гасится от полиции. На работу не приходит. Ну видимо понял, что ему пизда! Уёбок если ты это читаешь, мы советуем тебе появиться и прийти с повинной в отдел полиции! По другому будет хуже!

**[Конфликт🔥Z Подписаться](https://t.me/konfliktworld)",,,
36631,"🇳🇱🇷🇺🇺🇦 Голландская газета NRC опубликовала репортаж с кладбища в Кривом Роге, где хоронят украинских военных. Издание пишет, что на кладбище создано совершенно новое поле для убитых и оно уже наполовину заполнено. 

На кладбище похоронены около 150 солдат — ""одни из десятков тысяч убитых с украинской стороны"". ""Украина, похоже, оценивает собственные потери ниже, чем на самом деле.

[Конфликт🔥Z Подписаться](https://t.me/konfliktworld)",,,
36632,"🇹🇼🇨🇳Выборы в местные органы власти кардинально изменили политическую ситуацию на Тайване. После сокрушительного поражения правящей Демократической прогрессивной партии (ДПП), сделавшей ставку на альянс с США, власть на местах перешла к оппозиционной партии Гоминьдан, поддерживающей сближение с материковым Китаем. Президент Тайваня Цай Инвэнь, при которой эскалация с Пекином достигла пика, уже покинула пост главы правящей партии, взяв на себя ответственность за проигрыш ДПП. Главным бенефициаром стал материковый Китай, получивший шанс на продолжение политики мирного объединения с островом.

[Конфликт🔥Z Подписаться](https://t.me/konfliktworld)",,,
36633,"‼️‼️Штурмы ""Вагнера"" освободили примыкающий к посёлку **Курдюмовка** н.п. **Озаряновка** к югу от **Бахмута**.

Следующим шагом, вероятно, станет освобождение **Курдюмовки**, где оборону держит деморализованная 58 ОМПБр ВСУ.

[Конфликт🔥Z Подписаться](https://t.me/konfliktworld)",,,
36634,"**‼️🇬🇧🇺🇦 Британия передала Украине партию высокоточных ракет Brimstone-2 — Минобороны королевства

**▪️Brimstone-2 обладают возможностью лазерного наведения на цель. В качестве пусковой платформы могут быть использованы модифицированные грузовики, а также есть возможность пуска с самолета. Поражение цели до 60 км.  Уточняется, что ракеты применяются преимущественно для поражения наземных целей. 
▪️Раннее премьер-министр Британии заявлял, что пакет военной помощи Украине может составить 50 млн. фунтов, а британская помощь достигла уже 3 млрд. фунтов.

💤Значит надо бить по хохлам ещё сильнее !!

[Конфликт🔥Z Подписаться](https://t.me/konfliktworld)",,,
36635,"💤Доброе утро и к хорошим новостям :
**
⚡️Автобус с украинскими военными попал в ДТП на границе Латвии и Эстонии 

**Пишут, что автобус столкнулся с грузовиком. Водитель погиб, 26 человек пострадали

[Конфликт🔥Z Подписаться](https://t.me/konfliktworld)",,,
36636,"**‼️🇺🇦🏴‍☠️ 🤡Зеленский пугает Украину: Русские готовят новые удары и пока у них есть ракеты – они не успокоятся.

**""Начинающаяся неделя может быть такой же сложной, как и эта уходящая. Наши силы обороны готовятся. Все государство готовится. Все сценарии прорабатываем, в том числе с партнерами"".🤡

**💤Да да, расскажи это этим-срущим в пакеты 😂

**[Конфликт🔥Z Подписаться](https://t.me/konfliktworld)",,,
36637,"Украинские будни.
В шаге от Европы!!!💪

Кстати че по ремонту? Это у них орки «апады и нубуки» спЫздылы

[Конфликт🔥Z Подписаться](https://t.me/konfliktworld)",,,
36638,"⚡️⚡️⚡️⚡️⚡️⚡️
Залетайте в чат скорее ‼️

https://t.me/konfliktworldZ

🔥ПОБЕДА БУДЕТ ЗА НАМИ🔥
🔥🔥🔥🔥🔥🔥🔥🔥🔥🔥🔥
НЕ ТОЛЬКО НА ПОЛЕ БОЯ, НО И В ИНФОРМАЦИОННОМ ПОЛЕ",,,
36639,🔥💥🚀**Сообщают о взрывах в Херсоне**,,,
36640,🔥💥🚀**Прилёты по Новой Каховке**,,,
36641,⚡️**Взрывы в Бахмуте.Продолжаются бои за город**,,,
36642,**Шо с ебальниками Хихлы???**,,,
36643,"**«Я был богат. Я потерял всё» **

Солист некогда успешной в России группы Little Big Илья Прусикин, который уехал в США, рассказал о своей ""счастливой"" жизни не в России.

**💤Зацените как уебок ножкой дергает 😂 Совесть ему важнее 🤡🎪🤡🎪🤡🎪🤡🎪пиздабол блядь!!!
Конечно ты так мразь будешь говорить (может еуропа заметит. Но нет) потому что тебе в РФ путь заказан!!!!! 
Дерьмо вонючее!!!**",,,
36644,"**‼️****Сильная речь Русского бойца после победы над Арби Эмиевым! 
Красава! Нашим воинам информационная поддержка нужна не меньше чем материальная! **

Это походу ""наше дело"" промоушен. Там уже не первый раз подобные речи толкают 👍",,,
36645,"⚡️В Вене люди выходят на улицы, протестуя против введенных санкций в отношении РФ. Протестующие выступают за военный нейтралитет Австрии и мир с Россией.

**💤А где жёвтоблакитная тряпка и ебанутые шлюхи с кровью между рогаток своих?????**",,,
36646,"**⚡️«Россия способна уничтожить Украину за один день даже без использования ядерного оружия».

**Нет, это не слова дяди Васи с сиськой пива перед зомбоящиком в рваных трико. О этом заявил бывший сотрудник Белого дома Пол Крейг Робертс.

💤Если бы мы забили на мирное население и именно объявили ВОЙНУ Украине, мы бы еë за 1 день стёрли с лица земли и без ядерки",,,
36647,"**Для понимания кто такое Закаев
Это бандит и террорист!!! Который осуществлял в Российской Федерации террористические акты!**",,,
36648,"Пленный бандеровец поговорил с родителями и попросил привлечь к ответственности бросившее его командование.

__""Гандонов тролльте, которые нас послали на бойню"".

__Отец был бы рад, но рассказал историю одного парня, который попытался достучаться и получил уголовное дело.  

__""На парня, который написал заявление на подполковника, завели уголовное дело, бл**ь. Его тоже прикрыли на**й""__",,,
36649,"Вызовите дурку 

Недобитку Ахмеду Закаеву в Бельгии все не успокоится. 

На недавней сходке, он был с охраной, прямо как «настоящий» президент, где собрал достаточно ""народу"", и там же виртуально наградил Зеленского орденами ""Честь Нации"" и ""Джохар Дудаев"".

**💤Блять 😂😂😂 ёбаный цирк))))
Ну какие же уёбки 🤡🎪🤡🎪🤡🎪 ТЕРРОРИСТ УСТРАИВАЕТ ПРЕСС-КОНФЕРЕНЦИИ ОФИЦИАЛЬНО!!! 🤡🤡🤡 ПИЗДЕЦ О КАКОМ ВОССОЕДИНЕНИИ С ЕВРОПОЙ МОЖЕТ ВООБЩЕ ИДТИ РЕЧЬ!????**",,,
36650,"😂😂😂

[Конфликт🔥Z Подписаться](https://t.me/konfliktworld)",,,
36651,"**🇷🇺❤️ Российские военные, освобожденные из плена, поделились эмоциями от долгожданного возвращения на Родину и рассказали, что пережили в заточении на Украине

**🏥 По прибытии на родину **первыми бойцов встретили военные врачи. **После первичного осмотра медики отметили, что всем военнослужащим потребуется дополнительное обследование и реабилитация в стационарных условиях.
**▪️На Украине должной медицинской помощи военнопленным не оказывали.** Один из бойцов получил огнестрельное ранение в бою, но в необходимой операции ему отказали. __«Меня лечили, но операцию делать не стали, сказали — делай в России»__, - заявил Идрис.
▪️По словам бойцов, отношение к пленным в каждой тюрьме было разное. __«Во Львове приняли нас жестко. Мы сидели на коленях, руки за спину и голову вниз»__, - тяжело вспоминает военнослужащий. Другие - рассказывают медикам о травмах и побоях, полученных в заточении.
**Теперь для них все закончилось. 
**▪️Военнослужащие с облегчением ступили на родную землю. Впереди их ждут встречи с родными и близкими, радость от детских улыбок при возвращении домой и множество положительных эмоций.  

[Конфликт🔥Z Подписаться](https://t.me/konfliktworld)",,,
36652,"💤 Свиные морды, это для вас напоминалка!!! Нехуй стонать и жаловаться теперь!!!

[Конфликт🔥Z Подписаться](https://t.me/konfliktworld)",,,
36653,"Бляяяяять 😂😂😂😂
Мне тут больше всего понравилось ""материнская группа ""Феминистского антивоенного сопротивления"".
Как угловатые лесбухи-феминистки могут быть матерями?",,,
36654,"**💤Молнеиносное реагирование!!!! 

СЛАВА НАШИМ РЕБЯТАМ ИЗ ПОЛИЦИИ И РОСГВАРДИИ!!
И ОГРОМНОЕ ЧЕЛОВЕЧЕСКОЕ СПАСИБО!!!

РАБОТАЙТЕ БРАТЬЯ!**",,,
36655,ЗаПТУРили каких то хихлов,,,
36656,"**💤Интересно, бородатый ублюдок их тоже не пустил в форме?😂😂**",,,
36657,"У паба в Саратове куча полиции. 
7 машин ппс + росгвардия. 

**депутат Государственной думы Николай Панков потребовал жесткого наказания по инциденту в баре Саратова, сотрудник которого не пустил добровольца в форме.**",,,
36658,"Если ты не ЛГБТ толерантный, не шлюха, не гей, не левак, не куколд, не носишь растаманскую шапку, не новиоп, не одет в всушную/американскую форму, то тебя не пустят в саратовский Харатс!!! 
Уважайте дресс код.

**💤СРОЧНО НАДО ЗАКРЫВАТЬ ЭТОТ БЛЯДСКИЙ ЦИРК!!!!!**",,,
36659,"**🔥****Немного для любителей футбола **

⚡️ «ЗЕНИТ» И «СПАРТАК» МАССОВО ПОДРАЛИСЬ.

🟥 Николсон
🟥 Соболев
🟥 Селихов
🟥 Малком
🟥 Барриос
🟥 Родригао

Шесть красных карточек в итоге. Просто жесть.

**💤Нахер нам ваш ФИФА И УЕФА, у нас свой мощный футбол 😂**",,,
36660,**💤ЕБАТЬ НАЦИСТОВ**,,,
36661,"**‼️🇺🇦🏴‍☠️«Нам конец, мы попали в окружение. Нам пизда скорее всего»

Перед смертью не надышишься.**",,,
36662,«**Пункт несокрушимости»😀😀😀**,,,
36663,"Бородатый уебан еще к тому же и наркоторговец!!!!!

https://www.4vsar.ru/news/125076.html",,,
36664,"‼️Сообщают, что все въезды и выезды из Артёмовска под огневым контролем ВС России.

💤**Конец 27го близко-близко 
Готов хохол сосать пиписку!**",,,
36665,"⚡️ВС РФ уничтожили пункт временной дислокации боевиков так называемого «иностранного легиона» в Часовом Яре — Минобороны РФ

**💤Повторно) гады опять сползлись в одно место и в тот же котёл 😂**",,,
36666,"**‼️🇩🇪 Новые поставки Киеву прямиком из Берлина

**Немецкое правительство анонсировало у себя на сайте, что в скором времени Германия передаст Украине новый пакет военной помощи.

**В него войдут**:
▪️**14 **гусеничных и дистанционно управляемых машин пехоты для задач поддержки
▪️**42** машины разминирования
▪️**5 и**нженерных бронированных машин 
▪️**3 **тяжелые и средние мостовые системы
▪️**16 **самоходных гаубиц Zuzana 2(совместный проект с Данией и Норвегией)
▪️**8 **беспилотных надводных кораблей
▪️**22** разведывательных дрона
▪️**200** грузовиков
▪️**20** машин MRAP Dingo 

И это далеко не всё, что будет передано Киеву, полный список опубликован на сайте",,,
36667,"**У России больше нет шансов победить Украину, - **Шольц

«Учитывая поддержку Украины со стороны Германии, становится все более очевидным, что Россия не только не должна выиграть эту войну, но и не выиграет ее», - заявил канцлер.

Он подтвердил свое обещание поддерживать Украину столько, сколько нужно. Шольц добавил, что Германия делает это финансово, гуманитарно и снабжает оружием для ВСУ. Именно поэтому у РФ больше не будет шансов победить Украину.

💤ну и по традиции 

     Шольц ИДИ 🖕🏼

[Конфликт🔥Z Подписаться](https://t.me/konfliktworld)",,,
36668,"«За слёзы матерей» 

Поздравление с днем матери с фронта.",,,
36669,"«Zеленский - лучшее оружие России»     Скотт Риттер

💤Вазеленский

[Конфликт🔥Z Подписаться](https://t.me/konfliktworld)",,,
36670,"**💤Саратов если вы на связи, бейте тревогу! Бородатую залупу нужно денацифицировать!!!! Причем срочно! Обращайтесь в правохранительные органы!**",,,
36671,"От саратовского подписчика:

Этот бородатый полупидор не впервые страдает хуйней, многие знают его. Не пускал знакомого, у которого в верхнем кармане пиджака висела георгиевская ленточка. Мол под предлогом ""не разжигать конфликты"". На вопрос о каких конфликтах может идти речь, долбоеб ответил что заведение не политическое, любая пропаганда чего-либо только за его дверями.",,,
36672,"От подписчика:

Тут по незнанке никак не могло быть, это именно что ВСУшный камуфляж ММ14, который ввели в замену оставшемуся.
У нас вообще не производят ни одного костюма в таком камуфляже, это именно что хохловская расцветка и он надел ее целенаправленно.",,,
36673,"Кафе ""харатс"" в городе Саратов. 
Нашего подписчика добровольца не пустили, потому что он был в военной куртке. Он был абсолютно трезв и пришёл расслабиться перед отправкой на фронт.

Это нихуя неправильно так делать. Я честно немного в шоке с такого пренебрежения к нашим солдатам.
Прошу дружественные каналы максимально распространить инфу. 

Также прошу дружественные и не дружественные каналы максимально распространить данную информацию.",,,
36674,"**В Госдуме предупредили Киргизию о вступлении на путь Украины, если те начнут переименовывать русские названия районов Бишкека. 
**
Зампред международного комитета нижней палаты российского парламента Светлана Журова назвала заявление Шакиева о смене названий районов первым шагом к полному отказу от русского языка в Кыргызстане и заявила, что «**события в Украине тоже начинались с этого**». 

«Возможно, доложат и Владимиру Владимировичу, он немножко сделает какое-то замечание коллеге, президенту Киргизии». — добавила она.",,,
36675,"‼️‼️‼️**СРОЧНО **

**После света пошли ЖД пути, а это отличная новость, это говорит о том, что мы будем серьёзно воевать, а не играть в миротворцев. И цели СВО изменились. Полумеры посланы НАХУЙ как мы понимаем.**",,,
36676,"**🛤️Железная дорога в Кривом Роге в Украине длительное время не будет работать, — начальник Криворожской военной администрации Евгений Ситниченко**",,,
36677,"‼️🇷🇺**На Лиманском направлении разведчики ""Отважных"" приземлили вражеский беспилотник

**Разведывательный украинский БПЛА ""Фурия"" был посажен с 
помощью системы РЭБ.

 💤Даже беспилотники переходят на светлую сторону 🇷🇺",,,
36678,"🇪🇺🇺🇦Принимающие украинских беженцев страны должны быть готовы к тому, что они могут остаться там на годы после окончания военных действий — вице-президент Еврокомиссии Дубравка Шуйца😂😂😂",,,
36679,"Депутат Сейма Латвии Александр Кирштейнс заявил, что русской нации нет и вообще русский язык это диалект:

«Нет такой русской нации. Сам русский язык возник как диалект, когда монголо-татары пытались говорить по-украински»

🤡🤡🤡🤡🤡🤡🤡🤡🤡🤡",,,
36680,"⚡️Масштабная воздушная тревога на Украине.

Первые взрывы уже слышны в Кривом Роге

Упд: администрация Кривого Рога подтверждает два прилета. Поражен объект транспортной инфраструктуры. По предварительным данным, речь идёт о железнодорожном узле.",,,
36681,"⛪«Иисус Христос мог быть трансгендером». 

В Кембридже поехавший декан поддержал одну из проповедей младшего научного сотрудника колледжа, который на картинах с Христом нашёл раны, якобы напоминающие вагину.

Мнение, что у Христа было «трансгендерное тело», имеет право на существование, считает Бэннер. Прихожане были в шоке: некоторые ушли с проповеди в слезах. 

**💤Они все сгорят в пекле адского пламени! Сатанисты!!!!!**",,,
36682,"**Страны, которые публично отказываются от поставок вооружения Украине, тем не менее передают Киеву оружие через различных посредников, заявил глава МИД Украины Дмитрий Кулеба в интервью французской газете Le Parisien.**

«Большинство из этих третьих стран публично говорят, что ничего не поставляют, но за кулисами всё происходит», пояснил глава украинского внешнеполитического ведомства.
💤интриган какой",,,
36683,"**❤️Сегодня в России празднуют день матери. 

**Эту важную дату отмечают во многих странах. Мама - самый главный человек, связь с которым останется на протяжении всей жизни. Военнослужащие из Алтайского края уже записали видеопоздравление для матерей.

А ты поздравил свою?

💤С праздником наши дорогие и Уважаемые мамочки ,спасибо -❤️

[Конфликт🔥Z Подписаться](https://t.me/konfliktworld)",,,
36684,"‼️🇺🇦💥**По объектам в Кривом Роге нанесен ракетный удар

**Также сообщается о взрывах в Запорожье

💤Разминка перед понедельником 😂😂

[Конфликт🔥Z Подписаться](https://t.me/konfliktworld)",,,
36685,"**Утилизировали свинью, а его шкура отсняла тик ток, понюхала вонючий свитер и на этом всё. И дальше пошла пилотку продавать туркам 😂😂😂

И да, у Хохлов фашизма нет, а футболка со свастоном это «вы не правильно поняли»

ТОЛЬКО ПОЛНАЯ ДЕНАЦИФИКАЦИЯ!!!!!!! 
ДО КОНЦА!!!!

**[Конфликт🔥Z Подписаться](https://t.me/konfliktworld)",,,
36686,"**💤Хихлы, че там по мусорным чёрным пакетам? Всё хватает?**",,,
36687,"🇺🇦🏴‍☠️☠️**__«Бахмут сегодня истекает кровью. 500 раненых за два дня, минус три медицинских автомобиля на сегодня»__

💤__Коротко о ситуации у ВСУ в Артёмовске(Бахмуте)

__**[Конфликт🔥Z Подписаться](https://t.me/konfliktworld)",,,
36688,"От моего знакомого: 
«Смотри какую обувь выдали, поставка от мин обороны, и с учётом что пока их хвалят после выхода, они получается учатся»

[Конфликт🔥Z Подписаться](https://t.me/konfliktworld)",,,
36689,"**США после контактов с Китаем отказали Польше в отправке МиГ-29 в Украину

**Отказ США в марте поставить Украине истребители был вызван вмешательством со стороны Китая, сообщают СМИ со ссылкой на источник, близкий к политическому и военному руководству КНР.

По данным Spectator, США изменили точку зрения после неофициальных контактов с представителями властей Китая. Как утверждается в статье, Вашингтон и Народно-освободительная армия Китая договорились, что, если США не допустят отправки МиГ-29 Киеву, Пекин сделает всё возможное, чтобы **«обезвредить ядерную угрозу»** со стороны России.

[Конфликт🔥Z Подписаться](https://t.me/konfliktworld)",,,
36690,"**Проводимая СВО по защите Донбасса имеет для всех нас огромное значение, исход которой решит дальнейшую судьбу нашего Отечества, **— отметил чеченский лидер

[Конфликт🔥Z Подписаться](https://t.me/konfliktworld)",,,
36691,"Пост из твиттера посольства России в Канаде за традиционные семейные ценности

**💤Канада кстати прям максимально опидарела**",,,
36692,"**Ситуация на выезде из Херсона 

**Оставшиеся в Херсоне  недолго праздновали возвращение украинских боевиков. Эйфория быстро сменилась разочарованием и гуманитарной катастрофой",,,
36693,"Энергосистема вокруг Киева продолжает сжирать саму себя, очередной пожар на трансофрматорной станции.

**💤ХОХЛЫ БЛЯТЬ, КТО ЧАЙНИК С МИКРОВОЛНОВКОЙ ВКЛЮЧИЛ???😂**",,,
36694,"🔞**💤Виталя успел в последний вагон к своему кумиру Бандерке! Билет был выдан несколько часов назад!!!
Земля стекловатой выродку!!!!!

**[Конфликт🔥Z Подписаться](https://t.me/konfliktworld)",,,
36695,"На прошлой неделе силы Азова пришли на усиление Артемовского фронта. Один из видных азовских нацистов по имени Вадим Лысенков пять дней назад гордо разместил объявление перед въездом в Артемовск (Бахмут). Сегодня его уничтожили нахуй Вагнеры. 

**💤Селфи в инсту Вадимки теперь будет выкладывать Бандера 😂😂😂 и по традиции:
ЗЕМЛЯ БЕТОМ УБЛЮДКУ И СТЕКЛОВАТОЙ!!!!! НИКТО НЕ СКОРБИТ И НЕ ПОМНИТ ВСЕМ ВООБЩЕ ПОХУЙ НА ВАДИМКУ!

**[Конфликт🔥Z Подписаться](https://t.me/konfliktworld)",,,
36696,"А вот и жертва этого нациста-бандеровца. Поводом для издевательств стала позиция пожилого человека, на видео нацисты выясняют (смеются) за кого дедушка, за Януковича или нет, ответ деда конечно они не показали.

Ян, твоя казнь неизбежна🍬🔥

[Конфликт🔥Z Подписаться](https://t.me/konfliktworld)",,,
36697,"Кратко по ситуации в районе фронта Кременная-Сватово. Противник пытался наступать в направлении Площанки, но как и в предыдущие дни был остановлен, причем сегодня его потери реально большие. Уничтожено около  40 голов, один раненый взят в плен. 

Что интересно, 3 мсд распетушила сегодня ту самую 80 ДШБ, что отметилась расстрелом наших пленных в Макеевке. На фото пленный, зовут Виталик, он боец этой самой бригады. Вопреки прогнозам  военкоров  раненного пленного никто добивать и насиловать не стал, оказали медицинскую помощь, но раны Виталика были слишком тяжелы и он скончался. Алягер ком алягер.

[Конфликт🔥Z Подписаться](https://t.me/konfliktworld)",,,
36698,"**Шерлока Холмса хочет сыграть трансгендер.

60-летняя Эдди Иззард раньше звалась Эдвардом, а теперь она женщина и стендап-комик. Эдди активно ведёт переговоры на роль Шерлока в сериале про его дочь.**

💤Конан Дойл переворачивается в гробу. Фу блядь…..

[Конфликт🔥Z Подписаться](https://t.me/konfliktworld)",,,
36699,"**❤️‍🔥❤️‍🔥❤️‍🔥❤️‍🔥ПУТЬ ВОИНА❤️‍🔥❤️‍🔥❤️‍🔥❤️‍🔥

**[Конфликт🔥Z Подписаться](https://t.me/konfliktworld)",,,
36700,"Пол Куева уже питается от генераторов.

[Конфликт🔥Z Подписаться](https://t.me/konfliktworld)",,,
36701,**‼️Пишут что свиней сегодня отрезали от снабжения!!!!**,,,
36702,**💤ИХ НАДО КРОШИТЬ В ПРАХ ВСЕМ ЧТО ЕСТЬ!!!!!**,,,
36703,"**‼️‼️‼️СРОЧНО

Командованию окружённой группировки ВСУ в Бахмуте предъявлен ультиматум с требованием капитуляции. Время ультиматума истекает 27 ноября в 06:00 утра (время местное).**

Там бд идут уже шесть месяцев, какой нахуй ультиматум?",,,
36704,"❗️**Нацик поджег портрет Путина, а вскоре ему прилетела ответка. 

На 1-ом видео укроп рвёт портрет Владимира Владимировича, захлёбываясь от радости. Так танцевал так танцевал, что отлетела нахуй нога (видео 2)😂😂😂**",,,
36705,Утренняя работа ПВО по HIMARS.,,,
36706,**✅****Пошла родная в Куев**,,,
36707,"При проведение штурмовых мероприятий в лесу, военнослужащие 56 бригады ВСУ были уничтожены. 

**💤Фу блять, кто мусор не выбросил за собой?**",,,
36708,"✅**Ублюдки вы будете все уничтожены РУССКИМ ОРУЖИЕМ!
Вы все будете гореть в адском пламени.**
🔥🔥🔥🔥🔥🔥🔥🔥🔥🔥🔥",,,
36709,"‼️ Американский наемник, бывший полицейский отправился на Украину повоевать, в итоге, его подразделение, передвигающееся на Хамви попало в засаду. При отступлении, машина подорвалась на мине, двое человек получили ожоги и ранения осколками.

**💤Как приятно он воет 😊**",,,
36710,"‼️🤡Россия уже потратила почти две трети своих боеприпасов, ее наступательная активность снизилась - разведка Эстонии

**💤😂😂😂 Разведчики хуевы. Слушайте, а зачем вашей стране вообще разведка нужна, чтобы вовремя предупредить что вам пиздец?**",,,
36711,"Киев не пойдет на капитуляцию в обмен на электричество. Об этом заявил советник главы Офиса президента Украины Михаил Подоляк.

Ещё один в копилку.

Очень трудно представить, чтобы на людей из окружения Зеленского действовали тежи графики отключения электроэнергии, не было воды и тепла в доме. Конечно Украина не пойдёт на капитуляция, когда у руководителей ОПГ все хорошо, зачем перекрывать кран из которого текут деньги. Рабы могут и без света жить, по крайней мере все необходимое можно добыть, вода в Днепре, погреться и зарядить гаджет можно в палатке.

‼️‼️‼️**С Майдана все началось, там же и закончится😉**",,,
36712,"Подавляющее большинство украинцев готовы жить без света и тепла ради членства в Европейском союзе, заявила супруга президента Украины Елена Зеленская.

ps   Ну и отлично. Значит можно продолжать ""деэнергофикации"" 😁",,,
36713,"‼️**В сырую землю к своим кумирам демобилизовался очередной нацик по кличке Сансет**

Террорист Дмитро Сидорко был уничтожен под Артемовском. Уебана разорвало на куски!",,,
36714,"**Хохлам не показывайте. **

Сегодня в Лейпциге протестовали под лозунгом ""Ami go home"" (американцы уебывайте домой) против политики правительства Германии в связи с позицией по Украине и в целом против действий США. 

Немцы хотят жить в мире с Россией🇷🇺🇩🇪",,,
36715,**Ща хухлы будут сдавать позиции**,,,
36716,"‼️Диалог с всушником из окопа:
- Повар или водитель?
- Я? Я обычный завтрашний двухсотый...

**💤 Угадал хуеплёт! Точнее сегодняшний уже 😂👋**",,,
36717,"✅✅✅**🇷🇺🇺🇦ФСБ и Росгвардия накрыли целую украинскую агентурную сеть в ЛНР, нашли оружие и взрывчатку. Теперь завербованным СБУ грозит двадцать лет тюрьмы.**",,,
36718,"Подробный ликбез в адрес Майи Санду от гражданки Молдовы!!!

**💤 Разъебала к хуям тупую мулиху Сунду, Синду, Сандаль, да блять, как её там звать то…..**",,,
36719,"‼️🇺🇦🏴‍☠️Боевики ВСУ в окопах на фронте у Артемовска
Украинские паблики публикуют фото. Видно, что ВСУшникам там приходится не сладко, по колено в воде и грязи.

Украинские траншеи тут похожи на окопы Первой мировой

**💤Мы же вам говорим! Это СВИНЬИ! Вонючие грязные СВИНЬИ!**",,,
36720,**💤Обосраная жопа  v 2.0 🎪****🤡**,,,
36721,"🤷‍♂️Тупо база по ""самому надежному"" союзнику России, у которого опять могут наметиться проблемы.

К данному часу в Астане глушат связь и интернет в попытках разогнать протестующих против президента. 

Надо ли еще раз помогать Токаеву, если повторится январский хаос?

👍 - да

👎 - нет

[Конфликт🔥Z Подписаться](https://t.me/konfliktworld)",,,
36722,"⚡️Бывший глава правительства Великобритании **Борис Джонсон объявил сбор средств на закупку медикаментов для Украины**.

💤Лучше контрацептивы бы закупили, чтоб не плодились эти нацисты !!!!!

[Конфликт🔥Z Подписаться](https://t.me/konfliktworld)",,,
36723,"‼️🇺🇦🏴‍☠️ **20 из 30 стран НАТО исчерпали свои запасы вооружений, которые могли поставить Украине, - New York Times
**▪️Об этом рассказал представитель альянса. В первую очередь речь идет о небольших государствах. Оставшиеся 10 ещё способны поставлять Киеву оружие и технику: среди них Франция, Германия, Италия и Нидерланды.
▪️Германия, Франция и США также выбирают оружие для передачи, чтобы оно не задело территорию России (речь о границах РФ до референдума).

💤Путин гений) Нахуя нам Украина за 3 дня, когда можно разьебать всю гейропу)
Но я думаю ,что пендосы прибедняются . Просто поставили крест на стране 404

[Конфликт🔥Z Подписаться](https://t.me/konfliktworld)",,,
36724,"**Народ Украины будет освобожден от неонацистких правителей, он заслуживает жить в дружбе рядом с его славянскими братьями,** заявил глава МИД РФ Сергей Лавров в эфире «Россия»

[Конфликт🔥Z Подписаться](https://t.me/konfliktworld)",,,
36725,"**Глава Офиса Президента Украины Ермак: 

«**Помним Голодомор. Знаем, кто автор геноцида. Также видим, кто хочет создать «холодомор». Россияне заплатят за всех жертв Голодомора и будут отвечать за сегодняшние преступления. Это будет историческое время расплаты»
💤🤡 иди нахуй чёрт 🖕🏽

[Конфликт🔥Z Подписаться](https://t.me/konfliktworld)",,,
36726,"**Премьер Польши Моравецкий во время визита в Киев: **

""В этом конфликте, который развязала Россия, может быть только один результат – или Украина победит, или вся Европа погибнет""

[Конфликт🔥Z Подписаться](https://t.me/konfliktworld)",,,
36727,"**Умер министр иностранных дел Беларуси Владимир Макей,** сообщает БЕЛТА со ссылкой на пресс-секретаря МИД Беларуси Анатолия Глаза

[Конфликт🔥Z Подписаться](https://t.me/konfliktworld)",,,
36728,"**‼️🇰🇿В столице Казахстана вспыхнули протесты против президента
**Часть народа недовольна переизбранием Касым-Жомарта Токаева

💤Опять его задницу спасать ?Сейчас Путин помоги 2.0

[Конфликт🔥Z Подписаться](https://t.me/konfliktworld)",,,
36729,"**""Нашему государству стоит готовиться к войне. Запретить российскую пропаганду. Я, как русская, рождённая в Казахстане , хочу сказать, что вы делаете русских здесь самыми ярыми националистами даже по сравнению с казахами""**

Русская в Казахстане стыдится, что имеет что-то общее с русскими и разжигает войну.
Она уверена, что именно русские в Казахстане становятся наци похлеще казахов
💤Просто сука забудь русский язык и всё.

[Конфликт🔥Z Подписаться](https://t.me/konfliktworld)",,,
36730,"**«Украинцы будут жить в условиях каменного века, но не простят Россию»**
 
90% населения Украины готовы жить в условиях каменного века, но не примириться с Россией.

Об этом заявил советник главы Офиса президента Украины Михаил Подоляк

💤Это Россия не простит продажных, ленивых, жадных, воровитых хохлодаунов! Никогда!

[Конфликт🔥Z Подписаться](https://t.me/konfliktworld)",,,
36731,"ФБР объявило создателя ""Вагнера""  Пригожина в розыск. За информацию , которая поможет его задержать дают 250тыс.$.

💤Бидона своего пусть ищут, он у них вечно теряется 😂🤣

[Конфликт🔥Z Подписаться](https://t.me/konfliktworld)",,,
36732,"**‼️🇱🇺🇺🇦 Люксембург поставил Киеву БПЛА Primoco One 150

**Министерство обороны Люксембурга заявило, что в рамках очередной военной помощи Украине были переданы **6 **БПЛА Primoco One 150 чешского производства.  ""Птички"" оснащены автопилотом, который обеспечивает автоматизированный взлет, посадку и выполнение плана полета. 
💤люксембург блять аххахах

[Конфликт🔥Z Подписаться](https://t.me/konfliktworld)",,,
36733,"**🇧🇬🤝🇷🇺 В Болгарии проходят протесты против поставок оружия Украине

**__«Народ Болгарии категорически против поставок оружия Киеву. Оружие хотят поставлять США и Европа, которая уже опустошила свои арсеналы. Штаты хотят войны против Москвы. Мы с Россией, которая сегодня защищает мир», __— заявили организаторы протестов.

[Конфликт🔥Z Подписаться](https://t.me/konfliktworld)",,,
36734,"🇷🇺 #Россия **В стране готовится указ, запрещающий российским компаниям и любым трейдерам, закупающим российскую нефть, продавать ее странам и компаниям, которые ввели потолок цен.**

📍Этот указ запретит любое упоминание предельной цены в контрактах на российскую нефть или нефтепродукты, а также запретит погрузку, предназначенную для любых стран, которые принимают ограничения. - источник",,,
36735,"В сети распространяется видео, на котором, хохлу, нарисовавшему русский военный корабль, пришлось сожрать этот листок бумаги.

Когда и где это было снято - неизвестно.

**💤Ну ничего, а они ** **ублюдки** **нашим ноги пристреливают**….",,,
36736,"⚡️**Курс президента Украины Владимира Зеленского на якобы победу в войне и ""возврат"" всех земель, включая Крым, постигнет неудача, заявил министр иностранных дел России Сергей Лавров в рамках документального фильма, показанного в эфире телеканала ""Россия-24"". **

""Озвучивая линию, которая проводилась тогда гибридно, а сейчас на поле боя, Зеленский заявляет, что они ""победят в этой войне и заберут все свои земли"", включая Крым. При этом он забывает историю полуострова. Может, он ее и вовсе не знал, когда занимался в ""Клубе веселых и находчивых"", - сказал российский министр. - Нисколько не сомневаюсь, что такую линию постигнет неудача"".

⚡️Украинский народ будет освобожден от неонацистских правителей, он заслуживает жить в дружбе и процветании рядом со славянскими братьями — Сергей Лавров в документальном фильме на ""Россия 24""

⚡️Философия ""кто не с нами, тот москаль"" глубоко засела в умах западных политиков, заявил Сергей Лавров в интервью для фильма ""Нацизм под следствием"".

""За ширмой этих красивых слов Запад все-таки продвигал концепцию ""либо с нами, либо с Россией"". И она во многом, если не в решающей степени, сыграла свою роль в том, что мы сегодня имеем, ведь там неонацистская идеология всячески воплощается в жизнь"", — сказал глава МИД РФ.",,,
36737,**🔥****💥****🚀**** Днепр получает пизды**,,,
36738,**🚀****💥****🔥****Прилёты по Чернобаевке!!!**,,,
36739,**🚀****💥****🔥****Повторные взрывы в Днепре!!!**,,,
36740,"🚀💥🔥**В Днепре прозвучал сильный взрыв!!!

Объявлена воздушная тревога**",,,
36741,**🚀****💥****🔥****Взрывы в Херсоне!!!**,,,
36742,"**Пока Мыколка ждёт очередной ВОГ в башку с коптера в окопе, его Оксанка не теряет времени и ходит по рукам в Нацистской Германии. Одета как проститутка в колхозе****🤣**🤣**🤣****

Борьба «Оксанки**»** это побеждать германские члены, пока Мыкола бездыханный валяется еблом в землю 😂**",,,
36743,🇷🇺**Российские добровольцы в зоне проведения специальной военной операции на Донбассе.**,,,
36744,"«Пункты несокрушимости»,  которые анонсировал Зеленский, закрыты по причине отсутствия света.

**Хохлы идиоты блять🤦🏻‍♂️**",,,
36745,Польская САУ «Krab» легла спать,,,
36746,"‼️🇷🇺Бойцы 15 омсбр ВС РФ в ходе поисково-разведывательных мероприятий на линии боевого соприкосновения в районе населенного пункта Новодяное выявили ДРГ противника, состоящую, предположительно, из 6 человек.  В результате завязавшегося боя противник отступил, понеся потери в количестве двух человек. В ходе осмотра уничтоженных и их автомобиля были найдены документы, принадлежащие гражданам Польши. Так же, в ходе обыска были найдены их личные телефоны. Мобильники для дальнейшего изучения данных переданы специалистам. Данный случай в очередной раз доказывает участие польских наемников в боевых действиях на Украине.",,,
36747,"**Доброе утро: уточка лежит на диване, болтает лапками и смотрит мультики. 

Не благодарите.**",,,
36748,"**‼️🇺🇦🏴‍☠️ Хакеры KillNet взломали электронную почту комбрига 92 бригады ВСУ полковника Павла Федосенко. 
**Почти гигабайт личных данных военнослужащих бригады, которые комбриг хранил на облаке, оказались в открытом доступе. Ранее Федосенко уже привлекался к административной ответственности за нарушение законодательства о защите государственной тайны за утекшее в сеть письмо с критикой генштаба ВСУ после событий в Дебальцево.

💤 Ну и рожи 

[Конфликт🔥Z Подписаться](https://t.me/konfliktworld)",,,
36749,"**Нету хлеба — нет и песни.

**«Панк-поп-рейв-группа из Лос-Анджелеса» Little Big, покинувшая Россию и уехавшая в США, распускает коллектив. В последнее время они жаловались, что в Штатах они никому не нужны, а денег порой не хватает даже на еду

**💤Ой а что такое???? Нахуй никому не нужны??? Мммм, как же так то? 😂**",,,
36750,"Петух-блогер ""Хилми"" пришёл в церковь ставить свечку, чтобы Господь уберег его от нового закона на запрет лгбт пропаганды.

**💤Бляяяяя, засекаем как долго он будет не под следствием.**",,,
36751,**🔥****🔥****🔥****Колонна танков Т-80У в нечастом зимнем камуфляже.**,,,
36752,"«Срочно кыргызировать»

Спикер парламента Киргизии Нурлан Шакиев - о необходимости дерусификации Бишкека: В нашей стране, к сожалению, в большинстве наших регионов до сих пор есть места с разными названиями и языками. Нам нужно его кыргызировать как можно быстрее. Один из них – в кратчайшие сроки должны быть кыргызированы четыре района нашей столицы Бишкека.",,,
36753,"**🇷🇺🎖Трагические кадры гибели 2-го русского Героя: ещё один тяжелораненый в том же бою боец ЧВК, чтобы не попасть в плен к нацистам, оставаясь верным Родине, направил пулю в своё сердце... 
**/Новые кадры с ВСУшного квадрокоптера публикуют киевские ресурсы.../
Покойся с миром, Русский Воин.

💤☦️Вечная память...

[Конфликт🔥Z Подписаться](https://t.me/konfliktworld)",,,
36754,🔥🔥🔥🔥🔥🔥🔥,,,
36755,"‼️**США помогут Казахстану запустить экспорт нефти из страны в обход России,** сообщил американский посол в Астане Дэниел Розенблюм. 

С сентября госкомпания Казмунайгаз начала экспортные поставки через Грузию и Азербайджан по трубопроводу Баку — Тбилиси — Джейхан. Вслед за нефтью в обход российских портов Казахстан планирует вывозить уран.

В прошлом году им был бы конец без РФ. Но в политике нет понятия ""благодарность""",,,
36756,🇷🇺🇺🇦 На сватовском направлении русская армия вошла в населённый пункт Новосёловское и уже контролирует несколько улиц. В данный момент идёт штурм и зачистка. Сам посёлок находится между Купянском и Сватово.,,,
36757,"🇰🇬**Спикер парламента Киргизии призвал срочно переименовать русские названия районов Бишкека.

**Такое предложение Нурлан Шакиев выдвинул в связи с планами властей развивать киргизский язык, который является государственным.

«До сих пор отдельные населённые пункты в Киргизии носят названия на других языках», — цитирует его ТАСС.

В состав Бишкека входят, в частности, Первомайский, Свердловский, Октябрьский и Ленинский районы.",,,
36758,"**Любой ценой Германия продолжит поддерживать Украину**, - заявила глава МИД ФРГ Бербок.

«Я могу лишь гордиться тем, что мне выпала честь представлять страну, в которой, несмотря на энергетический кризис, 89-летняя пенсионерка и девятилетняя школьница уверенно говорят: ""Этой зимой мы продолжим поддерживать Украину""», - отметила она

[Конфликт🔥Z Подписаться](https://t.me/konfliktworld)",,,
36759,"**Путин лично встретился с матерями участников спецоперации:**

▪️Ничего не может заменить утраты сына

▪️Мы разделяем боль утраты с теми, кто потерял ребенка, будем делать всё, чтобы чувствовали поддержку и плечо

▪️В интернете куча обмана и лжи, ничему нельзя доверять, информация - это оружие борьбы, причем достаточно эффективный способ

▪️Путин сообщил, что лично говорит по телефону с участниками спецоперации

▪️Участники СВО — все герои по-настоящему, никто кроме них не знает, что это за труд и насколько это сопряжено с опасностью

[Конфликт🔥Z Подписаться](https://t.me/konfliktworld)",,,
36760,"**❗️Сегодня с Украиной проходит обмен по формуле 9 на 9, сообщает врио главы ДНР Пушилин.

**Среди освобожденных российских бойцов один из Донецкой Народной Республики.",,,
36761,"**Супруга Зеленского заявила о готовности украинцев жить без света и тепла ради членства в ЕС. 

**«Украинцы заявили, что готовы терпеть это два, три года, если увидят перспективу нашего членства в ЕС. Они хотят быть на равных в этой европейской семье. Мы знаем, ради чего – ради победы, ради чувства собственного достоинства, ради того, что нас ждет эта демократическая семья и мы хотим быть в ней наравне с другими. Украинцы готовы это терпеть. Мы с оптимизмом смотрим на эти вещи», - цитирует BBC Елену Зеленскую

💤Интересно ,а украинцы знают об этом ?

[Конфликт🔥Z Подписаться](https://t.me/konfliktworld)",,,
36762,"Анекдот дня

«**Притаскивают на базу, а там негр, ебать. Откуда вытащили негра, блять, хуй знает**, **это ведь не наш**». 

Военный рассказал историю как ночью они случайно притащили на базу какого-то раненого негра.

[Конфликт🔥Z Подписаться](https://t.me/konfliktworld)",,,
36763,"‼️🇺🇦⚡️**Из-за проблем с электроэнергией остановлен металлургический комбинат в Кривом Роге

**Крупнейшей горно-металлургический комбинат Украины ""АрселорМиттал"" прекратил выплавку стали и производство проката до стабилизации энергообеспечения в стране.
Представители компании сообщили, что имеющихся объемов электроэнергии недостаточно, чтобы поддерживать производство даже на уровне 20% мощности. Предприятие поставляло металл в том числе и в Европу, которая из-за сокращения собственного производства увеличила закупки на Украине. 

💤Рог начинает выпрямляться ))

[Конфликт🔥Z Подписаться](https://t.me/konfliktworld)",,,
36764,"✅**Пропаганда ЛГБТ запрещена.**

__Ответственность грозит за любую пропаганду нетрадиционных сексуальных отношений. Также введён запрет на пропаганду педофилии и смены пола. Штрафы составят до 10 млн рублей.

Решение позволит защитить наших детей, будущее страны от тьмы, распространяемой США и европейскими государствами.
У нас — свои традиции и ценности.

ВЫ поддержали эти законы. Спасибо вам!__

– Володин

[Конфликт🔥Z Подписаться](https://t.me/konfliktworld)",,,
36765,"**Украинская певица и телеведущая Светлана Лобода включена Литвой в список нежелательных лиц

**Министр культуры Литвы указал, что позиция Лободы по отношению к действиям России в Украине «непонятна».

💤Карта не сыграла. Когда уезжаешь из «плохой» России, то будь готова быть обоссана, со всех сторон🤣✊

[Конфликт🔥Z Подписаться](https://t.me/konfliktworld)",,,
36766,Польские дебаты на актуальную тематику отличаются глубоко-продуманными интеллектуальными аргументами и внимательным отношением дискутирующих к мнению оппонентов. Европа жеж. Культура!.. Мать твою...,,,
36767,"Общаясь с детьми на разных локациях мы представляем что пережили эти дети и какой страх наводил враг. Эта молодёжь правильно воспитана, она видела жизнь и возможно смерть…
А нынешняя молодежь которая ходит с накрашенными волосами и думает кто он по гендеру вам стоит задуматься.

[Конфликт🔥Z Подписаться](https://t.me/konfliktworld)",,,
36768,"**По факту сказал недосоюзникам из ОДКБ, кто они есть на самом деле.

**[Конфликт🔥Z Подписаться](https://t.me/konfliktworld)",,,
36769,"🇺🇸🇷🇺Госдепартамент США в лице госсекретаря Энтони Блинкена требует отозвать закон о запрете пропаганды ЛГБТ в России.

**💤Вообще ебанулись?)))))) требует он. Залупа козла! **😂


[Конфликт🔥Z Подписаться](https://t.me/konfliktworld)",,,
36770,**Скоро….**,,,
36771,"**Начались манипуляции детьми, серьезно? Помню когда Шарий говорил, про дешёвую пропаганду от хохлов и Запада. А сейчас оно радуется каждой взорванной микроволновке или пожару в РФ, уповая на ВСУ и ДРГ, такая продажная блядина... Ты никогда не будешь для них своим, ты для них проросийский пропагандист и предатель. Помню как этот петух прилетал в Кремль на поклон год назад, не договорились? Но и для тех кто на Украине тебе верил, и даже был подписан из России - ты падаль умер. Почему пишу о нём? Потому-что этот пидар засоряет каждый день инфополе морем фейков, которые по старой привычке репостят все кому не лень. Уже начинает раздражать эта дешевая желтушная пресса в его исполнении.**",,,
36772,"☢️**«Мы ответим так, что не только Европа задрожит» 

— А.Г. Лукашенко**",,,
36773,"**Подлый поступок от главы Армении

**Лидеры всех стран ОДКБ, включая Владимира Путина, собрались для подписания декларации коллективной безопасности. 

Глава Армении Пашинян сорвал встречу, отказался подписывать декларацию и по сути предал союз! **Владимир Владимирович демонстративно бросил ручку, а Лукашенко развел руками, запомните этот исторический момент.**

**💤Ну вот и всё! Я думаю Азербайджан сейчас воспользуется моментом**",,,
36774,**💤Пидарас ебаный!!!!**,,,
36775,"**💤Ну че, убедились что эта свинья давно заключила договорняк с хохлячьим ЦИПСО и столько времени дурило голову россиянам. Мы не публиковали этого пидора, так как давно знали о том, что эта собака под крылом укронацистов. Это сразу стало понятно когда его не экстрадировали из Гейропы. Зеленский бы изнылся что бы Шария вернули хихлам, но он нихуя этого не делал. Да и уголовное дело по этому пидору прекратили. Волшебство? Нееее.**
**Ну вот теперь всё встало на свои места! Шарий хохлячий проект. Который абсолютно всё это время владел обстановкой и планами Хохлов!!!!!**",,,
36776,"Блогер Шарий, вот уже несколько дней ноющий по поводу ударов по украинской инфраструктуре, наконец-то совершил каминг-аут, рассказав о своем отношении к русским, которые 8 лет подвергались ударам ВСУ и сидели без света в Крыму. Для Толика все они ""пидарасы"". Теперь он это ""понял"". 

И это очень хорошо, что Шарий говорит то, что думает. Гораздо хуже, когда проживающий в благополучной Европе блогер пытался стать для русских ""своим"". Теперь не пытается. Зато активнее всех пытается разгонять абсолютно все фейки, вбрасываемые украинской стороной.

В частности, когда наши войска выходили из Херсона, именно Шарий визжал про ""двадцать тысяч русских, взятых в котёл"". Так что очень хорошо, когда подобный персонаж открыто декларирует свою ненависть. Намного обиднее получить от такого похвалу. Этак ведь и от стыда сгореть можно...

Скриншот подлинный — проверено.",,,
36777,"**‼️💥В районе Херсона идут артиллерийские бои
**Враг стянул войска к городу, наши бьют по подразделениям ВСУ, не с проста оттуда делают эвакуацию.",,,
36778,"**Перед футбольным матчем в Катаре звучит ""Катюша"".**

**💤Слышали сегодня взрыв? Это жопы Хохлов в Катаре ебанули 😂😂😂**",,,
36779,⚡️**Гретта Туборг на саммите “точка G-20” поблагодарила хихлов за то что они отказалась от электричества 😂**,,,
36780,"⚡️⚡️**Американская женщина из Госдепа на русском языке поздравила украинцев с американским праздником и поблагодарила их за то, что они гибнут за интересы США.**",,,
36781,"В память о расстреляных русских  солдатах!

[Конфликт🔥Z Подписаться](https://t.me/konfliktworld)",,,
36782,"💤А Вы заметили какие худые ?(
Родные наши.
Откормим.
Вылечим.
Как здорово, что они дома",,,
36783,"**‼️🇷🇺 Российские военные, вернувшиеся из украинского плена, поют гимн России** и делятся своими эмоциями
24 ноября в ходе обмена пленными на Родину вернулись 50 наших бойцов.

💤Молодцы ребята. Не потеряли силу духа.🇷🇺

[Конфликт🔥Z Подписаться](https://t.me/konfliktworld)",,,
36784,"Литва включила украинскую певицу Светлану Лободу в список нежелательных лиц. Поводом для этого литовский МИД называет ""непонятную"" позицию Лободы по поводу войны на Украине.

💤Ахахах .Может  в Африку теперь ,там ждут ?Хотя не ,с такими губищами можно и в Дубаи ,но только не певичкой

[Конфликт🔥Z Подписаться](https://t.me/konfliktworld)",,,
36785,"💤Бешенство свиноматки .

Немного ,,`смысловой `,,нагрузки от очередной пороси .

[Конфликт🔥Z Подписаться](https://t.me/konfliktworld)",,,
36786,"Спутниковые кадры 404 для сравнения, фотографии ночного освещения за 27 января 2022 года и 23 ноября 2022 года

💤я не понял, хуле там лампочки еще горят????

[Конфликт🔥Z Подписаться](https://t.me/konfliktworld)",,,
36787,"**‼️В Европе произошла драка с участием бешенки из Украины. 
**
Оксана пришла на благотворительный вечер для украинских детей. После окончания мероприятия, она попыталась украсть стул, мотивируя тем ,что ей стул нужнее, а в предоставленном государством жилье есть только один стул. Охранник оказался не терпилой, как Мыкола и показал бешенке, что брать чужое нельзя.

Видео смотрите до конца

[Конфликт🔥Z Подписаться](https://t.me/konfliktworld)",,,
36788,"⚡️⚡️⚡️⚡️

**⚡️⚡️НАЧАЛОСЬ!**

**Bild: В Херсонской области обнаружены тела 432 мирных жителей 

**Об этом сообщил генеральный прокурор Украины Андрей Костин. Кроме того, на освобождённых территориях Херсонской области следователи обнаружили девять помещений, в которых проводились пытки. 

По словам генпрокурора, в настоящий момент в этом регионе в условиях высокой минной угрозы работает 12 следственных групп.",,,
36789,"**В Крымске проигравший суд мужчина убил прохожего. **

Владимир Жиров проиграл суд бывшей супруге, Галине. После приговора он начал преследовать женщину, но на улице за нее заступился некий мужчина. В итоге Владимир застрелил его. 

Позже он поехал к своему сыну и **застрелился около его дома в своем автомобиле**.

💤Его жена сейчас в отделе полиции, она не пострадала.",,,
36790,"Крымск. 
Краснодарский край.
Говорят что сегодня.

Что происходит пока непонятно.
Ждём оф инфы.

Если кто может подтвердить или опровергнуть, напишите 

**Упд: походу видео сегодняшнее.
Нигде не бьётся.
Подписчики из Крымска подтверждают.
Случилось это чуть менее часа назад.

Ждём оф инфу

**[Конфликт🔥Z Подписаться](https://t.me/konfliktworld)",,,
36791,"**‼️🇷🇺🇺🇦 Офис Зеленского и Минобороны России одновременно сообщили об обмене пленными
**Минобороны РФ: 24 ноября в результате переговорного процесса с подконтрольной киевскому режиму территории возвращены 50 российских военнослужащих, которым в плену грозила смертельная опасность.
▪️ Самолетами военно-транспортной авиации ВКС России освобожденные военнослужащие будут доставлены в Москву для прохождения лечения и реабилитации в медицинских учреждениях Минобороны России. Всем освобожденным оказывается необходимая медицинская и психологическая помощь.
/на фото момент обмена со стороны ВСУ/

💤Здоровья вернувшимся парням🙏🏼
 
[Конфликт🔥Z Подписаться](https://t.me/konfliktworld)",,,
36792,"💤В Польше активисты сорвали вручение литературной премии украинской писательнице - нацистке Оксане Забужко ,которая  героизирует Бандеру и Шухевича и сомневается в геноциде Поляков на Волыни 

[Конфликт🔥Z Подписаться](https://t.me/konfliktworld)",,,
36793,"**🇷🇺🎖Трагические кадры гибели русского Героя: тяжелораненый в бою командир группы ЧВК с позывным Чердаш, чтобы не попасть в плен к нацистам, оставаясь верным Родине, направляет пулю в своё сердце... 
**/Кадры с ВСУшного квадрокоптера публикуют киевские ресурсы.../
Покойся с миром, Русский Воин.
☦️Вечная память и Царствие Небесное

💤Воин .Вечная Память Герою 

[Конфликт🔥Z Подписаться](https://t.me/konfliktworld)",,,
36794,"⚡️Путин наградил военного корреспондента Семена Пегова орденом мужества за отвагу и самоотверженность — Кремль

[Конфликт🔥Z Подписаться](https://t.me/konfliktworld)",,,
36795,"⚡️Украинские СМИ сообщили о взрывах в Кривом Роге

[Конфликт🔥Z Подписаться](https://t.me/konfliktworld)",,,
36796,"**‼️🇷🇺 Сегодня из украинского плена вернутся еще 50 российских бойцов — глава ДНР
**Столько же пленных будет передано Украине, в основном — военных ВСУ, сообщил Денис Пушилин.

[Конфликт🔥Z Подписаться](https://t.me/konfliktworld)",,,
36797,"⚡️Воздушная тревога объявлена в Сумской, Харьковской, Черкасской, Днепропетровской и Полтавской областях Украины — власти

[Конфликт🔥Z Подписаться](https://t.me/konfliktworld)",,,
36798,"‼️Премьер-министр Армении Никол Пашинян **отказался подписывать проект декларации Совета коллективной безопасности ОДКБ** и проект о совместных мерах по оказанию помощи Армении.

💤Ему помощь не нужна ,он уже продался 

[Конфликт🔥Z Подписаться](https://t.me/konfliktworld)",,,
36799,"Украинский военный и волонтер Касьянов обещает устроить в России ”море огня”, начать убивать мирных жителей в Москве и Питере. Видимо убийства мирных на Донбассе, в Белгородской, Воронежской, Курской областях ему мало. 

Фактически Касьянов угрожает террористической войной мирному населению РФ. Это уровень Бен Ладена или ИГИЛ. Его угрозы стоит воспринимать предельно серьезно. Америка или Израиль в подобном случае действовали бы однозначно на упреждение. 

Еще раз, военнослужащий ВСУ угрожает России террористической войной с морем огня и убийством мирных граждан

💤Укры судя по всему из просто неадекватов превратились в самых настоящих маньяков.

[Конфликт🔥Z Подписаться](https://t.me/konfliktworld)",,,
36800,"Александр Дубинский - медиакиллер Коломойского, призвал к нарушению Женевской конвенции и убийству российских военнопленных

💤Словосочетание ""Украинская земля"" начинает уже подбешивать.

[Конфликт🔥Z Подписаться](https://t.me/konfliktworld)",,,
36801,"‼️🇷🇺💥 **""Грады"" нанесли сокрушительный удар по расположению украинских нацистов на Лиманском направлении

**РСЗО ""🅾️тважных"" отработали по району, в который стягивалась бронетехника украинских боевиков, готовящихся для совершения попытки прорыва Сватовско-Кременского оборонительного рубежа.

💤Красавцы 🇷🇺

[Конфликт🔥Z Подписаться](https://t.me/konfliktworld)",,,
36802,"🏴 **Освобожденный из украинского плена российские военнослужащие рассказывают о** **зверствах нацистов

**Возвращение 35 российских военнослужащих, которым в украинском плену грозила смертельная опасность, произошло поздним вечером накануне 

💤Парни держитесь ,отомстим

 за всех …

[Конфликт🔥Z Подписаться](https://t.me/konfliktworld)",,,
36803,"**Мы всё помним!
Мы вам это не простим!
Мы уничтожим каждого нациста
И ваш свинарник станет вашей могилой!!!!

**[Конфликт🔥Z Подписаться](https://t.me/konfliktworld)",,,
36804,"**Враги напрасно надеются на истощение высокоточного оружия России.
Продолжение следует. Всем хватит! **

– так Медведев прокомментировал слухи о том что у России заканчиваются ракеты

**💤Ядерный Димон 🔥🔥🔥

**[Конфликт🔥Z Подписаться](https://t.me/konfliktworld)",,,
36805,"**И СОТНИ ТЫСЯЧ БАТАРЕЙ****💥****
ЗА СЛЕЗЫ НАШИХ МАТЕРЕЙ**❤️**
ЗА НАШУ РОДИНУ****🇷🇺****
ОГОНЬ ****🔥****,ОГОНЬ****🔥****,ОГОНЬ**🔥

[Конфликт🔥Z Подписаться](https://t.me/konfliktworld)",,,
36806,"⚡️**Владимир Зеленский призвал лишить Россию права голосовать в Совете Безопасности ~~г~~О**~~нд~~**ОН и ветировать его решения.
**
«**Государство-террорист не может участвовать ни в каких голосованиях относительно своей агрессии и террора**, это тупик» — сказал президент Клевского кровавого режима, выступая по видеосвязи на срочном заседании Совета Безопасности ООН, которое было созвано по просьбе Куева. 

Это не первый такой призыв. 22 сентября пидарас Зеленский, выступая по видеосвязи на сессии Генеральной Ассамблеи ООН, также призвал лишить Россию права вето в Совете Безопасности. По его мнению, **наказание России является частью «формулы мира»**.

Кроме того, уебок Зеленский предложил Совбезу ООН **принять резолюцию об «осуждении любых форм энергетического террора»**.

[Конфликт🔥Z Подписаться](https://t.me/konfliktworld)",,,
36807,"**🏴‍☠️🇺🇦Хохлы наносят ночные удары по мирному Донецку

Выблядки мстят за дневной кипиш по отношению к энергосистемам и просто решили пострелять по мирному городу. Нет, не по военным объектам, а просто по мирному населению.

**[Конфликт🔥Z Подписаться](https://t.me/konfliktworld)",,,
36808,"**«Еще чего? Ваше дело фотографировать, а не указывать там чёта»**

Лавров жёстко ответил фотографу, который попросил его немного подвинуться для фото

Альфач 💪💪

[Конфликт🔥Z Подписаться](https://t.me/konfliktworld)",,,
36809,"**💤И опять блять сказки Венского леса. 
32 ракеты выпущено, 23 сбЫто. Но почему же блять весь свинарник без света остался?????
Мудаки ебаные, тупые свиньи!

**[Конфликт🔥Z Подписаться](https://t.me/konfliktworld)",,,
36810,"**Хохол «Дэвид Копперфильд»
Исчез нахуй 😂**",,,
36811,"Ночью противник попытался закрепиться между Первомайским и Водяным, но что-то пошло не так.

/ЖОГА/",,,
36812,"☢️**Стратегическая ракета ""Сармат"" запущена в серийное производство, она обеспечит безопасность РФ на 50 лет – разработчик

💤Нужно больше урана!!!!!!**",,,
36813,"**‼️🇺🇦🇪🇺☠️ В жилой дом в Киеве попала ракета НАТО

**Обломок зенитной ракеты ЗРК IRIS/T или NASAMS найден в районе удара украинской ПВО по жилым зданиям Куева!

[Конфликт🔥Z Подписаться](https://t.me/konfliktworld)",,,
36814,"**‼️🇺🇦🇺🇳Экстренное заседание Совета Безопасности **~~г~~**О**~~нд~~**ОН по Украине назначено сегодня на 16:00 по местному времени (00:00 мск 24 ноября). 
**Поводом для этого послужили сегодняшние удары по Украине.
Выступающим от Киева вновь заявлен по видеосвязи Зеленский.

[Конфликт🔥Z Подписаться](https://t.me/konfliktworld)",,,
36815,"‼️🇺🇦🏴‍☠️ **Сегодняшний ракетный удар привёл к самым тяжёлым последствиям для украинской энергетики за всё время атак по ней.

**▪️Без света официально большая часть населения Украины. Во многих городах нет отопления и воды. 
▪️Отключены энергоблоки всех трёх АЭС - якобы им некому поставлять электроэнергию. 
▪️Экстренные отключения будут в течение суток по всей стране. Укрэнерго поясняет, что устранять разрушения сейчас труднее из-за морозов и ледяного дождя.  
**Почему в этот раз такие масштабные последствия?
**▪️Возможно это накопительный эффект от регулярных ракетных ударов - энергетики не успевают ликвидировать последствия предыдущей атаки, как начинается следующая. 
▪️Украинские энергокомпании ранее уже заявляли, что испытывают большие трудности с заменой повреждённого энергооборудования. О том, что поставки оборудования затруднены из-за отсутствия его в необходимом количестве писали и западные СМИ. 
▪️В Киеве заявляют, что ударами по энергетике Россия склоняет Украину к переговорам.
«Переговоров не будет», - ответил на это секретарь СНБО Данилов.
▪️По другой версии, ВС РФ бьют по инфраструктуре не ради переговоров, а для дезорганизации украинского тыла, чтоб затруднить ВСУ ведение боевых действий на фронте.

[Конфликт🔥Z Подписаться](https://t.me/konfliktworld)",,,
36816,"⚡️⚡️⚡️⚡️

Украина .Ноябрь 2022 год .

[Конфликт🔥Z Подписаться](https://t.me/konfliktworld)",,,
36817,"**‼️Кадры возвращения 35 русских военных домой из украинского плена

**Все освобожденные из украинского плена будут доставлены в Москву самолётами ВКС РФ для лечения и реабилитации. Им  уже оказывается медицинская и психологическая помощь.

[Конфликт🔥Z Подписаться](https://t.me/konfliktworld)",,,
36818,"⚡️Президент Молдовы Майя Санду**: ""Россия погрузила Молдову во тьму""


💤Нехуй сосать у хохлов было!

**[Конфликт🔥Z Подписаться](https://t.me/konfliktworld)",,,
36819,"🇪🇺🇷🇺☠️Министр нападения, Евгений Пригожин, ответил на призыв европарламентских групп - от ультраправых до левых и зеленых - внести ЧВК ""Вагнера"" в список террористических организаций

""Сегодня я провёл совещание командиров ЧВК Вагнера и сообщил им это печальное известие. Не знаю, каким законом руководствуется Европарламент, но по нашему законодательству с сегодняшнего дня мы объявляем Европарламент распущенным"".

[Конфликт🔥Z Подписаться](https://t.me/konfliktworld)",,,
36820,"**💤Плына Кача ебать 😂

Хохлонацисты пидарасы!

**[Конфликт🔥Z Подписаться](https://t.me/konfliktworld)",,,
36821,"За всё следует платить. За каждый возглас ""Слава нації! Смерть ворогам"". За убийства жителей Донбасса под чёрно-красным нацистским флагом. За расчеловечивание людей и взятое против (уже бывших) сограждан оружие. Всё это смывается слезами, потом и кровью. Каждый солдат Украины, который возомнил себя ""право имеющим"", отказавшийся складывать оружие и поднимать ✋🤚 будет успокоен и... упокоен. **Так будет с каждым нацистским недочеловеком.

**[Конфликт🔥Z Подписаться](https://t.me/konfliktworld)",,,
36822,"**‼️****Куев после успешной работы ПВО Украины.**

🖕🖕🖕

[Конфликт🔥Z Подписаться](https://t.me/konfliktworld)",,,
36823,"Щит России.

[Конфликт🔥Z Подписаться](https://t.me/konfliktworld)",,,
36824,"**💤И ЗАПОМНИТЕ ХОХЛЫ! 
Мы не уничтожаем вам энергоструктуру. Мы забираем то, что принадлежит нам!
Хотели декомунизацию? Получайте!!!!

**[Конфликт🔥Z Подписаться](https://t.me/konfliktworld)",,,
36825,"**Давайте признаемся сами себе, укроэнерго - это лучшая система ПВО в мире!**
😂😂😂

[Конфликт🔥Z Подписаться](https://t.me/konfliktworld)",,,
36826,"**Хихлы теперь будут видеть свет, путём сожжения чего либо, например ВСУчек 😂

**[Конфликт🔥Z Подписаться](https://t.me/konfliktworld)",,,
36827,"‼️‼️‼️**Света не будет в течение суток, - Укрэнерго.

Знаем мы ваши сутки, признайтесь уже, что критическая инфраструктура восстановлению не подлежит.

То, что мертво, умереть не может.

**[Конфликт🔥Z Подписаться](https://t.me/konfliktworld)",,,
36828,"🌑🌑🌑🌑🌑🌑🌑🌑🌑🌑
🖕🖕🖕🖕🖕🖕🖕🖕🖕🖕


[Конфликт🔥Z Подписаться](https://t.me/konfliktworld)",,,
36829,"**🚀****💥****🔥****Повторные волны ударов по ёбаному Куеву!!!!!!!

**[Конфликт🔥Z Подписаться](https://t.me/konfliktworld)",,,
36830,"🚀💥🔥**В Светловодске ракетный удар по цели в районе дамбы Кременчугской ГЭС**

**💤ГЭС ДАВАЙ ПОКА **🚀🤙🚀🤙🚀🤙

[Конфликт🔥Z Подписаться](https://t.me/konfliktworld)",,,
36831,"**💤ЕБИТЕ ТЕПЕРЬ ДРУГ ДРУГА В ЗАДНИЦЫ ВО ТЬМЕ! СВИНОУБЛЮДКИ!

**💥💥💥💥💥💥💥💥💥💥💥


[Конфликт🔥Z Подписаться](https://t.me/konfliktworld)",,,
36832,"**🚀****💥****🔥****Взрывы в Хмельницкой области!!!

**[Конфликт🔥Z Подписаться](https://t.me/konfliktworld)",,,
36833,"**☢️Энергоблоки Хмельницкой АЭС отключены от энергосистемы — председатель Хмельницкой ОВА


💤Это пизда!!!!!

**[Конфликт🔥Z Подписаться](https://t.me/konfliktworld)",,,
36834,"**🚀****💥****🔥****Взрывы в Краматорском районе!!!

**[Конфликт🔥Z Подписаться](https://t.me/konfliktworld)",,,
36835,"**Взял из того же паблика, родной город Зеленского Кривой Рог, это аншлаг🤣🤣🤣

**[Конфликт🔥Z Подписаться](https://t.me/konfliktworld)",,,
36836,"**‼️☢️ Южноукраинская АЭС аварийно остановлена из-за падения напряжения в сети из-за отсутствия потребителей. А потребителей нет из-за поврежденных магистралей.
**▪️Также сообщается о том, что Ровненская АЭС переведена в аварийный режим работы.
Об этом сообщают киевские пропагандисты, вероятно пытаются придать драматизма ситуации, чтобы выклянчить больше помощи у своих хозяев с Запада.

[Конфликт🔥Z Подписаться](https://t.me/konfliktworld)",,,
36837,"**На данный момент нет света в городах**:

1. Киев
2. Харьков
3. Днепропетровск
4. Львов
5. Кривой Рог
6. Ровно
7. Луцк
8. Николаев
9.  Одесса
10. Сумы
11. Полтава
12. Миргород
13. Хмельницкий
14. Житомир

[Конфликт🔥Z Подписаться](https://t.me/konfliktworld)",,,
36838,"‼️Сообщение с разницей в 40 мин 

[Конфликт🔥Z Подписаться](https://t.me/konfliktworld)",,,
36839,"**‼️💥В Светловодске ракетный удар по цели в районе дамбы Кременчугской ГЭС


**[Конфликт🔥Z Подписаться](https://t.me/konfliktworld)",,,
36840,"⚡️Вся Одесская область после ударов по энергетической инфраструктуре осталась без электроснабжения — местные власти

[Конфликт🔥Z Подписаться](https://t.me/konfliktworld)",,,
36841,"⚡️Миргород и Полтава без электричества 


[Конфликт🔥Z Подписаться](https://t.me/konfliktworld)",,,
36842,"‼️▪️**После ракетных ударов свет пропал в киевском метро
**Очевидцы сообщают, что свет пропал внутри станций, эскалаторы остановились. Электричество есть только в наземном вестибюле. Люди пытаются выбраться из метро пешком.

[Конфликт🔥Z Подписаться](https://t.me/konfliktworld)",,,
36843,"‼️КИЕВ 

[Конфликт🔥Z Подписаться](https://t.me/konfliktworld)",,,
36844,"⚡️Кишинев и ряд районов Молдавии остались без света, сообщает вице-премьер Молдавии.

[Конфликт🔥Z Подписаться](https://t.me/konfliktworld)",,,
36845,"⚡️Приднестровье и Молдавия остались без электроэнергии — очевидцы

[Конфликт🔥Z Подписаться](https://t.me/konfliktworld)",,,
36846,"❗️В Киеве после ракетных ударов во многих районах пропадает свет, вода, начались перебои с мобильной связью, пишут украинские СМИ.

[Конфликт🔥Z Подписаться](https://t.me/konfliktworld)",,,
36847,"Подсолнухи 🌻😊

[Конфликт🔥Z Подписаться](https://t.me/konfliktworld)",,,
36848,"⚡️⚡️Мэр Киева Кличко подтверждает попадание ракеты в один из инфраструктурных объектов столицы

[Конфликт🔥Z Подписаться](https://t.me/konfliktworld)",,,
36849,"Президент России Владимир Путин прибыл в Ереван, где примет участие в заседании Совета коллективной безопасности (СКБ) ОДКБ.

В Ереване Путин также встретится с премьером Армении Николом Пашиняном.

[Конфликт🔥Z Подписаться](https://t.me/konfliktworld)",,,
36850,"⚡️Взрывы слышны в Киеве, сообщают местные СМИ.",,,
36851,"**‼️💥Масштабный удар по Украине: ракеты летят над многими областям, взрывы гремят в Киевской области
**▪️Кадры пролёта ракет над Днепропетровском.
▪️«Ракет много. С юга и с востока. Работает ПВО», – гауляйтер Ким.
▪️""В Кременчугском районе работает ПВО. Находитесь в укрытиях!"", — губернатор Полтавской области Лунин.


[Конфликт🔥Z Подписаться](https://t.me/konfliktworld)",,,
36852,"Гауляйтер Ким устал считать ракеты и теперь пишет просто ""ракет много"", но что самое забавное в такие моменты он пишет по-русски)

💤Поляки БЕРЕГИТЕСЬ ,у Хохлов ПВО РАБОТАЕТ 😂😂

[Конфликт🔥Z Подписаться](https://t.me/konfliktworld)",,,
36853,"⚡️Европарламент принял резолюцию о признании России ""государством-спонсором терроризма"" – итоги голосования

💤Нам пох 🖕🏽Россия признала Европарламент сборищем пидерастов

[Конфликт🔥Z Подписаться](https://t.me/konfliktworld)",,,
36854,"**‼️🇺🇦💥 Серия мощных взрывов в Николаевской и Днепропетровской областях

**Украинские каналы сообщают о пуске еще 10 ракет с самолетов Ту-95. Часть из них направилась в сторону Полтавской области.


[Конфликт🔥Z Подписаться](https://t.me/konfliktworld)",,,
36855,"**‼️🚀 Несколько мощных взрывов в районе Одессы, в восточной части Украины ревет воздушная тревога


**[Конфликт🔥Z Подписаться](https://t.me/konfliktworld)",,,
36856,"**‼️Нацисты будут гореть и на том, и на этом свете**

Свинособака после прилета с огнемёта ""Шмель"" [выжил](https://t.me/konfliktworld). Но при этом боевик сильно обгорел, его **кожа буквально отслаивается кусками**.

И теперь это сатанинское отродье будет наверняка знать, что его ждет в аду.🔥🔥🔥


[Конфликт🔥Z Подписаться](https://t.me/konfliktworld)",,,
36857,"‼️🇭🇷🇺🇦 **Хорватия отказалась проводить обучение украинских военных 

**Президент Хорватии Зоран Миланович отклонил запрос министра обороны Украины на проведение в стране обучения военнослужащих. Отмечается, что свое предложение украинское министерство обороны высказал в официальном письме, направленном президенту страны.
Отказ аргументировали тем, что у министра обороны нет полномочий инициировать такой запрос, а также другими формальными причинами. 


[Конфликт🔥Z Подписаться](https://t.me/konfliktworld)",,,
36858,"**‼️🇺🇸🇷🇺 ЦРУ планирует вербовать россиян, несогласных с проведением спецоперации на Украине — Wall Street Journal

**По словам директора ЦРУ Дэвида Марлоу, американские спецслужбы будут искать таких граждан  по всему миру. 

💤Навальнят будут нанимать ?

[Конфликт🔥ZПодписаться](https://t.me/konfliktworld)",,,
36859,"**‼️Российские войска уничтожили украинскую технику на позициях, откуда ВСУ обстреливают Энергодар и Запорожскую АЭС - Владимир Рогов

**[Конфликт🔥Z Подписаться](https://t.me/konfliktworld)",,,
36860,"Утро макаронное! Почему-то власти Италии, как и сами простые её жители, не хотят возвращения к режиму Дуче. Странно, да? Родина ""фаши"" и не хочет вновь принимать подаренную ею Европе идеологию? Итак, в ряде провинций Италии были проведены операции по задержанию экстремистов, которые... о! боги, были связаны с украинскими радикальными организациями ""Правым сектор"" и ""Азов"". Правые экстремисты проходили обучение на Украине в лагерях боевиков и готовили нападения на полицейские участки в Италии. Ну, что старушка Европа, хлебнула поддержки Украины? То ли ещё будет. А мы ведь говорим всем украинским военным, что пора всё это прекращать, складывать оружие, поднимать ✋🤚 и очищать свою землю от наследников Муссолини, Симы, Франко, Салазара и... Адольфа Алоисовича.

**💤Ой, а что такое?????

**[Конфликт🔥Z Подписаться](https://t.me/konfliktworld)",,,
36861,"**⚡️В Ереване начались протесты против России. 

Сегодня там проходит саммит ОДКБ. 

💤Хохлы и соросовские подстилки вышли покричать

**[Конфликт🔥Z Подписаться](https://t.me/konfliktworld)",,,
36862,"**🇷🇺🤝 🇷🇸 __Руси и Срби Браћа Заувек__! 
**Фанаты ""Зенита"" пронесли 600-метровый русско-сербский флаг от метро ""Крестовский остров"" до стадиона ""Газпром Арена"". Болельщики провели акцию перед товарищеским матчем с сербской ""Црвеной Звездой"".

💤Реально красавцы 👍🏼

[Конфликт🔥Z Подписаться](https://t.me/konfliktworld)",,,
36863,"🇵🇱🤦‍♂️Власти Варшавы переименовали пешеходно-велосипедную дорожку рядом с российским посольством в ""Аллею жертв российской агрессии"".

🤔Странные люди – поляки. Прилетела украинская ракета, убила двоих граждан – а аллею памяти жертв «российской агрессии» называют.

💤Наркоманы что ли ?Надоели эти новости из дурки !🤡

[Конфликт🔥Z Подписаться](https://t.me/konfliktworld)",,,
36864,"‼️🇹🇷**Якобы первое зафиксированное применение турецкого РСЗО TRLG-230 на Украине.
**Видео публикуют украинские ресурсы.
О том, что Анкара передала ВСУ 230-мм РСЗО вместе с управляемыми боеприпасами к ним на днях сообщил ресурс The Oryx.
Эти турецкие РСЗО с дальностью стрельбы до 70 км могут достигать максимальной точности поражения при применении лазерной подсветки целей беспилотниками «Байрактар».

**💤Чисто братушки Турки, может нахуй нам этот поток с этой ебаной трубой и зерновой сделкой? Ну это же уже пиздец**",,,
36865,"🇺🇳В ООН выразили обеспокоенность кадрами с расправой над российскими пленными в Донбассе, призвали тщательно расследовать эти сообщения

💤Бесполезная организация американских пидарасов",,,
36866,"Путин и президент Кубы открыли в Москве памятник Фиделю Кастро

Бронзовый монумент установили на площади Фиделя Кастро в московском районе Сокол. Трёхметровая фигура стоит на скале, в которую стилизованно вписана карта Кубы.

💤Военная база значит, на Кубе? Верно?😈😈😈",,,
36867,"Эти украинцы в интервью ""Дойче Велле"" жаловались, как российские военные отжимали у них Макбуки и Айфоны. В общем, тяжело пришлось местным хипстерам.

💤блять, какие же хихлы ебаные, это же пиздец….",,,
36868,"**Давайте готовиться к войне с Россией, - призвал начальник штаба армии Чехии Карел Ржехка

**Если начнется конфликт между Россией и НАТО, Чехия пострадает немедленно, - заявил Ржехка в своем выступлении на собрании командиров чешской армии. 

""__Война на Украине - это большой тревожный звонок для всего общества. Потенциал эскалации войны на Украине продолжает расти. Даже самые серьезные сценарии нельзя исключать__"", - сказал Ржехка.

**💤Да, Чехия пропадёт с карты мира в секунду.**",,,
36869,"‼️""Газпром"" фиксирует оседание на Украине российского газа, предназначенного для поставки молдавским потребителям.

**💤Никогда такого не было и вот опять хахахаа 😂

**[Конфликт🔥Z Подписаться](https://t.me/konfliktworld)",,,
36870,"**А почему до сих пор у этого дерьма есть доступна Российскому газу? Не это ли дерьмо объявило Россию в спонсорстве терроризма?

**[Конфликт🔥Z Подписаться](https://t.me/konfliktworld)",,,
36871,"В эти дни в сети просто вал фото- и видеосвидетельств преступлений украинских нацистов. В том числе из-за их садистской любви фотографировать следы своих преступлений, что роднит их с фашистами времен Второй Мировой войны. 

Очередные фото из-под Харькова — с. Малая Рогань. Этих мирных убили укровояки, когда ""освобождали"".  А этого ублюдка зовут Игорь Блохин. Он воюет в подразделении ""Кракен"", который был сформирован в феврале этого года из недобитков нацистов ""Азова"" и местных уголовников.

Эти и другие подобные фотографии обязательно всплывут на новом Нюрнберге.

[Конфликт🔥Z Подписаться](https://t.me/konfliktworld)",,,
36872,"Что ждёт Хохлов через некоторое время 😂

[Конфликт🔥Z Подписаться](https://t.me/konfliktworld)",,,
36873,"__Дуда поведал Вовану и Лексусу о том, что он не настолько упорот, чтобы воевать с Россией, как какие-нибудь хохлы

__[Конфликт🔥Z Подписаться](https://t.me/konfliktworld)",,,
36874,"**‼️🇷🇺🇧🇬Болгария приняла предложение российского ""Лукойла"" об экспорте нефти в обход эмбарго

**Вице-премьер-министр по вопросам экономической политики Болгарии Христо Алексеев заявил, что договорённость об оплате налога на экспорт нефти несмотря на предупреждения Еврокомиссии о том, что это нарушит режим санкций, даст возможность получить дополнительные €350 млн в бюджет.

[Конфликт🔥Z Подписаться](https://t.me/konfliktworld)",,,
36875,"❗️Байдену вскоре проведут оценку здоровья и обнародуют результаты — Белый дом

[Конфликт🔥Z Подписаться](https://t.me/konfliktworld)",,,
36876,"‼️Украинка с изумлением обнаружила ,что живет при капитализме ,где даже блэкаутом «рыночек порешал».И что киевские богатеи не отказывают себе в электроснабжении даже сейчас .

[Конфликт🔥Z Подписаться](https://t.me/konfliktworld)",,,
36877,"Второе видео 

[Конфликт🔥Z Подписаться](https://t.me/konfliktworld)",,,
36878,"**‼️💥Взрывы в Севастополе, Балаклаве и Евпатории взрывы — в воздухе рвутся ракеты ПВО
**Один из взрывов в районе мыса Фиолент.
Дежурные силы ПВО работают в Севастополе, сбито 2 беспилотника, сообщил губернатор.|📹Mash|.

[Конфликт🔥Z Подписаться](https://t.me/konfliktworld)",,,
36879,"Братья ебашат по свинопидорам

[Конфликт🔥Z Подписаться](https://t.me/konfliktworld)",,,
36880,"⚡️⚡️⚡️#Инсайд 

**Энергетики из-за разрушенной инфраструктуры вынуждены отключать южные регионы от электричества, чтобы на Западной Украине был свет. Сейчас ситуация критическая и власть вынуждена в ручном режиме управлять процессами, иногда жертвуя одними регионами страны в угоду других.

**[Конфликт ](https://t.me/konfliktworld)[🔥](https://t.me/konfliktworld)[ Z Подписаться](https://t.me/konfliktworld)",,,
36881,"По поводу очередного видео с расстрелом наших пленных. Во-первых то, что в форме ВСУ воюют самые настоящие животные, говорить уже излишне. Они расстреливали женщин в Изюме и Купянске после того, как мы оттуда ушли, так что расстрел пленных для них само собой разумеющееся. 

Во-вторых такие видео надо обязательно показывать нашим солдатам, особенно мобилизованным дабы они знали, против кого воюют. Знали и действовали соответствующе этим самым знаниям. 

И да, нет лучшего наказания для хохла, чем продолжение хладнокровного и поступательного уничтожения всей критической инфраструктуры Украины. В данном случаем мы говорим не о мести, а о предотвращении расползания этой самой заразы. Глупо мстить бешеной собаке, ее просто уничтожают.

/Старше Эдды/",,,
36882,"**‼️🇺🇦🏴‍☠️Страшные кадры: Так проходит фашистская «фильтрация» в Херсоне. Соседи-свидомиты указывают нацистским боевикам на «сторонников русского мира».
**До зубов вооруженные боевики с собаками вытаскивают на улицу женщин и подростков...

[Конфликт 🔥 Z Подписаться](https://t.me/konfliktworld)",,,
36883,"‼️😡 **Нацистские нелюди избили пожилую женщину в киевском метро(электричке) из-за того, что она высказала свое мнение о причинах СВО

💤страна **дикарей и выродков 

[Конфликт🔥Z Подписаться](https://t.me/konfliktworld)",,,
36884,"**Опять мудачье свирособачье отличилось на ЧМ...
Ну никуда выпускать это стадо нельзя, где жрут, там и срут, дикари и скот!

**[Конфликт🔥Z Подписаться](https://t.me/konfliktworld)",,,
36885,"**🇺🇦🏴‍☠️Лычаковский ~~кладбище~~ свинарник во Львове.

**[Конфликт🔥Z Подписаться](https://t.me/konfliktworld)",,,
36886,"⚡️⚡️⚡️⚡️⚡️

💤 Очередное [видео](https://t.me/konfliktworld) о том, как убивают наших пленных.
Когда и где снято пока неизвестно .Уточняем !
До этого видео, которое нашумело с нашими казнёнными парнями, начинает утихать. 

Такие видео нужно распространять где только можно, наша пресса, западные сми, новости, чтобы мир знал. 

[Конфликт🔥Z Подписаться](https://t.me/konfliktworld)",,,
36887,"**В Германии стала вирусной реклама **[кафе](https://t.me/konfliktworld)** с блинчиками «от Путина»**

[Конфликт🔥Z Подписаться](https://t.me/konfliktworld)",,,
36888,"🤡Немцы отправили свою сборную по футболу на ЧМ в Катар **на ЛГБТшном **[самолёте](https://t.me/konfliktworld), но **власти Катара послали их** и самолёт с командой пришлось сажать в соседнем Омане

**💤Ёбаные идиоты **

[Конфликт🔥Z Подписаться](https://t.me/konfliktworld)",,,
36889,"‼️🇺🇦😡 **СБУ проводит обыски в Киево-Печерской Лавре

**На территории храма находится огромное количество [украинских](https://t.me/konfliktworld) силовиков. Они ищут оружие и якобы русских диверсантов, сообщают укроСМИ.
💤Ничего святого !Твари 🤬

[Конфликт🔥Z Подписаться](https://t.me/konfliktworld)",,,
36890,"‼️🇬🇧🇺🇦**Британия передала Украине высокоточные ракеты с лазерным наведением

**Ракеты Brimstone-2 обладают вдвое большей дальностью пуска, чем у предыдущей модели, стоимость одной единицы оружия оценивается примерно в £175 тыс., сообщает The Telegraph. 

[Конфликт🔥Z Подписаться](https://t.me/konfliktworld)",,,
36891,"Прилёты по группе ВСУчек

[Конфликт🔥Z Подписаться](https://t.me/konfliktworld)",,,
36892,"Царство небесное… 🕯️

[Конфликт🔥Z Подписаться](https://t.me/konfliktworld)",,,
36893,"Вечная память Батюшке 234 гвардейского десантно-штурмового Черноморского ордена Кутузова 3-й степени имени Александра Невского полка.

[Конфликт🔥Z Подписаться](https://t.me/konfliktworld)",,,
36894,"« __Детей Донбасса убивали русские! Хохлы будут стоять до последнего как и я я на половину хохлушка. Путин зашёл на Донбас . Херсон забрали дальше будет хуже я же вам говорила __» 

**Кстати эту пьяную мразь хохлы уже постят как свою, а живёт она на секундочку в ЧЕЛЯБИНСКЕ и ежедневно устраивает стримы набирая на этом популярность и подписчиков среди украинцев и ЦИПСО.

**[Конфликт🔥Z Подписаться](https://t.me/konfliktworld)",,,
36895,"🔥**Round two

🇷🇸****⚔️****🇽🇰Вучич заявил о готовности Сербии защищать свой народ в Косово

**[Конфликт🔥Z Подписаться](https://t.me/konfliktworld)",,,
36896,"🔥🔥🔥🔥🔥🔥🔥🔥🔥🔥🔥
‼️‼️‼️‼️‼️‼️‼️‼️‼️‼️‼️

**Нужно максимально распространить этот ролик!

**💥💥💥💥💥💥💥💥💥💥💥

[Конфликт🔥Z Подписаться](https://t.me/konfliktworld)",,,
36897,"🔥🔥🔥🔥🔥🔥🔥🔥🔥🔥🔥🔥

Вперед, Россия! Победа будет за нами!🇷🇺🇷🇺🇷🇺🫡",,,
36898,"Улицы Бахмута вечером 19 ноября

[Конфликт🔥Z Подписаться](https://t.me/konfliktworld)",,,
36899,"Белорусские войска «могут вступить на Украину» в кратчайшие сроки, утверждает Американский институт изучения войны (ISW)

**💤Не ссыте, вступят конечно 😂

**[Конфликт🔥Z Подписаться](https://t.me/konfliktworld)",,,
36900,**Арта ДНР**,,,
36901,Сергей Владимирович слов на ветер не бросает,,,
36902,**‼️Свин в бмп нахуярился хорилкой и сел за рычаги 🤡**,,,
36903,"💤

[Конфликт🔥Z Подписаться](https://t.me/konfliktworld)",,,
36904,"☠️☠️☠️Сегодня хохлы празднуют ""День достоинства и свободы Украины"", государственный праздник отмечаемый в честь годовщины ""Майдана"" 2013 года.
Как всё начиналось...

**💤Тот день когда хохлы превратились в нелюдей!

**[Конфликт🔥Z Подписаться](https://t.me/konfliktworld)",,,
36905,"Вместо Украины ПВО получает Польша, Варшава приняла предложение Германии и разместит на границе с Украиной ПВО.

Польша приняла предложение Германии и получит системы ПВО Patriot, чтобы разместить их на границе с Украиной, заявил в понедельник министр обороны страны Мариуш Блащак.

**💤Хихлы почти год выпрашивают ПВО, а тут одна свиноракета и сразу все предоставили****😂****
Это говорит о том что хихлы нахуй никому не нужны , поберушки ебаные****😂**",,,
36906,"**‼️****‼️****В. В. Путин подписал закон о статусе ветерана боевых действий для добровольцев, участвующих в СВО.**",,,
36907,"Боец ЧВК «Вагнер» даёт емкую характеристику нашему врагу и прогноз на будущее противника. 

🤙""**__Работают грамотно, отважны, но, несмотря на это, им все равно пиздец…""__**🤙🔥☠️",,,
36908,**Хихлы за отказ от Русского ****🇷🇺**** мира превратились в бомжей!**,,,
36909,**💤таких упиздков надо лишать гражданства**,,,
36910,"**💤Вонючая лицемерная блядь!!!
Такая же как и жиробас сверху 👆🏻**",,,
36911,"**🇺🇦Минутка украинского искусства. 

Николаевский фотограф, он же модель, Артем Гумилевский получил медаль победителя премии Global Peace Photo Award 2022.
Церемония награждения прошла 14 ноября в австрийском парламенте.

💤Короче если ты жирный уебок которому всю жизнь было похуй на своё здоровье да еще и хохол, значит ты победил во всех номинациях!
Отвратительная мразь!**🤮🤮🤮🤮🤮🤮🤮🤮🤮🤮🤮🤮🤮🤮🤮",,,
36912,☠️☠️☠️,,,
36913,‼️Приштина отправила полицейский спецназ на север Косово — Вучич,,,
36914,"⚡️⚡️⚡️⚡️

Ситуация в непризнанном Косове тяжёлая, на грани столкновений

Вучич",,,
36915,"**‼️🇷🇺 Армия России перебрасывает войска через Мариуполь на Запорожский фронт в сторону Гуляйполя - Андрющенко

**Советник фейкового украинского ""мэра Мариуполя"" Петр Андрющенко **опубликовал кадры от пособников ВСУ** и заявил, что десятки грузовиков и инженерной техники со стороны России прошли в направлении Гуляйполя. 
Он добавил, что это второе большое военное усиление со стороны России в этом направлении.

💤Надо искать стукачей!!",,,
36916,"❗️ЕС не сможет принять новых членов, включая Украину — премьер Португалии",,,
36917,"‼️🇺🇦🏴‍☠️** Зеленский в очередной раз призвал Запад принять Украину в НАТО и ЕС

**""Все вы видите, на сколько весомый вклад в защиту нашего с вами сообщества делает Украина, все вы видите на сколько важно то что мы с вами реально объединились после 24 февраля. Следовательно, благодаря этому вы видите и то, что Украина должна стать полноправным членом ЕС и НАТО. Я призываю вас поддержать наши заявки на членство в ЕС и альянс"", - сказал Зеленский, выступая по видеосвязи на заседании парламентской ассамблеи альянса в Мадриде.
💤Кажется кто-то опять перенюхал .",,,
36918,"**‼️🇱🇹🇺🇦 Литва отказалась передавать киевскому режиму гаубицы Panzerhaubitze 2000 и зенитные комплексы NASAMS — Delfi

**Отказ поставок NASAMS объясняется произошедшим в Польше инцидентом с падением ракеты, после которого Литва решила усилить свою ПВО. Причина отказа в передаче гаубиц не объясняется.

💤ещё один нож в спину хохлам 😂",,,
36919,"**‼️Война глазами врага: кадры боя под Артёмовском, который штурмуют казаки и ЧВК
**Наши буквально поливают врага огнём
💤Надеюсь мы видели уже мертвую укропадаль",,,
36920,"‼️Европейское издание газеты Politico назвало польскую армию, возможно, лучшей в Европе.",,,
36921,"‼️Парламентская ассамблея террористического блока НАТО решила признать Россию государством-террористом и призвала создать специальный Международный трибунал по агрессии РФ против Украины.

🤡**

💤Такая же фантастическая, выдуманная хуета как и Гаагский суд!**",,,
36922,"Какой то киргиз оставил свою желтую сумку доставки и решил поехать на сторону салопокоонников. 
Набравшись смелости он обратился к Рамзану Ахматовичу и какому то Путинову, видимо проживая в России фамилию президента он так и не выучил. 
Приехала туда эта свора собак воевать за какой то выдуманный туран и свой тюрский мир. 
Видимо тюрки забыли как у них все плохо заканчивается. 
И этот жест «Серые Волки». Только за него этому доставщику стоит отрубить руки.",,,
36923,"‼️Отправился к Бандере французский наёмник и основатель «Украинского интернационального легиона» Гастон Бессон, который когда-то воевал против сербов на стороне хорватов.

 💤Ну и теперь по традиции ,давайте проводим лягушатника в последний путь 

Ставим варианты пожеланий :

Земля ему стекловатой-🖕🏽

Да и хуй с ним -💩

 🇫🇷brûle en enfer-гори в аду -👏🏼",,,
36924,"🇺🇸 В Артемовске замечен полковник морской пехоты США в отставке Эндрю Милберн

В середине марта отставной американский офицер основал ЧВК ""Моцарт"" - название использовано по аналогии с ЧВК ""Вагнер"", которую американец называет своим главным противником.

До недавнего времени организация состояла из нескольких десятков отставных офицеров из западных стран, которые работали инструкторами для ВСУ. Источники отмечают, что сейчас численность американских ""моцартов"" могла возрасти, и в настоящее время наемники этой ЧВК принимают непосредственное участие в боевых действиях на артемовском направлении.",,,
36925,"**‼️🇵🇱🇺🇦 Польша не даст согласия на участие Украины в расследовании инцидента с падением ракеты в Пшеводуве — Rzeczpospolita

**Польская прокуратура не согласится включить украинскую сторону в расследование по факту взрыва ракеты в Пшеводуве, в результате которого погибли 2 человека. Для этого нет юридических оснований и это противоречило бы интересам следствия.
💤нож в спину хохлам",,,
36926,"🤷‍♂️Поляки наконец-то нашли решение проблемы украинских беженцев - половину можно тупо отправить на убой.

Власти страны, под предлогом помощи Киеву, окрыли тренировочные лагеря, куда принудительно отправляют беженцев мужского пола. Таким образом Польша становится главным координатором помощи государству 404 и может пилить международную помощь как душе угодно. Также появляется возможность натаскать лояльных украинцев для будущей аннексии Галичины. Ну и последним пунктом профита является естественная утилизация беженцев, проедающих государственные ресурсы и требующих постоянной поддержки - дешевле один раз одеть и отправить на смерть .",,,
36927,"Немного юмора нам в ленту 🤣🤣🤣
(Перевод шуточный ,но со смыслом)продолжение 👇🏼",,,
36928,"**‼️ New York Times подтверждает убийство российских военнопленных в Макеевке боевиками ВСУ. Ряд видеозаписей с расправой над военными - достоверны

**▪️""Подлинность видео проверена The New York Times, они демонстрируют ужасающий момент конфликта"", — пишет одна из ведущих газет США. 
▪️Авторы NYT провели последовательный анализ кадров и пришли к выводу, что российские бойцы попали в плен к ВСУшникам, которые решили убить их, совершив тем самым военное преступление, которое необходимо расследовать.
▪️""Похоже, что большинство из них были убиты выстрелами в голову"", — заявил доктор Рохини Хаар, медицинский советник организации ""Врачи за права человека"".
▪️«Присутствуют лужи крови. Это указывает на то, что их просто оставили там мертвыми. Похоже, не было никаких усилий, чтобы подобрать их или помочь им».
▪️Доктор Хаар отмечает, что российские военные когда они сдались, лежали без оружия, с вытянутыми руками или за головой: «**Они считаются hors de combat или некомбатантами - фактически военнопленными**».
**Кадры перед и после казни мы публиковали ранее

💤**Кто это сделал , казнить прилюдно. Мрази просто",,,
36929,90% съебавшихся Хохлов 😂,,,
36930,"**🇺🇦🏴‍☠️Тем временем в Одессе вместо статуи Ленина установили статую Дарта Вейдера.

****🤦‍♂️****🤦‍♂️****🤦‍♂️**",,,
36931,"**‼️****МИД Польши подтвердил отказ в допуске Сергея Лаврова к участию в заседании Совета глав МИД ОБСЕ в Лодзи, которое планируется 1-2 декабря.**",,,
36932,"‼️Соловьёв в эфире ""Вечер с Владимиром Соловьевым"" в контексте обсуждения польского инцидента с ""Российской ракетой"" задал вопрос - а где уверенность в том, что Белгород обстреливают не поляки или другие наёмники из стран НАТО из оружия НАТО? Ответственно заявляю Владимир Рудольфович - Шебекино обстреливают польские и английские наёмники, из НАТОвского оружия, которые базируются в Волчанске и округе. Сегодня например вообще финская ракета прилетела в Белгородскую область.",,,
36933,"**⚡️Из Германии депортировали Юлию Прохорову - россиянку, которая поддерживала СВО, записывала об этом видео и приходила с российским флагом на митинги украинцев.** 

Ее обвинили в топ, что в Германии она проживала нелегально.

**Все порядке — и слава Богу! Добро пожаловать домой, Юлия!**",,,
36934,**💤Забыл добавить и сру в пакет 😂**,,,
36935,"🇨🇵 Тем временем Эмануэль Макрон получает то, к чему давно стремился. Законопослушный гражданин показал уже второй раз Макрону где раки зимуют.

**💤Мудак, загнал страну в очко, получай теперь. Эта унизительная пощечина от всех французов, которых заебал хохлорейх! А ты дальше давай в жопу сша и Британии, ебаный носатый урод!**",,,
36936,**💤Индопидор!**,,,
36937,"‼️‼️На Украине утилизирован основатель «Украинского интернационального легиона» французский наемник Гастон Бессон, который когда-то воевал против сербов на стороне хорватов. Земля стекловатой ублюдку.",,,
36938,"В Херсоне продолжается вакханалия. Толпа бешеных баб поют перед ВСУшником с арбузом гимн Украины и выкрикивают нацистские лозунги.

Кстати, вслушайтесь в слова гимна Украины, а кто не понимает свиномову почитайте перевод. Их с самого распада СССР программируют на противостояние с «врагом». Автор музыки родился в Австрийской империи, погиб в Польше, был католиком, и к Украине никакого отношения не имел. Автор слов тоже был поляком.",,,
36939,"Читатели британских СМИ нашли странным поведение премьера Сунака в Киеве: оделся будто «для фотосессии с богатыми банкирами», выглядел «возбужденным, как ребенок», постоянно «улыбался, как Чеширский кот»
💤Поделился с ним Зеля забористым коксом)",,,
36940,"‼️Какая-то западенка из Львовской области объясняет в маршрутке рогулям, что вся их Украина это не более, чем мираж. А Москва была, есть и будет.

__""Вам русские построили предприятия, квартиры дали. А вы проститутки. Отстроите Донбасс, Луганск. А ваши дети разбежались по европам. А Русь была и будет"".

__Самое забавное, что рогули молчат, т.к. в глубине души понимают, что она права.
💤В двух словах, женщина, которую лохлы выкинули из маршрутки говорит, что вам Москва построила заводы, города и все что у вас есть, а дура в пятнистой херне крутит пальцем у виска. В конце монолога женщина говорит ,что ваши дети где угодно, но не в украине и вы мрази свою землю предали.",,,
36941,"Здравые хабаровчане не стали дожидаться когда власти наконец запретят высер **""лето в пидорском галстуке""** и организовали у себя в городе рейд по книжным магазинам. 

Принимали участие и депутаты и учителя и просто неравнодушные граждане. По итогу ребята навели шумихи в СМИ и книгу убрали с прилавков хабаровских магазинов. 


**💤Не хотят убирать с полок? Значит штрафуйте нахуй на 1 миллион. Если второй раз не поймут, штрафуйте еще на 2 миллиона. И так до того момента пока не вычистят свои полки от этой погани!**",,,
36942,"Администрация города Хуст Закарпатской области приняла решение переименовать улицу Джонсона в улицу Сунака.

**💤Вся суть свиноублюдков**",,,
36943,Российский боец Владимир Минеев отправится в зону спецоперации после победы над Фернандо Родригесом,,,
36944,"**‼️🇺🇦🏴‍☠️Армия России уничтожила командира 105-го батальона из Закарпатья полковника Мыколу Красивова

**Командир ВСУ ликвидирован в Херсонской области.
105 батальон входит в состав 63-й мехбригады ВСУ. 

 💤Давайте проводим красивого в последний путь 

Ставим варианты пожеланий :

Гори в аду мразь -🖕🏽

Привет Бандере -💩

Земля бетоном -🤬",,,
36945,"Россия есть, была и будет.",,,
36946,‼️Подготовка мобилизованных и экипажей танка Т-14 «Армата» под Казанью.,,,
36947,"⚡️⚡️⚡️⚡️⚡️ 
‼️Очередное видео с издевательством  над русским пленным .
💤Если это видео было загружено с целью вызвать страх или смех, то оно работает в обратную сторону!!!Не передать словами как сильна моя ненависть к укронацистам , к этим сраным ублюдкам заслуживающим только медленной смерти!!!",,,
36948,"Вся суть пидорасов 😌

А в Одессе же тоже русские. Вот они прислушались к нему и вышли. А теперь он чем-то недоволен 😂",,,
36949,"Печаль, тоска, разочарование😂😄

4 хохлятских истории из инстаграма. 

""Мы выезжаем из Польши. Льготы отменяют, работы нет, жилье предоставляют в первую очередь ляхам"" 

""Мне сегодня сказали что наша ракета убила людей и вообще Львов наш исторически"" 

""Не знаю, как там в западной Польше, а в восточной нас больше не ждут. Смотрим в сторону Германии. Если кто-то оттуда есть, отзовитесь"" 

""Меня обматерили, плюнули вслед, а все из-за того, что я из Украины. на мои доводы, что это была ракета русни мне сказали, чтобы я это рассказывала в другом месте""

💤Провожают как богов😂😭",,,
36950,**🔥****🔥****🔥****Вагнер жёстко разъебал  колонну ВСУк на Бахмутовском направлении.**,,,
36951,"💤простите ,без комментариев 🤣
~~Украина ~~ Европа 21 век !",,,
36952,❗️Глава МАГАТЭ призывает немедленно прекратить обстрелы Запорожской АЭС — заявление,,,
36953,"**💡****🔌Сильно блять, эта зима реально будет самой пиздецовой для хихлов!**",,,
36954,"Это что за существо такое в Херсоне?

💤**Хохол покрытый струпьями? **🤮
**Я же говорил они ДЕМОНЫ!**",,,
36955,**💤Хихлы готовятся передвигаться на автотранспорте без ГСМ ****😂**,,,
36956,"❗️**Глава Чечни Рамзан Кадыров опубликовал видео обстрела Запорожской АЭС со стороны ВСУ

**""В то время, когда все международные организации вовсю трубят о якобы ядерной угрозе со стороны России, украинские боевики беспрепятственно бьют по крупнейшей атомной электростанции в Европе. Дорогой брат, командир ОМОНа ""Ахмат"" Управления Росгвардии по ЧР Анзор Бисаев прислал видеосъемки очередного обстрела АЭС со стороны ВСУ"", заявил Кадыров.",,,
36957,"💤Новая разработка свиноинженеров из 404 ,работает на одной свиной силе .Думаю ,что не без помощи Сунака, он то и подсказал как у них там делается  в Индии 🤡",,,
36958,"🚫**«Почему так?» спрашивает Одесситка **

**💤Да потому что блять нехуя было Донбасс бомбить 8 лет. Теперь сиди в темноте и сри в пакет!**",,,
36959,"МИД Нидерландов вызвал посла России из-за неприятия Москвой вердикта суда в Гааге по делу о крушении самолёта рейса MH17.

""Своей реакцией Россия дискредитирует голландское правовое государство. Это абсолютно неприемлемо"", — заявил голландский МИД.

В Москве назвали всё это ""расследование"" политическим заказом.

**💤Наркоманы ебаные! Гаагский суд это блять фантазии ваши, доблаёбы! Это несуществующий орган!**",,,
36960,❗️Россия распространила в Совбезе и Генассамблее ООН письмо с данными о жестоком обращении украинцев с российскими военнопленными — зампостпреда Полянский,,,
36961,💤ЦИПсО работает не покладая рук .Просто мрази,,,
36962,💤А вот как это было все на самом деле,,,
36963,"**Зеленский гуляет в Киеве с премьер министром Великобритании Сунаком и демонстрирует ему сожженую российскую технику.
Тот восхищается.**",,,
36964,"**‼️****Неуклюжие попытки перевалить обстрел Польши на нашу страну не принял никто, даже самые заядлые русофобы – поляки. И это важный симптом:
****🚫****От киевского режима все сильно устали. В особенности от невротика Зеленского, который постоянно нагнетает страсти, канючит, куксится и вымогает всё новые и новые подачки деньгами и оружием. Ведёт себя как истеричный ребёнок с проблемами в развитии.
****🚫****США, НАТО и Евросоюз не хотят окончательного разрыва с Россией, чреватого третьей мировой. Отсюда участившиеся попытки окоротить и вразумить Киев, вытолкнуть его на переговоры.
****🚫****Зеленскому переговоры не нужны по вполне очевидным шкурным причинам. Более того – они для него очень опасны, о чём уже приходилось говорить. Ведь если не признать реалии распада Украины – бессмысленно садиться за стол. А признаешь – укокошат собственные националисты, которые находятся в связке с армейской верхушкой. И которых он боится до обморока. Цугцванг.**",,,
36965,"**Disney решил увеличить количество ЛГБТ-персонажей в новых мультиках**. 

А к мальчикам и девочкам будут обращаться как «**мечтатели**» и «**друзья**». 

Новости из дурки.

💤Как же это всё мерзко и противно блять",,,
36966,"**‼️🏴‍☠️ Во вторник ВСУ показали впечатляющие кадры работы Ми-24, в субботу - обломки этого вертолёта**",,,
36967,"**«Позвоню из Киева, с полячкой жить не буду»**
Шиша (очень колоритный боец!) [ ](https://t.me/russkiy_opolchenec)«привет жене, дочке и маме. Обещает позвонить из Киева и хранить верность супруге. До Варшавы пока не собирается. В Польше могут спать спокойно – Шиша Польшей не интересуется.

💤Здоровья тебе боец и скорейшего возвращения домой живым и здоровым к  матери ,жене и дочери 💪🏼
❤️",,,
36968,"‼️🏴‍☠️ **Началась эвакуация Херсона, — вице-премьер Украины

**""Николаевская область будет помогать... Многие выразили желание эвакуироваться"", - уверяет Ирина Верещук. 

💤тик токи поснимали ,можно и валить",,,
36969,"**Шольц обратился к Путину:**
 
«Никто не имеет права присваивать чужую территорию! Прекратите эту войну, выведите свои войска и расчистите путь для переговоров о мире, который не может быть продиктован Россией в отношении Украины», — заявил канцлер ФРГ
💤 Шольц 🖕🏽",,,
36970,"Только вчера писали, что дурынде «Миссис Крым» Валеевой отказали в российском гражданстве из-за исполнения «Червоны Калыны», как сегодня другой придурок нарисовался. Даня Милохин, которого буквально пару недель назад уговаривали участвовать в шоу «Ледниковый период» с Медведевой, из Америки ведёт стрим, где пытается петь гимн Украины.  Ничему  дураков чужие ошибки на учат. Вот что нам теперь с ним делать? Второй придурок (Бабич) поумнее оказался, Даню развёл, а сам российский гимн петь не стал!  

💤Все говно пусть плывет на запад.А мы гарантированно сделаем так, чтобы оно не вернулось 😉",,,
36971,"‼️Раздача какой-то непонятной гуманитарки в Херсоне. Просто вывалили на землю, а вы там копайтесь, разбирайте. Это вам не в оккупации страдать от ежемесячных выплат.",,,
36972,"‼️🇺🇸🇬🇧**Разложение нации: В США и Британии открыто защищают педофилов, учат детей не бояться их, а дружить с ними

**""Оно"" на видео — лицензированный секс-терапевт в США, в Пенсильвании, рассказывает, что называние педофила педофилом оскорбляет эту категорию уродов-извращенцев. ""Оно"" защищает педофилов и просит называть их - ”влекомые малолетними”.

В Британии же специально для детей дошкольных образовательных учреждений издали брошюры, в которых учат не бояться педофилов, а дружить с ними.__ ""Что делать, если к тебе подошел незнакомец на улице?
Не надо его боятся, обычно он не сделает тебе ничего плохого. Не надо кричать и плакать, это может ранить чувства незнакомца. Не называй его педофилом, это слово ругательное. Попробуй узнать его лучше. Он просто хочет завести себе новых друзей, как ты. Пригласи его к себе. Ты не можешь себе представить каким весёлым может быть твой новый друг""__, — гласит жуткая инструкция для детей.",,,
36973,"**‼️🔥Взрыв и мощный пожар в Херсоне: похоже, что армия России поразила топливохранилище ВСУ
**После ухода наших войск украинские подразделения занимают позиции в городе и области, также оборудуют склады ГСМ для техники. 
💤Хохлы ,шо с ебалом ?!?!?
Они думали, что в оккупированном Херсоне им спокойно будет сидеть. Нет, будет как и на остальной усраине, голодно и холодно. Херсонцы, кто выехал, это понимали",,,
36974,"⚡️⚡️⚡️⚡️⚡️
Очередные ВСУшники “зверски”взятые в плен десантниками из 11-й гвардейской десантно-штурмовой бригады (г.Улан-Удэ,Республика Бурятия)где-то в зоне проведения СВО .",,,
36975,"‼️Латыши с факелами спешат занять очередь на денацификацию, боятся не успеть. 

Кстати факела пригодятся, украинцы не дадут соврать

💤А что за праздник ?День шпрота ?",,,
36976,"‼️Жители Германии ,Италии и Аргентины ответили на вопрос :ваши СМИ говорят правду или врут Вам ?",,,
36977,"**‼️Зеленский рассказал о жесточайших боях на Донбассе, где только за прошлые сутки армия России предприняла более сотни атак.

💤Все** отбили?  И без потерь правильно?  наркошка
КАКОЙ ЖЕ ОН МЕРЗКИЙ !!!!",,,
36978,"🤡Могучая кучка кастрюлек с кауном (арбузом) под мышкой спивают в полной темряве (темноте), где-то в Херсоне (наверное приехали на том поезде, который теперь из Куева ходит.

Если не узнали, то вот этот вот в камуфляже и с кауном, это бывший ведущий ”орла и решки”, а ныне пидбурюет (подстрекает) украинцев на войну. Массовка минимальная, тем более для такого большого города. Вполне возможно, что статистов тоже привезли на поезде для создания духоподъёмной атмосферы, ведь местные ошалевшие от такого счастья и могут лесом послать таких массовиков затейников

💤Цветы им в ноги возложили, символично",,,
36979,❗️Совет по правам человека при президенте России призвал создать международную комиссию по расследованию преступлений украинских военных и воюющих на их стороне боевиков – пресс-служба,,,
36980,**⚡️Медведев прокомментировал появившиеся в сети кадры** с расстрелом российских пленных,,,
36981,"«Ночной Киев»   С. Суровикин. Масло. 2022 г.
💤Для тех ,кто ценит искусство 🫡",,,
36982,"🔥 **С Днем ракетных войск и артиллерии! Триста тридцать три!
**
💤Мужики, вы лучшие!!!Спасибо вам, сколько жизней наших парней спасла ваша работа.

Поддержим ребят ❤️",,,
36983,"‼️Херсонские будни .

💤Бойня за гуманитарку.Дождались .",,,
36984,"‼️❗️Число погибших при взрыве на Сахалине возросло до восьми. Среди них трое детей — 8, 10 и 12 лет, пишут «Известия».

Власти региона также подтверждают эту информацию.",,,
36985,"**""Я здесь нужен"". Мобилизованные о первых днях своей службы

**Новая серия проекта «Кто, если не мы!» — интервью с военнослужащими, уже прошедшими подготовку и отправленными в зону СВО. Они вспоминают, что испытали, получив повестку, как готовились и как их встретили.

__Бойцы уверены, нет невыполнимых задач, и впереди — только победа__",,,
36986,⚡️Помощи Украине будет больше — Белый дом,,,
36987,"‼️На Сахалине обрушился жилой дом, по предварительным данным, семь человек погибли. 

Вероятная причина происшествия — взрыв бытового газа.",,,
36988,"⚡️США согласны с РФ в том, что **ядерную войну нельзя выиграть и она не должна быть развязана** — Белый дом",,,
36989,"‼️Есть риск, что мобильная связь в Украине будет существовать в режиме точечного покрытия, то есть будут ""острова"" со связью и территории без связи, сообщил президент Киевстара Александр Комаров.

""И это сейчас мы видим на примере Киева, когда отключают целые районы с большим количеством жителей, и через несколько часов исчезает мобильная и фиксированная связь. Но это не значит, что Киев без связи. Это соотношение работающих и неработающих сайтов такое же, как и по всей Украине — около 30%. Если говорить о наиболее уязвимых на сегодняшний день областях — это Киевская, Харьковская, Львовская, Полтавская"", - заявил он.

**💤Хохлы, успокойтесь. Какая нахуй вам сотовая связь? Вам она не нужна, так как 30 лет назад её не было!**",,,
36990,"**1907 - 2022 RIP

115 лет истории в руину

Бесславный конец, а нехуй было приватизировать его у Китайцев. Поставлял нам двигатели для вертолётов после 2014, как утверждают даже сами хохлы👍**👍👍**

💤Декомунизация продолжается!!!!**",,,
36991,"🚀💥🔥**__«Ебаааааааать, ахуеть»!!!__

__Запорожская дискотека, завод «Мотор-сич» просто стёрли с лица земли__**",,,
36992,"🇺🇦** Одесситы блокируют дороги из-за того, что в городе уже четверо суток нет электроэнергии**",,,
36993,"❗️ Опубликованные новые видеосвидетельства массовой кровавой расправы украинских военнослужащих над безоружными российскими военнопленными подтверждает живодёрскую сущность нынешнего киевского режима во главе с Зеленским и тех, кто его защищает и поддерживает.

◽️ Намеренное и методичное убийство выродками ВСУ прямыми выстрелами в голову более десяти обездвиженных российских военнослужащих никому не удастся представить в качестве «трагического исключения» на фоне якобы всеобщего соблюдения киевским режимом прав военнопленных.

◽️ При этом сдавшиеся на этой неделе в плен украинские военнослужащие, содержатся в соответствии со всеми требованиями Женевской конвенции об обращении с военнопленными.

⚠️ Зверское убийство российских военнопленных – не первое и не единичное военное преступление. Это распространенная практика в ВСУ, активно поддерживаемая киевским режимом и в упор не замечаемая его западными покровителями.

◽️ Но отвечать перед судом истории, народами России и Украины Зеленскому и его приспешникам придется за всех и за каждого замученного и убитого пленного.

#Минобороны",,,
36994,"🇷🇺🇺🇦 Еще один ракетный полк перевооружен на гиперзвуковой Авангард, Оренбургская область.

**💤Вот это вот на видео это минус Киев и немного области**",,,
36995,"**💤Я это понял так!
****‼️****Хохол - петух
****‼️****Хохлов нацистов режут как свиней
****‼️****Российские ракеты хуярят укронацистов , после чего им предоставляются черные пакеты, что бы положить в них это дерьмо.
****‼️****зима близко **

Ебанат Эрмак 😂😂😂",,,
36996,**💤Вы ебло её видели??? О каком гражданстве РФ может идти речь? 😂**,,,
36997,"**‼️****50% энергетики Украины выведено из строя ударами ракет-ДТЭК **

**💤По моим подсчетам, еще два массированных удара и можно преступать к мостам и железным дорогам!**",,,
36998,"💤**Еще нужно что то говорить по поводу что хохлонацисты должны быть все уничтожены?????
Их Всех нужно истреблять! 
Они просто нелюди !

А что скажут сочувствующие свиноублюдкам????**",,,
36999,"**‼️🇮🇹Заголовок итальянской прессы:** **__«Этот человек опасен»

__**- «Не зная происхождения ракеты, **он пытался развязать третью мировую войну**, призвав всех действовать против Росиии»
-«**Понятно, что его больше интересуют деньги на войну чем мир»**;
- «предусмотрительность Байдена сдерживает летальную эскалацию».

**Зеленский мощно облажался с инцидентом с ракетами в Польше.

**Офису президента нужно было просто сказать правду. Тогда из** **ситуации можно было бы даже извлечь пользу.

Ракеты по Польше были хорошим поводом попросить для прикрытия хотя бы западных регионов современные ПВО, ракеты которых не отклоняются падая куда попопало.

Вместо этого Зеленский предстал лжецом и провокатором",,,
37000,"❗️Россия и Китай переходят на расчеты в национальных валютах за поставки энергоресурсов, плата за российский газ уже осуществляется на паритетной основе в рублях и юанях, сообщил вице-премьер РФ Александр Новак в интервью телеканалу ""Россия-24"".",,,
