Index,Post,Trans,Label,Type
1.0,"Дед Мороз дал новогодних звездюлей пьяной женщине, потому что та себя плохо вела Дама подошла к Деду Морозу и потребовала дать ей подарок, но у того не оказалось подарка. После этого слово за слово и Дед Мороз сорвался на женщину.","Santa Claus gave Christmas stars to a drunken woman, because she behaved badly The lady approached Santa Claus and demanded to give her a gift, but he did not have a gift. After that, word for word and Santa fell on the woman.",Yes,C
2.0,"В Узбекистане учитель отпиздил школьника и выгнал из класса, за то, что тот не смог ответить у доски","In Uzbekistan, a teacher kicked a student out of the classroom because he could not answer at the board",Yes,C
3.0,"Украинская студентка не вывезла спор о Киевской Руси с российским блогером, который преподал урок истории

[🔞 Подписаться на Жесть Дня](https://t.me/zvoinaukraina)","Ukrainian student fails to take out dispute over Kievan Rus with Russian blogger who taught history lesson

[е Subscribe to Gesture of the Day](https://t.me/zvoinaukraina)",,
4.0,"Путин поздравил с наступающим Новым годом лидеров Абхазии, Азербайджана, Армении, Белоруссии, Казахстана, Киргизии, Таджикистана, Туркмении, Узбекистана, Южной Осетии, Боливии, Бразилии, Венгрии, Венесуэлы, Вьетнама, Индии, Китая, Кубы, Никарагуа, Сербии, Сирии, Турции, а также Берлускони, Кочаряна, Назарбаева, Саргсяна и Шрёдера

[🔞 Подписаться на Жесть Дня](https://t.me/zvoinaukraina)","Putin congratulated on the upcoming New Year the leaders of Abkhazia, Azerbaijan, Armenia, Belarus, Kazakhstan, Kyrgyzstan, Tajikistan, Turkmenistan, Uzbekistan, South Ossetia, Bolivia, Brazil, Hungary, Venezuela, Vietnam, India, China, Cuba, Nicaragua, Serbia, Syria, Turkey, as well as Berlusconi, Kocharyan, Nazarbayev, Sargsyan and Shroeder

[е Subscribe to Gesture of the Day](https://t.me/zvoinaukraina)",,
5.0,"Рисовый блогер провёл эксперимент и выяснил, что если держать в руке кирпич, то водители останавливаются перед лужами.

[🔞 Подписаться на Жесть Дня](https://t.me/zvoinaukraina)","Rice blogger conducted an experiment and found that if you hold a brick in your hand, drivers stop in front of puddles.

[е Subscribe to Gesture of the Day](https://t.me/zvoinaukraina)",,
6.0,"Спина теперь точно болеть не будет

[🔞 Подписаться на Жесть Дня](https://t.me/zvoinaukraina)","My back will definitely not hurt.

[е Subscribe to Gesture of the Day](https://t.me/zvoinaukraina)",,
7.0,"**Настоящие герои** 💪

[👉🏻 Трогает за душу](https://t.me/trogaetdushu)","Real heroes!

[ ] Touches for the soul (https://t.me/trogaetdushu)",,
8.0,"Очередной треш с улиц Одессы: некий тип кидал в другого камни. В какой-то момент у второго сдали нервы и он выстрелил по каменщику, попав в лицо.","Another thrash from the streets of Odessa: a certain type threw stones at another. At some point, the second lost nerves and he shot at the mason, hitting the face.",Yes,A
9.0,"**Встреча заклятых друзей в неожиданном месте!

Киркоров не ожидал увидеть DAVA в Insight People!

Просто зашел в гости, решил отметить Новый Год с Тиной Канделаки, а там ОН!

Внезапно. Неловко вышло!**","A meeting of sworn friends in an unexpected place!

Kirkorov didn't expect to see DAVA in Insight People!

Just came to visit, decided to celebrate the New Year with Tina Kandelaki, and there he is!

Suddenly. That was awkward",,
,,,,
11.0,"**Тренд, который мы заслужили **👍

[🔞 Подписаться на Жесть Дня](https://t.me/zvoinaukraina)","**The trend we deserve *****

[е Subscribe to Gesture of the Day](https://t.me/zvoinaukraina)",,
12.0,"Кто ты, воин?

[🔞 Подписаться на Жесть Дня](https://t.me/zvoinaukraina)","Who are you, warrior?

[е Subscribe to Gesture of the Day](https://t.me/zvoinaukraina)",,
13.0,Украинские ТГ-каналы публикуют видео пожара после вчерашнего удара по Харьковской подстанции,Ukrainian TG channels publish video of fire after yesterday's strike on Kharkiv substation,Yes,
14.0,"Предновогодняя суета в Киеве чуть женщину до инфаркта не довела.

[🔞 Подписаться на Жесть Дня](https://t.me/zvoinaukraina)","New Year's fuss in Kiev almost a woman to a heart attack did not bring.

[е Subscribe to Gesture of the Day](https://t.me/zvoinaukraina)",,
15.0,"У деревни Горбаха Ивановского района Брестской области на месте падения украинской ракеты С-300 продолжаются следственные мероприятия

[🔞 Подписаться на Жесть Дня](https://t.me/zvoinaukraina)","At the village of Gorbakh, Ivanovo district of Brest region at the site of the fall of the Ukrainian S-300 missile, investigative measures continue

[е Subscribe to Gesture of the Day](https://t.me/zvoinaukraina)",,
16.0,"В Амурской области самый добрый дед мороз 😁

[🔞 Подписаться на Жесть Дня](https://t.me/zvoinaukraina)","In the Amur region the kindest grandfather frost

[е Subscribe to Gesture of the Day](https://t.me/zvoinaukraina)",,
17.0,"Жаль этого стримера...

[🔞 Подписаться на Жесть Дня](https://t.me/zvoinaukraina)","I'm sorry about that streamer. . .

[е Subscribe to Gesture of the Day](https://t.me/zvoinaukraina)",,
19.0,"В Магнитогорске толпа мужчин избила парня до потери сознания Очевидцы, сидевшие на лавочке, не стали вмешиваться, и потом просто занесли парня в подъезд. Полиция начала проверку.","In Magnitogorsk, a crowd of men beat the guy to unconscious Eyewitnesses sitting on a bench did not interfere, and then just brought the guy into the entrance. The police started a check.",Yes,
20.0,"**Рамзан Кадыров поотжимался после окончания ""прямой линии ""**

[🔞 Подписаться на Жесть Дня](https://t.me/zvoinaukraina)","**Ramzan Kadyrov push-ups after the end of the ""straight line""**

[е Subscribe to Gesture of the Day](https://t.me/zvoinaukraina)",,
21.0,"😅**Ничего необычного, просто Тесла в** **украинских реалиях стала ещё умнее

**Какие времена, такие и лайфхаки.

[🔞 Подписаться на Жесть Дня](https://t.me/zvoinaukraina)","Nothing unusual, just Tesla in the ** Ukrainian realities became even smarter

What times, such life hacks.

[е Subscribe to Gesture of the Day](https://t.me/zvoinaukraina)",,
22.0,"Этиловый воин из Магнитогорска слишком рано начал отмечать НГ и обосрал лифт. На этом его мерзкие приключения не закончились — синяк **начал валяться в собственных экскрементах, после чего подрочил и уснул**.

Проснулся каловый дрочер после приезда полицейских

[🔞 Подписаться на Жесть Дня](https://t.me/zvoinaukraina)","An ethyl warrior from Magnitogorsk started celebrating NG too early and shitted the elevator. His vile adventures did not end there - the bruise began to lie in his own excrement, after which he wanked and fell asleep.

Wake up a fecal jackass after the arrival of the police

[е Subscribe to Gesture of the Day](https://t.me/zvoinaukraina)",,
23.0,"Талиб избивает девушку, протестующую против запрета на получение высшего образования.",The Taliban beat up a girl protesting a ban on higher education.,Yes,
24.0,"И где он не прав?

[🔞 Подписаться на Жесть Дня](https://t.me/zvoinaukraina)","Where's he wrong?

[е Subscribe to Gesture of the Day](https://t.me/zvoinaukraina)",,
25.0,"**«Всё, не заплачьте, а то мне сейчас больно будет, ладно? Всё, успокойтесь, пожалуйста, не плачьте. Я могу с вами побыть, я хочу, чтобы вы успокоились»: **житель Петербурга попытался ограбить ломбард на проспекте Науки, но сотрудница заплакала, из-за чего мужчина впал в ступор.

Ранимый грабитель начал разговаривать с ней по душам, чтобы успокоить, и ушёл ни с чем, пожелав хороших праздников после трогательного диалога.

[🔞 Подписаться на Жесть Дня](https://t.me/zvoinaukraina)","Don’t cry or I’m going to get hurt, okay? Okay, calm down, please don't cry. I can be with you, I want you to calm down"": a resident of St. Petersburg tried to rob a pawnshop on Science Avenue, but the employee began to cry, because of which the man fell into a stupor.

The vulnerable robber began to talk to her heart to calm her down, and left with nothing, wishing her good holidays after a touching dialogue.

[е Subscribe to Gesture of the Day](https://t.me/zvoinaukraina)",,
26.0,"🫠**«Самое ужасное было, когда я летел эконом-классом» – Гном Гномыч поделился актуальными проблемами типичного 9-летнего ребенка**

[🔞 Подписаться на Жесть Дня](https://t.me/zvoinaukraina)","“The worst was when I was flying economy class” – Gnom Gnomych shared the current problems of a typical 9-year-old child**

[е Subscribe to Gesture of the Day](https://t.me/zvoinaukraina)",,
27.0,"Настроение на Новый год

[🔞 Подписаться на Жесть Дня](https://t.me/zvoinaukraina)","New Year's mood

[е Subscribe to Gesture of the Day](https://t.me/zvoinaukraina)",,
28.0,"⚡️** Зеленский: Украина идет к победе, о которой мечтал Бандера.**",Zelensky: Ukraine is on its way to the victory Bandera dreamed of,,
29.0,"Ну хоть честно

[🔞 Подписаться на Жесть Дня](https://t.me/zvoinaukraina)","Well, honestly.

[е Subscribe to Gesture of the Day](https://t.me/zvoinaukraina)",,
30.0,"-Подождите, а что это у вас на носу?

-Сопля?

-Нет, Новый год!

[🔞 Подписаться на Жесть Дня](https://t.me/zvoinaukraina)","- Wait, what's that on your nose?

-Snot?

- No, New Year's Eve!

[е Subscribe to Gesture of the Day](https://t.me/zvoinaukraina)",,
31.0,"**После смерти путина будет еще одна война с россией**, – Арестович.

__«У нас народ думает, что смерть путина – это конец всему. Абсолютно не так... Это будет хуже, чем с путиным».__

[🔞 Подписаться на Жесть Дня](https://t.me/zvoinaukraina)","After the death of Putin, there will be another war with Russia, – Arestovich.

Our people think that Putin’s death is the end of everything. Absolutely not... It's going to be worse than Putin.

[е Subscribe to Gesture of the Day](https://t.me/zvoinaukraina)",,
32.0,"**Минобороны РФ сообщило в своем тг канале, что калибры никогда не закончатся.**

[🔞 Подписаться на Жесть Дня](https://t.me/zvoinaukraina)","**The Russian Defense Ministry reported in its TG channel that the calibers will never end.**

[е Subscribe to Gesture of the Day](https://t.me/zvoinaukraina)",,
33.0,"Киевская область, удар украинской ракеты ПВО по жилому району, ранены 3 человека.","Kiev region, the strike of a Ukrainian air defense missile on a residential area, 3 people were wounded.",Yes,
34.0,"По Украине выпущено более 120 ракет — Подоляк. Сообщается о взрывах в Киеве, Львове, Харькове и Одессе.","More than 120 missiles were fired in Ukraine – Podolyak. Reported explosions in Kiev, Lviv, Kharkiv and Odessa.",Yes,
36.0,"«Володенька, взирвали только что наше ПВО. Хата, вроде, целая, там пи@здец». Украинка. О текущем положении дел.","“Volodenko, we just watched our air defense. Huta, I think, is whole, there's a pee. Ukrainian. On the current state of affairs.",Yes,
37.0,Украинская ракета ПВО приземлилась на жилой дом в Киевской области.,A Ukrainian air defense missile landed on a residential building in the Kiev region.,Yes,
38.0,"Украинские СМИ сообщают о взрывах в Киеве, в киевской области, в Одесской и Житомирской областях.","Ukrainian media reports about explosions in Kiev, in the Kiev region, in Odessa and Zhytomyr regions.",Yes,
39.0,"В Одессе🇺🇦 ночью демонтировали памятник Екатерине II.

Также был демонтирован памятник Суворову.

[🔞 Подписаться на Жесть Дня](https://t.me/zvoinaukraina)","In Odessa at night dismantled the monument to Catherine II.

A monument to Suvorov was also dismantled.

[е Subscribe to Gesture of the Day](https://t.me/zvoinaukraina)",,
40.0,"Снова рубрика «Очаровательная Америка». 😍

[🔞 Подписаться на Жесть Дня](https://t.me/zvoinaukraina)","It’s called “Charmful America” again.

[е Subscribe to Gesture of the Day](https://t.me/zvoinaukraina)",,
41.0,"В Красногорске мужчина перекрестился и пошел красть с ели, установленной в подъезде, новогодние украшения.

[🔞 Подписаться на Жесть Дня](https://t.me/zvoinaukraina)","In Krasnogorsk, a man crossed himself and went to steal New Year’s decorations from a spruce installed in the entrance.

[е Subscribe to Gesture of the Day](https://t.me/zvoinaukraina)",,
42.0,"Чеченцы избили цыган за приставания к чеченке. Сначала они поставили виновных на колени для извинений, а потом избили.",Chechens beat Roma for molesting a Chechen woman. They first brought the guilty to their knees for an apology and then beat them.,Yes,
43.0,Очередное кладбище украинских военнослужащих.,Another cemetery of Ukrainian soldiers.,Yes,
46.0,"""Я хочу обратиться к русским из Казахстана. Вы понимаете, да, что вам некуда бежать? У нас обострятся межнациональные отношения до такой степени, и первыми, кого будут преследовать, это русские. Займите позицию проказахскую, учите казахский язык. Вот я казашка русскоязычная, но ко мне доверие есть, а вы русские, вам доверия не будет никакого. Именно у нас процесс преследования русских проявится с особой жестокостью. Куда вы побежите? Они побегут на север Казахстана, возьмут штыки и будут бороться против нас. Нам придётся пережить период, когда нам придётся формировать законы против русского населения"". __Казашка призвала русских в стране срочно учить казахский язык, либо их ждут преследования.","“I want to address the Russians from Kazakhstan. Do you realize, yes, that you have nowhere to run? Our interethnic relations will escalate to such an extent, and the first to be persecuted are the Russians. Take a pro-Kazakh position, learn the Kazakh language. Here I am a Russian-speaking Kazakh, but I have trust, and you are Russians, you will have no trust. It is here that the process of persecuting the Russians will manifest itself with particular cruelty. Where are you going? They will flee to the north of Kazakhstan, take bayonets and fight against us. We will have to go through a period when we will have to make laws against the Russian population.” Kazakh urged Russians in the country to urgently learn the Kazakh language, or they are waiting for persecution.",Yes,
,,,,
48.0,"1 видео: ""Гордон, пошёл ты на хуй!"", — президент ФК ""Ингулец"" Поворознюк пообещал ""вырвать кадык"" отцу украинской журналистики Дмитрию Гордону.","1 video: ""Gordon, fuck you!"", - the president of FC ""Ingulets"" Povoroznyuk promised to ""rip the admiral"" father of Ukrainian journalism Dmitry Gordon.",Yes,
,,,,
50.0,"**Тимура Бекмансурова, совершившего вооруженное нападение в Пермском классическом университет**е**, приговорили к пожизненному заключению.**

Такое решение озвучил судья, поставив точку в деле о стрельбе, в результате которой 20 сентября 2021 года погибли шесть человек и несколько десятков пострадали.

По версии СК, бывший студент начал думать о массовом убийстве ещё в школе. Он купил турецкое помповое ружьё и утром 20 сентября 2021 года пришёл к зданию Пермского государственного университета, где открыл прицельную стрельбу по людям. Бекмансуров застрелил 6 человек и ранил еще 40.

В своей последней речи Тимур просил не сажать его на пожизненное, ссылаясь на положительную характеристику с последнего места работы, и обещал отдавать компенсацию семьям погибших из своей пенсии по инвалидности.

[🔞 Подписаться на Жесть Дня](https://t.me/zvoinaukraina)","**Timur Bekmansurov, who committed an armed attack at Perm Classical University**e, was sentenced to life imprisonment.**

This decision was voiced by the judge, putting an end to the shooting case, which on September 20, 2021 killed six people and injured several dozen.

According to the UK, the former student began to think about mass murder at school. He bought a Turkish pump shotgun and on the morning of September 20, 2021 came to the building of the Perm State University, where he opened targeted shooting at people. Bekmansurov shot 6 people and wounded 40 others.

In his last speech, Timur asked not to put him on life imprisonment, citing a positive characteristic from his last job, and promised to compensate the families of the victims from his disability pension.

[е Subscribe to Gesture of the Day](https://t.me/zvoinaukraina)",,
51.0,"Баффало, штат Нью-Йорк. Труп на улице. Чувак замерз насмерть.

[🔞 Подписаться на Жесть Дня](https://t.me/zvoinaukraina)","Buffalo, New York. Body's outside. Dude froze to death.

[е Subscribe to Gesture of the Day](https://t.me/zvoinaukraina)",,
52.0,"Вкусно и точка

[🔞 Подписаться на Жесть Дня](https://t.me/zvoinaukraina)","Delicious and period.

[е Subscribe to Gesture of the Day](https://t.me/zvoinaukraina)",,
53.0,"**Байден Валерьевич родился 1 декабря в Хмельницкой области**

Украинская семья дала имя своему новорожденному сыну — фамилию американского президента

[🔞 Подписаться на Жесть Дня](https://t.me/zvoinaukraina)","**Biden Valerievich was born on December 1 in Khmelnytsky region**

Ukrainian family gave their newborn son the name of the American President

[е Subscribe to Gesture of the Day](https://t.me/zvoinaukraina)",,
54.0,"🇺🇦🇷🇺 Выключатель света

[🔞 Подписаться на Жесть Дня](https://t.me/zvoinaukraina)","  Light switch

[е Subscribe to Gesture of the Day](https://t.me/zvoinaukraina)",,
55.0,"**«Ахмат сила»

**В Одессе на квартирной вечеринке Украинская молодежь обозначили, на чьей они стороне.

[🔞 Подписаться на Жесть Дня](https://t.me/zvoinaukraina)","** Ahmat Force.

**In Odessa, at an apartment party, Ukrainian youth indicated whose side they were on.

[е Subscribe to Gesture of the Day](https://t.me/zvoinaukraina)",,
56.0,Новогодняя ёлочка в Узбекистане это отдельный вид искусства 🤩,New Year tree in Uzbekistan is a separate art form,,
57.0,"⚡️Сообщается, что в Харькове поврежден объект инфраструктуры

⚡️Также известно, что в Харькове остановилось метро.

**UPD. В Краматорске и Славянске взрывы

**[🔞 Подписаться на Жесть Дня](https://t.me/zvoinaukraina)","It is reported that in Kharkiv damaged infrastructure

 ️ It is also known that the metro stopped in Kharkiv.

**UPD. In Kramatorsk and Slavyansk explosions

**[ ] Subscribe to Gesture of the Day (https://t.me/zvoinaukraina)",,
58.0,"**В Кокшетау 15-летний малец разогнал бродячих собак, которые напали на кота.

**Хвостатый в тяжёлом состоянии — повреждены органы и лапки. Ему вкололи обезбол и кровоостанавливающие препараты

[🔞 Подписаться на Жесть Дня](https://t.me/zvoinaukraina)","In Kokshetau, a 15-year-old boy dispersed stray dogs that attacked a cat.

** Tail in serious condition - damaged organs and legs. He was injected with anesthesia and hemostatic drugs.

[е Subscribe to Gesture of the Day](https://t.me/zvoinaukraina)",,
59.0,"В китайской провинции Чжэцзян за сутки коронавирусли заболело более миллиона человек

[🔞 Подписаться на Жесть Дня](https://t.me/zvoinaukraina)","In the Chinese province of Zhejiang for the day coronavirus sickened more than a million people

[е Subscribe to Gesture of the Day](https://t.me/zvoinaukraina)",,
60.0,Почувствуй эту боль,Feel that pain,,
61.0,"В индийском штате Ассам леопард устроил охоту на людей.

Не менее 15 человек получили ранения.","In the Indian state of Assam, a leopard hunted people.

At least 15 people were injured.",,
62.0,"😕 На Западе появился какой-то ёбнутый тренд пугать своих детей Гринчем — сначала всё проходит мило, а потом залетает этот зелёный гоблин и отбирает у Санта-Клауса подарки, попутно пугая микрочелов

детская психика вышла из чата 🫡","  In the West, there was some fucking trend to scare their children Grinch - at first everything goes nice, and then this green goblin flies in and takes away gifts from Santa Claus, along the way scaring the micropeople.

Children's mentality left the chat та",,
63.0,"В Черноморске (Одесская область) на Рождество в храме мужик **напал с ножом на батюшку** во время богослужения и пытался пырнуть, его удалось задержать

**бес попутал**","In Chernomorsk (Odessa region) on Christmas in the temple, a man ** attacked his father with a knife** during the service and tried to stab him, he managed to detain him.

You're a fool",,
64.0,"Бахмут, вид от первого лица со стороны ВСУ 🇺🇦","Bakhmut, first-person view from the APU  ",,
65.0,"🇷🇺** Президент России Владимир Путин создал новую должность своего первого заместителя в военно-промышленной комиссии России.

**Пост заместителя президента в военно-промышленной комиссии займет **Дмитрий Медведев.

**Как считаете заслуженно Дмитрий Анатольевич получил такую важную должность?

👍 - Да Медведев идеально подходит на эту должность

👎 - Стоит рассмотреть другие варианты

🔥- Регулярно читаю Телеграм Медведева и считаю, что лучшего человека на эту должность не найти.

[**Не ZабыVай**](https://t.me/ne_zabivai) — Поздравляем с новой должность Дмитрий Анатольевич!"," ** Russian President Vladimir Putin has created a new position of his first deputy in the military-industrial commission of Russia.

**The post of deputy president in the military-industrial commission will be occupied by Dmitry Medvedev.

**Do you think Dmitry Anatolyevich deserved such an important position?

  - Yes, Medvedev is perfect for this position.

  - We should consider other options.

 - I regularly read Medvedev’s Telegram and believe that there is no better person for this position.

(https://t.me/ne_zabivai) - Congratulations on your new position Dmitry Anatolyevich!",,
66.0,"**Жена Криштиану Роналду подарила своему мужу** на Рождество Rolls Royce Dawn.

Его цена составляет примерно 428 тысяч баксов.","Cristiano Ronaldo's wife gave her husband a Rolls Royce Dawn for Christmas.

Its price is about 428 thousand dollars.",,
67.0,Шутка пошла не по плану,Шутка пошла не по плану,,
68.0,"🔞Раненый российский боец, чтобы не попасть в плен, подрывает себя гранатой.","Wounded Russian fighter, not to be captured, blows himself up with a grenade.",,
69.0,"**❗️🇺🇦Киевляне ночью устроили протесты против отключения электричества

**В соцсетях сообщили, что на месте протестов была стрельба. Обстоятельства неизвестны.","**Kiev residents staged protests against the power outage

**Social media reported that there was a shooting at the protest site. The circumstances are unknown.",,
70.0,"Подарок на фронт

Это глушитель ? 😁","Gift to the front

Is that a muffler",,
71.0,"**«Тварь, деньги выдай, соска йобана»

**В Одессе🇺🇦 пьяный мужик ломится в банк во время тревоги чтобы получить деньги, но всё оказывается не так просто, как он планировал","""Screature, give money, yoban's nipple""

In Odessa, a drunk man breaks into the bank during an alarm to get money, but everything is not as simple as he planned",,
72.0,"В Индии 19-летняя девушка заявила своему парню что пора женится, реакция вышла неадекватная. Еблана уже задержала полиция","In India, a 19-year-old girl told her boyfriend that it was time to get married, the reaction was inadequate. Eblan has already been detained by the police",,
73.0,Проукраинскую бабку🇺🇦 выкинули за шкирку из автобуса в Долгопрудном🇷🇺,Pro-Ukrainian grandmother was thrown by the skin of the bus in Dolgoprudny,,
74.0,"18+ В Нью-Йорке ночью уголёк перерезал горло рандомному прохожему

О чем говорил убийца и жертва останется загадкой","18+ In New York at night, a corner cut the throat of a random passerby

What the killer said and the victim will remain a mystery",,
75.0,Трюк не удался,The trick failed,,
76.0,"🇺🇦**Укропироман сжигает машины

**В Донецке неизвестный написал на машине с наклейкой Z - “за Бучу”, облил бензином и поджег.
Пиромана уже ищут.","Ukropyroman is burning cars

**In Donetsk, an unknown person wrote on a car with a Z sticker - ""for Butchu"", doused with gasoline and set fire to it.
They're looking for a pyroman.",,
77.0,Лайфхаки для новогодних праздников,Life hacks for New Year holidays,,
78.0,"🔞 В Узбекистане женщина опубликовала видео, на котором её невестка из села Жартеп избивает малолетнего ребёнка. Предположительно, в отместку мужу","  In Uzbekistan, a woman published a video in which her daughter-in-law from the village of Zhartep beats a young child. Presumably in revenge on her husband",,
79.0,"Легковушка сбила маму с тремя детьми на пешеходном переходе в Краснодаре. Всё произошло сегодня вечером на улице Просторная. По предварительным данным, у одного из детей серьёзные травмы после аварии.","Passenger hit a mother with three children at a pedestrian crossing in Krasnodar. It all happened tonight on Spacious Street. According to preliminary data, one of the children has serious injuries after the accident.",,
80.0,"**🤬 Ёбнутая мамаша из Екатеринбурга ЗАДУШИЛА ТРЁХ СВОИХ ДЕТЕЙ — ещё больший пиздец заключается в причине содеянного, по мнению этой твари, в детей вселился дьявол

**возраст детей 5 месяцев, 10 и 15 лет","**  A mother from Yekaterinburg strangled three of her children - even more fuck is the reason for what this creature believes, the devil infused the children

** age of children 5 months, 10 and 15 years",,
81.0,"Суровые жители района Патрокл во Владивостоке устроили самосуд над паркетником, припарковавшимся у мусорки, — прокололи колёса, исцарапали кузов и ""украсили"" пакетами с мусором.","Harsh residents of the Patroclus district in Vladivostok staged a lynching over a parquetman parked near the garbage can - pierced the wheels, scratched the body and ""decorated"" with bags of garbage.",,
82.0,"🇬🇧**Обычные будни в «счастливой» Европе

**В Лондоне мигранты до кровавых соплей толпой избили семейную пару за то, что те сказали туристам о мошенничестве со стороны мигрантов."," **Ordinary weekdays in ""happy"" Europe

In London, migrants beat a couple to death for telling tourists about migrant fraud.",,
83.0,"В Питере полицейские задержали 31-летнюю мать-закладчицу, которая несла с собой 5 килограмм мефедрона.

Дома у матери года обнаружили еще 322 готовых закладок весом 6 килограмм. Ранее она работала учителем ОБЖ, а теперь ей грозит до 20 лет тюрьмы по нескольким статьям.

Казалось бы всего-то яжемать","In St. Petersburg, police detained a 31-year-old mother-layer, who was carrying 5 kilograms of mephedrone.

Home mother of the year found another 322 ready-made bookmarks weighing 6 kilograms. She previously worked as an OBJ teacher, and now faces up to 20 years in prison on several counts.

Looks like it's just a jaw",,
84.0,Коротко о погоде на улице,Briefly about the weather outside,,
85.0,"В Киеве будут судить педофила, который развращал детей на камеру и продавал контент в даркнете. Самому младшему ребенку всего 5 лет, самому старшему — 15 лет.

При обыске по месту жительства полицейские обнаружили и изъяли около 15 ГБ порноконтента с участием несовершеннолетних. Известно, что он совершал действия сексуального характера в отношении 6-летней дочери сожительницы и дочери одного из соседей.

Педофилу грозит пожизненное заключение","A pedophile who corrupted children on camera and sold content on the darknet will be tried in Kiev. The youngest child is only 5 years old, the oldest is 15 years old.

During a search at the place of residence, police found and seized about 15 GB of porn content involving minors. It is known that he committed sexual acts against the 6-year-old daughter of a cohabitant and the daughter of one of the neighbors.

Pedophile faces life imprisonment",,
86.0,"Ой, фильтр слетел","Oh, the filter's off",,
87.0,🇺🇦 Группа ВСУ прочёсывает местность.,A group of APU is combing the area.,,
88.0,"❗️Ликвидирована украинская ДРГ, которая пыталась проникнуть в Брянскую область – ФСБ

Кадры не для слабоневных - боевики в количестве четырех штук были уничтожены. С собой у них были 4 бомбы на 40 кг в тротиловом эквиваленте и немецкие пистолеты-пулеметы SIG Sauer.","Liquidated Ukrainian DRG, which tried to enter the Bryansk region – FSB

Footage is not for the weak – the militants in the amount of four pieces were destroyed. They had 4 bombs per 40 kg in TNT and German SIG Sauer submachine guns.",,
89.0,"К важным новостям:

Киркорова обосрал кролик во время съемок новогодней передачи.

Спасибо за внимание","Important news:

Kirkorov shitted a rabbit during the filming of the New Year program.

Thank you very much",,
90.0,Что могло пойти не так?,What could have gone wrong?,,
91.0,Дед мороз на разных языках,Santa Claus in different languages,,
92.0,"👀 **Спойлер на 2023: **в Южной Корее по тревоге подняли вертолеты, истребители и ПВО** из-за дронов из Северной Кореи.

**Пишут, что беспилотники из КНДР **нарушили воздушное пространство Южной Кореи** и дошли до окрестностей Сеула. Это привело к приостановке гражданского авиасообщения.

Есть информация, что самолет КА-1, который отправили южнокорейцы, **потерпел крушение.**","**Spoiler for 2023: in South Korea on the alert raised helicopters, fighters and air defense** because of drones from North Korea.

**It is written that drones from the DPRK ** violated the airspace of South Korea ** and reached the vicinity of Seoul. This led to the suspension of civilian flights.

There is information that the aircraft KA-1, which was sent by the South Koreans, crashed",,
93.0,"В Узбекистане пацан не отвечал на звонки пахана и сидел в компьютерном клубе. Разъяренный Mr. Batya вычислил своего сына, побил его и ещё случайно ударил другого пацана по голове стулом.","In Uzbekistan, the boy did not answer the phone and sat in a computer club. Furious Mr. Batya tracked down his son, beat him and accidentally hit another kid in the head with a chair.",,
94.0,"**Таксист задушил 35-летнюю беременную женщину и спрятал её тело в овраге под Волгоградом

**35-летняя Ирина Богатырева пропала без вести в ночь с 14 на 15 октября текущего года в Тракторозаводском районе.
Известно, что она села в такси около подъезда, а водитель такси оказался последним, кто видел Ирину живой.

Тело Ирины нашли 23 декабря в овраге в Дубовском районе. В ходе допроса таксист признался, что задушил волгоградку на фоне неожиданно возникшей к ней неприязни.","Taxi driver strangled 35-year-old pregnant woman and hid her body in a ravine near Volgograd

**35-year-old Irina Bogatyreva went missing in the night from 14 to 15 October this year in Traktorozavodsk district.
It is known that she got in a taxi near the entrance, and the taxi driver was the last who saw Irina alive.

The body of Irina was found on December 23 in a ravine in the Dubovsky district. During the interrogation, the taxi driver admitted that he strangled the Volgograd woman against the background of an unexpected hostility to her.",,
95.0,Достойный подарок девушке к Новому году.,A worthy gift to a girl for the New Year.,,
96.0,**Ты и батя тащите стол 31 декабря:**,**You and Dad are taking the table on December 31:**,,
97.0,"**В России военные изобретатели предложили применить в отношении ВСУ межконтинентальные ракеты «Сатана»

**__📝____ «У нас есть чудо-оружие. Это гигантские межконтинентальные баллистические ракеты с боеголовками «Сатана», способные уничтожить весь мир. С их помощью запускаются спутники. Небольшое количество таких ракет сразу отсекает всю левобережную Украину и обрекает на уничтожение всю донбасскую группировку противника»__, — заявил старший научный сотрудник Академии военных наук Владимир Прохватилов.

✅ Он добавил, что предварительно предполагается заменить ядерные боеголовки на неядерные.","**In Russia, military inventors proposed to use against the APU intercontinental missiles “Satan”

""We have a miracle weapon."" These are giant intercontinental ballistic missiles with “Satan” warheads, capable of destroying the entire world. With their help, satellites are launched. A small number of such missiles immediately cut off the entire left-bank Ukraine and doom the entire Donbass group of the enemy to destruction, said Vladimir Prokhvatilov, a senior researcher at the Academy of Military Sciences.

  He added that it is planned to replace nuclear warheads with non-nuclear ones.",,
98.0,**Коротко о ситуации в Артёмовске (Бахмуте) со стороны ВСУ**,** Briefly about the situation in Artyomovsk (Bakhmut) from the AFU**,,
99.0,"⚡️ Средства ПВО в понедельник сбили на малой высоте при подлете к военному аэродрому ""Энгельс"" Саратовской области украинский беспилотник.

В результате падения его обломков 3 российских военных, находившихся на аэродроме, получили смертельные ранения. Авиатехника повреждений не получила.","Air defense on Monday shot down at a low altitude when approaching the military airfield “Engels” of the Saratov region Ukrainian drone.

As a result of the fall of its wreckage, 3 Russian soldiers who were at the airfield were fatally wounded. The aircraft was not damaged.",,
100.0,"🇨🇭🇺🇦Украинка в Швейцарии жалуется, что швейцарцы не дают задонатить азовцам (запрещены в России).",A Ukrainian woman in Switzerland complains that the Swiss are not allowed to donate to the Azov people (banned in Russia).,,
101.0,"Украинская девочка, думая что конфеты российские, отказалась их есть.","Ukrainian girl, thinking that candy Russian, refused to eat them.",,
102.0,**Уровень похуизма к которому стоит стремиться 💯**,**The level of pohuism to which you should strive У**,,
103.0,Ебанутая мамаша отлупила своего ребёнка в лифте,Mother fucked her baby in the elevator,,
104.0,"Топовая закусь к пиву, рекомендуем 🤡","Top snack for beer, we recommend ву",,
105.0,"__""Это человеческие консервы для кошек, будете в кашу добавлять""

__Украинские волонтеры тренируются ~~на кошках~~ на людях.","""This is human canned food for cats, you will add to the porridge""

Ukrainian volunteers train on cats in people.",,
106.0,"❗️🇺🇦**На мобилизацию даже инвалидам!

**Получивший повестку в Черкассах хлопчик предоставил документы,  подтверждающие его инвалидность, однако украинским военкомам на это плевать."," ️ **Mobilization even for disabled people!

** A cotton worker who received a summons in Cherkasy provided documents confirming his disability, but Ukrainian military commissars do not care about this.",,
107.0,"**⚡️ Взрыв прогремел в Кабуле недалеко от посольства России, сообщает агентство Aamaj News.

**Информации о причинах взрыва и пострадавших уточняется.","** ️ The explosion occurred in Kabul near the Russian Embassy, Aamaj News reported.

**Information about the causes of the explosion and victims is specified.",,
108.0,"**Путин о поставках комплексов Patriot Украине.

**«Конечно пощелкаем как орешки, 100%».","**Putin on the supply of Patriot systems to Ukraine.

**Of course we'll snap like nuts, 100%.",,
109.0,"В посёлке Подгоренский Воронежской области около кафе «Людмила» произошел взрыв — **военнослужащий бросил гранату в оппонентов во время массовой драки.

**Все произошло в ночь с 23 на 24 декабря. Около 19 часов вечера доброволец Иван К. и его мобилизованный товарищ Артём Ш. отпросились у руководства и отправились в посёлок за продуктами. Но одними продуктами сыт не будешь — парни решили чуть выпить в местном кафе. Дело близилось к ночи и у парней начался конфликт с другими посетителями. Для обсуждения возникшего недопонимания спорившие вышли на улицу, где и началась массовая драка.

В какой-то момент Иван решил, что этот махач себя исчерпал, достал гранату и бросил в сторону своих оппонентов. В результате взрыва пострадал один человек. Кроме того было повреждено два припаркованных автомобиля, а у кафе выбило стекла.","In the village of Podgorensky, Voronezh region near the cafe ""Lyudmila"" there was an explosion - a soldier threw a grenade at opponents during a mass fight.

**It happened on the night of December 23-24. At about 19 p.m. volunteer Ivan K. and his mobilized comrade Artem Sh. asked the leadership and went to the village for food. But you won’t get enough food alone – the guys decided to have a little drink in a local cafe. It was nearing night, and the boys began to conflict with other visitors. To discuss the resulting misunderstanding, the arguers took to the street, where the mass brawl began.

At some point, Ivan decided that this makhach had exhausted himself, took out a grenade and threw it in the direction of his opponents. One person was injured in the explosion. In addition, two parked cars were damaged, and windows were broken at the cafe.",,
110.0,"**Кто-то: «В Австралии хоть и страшные животные, зато коалы милые».

**Тем временем коалы:","**Someone: ""Australia, though scary animals, but koalas are cute.""

Meanwhile, koalas:",,
111.0,В Бахмуте🇺🇦 сейчас как-то так,There's something like that in Bahmut,,
112.0,Наказание торговцев наркотиками в Замбии,Punishment of drug traffickers in Zambia,,
113.0,"🇺🇦 🇺🇸 **Арестович признался, что после 23-года США могут «кинуть» Украину

**📝 «__Может они нас и кинут с финансированием, но не в 23-году, а потом. Будем тогда воевать одними автоматами__», - заявил Арестович.","Arestovich admitted that after 23 years, the United States can “throw” Ukraine

“Maybe they’ll leave us with funding, but not in 23, and then.” Then we will fight only with machine guns __, - said Arestovich.",,
114.0,"Новогодний стол, который я себе могу позволить",The New Year's table I can afford,,
115.0,"Во Владивостоке загорелся ночной клуб, когда один из посетителей клуба поджёг фейерверком потолок.

Люди вместо того, чтобы эвакуироваться, снимали происходящее на телефоны. В этот раз никто не пострадал: огонь всё-таки удалось потушить своими силами","In Vladivostok, a nightclub caught fire when one of the club visitors set fire to the ceiling.

Instead of evacuating, people filmed what was happening on their phones. This time, no one was injured: the fire was extinguished on its own",,
116.0,Бразильскому Человеку-Пауку не хватает ловкости,Brazilian Spider-Man lacks agility,,
117.0,"😎 **В очередной раз надоедливых активистов, которые мешают движению на дорогах, попустил всего один здравый мужик**","Once again annoying activists who interfere with traffic on the roads, allowed only one sane man",,
118.0,"❗️🇫🇷**Протестующие в Париже накануне вечером разгромили несколько полицейских автомобилей.

**Беспорядки также охватили Марсель.","Protesters in Paris smashed several police cars the night before.

**Controversies also gripped Marseille.",,
119.0,Поэтому и важна разная точка зрения,"Therefore, a different viewpoint is important",,
120.0,Чтобы не втыкали,Don't stick in,,
121.0,"В Набережных Челнах неадекват избил девушку возле подъезда

Во дворе дома на скамейке спокойно сидела девушка и покуривала сигаретку. Тут подъехали на авто два НЕмужика, один из которых начал приставать к девушке. Та, не выдержав оскорблений, отмахнулась от типа. А он после этого начал ее избивать руками и ногами.","In Naberezhnye Chelny inadequately beat the girl near the entrance

In the yard of the house, a girl sat quietly on a bench and smoked a cigarette. Two Nemuzhiks arrived here in a car, one of whom began to molest the girl. She, unable to withstand the insults, shrugged off the type. Then he started beating her with his hands and feet.",,
122.0,Во Франции красиво,France is beautiful,,
123.0,🇷🇺🇺🇦 Вечерний Херсон.,- Evening Kherson.,,
124.0,"**В нижегородской маршрутке пьяный тип напал на других пассажиров.

**Сначала он избил девушку из-за того, что она не уступила место пожилой женщине.
За бедняжку заступился молодой человек, между ним и алкашом завязалась драка.

В итоге у девушки разбита губа, заступник избит, а пенсионерка спокойно села на освободившееся место.","**In Nizhny Novgorod bus drunk man attacked other passengers.

At first he beat the girl because she did not give way to an elderly woman.
A young man stood up for the poor thing, a fight broke out between him and the drunk.

As a result, the girl had a broken lip, the intercessor was beaten, and the pensioner calmly sat down on the vacated place.",,
125.0,"А вот кадры, как ВСУ воруют и мародерствуют в домах украинцев",And here are the footage of the APU stealing and looting in the homes of Ukrainians,,
126.0,"Пригожин о  богачах, которые  пытаются делать вид что ничего не происходит.",Prigogine about the rich who try to pretend that nothing is happening.,,
127.0,"Вчера во время корпоратива сотрудники одной из питерских компаний **засунули в сейф своего сослуживца** ради шутки.

Как оказалось, ключей для его освобождения ни у кого нет. Тут уже стало не очень смешно. Пришлось вызывать спасателей","Yesterday, during a corporate event, employees of one of the St. Petersburg companies ** stuck their colleague in the safe for a joke.

As it turns out, no one has the key to his release. It's not funny anymore. I had to call rescuers",,
128.0,"В Махачкале баран устроил гонки с сотрудниками местного аэропорта.

Очевидцы засняли на видео, как животное выбежало из багажной зоны и направилось непосредственно к стойкам регистрации рейса «Победы» на Санкт-Петербург.

Позже выяснилось, что животное забежало в здание с улицы - там на парковку зашли несколько баранов и когда их стали гонять, одного случайно загнали в аэропорт. Позже погоня привела его и на багажную ленту.

Вскоре сотрудники аэровокзала все же смогли выдворить нелегала на улицу и даже депортировать его с парковки на пастбище.","In Makhachkala, the ram staged a race with the staff of the local airport.

Eyewitnesses filmed how the animal ran out of the luggage area and went directly to the check-in desks of the flight “Victory” to St. Petersburg.

Later it turned out that the animal ran into the building from the street - there were several rams in the parking lot and when they began to chase, one was accidentally driven to the airport. Later, the chase brought him to the luggage belt.

Soon, the airport staff was able to expel the illegal alien to the street and even deport him from the parking lot to the pasture.",,
129.0,"Талибы в афганском Герате подавили протест девушек, применив водометы.

Напоминаю, женщины протестую. против закрытия университетов и образовательных центров в стране.","The Taliban in Afghan Herat suppressed the protest of girls using water cannons.

I remind you, women protest against the closure of universities and educational centers in the country.",,
130.0,Новогодний подарок по-украински: на улицах Днепра идет массовая раздача повесток,New Year’s gift in Ukrainian: on the streets of the Dnieper there is a mass distribution of subpoenas,,
131.0,"**«Есть одна с*чара, которого зовут Павел Дуров. Он враг номер один для россиян»

**Чипинкос решил предъявить Дурову за «рейтинг Вконтакте» десятилетней давности.🤡","There's one s***char, whose name is Pavel Durov. He is the number one enemy of the Russians.

** Chipinkos decided to present Durov for the “Vkontakte rating” ten years ago.  ",,
132.0,Еще одна казашка ненавидит русских🤡,Another Kazakh unseen Russian,,
133.0,**В Париже протестуют курды**,* Kurds protest in Paris*,,
134.0,"**Снежный апокалипсис в США**: буря накрыла несколько штатов, 1 миллион человек остались без света.","Snow apocalypse in the United States: the storm covered several states, 1 million people were left without electricity.",,
135.0,**Просто ВСУ на бричке**,**Просто ВСУ на бричке**,,
136.0,на пустом месте😐,на пустом месте😐,,
137.0,Пьяные мобилизованные и сотрудники салона оптики в Новосибирске,Drunk mobilized and employees of the optics salon in Novosibirsk,,
138.0,Ты ничего такого не подумай. Это зубная щётка для собак. 😁,Don't think of anything like that. This is a toothbrush for dogs,,
139.0,"😬 **Когда друг дал денег в долг и ты должен делать вид, будто тебе с ним интересно**...

[Гарри Пукич ](https://t.me/+WsgPleiCWN45MDIy)🪄","When a friend lends money and you have to pretend you're interested. . .

[Harry Pukich] (https:// t.me/+WsgPleiCWN45MDIy",,
140.0,"Полицейский беспредел в Нижегородской области

Полицейские задержали Александра Шарфутова в состоянии алкогольного опьянения и оставили на ночь в отделе. Когда он попросил теплые вещи из-за холода в камере, полицейский начал бить его электрошокером по телу и лицу. Избиение Шарфутова попало на камеру наблюдения в отделе полиции.

Когда на следующий день судья спросил о причинах травм, Шарфутов рассказал о случившемся. В суд приехали медики, а Следственный комитет возбудил уголовное дело. Известно, что сотрудник полиции был уволен из органов.","Police lawlessness in the Nizhny Novgorod region

The police detained Alexander Sharfutov in a state of alcoholic intoxication and left for the night in the department. When he asked for warm clothes due to the cold in his cell, the policeman began hitting him with a stun gun on his body and face. The beating of Sharfutov was caught on surveillance camera in the police department.

The next day, when the judge asked about the causes of the injuries, Sharfootov told about the incident. Doctors came to the court, and the Investigative Committee opened a criminal case. It is known that the police officer was dismissed from the authorities.",,
141.0,"Фонд золотых цитат:

**«Индейцы — это русские»**","The Gold Quote Foundation:

""Indians are Russians""",,
142.0,Ну ничего страшного,That's okay,,
143.0,Коротко о погоде: в Липецке бригада скорой помощи пытается подняться по скользкой дороге к пациенту,"In Lipetsk, an ambulance crew tries to climb the slippery road to the patient",,
144.0,"Какой год, такая и ёлка в Новокузнецке","What a year, like a tree in Novokuznetsk",,
145.0,Эту свадьбу все запомнят,This wedding will be remembered,,
146.0,Доброе утро из Одессы 🇺🇦,"Good morning from Odessa  ",,
147.0,"Число погибших при пожаре в частном доме престарелых в Кемерово выросло до 20 человек, сообщили в МЧС. Идёт разбор завалов.

Второй этаж сгорел полностью, там размещались 20 постояльцев, сообщили экстренные службы.

Сейчас сотрудники полиции пытаются установить хозяина дома. Точное количество людей, находящихся там, неизвестно. Правоохранительные органы заявили, что дом престарелых был нелегальным.

СК РФ по Кемеровской области возбудил уголовное дело.","The death toll in a fire in a private nursing home in Kemerovo has risen to 20 people, the Ministry of Emergency Situations reported. The rubble's coming down.

The second floor burned down completely, 20 guests were accommodated there, emergency services said.

Police are now trying to identify the owner of the house. The exact number of people there is unknown. Law enforcement said the nursing home was illegal.

The RF IC in the Kemerovo region opened a criminal case.",,
148.0,"- Сходи в клуб, познакомься с какой-нибудь девушкой!

Девушки в клубе:","- Go to the club, meet some girl!

Girls at the club:",,
149.0,После этого видео наступил мир во всём мире,"After this video, there was world peace",,
150.0,"В Одессе🇺🇦 дед не поделил дорогу с велосипедистом и попытался отхуярить его монтировкой, утверждая, что тот пьяный","In Odessa, the grandfather did not share the road with a cyclist and tried to fuck him with a mount, claiming that he was drunk",,
151.0,"1 фото: Киев в январе.
2 фото: Киев в ноябре.","1 photo: Kiev on Jan.
2 photos: Kiev on Nov.",,
152.0,"Сын Рамзана Кадырова Эли нокаутировал соперника в своём первом профессиональном бою по ММА

Противостояние прошло на турнире ACA 150. Оппонентом 16-летнего Эли Кадырова стал 17-летний Ислам Акбаров, для которого этот поединок также был дебютным.

Рефери остановил бой на третьей минуте первого раунда. Сын главы Чеченской Республики одержал победу техническим нокаутом (добивание).","Ramzan Kadyrov’s son Eli knocked out his opponent in his first professional MMA fight

The contest took place at the ACA 150 tournament. The opponent of 16-year-old Eli Kadyrov was 17-year-old Islam Akbarov, for whom this match was also his debut.

The referee stopped the fight in the third minute of the first round. The son of the head of the Chechen Republic won by a technical knockout.",,
153.0,Лужа-ловушка издевается над московскими работягами,Luzha-trap mocks Moscow workers,,
154.0,"Из-за новой вспышки коронавируса в Китае логистические компании перестали справляться с сортировкой отправлений.

37 миллионов граждан Китая заразились коронавирусом за один день.

По данным Bloomberg, в Китае от коронавируса и его последствий погибает около 5 тысяч человек в день.

Новогодних подарков с алика можете не ждать…","Due to the new coronavirus outbreak in China, logistics companies have ceased to cope with sorting shipments.

37 million Chinese citizens contracted the coronavirus in one day.

According to Bloomberg, in China from coronavirus and its consequences kill about 5 thousand people a day.

You can’t wait for New Year’s gifts from Alika",,
155.0,"**Коптеры своих не бросают

**Дрон эвакуировал подбитого собрата с поля боя","The copters don't quit.

**Drone evacuated battered brother from battlefield",,
156.0,Идеальный подарок на 10 лет,Perfect gift for 10 years,,
157.0,💥Бой в Марьинке под Донецком глазами ВСУ🇺🇦🏴‍☠️,The battle in Maryinka under the eyes of the AFU Donetsk,,
158.0,"В Тюмени камера лифта засняла ребят, которые немного перебрали с «солью»","In Tyumen, the elevator camera filmed the guys who had a little too much salt",,
159.0,"**Кровавая разборка в шаурмечной

**В Казани повар напал на коллегу из-за неубранного мусора. Взбесившийся кудинар схватил нож и дважды всадил в спину оппоненту","**Bloody disassembly in the shawarmka

In Kazan, a cook attacked a colleague because of uncollected garbage. Enraged Kudinar grabbed a knife and twice put in the back of the opponent",,
160.0,"В Приморье автоледи перепутала газ с тормозом и эффектно залетела в автомойку, задев сотрудницу.

Работница получила травмы","In Primorye, the auto lady confused the gas with the brake and effectively flew into the car wash, hitting an employee.

The employee suffered injuries",,
161.0,"""__Сугробы до крыши__""

На видео — обстановка в посëлке Ольга Приморского края. В районе выпало 6,5 (!) месячных норм осадков.

Снег завалил буквально всë — дороги, калитки, двери частных домов. Из-за коммунальной аварии у людей нет электричества и отопления.

Кажется, последствиям метели радуются только местные дворняги: пëсели с удовольствием резвятся в метровых сугробах.","""Drifts to the roof""

In the video - the situation in the village Olga Primorsky Krai. In the area fell 6.5 (!) monthly rainfall.

Snow covered literally everything - roads, gates, doors of private houses. Due to a utility accident, people have no electricity or heating.

It seems that only local mongrels rejoice in the consequences of the blizzard: pesels are happy to frolic in meter-long snowdrifts.",,
162.0,"**Трамп младший в очередной раз троллит Зеленского:
**«Ну видишь, не так уж и страшно. Зато теперь получишь эти 47 миллиардов долларов","Trump Jr. once again trolls Zelensky:
**"" See, it's not that scary. But now you get that $47 billion",,
163.0,"**Аэрофобы, для вас новость:

**На днях борт Гавайских Авиалиний попал в сильную турбулентность из-за чего пострадало 36 пассажиров, больше половины из которых позже были доставлены в больницу.

Говорят, что из-за изменений климата **сильная турбулентность отныне станет постоянным пунктом программы во время авиаперелетов**.","**Aerophobes, news for you:

** Recently, the flight of Hawaiian Airlines was in severe turbulence, which injured 36 passengers, more than half of whom were later taken to the hospital.

It is said that due to climate change, severe turbulence will now become a permanent feature of the program during air travel.",,
164.0,"И зачем смотреть UFC, когда есть это?",And why watch the UFC when there is this?,,
165.0,"**«Это п**дец, это смешно – это мусор»

**ВСУшник в шоке от состояния техники, которую «помощью» доставили на Украину.","**"" It's fucking funny, it's trash.

**VSushnik is shocked by the state of the equipment, which was “assisted” to Ukraine.",,
166.0,Такую ёлку мы ставим,We're putting up a tree like this,,
167.0,"Фанат набил татуировку **Месси, целующего золотой мяч**.

Скажем ему????","A fan got a tattoo of Messi kissing a golden ball.

Shall we tell him?? ?",,
168.0,"В Москве произошел пожар в воинской части. По предварительным данным, огонь вспыхнул в гаражных боксах, расположенных на территории части в столичном Восточном административном округе. Об этом сообщило агентство «Москва».

Площадь пожара составила около 200 квадратных метров. К тушению пришлось привлечь около десятка пожарных расчётов. Пострадавших нет.","In Moscow there was a fire in the military unit. According to preliminary data, the fire broke out in garage boxes located on the territory of the unit in the capital’s Eastern administrative district. This was reported by the Agency “Moscow”.

The area of the fire was about 200 square meters. To extinguish had to involve about a dozen fire crews. No casualties.",,
169.0,Аргентинский дедуля поддерживает свою внучку. Респект!,An Argentine granddad supports his granddaughter. Respect!,,
170.0,Сейчас обидно было,It was a shame now,,
171.0,"**Студент открыл стрельбу в общежитии в Краснодаре

**Первокурсник распивал спиртные напитки. После замечания коменданта 20-летний парень схватил нож и пистолет, а затем открыл стрельбу в коридоре.

В результате происшествия никто не пострадал. В настоящее время студент задержан.","**Student opened fire in the hostel in Krasnodar

**A freshman was drinking alcohol. After the commandant's remark, the 20-year-old grabbed a knife and a gun and then opened fire in the corridor.

No one was injured in the incident. The student is currently detained.",,
172.0,"В Киеве женщины моют голову в туалетах магазина и там же сушат волосы.

Это уже Европа или ещё нет?","In Kiev, women wash their heads in the toilets of the store and dry their hair there.

Is this Europe or not?",,
173.0,Мой новогодний стол,My New Year's table,,
174.0,"**«Я обоссался... Я тебе в прямом смысле говорю — я сикнул»

**Лыжники в Шерегеше испытали незабываемые ощущения во время побега от лавины.","I pissed myself... I'm literally telling you, I clicked.

**Skiers in Sheregesh experienced unforgettable sensations during the escape from the avalanche.",,
175.0,"В московской пивнухе сотрудник магазина зачем-то набросился на женщину, которая вошла в алкомаркет с грудным ребенком.

Известно, что работяга состоит на учете в ПНД. А вот почему он напал на женщину — непонятно.

Отучил молодую маму от алкоголя?","In a Moscow beer store employee for some reason attacked a woman who entered the alcohol market with a baby.

It is known that the worker is registered in the PHD. But why he attacked a woman is unclear.

Weaned a young mother off alcohol?",,
176.0,"**В Каховке подорвали автомобиль  главы поселка Любимовка**, Херсонской области Андрея Штепы.

Сам Штепа погиб. Вместе с ним в машине находился еще один человек. Возможно, охранник.","** In Kakhovka blew up the car of the head of the village Lyubimovka**, Kherson region Andrei Shtepa.

Shtepa himself died. There was another person in the car with him. Maybe a guard.",,
177.0,"🇺🇸 **В США угольки активно готовятся к Рождеству, обчищая магазины.

**Даже сотрудники понимающе кивают вслед убегающим воришкам.
«Чёрная Пятница» затянулась…","In the US, coals are actively preparing for Christmas, cleaning shops.

**Even employees nod knowingly after fleeing thieves.
""Black Friday"" has been delayed..",,
178.0,"#ИнфографикаПутинЛидер🐟** Какой новогодний стол без красной икры**?

Рассказываем, как выбрать качественную продукцию:

✔️ Икра с маркировкой ""ГОСТ"" на упаковке и изготовленная в местах традиционного лова рыбы семейства лососевых — **на Камчатке и Сахалине** — лучший вариант.

✔️ Стеклянная или пластмассовая прозрачная тара позволит вам **рассмотреть продукт до крупинки**.

✔️ Икра должна храниться **при определённых условиях** — проверьте, есть ли в холодильной камере магазина градусник.

✔️ Выбитые цифры на жестяной заводской банке с икрой должны быть **выпуклыми**, а не вдавленными — это признак заводского продукта.

✔️ Излишний объем жидкости тузлука (рассола) сказывается **на фактическом количестве** самой икры.

Больше информации — в нашей инфографике.

**Ставь ♥️, если любишь хорошую икру на новогоднем столе!

**[Путин Лидер](https://t.me/putin_leader_rus)","#InfographicsPutinLeaderний** What New Year's table without red caviar**?

We tell you how to choose quality products:

Caviar marked ""GOST"" on the packaging and made in places of traditional fishing of the salmon family - ** in Kamchatka and Sakhalin** - the best option.

✔️ Glass or plastic transparent containers will allow you to **view the product to the grain **.

✔️ Caviar should be stored **under certain conditions** - check if there is a thermometer in the store's refrigerator.

✔️ The digits knocked out on a tin can of caviar should be ** convex**, not depressed - this is a sign of a factory product.

✔️ Excessive volume of the liquid of the tusle (brine) affects ** on the actual amount** of the caviar itself.

More information in our infographic.

**Seat if you like good caviar on the New Year's table!

** [Putin Leader] (https://t.me/putin_leader_rus)",,
179.0,"**❗️«Я русская шлюха»

**Хилми выдал базу!","""I'm a Russian whore""

Hilmi gave the base!",,
180.0,"18+ **""Пид..рас""

**Это слово стало спусковым крючком для молодого парня из Сочи и он несколько раз ударил ножом того, кто месяцами его буллил за длинные волосы.

Буллера с тремя ранениями госпитализировали в больницу.","18+ ** ""Pid.race.""

This word became the trigger for a young guy from Sochi and he repeatedly stabbed someone who had bullied him for months for his long hair.

Buller with three wounds was hospitalized.",,
181.0,"Отношение граждан Германии к беженцам из Украины: протыкают колеса, общежитие регулярно забрасывается яйцами🤷‍♂️","Attitude of German citizens to refugees from Ukraine: wheels are pierced, the hostel is regularly thrown with eggs",,
182.0,Как вам холодильник своими руками?,How do you like the refrigerator with your own hands?,,
183.0,Артемовск (Бахмут) по разрушенным домам видно насколько плотные бои идут в этом городе.,Artemovsk (Bakhmut) on the destroyed houses you can see how close the battles are in this city.,,
184.0,"Переводчик Зеленского немного оговорилась:  «Я надеюсь, что Конгресс одобрит финансовую помощь для наших преступлений (она сказала crime (преступление) вместо country (страна)»  🤡",Zelenskiy’s interpreter slipped a little: “I hope that Congress will approve financial assistance for our crimes (she said crime instead of country).”,,
185.0,минус нога,minus leg,,
186.0,"🧐Лютая разборка белоснежек и сникерсов.

Типичный день в американской школе.","A fierce disassembly of snow whites and snickers.

Typical day at an American school.",,
187.0,**Автомобилист повздорил с байкерами и не долго думая просто переехал их своей тачкой** 🥴,"**The car driver quarreled with bikers and without thinking twice just ran over them with his car**  ",,
188.0,"🔞 **Дмитрий Рогозин ранен при обстреле ресторана в Донецке, угрозы для его жизни нет.

**Бывший глава Роскосмоса получил проникающее осколочное ранение ягодиц, осколочное ранение мягких тканей головы и проникающее осколочное ранение левого бедра.","Dmitry Rogozin was wounded in the shelling of a restaurant in Donetsk, there is no threat to his life.

**The former head of Roscosmos received a penetrating shrapnel wound to the buttocks, a shrapnel wound to the soft tissues of the head and a penetrating shrapnel wound to the left thigh.",,
189.0,"**Заявления Джо Байдена:
**
 ⁃ Украина выиграла борьбу за Киев, выиграла борьбу за Херсон, выиграла борьбу за Харьков — Украина превзошла ожидания России.

 ⁃ Президент Зеленский открыт к миру, вернее, не совсем, он не открыт к мирным переговорам, но мы открыты.

 ⁃ Подтвердил, что Украина получит от США системы Patriot

 ⁃ Сколько бы это ни стоило, американский народ будет поддерживать Украину.

 ⁃ Россия использует зиму как оружие, она морозит людей до смерти.","Joe Biden's statements:
**
Ukraine won the fight for Kiev, won the fight for Kherson, won the fight for Kharkiv – Ukraine exceeded Russia’s expectations.

President Zelensky is open to peace, or rather not quite, he is not open to peace talks, but we are open.

Confirmed that Ukraine will receive Patriot system from the United States

No matter how much it costs, the American people will stand with Ukraine.

Russia is using winter as a weapon, freezing people to death.",,
190.0,"«**Бьет в дверь молотком, обливает мочей и говном**».

В Тюмени поехавшая шизобабка 6 лет терроризирует соседа, обвиняя его в том, что из **его квартиры исходит жуткая радиация**.

Ремейк «Как достать соседа».","""He hits the door with a hammer, pours urine and shit.""

In Tyumen, a schizobabka has been terrorizing a neighbor for 6 years, accusing him of emitting terrible radiation from his apartment.

Remake of ""How to Get a Neighbor."".",,
191.0,"Началась встреча Зеленского и Байдена в Белом доме.
**
Байден предполагает, что Россия использует зиму как оружие.**","Zelensky and Biden met at the White House.
**
Biden suggests Russia is using winter as a weapon",,
192.0,"Зеленский не очень понял прикосновения старика Джо, когда тот его встречал возле Белого дома в Вашингтоне",Zelensky did not understand the touch of old Joe when he met him outside the White House in Washington,,
193.0,Зеленский приехал в белый дом 🇺🇸,Zelensky came to the White house,,
194.0,"🤡 Маразм крепчает: **зумерша, увидев сухой горшок с цветком, решила нассать на него

**Что с этим поколением не так?","  Marasmus grows stronger: ** Zumer, seeing a dry pot with a flower, decided to piss on it

What is wrong with this generation?",,
195.0,Битва века – наконец-то.,Битва века – наконец-то.,,
196.0,"**В Подмосковье пьяный пассажир зарезал попутчика, выбросил тело на ближайшей остановке и продолжил бухать.

**Двое мужиков ехали в электричке на станции Дмитров, позже в вагон зашел другой пассажир и присоединился к ним. Мужчины распивали горячительные напитки, а потом поссорились. Один из них достал нож и ударил попутчика сначала в сердце, а потом в живот.

После чего они с приятелем **выкинули труп на следующей остановке и пошли дальше бухать**.","**In the suburbs, a drunk passenger stabbed a fellow traveler, threw the body away at a nearby stop and continued to drink.

** Two men were riding in a train at Dmitrov station, later another passenger entered the car and joined them. The men drank hot drinks and then quarreled. One of them took out a knife and hit the companion first in the heart and then in the stomach.

Then he and a friend ** threw the corpse away at the next stop and went on to drink.",,
197.0,"Если новогодний копроратив, то только такой","If this is the New Year’s Eve, then only this",,
198.0,Где-то в Казахстане,Somewhere in Kazakhstan,,
199.0,"**Витя, задумайся...**","Vitya, think about it. .**",,
200.0,"🇧🇾 Белорусский оппозиционер на стримах обещал российским блогерам придти в Россию вместе с ВСУ и устраивать охоту на мирных граждан.

**К счастью, белорусское КГБ не зря ест свой хлеб и интернет-герой быстро оказался схвачен и наказан.

Смотреть до конца**","  The Belarusian oppositionist on streams promised Russian bloggers to come to Russia together with the AFU and organize a hunt for civilians.

Fortunately, the Belarusian KGB eats its bread for good reason and the Internet hero was quickly captured and punished.

Watch to the end**",,
201.0,"18+ 🇵🇪**В Перу продолжаются протесты против президента **— протестующие требуют проведение досрочных выборов.

Вчера был убит по меньшей мере один протестующий, в результате чего общее число погибших на акциях протеста уже достигло 26 человек.","18+ очных** Protests against the president continue in Peru as protesters demand early elections.

At least one protester was killed yesterday, bringing the total death toll at the protests to 26.",,
202.0,"В Дмитрове грузовик застрял на переезде перед приближающейся электричкой, но трагедии удалось избежать — машинист смог остановиться в нескольких сантиметрах.

Ну ты ювелир!","In Dmitrov, the truck was stuck at the crossing in front of the approaching train, but the tragedy was avoided - the driver was able to stop a few centimeters.

You're a jeweler!",,
203.0,"❗️«__Я хочу искренне поблагодарить наших граждан, которые по зову сердца помогают Вооружённым Силам. <…> Уверен, Министерство обороны будет в постоянном диалоге с людьми. В единстве, как мы знаем, армии и народа всегда была наша сила. Так [это] и сегодня__», – отметил глава государства.

**⚡️И сейчас считаю украинский народ братским - Путин**","I want to sincerely thank our citizens who, at the call of their hearts, help the Armed Forces. <...> I am sure that the Ministry of Defense will be in constant dialogue with people. The unity of the army and the people has always been our strength. So [it] is today, the head of state said.

And now I consider the Ukrainian people brotherly - Putin",,
204.0,"❗️**Минобороны РФ предлагает поэтапно УВЕЛИЧИТЬ ВОЗРАСТ призыва граждан с 18 до 21 года, а предельный до 30 лет** — Шойгу","С️** The Russian Defense Ministry proposes to gradually increase the age of conscription of citizens from 18 to 21 years, and the maximum to 30 years** – Shoigu",,
205.0,И в чём он не прав?,What's he wrong about?,,
206.0,"**В Волжском мигрант изрезал ножом девушку прямо во дворе дома.

**Злодей увел свою жертву за пределы поля зрения камеры, после чего девушка начала истошно кричать. На крики сразу прибежал прохожий, который попытался остановить происходящее, но испугался бородача с ножом.

Пока очевидец вызывал копов, злодей уже скрылся с места преступления, но его нашли на следующей день. Во время задержания он пытался покончить с собой, бросившись с причальной стенки. Девушка находится в реанимации в тяжелом состоянии.

**UPD. На втором видео кадры его задержания**","In the Volga migrant stabbed a girl in the yard of the house.

The villain took his victim out of sight of the camera, after which the girl began to scream exhaustingly. A passerby immediately ran to the screams, who tried to stop what was happening, but was afraid of a beard with a knife.

While an eyewitness was calling the cops, the villain had already fled the scene, but he was found the next day. During his detention, he tried to commit suicide by throwing himself from the mooring wall. The girl is in intensive care in serious condition.

**UPD. In the second video footage of his detention**",,
207.0,"Грузинские маркетолухи сняли рекламу магазина автозапчастей в стиле **GTA**, оцените графоний.","Georgian market hoppers shot an advertisement for a car parts store in the style of **GTA**, appreciate the countonium.",,
208.0,"Стоимость нового кроссовера «Москвич 3», который будут производить на бывшем заводе Renault в Москве, **составит 1 млн 970 тыс. руб**.

__«Автомобиль представляет собой перелицованную версию китайской модели JAC JS4. Отгрузка автомобилей дилерам начнется до конца года»__, — заявили в пресс-службе завода.

Представлен «Москвич» будет в пяти цветах — белом, чёрном, красном, сером и голубом.

Покупаем?","The cost of the new crossover “Moskvich 3”, which will be produced at the former Renault plant in Moscow, ** will be 1 million 970 thousand rubles**.

The car is a rebranded version of the Chinese model JAC JS4. Shipment of cars to dealers will begin before the end of the year, the press service of the plant said.

Presented ""Moskvich"" will be in five colors - white, black, red, gray and blue.

Buying?",,
209.0,"😳 **В Туле жители одного из домов в своем подъезде НАШЛИ РЫСЬ — эти добродетели вкололи пару кубов успокоительного и вывезли животное в лес**

А теперь к интересному — рысь оказалась ДОМАШНИМ ПИТОМЦЕМ. Сейчас хозяин ищет своего «котика», который не приспособлен жить на свободе 🫠","In Tula, the inhabitants of one of the houses in their entrance found a lynx - these virtues injected a couple of cubes of sedative and took the animal into the forest**

And now, interestingly, the lynx turned out to be a domestic pet. Now the owner is looking for his cat, who is not adapted to live in freedom",,
210.0,"Жестокие кадры прямиком из Теннесси. Поезд протаранил тягач, который вёз бетонные перекрытия. Пострадали минимум двое. Всё в пыли, дыму и миллионах долларов страховки.","Cruel footage straight from Tennessee. The train rammed a tractor carrying concrete floors. At least two people were injured. All in dust, smoke and millions of dollars of insurance.",,
211.0,Красивые фоточки получились,These are beautiful photos,,
212.0,"Если вы думаете, что ваше утро не заладилось, расскажите об этом водителю из Первоуральска, который стал участником двух ДТП за час.","If you think that your morning did not work out, tell the driver from Pervouralsk, who was involved in two accidents in an hour.",,
213.0,❗️**Зеленский сегодня посетит Вашингтон и встретится с Байденом** — Белый Дом,Zelenskiy to visit Washington to meet with Biden,,
214.0,"В Ярославле 20-летний студент в Сети всячески оскорблял военных РФ, называл мобилизованных ""чмобиками"", а мобилизацию ""могилизацией"". Помимо этого он с помощью ботов в телеграме отправлял данные военнослужащих РФ для публикации и травли на укр-ресурсах. Восхвалял Запад и Украину.

Но его поймали и провели беседы. Теперь он патриот.

""- __Ты Родину любишь?

- Люблю

- Россию-матушку?

- Люблю__""","In Yaroslavl, a 20-year-old student on the Internet in every possible way insulted the Russian military, called the mobilized “shmobiki”, and the mobilization “grave”. In addition, he used bots in a telegram to send data of Russian servicemen for publication and harassment on Ukr-resources. Praise the West and Ukraine.

But he was caught and had conversations. He's a patriot now.

Do you love your country?

- Love me.

- Mother Russia?

- I love you",,
215.0,Как пронести сигареты в американскую школу.,How to Bring Cigarettes to an American School.,,
216.0,🤡 В Одессе быдло-училка люто нажралась и начала наезжать на двоечников,"  In Odessa, the bull-teacher was fiercely drunk and began to run into doubles",,
217.0,"**😤 Произошёл бунт — школьница осталось недовольна тем, что вместо вписки она отправилась учить английский язык

**с такой речью и на русский стоит заглянуть 🫠","**  There was a riot – the schoolgirl was unhappy that instead of writing she went to learn English.

** With such a speech and Russian is worth a look ля",,
218.0,"Девушки, которых мы заслужили",The girls we deserve,,
219.0,Обычный россиянин глазами иностранцев,An ordinary Russian through the eyes of foreigners,,
220.0,"❗️🇺🇦Украинскмй беспилотник-камикадзе ударил по Трубачевскому РЭС в Брянской области🇷🇺

По сообщению губернатора области Александра Богомаза, никто не пострадал.","Ukrainian drone-kamikaze struck Trubachevskaya RPP in the Bryansk region

According to the Governor of the region Alexander Bogomaz, no one was injured.",,
221.0,"Взрывом разнесло коттедж в Татарстане. По нашим данным, около восьми утра в двухэтажном доме в Мензелинске взорвался газ. Взрывная волна была такой силы, что повылетали все окна и двери, а крышу подбросило на несколько метров. Пожарные быстро справились с огнём. 59-летнего хозяина коттеджа с ожогами половины тела госпитализировали в реанимацию, его жене медицинская помощь не потребовалась. Причины ЧП выясняются.","The explosion blew up a cottage in Tatarstan. According to our data, about eight in the morning in a two-storey house in Menzelinsk gas exploded. The blast wave was so strong that all the windows and doors flew out, and the roof was thrown a few meters. Firefighters quickly dealt with the fire. 59-year-old owner of the cottage with burns of half of the body was hospitalized in intensive care, his wife did not need medical care. The causes of the emergency are being investigated.",,
222.0,"😂 **Курьёзная ситуация произошла на финале ЧМ** — президент Турции Эрдоган встретился с Илоном Маском и И ЦЕЛУЮ МИНУТУ жал ему руку — от нелепости ситуации лицо Маска стало целым мемом

Эрдоган просто хотел бесплатную галочку в Twitter 👍","е ** Curious situation occurred at the World Cup final** - Turkish President Erdogan met with Elon Musk and ALL MINUTE shook his hand - from the absurdity of the situation, Musk's face became a whole meme

Erdogan just wanted a free tick on Twitter",,
223.0,"В подмосковном Красноармейске местные коммунальщики установили новогоднюю елку, сфотографировали её иии... **увезли**.

Праздник закончился быстро","In Krasnoarmeisk near Moscow, local utilities installed a New Year's tree, photographed it ... ** took away **.

The holiday ended quickly",,
224.0,**Последствия гололеда в Самарской области. Никто не пострадал.**,**Consequences of ice in the Samara region. No one was hurt,,
225.0,"Во Франции у 88-летнего деда из ануса достали **20-сантиметровый снаряд времен Первой Мировой войны**.

Врачам пришлось эвакуировать все здание и вызывать саперов, дабы провести операцию. Как снаряд оказался у деда в жопе – он отказался рассказывать.

Так много вопросов и так мало ответов.","In France, an 88-year-old grandfather from the anus pulled out a **20-centimeter shell from the First World War**.

Doctors had to evacuate the entire building and call sappers to perform the operation. As the projectile was in my grandfather’s ass – he refused to tell.

So many questions and so few answers.",,
226.0,"🥲 **Игроки сборной Аргентины наткнулись на электрический кабель во время проезда по столице

**Чуть не погиб... 🥀","Argentina players stumble upon electric cable while driving through the capital

**Almost killed...  ",,
227.0,"**В Хмельницком поставили новогоднюю ёлку на остатках ракеты С-300

Что за художественный стиль такой ?🤔**","**In Khmelnitsky put a Christmas tree on the remains of the S-300 missile

What kind of artistic style is that",,
228.0,"Пленные из 80-й бригады.
Эта бригада памятна расстрелом наших пленных.","Prisoners from the 80th Brigade.
This brigade commemorates the shooting of our prisoners.",,
229.0,"Газопровод полыхает между деревней Кюльхири и селом Калинино в Чувашии.

Информации о пострадавших пока нет","The gas pipeline burns between the village of Kulhiri and the village of Kalinino in Chuvashia.

Information about the victims is not yet available",,
230.0,"ВСУшник в ходе интервью кратко поделился о ситуации в Бахмуте:

__""В Мариуполе были цветочки, в Бахмуте - это просто пиздец!""__","During the interview, VSushnik briefly shared about the situation in Bakhmut:

""In Mariupol there were flowers, in Bakhmut - it's just fucked up!""",,
231.0,Кто-то использует магию вне Хогвартса,Someone uses magic outside Hogwarts,,
232.0,"**Экоприлипалы добрались до автогонок:

**«Прекратите сжигать бензин, чтобы ездить по кругу»","** Ecoprilipals have made it to auto racing:

“Stop burning gasoline to drive around.”",,
233.0,"🫢 **«Этот клоун не сдается»

**Пользователи Twitter высмеяли заявления украинских властей в адрес ФИФА после отказа показать речь Зеленского перед финалом ЧМ.

**Еще несколько цитат:

**__▪️ «Этот парень хочет, чтобы его лицо было повсюду. Дайте нам передохнуть и позвольте посмотреть футбол без чтения лекций по тем или иным поводам»__;

__▪️ «ФИФА справедливо отклонила просьбы Зеленского, думающего, что он теперь буквально управляет всем миром»;

▪️ «ФИФА избавила Зеленского от неловкости услышать, как целый стадион освистывает и высмеивает его сообщение»;

▪️ «Это вам не Евровидение»__.

[Гарри Пукич ](https://t.me/+WsgPleiCWN45MDIy)🪄","""This clown doesn't give up""

**Twitter users mocked the statements of the Ukrainian authorities against FIFA after refusing to show Zelensky’s speech before the World Cup final.

A few more quotes:

**____️ “This guy wants his face everywhere. Give us a break and let us watch football without giving lectures on any given occasion.

FIFA has rightly rejected the requests of Zelensky, who thinks he now literally rules the world.

FIFA spared Zelensky the embarrassment of hearing an entire stadium boo and mock his message.

▪️ “This is not Eurovision.”

[Harry Pukich] (https:// t.me/+WsgPleiCWN45MDIy",,
234.0,Фанаты не дали упасть Месси,Fans did not let Messi fall,,
235.0,Этот любитель тусоваться снова заскамил диванного бойца Украины,This lover of hanging out again rocked the sofa fighter of Ukraine,,
236.0,Мигранты развлекают французов,Migrants entertain the French,,
237.0,Китаец накачал колесо,Китаец накачал колесо,,
238.0,Доказал что не терпила,Proved he didn't,,
239.0,"🗣🇺🇦**«Вы не патриоты, вы оборотни!»**

Обращение к «укропатриотам» ㅤ","“You are not patriots, you are werewolves!”

Appeal to ""Ucropatriots"" ам",,
240.0,"**«я твою бабушку ебал и тебя ебал»
**
В одесской🇺🇦 маршрутке произошел конфликт двух интеллектуалов, в котором обе стороны признались в интимных связях с родственниками оппонентов.","I fucked your grandmother and fucked you.
**
In the Odessa minibus there was a conflict between two intellectuals, in which both sides admitted to intimate ties with relatives of opponents.",,
241.0,"Мы вдвоем — соагрессоры, самые вредные и токсичные люди на этой планете», — Лукашенко об отношении мира к нему и Путину.","The two of us are co-aggressors, the most harmful and toxic people on this planet, Lukashenko said.",,
242.0,Уничтожение украинского танка в окрестностях Соледара.,The destruction of a Ukrainian tank in the vicinity of Soledar.,,
243.0,"Мужик нокаутировал бабушку, которая лезла вперёд него в очереди",The man knocked out the grandmother who climbed ahead of him in line,,
244.0,"– **Залужному надо отдыхать, он переработал**

– Песков о заявлении Украинского генерала о подготовке наземной операции против Украины со стороны Белоруссии","**He needs to rest, he's overworked.

Peskov on the statement of the Ukrainian General on the preparation of a ground operation against Ukraine by Belarus",,
245.0,Особый вайб подмосковных электричек,Special Vibe of Moscow suburban electric trains,,
246.0,"Подросток из Бреста попал под поезд, когда переходил ж/д пути в наушниках.

13-летний подросток возвращался домой после занятий. Мальчик шел по пешеходной дорожке, был в капюшоне и слушал музыку через наушники. Он вышел на переезд непосредственно перед приближающимся локомотивом.

С множественными травмами его доставили в больницу","A teenager from Brest was hit by a train when crossing the railway track in headphones.

The 13-year-old was returning home after school. The boy walked along the footpath, was in a hood and listened to music through headphones. He moved in front of an approaching locomotive.

With multiple injuries, he was taken to hospital",,
247.0,"Бывшая подруга Корейки - уебок Хилми, доебался до сотрудника КФС

Почему он до сих пор ходит целый???","Former friend of Koreika - motherfucker Hilmi, got fucked up to an employee of the KFS

Why is he still walking around? ?",,
248.0,"Тиктокер предложил палестинцу челлендж - **за 100 баксов он должен поцеловать израильский флаг**.

Результат убил.","Tiktoker offered the Palestinian a challenge for $100 to kiss the Israeli flag.

The result killed.",,
249.0,"Не знаю, что он планировал, но у него  получилось","I don't know what he planned, but he did",,
250.0,"Всадники апокалипсиса в России выглядят примерно так.

После того, как Брянск занесло снегом, в городе заметили странных ковбоев. Правда, передвигались они почему-то они совсем не на лошадях.

Лучший зимний транспорт.","Horsemen of the apocalypse in Russia look something like this.

After Bryansk snowed, strange cowboys were spotted in the city. However, for some reason they did not move on horses.

Best winter transport.",,
251.0,"А что, выглядит безопасно","Well, it looks safe",,
252.0,Путин прилетел в Минск. Его встретил Лукашенко — с караваем и сыном Николаем.,Putin flew to Minsk. He was met by Lukashenka – with the carava and his son Nikolai.,,
253.0,"В Воронеже автодятел подсветил зажигалкой бензобак.

Что могло пойти не так?..","In Voronezh, a woodpecker highlighted a gas tank with a lighter.

What could have gone wrong? .",,
254.0,**Выглядит надёжно **👍,** Looks solid *****,,
255.0,Пожар на заводе «Антонов» — предприятии авиационной промышленности в Киеве после сегодняшней атаки ВС РФ.,"The fire at the plant ""Antonov"" - the enterprise of the aviation industry in Kiev after today's attack of the Russian Armed Forces.",,
256.0,"В Сургуте 15-летнего вратаря челябинского клуба «Метеор Сигнал» пришлось срочно госпитализировать в реанимацию прямо с хоккейного матча. Нападающий соперников случайно **перерезал ему горло коньком**.

В реанимации ему была сделана операция. Сейчас жизни юного хоккеиста ничего не угрожает","In Surgut, the 15-year-old goalkeeper of the Chelyabinsk club Meteor Signal had to be urgently hospitalized in intensive care right from a hockey match. The attacker accidentally slit his throat with a skate.

He underwent surgery in intensive care. Now the life of a young hockey player is not in danger",,
257.0,Шоу дронов в Катаре \ Шоу дронов в Украине,Show of drones in Qatar \ Show of drones in Ukraine,,
258.0,"**Вот, что бывает, если набухать 12-летнюю школоту.

**Этому поколению пиздец, давайте новое","This is what happens when you swell a 12-year-old school.

This generation is fucked, give it a new one",,
259.0,"Неизвестный мужчина в маске открыл стрельбу по посетителям кафе в Афинах. Убиты двое мужчин, одна женщина ранена.

**Местное телевидение опубликовало видео и предположило, что это разборки мафии.**","An unidentified man in a mask opened fire on visitors to a cafe in Athens. Two men were killed and one woman was injured.

**Local TV posted a video and suggested it was a mafia showdown.**",,
260.0,"🔥🇺🇦**Инфраструктурный объект под Киевом, поражённый ночью ""Геранями""**🇷🇺 до сих пор горит. [ㅤ](https://t.me/+v-P0xT4ViGI4Yzg6)","ом**Infrastructure facility near Kiev, struck at night by ""Herans""**ом is still burning. [ом](https://t.me/+v-P0xT4ViGI4Yzg6)",,
261.0,"**В Сингапуре щкет сбросил кошку с 22 этажа

**Пездюк мог бы остаться безнаказанным, однако жильцы дома поймали его при попытке сбросить уже вторую кошку с высоты. В полиции живодер рассказал, что родители его мало любят.","In Singapore, a tickle dropped a cat from the 22nd floor

The pettyuk could have gone unpunished, but the tenants of the house caught him trying to throw the second cat from a height. He told the police that his parents did not like him very much.",,
262.0,После матча в раздевалке сборной Аргентины был забит еще один эпичный гол.,"After the match, another epic goal was scored in the Argentina dressing room.",,
263.0,"**«Иду пешком. 2 километра пишет навигатор, но делать нечего»**.

Вечером 18 декабря Москва встала в многокилометровых пробках из-за снегопада. За сутки на город обрушилось аномальное количество осадков. Метеорологи зафиксировали 15 мм, что составляет почти 1/3 месячной нормы.

На МКАДе люди выходили из автобусов и машин и шли пешком, потому что «так быстрее».

Кто-то даже решил установить палатку. Возможно, чтобы там перезимовать.","I'm walking. The navigator writes 2 kilometers, but there is nothing to do.

On the evening of December 18, Moscow got up in traffic jams many kilometers due to snowfall. During the day, an abnormal amount of precipitation hit the city. Meteorologists recorded 15 mm, which is almost 1/3 of the monthly norm.

On the Moscow Ring Road, people got out of buses and cars and walked on foot, because “it’s faster.”

Someone even decided to set up a tent. Maybe to overwinter.",,
264.0,Ночные прилеты беспилотников Герань-2 по Киеву и другим городам Украины. Поступают сообщения о пожаре на авиационном заводе «Антонов» в Киеве,Night arrivals of drones Geran-2 in Kiev and other cities of Ukraine. There are reports of a fire at the Antonov aviation plant in Kiev,,
265.0,Донецк. Город обстреливают уже на ежедневной основе,Donetsk. The city is being shelled on a daily basis,,
266.0,"Обращение Владимира Зеленского, которое ФИФА отказалась показывать перед финалом ЧМ. [ ](https://t.me/+LwySkUQA_VNjNzZi)😁","Address by Vladimir Zelensky, which FIFA refused to show before the World Cup final. [ ] t.me/+LwySkUQA_VNjNzZi",,
267.0,"**Момент вручения Аргентине долгожданного трофея Чемпионата мира!

**Столица Аргентины Буэнос-Айрес сейчас сходит с ума.","**The moment Argentina receives the long-awaited World Cup trophy!

The capital of Argentina, Buenos Aires, is going crazy.",,
268.0,**Ещё немного «суеты»**,"A little more ""fuzz""",,
269.0,"Болельщики сборной Аргентины после победного пенальти.

Страна ждала чемпионства с 1986 года.","Argentina fans after the winning penalty.

The country has been waiting for the championship since 1986.",,
270.0,"**Аргентина становится чемпионом мира!**

Обыграв сборную Франции в серии пенальти, основное время завершилось 2:2, дополнительное 3:3.

Поздравляем Месси и его команду!","Argentina is becoming world champion!

Beating the French national team in the penalty shootout, the main time ended 2: 2, an additional 3: 3.

Congratulations to Messi and his team!",,
271.0,Серия пенальти сейчас все решит,The penalty shootout will decide now,,
272.0,Илон Маск на сегодняшнем финале ЧМ по футболу,Elon Mask at the soccer finals,,
273.0,"Француз Килиан Мбаппе  перевернул финальную игру ЧМ и за несколько минут забил два гола: с пенальти и с игры.

Сборные Франции и Аргентины уходят на второй перерыв со счётом 2:2.

*На видео — оба гола Мбаппе","Frenchman Kylian Mbappe turned the final game of the World Cup and in a few minutes scored two goals: from a penalty and from a game.

France and Argentina go to the second break with the score 2: 2.

* In the video - both Mbappe goals",,
274.0,Неожиданная встреча в Турции,Unexpected meeting in Turkey,,
275.0,"**🤦🏻‍♂️Опасная преступница повержена

**Офицер американской полиции применяет специальное электрошоковое средство Taser против безоружной женщины в одном из супермаркетов.

Сотрудник несколько раз даёт разряд в 50 тысяч (!) вольт.

**Повезло, что не застрелили**","**жен️ Dangerous offender defeated

A U.S. police officer uses a special Taser stun gun against an unarmed woman in a supermarket.

The employee several times gives a discharge of 50 thousand (!) volts.

Lucky you didn't get shot",,
276.0,"20-летний чудик из Беларуси не захотел положить нож, за что получил две пули в ногу.

Теперь ему светит ещё и до семи лет за насилие либо угрозу применения насилия в отношении сотрудника","A 20-year-old man from Belarus did not want to put a knife, for which he received two bullets in the leg.

Now he faces up to seven years for violence or threat of violence against an employee",,
277.0,Когда с пацанами приезжаете забирать своих бухих девушек от подруги,When you come with the boys to pick up your drunken girlfriends from a friend,,
278.0,**Капец колонки умными стали **😐,**Captain column smart steel **ки,,
279.0,⚡️⚡️П**рилет по зданию птицефабрики в Белгороде.**," ️ ️**Trilet on the building of a poultry farm in Belgorod.**",,
280.0,"В Нижегородской области нарик совершил крутое пике с балкона.

Сугробы не помогли — он скончался на месте","In the Nizhny Novgorod region, the narc made a steep peak from the balcony.

It didn’t help, he died on the spot",,
281.0,Обычная ситуация в футболе,Normal football situation,,
282.0,"Как гитара помогает на войне?
@ttambyl
Большое интервью с позывным «Горец»
[https://dzen.ru/video/watch/6391f5d64ed77d6cebd9f556](https://dzen.ru/video/watch/6391f5d64ed77d6cebd9f556)


👍 - если поддерживаете наших военных
❤️ - если переживаете за наших ребят","How does a guitar help in war?
@tttambyl
Great interview with the call sign ""Highlander""
[https://dzen.ru/video/watch/6391f5d64ed77d6cebd9f556] (https://dzen.ru/video/watch/6391f5d64ed77d6cebd9f556)


If you support our military
If you are worried about our children",,
283.0,КОМУ ЭТО НУЖНО?!,WHO NEEDS THIS?!,,
284.0,🇺🇦 Зигующие ВСУшники едут на броне с нацистскими крестами.,"  Sieging APUs ride on armor with Nazi crosses.",,
285.0,"**«Ебать, меня попёрло»

**Зумерша жёстко завейпила **20 мг** никотина в школьном толчке и похвалилась этим перед своими одноклассниками в телеге.

Это поколение ещё можно спасти?","""Fuck, I'm fucked up.""

Zumerka stiffly wove **20 mg** of nicotine in the school push and boasted about it to her classmates in the cart.

Can this generation still be saved?",,
286.0,😱**Водителя из Китая сбило собственное авто.** Когда в него врезался другой автомобиль,A driver from China was hit by his own car. When another car hit him,,
287.0,Елка в Киеве,The tree in Kiev,,
288.0,Украинские тиктокерши,Ukrainian tiktokers,,
289.0,"Одесситы 🇺🇦 всем городом благодарят данного парня, ведь он тратит своё время на поддержку столба со светофором и тем самым уберегает их от ДТП","Odessa о the whole city thanks this guy, because he spends his time supporting a pole with a traffic light and thereby saves them from an accident",,
290.0,"**Зеленский как всегда клянчит ПВО** — однако теперь он уверяет «уважаемых партнеров», что будет напоминать о новых поставках постоянно

«В частности, я буду постоянно напоминать. Уважаемые партнеры! Найдите возможность дать надежную защиту неба, надежный щит ПВО. Вы это можете. Вы можете дать защиту нашим людям — стопроцентную защиту от российских ракет», — указал Владимир Зеленский.","Zelensky, as always, begs for air defense, but now he assures “respectable partners” that he will constantly remind of new supplies.

“In particular, I will constantly remind you. Dear partners! Find an opportunity to give reliable protection of the sky, a reliable air defense shield. You can do that. You can give protection to our people – one hundred percent protection from Russian missiles, Zelensky said.",,
291.0,Символ Z на украинской машине,Symbol Z on the Ukrainian car,,
292.0,Днепропетровск🇺🇦 no comments,Dnipropetrovsk,,
293.0,Походу кого-то завтра отправят в детдом,Someone will be sent to an orphanage tomorrow,,
294.0,"🇺🇦 Шведский противотанковый гранатомет ""Карл Густав"" загорается в руках у ВСУшника.

Западные ""друзья"" сливают на Украину оружие с истекшим сроком годности.","Swedish anti-tank grenade launcher ""Karl Gustav"" lights up in the hands of VSushnik.

Western “friends” are dumping expired weapons on Ukraine.",,
295.0,В Москве **Парк Горького** и **ВДНХ** вот таким образом украсили к Новому Году.😁,In Moscow ** Gorky Park ** and **VDNH ** this way decorated for the New Year,,
296.0,"👍 Х**ОРВАТИЯ — БРОНЗОВЫЙ ПРИЗЁР ЧМ 2022

**Марокко проигрывает 1:2 и остаются без медалей","Croatia - Bronze Prize of the World Cup 2022

**Morocco loses 1-2 and is without medals",,
297.0,🎅🏻 На открытие ёлки в Белгороде Дед Мороз приехал на БТР," ️ At the opening of the Christmas tree in Belgorod, Santa Claus came to the APC",,
298.0,"💁‍♂️Украинец спрашивает: ""За какую такую свою землю я должен воевать? За ту которая принадлежит олигархам и агрохолдингам? У меня, говорит, даже сотки своей нет, ТАК, ЧТО пускай идут воевать олигархи и директора агрохолдингов""","The Ukrainian asks: “What kind of land should I fight for?” For the one that belongs to oligarchs and agricultural holdings? I don’t even have a hectare of my own, so let oligarchs and directors of agricultural holdings go to war",,
299.0,Это та самая финка НКВД? Я просто не шарю,Is that the NKVD Finn? I just don't play around,,
300.0,"**Это то, что пацаны называют «суета»**","**That's what the boys call ""suetah""**",,
301.0,"🇺🇸**Их порядки…

**В США ученица старшей школы набросилась с кулаками на учителя после того, как тот позвонил ее родителям, чтобы сообщить им о ее плохих оценках.","ки** Their orders...

In the US, a high school student attacked a teacher with her fists after he called her parents to inform them of her poor grades.",,
302.0,"Неожиданная концовка, согласны?","Unexpected ending, right?",,
303.0,"Украинец всерьез рассказывает, что сбил ракету с пулемета, как тебе такое Илон Маск?","The Ukrainian seriously says that he shot down a missile from a machine gun, how do you like Elon Musk?",,
304.0,"**Минобороны РФ опровергает увеличение срока службы до двух лет:

**—  Статьей 38 Федерального закона установлено, что срок военной службы для военнослужащих, проходящих военную службу по призыву, составляет 12 месяцев.

— В настоящее время каких-либо изменений законодательства Российской Федерации в части, касающейся изменения сроков военной службы по призыву, Минобороны России не предлагается.","**The Ministry of Defense of the Russian Federation denies the increase in the service life to two years:

**- Article 38 of the Federal Law stipulates that the term of military service for conscripts is 12 months.

- Currently, no changes in the legislation of the Russian Federation in terms of changing the terms of military service on conscription, the Russian Defense Ministry is not proposed.",,
305.0,На кого бы вы поставили в бою Путина и Зеленского?,Who would you bet against Putin and Zelensky?,,
306.0,"**⚡️Готов выйти на ринг с Путиным, чтобы решить вопрос, как настоящие мужики**, — Зеленский в интервью LCI.

«Настоящий мужик, если он хочет передать кому-то сообщение или если он хочет набить ему морду — он делает это сам. Готов хоть завтра на единоборство с Путиным», - сказал Зеленский.","Ready to go into the ring with Putin to solve the issue like real men, — Zelensky in an interview with LCI.

“A real man, if he wants to give someone a message or if he wants to punch him in the face, he does it himself. I am ready at least tomorrow for combat with Putin, Zelensky said.",,
307.0,"**⚡️Срок службы срочников увеличится до 2 лет.

**Военный комиссар по Дмитрову, Талдому и Дубне, подполковник **Михаил Фотин** сообщил, что до военкоматов довели информацию, что с весны 2023 года срочники будут служить **полтора года**.

А призванные осенью следующего года, будут служить уже **2 года**. Связано, по его словам, это с тем, что «наши северные соседи вступают в НАТО» и «нужно будет создавать новые соединения и воинские части и комплектовать их не только военнослужащими по контракту, но и военнослужащими по призыву».

Также он сказал, что **мобилизация не завершена, а приостановлена**.

**Вскоре видео с обращением о продлении срочной службы было УДАЛЕНО С YOUTUBE!**","**.️The service life of conscripts will be increased to 2 years.

**Military Commissioner for Dmitrov, Taldom and Dubna, Lieutenant Colonel **Mikhail Fotin** said that the military enlistment offices were informed that from the spring of 2023 conscripts will serve ** a year and a half**.

And those called up next autumn will serve for **2 years**. According to him, this is due to the fact that “our northern neighbors are joining NATO” and “we will need to create new formations and military units and complete them not only with contract soldiers, but also conscripts.”

He also said that “mobilization is not completed, but suspended.”

**Soon the video of the appeal for an extension of the conscript service was removed from Youtube!**",,
308.0,"Оказывается, кричащий в Краснодаре: ""Слава Украине"", получил пиздюлей в тот же вечер...","It turns out, shouting in Krasnodar: “Glory to Ukraine”, received a pussy on the same evening. .",,
309.0,"Я не врач, но, вроде, он не выжил.

Застреленный напал на женщину и удерживал её с помощью ножа","I'm not a doctor, but he didn't seem to survive.

Shot dead man attacked woman and held her with knife",,
310.0,"**В селе Качановка Сумской области вместо питьевой воды из колодца потекла нефть

**Инспектор по охране окружающей среды, выехавший на место, подтвердил, что ""из колодца льется вязкая жидкость темного цвета с характерным запахом.","**In the village of Kachanivka Sumy region instead of drinking water from the well flowed oil

** The environmental inspector who went to the site confirmed that “a viscous, dark-colored liquid with a distinctive smell is pouring out of the well.",,
311.0,"У пенсионера из Сургута в квартире ебанул самогонный аппарат.

Теперь может любоваться видом на ночной город","A pensioner from Surgut has a fucking moonshine machine in his apartment.

Now you can admire the view of the night city",,
312.0,"Эффектным фаер-шоу закончился ужин в лондонском ресторане MNKY HSE. Из здания эвакуировали около 300 посетителей. В результате происшествия незначительные травмы получили два человека.

По признаниям одного из посетителей, огонь за считанные секунды распространился по всему зданию. Из-за спешки многие падали на пол и кричали от страха","A spectacular fire show ended with dinner at the London restaurant MNKY HSE. About 300 visitors were evacuated from the building. As a result of the incident, two people received minor injuries.

According to one visitor, the fire spread throughout the building in a matter of seconds. Because of the rush, many fell to the floor and screamed in fear",,
313.0,"🤦‍♂️ **ВСУшник чуть не самоликвидировался, выстрелив из СПГ**"," не ♥️ **Shooter almost self-destructed, firing from LNG**",,
314.0,"🇵🇪После состоявшегося госпереворота в Перу становится всё жарче

Народ начинает сопротивляться глобалистскому государственному перевороту.","After the coup in Peru is getting hotter

People are beginning to resist the globalist coup d’état.",,
315.0,"**В немецких магазинах появился неопределившийся с гендером Санта Клаус.

Н**емец возмущается тем, что гомосексуалисты покусились на святое.","**In German shops appeared undecided with gender Santa Claus.

The scumbag is outraged that homosexuals have encroached on the holy.",,
316.0,Бойцы РФ показывают лайфхаки перед стрельбой из АГС,Russian soldiers show life hacks before shooting from AGS,,
317.0,"В Краснодаре некий бородач кричал на улице ""Слава Украине"", а когда ему сделали замечание, тот чуть ли не полез драться...

Извинения через 3…2…1…","In Krasnodar, a bearded man shouted ""Glory to Ukraine"" on the street, and when he was made a remark, he almost went to fight. . .

Apology through 3...2...1 ..",,
318.0,"**Так в Питере выглядят машины, которые стояли на обочине во время плохой погоды

**Кому-то придется ждать лета.. 🫠","This is how cars in St. Petersburg look like when they were on the roadside during bad weather.

Somebody's gonna have to wait for summer.  ",,
319.0,Какая-то крайне отечественная реклама,Some very domestic advertising,,
320.0,"В Сургуте немного пьяненькая снегурочка неожиданно для себя осознала, что обладает суперсилой","In Surgut, a slightly drunken snowman suddenly realized that she has super strength",,
321.0,Этот аттракцион они запомнят надолго,The Attraction Oni remembers down,,
322.0,"💥✈️🇺🇸 Крушение американского истребителя F-35 Lightning II за $200 млн на авиабазе Форт-Уэрт в Техасе

Лётчик по итогу катапультировался за пару секунд до полной остановки самолёта🤡","The crash of an American F-35 Lightning II fighter for $ 200 million at Fort Worth Air Force Base in Texas

The pilot ejected a couple of seconds before the plane stopped completely",,
323.0,"Полицейский пёс vs очень буйный нарушитель

Зачем бить преступника в ответ, когда можно просто открыть дверь машины и выпустить козырь в виде К-9","Police dog vs. very violent intruder

Why hit a criminal back when you can just open the car door and release a K-9 trump card",,
324.0,🤡**  Порошенко наблюдает за полетом калибра**," ** Poroshenko watches the flight of caliber**",,
325.0,Ушел по-английски,He left in English,,
326.0,"18+ **В Турции в Анкаре неадекват расстрелял свою жену из пистолета прямо на улице

**Её госпитализировали, врачи борются за ее жизнь","18+ ** In Turkey, an inadequat shot his wife with a pistol on the street

She was hospitalized and doctors are fighting for her life",,
327.0,"🇷🇺🤝 #инфографика **Россияне стали больше помогать другим людям, несмотря на все сложности

В течение 2022 г. 59% россиян помогали незнакомым финансово нуждающимся людям, а 40% не доводилось это делать.** Об этом говорится в результатах опроса **Центра исследований гражданского общества и некоммерческого сектора НИУ ВШЭ.

Жители России чаще всего за последний год помогали другим поступками (72%), а также вещами (61%). **В целом в 2022 г. по сравнению с **пандемийным 2020 годом произошел значительный рост по этим показателям.

**__👇____ А как в этом году вы помогали другим? Напишите свои истории в комментариях!

__[От Первого Лица](https://t.me/otpervogolitsa)","#infographics ** Russians began to help other people, despite all the difficulties

During 2022, 59% of Russians helped strangers in financial need, and 40% did not. This is stated in the survey ** Center for Civil Society and Non-Profit Sector Research HSE.

Residents of Russia most often over the past year helped other actions (72%), as well as things (61%). **In general, in 2022, compared to the **pandemic year 2020, there was a significant increase in these indicators.

**_________ How have you helped others this year? Write your stories in the comments!

__[From First Person](https://t.me/otpervogolitsa)",,
328.0,"💥 Удары по критическим объектам Украины из окна самолета, предположительно, в Молдове.","¶ Strikes on critical objects of Ukraine from the window of the aircraft, presumably in Moldova.",,
329.0,🇺🇦🇷🇺 Кадры прилётов по подстанции Днепропетровской ГЭС.,"  Footage of arrivals at the Dnipropetrovsk HPP substation.",,
330.0,"🤬«Я нацист. Я за уничтожение русских».

Это видео наглядно демонстрирует, как украинская пропаганда превратила детей в поклонников фашисткой идеологии.","I'm a Nazi. I am for the destruction of the Russians.””

This video clearly demonstrates how Ukrainian propaganda has turned children into fans of fascist ideology.",,
331.0,Из-за проблем с энергией в Харькове остановилось метро. Пассажиров эвакуируют по тоннелю.,Due to problems with energy in Kharkiv stopped the subway. Passengers are being evacuated through the tunnel.,,
332.0,Удары были вскользь 🤡,Strikes were passing зь,,
333.0,"Вертолёт Ми-8 рухнул на аэродроме в Улан-Удэ. По нашим данным, погибли все три члена экипажа.

Частный борт, принадлежащий Улан-Удэнскому авиационному заводу, летел из аэропорта Восточный на аэродром Байкал. Он упал около зоны дозаправки. Предварительно, пассажиров и груза внутри не было — вертолёт просто перегоняли.","The Mi-8 helicopter crashed at the airfield in Ulan-Ude. According to our data, all three crew members died.

A private plane belonging to the Ulan-Ude Aviation Plant was flying from Vostochny airport to the Baikal airfield. He fell near the refueling area. Previously, there were no passengers and cargo inside - the helicopter was simply distilled.",,
334.0,"**Самый большой в мире цилиндрический аквариум лопнул в Берлине.

**16-метровая конструкция в пятизвёздочном отеле DomAquarée разбилась — вся солёная вода (примерно миллион литров) с полутора тысячами обитателей вытекла на улицу. Два человека пострадали, всех гостей отеля переселили.

На вызов приехали почти 100 сотрудников аварийно-спасательных служб. Почему аквариум лопнул — пока неизвестно.","The world’s largest cylindrical aquarium has burst in Berlin.

**16-meter structure in the five-star hotel DomAquarée crashed — all salt water (about a million liters) with a thousand and a half inhabitants flowed out onto the street. Two people were injured and all hotel guests were relocated.

Nearly 100 emergency responders came to the call. Why the aquarium burst is still unknown.",,
335.0,"В Киеве на станции метро ""Контрактовая площадь"" отключили свет.",In Kiev at the metro station “Kontraktovaya square” turned off the light.,,
336.0,В небе над Киевом сейчас. Что это?,In the sky over Kiev now. What is it?,,
337.0,🇺🇦🇷🇺 Серия взрывов в Киеве.,A series of explosions in Kiev.,,
338.0,🇺🇦🇷🇺 В Киевской области полиция запустила машины с громкоговорителями и призывает всех уйти в укрытия.,"  In the Kiev region, the police launched cars with loudspeakers and urged everyone to go to shelter.",,
339.0,"❗️Кадры пролёта одной из ракет над Украиной и работа ПВО.

В Харькове пропал свет, глава области подтвердил прилеты по подстанциям. Взрывы в Запорожье, Полтавской области, Днепропетровске, Кривом Роге, плюс очередная серия взрывов в Киеве.","Footage of the flight of one of the missiles over Ukraine and the work of air defense.

In Kharkiv, the light disappeared, the head of the region confirmed arrivals at substations. Explosions in Zaporozhye, Poltava region, Dnepropetrovsk, Kryvyi Rih, plus another series of explosions in Kiev.",,
340.0,"💥 **В Киеве прозвучали взрывы**. Николаевская область взрывы

Также мэр Харькова заявил о взрывах на инфраструктурных объектах.

Также сообщается о запуске 8 ракет «Калибр» с акватории чёрного моря.","There were explosions in Kiev. Nikolaev region explosions

The mayor of Kharkiv also announced explosions at infrastructure facilities.

It is also reported about the launch of 8 Kalibr missiles from the Black Sea.",,
341.0,"**Воздушная тревога объявлена на всей территории Украины**.

Источники сообщают, как минимум, о 60 ракетах запущенных стратегическими ракетоносцами Ту-95.","**Air alert declared throughout the territory of Ukraine**.

Sources report at least 60 missiles launched by strategic missile carriers Tu-95.",,
342.0,"**⚡️Генассамблея ООН приняла внесенную РФ резолюцию:

** __«Борьба с героизацией нацизма, неонацизмом и другими видами практики, которые способствуют эскалации современных форм расизма, расовой дискриминации, ксенофобии и связанной с ними нетерпимости».
__
Сообщается, что «за» проголосовали 120 стран, «против» высказались 50, «воздержались» — 10.

**Украина, Польша, Германия, Финляндия, Италия и др. страны голосовали против.**","**The UN General Assembly adopted a resolution submitted by the Russian Federation:

“Combating the glorification of Nazism, neo-Nazism and other practices that contribute to the escalation of contemporary forms of racism, racial discrimination, xenophobia and related intolerance.”
___
It is reported that 120 countries voted for, 50 voted against, 10 abstained.

**Ukraine, Poland, Germany, Finland, Italy and other countries voted against.**",,
343.0,Работа русских танкистов в бою с видом от первого лица.,The work of Russian tankers in a first-person battle.,,
344.0,"**Неадекват с ножом напал на пассажира метро в Москве**

Преступник, не стесняясь очевидцев, отобрал у жертвы мобилу. Когда же пострадавший попытался вернуть гаджет, грабитель достал нож и начал угрожать им.
Неадеквата задержали практически сразу.","Inadequate with a knife attacked a metro passenger in Moscow

The perpetrator, not shy of eyewitnesses, took the victim's mobile. When the victim tried to return the gadget, the robber took out a knife and began to threaten them.
Inadequate was detained almost immediately.",,
345.0,"В Москве родители на Wildberries заказали ребёнку игрушку, которая должна петь новогоднюю музыку, но она вдруг исполнила песню «Такого как Путин».

«Я видела его вчера в новостях. Он говорил о том, что мир на распутье. С таким, как он, легко и дома, и в гостях. И я хочу теперь такого, как Путин» – поётся в новогодней песне.","In Moscow, parents on Wildberries ordered a child toy that should sing New Year's music, but she suddenly sang the song ""Just like Putin.""

“I saw him on the news yesterday. He said the world was at a crossroads. With someone like him, it's easy at home and away. And now I want someone like Putin, he sings in the New Year song.",,
346.0,"Тут украинские журналисты рассказывают, что привязывать людей к столбу – это не варварство, а дань уважения великой украинской культуре","Here, Ukrainian journalists say that tying people to a pole is not barbarism, but a tribute to the great Ukrainian culture",,
347.0,"‼️Осуждённый напал на конвой с заточкой прямо в зале суда в Челябинской области

40-летнего Павла Волосова осудили за убийство в городе Карабаш, а когда правоохранители зашли к нему в клетку с наручниками, он выхватил заточку: один конвойный получил резаную рану головы, а его коллега — удар в шею.

Сотрудники полиции госпитализированы, один из них в тяжёлом состоянии. Нападавший тоже в больнице — в него стреляли во время задержания и ранили в правое бедро.","Convicted attacked the convoy with sharpening right in the courtroom in the Chelyabinsk region

40-year-old Pavel Volosov was convicted of murder in the city of Karabash, and when law enforcement officers went into his cage with handcuffs, he grabbed a sharpening: one convoy received a cut wound to the head, and his colleague – a blow to the neck.

Police officers were hospitalized, one of them in serious condition. The attacker is also in the hospital - he was shot during detention and wounded in the right thigh.",,
348.0,"Новогоднее чудо из Норильска: водитель автобуса выжил после жëсткого столкновения с грузовиком.

Большегруз занесло на скользкой дороге, и он кузовом влетел ровненько в кабину МАЗа. Мужчина в салоне в последнюю секунду успел увернуться от громадины. По нашим данным, он отделался лёгкими ушибами и нелёгким испугом. Водитель грузовика не пострадал.","New Year's miracle from Norilsk: a bus driver survived a violent collision with a truck.

The heavy truck drifted on a slippery road, and he flew straight into the cab of MAZ. The man in the cabin at the last second managed to dodge the giant. According to our data, he escaped with mild bruises and a hard scare. The truck driver was not injured.",,
349.0,"**😡 72-летний дед из г. Старый Оскол привязал собаку к своей шахе и хотел вывезти её в лес, мол та его порядком заебала** — это увидели сотрудники УМВД и немедленно остановили старого живодёра

Дворнягу в этот же день приютили неравнодушные","**A 72-year-old grandfather from the city. Old Oskol tied the dog to his checker and wanted to take it to the forest, they say that he fucked up in order** – this was seen by the Ministry of Internal Affairs and immediately stopped the old viper.

On the same day, they were not indifferent",,
350.0,"В Нью-Йорке разбили автомобиль жительницы Украины, нацарапали на нем буквы «Z» и украли видеорегистратор","In new York broke the car of a resident of Ukraine, scrawled on it the letters “Z” and stole the DVR",,
351.0,Неудачная попытка спасения в Бразилии.,A failed rescue attempt in Brazil.,,
352.0,"**Забайкальский казак избил украинцев за протест против РФ в Австралии. **Об этом пишут австралийские СМИ.

Вся ситуация закончилась массовой потасовкой, а самого атамана Семена Бойкова задержали и увезли в СИЗО.

Недавно он попросил российское гражданство у генконсула в Сиднее Игоря Аржанова из-за угрозы своей свободы и безопасности за пророссийскую позицию.","** Trans-Baikal Cossack beat Ukrainians for protesting against Russia in Australia **Australian media reports this.

The whole situation ended in a mass brawl, and the ataman Semyon Boykov was detained and taken to jail.

Recently, he asked for Russian citizenship from the Consul General in Sydney Igor Arzhanov because of the threat to his freedom and security for his pro-Russian position.",,
353.0,Президент Южного Судана обоссался при звуках гимна🤨,President of South Sudan pissed at the sound of the anthem,,
354.0,"Саакашвили сходит с ума в больничке, если еще не сошел с ума","Saakashvili is going crazy in the hospital, if not crazy",,
355.0,**Сваливший из Украины в Германию парень** топит за РФ.,The guy who left Ukraine for Germany is drowning for Russia.,,
356.0,"Вот в таких условиях приходится работать жителям Дальнего Востока.

До сих пор жалуешься на свою работу?","It is in such conditions that residents of the Far East have to work.

Still complaining about your job?",,
357.0,"🏠🇷🇺🇺🇦 Квартиру Зеленского в Крыму национализируют

«Из принципа именно у него заберём и кому-то подарим», — заявил глава республики Аксенов.

Он добавил, что массового характера это носить не будет. Речь идёт только о недвижимости Зеленского в посёлке Ливадия.","Zelensky’s apartment in Crimea will be nationalized

“From the principle, we will take it from him and give it to someone,” said the head of the republic Aksenov.

He added that it will not be mass-produced. We are talking only about the property Zelensky in the village of Livadia.",,
358.0,"**В Италии украинки просят прохожих помочь украинской армии

**Но люди устали от этого поэтому проходят мимо абсолютно равнодушно.","In Italy, Ukrainians ask passers-by to help the Ukrainian army

But people are tired of it, so they pass by indifferently.",,
359.0,"**Тетка из Татарстана пыталась установить связь с космосом, но вместо этого перепугала весь автобус

**Когда испуганный кондуктор попросил буйную особу покинуть салон автобуса, та потребовала избить ее.

__«Давай, пни меня в рожу! Давай, побей меня»

__**Терпеливый мужик этот кондуктор**","The aunt from Tatarstan tried to establish communication with space, but instead scared the whole bus

When the frightened conductor asked the violent woman to leave the cabin of the bus, she demanded to beat her.

Come on, kick me in the face! Come on, beat me.

Patient man this conductor",,
360.0,This channel can’t be displayed because it was used to spread pornographic content.,This channel can’t be displayed because it was used to spread pornographic content.,,
361.0,"**В Карабахе проходил митинг экоактивистов с голубем в руке, однако.. что-то с ним было не так **🥲

типичные сходки экоактивистов","**In Karabakh, there was a rally of eco-activists with a pigeon in his hand, but something was wrong with him.

grassroots",,
362.0,"18+ **В Монпелье ночью было жёстко

**Как минимум один человек серьезно пострадал в ходе столкновений футбольных фанатов во французском Монпелье","18+ In Montpellier the night was tough

At least one person was seriously injured in clashes between football fans in French Montpellier",,
363.0,"Кадры последствий утреннего обстрела Донецка. Мэр города заявил, что сегодня центр Донецка подвергся самому массированному удару с 2014 года.",Footage of the consequences of the morning shelling of Donetsk. The mayor of the city said that today the center of Donetsk suffered the most massive blow since 2014.,,
364.0,🪖  **Прилет по позиции ВСУшника под Артемовском**,"  ** Arrival at the position of VSushnik near Artemovsky**",,
365.0,"**Деду пробили дымоход, праздник больше не приходит... 🥴**","My grandfather was hit by a chimney, the holiday no longer comes.  **",,
366.0,"Байден внезапно остановился посреди выступления, повернулся спиной к слушателям и сказал: «**Не прыгайте!**».

Чертовы невидимые скачущие украинцы, опять подставили деда.","Biden suddenly stopped in the middle of the speech, turned his back on the audience and said, “Don’t jump!”

Damn invisible galloping Ukrainians, again framed grandfather.",,
367.0,Ночные столкновения между болельщиками Марокко и Франции.,Night clashes between fans of Morocco and France.,,
368.0,"""Шедевр"" современной украинской литературы. Бестселлер. Предлагаю всем западным режиссёрам уже браться за создание сценария для экранизации. Ибо это однозначно будет Оскар. 🤡",A masterpiece of modern Ukrainian literature. Bestseller. I suggest that all Western directors start to create a script for the film adaptation. It will definitely be an Oscar,,
369.0,"**В Тверском «Магните»  покупатели зарубились в кулачном бою.

**Что стало причиной конфликта - не ясно.
Но в какой-то момент один схватил бутылку и хотел ударить второго, но вмешался очевидец и в последнюю секунду выхватил опасный предмет у него из рук. После чего (тот у кого отняли бутылку) был избит","** In the Tverskoy ""Magnet"" buyers were killed in a fist fight.

**What caused the conflict is not clear.
But at some point one grabbed the bottle and wanted to hit the other, but an eyewitness intervened and at the last second snatched a dangerous object from his hand. Then he (the one who took the bottle) was beaten",,
370.0,"⚡️ Кадры взрыва и последовавшего за ним пожара на ангарском НПЗ в Иркутской области.

По предварительным данным, причиной стала загазованность систем технологической установки. Сейсмологи зафиксировали землетрясение в момент взрыва.

На данный момент известно о двух погибших и четырех пострадавших в результате взрыва. Сейчас пожар локализован на площади 2500 квадратных метров.

Возбуждено уголовное дело о нарушении требований промышленной безопасности опасных производственных объектов."," ️ Footage of the explosion and the subsequent fire at the Angara refinery in the Irkutsk region.

According to preliminary data, the cause was gassed systems of the technological installation. Seismologists recorded an earthquake at the time of the explosion.

At the moment it is known about two dead and four injured in the explosion. Now the fire is localized on an area of 2500 square meters.

A criminal case was opened on violation of industrial safety requirements of hazardous production facilities.",,
371.0,"**Сборная Франции выходит в финал ЧМ по футболу 2022.**

Сегодня они обыграли сборную Марокко со счётом 2-0.

18 декабря нас ждёт финал Аргентина-Франция","**French team reaches the final of the world Cup 2022.**

Today they beat Morocco 2-0.

On December 18, we will have the Argentina-France final",,
372.0,"**«Давай нам вальс тут станцуй ещё»

**В питерском **Колпино** сверхразум всё перепутал и вместо посыпки **солью** дорог — употребил её внутрь.","""Give us a waltz here, dance again.""

In St. Petersburg, the superintelligence confused everything and instead of sprinkling it with salt, he used it inside.",,
373.0,На этих кадрах вы видите драку киевлян за место в очереди на зарядку телефонов...,"In this footage, you see the fight of Kievans for a place in the queue to charge phones. . .",,
374.0,"ВСУшники для просмотров в тик токе продолжают приматывать своих ""побратимов"" к деревьям, которые решили ""немного выпить""","Tick current viewers continue to attach their ""sisters"" to trees that decided to ""drink a little.""",,
375.0,Да в жопу такие приколы🍓,It's such a joke,,
376.0,Илона Масколя снова хейтят 😁,"Ilona Maskol is hating again  ",,
377.0,"В Одессе **неадекват с молотком** решил отхуярить мужика, с которым не поделил дорогу, но полиция подоспела вовремя","In Odessa **inadequate with a hammer ** decided to fuck off a man with whom he did not share the road, but the police arrived in time",,
378.0,"Одесса 🇺🇦 наши дни:

__— Тепло?

— Мне ахуенно!

__Для счастья много не надо...","Odessa   these days:

___- Heat?

- Fuck me!

It doesn't take much to be happy. . .",,
379.0,"Сербские добровольцы, участвующие в СВО, показали, как живут в полевых условиях.",Serbian volunteers participating in the SVO showed how they live in the field.,,
380.0,"**Украинские ЦИПсО продолжают снимать ""мега хиты"".

**Двух сотрудников украинских спецслужб отправили в один из киевских подъездов снимать ""наркоманов в ВС РФ в белорусском Гомеле "". Шеврон надет на неправильную сторону, обувь решили оставить свою, украинского производства. Лицо актера полностью не показано, но уже по профилю видно, что он играет.

То чувство, когда украинским ЦИПсО не хватает материалов для отчетов.","** Ukrainian CIPSO continues to shoot ""mega hits"".

**Two employees of the Ukrainian special services were sent to one of the Kiev entrances to shoot ""drug addicts in the Russian Armed Forces in the Belarusian Gomel."" Chevron is on the wrong side, the shoes decided to leave their Ukrainian production. The face of the actor is not fully shown, but the profile shows that he is playing.

The feeling when the Ukrainian CIPSO lacks materials for reports.",,
381.0,**Собака офицера полиции не согласилась с выбором копа и прокусила ему руку во время задержания **🥲,Police officer's dog disagrees with cop's choice and bites his hand during detention,,
382.0,Маг воды проиграла схватку,Water magician loses fight,,
383.0,🔥🇺🇦🇷🇺 Прилет по зданию Херсонской администрации.,"  Arrival at the Kherson administration building.",,
384.0,Хватит уже мозги ебать!,Stop fucking with me!,,
385.0,Записался на этот ваш бокс,Sign up for this box of yours,,
386.0,"**Жан Клод Вандам интегрировался на Украине и выучил местную кричалку

**Жан, если тебя держат силой - моргни два раза.","Jean Claude Vandam integrated into Ukraine and learned the local chant

Jean, if you're held by force, blink twice.",,
387.0,"Ничего необычного, просто детская футболка с эмблемой СС в украинском интернет магазине","Nothing unusual, just a children's T-shirt with the SS emblem in the Ukrainian online store",,
388.0,"А что там в телевизоре?

**На «Первом канале» в прайм-тайм провели сеанс прямой связи с астральным телом инопланетянина.

**Спасибо за внимание","What's on the TV?

**On the ""First channel"" in prime time held a session of direct communication with the astral body of the alien.

** Thank you for your attention",,
389.0,"""Я расист, я казах-националист, я свою нацию уважаю""

Мужчина возмутился из-за того, что его обслуживала русская официантка и отказался оплачивать счёт.  Казах назвал сотрудницу ""свиньёй русской"" и ушел из заведения. Как оказалось, официантка даже не была русской","I am a racist, I am a Kazakh nationalist, I respect my nation.

The man was outraged that he was served by a Russian waitress and refused to pay the bill. Kazakh called the employee a “Russian pig” and left the institution. As it turned out, the waitress was not even Russian",,
390.0,Не легкие будни стримерш,It's not easy streaming,,
391.0,"**Горе-грабители

**В США бандосы пытались выломать дверь и обнести дом, но один из них нечаянно прострелил сам себе ногу.
Пришлось бежать…и не очень быстро","**Woe robbers

In the US, bandos tried to break down the door and surround the house, but one of them accidentally shot himself in the leg.
I had to run, and not very fast",,
392.0,"**Остатки одной из рванувших в Киеве ""Гераней"", надпись ""За Рязань""

**Напомним, недавно была совершена атака БПЛА на аэродром «Дягилево» в Рязанской области.","**Remains of one of the tears in Kiev ""Geranium"", the inscription ""For Ryazan""

**Recall, recently there was an attack on the UAV airfield ""Dyagilevo"" in the Ryazan region.",,
393.0,"Отправляй этот видос курящим людям, пускай уже знают, что **Курение Убивает**","Send this videos to smokers, let them know that smoking kills",,
394.0,"Провокации в Карабахе продолжаются.

Кто-нибудь объяснит им, что они не на рок концерте?","Provocations in Karabakh continue.

Will anyone explain to them that they're not at a rock concert?",,
395.0,Киев с самого утра атакуют беспилотники Герань-2,Kiev in the morning attacked drones Geran-2,,
396.0,"**Аргентина выходит в финал ЧМ по футболу 2022.
**
В сегодняшнем матче они обыграли сборную Хорватии 3:0

Месси, как обычно затащил, он забил гол и сделал 2 голевых передачи.","**Argentina advances to the 2022 World Cup final.
**
In today’s match they beat Croatia 3-0

Messi, as usual dragged, he scored a goal and made 2 assists.",,
397.0,Люся Арестович собрался праздновать победу Украины летом 2023 года.,Lyusya Arestovich was going to celebrate the victory of Ukraine in the summer of 2023.,,
398.0,"В Краснодарском крае голый гоблин навёл суету в магазине.

Усатый пёс кричал что-то непонятное, пытался устроить драку с покупателями и сломал витрину. Свои действия он объяснял тем, что «нельзя сотворить мир». В итоге шизику дали пизды за никому ненужную философию","In the Krasnodar Territory, a naked goblin made a fuss in the store.

The mustachioed dog shouted something incomprehensible, tried to arrange a fight with customers and broke the window. He explained his actions by saying that “the world cannot be created.” As a result, the schizoid was given cunts for an unnecessary philosophy",,
399.0,"🤡 В Краснодарском крае женщина заметила рекламный баннер про замену пола и жестко высказалась об этом

к слову это реклама смены полов в квартире...","  In the Krasnodar Territory, a woman noticed an advertising banner about gender replacement and spoke harshly about it

By the way, this is an advertisement for changing the sexes in the apartment. . .",,
400.0,"**Слабоумие и отвага догнала велосипедиста, решившего переехать через переправу **🥲",Dementia and courage caught up with a cyclist who decided to move over the crossing **ши,,
401.0,"**Тем временем в Якутске ебануло -70 градусов.

**Пожалуй у нас всё таки неплохая погода по сравнению с Якутском","**Meanwhile, in Yakutsk, the fuck is -70 degrees.

**I think the weather is good compared to Yakutsk",,
402.0,Типичный риэлтор из Украины,A typical realtor from Ukraine,,
403.0,Два раза в день это упражнение делай спина болеть не будет,Twice a day this exercise does not hurt your back,,
404.0,"🇰🇿 «Мне стыдно, что Казахстан занимает такую нейтральную позицию»

Казах задается вопросом: а почему? Ведь когда в его стране происходили конфликты и ЧП, на помощь приходили войска ОДКБ. А сейчас во время украинского конфликта Казахстан не помогает России.

📝 «Мы не должны сидеть и отмалчиваться. У меня родственники по всей России, друзья, служаки, как я им в глаза буду смотреть?», – недоумевает казах.","  I am ashamed that Kazakhstan has taken such a neutral position.

Kazak asks: why? After all, when conflicts and emergencies occurred in his country, CSTO troops came to the rescue. And now, during the Ukrainian conflict, Kazakhstan is not helping Russia.

  “We must not sit and be silent. I have relatives all over Russia, friends, servants, how will I look them in the eye.",,
405.0,"Кусок железа за 5000 гривен

Война войной, но своих же обувать не забывай. Предприимчивые украинцы продают куски металла, якобы с Азовстали. Цена 5-9к гривен.","A piece of iron for 5,000 hryvnia

War is war, but do not forget to wear your own shoes. Enterprising Ukrainians sell pieces of metal, allegedly from Azovstal. The price is 5-9K.",,
406.0,😄** В Красноярске на площадках для выгула собак появились примечательные урны.**," ** In Krasnoyarsk, remarkable urns appeared on dog walking grounds.**",,
407.0,Ваша посылка немного задерживается,Your package is a little late,,
408.0,"**🇷🇺****Российский миротворец своим молчанием вывел из себя репортера-провокатора из Азербайджана.

**Репортер в наглой форме пытался спровоцировать миротворца РФ, но стойкость и спокойствие нашего солдата не позволило ему вывести его на эмоции.

Бунтари требуют остановить якобы незаконную эксплуатацию  месторождений на территории Карабаха.

Как вы считаете правильно ли реагирует наш миротворец на выпадки провокатора

👍 – Молодец, не поддался на провокацию

👎 – Надо было ответить наглецу

🔥 – Российские миротворцы залог спокойствия в регионе.


[**Не ZабыVай**](https://t.me/ne_zabivai) — Парень большой молодец, держался как настоящий мужчина и не повелся на провокацию.","**от**** A Russian peacemaker has silenced a provocateur reporter from Azerbaijan.

The reporter in brazen form tried to provoke the Russian peacemaker, but the steadfastness and calm of our soldier did not allow him to bring him to emotions.

The rebels demand to stop the allegedly illegal exploitation of deposits on the territory of Karabakh.

How do you think our peacekeepers react to the attacks of the provocateur?

Well done, I didn’t give in to provocation.

  - I should've taken it boldly.

Russian peacekeepers guarantee calm in the region.


(https://t.me/ne_zabivai) - The guy was very good, he held on like a real man and did not fall for provocation.",,
409.0,"Дубайцам уже настолько скучно, что они имитируют падение метеоритов на город.",Dubaiers are already so bored that they simulate the fall of meteorites on the city.,,
410.0,"Воздушная тревога объявлена по всей территории Украины, в том числе в Киеве.","The air alert was declared throughout Ukraine, including in Kiev.",,
411.0,"Взрыв на уроке химии отправил троих учеников из школы под Красноярском к врачу

Преподаватель и директор школы в селе Малый Имыш Михаил Помогаев хотел показать ученикам «настоящую науку», но переборщил с реактивами. Активное выделение водорода привело к взрыву.

Девять учеников отравились реагентами и трое попали к врачу. Помогаева оштрафовали на 10 тысяч рублей и отстранили от занятий, за то, что опыт проводился без масок и с нарушениями норм безопасности.","Explosion in chemistry class sent three students from school near Krasnoyarsk to the doctor

The teacher and director of the school in the village of Maly Imysh Mikhail Helpaev wanted to show the students “real science”, but overdosed with reagents. Active release of hydrogen led to the explosion.

Nine students were poisoned by reagents and three went to the doctor. Helpaev was fined 10 thousand rubles and suspended from training, for the fact that the experience was conducted without masks and with violations of safety standards.",,
412.0,"Сотрудники полиций остановили водителя Сармат мобиля, который перевозил ракету и намеревался запустить её по Вашингтону.","Police officers stopped the driver of the Sarmat mobile, who was carrying a missile and intended to launch it into Washington.",,
413.0,"🥳 Именинница была настолько рада торту и зажженными свечами, что не заметила, как спалила себе волосы","  The birthday girl was so happy with the cake and lighted candles that she did not notice how she burned her hair",,
414.0,"Избавиться от мандавошек очень просто, надо просто…","Getting rid of the crabs is very simple, you just need to..",,
415.0,"Продолжаем следить за ночной жизнью Краснодара.

Толстяк получает от Рашида, кого-то пырнули ножом, Наташки дерутся за внимание и т.д.","We continue to monitor the nightlife of Krasnodar.

Fat guy gets from Rashid, someone stabbed, Natasha fights for attention, etc.",,
416.0,"🤬 **В Новосибирске живодер сбросил с 17 этажа маленькую таксу, потому что она громко выла** — позже мудила спустился и унес тело собачки за шкирку","  ** In Novosibirsk, the squirrel dropped a small dachshund from the 17th floor because it was howling loudly** - later the squirrel came down and carried the dog's body by the neck",,
417.0,"Ты чо, самый умный?!",Are you the smartest?!,,
418.0,1-1 получается,1-1 gets it,,
419.0,В Стерлитамаке зумеры сделали горку из крыши подземной парковки,"In Sterlitamak, buzzers made a slide from the roof of an underground parking lot",,
420.0,"**Шоколадка думала, что такое прокатит и ее отпустят? **🫣",**Chocolate word that tacoes prokatite and is loose? **,,
421.0,"😱 **Это Джавал Кайба — 19-ЛЕТНИЙ ПАЦАН, являющийся капитаном МОЛОДЕЖНОЙ КОМАНДЫ Камеруна

**он просто прочитал все новости за 2022 год 👍","Jawal Kaiba is a 19-year-old boy who is the captain of the Cameroon Youth Team.

He just read all the news for 2022",,
422.0,Парочка бойцов ВСУ слишком сладко дунули. Щас наверное метелят сухпайки  в плену,A couple of APU fighters blew too sweetly. They're probably blazing in captivity,,
423.0,"2015 год. Речь ныне главного патриота Украины🤡
Интернет помнит все.","2015. Speech of the main patriot of Ukraine
The Internet remembers everything.",,
424.0,"Не баян, а нестареющая классика от Люськи Арестовича","Not a Bayan, but an ageless classic from Luca Arestovich",,
425.0,"🇷🇸 **В Белграде массовые протесты

**Сербы вышли на улицы, требуя восстановления резолюции СБ ООН 1244.

__«Косово – это Сербия».__","е ** Massive protests in Belgrade

Serbs took to the streets demanding the restoration of UN Security Council Resolution 1244.

""Kosovo is Serbia.""",,
426.0,"**Горит ""Пункт незламностi"" в Печерском районе Киева.**","** Burning ""Puncture of non-malignancy"" in the Pechersk district of Kiev.**",,
427.0,"Горит жилой дом в Донецке.
Обстрелы города продолжаются.😡","A residential building in Donetsk is burning.
The shelling of the city continues.  ",,
428.0,На Украине военный спрыгнул с крыши и погиб,"In Ukraine, the military jumped from the roof and died",,
429.0,"В Одессе сходить в супермаркет можно только в сопровождении охранника, в свете фонаря и при расчете только за наличные.

**Видимо уже были преценденты ?**","In Odessa, you can go to the supermarket only accompanied by a security guard, in the light of a lamp and when calculating only for cash.

Have there been any precedents yet",,
430.0,"**В Кирове местные бандиты, избили деда с тростью

**Якобы это не дед, алкаш и он не уступил им дорогу. Мрази залили деда перцовкой, а затем атаковали.","In Kirov, local bandits beat grandfather with a cane

He's not a drunkard and he didn't give way. The scoundrels peppered his grandfather and then attacked.",,
431.0,"**День прошёл не без махыча

В распределительном центре Ozon мигранты после окончания рабочей смены устроили массовую драку.

Очевидцы сообщают, что работяги не поделили выход.**","It's been a long day.

In the distribution center Ozon migrants after the end of the shift staged a mass brawl.

Eyewitnesses reported that the workers did not share the exit.**",,
432.0,"😳 Швейцарский футбольный клуб «Тоссфельд» заказал у двух художниц разрисовать клубную раздевалку — цена вопроса 1.85 млн рублей

результат убил","Swiss football club “Tossfeld” ordered two artists to paint the club locker room – the question price is 1.85 million rubles

result",,
433.0,"__""То чувство, когда при штурме вам дали пизды, а комбату похуй, он говорит, что сегодня повторный штурм.""__","""The feeling when you were given cunts in the assault and the commander gives a fuck, he says today is another assault.""",,
434.0,"**Одесситы заряжают телефоны в одном из супермаркетов города

**В Одесской области сейчас самая сложная ситуация с электроснабжением.","**Odessites charge phones in one of the city's supermarkets

**In the Odessa region is the most difficult situation with electricity supply.",,
435.0,"Кадры работы бойцов подразделений ВС РФ тяжелой огнеметной системой ""Солнцепёк"" по укрепрайону ВСУ в Артёмовске.","Footage of the work of soldiers of the Armed Forces of the Russian Federation with the heavy flamethrower system ""Solncepek"" in the fortified area of the APU in Artyomovsk.",,
436.0,"Новая партия ВСУшников сдалась  ""вагнеровцам""",The new party of VSushnikov surrendered to the “Wagnerians”,,
437.0,"В Омске какой-то пьяный Вин Дизель пытался уехать от копов, снес забор и проехался по детской площадке, где и застрял","In Omsk, some drunk Vin Diesel tried to leave the cops, demolished the fence and drove through the playground, where he got stuck",,
438.0,"В одной из московских школ «цыган» доебался до патлача из-за внешнего вида.

Полиция моды","In one of the Moscow schools, the “gypsy” got fucked up to the patch because of the appearance.

Fashion police",,
439.0,"📃 **12 декабря - День Конституции России

**Главный закон страны, по** которому живет наша страна, празднует 29 лет.

Ставьте 👍, если читали Конституцию России!

**[ИВЛ — История, Время, Люди](https://t.me/news24topic)","  ** December 12 - Constitution Day of Russia

The main law of the country, according to which our country lives, celebrates 29 years.

If you have read the Russian Constitution!

** [History, Time, People] (https://t.me/news24topic)",,
440.0,Как приготовить омлет без сковороды в домашних условиях,How to cook an omelet without a pan at home,,
441.0,Донбасс. Кадры работы американских РСЗО Химарс,Donbass. Staff of the American MLRS Himars,,
442.0,"Жительнице Нижнего Тагила так надоели шумные соседи, что она в 2 часа ночи залила монтажной пеной их дверь.

Женщина обработала пеной дверь по периметру, а также личинку замка. Из-за этого хозяева не смогли выйти утром из квартиры","A resident of Nizhny Tagil was so tired of the noisy neighbors that she at 2 a.m. filled their door with mounting foam.

The woman treated the door around the perimeter with foam, as well as the larva of the castle. Because of this, the owners could not leave the apartment in the morning",,
443.0,"🤬 **В Питере 30-летний мудак попытался выстрелить в девушку за баром, а потом жестоко избил ее **— это связано с тем, что гоблину не понравилось поведение сотрудницы заведения

В руках у него был травмат, из которого он пытался выстрелить — благо, пистолет дал осечку","In St. Petersburg, a 30-year-old asshole tried to shoot a girl behind a bar, and then brutally beat her ** - this is due to the fact that the goblin did not like the behavior of an employee of the institution

In his hands he had an injury, from which he tried to shoot - good, the gun misfired",,
444.0,"**После указа Зеленского в православных храмах требуют, вместо молитв, прихожанам петь - гимн Украины.**","**After the decree Zelensky in Orthodox churches require, instead of prayers, parishioners to sing - the anthem of Ukraine.**",,
445.0,"🤡🇺🇦**Киевляне бьют морды друг другу

**Украинцы что-то не поделили на дороге и устроили эпичный махач."," **Kievites beat each other's faces

The Ukrainians did not share something on the road and staged an epic makhach.",,
446.0,"Ничего необычного, просто москвичи сегодня утром добираются до станции.","Nothing unusual, just Muscovites this morning get to the station.",,
447.0,"Выдала базу

И в чем она не права?","Issued the base

What is she wrong about?",,
448.0,"Новый день — новый пожар в ТЦ. В Балашихе горит торговый центр «СтройПарк» на Пригородной улице.

Персонал эвакуируют, на месте работают пожарные. Пострадавших нет.","New day - a new fire in the shopping center. In Balashikha, the StroyPark shopping center on Prigorodnaya Street burns.

Staff are being evacuated, firefighters are working at the scene. No casualties.",,
449.0,"**Боевики ВСУ угрожают Зеленскому военным переворотом!

**Солдаты ВСУ записали видео, где наглядно показали условия, в которых им приходиться находиться...

Кроме традиционного возмущения отмечаем новую тенденцию - боевики прямо угрожают Зеленскому военным переворотом!","**Fighters of the Ukrainian Armed Forces threaten Zelensky with a military coup!

**Soldiers of the Armed Forces recorded a video, which clearly showed the conditions in which they have to be. . .

In addition to the traditional indignation, we note a new trend - militants directly threaten Zelensky with a military coup!",,
450.0,Мирный пёсик поигрался с Теслой,Peace dog played with Tesla,,
451.0,"В Германии экоактивиста, который приклеил себя к дороге, пришлось «освобождать» вместе с асфальтом

Придурок приклеил себя намертво","In Germany, an eco-activist who glued himself to the road had to be “liberated” along with the asphalt.

The idiot glued himself dead",,
452.0,"Украинские интернет-магазины предлагают нанесение на одежду картинки: Русский ребенок на завтрак!

Думали, что достигли дна, но снизу опять постучали!","Ukrainian online stores offer putting pictures on clothes: Russian baby for breakfast!

They thought they had reached the bottom, but they knocked again from below!",,
453.0,🇷🇺🇺🇦 Российский дрон сбрасывает гранату в печную трубу украинским военнослужащим.,A Russian drone drops a grenade into a stove pipe for Ukrainian servicemen.,,
454.0,"**Как выглядит ночная жизнь в Краснодаре:

**— Негр сначала запикапил Наташек, а после получил пизды от бородача;

— Какая-то деваха дала пизды другому бородачу;

— Через дорогу армянин вырубил русского парня","**What does nightlife look like in Krasnodar:

**- The Negro first clapped Nataszek, and then received cunts from a beard;

- Some girl gave cunts to another beard.

- Across the street, an Armenian knocked out a Russian boy",,
455.0,"28-летняя жительница Эквадора умерла в спортзале **во время приседаний**.

ЗОЖники, какие оправдания?","A 28-year-old Ecuadorian woman died in a gym while squatting.

What excuses are there?",,
456.0,Ему просто было охота суету навести,He just wanted to make a fuss,,
457.0,"**В Донецке снова серия прилётов ""ГРАДа"".

** ВСУшники бьют по городу с позиций в н.п. Тоненькое. Столица ДНР в огне. Информация о пострадавших уточняется.","**In Donetsk again a series of arrivals ""GRAD"".

** AFBs are hitting the city from positions in N.P. It's thin. The DPR capital is on fire. Information about the victims is being clarified.",,
458.0,"Секаса с 5 утра до 7 утра в тракторе, там теплее 🤡","Sekasa from 5am to 7am in tractor, warmer there е",,
459.0,**Этот бешеный чувак выиграл номинацию «Лучший BMX-трюк»** на Nitro World Games 2022.,This crazy dude won the Best BMX Trick nomination at Nitro World Games 2022.,,
460.0,"В аэропорту Шереметьево ложно сработала пожарная сигнализация, и в терминале В произошёл мощный потоп

Очевидцы также сообщают об обвале некоторых перекрытий.","At Sheremetyevo airport, a fire alarm falsely went off, and a powerful flood occurred in Terminal B.

Eyewitnesses also report the collapse of some ceilings.",,
461.0,"**Неадекват избил девушку из-за парковочного места

**Житель Тулы перегородил парковочное место и упорно мешал автоледи поставить автомобиль. В итоге, чуть не оказавшись под колёсами, он всё-таки отошёл.
Нахал начал ругаться, а затем и вовсе дождался, пока девушка выйдет из автомобиля, и атаковал ее. В ответ получив пощёчину, псих слетел с катушек и принялся бить девушку головой об крышу машины, внутри которой находился ребёнок девушки.

Разнял дерущихся случайный прохожий.","Inadequately beat the girl because of the parking space

**A resident of Tula blocked the parking space and stubbornly prevented the motorist from delivering the car. In the end, almost under the wheels, he still moved away.
Nahaal began to swear, and then completely waited for the girl to get out of the car, and attacked her. In response, having received a slap, the psycho went off the rails and began to hit the girl with his head on the roof of the car, inside which was the girl’s child.

A random passerby separated the fighting.",,
462.0,"**Страшная жизнь в глубинке 🤯

**Верите этой девушке?
Врёт и хайпит - ❤️
Реально живет так - 💩","Terrible life in the outback ш

Do you believe this girl?
Lying and hiping -  ️
It really lives like this",,
463.0,"**«Ё-моё, столько мандаринов. Ребята, приезжаем на трассу М-5, мандаринами закупаемся».

**В Челябинской области перевернулся грузовик с цитрусами. Фура везла фрукты и опрокинулась после ДТП на трассе М-5. Предварительно, 28-летний водитель грузовика Volvo не держал дистанцию и въехал в стоящий на дороге Камаз.","Oh, my God, so many tangerines. Guys, we come to the M-5, we buy tangerines.”

**In the Chelyabinsk region overturned truck with citrus. The truck was carrying fruit and capsized after an accident on the M-5 highway. Previously, the 28-year-old driver of a Volvo truck did not keep a distance and drove into Kamaz standing on the road.",,
464.0,"**Случилась зрада

**ВСУшник заявил, что говорит и будет говорить по-русски.
Реакция комментаторов очевидна.","There's a twilight.

**VSushnik says he speaks and will speak Russian.
The reaction of the commentators is obvious.",,
465.0,"Арта «Пятнашки» в действии!
Уничтожение склада БК на позициях противника.
@ttambyl
Видео от позывного «Сейн»

👍 __- если поддерживаете наших военных
__❤️__ - если переживаете за наших ребят__","Art ""Fitches"" in action!
Destruction of the BK warehouse in enemy positions.
@tttambyl
Video from ""Sein"" call sign

If you support our military,
_______________________________________________________________________________________________________________________________________________________________________________________________________________________________________________________________",,
466.0,🇷🇺🇺🇦 Бахмутская рубка. Ох уж этот холодильник.,"Bakhmut felling. Oh, that fridge.",,
467.0,Московский общественный транспорт просто прекрасен: таджик выебал этиловую толстуху и лёг с ней спать.,Moscow public transport is simply beautiful: a Tajik fucked an ethyl fat woman and went to bed with her.,,
468.0,"**Мирно не получилось

**Этой ночью болельщики сборной Марокко устроили погром в Париже в честь прохода команды в полуфинал чемпионата мира по футболу.

Напоминаем в полуфиналах **Хорватия сыграет с Аргентиной**, **Франция с Марокко.**","It didn't work out peacefully.

** Tonight, fans of the Moroccan national team staged a pogrom in Paris in honor of the passage of the team to the semifinals of the World Cup.

We remind you in the semifinals **Croatia will play Argentina**, **France with Morocco.**",,
469.0,"‼️🇺🇦🏴‍☠️Украинцы в Херсоне уничтожают имущество людей, обвиненных в сотрудничестве с Россией.",Ukrainians in Kherson destroy property of people accused of cooperation with Russia.,,
470.0,"**«Ты че пидорас чтоли?»**

В московском метро небезучастный мужик щеманул бабоподобного типа","""Are you a faggot?""

In the Moscow subway, a not indifferent man slapped a grandmother-like type",,
471.0,"Аварийная посадка Су-25 с убранным шасси

Пилот не стал эвакуироваться и показал настоящий профессионализм.","Emergency landing of the Su-25 with retracted chassis

The pilot did not evacuate and showed real professionalism.",,
472.0,Было очень незаметно.,It was very discreet.,,
473.0,"Разборки в Индии👊🏻

Поверил в себя и вышел необычным способом разобраться на улицу🤔","Disassembly in Indiaки️

I believed in myself and came out in an unusual way to understand the street",,
474.0,"Как же приятно смотреть, когда кто-то доебывается и ему разносят ебало.",It's so nice to watch someone get fucked and fucked.,,
475.0,"😍** МАРОККО ОБЫГРЫВАЕТ ПОРТУГАЛИЮ И ВЫХОДИТ В ПОЛУФИНАЛ

РОНАЛДУ ЕДЕТ ДОМОЙ 🤯**"," MAROKO GUYS PORTUGUESE AND IN POLLUMINATION

♪ ♪",,
476.0,"**В Питере педофил засосал восьмилетнюю девочку в губы и сбежал.**

Мать ребенка написала заяву, так что любителя острых ощущений теперь ищут.","In St. Petersburg, a pedophile sucked an eight-year-old girl into the lips and escaped.

The child's mother wrote a statement, so the thrill-seeker is now being sought.",,
477.0,"В Югре малолетки устроили вписку у одной из них, но внезапно пришли родители, и школьники решили ретироваться. Одна из девочек спрыгнула неудачно и, в результате, сломала обе руки и пробила голову","In Ugra, minors arranged a copy of one of them, but suddenly parents came, and the schoolchildren decided to retreat. One of the girls jumped unsuccessfully and, as a result, broke both arms and pierced the head",,
478.0,Муж футбольный фанат — горе в семье,Husband football fan - grief in the family,,
479.0,"🎄 Когда друзья не пригласили на Новый год, потому что у них нет свободных мест:","  When friends weren't invited to New Year's Eve because they don't have seats available:",,
480.0,"Нет, это не помойка. Просто склад Wildberries с заказами клиентов в подмосковной деревне Коледино.

Ждёшь свою посылочку?","No, it's not a dumpster. Just a warehouse Wildberries with customer orders in the suburban village of Koledino.

Waiting for your package?",,
481.0,"**— Я не заснял, нужен повтор!

— Они, видишь, не засняли, нужно въ*бать тебе ещё раз.

**Это слова учеников 122-й школы в Перми, которые избили, а потом заставили извиняться на коленях новенькую одноклассницу.

Девочку поймали после уроков возле пятиэтажки на улице Льва Толстого. Окружили и предъявили за переписку с парнем одной из восьмиклашек. Ну а потом начали издеваться. Пока толпа улюлюкала и смеялась, приревновавшая пацанесса нанесла несколько ударов и поставила испугавшуюся ровесницу на колени.","**- I didn't, I need a replay!

- You see, they didn't film it, so we need to fuck you again.

**These are the words of the students of the 122nd school in Perm, who beat and then forced a new classmate to apologize on her lap.

The girl was caught after lessons near a five-story street on Leo Tolstoy. Surrounded and charged for correspondence with a guy one of the eight-graders. And then they started mocking me. While the crowd slugged and laughed, the jealous kid inflicted several blows and put the frightened peer on her knees.",,
482.0,"В кадр немецкого телеканала Welt в Москве попал мужчина, который решил поделиться своим мнением по поводу всего происходящего в последнее время.

**__«– Фашисты! Мы вас будем вот так…
– Это человек только что назвал нас немецкими фашистами.»__**","In the frame of the German TV channel Welt in Moscow got a man who decided to share his opinion on everything that is happening recently.

**_____ Fascists! We'll be you like this.
- This man just called us German fascists",,
483.0,"Не на того напал, пездюк","You attacked the wrong guy, you prick",,
484.0,"**Китаянка жестко уложила мужика.

**Азиаты под градусом не смогли решить спор, в который вмешалась девушку и ушатала одного из оппонентов.","A Chinese woman put a man down hard.

** Asians were unable to resolve the dispute, in which the girl intervened and weakened one of the opponents.",,
485.0,"**Пеле из цветных зеркал** — самый необычный футбольный наряд придумал болельщик сборной Бразилии

Но это не помогло его команде одолеть хорватов, которые вчера вышли в полуфинал.","**Pele from colored mirrors** - the most unusual football outfit invented by a fan of the Brazilian national team

But it didn't help his team beat the Croats, who reached the semifinals yesterday.",,
486.0,«Сарматмобиль»,Sarmatmobile,,
487.0,Когда мозг не функционирует,When the brain is not functioning,,
488.0,"**Кстати, сегодня – Всемирный день футбола!

**Поздравь друга, который футболист🤭","Today is World Football Day!

Congratulations to a friend who is a footballer",,
489.0,"В Барнауле прохожая девушка в последнюю секунду спасла ребёнка от страшной смерти.

Проезжающий мимо водитель был потрясён поступком барышни и крикнул ей: «Девушка, молодец!».","In Barnaul, a passer-by girl in the last second saved a child from a terrible death.

Passing by the driver was shocked by the action of the lady and shouted to her: “Girl, well done!”.",,
490.0,"Во время матча между Нидерландами и Аргентиной прямо на стадионе скончался американский журналист CBS Sports Грант Уол.

Мужчина потерял сознание в пресс-центре, когда в игре шло  дополнительное время. Местные врачи пытались его откачать, но в итоге американец умер из-за остановки сердца. Спустя пару часов его брат выложил в соцсети видео, на котором заявил, что Грант Уол... был убит.

В начале чемпионата 48-летний Грант прославился тем, что стюарды не пустили его на игру между командами США и Уэльса **из-за его футболки с цветами радуги**. После этого журналист начал получать угрозы","During a match between the Netherlands and Argentina, CBS Sports journalist Grant Wahl died in the stadium.

The man lost consciousness in the press center as extra time went on in the game. Local doctors tried to pump him out, but the American eventually died of cardiac arrest. A couple of hours later, his brother posted a video on the social network in which he stated that Grant Wall... was killed.

At the beginning of the championship, the 48-year-old Grant became famous for the fact that the stewards did not allow him to play between the US and Wales teams ** because of his shirt with the colors of the rainbow**. After that, the journalist began to receive threats",,
491.0,Не вовремя выскочил на сцену.,I didn't get on stage in time.,,
492.0,"❗️**Обнаружены тела мирных жителей, утопленных в хранилищах с бензином

**🔞Видео содержит тяжелые кадры. Предположительно, снято в сентябре.

Украинские националисты топили людей в резервуарах с бензином на заправке у села Сиротино.

На телах видны следы насильственной смерти: руки связаны за спиной, на головах — пакеты.

**Взятый российской армией опорный пункт, судя по граффити на стене, принадлежал неонацистам из «Правого сектора*****».**","пл️**Discovered bodies of civilians drowned in petrol storage

**The video contains heavy footage. Presumably filmed Sept.

Ukrainian nationalists drowned people in tanks with gasoline at a gas station near the village of Sirotino.

The bodies show signs of violent death: hands tied behind their backs, bags on their heads.

The stronghold taken by the Russian army, judging by the graffiti on the wall, belonged to neo-Nazis from the Right Sector*****",,
493.0,"Здравствуйте, я записывался на стрижку","Hi, I signed up for a haircut",,
494.0,"**Этому поколению пиздец, давайте следующее...

**😡 В Уссурийске какая-то ауешная школота решила щемануть пацана и отобрать мобилу","This generation is fucked, let's do this. . .

**  In Ussuriysk, some auish schoolboy decided to crush the boy and take away the mobile",,
495.0,"Всушники продолжают устраивать самосуд. Теперь к столбам привязывают, якобы коллаборантов.","The earbuds are still lynching. Now they are tied to the poles, allegedly collaborators.",,
496.0,"**Неадекватный зумер кошмарит культурную столицу

**В Питере объявился 17-летний провокатор, который сознательно толкает прохожих плечом, а потом со словами ""ты типо че широкий?"" избивает их.
Все свои действия он выкладывать в интернет.

Местные сообщают, что он 5 лет занимается смешанными боями и ему все равно кого толкать.

Стоит ответственным органам обратить внимание на зумера и объяснить правила поведения в обществе.","Inadequate buzzer nightmares cultural capital

In St. Petersburg, a 17-year-old provocateur appeared, who deliberately pushes passers-by with his shoulder, and then with the words ""Are you so wide?"" beats them.
He puts all his actions on the Internet.

Locals report that he has been engaged in mixed fights for 5 years and does not care who to push.

It is worth the responsible authorities to pay attention to the buzzer and explain the rules of behavior in society.",,
497.0,Удачно приземлился,Good landing,,
498.0,**Киберпанк: начало.**,Cyberpank: start,,
499.0,**Атмосфера в московском метрополитене: **💩,**Atmosphere in the Moscow Metro: **не,,
500.0,"В Самаре в местном ТЦ устроили выставку боевых трофеев, которые забрали у ВСУ","In Samara in the local shopping center organized an exhibition of war trophies, which were taken from the APU",,
501.0,"**А вот всё, что осталось от сгоревшего сегодня в Химках магазина OBI.
**
Сообщается, что последняя проверка пожарной безопасности в здании, проведённая около двух недель назад, прошла без нареканий.

Однако, возможно, датчики дыма и автоматическая система пожаротушения были отключены в ручном режиме для проведения строительных работ. Именно поэтому возгорание заметили довольно поздно, а потом ещё пытались тушить огонь самостоятельно, не вызывая МЧС.","**And here's what's left of the burnt-out OBI store in Khimki today.
**
It is reported that the last fire safety check in the building, conducted about two weeks ago, passed without complaints.

However, it is possible that smoke sensors and an automatic fire extinguishing system have been disabled manually for construction work. That is why the fire was noticed quite late, and then they tried to extinguish the fire on their own without causing the Emergencies Ministry.",,
502.0,"**Не перевелись еще ""ни в кого никогда не стрелявшие"" повара в ВСУ.**","**Not yet transferred ""never shot anyone"" cooks in the APU.**",,
503.0,"Цитаты из** **выступления Путина**:

▪️Договариваться придётся;

**▪️ РФ должна была раньше начинать операцию на Украине, но рассчитывала договориться в рамках ""Минска-2"";

▪️Речи о дополнительной мобилизации **сейчас нет;

**▪️**Верить никому нельзя, только мне можно** — Путин на вопрос о том, верить ли военкорам или Минобороны РФ;

▪️Илья Яшин это кто такой?

▪️ Когда нам предрекали спад экономики на 20% — сильно ошиблись. Спад есть, но он всего около 2%;

▪️ Ситуация у нас устойчивая, безработица ниже, чем в других странах — это результат силы нашей экономики и мер, которые мы принимаем;

▪️ Комментарий на вопрос о том, не кажется ли ему **срок в 8,5 лет по статье о фейках про ВС РФ «чересчур»:

**__«Если кажется — креститься надо»__","Quotes from Putin's** speech:

♦ You have to negotiate.

** Russia was supposed to start an operation in Ukraine earlier, but expected to reach an agreement within the framework of Minsk-2;

There is no talk of additional mobilization now.

**No one can be trusted, only I can** — Putin on the question of whether to trust the military or the Ministry of Defense of the Russian Federation;

Who is Ilya Yashin?

▪️ When they predicted a 20 percent decline in the economy, they were wrong. There is a decline, but it is only about 2%;

▪️ Our situation is stable, unemployment is lower than in other countries – this is the result of the strength of our economy and the measures we are taking.

▪️ Comment on the question of whether he does not think ** the term of 8.5 years under the article about fakes about the Russian Armed Forces ""too much"":

“If you think you should be baptized.”",,
504.0,"**В **Киеве украинцы уже **образовали очередь за новой маркой от ""Укрпочты"" 🤡

**Вчера гендиректор Игорь Смилянский заявил, что сегодня стартует продажа марки ""Херсон - это Украина"", посвященной «освобождению города»

С самого утра людей пускают в отделение по спискам, в которые предварительно нужно внести свои инициалы.","**In Kiev, Ukrainians have already formed a queue for a new stamp from Ukrposhta

**Yesterday, General Director Igor Smilyansky said that today the sale of the brand “Kherson is Ukraine” dedicated to the “liberation of the city” will begin.

In the morning, people are allowed to the department on lists, in which you first need to enter your initials.",,
505.0,"🇰🇿🇷🇺**Казахский националист угрожает России

**Некий Арман Шураев в обращении к послу РФ в Казахстане заявил ""__Не дай Бог, вы еще решите зайти к нам. Вся казахстанская степь будет усыпана трупами ваших мобиков__"".","Kazakh nationalist threatens Russia

** A certain Arman Shuraev, in an address to the Russian ambassador to Kazakhstan, said: God forbid, you will decide to come to us. The whole Kazakh steppe will be strewn with the corpses of your mobikov.",,
506.0,Жесть,Toughness,,
507.0,Украинцы снова нанесли террористический удар из «Града» по центру Донецка...,Ukrainians again launched a terrorist strike from Grad in the center of Donetsk. .,,
508.0,"😳 Обезьянка стащила шмотки у посетителя зоопарка

Николаич сегодня примоднённый внатуре 👍","¶ Monkey steals clothes from zoo visitor

Nikolayich today is fashionable in nature 🙂",,
509.0,Высший эльф из Украины слово молвит 😁,"The highest elf from Ukraine the word says  ",,
510.0,Ничего необычного. Просто Украина🇺🇦 готовится к Новому году.,Nothing unusual. Ukraine is preparing for the New Year.,,
511.0,В Днепре немного скользко,The Dnieper is a little slippery,,
512.0,"Украинская __бешенка__ выразила благодарность за гостеприимство Польши — придя в банк Перемышля с ножом, приставив нож к горлу сотрудницы и потребовав деньги.

Но боевая бабуля с клюкой огрела по спине ""дорогую гостью"", которую затем скрутил охранник.","Ukrainian ___beshenka__ expressed gratitude for the hospitality of Poland – came to the bank Przemyslä with a knife, putting a knife to the throat of the employee and demanding money.

But the combat granny with a cranberry warmed the ""dear guest"" on the back, which was then twisted by a security guard.",,
513.0,"**Замес с копом

**Нарушитель явно не хотел быть задержанным и напал на полицейского.
Но не фартануло.

Дело было в американском штате Аризона","**Back with a cop.

The offender clearly did not want to be detained and attacked a police officer.
But it didn't.

The case was in the U.S. state of Arizona",,
514.0,"Масштаб пожара в ТЦ Мега-Химки.

Охранник погиб во время пожара в гипермаркете OBI.","The scale of the fire in the shopping center Mega-Khimki.

A security guard died in a fire at an OBI hypermarket.",,
515.0,"🧯**В Москве на Ленинградском шоссе горит ТЦ «МЕГА Химки»
**
▪️Пожар охватил 18000 кв. метров;

▪️Информации о пострадавших пока не поступало.

По нашим данным, одна из возможных версий причин пожара в Мега-Химки — поджог."," ** In Moscow on the Leningrad highway burning shopping center ""MEGA Khimki""
**
The fire covered 18,000 square meters;

Information about the victims has not yet been received.

According to our data, one of the possible versions of the causes of the fire in Mega-Khimki is arson.",,
516.0,"В Одессе🇺🇦 люди перекрыли дорогу из-за отсутствия света в течении 5 суток. По их словам, вся причина с сгоревшем щитовом кабеле, но на вызов постоянно приезжает пьяный электрик 😁","In Odessa, people blocked the road due to lack of light for 5 days. According to them, the whole reason is with a burned shield cable, but a drunk electrician constantly comes to the call",,
517.0,"**Харьковская девушка прошлась по репрессивной машине киевского режима:

**__""Меня добавили на Миротворец за то, что я сравнила посёлок в Харьковской и Белгородской областях"".

__Ранее Катя действительно сравнила два посёлка и пришла к неутешительному выводу, что посёлки в России благоустроены намного лучше, чем на Украине.","Kharkiv girl walked through the repressive machine of the Kiev regime:

I was added to the Peacekeeper for comparing the settlement in Kharkiv and Belgorod regions.

Earlier, Katya really compared the two villages and came to the disappointing conclusion that the settlements in Russia are much better landscaped than in Ukraine.",,
518.0,**Секретные испытания нового украинского беспилотника🤣**,**Secret tests of the new Ukrainian drone **,,
519.0,"Новый клип, посвящённый ЧВК ""Вагнер""","New video dedicated to PMC ""Wagner""",,
520.0,Неудачная попытка сбить Ланцет подразделением ВСУ.,A failed attempt to shoot down the Lancet by an AFU unit.,,
521.0,**Как же мало нужно для счастья этим детям **🥺,How little is necessary for the happiness of these children,,
522.0,Самый безмятежный и беспалевный мини-харассмент произошёл во время корпоративных обнимашек на открытии нового магазина в Москве.,The most serene and smokeless mini-harassment occurred during corporate hugs at the opening of a new store in Moscow.,,
523.0,"Видео с одной из ТЭЦ Украины, после прилета","Video from one of the CHPPs of Ukraine, after arrival",,
524.0,"⚡️Делегация из Украины в конгрессе США **вытерла обувь флагом **""**ДНР**"" **и растоптала его.**",The delegation from Ukraine to the US Congress ** wiped the shoes with the flag ** DNR ** and trampled it.**,,
525.0,С мячом перепутал,I'm confused with the ball,,
526.0,"**Американскую баскетболистку Бритни Грайнер обменяли на россиянина Виктора Бута. **Он уже возвращён на Родину, сообщили в МИД РФ.

Бута задержали в 2008 году в Бангкоке на основании ордера, выданного по запросу США. Россиянина обвинили в незаконных поставках оружия повстанческой группировке ""Революционные вооружённые силы Колумбии"", которую Вашингтон считает террористической организацией. Бута экстрадировали в Штаты и в 2012 году приговорили к 25 годам лишения свободы и штрафу в 15 млн долларов.","American basketball player Britney Griner was exchanged for Russian Victor Booth. **He has already returned to his homeland, the Russian Foreign Ministry said.

Bout was arrested in 2008 in Bangkok on a warrant issued at the request of the United States. The Russian was accused of illegally supplying weapons to the rebel group Revolutionary Armed Forces of Colombia, which Washington considers a terrorist organization. Bout was extradited to the States and in 2012 sentenced to 25 years in prison and a fine of $ 15 million.",,
527.0,Хедшот упавшим проводом,Headshot by a fallen wire,,
528.0,"«**Ростов-на-Дону, ""хохлячьи"" флажки**»: бдительная мадам не на шутку возбудилась от сочетания синего с золотистым и коричневым цветами. Инсталляции пришлось убрать.

Вы главное ей флаг ФК Ростов не показывайте!","""Rostov-on-Don, ""breadfish"" flags**"": the vigilant madam was seriously excited by the combination of blue with golden and brown flowers. The installation had to be removed.

Do not show her the flag of FC Rostov!",,
529.0,"🇷🇺🌐 **Россия заняла 30-е место в мире по стоимости мобильного интернета

При составлении списка британские специалисты руководствовались данными о средней стоимости загрузки 1 Гб информации в 233** государствах мира.

Выяснилось, **что первое место с самым дешёвым мобильным интернетом в мире занимает Израиль. Гигабайт трафика стоит здесь $0,04. В** **четвёрку стран с самым доступным мобильным интернетом также входят Италия ($0,12 за 1 Гбайт), Сан-Марино ($0,14) и Фиджи ($0,15). **Государства имеют развитую сетевую инфраструктуру и обеспечивают связь как 4G, так и 5G.

Россия заняла в рейтинге **30-ю позицию с показателем $0,48 за 1 Гб данных, расположившись по соседству с Индонезией ($0,46), Алжиром ($0,48) и Колумбией ($0,49).

Ставьте 👍, если довольны качеством своего мобильного интернета

Если нет - 👎

**[Башни Кремля](https://t.me/+dZK10QqBu0xiZjYy)","Russia ranked 30th in the world in the cost of mobile Internet

When compiling the list, British experts were guided by data on the average cost of downloading 1 GB of information in 233** countries.

It turned out that the first place with the cheapest mobile Internet in the world is Israel. A gigabyte of traffic costs $0.04 here. The top four countries with the most affordable mobile internet also include Italy ($0.12 per 1 GB), San Marino ($0.14) and Fiji ($0.15). **States have developed network infrastructure and provide both 4G and 5G connectivity.

Russia ranked **30th with $0.48 per 1 GB of data, next door to Indonesia ($0.46), Algeria ($0.48) and Colombia ($0.49).

Bet if you are satisfied with the quality of your mobile Internet

If not -

**[Kremlin Towers](https://t.me/+dZK10QqBu0xiZjYy)",,
530.0,Собеседование во вкусно и точка,Собеседование во вкусно и точка,,
531.0,"**– **Нашу колонну расхуярили полностью.
Мы вдвоём остались в поле

**Последнее видео Мыколы перед сдачей в плен..**","** Our column has been completely defaced.
The two of us stayed in the field.

**The last video of Mookola before surrendering..**",,
532.0,"Интересно они когда эти истории придумывают, реально в них верят?",I wonder if they actually believe these stories?,,
533.0,"В Украине суд приговорил азербайджанского ветерана Карабахской войны и его друга к 8 года лишения свободы за похищение человека, хулиганство и хранение оружия.

Реакция заключённых оказалась непредсказуемой.","In Ukraine, a court sentenced an Azerbaijani veteran of the Karabakh war and his friend to 8 years in prison for kidnapping, hooliganism and possession of weapons.

The reaction of the prisoners was unpredictable.",,
534.0,"В одной из самарских «Пятёрочек» солевой попытался украсть еду, но его спалили. Чтобы свинтить вора понадобилось 4 человека.

Бойцовский клуб «Пятёрочка»","In one of the Samara “fives” salt tried to steal food, but he was burned. It took 4 people to kill the thief.

Fight Club Five",,
535.0,Вот и приехали мамкины гонщики на своём корыте,Here comes the Mamkin riders on their trough,,
536.0,Уголек не вывез,I didn't take the coal,,
537.0,"**Упала с 9 этажа, встала с земли и пошла домой.

**Говорят была под синькой.","She fell from the 9th floor, got up off the ground and went home.

They said it was blue.",,
538.0,"**Минобороны Украины: «Какая демобилизация?  Воевать будете до победного конца

**Под ружьем на Украине находится миллион человек и пока боевые действия не прекратятся, домой они не отправятся. Об этом заявил министр обороны Украины Алексей Резников, комментируя петицию о демобилизации после года службы.","** Ministry of Defense of Ukraine: What demobilization? You will fight until the end of victory.

There are a million people under gun in Ukraine and until the fighting stops, they will not go home. This was stated by the Minister of defense of Ukraine Alexey Reznikov, commenting on the petition on demobilization after a year of service.",,
539.0,"🤬Во время пресс-конференции к сборной Бразилии пожаловал волосатый гость – кот вальяжно расположился прямо на столе между футболистом и бразильским пресс-аташе. Сотруднику сборной это не понравилось, поэтому он взял котейку за шкирку и сбросил вниз.

В соцсетях такое поведение не оценили.","During the press conference, a hairy guest arrived at the Brazilian national team - the cat is imperiously located right on the table between the football player and the Brazilian press-atache. The employee of the national team did not like it, so he took the kitten by the skin and threw it down.

In social networks, such behavior was not appreciated.",,
540.0,"**Задорнов об истории появления украинцев:

**""Такой нации - украинцы - ещё 100 лет назад не существовало. Слово Украина использовалось повсеместно по всей территории Российской Империи - так назывались окраинные территории, где не действовал закон и население жило в условиях фронтира"".","**The history of the appearance of Ukrainians:

Such a nation, Ukrainians, did not exist 100 years ago. The word Ukraine was used everywhere throughout the territory of the Russian Empire - the so-called border territories where the law did not apply and the population lived in frontier conditions.",,
541.0,Добро пожаловать в Лос-Анджелес,Welcome to Los Angeles,,
542.0,"Крайне неловкое видео. Парень хотел украсть телефон в магазине, но дверь предательски не открылась. Пришлось выкручиваться из ситуации

Оказалось, что владелец точки в Англии Афзал Адам заранее купил себе штуковину, которая позволяет запереть дверь дистанционно, если придёт подозрительный покупатель. Сработало. Рыжего в итоге отпустили.","Extremely awkward video. The guy wanted to steal the phone from the store, but the door didn't open. I had to get out of the situation.

It turned out that the owner of a point in England, Afzal Adam, had previously bought himself a thing that allows you to lock the door remotely if a suspicious buyer comes. It worked. The redhead was eventually released.",,
543.0,Последние минуты жизни депутата  ДНР Марии Пироговой . Женщина погибла вчера во время массированного обстрела Донецка ВСУ.,"The last minutes of the life of DPR deputy Maria Pirogova, a woman who died yesterday during a massive shelling of Donetsk by the Ukrainian Armed Forces.",,
544.0,"**Киев может остаться без света, воды и тепла, будет апокалипсис, как в голливудских фильмах**, – Кличко.

«В столице не хватает отапливаемых убежищ, чтобы принять все 3,6 млн жителей в случае полных отключений, и люди должны быть готовы к эвакуации в случае ухудшения ситуации».","Kiev may be left without light, water and heat, there will be an apocalypse, like in Hollywood movies.

The capital does not have enough heated shelters to accommodate all 3.6 million residents in the event of total blackouts, and people must be prepared to evacuate if the situation worsens.",,
545.0,"**Соловьев успел пройтись по директору Дождя

**Ведущий нетривиально высказался по поводу предательства и отьезда Натальи Синдеевой за границу.
**Пожелал ей сдохнуть под забором в наркотическом угаре.**","Soloviev managed to walk the director of the rain

**The presenter spoke nontrivially about the betrayal and departure of Natalia Sindeeva abroad.
**Wishing her to die under the fence in a drug frenzy.**",,
546.0,"Такой маленький, а уже переезжает в детдом","So small, and already moving to the orphanage",,
547.0,"Украинское командование опубликовало приказ, согласно которому они будут выплачивать денежное вознаграждение за уничтоженных российских военных.
Больше всего готовы платить за бурятских десантников.","The Ukrainian command published an order according to which they will pay a monetary reward for the destroyed Russian military.
Most willing to pay for the Buryat paratroopers.",,
548.0,Украинские лайфхаки🤡,Ukrainian life hacksин,,
549.0,"В Казахстане мужчина зашёл в магазин и устроил скандал, требуя у русских продавщиц разговаривать по-казахски","In Kazakhstan, a man went into a store and made a scandal, demanding that Russian saleswomen speak Kazakh",,
550.0,Он плохо отзывался о его матери,He spoke badly of his mother,,
551.0,"🤡 В Германии экоактивистка решила приклеить себя к асфальту, но полиция красиво разрулила ситуацию","  In Germany, an eco-activist decided to glue herself to the asphalt, but the police beautifully resolved the situation",,
552.0,"**В Питере компания зумеров избила и вытолкала бабушку из собственной квартиры.

**Внучка позвала друзей тусить, пока бабушки не было дома. А когда она пришла раньше времени, малолетние вырожденцы отказались пускать её в квартиру и попытались ее избить.

Одного из самых активных пиздюков выловили и заставили извиниться на коленях.","In St. Petersburg, a company of buzzers beat and pushed the grandmother out of her apartment.

My granddaughter invited friends to hang out while my grandmother was away. And when she arrived early, the young degenerates refused to let her into the apartment and tried to beat her.

One of the most active pussycats was caught and forced to apologize on his knees.",,
553.0,"Джавелина Химарсовна уже с рождения знает, что её родители идиоты😂",Javelin Khimarsovna knows from birth that her parents are idiots,,
554.0,"🇦🇱Прилетел чапалах

Лидеру албанской оппозиции Сали Беришу дали мощную пощёчину во время прогулки по Тиране, где собрались мировые лидеры на саммит.","Chapalagh has arrived.

Albanian opposition leader Sali Berish was given a powerful slap in the face while walking around Tirana, where world leaders gathered for the summit.",,
555.0,"Фото с места задержания дезертира из ЧВК «Вагнер» Павла Николина. Его можно увидеть в центре фотографии, на коленях и в наручниках.

Мужчину, вооруженного пулеметом Калашникова, обнаружили в заброшенной свиноферме. При задержании он оказал сопротивление.

Стоит отметить, что по неофициальным правилам ЧВК «Вагнер», которые озвучивал сам Евгений Пригожин, «дезертирство — это смертный грех».","Photo from the place of detention of a deserter from PMC ""Wagner"" Pavel Nikolin. He can be seen in the center of the photo, on his knees and in handcuffs.

A man armed with a Kalashnikov machine gun was found in an abandoned pig farm. During his arrest, he resisted.

It is worth noting that according to the unofficial rules of PMC Wagner, voiced by Yevgeny Prigozhin himself, “desertion is a mortal sin.”.",,
556.0,**После того как закон о пропаганде ЛГБТ вступил в силу **( смотреть до конца),** After the law on LGBT propaganda came into force **,,
557.0,🔞 В Кызылорде (Казахстан) обнаружили труп  в замерзшем канале. Причина смерти выясняется,"  In Kyzylorda (Kazakhstan) found a corpse in a frozen canal. Cause of death is being investigated",,
558.0,"В Питере 9-классник выскочил из вагона, залил перцем 19-летнего азербайджанца и запрыгнул обратно в вагон

Сотрудник транспортной безопасности в метро сообщил в полицию, и налётчика оперативно задержали. Сначала его доставили в отдел, а потом вернули родителям.

Решается вопрос о возбуждении уголовки.","In St. Petersburg, a 9-grader jumped out of the car, poured pepper on a 19-year-old Azerbaijani and jumped back into the car

A transport security officer in the subway reported to the police, and the raider was promptly detained. First he was taken to the department, and then returned to his parents.

The issue of initiating a corner is being resolved.",,
559.0,"Медведев рассказал, что сам пишет посты свой телеграм-канал, так как «такую штуковину никто за него не напишет».","Medvedev said that he writes his own Telegram channel, as “no one will write such a thing for him.”.",,
560.0,"На улицах Нью-Йорка начали **жарить пойманных крыс и продавать их любому желающему**.

Вкусно и точка.","On the streets of New York began to fry caught rats and sell them to anyone.

That's good.",,
561.0,"**""Недовольны, езжайте на такси, шлюхи ёб*ные, бл*ть. Пошли все нах*й!""

**Во Владивостоке водитель-кавказец обматерил пожилых женщин из-за сделанного замечания. Причиной его бурного гнева стала просьба дам - не разговаривать по телефону за рулем.

Извинения не заставили себя долго ждать - мужчину нашли и уволили.","Dissatisfied, take a taxi, you fucking whores. Fuck everybody!

**In Vladivostok, a Caucasian driver masqueraded elderly women because of a remark. The reason for his violent anger was the request of the ladies not to talk on the phone while driving.

The apology was not long in coming – the man was found and fired.",,
562.0,"**Сегодня во всем мире отмечается международный** день собутыльника.

Ты знаешь, кому отправить 🍻","**Today is International **Drinking Day.

You know who to send ",,
563.0,Этот лайфхак слишком охуенный,This life hack is too fucked up,,
564.0,"""Нано, ноно — ай донт ноу""

Байден — о развитии нанотехнологий в Америке.","""Nano, nono - I don't know.""

Biden on the development of nanotechnology in America.",,
565.0,"""Если  выживем, то на..й этот контракт"". Бой под Соледаром глазами ВСУшника.","""If we survive, we're on this contract."" The battle at Soledar through the eyes of the AFU.",,
566.0,"В Днепре и Запорожье прилеты.  В некоторых областях Украины  воздушная тревога.

Спустя месяц перерыва БПЛА Герань-2 вернулись в строй и гудят над Днепром.","Arrivals in the Dnieper and Zaporozhye. In some areas of Ukraine air alert.

After a month of interruption UAV Geran-2 returned to service and buzz over the Dnieper.",,
567.0,"Пьяный в хлам украинский «товарищ майор»

Наверно, искал перемоху на дне бутылки…","Drunk in junk Ukrainian ""Comrade Major""

I was probably looking for a bottle at the bottom",,
568.0,"🇺🇦🐷 Укровояка в Артемовске признается, что не прочь полакомиться чужими запасами в подвале одного из местных жителей","  Ukroyak in Artemovsk admits that he does not mind eating someone else’s supplies in the basement of one of the local residents",,
569.0,"«**Я при исполнении! Мне дан приказ стрелять на поражение!**»

Психованный мужичок подгорел в дорожном конфликте с девушкой","I'm on duty! I have been ordered to shoot to kill!

Psychic man burned in a traffic conflict with a girl",,
570.0,"__- Никого не убило?
- Ааа?
- Не убило никого?

__**В Казани у местного жителя ебанул самогонный аппарат. От взрыва обломки хаты чуть не упали с 16-ого этажа на случайных прохожих.

**Никто не пострадал","__- No one killed?
- Aah?
- Killed no one?

In Kazan, a local resident had a fucking moonshine machine. From the explosion, the debris of the hut almost fell from the 16th floor to random passers-by.

No one was hurt",,
571.0,"**Еще одна сенсация ЧМ 2022.

Марокко** впервые в истории в 1/4 финала чемпионата мира по футболу. Марокканцы победили сборную **Испании** в серии пенальти благодаря невероятным сейвам их вратаря — Буну.","** Another sensation of the 2022 World Cup.

Morocco** for the first time in the 1/4 finals of the World Cup. Moroccans defeated the national team in a penalty shootout thanks to the incredible saves of their goalkeeper - Boonu.",,
572.0,"**Момент прилёта реактивного снаряда ВСУ в офисное здание Центавр-Плаза в центре Донецка попал на камеру наблюдения.

**В момент прилёта боеприпаса на этаже были работники офиса, практически все получили ранения.","**The moment of arrival of the AFU rocket in the office building of Centauri Plaza in the center of Donetsk was captured by the surveillance camera.

**At the time of the arrival of the ammunition on the floor were office workers, almost all were injured.",,
573.0,"**В Калуге таджик зарезал** **сторожа магазина**.

Конфликт случился из-за того, что мигрант хотел обокрасть магазин. Для этого он разбил стекло и залез внутрь, но на его пути встал охранник. Тогда преступник достал нож и зарезал мужика.","** In Kaluga, a Tajik stabbed to death** a shopkeeper**.

The conflict occurred because the migrant wanted to rob the store. To do this, he broke the glass and climbed inside, but a guard stood in his way. Then the criminal took out a knife and stabbed the man.",,
574.0,В Одессе🇺🇦  дали отопление,"In Odessa, they gave heating",,
575.0,"18+ **Нападение при обыске на сотрудника полиции.

**Неадекват накинулся на американскую копа. Прохожие не прошли мимо, помогали, пока не прибыли другие сотрудники.","18+ **Attack during a search of a police officer.

Inadequately attacked an American cop. Passers-by did not pass by, helped until other staff arrived.",,
576.0,"🇺🇦 **«Славу можно давать только Богу, если дашь другому, будет наказание».
**
Такой ответ от служительницы храма получили два украинских подростка, которые просили ее сказать ""Слава Украине"".","“Glory can only be given to God, if you give to another, there will be punishment.”
**
This response was received by two Ukrainian teenagers who asked her to say “Glory to Ukraine”.",,
577.0,Действительно скорая помощь,Really an ambulance,,
578.0,"ВСУ целый день тупо лупит по  Донецку. Уже сообщают о 8 погибших и 11 раненых.

Огонь совершенно хаотичный, просто  чтобы было.","The APU has been hitting Donetsk all day. Already reported 8 dead and 11 wounded.

The fire is completely chaotic, just to be.",,
579.0,"В Москве мужчина **пришёл с работы домой и немного приохуел.

Она**: «давай купим собачку, она такая хорошая».

**Собачка**:","In Moscow, a man came home from work and got a little fucked up.

“Let’s buy a dog, it’s so good.”

**Dog:",,
580.0,"Пиши в комментариях, в костюме кого отправил бы ребенка на праздник","Write in the comments, in a costume who would send a child to the holiday",,
581.0,"Кадры утренней поножовщины из нижневартовской школы.

**14-летний подросток с ножом догнал одноклассника и несколько раз ударил его на лестнице. **У нападавшего также ножевое ранение — он порезал себя после произошедшего.

Пострадавший школьник находится в реанимации в тяжелом состоянии. Следственный комитет возбудил уголовное дело.","Footage of morning stabbing from the Nizhnevartov school.

A 14-year-old boy with a knife caught up with a classmate and hit him several times on the stairs. The attacker also had a stab wound - he cut himself after the incident.

The injured student is in intensive care in serious condition. The Investigative Committee opened a criminal case.",,
582.0,**Неизвестный с разбега в спину пнул Арнольда Шварценеггера**,**An unknown man kicked Arnold Schwarzenegger in the back,,
583.0,"⚡️❗️**В Новошахтинске Ростовской области и его пригороде разыскивают мужчину с пулемётом, ранившего полицейского.

**По данным полиции, стрелок может быть дезертиром.

В городе перекрыли дороги и закрывают детские сады.","In Novoshakhtinsk, Rostov region and its suburbs are looking for a man with a machine gun who wounded a policeman.

**According to police, the shooter may be a deserter.

The city closed roads and closed kindergartens.",,
584.0,**Ну не могли такие покатушки закончится иначе 🤡**,"**Well, you couldn't end up like that **",,
585.0,"❗️ ВСУ снова обстреливает из артиллерии мирных жителей Донецка.

Снаряды падали в центре города, в районе крытого рынка и по близлежащим улицам. Горят автомобили, есть пострадавшие, точное количество уточняется.","The AFU is again shelling civilians of Donetsk from artillery.

The shells fell in the city center, in the area of the covered market and on nearby streets. Cars are burning, there are victims, the exact number is specified.",,
586.0,"**Верховный суд Украины решил, что символика дивизии СС ""Галичина"" не является нацистской.

**Об этом сообщил адвокат Вячеслав Якубенко, представляющий интересы Украинского института национальной памяти","The Supreme Court of Ukraine has ruled that the symbols of the SS Galicia division are not Nazi.

**This was reported by lawyer Vyacheslav Yakubenko, representing the interests of the Ukrainian Institute of National Remembrance",,
587.0,"**⚡️Хорошие новости: Дашу Корейку и Хилми Форкс проверят по новому закону о запрете пропаганды ЛГБТ**.

Депутат Яна Лантратова обратилась в Генпрокуратуру и Роскомнадзор с просьбой проверить Дашу Корейку и Хилми Форкс на распространение пропаганды ЛГБТ, трансгендерности, трансляцию аморального поведения и оскорбление чувств верующих.","**Good news: Dasha Koreika and Hilmi Forks will be tested under a new law banning LGBT propaganda**.

Deputy Yana Lantratova appealed to the Prosecutor General’s Office and Roskomnadzor with a request to check Dasha Koreika and Hilmi Forks on the dissemination of LGBT propaganda, transgenderism, broadcasting immoral behavior and insulting the feelings of believers.",,
588.0,"Легенда махачкалинского ""Анжи"" Самюэль Это’О напал на назойливого фаната в Катаре и даже успел пробить ему пенальти.

Произошло это перед вчерашним матчем Бразилии с Южной Кореей. Теперь комментаторы требуют отставки Это’О с поста главы Камерунской федерации футбола, которую тот занимает.

неспортивное поведение","The legend of Makhachkala ""Anji"" Samuel Eto'o attacked an annoying fan in Qatar and even managed to punch him a penalty.

This happened before yesterday’s match between Brazil and South Korea. Now commentators are calling for Eto’o to resign as head of the Cameroonian Football Federation, which he holds.

sportiness",,
589.0,"**«Нацистов ебать будем»

**Обстановка в одной из российских колоний. Зеки готовятся **«рвать укропам жопы».**","""We'll fuck the Nazis.""

**The situation in one of the Russian colonies. The Zekis are getting ready to rip dill ass",,
590.0,"😡 Две малолетние твари из Анапы решили хайпануть — шлюхи подкурили сигарету из Вечного огня, а после решили его обоссать","  Two young creatures from Anapa decided to haipan - whores smoked a cigarette from the Eternal Fire, and then decided to piss on it",,
591.0,"В Нижневартовске ученики 8-го класса что-то не поделили, из-за чего один ударил второго ножом прямо в школе. Пострадавшего увезли в больницу в тяжёлом состоянии.","In Nizhnevartovsk, students of the 8th grade did not share something, because of which one stabbed the second right at school. The victim was taken to hospital in serious condition.",,
592.0,"В Оренбургской области бухой тип попытался перелезть через забор, но зацепился.

В итоге полуголый мужик провисел в таком положении около часа","In the Orenburg region, a drunken type tried to climb over the fence, but caught on.

As a result, a half-naked man hung in this position for about an hour",,
593.0,"🚀🇷🇺Доброе утро, мы из России

Как мы видим, по прогнозу с утра ВСУ ожидает Град","Good morning, we are from Russia.

As we can see, according to the forecast, in the morning the APU is waiting for the Grad",,
594.0,"Аэродром в Курской области был атакован с помощью украинского беспилотника.

Глава региона сообщил, что в результате атаки загорелся нефтенакопитель. Пострадавших нет. Пожар локализуется","The airfield in the Kursk region was attacked by a Ukrainian drone.

The head of the region said that as a result of the attack, an oil storage tank caught fire. No casualties. Fire localized",,
595.0,Коротко об украинском ПВО 🇺🇦,Briefly about the Ukrainian air defense от,,
596.0,"__""- Она мне изменила!
- Надо было того отх*ярить, бабу то зачем трогать!""

__**В Нижнем Новгороде мужчина избивал бывшую ногами по лицу

**Оба были пьяные. После нескольких сильных пинков и ударов, ""боец"" просто оставил девушку сидеть на тротуаре, когда увидел, что к ним приближается компания парней.","__""- She cheated on me!
- You should've fucked him, why touch a woman!

In Nizhny Novgorod, a man beat the former in the face with his feet

Both were drunk. After a few strong kicks and punches, the ""fighter"" simply left the girl sitting on the sidewalk when he saw a company of guys approaching them.",,
597.0,"**В Доминикане мужик поймал и наказал воришку.

**Какой-то тип решил стырить детский велосипед с чужой территории, но не успел свалить. Хозяин дома схватил вора и отходил палкой.","In the Dominican Republic, a man caught and punished a thief.

Some guy decided to steal a children's bike from someone else's territory, but did not have time to leave. The owner of the house grabbed the thief and walked away with a stick.",,
598.0,"Укробеженец поделился лайфхаком как в Дании бесплатно, на помойке, получить нужную бытовую технику.","The ukrorefugee shared a life hack as in Denmark for free, in the trash, to get the necessary household appliances.",,
599.0,**Немного одесского блэкаута.** В этот раз одесситы подготовились лучше: работают генераторы в магазинах и кафе. Электротранспорт до сих пор не работает.,"A little bit of Odessa blackout. This time, Odessa residents prepared better: generators are working in shops and cafes. Electric transport is still not working.",,
600.0,"**В Орле бухая жируха облила собутыльника бензином и подожгла**.

Спящий синебот выжил, но сильно обгорел. Все произошло 22 октября, но видео появилось лишь сейчас. Оно стало доказательством для следствия о непричастности оператора.","In the eagle, a drunken fatty doused his drinking companion with gasoline and set fire to him.

The sleeping bluebot survived but was severely burned. It all happened on October 22nd, but the video just came out. It became evidence for the investigation of the innocence of the operator.",,
601.0,"Опять они всё сбили, верим?","They hit it again, believe me?",,
602.0,Очередная укробеженка жалуются на тяжёлую жизнь на чужбине — в Болгарии.,Another woman complains about a hard life in a foreign country – in Bulgaria.,,
603.0,🇷🇺  **Путин** **посетил Крымский мост и лично проехал по нему на машине**,**Putin visited the Crimean bridge and personally drove over it by car**,,
604.0,"🇲🇩🇺🇦🇷🇺 Молдавские СМИ сообщают о падении ракеты на территории Бричанского района страны, граничащего с Черновицкой областью Украины.

PS: Ни один тракторист не пострадал. Также есть данные, что это опять ракета украинских ПВО","Moldovan media reported on the fall of a missile in the Brichansky district of the country, bordering the Chernivtsi region of Ukraine.

PS: No tractor drivers were injured. There is also evidence that it is again a missile of Ukrainian air defense",,
605.0,"🗺🇺🇦**Карта ракетных ударов🇷🇺

💥На данный момент известно о прилетах в:

**— Кировоградской области
— Одессе
— Одесской области
— Запорожье
— Запорожской области
— Виннице
— Винницкой области
— Харьковской области (Лозовский и Волчанский районы)

**⚠️Поражены инфраструктурные объекты в:

**— Одесской области (Одесская ТЭЦ-2, электроподстанции)
— Винницкой области
— Днепропетровской области
— Запорожской области
— Кировоградской области (Кировоградская ТЭЦ)
— Киевской области
— Запорожье

**⚡️Блэкаут в:

**— Сумской области
— Николаеве
— Харьковской области (частичный блэкаут)
— Житомире (частичный блэкаут)
— Одессе (частичный блэкаут)

**💧Проблемы с водоснабжением в:

**— Запорожье
— Житомире
— Одессе
— Сумах

Кроме того, из-за проблем с электричеством наблюдается серьезные задержки поездов по всей стране.","ов**Map of missile strikesов

At the moment it is known about arrivals in:

** - Kirovograd region
- Odessa
- Odessa region
- Zaporozhye
- Zaporizhia region
- Vinnitsa.
- Vinnytsia region
- Kharkiv region (Lozovsky and Volchansky districts)

** инфраструктурны️Infrastructure facilities in:

** - Odessa region (Odessa CHPP-2, power substation)
- Vinnytsia region
- Dnipropetrovsk region
- Zaporizhia region
- Kirovograd region (Kirovograd CHPP)
- Kyiv region
- Zaporozhye

Blackout in:

** - Sumy region
- Nikolaev
- Kharkiv region (partial blackout)
- Zhytomyre (partial blackout)
- Odessa (partial blackout)

** Problems with water supply in:

**- Zaporozhye
- Zhitomir
- Odessa
- Suma

In addition, due to electricity problems, there are serious train delays throughout the country.",,
606.0,"🪖**  Интернет уходит из Украины, вслед за электричеством**","The Internet is leaving Ukraine, after electricity",,
607.0,"🇬🇧🇺🇦 **Укробеженцы изуродовали номер британской гостиницы

**Жилье мигрантам оплачивалось из госбюждета, а когда пришло время покинуть бесплатные апартаменты, укробеженцы решили «отблагодарить😀","ы **The mammals disfigured the room of the British hotel

**Immigrants were paid for housing from the state budget, and when it came time to leave the free apartments, the tamers decided to thank 😀",,
608.0,⚡️**Момент ракетного удара** по подстанции в Одессе.,а️**Moment of a missile strike on a substation in Odessa.,,
609.0,"**Ситуация на данный момент:

**Прилеты в Киевской, Одесской, Николаевской, Сумской, Днепропетровской, Харьковской, Кировоградской, Винницкой, Черкасской, Житомирской, Запорожской областях.

Основной целью стали объекты энергоструктуры. В части областей отрубилось электричество и начались проблемы с водоснабжением. Также начались перебои с электроэнергией в Молдавии. В ряде областей идут аварийные отключения.","** Current situation:

** Arrivals in Kiev, Odessa, Mykolaiv, Sumy, Dnipropetrovsk, Kharkiv, Kirovograd, Vinnytsia, Cherkasy, Zhytomyr, Zaporizhia regions.

The main goal was the objects of the energy structure. In some areas, electricity was cut off and water supply problems began. There were also power outages in Moldova. There are emergency shutdowns in a number of areas.",,
610.0,"Украинка выложила юмористическое видео, где отметила «высокий» уровень культуры политической элиты Украины.","The Ukrainian posted a humorous video, where she noted the “high” level of culture of the political elite of Ukraine.",,
611.0,"🇷🇺🇺🇦 На видео работа украинской ПВО, которая, по каким-то причинам, поражает воздух. Никаких воздушных целей в небе нет.","  The video shows the work of Ukrainian air defense, which, for some reason, affects the air. There are no air targets in the sky.",,
612.0,Над Днепропетровской областью замечена ракета. Очень много ракет летят на Киев.,Over the Dnipropetrovsk region spotted a missile. A lot of rockets are flying to Kiev.,,
613.0,Киевское метро сейчас,Kiev metro now,,
614.0,"**🇷🇺🇺🇦Началась массированная ракетная атака по Украине.

**Ту-95 запустили как минимум 50 ракет, — СМИ

Также есть пуски из акватории Черного моря.

Из Крыма сообщают:

Громко в небе над Крымом было, авиация отстрелялась, плюс пуски с кораблей ЧФ РФ. Ракет все больше.","**A massive missile attack on Ukraine has begun.

Tu-95 launched at least 50 missiles – media

There are also launches from the Black Sea.

Crimea reports:

Loud in the sky over the Crimea was, the aircraft fired back, plus launches from the ships of the Black Sea Fleet of the Russian Federation. More rockets.",,
615.0,"⚡️**В Монголии протестующие штурмуют Дворец Правительства

**Беспорядки вспыхнули в Улан-Баторе на фоне пропажи угля на 12 млрд долларов, которые государство должно было поставить в Китай. По мнению протестующих, в пропаже угля виноваты коррумпированные чиновники. Ситуация накаляется и грозит перерасти в открытые стычки с силовиками.","Protesters storm government palace in Mongolia

Disorders broke out in Ulaanbaatar amid the loss of coal worth $ 12 billion, which the state was supposed to deliver to China. Protesters say corrupt officials are to blame for the loss of coal. The situation is heating up and threatens to develop into open skirmishes with security forces.",,
616.0,"ВСУшники расстреливают трех ""побратимов"" (скорее всего за отказ выполнять приказы), а потом пытаются сбить дрон, который это снимал.","APU shoots three ""sisters"" (most likely for refusing to follow orders), and then try to shoot down the drone that filmed it.",,
617.0,Киевские проститутки идут в ногу со временем. Теперь у них можно погреться и зарядить телефон,Kiev prostitutes keep up with the times. Now they can warm up and charge the phone,,
618.0,⚡️Движение на Крымском мосту по отремонтированной автомобильной части запущено сегодня утром. На замену четырех поврежденных пролетов и их асфальтирование после взрыва в начале октября потребовалось меньше двух месяцев,The movement on the Crimean bridge on the repaired car part started this morning. It took less than two months to replace four damaged spans and pave them after the explosion in early October,,
619.0,"Европейцы, что там у вас происходит?

Самое страшное, что на этого чудика никто не обращает внимания.","Europeans, what is going on there?

The worst thing is that nobody pays attention to this weirdo.",,
620.0,Последствия ночного удара по объекту инфраструктуры в Краматорске🇺🇦.,Consequences of a night strike on an infrastructure facility in Kramatorsk.,,
621.0,"❗️ **Ранним утром ВСУ нанесли удар из РСЗО HIMARS по городу Алчевск ЛНР.

**Наибольший урон получило здание общежития, в котором проживали переселенцы и строители, восстанавливающие республику после украинских обстрелов. Три человека погибли и пятнадцать получили ранения.","у️ ** Early in the morning, the AFU struck from HIMARS MLRS on the city of Alchevsk LNR.

**The most damaged was the building of the dormitory, where IDPs and builders lived, restoring the republic after the Ukrainian shelling. Three people died and fifteen were injured.",,
622.0,"СМИ сообщают, что неизвестный беспилотник атаковал аэродром в Саратовской области — аппарат упал на взлетно-посадочной полосе. Два человека пострадало.

Также, по предварительным данным, повреждены два самолёта","Media reported that an unknown drone attacked the airfield in the Saratov region — the device fell on the runway. Two people were injured.

According to preliminary data, two aircraft were damaged",,
623.0,"**«Англия встала на колени, а Сенегал нет, потому что они знают, что все это чушь»

**Сборная Англии осталась единственной на чемпионате мира, встающей на колено, чтобы поддержать BLM. В соцсетях посчитали это нелепым, особенно на фоне матча с Сенегалом","“England is on its knees and Senegal is not because they know it’s all nonsense.”

** England are the only team in the World Cup to kneel to support BLM. In social networks found it ridiculous, especially against Senegal",,
624.0,Настоящие мужики стригутся рубанком 💀,Real men cut their hair with rubank гу,,
625.0,"**❗️8 млн человек в Украине окажутся за чертой бедности к концу года,** — вице-президент Всемирного банка Бьерде

По данным украинских властей из страны выехало как минимум 11 млн. человек. Таким образом, нищета ждет, как минимум, половину украинцев живущих в стране","8 million people in Ukraine will be below the poverty line by the end of the year – World Bank Vice President Bjerde

According to Ukrainian authorities, at least 11 million people left the country. Thus, poverty awaits at least half of Ukrainians living in the country",,
626.0,"Парнишка решил нахаляву проехаться на поезде, но работяга не заценил его порывов.

В итоге мужик вынес бедолагу-хлюпика без шансов.","The guy decided to free ride on the train, but the hard worker did not appreciate his impulses.

In the end, the man took the poor slutty with no chance.",,
627.0,"В Швеции **киллеры расстреляли** главного критика Кадырова **Тумсо Абдурахманова**.

Соратники Тумсо подтвердили, что блогер был застрелен в ночь с 1 на 2 декабря","In Sweden, killers shot the main critic of Kadyrov **Tumso Abdurakhmanov**.

Tumso's associates have confirmed that the blogger was shot dead on the night of December 1-2",,
628.0,"🇺🇦🏳️**Хлопчики выбрали жизнь

**Вчера бойцам ВС РФ удалось взять в плен большое количество ВСУшников в направлении Кременной.","п️**The cottoners chose life

**Yesterday, the soldiers of the Russian Armed Forces managed to capture a large number of VSushnikov in the direction of Kremennaya.",,
629.0,"😳 Григорий Лепс подрался после своего концерта в Санкт-Петербурге, причина драки пока не известна","¶ Grigory Leps fought after his concert in St. Petersburg, the cause of the fight is not yet known",,
630.0,У настоящего бойца нет лишних мыслей в голове 😂,A real fighter has no thoughts in his head,,
631.0,❗️🇺🇦Во Львовской области «победили» очередной памятник героям Великой Отечественной войны,In the Lviv region “won” another monument to the heroes of the Great Patriotic War,,
632.0,"**Драка на Красноярской заправке

**В очереди на АЗС замесились раздражённые водилы. Кто-то замешкался, кто-то предъявил, кто-то психанул и понеслась","**Fight at the Krasnoyarsk gas station

**In the line at the gas station kneaded irritated drivers. Someone hesitated, someone presented, someone freaked out and rushed",,
633.0,"**Трогательные кадры встречи российского бойца с дочерью.

**Девочка, придя из школы, встретилась с отцом, который вернулся с передовой.","**Touching footage of a Russian fighter meeting his daughter.

The girl came from school, met with her father, who returned from the front line.",,
634.0,"😍 **ФРАНЦИЯ ОБЫГРЫВАЕТ ПОЛЬШУ 3:1 И ВЫХОДИТ В ЧЕРТВЕТЬФИНАЛ

**🤯 **Мбаппе ВЫШЕЛ НА ПЕРВОЕ МЕСТО среди бомбардиров ЧМ** — на его счету теперь пять мячей","И **France wins Poland 3-1 and makes the final

**  **Mbappe went to the first place among the scorers of the world Cup** — on account of his account now five goals",,
635.0,"Шестерых щенков спасли от гибели в Сатке Челябинской области. По словам людей, животных пытался утопить хозяин, которому они оказались не нужны.

Мужчина скинул их с моста, но до воды не добросил — четырёхлапые упали на бетонную опору. Полуживые собакены почти превратились в ледышки. Но, к счастью, их заметил прохожий.

На место приехали волонтёры, всех забрали, отогрели и накормили. Теперь зоозащитники ищут им новый дом. Там, где, в отличие от предыдущего, их будут любить.","Six puppies were rescued from death in Satka, Chelyabinsk region. According to people, the animals tried to drown the owner, who did not need them.

The man threw them off the bridge, but did not do well to the water - four-legged fell on a concrete support. Half-life dogs almost turned into ice caps. Fortunately, a passerby noticed them.

Volunteers came to the place, everyone was taken, heated and fed. Animal rights activists are looking for a new home. Where, unlike before, they will be loved.",,
636.0,"Фридайвер Мигель Лозано из Испании захотел побить мировой рекорд погружения без акваланга, на одной задержке дыхания. Но на глубине 125 метров он потерял сознание и был экстренно поднят на поверхность спасателями из его команды.

До рекорда не хватило всего двух метров","Freediver Miguel Lozano from Spain wanted to break the world record of diving without scuba, on one breath hold. But at a depth of 125 meters, he lost consciousness and was urgently raised to the surface by rescuers from his team.

The record was only two meters short",,
637.0,"**Израильский полицейский застрелил палестинца на Западном берегу реки Иордан

**По свидетельствам очевидцев нападавший попытался проникнуть в машину, в которой сидели двое израильтян, один из них — офицер ЦАХАЛа.

Злоумышленник ранил одного из них. Сразу же после этого офицер вступил с ним борьбу и в итоге смог нейтрализовать. Мужчина от полученных ранений скончался на месте.","Israeli Police Officer Shoots Palestinian in West Bank

**According to eyewitnesses, the attacker tried to enter a car in which two Israelis were sitting, one of them an IDF officer.

The attacker wounded one of them. Immediately after that, the officer entered into a fight with him and in the end was able to neutralize. A man from his injuries died on the spot.",,
638.0,"**Два этажа жилого дома обрушились в Нижневартовске из-за взрыва газа

**ЧП случилось на улице Мира. На данный момент известно о десяти пострадавших, двое из них — в тяжёлом состоянии.

На месте работают экстренные службы. Спасатели проверяют, есть ли под завалами люди.

UPD: 5** человек погибли**.","**Two floors of a residential building collapsed in Nizhnevartovsk due to a gas explosion

The accident happened on Mira Street. At the moment, ten victims are known, two of them are in serious condition.

Emergency services are in place. Rescuers check to see if there are people under the rubble.

UPD: 5** dead.",,
639.0,"Модель ударило током на подиуме, когда она схватилась за микрофон.

Очевидцы поспешили ей на помощь. Пострадавшую госпитализировали","The model electrocuted on the catwalk as she grabbed the microphone.

Witnesses rushed to her aid. The victim was hospitalized",,
640.0,"Как развлекаются цыгане

Жесткий экшн с 00:29","How gypsies have fun

Hard action since 00:29",,
641.0,This channel can’t be displayed because it was used to spread pornographic content.,This channel can’t be displayed because it was used to spread pornographic content.,,
642.0,"В центре Одессы🇺🇦 спиздили генератор, воров не остановила ни дверь, ни цепь...","In the center of Odessa, the generator was turned off, neither the door nor the chain stopped the thieves. . .",,
643.0,❗️🇫🇷Во Франции прошёл крупный митинг за выход страны из НАТО,In France held a major rally for the withdrawal of the country from NATO,,
644.0,Наш Серега Павлович меньше чем за минуту уработал австралийца  Тая Туйвасу,Our Sergey Pavlovich in less than a minute worked Australian Tai Tuivasu,,
645.0,"**⚡️ ⚡️В Турции опять прогремел мощный взрыв, рассматривается версия теракта

**Взрыв произошел в жилом здании в города Шанлыурфа, информирует агентство Anadolu. По предварительным данным, травмы получили четыре человека. По информации агентства, на рабочем месте на первом этаже жилого дома в квартале Сулейман Шах по неустановленной причине случился взрыв. На территорию происшествия отправились сотрудники полиции, пожарная и медицинская бригады и AFAD (спасатели).

По некоторым данным, турецкие силовики рассматривают версию теракта. Если она подтвердится, то наземная операция Турции в Сирии станет еще ближе.","** ️ In Turkey again a powerful explosion, considered the version of the terrorist attack

**The explosion occurred in a residential building in the city of Şanlıurfa, Anadolu news agency reported. According to preliminary data, four people were injured. According to the agency, an explosion occurred on the first floor of a residential building in the Suleiman Shah quarter for an unknown reason. Police officers, fire and medical brigades and AFAD (rescuers) went to the area.

According to some reports, the Turkish security forces are considering a version of the terrorist attack. If confirmed, Turkey’s ground operation in Syria will be even closer.",,
646.0,Так вот почему так много видео с горящими на проводах индусами 😁,So this is why there are so many videos of Indians burning on wires ах,,
647.0,"Не переживайте, подушки безопасности его спасли... возможно","Don’t worry, the airbags saved him",,
648.0,"🇺🇦**Украину не возьмут в НАТО, если она проиграет в СВО **– Столтенберг

__«Eсли Украина не возобладает как независимое суверенное государство, то, конечно, вопрос о членстве страны в НАТО не стоит»__, - сказал генсек.

Он добавил, что Украине надо думать не о том, **как бы еще во что-то вступить**, а о том, как сохранить государство.","Ukraine will not be taken into NATO if it loses in the SVO

“If Ukraine does not prevail as an independent sovereign state, then, of course, the question of the country’s membership in NATO is not worth it,” he said.

He added that Ukraine should not think about how to join something else, but how to preserve the state.",,
649.0,"**11-летняя дочь Киркорова очень рада подарку.

**Зацените лицо","11-year-old daughter Kirkorov is very happy with the gift.

Check out your face",,
650.0,"**«В выходные долбить нельзя! Ночью долбить нельзя!»

**В Мурино баба срака с плинтусом напала на соседку. Всё из-за слишком громкого ремонта по выходным","""You can't go on weekends!"" You can't knock at night!

In Murino, a woman with a plinth attacked a neighbor. All because of too loud repairs on weekends",,
651.0,Жиза,Jigsaw,,
652.0,Украинский боксер Денис Беринчик перед вчерашним боем с французом Иваном Менди вышел на ринг в форме ВСУ,Ukrainian boxer Denis Berinchik before yesterday’s fight with the Frenchman Ivan Mendy entered the ring in the form of the APU,,
653.0,"**Массовый девчачий замес в США

**Разъярённых дамочек даже не смущает наличие полицейских.
Они остервенело избивают оппоненток","**Massive female batter in the United States

Angry ladies are not even bothered by the presence of police officers.
They beat up their opponents",,
654.0,"🇺🇦Уничтоженная колонна бронетехники украинского националистического отряда ""Кракен"" в Харьковской области.",Destroyed column of armored vehicles of the Ukrainian nationalist detachment Kraken in the Kharkiv region.,,
655.0,Бойцы из Башкирии передают привет Зеленскому,Fighters from Bashkiria send greetings to Zelensky,,
656.0,"Григорий Лепс швырнул микрофон на пол на концерте в Санкт-Петербурге.

Во время исполнения своего хита «Самый лучший день» он вдруг перестал петь, а потом и вовсе ушёл со сцены. Музыка при этом продолжала играть.

Артист уже рассказал в соцсетях причину:

«Непростой вчера был концерт. Не всё прошло по плану, многое не удалось, приболел... Но вы были невероятны!»","Grigory Leps threw the microphone on the floor at a concert in St. Petersburg.

During the performance of his hit ""The Best Day"" he suddenly stopped singing, and then completely left the stage. The music continued to play.

The artist has already told in social networks the reason:

“Yesterday was a difficult concert. Not everything went according to plan, many failed, became ill. But you were incredible",,
657.0,Местные модники штурмуют секонд в Одессе 🇺🇦,Local fashionists storm the second in Odessa е,,
658.0,Отличная клентоориентированность,Excellent clento orientation,,
659.0,"🇷🇺🇺🇦Тот самый херсонский енот, которого российские военнослужащие при отступлении украли из зоопарка, чтобы издеваться/убить/насиловать/съесть (выберите что душе угодно) спокойно сидит на руках ""похитителя"" и щелкает орешки при смене дислокации.","  The same Kherson raccoon that Russian servicemen stole from the zoo during the retreat to mock/kill/rape/eat (choose whatever you like) sits quietly in the arms of the “abductor” and snaps nuts when changing the deployment.",,
660.0,Капец он хитрый,He's cunning,,
661.0,Сос мыслом,Sour sauce,,
662.0,"🗣🇺🇦**Украинец борется за мову.

**Очередной националист докопался до соотечественницы из-за русского языка.","The Ukrainian is fighting for Mova.

Another nationalist got to the compatriot because of the Russian language.",,
663.0,"В Коннектикуте наглухой отбитый енот напал на школьницу, когда она выходила из дома. На помощь пришла мама девочки — она схватила наглеца за шкирку и отбросила куда подальше.

По словам школьницы, она и её мать получили несколько укусов. После этого они сделали прививки. Сам нападавший сбежал в лес","In Connecticut, a repulsed raccoon attacked a schoolgirl as she was leaving the house. The girl's mother came to the rescue - she grabbed the impudent by the neck and threw it away.

According to the schoolgirl, she and her mother received several bites. After that, they vaccinated. The attacker himself escaped into the woods",,
664.0,"**Прогноз Жириновского за несколько месяцев до выборов на Украине.

**""После Порошенко выберут Зеленского, но это не играет никакой роли, он будет делать тоже самое, что и прошлый президент. Он будет марионеткой, куклой""","**Zhirinovsky's forecast a few months before the elections in Ukraine.

After Poroshenko will elect Zelensky, but it does not play any role, he will do the same as the previous President. He'll be a puppet, a doll",,
665.0,Оставляй реакцию и [смотри еще больше новостей в АМЕРИКАНСКИХ НОВОСТЯХ](https://t.me/csbsvnnq_news),Leave the reaction and [watch more news in US News] (https://t.me/csbsvnnq_news),,
666.0,ВСУшники в Ровенской области продолжают усиленно минировать местность в близи границы с Беларусью.,APU in the Rivne region continue to heavily mine the area near the border with Belarus.,,
667.0,Душевно?,Mentally?,,
668.0,"**В Греции сошёл с рельсов вагон поезда с военной техникой НАТО.

**В поезде находились танки, бронемашины и контейнеры. Инцидент произошёл в городе Александруполис","**In Greece derailed train carriage with NATO military equipment.

**Tanks, armored vehicles and containers were on the train. The incident occurred in the city of Alexandroupolis",,
669.0,Медведев в мемы подался,Medvedev fell into memes,,
670.0,"🗣🇺🇦Украинка из Ивано-Франковска выдала базу

Молодая блогерша в прямом эфире заявила, что ей все равно, что ВСУ их «защищают», что Украина - «не государство», что в армию воевать идут «придурки» и что когда пришел Порошенко - с тех пор на Украине нечего ловить и жить тут «тяжело всем людям».","Ukrainian from Ivano-Frankivsk issued a base

The young blogger said live that she does not care that the AFU “protects” them, that Ukraine is “not a state”, that “dumbs” go to fight in the army and that when Poroshenko came, there is nothing to catch in Ukraine since then and living here “is hard for all people.”.",,
671.0,Лэнд-лиз для ВСУ от британских кельтов😁,Land-Lease for the APU from the British Celtics,,
672.0,"😳 Водитель назвал пацана Н*ГГЕРОМ!

ответ убил)","¶ The driver called the kid N*GER!

answer killed",,
673.0,"**Африканско-правительственные зарубы

**В Сенегале член президентского большинства бросает стул оппозиционному коллеге посреди дебатов в Ассамблее.","**African-government logs

In Senegal, a member of the presidential majority throws a chair to an opposition colleague in the middle of the Assembly debate.",,
674.0,"Это что за покемон, кто в курсе?","Who's this Pokémon, who knows?",,
675.0,"И зачем смотреть UFC, когда в этом мире есть нокауты гораздо зрелищней",And why watch UFC when there are more knockouts in this world,,
676.0,Урок по философии в Новосибирской области,Lesson in philosophy in the Novosibirsk region,,
677.0,"Самая популярная порноактриса мира **Ева Элфи** оказывается раньше мечтала стать журналисткой, и даже **поработала на омском телеканале**.

Дело было в далёком 2017 году.","The most popular porn actress in the world **Eva Alfie ** turns out to have dreamed of becoming a journalist before, and even worked on the Omsk TV channel**.

It was back in 2017.",,
678.0,"Прилет реактивного снаряда от РСЗО ""Град"" в окоп с ВСУшниками.","Arrival of a rocket from the MLRS ""Grad"" in the trench with the APU.",,
679.0,🇷🇺  Мобилизованные подтягиваются на позиции,"  Mobilized forces are moving into positions",,
680.0,**Ну наконец-то годная реклама трусов подъехала** 🫶,"**Well, finally, a good panty ad arrives **",,
681.0,"В центре Одессы  бросили  гранату при задержании полицией.  Известно о 8 пострадавших, из которых 5 полицейских.","In the center of Odessa threw a grenade during the arrest of the police. It is known about 8 victims, of which 5 police officers.",,
682.0,Существо непонятного пола наговорило себе на 15 лет тюрьмы,The creature of the unknown sex told himself 15 years in prison,,
683.0,"🇺🇦🇵🇱**Укробеженцев силком доставали из квартиры в польском Кракове

**Новость от подписчика. В Кракове к себе пустили семью беженцев из Украины, которые сразу обнаглели, платить по счетам отказались, а в квартире устроили бардак.

Когда хозяева решили их выселить, укробеженцы их послали и заперлись в квартире. **Доставали их с помощью полиции и крана**😄","Ukrorefugees were forced out of an apartment in Krakow, Poland

News from a subscriber. In Krakow, a family of refugees from Ukraine were allowed to join them, who immediately became brazen, refused to pay their bills, and the apartment was a mess.

When the owners decided to evict them, the tamers sent them and locked themselves in the apartment. **Take them out with the help of police and crane**",,
684.0,"Во Владимирской области заметили гениев, которые **ахуенно пользуются поворотниками**.

Как болезнь называется?","In the Vladimir region, geniuses have been noticed who ******** use turn signals**.

What's the name of the disease?",,
685.0,"**🤬 В Красноярске педофил заманил ребёнка к себе домой, изобразив инфаркт: 10-летняя девочка увидела, как какому-то мужику на улице плохо. Малая предложила проводить это животное до дома, где в последствие он её и изнасиловал

**теперь этого уебана ждёт 20-литровая бутылка 💩","**  In Krasnoyarsk, a pedophile lured a child to his home, painting a heart attack: a 10-year-old girl saw how some man on the street is bad. Malaya offered to take this animal to the house, where he later raped her.

**Now this ueban is waiting for a 20-liter bottle ь",,
686.0,"**В Москве неизвестные похитили мужчину и угрозами заставили его сообщить ключ от цифрового кошелька, на котором хранилось около 250 биткоинов - более 261 млн рублей.

**Позднее похитители высадили мужчину возле деревни в Красногорске и уехали, заведено дело о разбое, рассказал источник","In Moscow, unknown kidnapped a man and threatened him to reveal the key to a digital wallet, which was stored about 250 bitcoins – more than 261 million rubles.

** Later, the kidnappers landed a man near a village in Krasnogorsk and left, a case of robbery was opened, the source said",,
687.0,Потерянные в районе Артемовска (Бахмута) украинский БРЭМ-1  и БТР YPR-765.,Lost in the area of Artemovsk (Bakhmut) Ukrainian BREM-1 and BTR YPR-765.,,
688.0,"«**Чёрная пятница» по-американски

**Самые «ответственные» ребята получают 100% скидку на товар и их никто не останавливает.

А всё почему?
Ведь блэк лайвс меттер, как никак.","""Black Friday"" in American

The most responsible guys get 100% discount on the goods and no one stops them.

Why is that?
Black Lives Metter, you know.",,
689.0,Разборки девочек,Disassembly of girls,,
690.0,Граффити художника Бэнкси больше нет в Киевской области. Их срезали на продажу 🤡,Graffiti artist Banksy no longer in the Kiev region. They were cut for sale,,
691.0,"📃⚖️ **Новые законы декабря 2022 года

**Какие законы вступают в силу в России с декабре этого года?

**Главное:

**🟢 С 1 декабря будет **произведена внеплановая индексация тарифов на жилищно-коммунальные услуги для населения. **Ее предельный размер составит 9%;

🟢 Госорганы будут **обязаны вести свои страницы во ""ВКонтакте"" и ""Одноклассниках"". Это** позволит сделать чиновников более открытыми, а их работу понятной для граждан;

🟢 При обращении **за медицинской помощью можно будет предъявить по своему выбору полис ОМС** или документ, удостоверяющий личность. А еще полис** можно показать в регистратуре и на экране смартфона**;

**Эти и другие нововведения - в нашем видео.

Ставь ❤️, если поддерживаешь новые законы!

**[От Первого Лица](https://t.me/otpervogolitsa)","овые️ **New laws of December 2022

**What laws have been in force since December?

**Fundamental:

**  From December 1, an unscheduled indexation of tariffs for housing and communal services for the population will be carried out. **The limit will be 9%;

State agencies will be obliged to keep their pages in Vkontakte and Odnoklassniki. This will make officials more open and their work understandable to citizens.

  When applying ** for medical care, you can present at your choice a MHI policy** or an identity document. And the policy** can be shown in the registry and on the screen of the smartphone**;

These and other innovations are in our video.

Sit down if you support the new laws!

**[From First Person](https://t.me/otpervogolitsa)",,
692.0,"Момент одного из сегодняшних прилётов в Донецке.

Удар был целенаправленно нанесён по многоэтажке 😡","The moment of one of today's arrivals in Donetsk.

The attack was deliberately carried out on a high-rise building ке",,
693.0,"🇨🇳🥋**Страна, где каждый первый носит черный пояс

**Случай в Китае.","The country where everyone wears a black belt

It's an incident in China.",,
694.0,Очень долгое и очень неловкое рукопожатие Байдена и Макрона на встрече в Белом доме обсуждают в Сети.,A very long and very awkward handshake of Biden and Macron at a meeting in the White House discussed online.,,
695.0,"**Как изменились расценки за корпоративы у звезд

**Спрос на развлекательную программу на новогодних корпоративах в этом году упал на 50%. По этой причине почти у всех знаменитостей сократились гонорары.","**How the prices for corporate parties have changed

**Demand for entertainment at New Year's Eve corporate events has fallen by 50% this year. For this reason, almost all celebrities have reduced their fees.",,
696.0,🥴 **В Сочи два бомжа устроили анальный марафон средь белого дня**,"In Sochi, two homeless people staged anal marathon in broad daylight**",,
697.0,"**❗️🇺🇦В Днепре украинка призвала свергнуть власть из-за перебоев с электричеством.

**Девушка из-за хейта дважды сменила ник в инсте, а потом и вовсе закрыла аккаунт.

В итоге пришлось извиняться.","**-️-In Dnipro, the Ukrainian called for the overthrow of the government due to power outages.

**The girl because of the hat changed her nickname twice in the Inst, and then completely closed the account.

I ended up apologizing.",,
698.0,"В Мехико два качка устроили петушиные бои.

Причиной стала — широта, которая помешала обоим разойтись в узком проходе.","Two cockfights in Mexico City.

The reason was the latitude, which prevented both to separate in a narrow passage.",,
699.0,"🔥В питерской бухаловке кто-то поставил освежитель воздуха рядом с тепловой пушкой, **из-за чего вечер получился просто огненный.

**У бедолаги ожоги рук и лица.","In the St. Petersburg bin, someone put an air freshener next to a heat gun, because of what the evening turned out to be just fiery.

The poor lad has burns on his hands and face.",,
700.0,"**Казах поясняет соотечественникам за историю Казахстана:

**""Сейчас у нас в стране есть тенденция - хаять советский период истории. Мол, Казахстан в составе СССР был колонией. А я хочу напомнить, что с **1955**-го по **1987**-й год было построено **43** города, а именно казахское население увеличилось в **2.6** раз. Были построены тысячи заводов, фабрик, металлургических комбинатов, железных дорог, ТЭЦ. Мы до сих пор это эксплуатируем.  Наверное, мы сегодня являемся колонией - добываем нефть, металл, уран, хоть кто-то ощущает на себе это богатство?""","**Kazakh explains to compatriots in the history of Kazakhstan:

Now in our country there is a tendency to hay the Soviet period of history. Like, Kazakhstan in the USSR was a colony. And I want to remind you that from **1955**-th to **1987**-th year was built **43** city, namely the Kazakh population increased **2.6** times. Thousands of plants, factories, metallurgical plants, railways, CHPPs were built. We're still exploiting that. Perhaps we are a colony today – we extract oil, metal, uranium, at least someone feels this wealth",,
701.0,"**Мурад показал, как правильно делать сальто 🥲

**В день 2 раза это упражнение делай и спина болеть не будет⁠⁠","Murad showed how to do a flip correctly ,

Do this exercise 2 times a day and your back will not hurt",,
702.0,"🙏🏻 **Болельщики разных сборных убрали мусор после себя после матча чемпионата мира Японии и Испании **— фанаты сборной Японии так делают уже не первый раз!

Рады, что Япония вышла с первого места в группе в плэйофф?","Fans of different national teams cleaned up the garbage after themselves after the match of the World Cup of Japan and Spain ** - fans of the Japanese national team do so not for the first time!

Are you happy that Japan came out of first place in the playoffs?",,
703.0,"Припизднутая тиктокерша очень не хочет расставаться со своими питомцами, и для этого делает из них **чучела и мумифицированные тела в хрустальных шарах**.

Из какой дурки сбежала?","Stupid tiktokers really does not want to part with their pets, and for this makes them stuffed and mummified bodies in crystal balls**.

What fool did you escape from?",,
704.0,"🚀🇷🇺Доброе утро, мы из России

Наши бойцы бьют по всу🇺🇦 из реактивных систем залпового огня ""Град""","Good morning, we are from Russia.

Our fighters are hitting in the air from multiple rocket launch systems ""Grad""",,
705.0,Тем временем по ночам украинцы пиздят друг у друга генераторы,"Meanwhile, at night, Ukrainians kick each other's generators",,
706.0,🤯 **ЯПОНИЯ** ОБЫГРЫВАЕТ **ИСПАНЦЕВ** И ВЫХОДИТ ИЗ ГРУППЫ С ПЕРВОГО МЕСТА — **НЕМЦЫ ЕДУТ ДОМОЙ**,Ы **JAPAN ** WINS ** SPANIARDS ** AND COMES OUT OF THE GROUP FROM THE FIRST PLACE - THE GERMANS GO HOME,,
707.0,🇺🇸🇺🇦 В Америке смоделировали последствия сброса 100-мегатонной ядерной бомбы на Киев.,"  In America simulated the consequences of dropping a 100-megaton nuclear bomb on Kiev.",,
708.0,"😱🇺🇦Украинка в шоке: Германия скидывает балласт в виде укротунеядцев

Немецкий «джобцентр» прекращают многие выплаты укроцыганам, в том числе на обставку съемной квартиры.

Придётся работать, хлопцы.","Ukrainian in shock: Germany throws ballast in the form of tamers

The German “jobcenter” stops many payments to the Ukrotsim, including the furnishing of a rented apartment.

We'll have to work, claps.",,
709.0,"«Трахни меня, как меня муж трахал».

В Анапе пьяные шаболды устроили лесбийский разврат прямо на улице.

Кто-то жену потерял, пацаны.","""Fuck me like my husband fucked me.""

In Anapa, drunken shabolds staged lesbian debauchery right on the street.

Someone lost a wife, guys.",,
710.0,"🇷🇺🇺🇦 Донецк подвергся обстрелу со стороны ВСУ.

Сообщают,что погиб сотрудник МЧС.","  Donetsk was shelled by the AFU.

It is reported that an employee of the Ministry of Emergency Situations died.",,
711.0,Оказывается нас наебали😐,Turns out we're fucked,,
712.0,**В Беларуси мужчина героически спас ребёнка прямо из-под колес автомобиля**,"In Belarus, a man heroically saved a child from under the wheels of a car",,
713.0,"Ставь реакцию и пиши комментарий!

[Подписывайся на Американские новости](https://t.me/csbsvnnq_news)","React and write a comment!

[Subscribe to American News] (https://t.me/csbsvnnq_news)",,
714.0,Идеальный квартирант найден,The perfect lodger found,,
715.0,"☠️🇺🇦Заранее упаковался

ВСУшники спят в мешках для трупов в могилках.","ов️овPacked in advance

They sleep in body bags in graves.",,
716.0,Типичный интернет боец,Typical Internet fighter,,
717.0,"**«Чурбан ебаный, ебло закрой, иди бананы продавай»

**В **Ульяновске** бухой гопник попытался расплатиться в маршрутке **пятитысячной купюрой, **но у водителя **не оказалось сдачи. **После этого последовало **5 минут тарантиновских диалогов.**","Shut the fuck up, go sell the bananas.

** In **Ulyanovsk** drunk hopnik tried to pay in a minibus ** five thousand bill, ** but the driver ** did not change. **This was followed by **5 minutes of tarantine dialogue.**",,
718.0,**оставим это без комментариев.. **🥲,"**let's leave it without comment. ** ",,
719.0,Владимир Жириновский про Украину.,Vladimir Zhirinovsky about Ukraine.,,
720.0,"**Недоумок в интернете притворялся бойцом ""Азова"" и оскорблял Россию**.

Однако сетевой ""боец"" не предполагал, что его речи обнародуют в сети интернет. В итоге его вычислила полиция - оказалось, что этот дебилоид из Воркуты.

В конце видео традиционные извинения.","The idiot on the Internet pretended to be an Azov fighter and insulted Russia.

However, the network ""fighter"" did not expect that his speeches will be published on the Internet. In the end, the police found him - it turned out that this moron was from Vorkuta.

At the end of the video is a traditional apology.",,
721.0,"На украинском телеканале 1+1 толковые сотрудники представили зрителям Сергея Суровикина в качестве министра энергетики Украины.

Редактор, тикай с города!","On the Ukrainian TV channel 1+1, smart employees presented Sergey Surovikin to the audience as the Minister of Energy of Ukraine.

Editor, tick the city!",,
722.0,"На китайском ТВ  все в ""масках"",
даже футболисты 😁","Everybody's wearing masks on Chinese TV.
even footballers ы",,
723.0,В Бухаресте загорелся  грузовик из знаменитой  рекламы Coca-Cola.,"In Bucharest, a truck from the famous Coca-Cola advertising caught fire.",,
724.0,"В Китае для соблюдения карантина людям заваривают двери.

Эх, сейчас бы в Китай…","In China, people are being quarantined.

Oh, now to China..",,
725.0,"Кажется, европейцы начали что-то подозревать!🤔
На скрине - Франция и бездонный Зеленский.","The Europeans are beginning to suspect something.
On the screen - France and the bottomless Zelensky.",,
726.0,"**Пассажирка метро напала с ножом на москвичку за громкий разговор по телефону.

**Женщины ехали в одном поезде, между станциями Говорово и Минская пассажирка набросилась с ножом на 36-летнюю москвичку: женщине не понравилось, что соседка по вагону громко говорит по телефону. Нападавшая ранила пассажирку в лицо. 50-летнюю женщину задержали на станции Октябрьское поле, возбуждено дело по статье «Угроза убийством».","**A metro passenger attacked a Muscovite with a knife for a loud phone conversation.

**Women were on the same train, between the stations Govorovo and Minsk passenger attacked with a knife 36-year-old Muscovite: the woman did not like that the neighbor on the car loudly talking on the phone. The attacker shot the passenger in the face. A 50-year-old woman was detained at the Oktyabrskoe Field station, a case was opened under the article “Murder threat”.",,
727.0,"Публикуем момент взрыва на парковке в Волгограде, где погиб ребёнок, а его отец пострадал.","We publish the moment of the explosion in a parking lot in Volgograd, where a child died and his father was injured.",,
728.0,"— Кем ты работаешь?

— Что-то между футболистом и актером 😎","- What do you do?

- Something between a footballer and an actor",,
729.0,"Трёхлетний ребёнок заживо сгорел на парковке в Волгограде. По нашим данным, отец посадил сына на заднее сиденье, а сам пошёл к водительскому. Но в этот момент произошёл взрыв.

Мужчину отбросило, а ""шкода"" вспыхнула мгновенно. Спасти малыша уже не смогли. Отца доставили в больницу.

Всё могло произойти из-за утечки газа из ацетиленовых баллонов, которые находились в машине. Огонь в итоге перекинулся ещё на три авто.","A three-year-old child burned alive in a parking lot in Volgograd. According to our data, the father put his son in the back seat, and he went to the driver's seat. But at that moment, there was an explosion.

The man was thrown away, and the school flashed instantly. We couldn't save the baby. My father was taken to the hospital.

Everything could have happened due to a leak of gas from the acetylene cylinders that were in the car. The fire eventually spread to three more cars.",,
730.0,Press F,Press F,,
731.0,Сын медиамагната Казахстана сыграл свадьбу с мужчиной. Счастливые родители ведут невесту под венец.,The son of a media magnate of Kazakhstan had a wedding with a man. Happy parents lead the bride to the crown.,,
732.0,"🚀🇷🇺Доброе утро, мы из России

Зенитчики ""Отважных"" борются с ракетами HIMARS","Good morning, we are from Russia.

Anti-aircraft ""Courageous"" fight against missiles HIMARS",,
733.0,❗️Чеченские бойцы уже на железнодорожной станции Артёмовска,Chechen fighters already at the railway station Artyomovsk,,
734.0,"**Люська Арестович опроверг цифру в 100 тысяч погибших солдат Украины, которую назвала глава Еврокомиссии:

**«В общей сложности у нас за 9 месяцев всего 10 тысяч погибших солдат».

Верим?","**Lyuska Arestovich denied the figure of 100,000 Ukrainian soldiers killed, which the head of the European Commission said:

In total, we have only 10 thousand dead soldiers in 9 months.

Do we?",,
735.0,"**В Киеве люди начали перекрывать дороги и трамвайные пути

**Таким образом они протестуют против отключения света в домах.","In Kiev, people began to block roads and tramways

**So they are protesting against blackouts in homes.",,
736.0,"Перепутавшая педали дамочка ворвалась сквозь стену в сочинский рынок, попутно сломав ногу бедному мужику, который спокойно загружал свою газель.","Confused pedals lady broke through the wall in the Sochi market, along the way breaking the leg of a poor man who calmly loaded his gazelle.",,
737.0,Спастись от пожара не удалось,There was no escape from the fire,,
738.0,"**«Это моя земля и на моей земле не должно быть русских»

**Дагестанский инстаблохер по имени **Шамиль Каспийский** (Чупанов) приехал в Москву **«наводить порядок».** Правда, позже ему стало стыдно за свои слова и он извинился.","**"" This is my land and there should be no Russians on my land.

** A Dagestani instablocher named ** Shamil Caspian** (Chupanov) came to Moscow ** ""to restore order.""** He later became ashamed of his words and apologized.",,
739.0,"**🤡🇺🇦Украинский френдли фаер

**Укровояка с экшн камерой вёл огонь из пулемета, как вдруг тот заклинило.
А когда сверхразум решил проверить, что не так, и занёс его налево, забыв убрать палец с курка, оружие расклинило и оно выстрелило в побратима.","**Ukrainian friendship firer

Ukroyak with an action camera was firing from a machine gun when he suddenly jammed.
And when the superintelligence decided to check what was wrong and brought it to the left, forgetting to remove the finger from the trigger, the weapon opened and it shot at the twin.",,
740.0,Во Франции грабят автобусы туристов прямо на ходу... Европа хули🤡,"In France, they rob buses of tourists on the go. Europe huli🤡",,
741.0,"**‼️🇺🇦🇳🇿 Мощная подготовка инструкторов НАТО: ВСУшников учат дико вопить и кривляться** 🤡
Министр обороны Великобритании Бен Уоллес посетил центр подготовки украинских военных, где с ними работают инструкторы из Новой Зеландии. Этот цирк можно увидеть на видео.","**!   Powerful training of NATO instructors: VSushnikov is taught to howl wildly and crook**
British Defense Minister Ben Wallace visited the Ukrainian military training center, where instructors from New Zealand work with them. This circus can be seen in the video.",,
742.0,"🗣🇺🇦**Украинская девушка рубит правду-матку

**Она рассказывает, как знакомые сограждане, находящиеся в Европе, кричат о готовности терпеть столько сколько нужно.","и**The Ukrainian girl chops the truth uterus

She tells how fellow citizens she knows in Europe are screaming about being willing to endure as much as necessary.",,
743.0,Северодонецк,Severodonetsk,,
744.0,"Сегодня глава Еврокомиссии Урсула фон дер Ляйен опубликовала в твиттере видео, где упомянула более 100 тыс. убитых бойцов ВСУ. Позже её заставили отредактировать твит и вырезать момент, в котором она упоминает 100 тыс. убитых.

Ведь судя по украинской пропаганде у них потерь практически нет, а реальные данные надломят дух ВСУшников🤡","Today, the head of the European Commission, Ursula von der Leyen, posted a video on Twitter, where she mentioned more than 100,000 killed Ukrainian soldiers. She was later forced to edit a tweet and cut out a moment in which she mentions the 100,000 killed.

After all, judging by Ukrainian propaganda, they have almost no losses, and real data will break the spirit of VSushnikov",,
745.0,"😡 «Ты что долбоёб? Я тебя купить смогу, придурок, бл*ть!»

Таксист заподозрил, что его клиент — мошенник и попросил заранее перевести деньги на карту, но пассажиру это явно не понравилось","  ""Are you a motherfucker?"" I can buy you, motherfucker!

The taxi driver suspected that his client was a fraudster and asked to transfer money to the card in advance, but the passenger clearly did not like it",,
746.0,"**Трое беженцев из Нигерии 11 суток провели в открытом океане.

**За это время судно, идущее из Лагоса в Лас-Пальмас на Канарах, преодолело 2 700 морских миль. Беженцы провели полторы недели сидя в одной позе снаружи корабля. В сантиметрах от волн 😨","Three refugees from Nigeria spent 11 days in the open ocean.

**During this time, the ship sailing from Lagos to Las Palmas in the Canary Islands covered 2,700 nautical miles. The refugees spent a week and a half sitting in one position outside the ship. In centimeters from waves ах",,
747.0,"«Программа развлечений» для туристов в Таиланде.

На это надо обязательно сходить","""Amusement program"" for tourists in Thailand.

It's a must go",,
748.0,"💩 Кринжуха дня: тяночка выложила списочек из 53 пунктов описания «идеального парня», среди которых: запрет на мат, курение и компьютерные игры.","  Kinjukha of the day: the woman posted a list of 53 items describing the “perfect guy”, including: a ban on mat, smoking and computer games.",,
749.0,"В Перми горит ТЭЦ-9. По нашим данным, полыхает крыша одного из цехов.","In Perm, CHP-9 is burning. According to our data, the roof of one of the workshops is burning.",,
750.0,Он просто очень любит пиво,He just really likes beer,,
751.0,"Глава Еврокомиссии заявила, что с начала боевых действий **погибли более 100 тысяч украинских военных**.

По сведениям Урсулы фон дер Ляйен финансовый ущерб Украине превысил 600 миллиардов евро. Сейчас в ЕС заблокированы более 300 миллиардов евро, которые принадлежат РФ. Эти деньги глава Еврокомиссии предлагает направить на помощь Украине.","The head of the European Commission said that since the beginning of hostilities, more than 100,000 Ukrainian soldiers have died.

According to Ursula von der Leyen, the financial damage to Ukraine exceeded 600 billion euros. Now in the EU blocked more than 300 billion euros, which belong to Russia. The head of the European Commission proposes to send this money to help Ukraine.",,
752.0,"Битва за бигмак.

Нашли на видео хоть одну женщину легче 100 кг?","Battle for the Big Mac.

Did you find a woman in the video lighter than 100 kg?",,
753.0,"**Жёсткая бразильская полиция

**Женщина оказывает сопротивление при задержании, но у полицейского в тот день было не то настроение, чтобы уговаривать её.","**Brazilian police brutality

A woman resists arrest, but the police officer was not in the mood to persuade her that day.",,
754.0,"Пьяный дядька увидел как зумер не уступает место женщине и захотел накидать ему

Прав или нет?","A drunken man saw how the buzzer did not give way to a woman and wanted to throw it to him.

Right or wrong?",,
755.0,"💥🇷🇺**Доброе утро, мы из России

**Русские САУ МСТА-C бьют по  ВСУ","Good morning, we are from Russia.

** Russian self-propelled guns MSTA-C hit the APU",,
756.0,"Сегодня отмечается Международный день секса.

Отправляй тому или той, с кем будешь отмечать 😏","Today is International Sex Day.

Send to someone or someone with whom you celebrate",,
757.0,Возмущения украинца на невозможность отдыха от артиллерии ВС РФ.,Indignation of the Ukrainian on the inability to rest from the artillery of the Armed Forces of the Russian Federation.,,
758.0,"🇨🇳 Антиковидные протесты в Сюйчжоу привели к активизации китайской армии

В районы, где протестующие наиболее активны вводится военная техника.","  Anticove protests in Xuzhou led to the activation of the Chinese army

In areas where protesters are most active military equipment is introduced.",,
759.0,Зря конечно она на пуджа полетела,I see a pooja flying horse,,
760.0,"Ничего необычного, просто одесские похоронщики **копают могилы и ведут трансляции** в тиктоке","Nothing unusual, just Odessa funeral workers ** dig graves and broadcast ** in titokoe",,
761.0,"Польские наёмники, с ублюдскими ухмылками, жгут православную Библию.","Polish mercenaries, with motherfucker grins, burn the Orthodox Bible.",,
762.0,Толстяк выкинул активистов словно мусор,Fat man throws activists out like garbage,,
763.0,В Беларуси нет дедлайнов,In Belarus Net Deadlineov,,
764.0,"В Хабаровске куколд ударил своего друга ножом и выбросил в окно из-за ревности.

Житель Южного микрорайона позвал в гости другана. Во время ужина тот начал делать комплименты его возлюбленной — за это получил ножом в рёбра, а после был выкинут из окна шестого этажа. Труп упал на припаркованную Тойоту.

Тело обнаружили хозяева авто спустя два часа. 40-летнего ревнивца задержали","In Khabarovsk, the doll stabbed his friend and threw him out the window because of jealousy.

A resident of the southern district invited a friend to visit. During dinner, he began to make compliments to his beloved - for this he received a knife in the ribs, and then was thrown out of the sixth floor window. The body fell on a parked Toyota.

The body was found by the car owners two hours later. 40-Year-Old Jealous Man Arrested",,
765.0,"«Допинг для победы», «защита от укропов», «сыт и опасен» - и прочие оригинальные надписи можно найти на тушенках из Республики Коми, которые отправляются военным в Украину.","“Doping to win”, “protection from dill”, “fed and dangerous” – and other original inscriptions can be found on stews from the Komi Republic, which are sent to the military in Ukraine.",,
766.0,"Это могли быть мы, но ты меня игноришь","It could be us, but you're ignoring me",,
767.0,"Артемовск (Бахмут).

Видео с украинской стороны.","Artemovsk (Bakhmut).

Video from the Ukrainian side.",,
768.0,Короткая поездочка,Short trip,,
769.0,"Капитану сборной США по футболу, который заявил что **очень уважает «айран»** напомнили, что правильно говорить не «айран», а Иран.

Неловко получилось.","The captain of the U.S. national football team, who said he had great respect for Ayran, was reminded that the right thing to say is not Ayran, but Iran.

It was awkward.",,
770.0,"В Тамбове трое мужчин похитили 18-летнюю девушку, потому что родственники отказались выдавать её замуж.

Сразу после похищения плохие парни увезли девушку против воли в Нижегородскую область. Спустя несколько дней она смогла убежать от похитителей и обратиться в полицию.

Неудавшегося 20-летнего жениха задержали, ему предъявлено обвинение по статье ""Похищение человека"". Отца и старшего брата подозреваемого объявили в федеральный розыск.

*На видео — момент похищения девушки, на втором видео — отец ""невесты"", громящий кафе, которое, предположительно, принадлежит семье похитителей","In Tambov, three men kidnapped an 18-year-old girl because her relatives refused to marry her.

Immediately after the abduction, the bad guys took the girl against her will to the Nizhny Novgorod region. A few days later, she was able to escape the kidnappers and contact the police.

The failed 20-year-old groom was detained, he was charged under the article “Abduction of a person”. The father and older brother of the suspect were put on the federal wanted list.

In the video - the moment of the abduction of the girl, in the second video - the father of the ""bride"", destroying the cafe, which allegedly belongs to the family of the kidnappers",,
771.0,"🇷🇺🇷🇸**Болеем за сербов на Чемпионате мира по футболу**

Активисты провели акцию #наши в поддержку сборной Сербии на Чемпионате мира по футболу. Большой баннер с текстом ""Посигналь, если болеешь за сербов"" появился на одной из автомагистралей. И водители с удовольствием ответили взаимностью.

Положение в группе G после двух туров такое:
🇧🇷 Бразилия - 6
🇨🇭Швейцария - 3
🇨🇲 Камерун - 1
🇷🇸 Сербия - 1

И пусть вас не смущает, что в данный момент сборная Сербия четвертая. Следующий матч у них со Швейцарией, а Бразилия будет укатывать Камерун (надеемся, что ни у кого нет в этом сомнений).

Так вот победа над Швейцарией обеспечит сербам проход в плей-офф. Поэтому включаем телевизор 2 декабря в 22:00 по Москве. И, конечно же, болеем наших православных братьев.

ДАЕШЬ СЕРБОВ В ПЛЕЙ ОФФ!

[**Не ZабыVай**](https://t.me/ne_zabivai) — **срби и руси браћа заувек**","е**We cheer for the Serbs at the World Cup**

Activists held #our action in support of the Serbian national team at the World Cup. A large banner with the text ""Signal, if you support the Serbs"" appeared on one of the highways. The drivers were happy to reciprocate.

The situation in group G after two rounds is as follows:
  Brazil - 6
Switzerland - 3
  Cameroon - 1
  Serbia - 1

And don’t be embarrassed that at the moment Serbia is fourth. Their next match is against Switzerland and Brazil will be riding Cameroon (hopefully no one doubts that).

So the victory over Switzerland will provide the Serbs with a pass to the playoffs. Therefore, turn on the TV on December 2 at 22:00 Moscow time. And, of course, sick our Orthodox brothers.

Give Serbs to Play Off!

(https://t.me/ne_zabivai) - **Srbi and Rusi Brahma zavek**",,
772.0,"**В Питере зумер схлестнулся со школьным охранником.

**Паренек назвал охранника «Джамшутом», а тот не стерпел и пошёл в бой.","In St. Petersburg, the zoomer clashed with a school guard.

The boy called the guard ""Jamshut"", and he did not tolerate and went into battle.",,
773.0,"Курьер из Воронежа **насрал рядом с котёнком**.

Судя по видео с камер, работяга не смог сдержать вонючую бомбу и решил нагадить в угол. При этом его даже не смутил котёнок, который там спокойно отдыхал.

Жители дома прихуели от увиденного и пожаловались на обосрыша в соцсетях","A courier from Voronezh shits next to a kitten.

Judging by the video from the cameras, the workman could not contain the smelly bomb and decided to shit in the corner. At the same time, he was not even confused by the kitten, who rested there calmly.

Residents of the house faded from what they saw and complained about the scum in social networks",,
774.0,"Как развлекается белорусская молодёжь.

Пездюк жив, но милиция и МЧС проводят проверку","How Belarusian youth are entertained.

Pesdyuk is alive, but the police and the Ministry of Emergency Situations are checking",,
775.0,"**Кто не голый, тот москаль

В своем стремлении жить «вопреки» России украинцы превзошли себя**🤡","Who is not naked is a Moskal

In their desire to live “in spite” of Russia, Ukrainians have surpassed themselves",,
776.0,Ситуация во Владивостоке. В городе прошёл ледяной дождь. Утром люди и машины в буквальном смысле покатились на работу и учёбу.,"The situation in Vladivostok. It was freezing rain in the city. In the morning, people and cars literally rolled to work and study.",,
777.0,"**«Вот взять бы и ударить по Красной площади»

**Украинский журналист Дмитрий Гордон сожалеет, что Запад не предоставил соответствующие ракеты","**I would like to hit the Red Square.

Ukrainian journalist Dmitry Gordon regrets that the West did not provide the appropriate missiles",,
778.0,Доброе утро,Good morning,,
779.0,"В соцсетях появились кадры, на которых неизвестные поджигают автомобиль с Z-символикой.

Место действия неизвестно","In social networks there were shots in which unknown people set fire to a car with a Z-symbolic.

Location unknown",,
780.0,"Во время матча Португалия - Уругвай на поле выбежал фанат **в футболке со слоганами в поддержку Украины и женщин Ирана, а в руках держал флаг ЛГБТ.

**На последнем фото испанские болельщики с флагом нацисткого батальона Азов.","During the match Portugal – Uruguay on the field ran a fan in a T-shirt with slogans in support of Ukraine and women of Iran, and held the flag of LGBT people.

** In the last photo, Spanish fans with the flag of the Nazi battalion Azov.",,
781.0,"Как звучит «Доброе утро» на голландском.

Оказывается, я каждое утро на голландском разговариваю","It sounds like “Good Morning” in Dutch.

Turns out I speak Dutch every morning",,
782.0,Совпадение? Не думаю...,Coincidence? I don't think. .,,
783.0,"Гордон, ты дурак?","Gordon, are you stupid?",,
784.0,"В Волгограде девушка забыла в такси **пол бутылки пива и потребовала её вернуть, либо перевести деньги на карту.

**В итоге водителю позвонила техподдержка с просьбой отвести 0.2 литров пивчанского в бюро находок и после отказа мужчину заблокировали в сервисе такси, где он работал.

Фантастические твари и где они обитают.","In Volgograd, the girl left a half bottle of beer in a taxi and demanded to return it or transfer the money to a card.

**As a result, the driver received a call from technical support with a request to take 0.2 liters of Pivchansky to the found office and after the refusal, the man was blocked in the taxi service where he worked.

Fantastic creatures and where they live.",,
785.0,"**🤬🇨🇦Канадские силовики топчут протестующих.

**Конная полиция врывается в толпу митингующих граждан с одной единственной целью: покалечить нескольких, чтобы запугать остальных.","** Canadian security forces are trampling on protesters.

Mounted police rush into a crowd of protesting citizens with one sole purpose: to maim a few to intimidate the rest.",,
786.0,"И такое случается.

Кадры с той стороны.","And it happens.

Footage from that side.",,
787.0,Работают профессионалы😎 Зачистка по-украински😏,Professionals working ы Cleaning in Ukrainian ст,,
788.0,"**❗️Президенты России и Казахстана подписали совместную декларацию по итогам переговоров в Москве. Главное:

**– Россия и Казахстан продолжат взаимодействие между вооруженными силами;

– Москва и Астана будут и дальше развивать военно-техническое сотрудничество;

– Стороны развивают союзнические отношения и занимают близкие позиции по актуальным международным проблемам;

– Россия и Казахстан намерены наращивать потенциал ОДКБ и совершенствовать борьбу с современными угрозами;

– Москва и Астана воздерживаются от нанесения вреда стратегическому партнерству и укрепляют сотрудничество в области энергетики и транзита энергоресурсов;

– Россия и Казахстан прилагают усилия по предотвращению гонки вооружений и военных действий в космосе.","The presidents of Russia and Kazakhstan signed a joint declaration following the talks in Moscow. Important:

Russia and Kazakhstan will continue cooperation between the armed forces.

Moscow and Astana will continue to develop military-technical cooperation;

- The parties develop allied relations and take close positions on topical international problems;

Russia and Kazakhstan intend to increase the potential of the CSTO and improve the fight against modern threats;

Moscow and Astana refrain from harming the strategic partnership and strengthen cooperation in the field of energy and energy transit;

Russia and Kazakhstan are making efforts to prevent an arms race and military action in space.",,
789.0,"**Массовая драка в Подольске

**Двое бородачей вступили в кулачный бой с двумя молодыми парнями.
По итогу весь этот беспредел смогли разнять только полицейские.","** Massive brawl in Podolsk

Two bearded men engaged in a fist fight with two young men.
As a result, only the police could distinguish all this disorder.",,
790.0,"❗️🇺🇦**Промытая пропагандой украинка втирает русскоязычным согражданам, что они второй сорт.**",Propaganda-washed Ukrainian rubbing Russian-speaking fellow citizens that they are second class.**,,
791.0,"**Если шо какай на пакет

**Украинские будни. Орки украли стены. А воды не буде. 😢

Пока Зеленский отменяет финмониторинг, чем окончательно закрывает тему с вступлением в Евросоюз, украинцы в неведении продолжают свою борьбу. Будут какать на пакеты.","If you poop on the bag

Ukrainian weekdays. Orcs stole the walls. There's no water.

While Zelensky cancels financial monitoring, which finally closes the topic with accession to the European Union, Ukrainians in the dark continue their struggle. They'll poop on the bags.",,
792.0,"**👏 Минобороны показало, как устроена работа военных врачей, добровольно прибывших в зону спецоперации.**

""Я **по зову сердца пришел служить своей Родине, помогать ребятам**, которые находятся сейчас на переднем крае и ведут активные боевые действия"",__ __— рассказал начальник анестезиолого-реанимационного отделения Алексей

**Ставь ❤️, если гордишься нашими врачами!**

[От Первого Лица](https://t.me/otpervogolitsa)","**The Ministry of Defense showed how the work of military doctors who voluntarily arrived in the special operation zone is arranged.**

""I came to serve my Motherland, to help the guys who are now on the front line and are conducting active hostilities,"" - said the head of the anesthesiological and intensive care department Alexei.

If you are proud of our doctors!

[From First Person] (https://t.me/otpervogolitsa)",,
793.0,"Вечеринка в Брюсселе вчера явно вышла из под контроля.

Напоминаем, что это марроканцы так праздновали победу своей сборной по футболу.","The party in Brussels was clearly out of control yesterday.

We remind you that the Moroccans celebrated the victory of their national football team.",,
794.0,"Наталья Украинская была под наркотиками, когда протаранила мать с двумя детьми на улице Свободы в Москве. Это подтверждено экспертизой.

36-летняя женщина и её четырёхлетний сын погибли, а годовалая дочка в больнице. Виновнице грозит до 15 лет.","Natalia Ukrainskaya was under drugs when she rammed a mother with two children on Freedom Street in Moscow. It's backed up by forensics.

A 36-year-old woman and her four-year-old son died, and her one-year-old daughter was hospitalized. The culprit faces up to 15 years.",,
795.0,"В Новосибирске посетители бизнес-центра запустили собаку внутрь, чтобы она погрелась, но это не понравилось охраннику. Он несколько раз ударил четырёхлапую ногами (не попало на видео), после чего взял за шкирку и выкинул на мороз. Местные, узнав об этом, обрушили рейтинг заведения в сети .

Тут еще вопрос, кто в этой истории животное","In Novosibirsk, visitors to the business center launched the dog inside to warm up, but the guard did not like it. He hit his four-legged legs several times (not in the video), then took the neck and threw it out in the cold. Locals, having learned about this, downgraded the rating of the institution in the network.

I wonder who the animal is in this story",,
796.0,"Хорватская болельщица  продолжает гнуть свою линию, поэтому пришла на матч сборной Хорватии против Марокко в обтягивающем платье с глубоким декольте.","The Croatian fan continues to bend her line, so she came to the match of the Croatian national team against Morocco in a tight dress with a deep neckline.",,
797.0,"**Российские военные нашли доказательство пыток со стороны ВСУ.**

В районе село «Пологи» обнаружена пыточная комната со всем необходимым «оборудованием».","**The Russian military found evidence of torture by the APU.**

In the area of the village “Polog” found a torture room with all the necessary “equipment”.",,
798.0,"**«Украинцы – самый тупой народ»** – тиктокерша из Ивано-Франковска жестко троллит украинцев.

«Я родилась в Украине, и это моя самая большая ошибка».","**“Ukrainians are the dumbest people”** – Tiktokersh from Ivano-Frankivsk hard trolls Ukrainians.

I was born in Ukraine, and this is my biggest mistake.",,
799.0,А вы точно сапёр?,Are you a sapper?,,
800.0,**Встретились как-то два дэбила в лесу и решили проверить **дерево на прочность.,**We met two morons in the woods and decided to test the tree for strength.,,
801.0,"Мигрант убил клиентку в Питере, потому что ей не понравился ремонт.

27-летняя Юлиана захотела изменить свою хату, и для этого пригласила 41-летнего Алмаза из Киргизии. К сожалению, результат разочаровал хозяйку. Мастурбек решил, что ему не заплатят, поэтому ударил петербурженку по голове чем-то тяжёлым, а после задушил проволокой.

25 ноября тело мадам нашли в квартире под мешками со строительным мусором. На шее убитой был след от проволоки, а сама она была завёрнута в полиэтилен. На камерах видеонаблюдения видно, как девушка заходит в лифт, а уже после выходит её убийца. Позже его задержали","A migrant killed a client in St. Petersburg because she didn't like the repairs.

Juliana, 27, wanted to change her house and invited 41-year-old Diamond from Kyrgyzstan to do so. Unfortunately, the result disappointed the hostess. Masturbek decided that he would not be paid, so he hit the St. Petersburg woman on the head with something heavy, and then strangled him with wire.

On November 25, the body of the madam was found in an apartment under bags of construction debris. There was a wire mark on her neck, and she was wrapped in plastic. On security cameras, you can see how the girl enters the elevator, and after her killer comes out. He was later detained",,
802.0,Обычная школьная столовка,Regular school cafeteria,,
803.0,"**Зеленский пугает Украину: Русские готовят новые удары и пока у них есть ракеты – они не успокоятся.

**__""Начинающаяся неделя может быть такой же сложной, как и эта уходящая. Наши силы обороны готовятся. Все государство готовится. Все сценарии прорабатываем, в том числе с партнерами"".__","**Zelensky scares Ukraine: The Russians are preparing new strikes and as long as they have missiles, they will not rest.

The beginning of the week can be as difficult as this one. Our defense forces are preparing. The whole state is preparing. We are working on all scenarios, including with partners",,
804.0,🇷🇺🇺🇦 Донбасс. Прямое попадание по окопу ВСУ.,Donbass. Direct hit on the AFU trench.,,
805.0,Когда у тебя отключили отопление и ты решил приобрести электрический обогреватель. Но потом отключили и электричество…,"When your heating was turned off, you decided to buy an electric heater. But then the electricity was turned off",,
806.0,Наёмный нацист из США летит воевать в Украину,A hired Nazi from the United States flies to fight in Ukraine,,
807.0,"Турецкий болельщик во время футбольного матча взял угловой флажок и пизданул им вратаря.

Такой футбол мы смотрим","A Turkish fan during a football match took a corner flag and gave them a cunt goalkeeper.

This is the kind of football we watch",,
808.0,"А так фанаты сборной Марокко празднуют победу родной команды над сборной Бельгии. В столице Бельгии — Брюсселе.

Всё в лучших традициях: разбитые стёкла, драки, огонь и разгон ликующей-кайфующей толпы слезоточивым газом и водомётами","And so fans of the Moroccan national team celebrate the victory of their native team over the Belgian national team. In the capital of Belgium, Brussels.

Everything is in the best traditions: broken glass, fights, fire and dispersal of the jubilant crowd with tear gas and water cannons",,
809.0,"Неожиданная встреча произошла ночью на трассе в Балахнинском районе (Нижегородская область).

Один из пострадавших — 43-летний мужчина — скончался. Предположительно, оба были пьяные","The unexpected meeting occurred at night on the highway in Balakhninsky district (Nizhny Novgorod region).

One of the victims, a 43-year-old man, died. Presumably, both were drunk",,
810.0,Мощный удар ВС России по колонне техники ВСУ. Детонация одной из машин с боеприпасами.,A powerful blow of the Russian Armed Forces on a convoy of APU equipment. Detonation of one of the vehicles with ammunition.,,
811.0,А выебонов-то было,It was crazy,,
812.0,Минус нога,Minus leg,,
813.0,"**Мужик, который держит в страхе весь дом.

**Клоун ходит по подъездам с топором и рубит двери.","The man who keeps the house at bay.

A clown walks through the entrances with an axe and cuts down doors.",,
814.0,"🇺🇦😁Вменяемые украинцы во всю высмеивают в сети широко разрекламированные  Зеленским так называемые Пункты Незламности. Которые на самом деле представляют из себя....Ну в общем — ничего не представляют

☺️Сами украинцы говорят, что толку от этих пунктов — канарейка чихнула: ни тепла, ни электричества, ни...горилки.","  Reasonable Ukrainians ridicule the so-called Neglectable Points widely advertised by Zelensky in the network. Which is really who they are. . . . Well, they don't represent anything.

The Ukrainians themselves say that the sense of these points - the canary sneezed: no heat, no electricity, no ... burners.",,
815.0,"В Урюпинске автомобиль насмерть снёс пенсионерку, которая спокойно стояла около магазина строительных материалов","In Uryupinsk, the car to death demolished a pensioner who calmly stood near the store of building materials",,
816.0,"Во Львове, ночью, пока не было света, на кладбище ВСУшников с некоторых могил посрывали украинские флаги.","In Lviv, at night, while there was no light, Ukrainian flags were torn from some graves at the VSushnikov cemetery.",,
817.0,🇺🇦❌Коротко об украинской логике и способах/невозможности ее лечения,Briefly about Ukrainian logic and methods / inability to treat it,,
818.0,"🇺🇦🗣Неужели они начали догадываться

Девушка из Харькова разоблачает укроложь о России","Did they start to guess?

The girl from Kharkiv exposes the tamer about Russia",,
819.0,Стадия принятия?,Stadium?,,
820.0,"Хорватская болельщица показала грудь на ЧМ в Катаре, и теперь ее призывают арестовать.

Причиной возмущения катарцев стало то, что модель пришла поддержать команду своей страны в весьма откровенном наряде. Мисс Хорватия-2016 надела облегающее платье с глубочайшим вырезом. Девушку моментально стали осуждать в соцсетях за неуважение к мусульманам.

Сама хорватка раскритиковала организаторов ЧМ в Катаре.

__«Это катастрофа. Мне жаль всех людей, которые не могут попасть на чемпионат мира из-за худшей организации турнира в истории. Мне повезло, и я могу поддержать сборную Хорватии. Теперь понятно, почему многие не хотели ехать в Катар. Это цирк»__.

Многие жители Катара вообще призвали запретить мадам посещать матчи и арестовать ее за «вызывающий внешний вид»","A Croatian fan showed her breasts at the World Cup in Qatar and is now being called on to be arrested.

The reason for the indignation of the Qataris was that the model came to support the team of his country in a very frank outfit. Miss Croatia 2016 wore a tight-fitting dress with a deep neckline. The girl was immediately condemned in social networks for disrespect for Muslims.

The Croatian herself criticized the organizers of the World Cup in Qatar.

""This is a disaster."" I feel sorry for all the people who cannot make it to the World Cup because of the worst tournament organisation in history. I am lucky and I can support the Croatian national team. Now I understand why many people didn’t want to go to Qatar. It's a circus.

Many Qataris have called for the madam to be banned from attending matches and arrested for her “defiant appearance”",,
821.0,"🇷🇺🇺🇦 Центр Донецка подвергся обстрелу со стороны ВСУ. Под огнем оказались Кировский и Петровский районы. В некоторых домах пропало электричество. Украинцы выпустили по Донецку 9 снарядов калибром 155 мм, сообщил мэр города.","The center of Donetsk was shelled by the AFU. Under fire were the Kirov and Petrovsky districts. Some homes lost electricity. Ukrainians fired 9 shells with a caliber of 155 mm at Donetsk, the mayor said.",,
822.0,"__— Привет, красавчик. Камень, ножницы, бумага. Если победишь, ты целуешь меня.

— Нет

__Наш герой 💪🏻","___- Hey, handsome. Stone, scissors, paper. If you win, you kiss me.

- No.

__ Our hero  ️",,
823.0,"Не стоило бить машину

Нахала отправили спать после удара по машине.","You shouldn't have hit the car.

Nachal was sent to bed after hitting the car.",,
824.0,❗️Украинка про Зеленского🤡,Ukrainian woman about Zelensky,,
825.0,"**Россия начала бить по транспортной инфраструктуре. **Со вчерашнего дня фиксируются прилеты в разных областях Украины.
[
](https://t.me/joinchat/S4sxJSIf8aYwNjQy)Сегодня был нанесён ракетный удар по Кривому Рогу. Это уже подтверждают местные власти.

""Серьезные разрушения объекта транспортной инфраструктуры двумя ракетами""","** Russia has begun to attack the transport infrastructure. ** Since yesterday, arrivals have been recorded in various regions of Ukraine.
...
] (https://t.me/joinchat/S4sxJSIf8aYwNjQy) A missile attack on Krivoy Horn was carried out today. This is already confirmed by local authorities.

Severe destruction of transport infrastructure by two missiles",,
826.0,"**В Долгопрудном мужчина вытащил провалившуюся под лёд собаку

**Заметив, что сам пёс выбраться не может, наш герой полез в ледяную воду.","**In Dolgoprudny, a man pulled a dog that fell under the ice

Noticing that the dog himself can not get out, our hero climbed into the icy water.",,
827.0,"Под Алматы пять школьников попали под автомобиль, когда пытались перейти дорогу в неположенном месте.

Все были госпитализированы. У большинства из них черепно-мозговые травмы, ушибы головного мозга, многочисленные переломы, а также врачи диагностируют закрытые травмы грудной клетки, живота и травматический шок","Near Almaty, five schoolchildren were hit by a car when they tried to cross the road in the wrong place.

Everyone was hospitalized. Most of them have traumatic brain injuries, bruises of the brain, numerous fractures, and doctors diagnose closed injuries to the chest, abdomen and traumatic shock",,
828.0,Китайцам принудительно делают анальный тест на ковид 🤨,The Chinese are forced to do anal covid test,,
829.0,🇰🇵 Ким Чен Ын снова сфотографировался с дочерью и пусковой командой МБР Hwasong-17.,Kim Jong-un was photographed again with his daughter and the launch team of the Hwasong-17 ICBM.,,
830.0,"**Знаменитый «Херсонский Енот» стал оператором БПЛА

**Сейчас он активно обучается управлять квадрокоптером и уже приступил к несению службы.","**The famous ""Kherson Raccoon"" became the operator of the UAV

**Now he is actively learning to operate a quadcopter and has already begun to perform the service.",,
831.0,"🇷🇺❤️ Бойцы с фронта для всех мамочек России: дорогие наши, с Днём Матери ❤️

Парни красавцы присоединяемся к вам ❤️❤️❤️🌹🌹🌹"," ️ Fighters from the front for all mothers of Russia: dear ones, happy Mother's Day

The beautiful guys join you ни️ни️ни️ни",,
832.0,"Советник главы Офиса президента Украины Михаил Подоляк:

**__«Украинцы будут жить в условиях каменного века, но не простят Россию»
__**
90% населения Украины готовы жить в условиях каменного века, но не примириться с Россией.","Advisor to the head of the Office of the President of Ukraine Mikhail Podolyak:

Ukrainians will live in the conditions of the Stone Age, but will not forgive Russia
___**
90% of the population of Ukraine are ready to live in the conditions of the Stone Age, but not to reconcile with Russia.",,
833.0,"🤦Автоледи из Омска повредила несколько автомобилей, пока пыталась... припарковаться.",The car from Omsk damaged several cars while trying to... park.,,
834.0,"**Украина теперь выглядит так.

**Магазин на генераторе.
Уличный фастфуд на генераторе.
Авто с генератором на крыше.","** Ukraine looks like this now.

The store's on the generator.
Street fast food on the generator.
A car with a generator on the roof.",,
835.0,Ситуация на выезде из Херсона — люди пытаются покинуть город как можно скорее,The situation on the way out of Kherson - people are trying to leave the city as soon as possible,,
836.0,"Позиции ВСУ.

Предположительно район Бахмута (Артемовска).","APU positions.

Presumably the district of Bakhmut (Artemovsk).",,
837.0,🔥🇨🇳 Митингующие в Китае устраивают погромы в ковидных лагерях. Недовольные ограничениями граждане вышли на улицы в городе Ланьчжоу. Они выкрикивают протестные лозунги и переворачивают пункты тестирования на ковид.,"  Protesters in China stage pogroms in covid camps. Dissatisfied with the restrictions, citizens took to the streets in Lanzhou. They shout protest slogans and turn over covid testing points.",,
838.0,😳 В Казахстане начались массовые протесты из-за инаугурации президента Токаева. Люди вышли не смотря на 30 градусный мороз в столице.,¶ Mass protests have started in Kazakhstan over the inauguration of President Tokayev. People came out despite the 30-degree frost in the capital.,,
839.0,"🤕🇺🇦**Карма — штука беспощадная

**ВСУшник разорвал и поджёг портрет Владимира Путина, а вскоре Микола остался без ноги","Karma is a merciless thing.

VSushnik tore and set fire to a portrait of Vladimir Putin, and soon Mikola was left without a leg",,
840.0,Гвардейцы 1-й танковой армии устроили засаду танку 14 бригады ВСУ на Купянском направлении. Выстрелом в упор украинский танк был уничтожен.,Guardsmen of the 1st Tank Army ambushed the tank of the 14th AFU brigade in the Kupyansk direction. The Ukrainian tank was shot at point-blank range.,,
841.0,**«Забанить дуру Елену 33!»**,"(Sighs) ""Fun the duet of Elena 33!"" *",,
842.0,"ФБР объявило в розыск **Евгения Пригожина** и назначило за информацию, которая поможет его арестовать, награду в $250 тысяч","The FBI has declared wanted **Evgeny Prigozhin ** and appointed for information that will help arrest him, a reward of $ 250,000",,
843.0,Подъехала сборка лайфхаков для украинцев,Arrived assembly of life hacks for Ukrainians,,
844.0,"**""Это чё у нас тут происходит, ребята?""

**По улицам Твери разъезжает БТР с украинскими флагами в сопровождении машин ДПС. Оказалось, что в городе проходят съёмки фильма ""Музыкант"" — и без такого реквизита не обойтись.

А чтобы не было вопросов, как в прошлый раз в столице, правоохранители дежурят прямо рядом с колонной военной техники.","""What's going on here, guys?""

** On the streets of Tver, an APC drives with Ukrainian flags accompanied by DPS cars. It turned out that in the city are shooting the film “Musician” – and without such props can not do.

And so that there were no questions, like last time in the capital, law enforcement officers are on duty right next to the column of military equipment.",,
845.0,"**__«Ты что улыбаешься, животное? Я тебя сейчас в окно выкину».

__**В Красноярске парень избил, побрил и облил зелёнкой свою девушку за попытку измены. Последствия наказания он снял на камеру.

Парень решил проверить свою девушку Леру и начал переписываться с ней от лица другого. Проверку, по его словам, она не прошла — согласилась на встречу с другим парнем. Хотя девушка утверждала, что сразу поняла, с кем ведёт переписку.

Рассерженный мужчина избил Леру, выстриг ей волосы и облил зелёнкой, после чего начал записывать плачущую девушку на камеру. Во время разговора он угрожал выкинуть её из окна.","Are you smiling, an animal? I'll throw you out the window.

In Krasnoyarsk, a guy beat, shaved and doused his girlfriend with green for attempting treason. He filmed the consequences of the punishment on camera.

The guy decided to check on his girlfriend Lera and began to correspond with her on behalf of another. According to him, she did not pass the test – she agreed to meet with another guy. Although the girl claimed that she immediately understood with whom she was correspondence.

An angry man beat Lera, cut her hair and doused her with green, and then began to record a crying girl on camera. He threatened to throw her out the window.",,
846.0,"**Военный объект попал под удар в Днепропетровске

**Местные власти сообщают об атаке крылатыми ракетами.

При этом воздушная тревога в регионе не объявлялась.","**Military facility hit in Dnipropetrovsk

** Local authorities report cruise missile attack.

There was no air alert in the region.",,
847.0,"⚡️**Сильный пожар произошел в Катаре недалеко от фан-зоны ЧМ-2022

**По сообщениям очевидцев, горит строящееся здание рядом с фанатской деревней в городе Лусаил.","A strong fire occurred in Qatar near the fan zone of the world Cup 2022

**According to eyewitnesses, a building under construction near a fan village in the city of Lusail is on fire.",,
848.0,Не самая удачная презентация,Not the best presentation,,
849.0,Пёсика то за что суки?,Пёсика то за что суки?,,
850.0,"⚡️** ФИФА: Откуда у сборной Сербии появилось еще 147 миллионов болельщиков, выясняет специальная комиссия.**"," ️** FIFA: Where did the Serbian national team have another 147 million fans, a special commission finds out",,
851.0,"Мудрая девушка обращается к жителям Киева.

__И в чем она не права?__🤔","A wise girl addresses the residents of Kiev.

What is she wrong about",,
852.0,"Сербские болельщики скандируют на стадионе в Катаре: “Русские и Сербы - братья навек!""","Serbian fans chanting at Qatar stadium: ""Russians and Serbs are brothers forever!""",,
853.0,"🤭 В США мужик решил разнести магазин GameStop, просто потому что ему отказали вернуть деньги за игру","  In the United States, a man decided to destroy the GameStop store, just because he was refused refund for the game",,
854.0,"**Вчера во время матча Англия-США американский футболист вытер руки об жилет фотографа перед тем, как вбросить аут!**","**Yesterday during the England-US match, an American football player wiped his hands on the photographer's vest before throwing out!**",,
855.0,🪖  **Подстанции Украины после «калибровки»**,"ки **Substations of Ukraine after ""calibration""**",,
856.0,Одесситы после отключения электротранспорта на этих выходных:,After the shutdown of electric vehicles this weekend:,,
857.0,"❗️ОФИЦИАЛЬНО: **Президент Казахстана Токаев вступил в должность президента Казахстана,** приняв присягу на церемонии инаугурации

Он будет главой на протяжении следующих семи лет","И️Official: **Kazakh President Tokayev takes office as President of Kazakhstan,** taking oath at inauguration ceremony

He will be the leader for the next seven years",,
858.0,Кадыров селфится. 😀,Kadyrov selfies. 😀,,
859.0,"🚀🇷🇺**Доброе утро, мы из России

«**Грады» отправляют огненные подарки на позиции хохлов","Good morning, we are from Russia.

“Grads” send fiery gifts at the position of Khokhlov",,
860.0,"Пока хлопчики погибают на фронте, Оксанка приехала в Германию и ищет ~~приключений на свою Ж~~ себе нового мужичка…","While the clappers are dying at the front, Oksanka came to Germany and is looking for a new man..",,
861.0,"⚡️ Мощные штормовые ветра и сильные дожди вызвали крупнейшее наводнение в Саудовской Аравии

Сотрудники экстренных служб ликвидируют последствия"," ️ Powerful storm winds and heavy rains caused the largest flooding in Saudi Arabia

Emergency services personnel deal with the consequences",,
862.0,Английских болельщиков не пустили на стадион в Катаре **в полном облачении крестоносцев**. но попытка была хорошая,"English fans were not allowed to enter the stadium in Qatar in full crusader clothes, but the attempt was a good one",,
863.0,Экстрасенсы из телевизора хуйни не скажут,Psychics on TV won't say shit,,
864.0,"[📺](https://youtu.be/sB0aoHwTx68)**Создатель «**[**Рыбаря**](https://t.me/rybar/41480)**» — новый герой видеоподкаста «Хроники нового мира» на RTVI

**О том, кто ведет телеграм-канала «Рыбарь», ходило множество слухов и догадок. Сегодня он решил раскрыть свою личность, а заодно рассказал о своей работе в Минобороны, заработке, численности редакции, взаимодействии с ЧВК «Вагнер», украинских информаторах, проблемах мобилизации и разочарованных в военной операции.

Полное интервью автора канала — смотрите по [ссылке

](https://youtu.be/sB0aoHwTx68)[Подпишись на RTVI](https://t.me/+sqPhdVU5M8FkMDYy)","[атель](https://youtu.be/sB0aoHwTx68)**Creator of **[**Fisherman**](https:///t.me/rybar/41480)** is the new hero of the New World Chronicles video podcast on RTVI

** About who leads the telegram channel ""Rybar"", there were many rumors and conjectures. Today, he decided to reveal his identity, and at the same time told about his work in the Ministry of Defense, earnings, number of editors, interaction with PMC Wagner, Ukrainian informants, problems of mobilization and disappointed in the military operation.

Full interview of the author of the channel - see [link]

](https://youtu.be/sB0aoHwTx68)[Subscribe to RTVI](https://t.me/+sqPhdVU5M8FkMDYy)",,
865.0,"Когда можно говорить с президентом суверенной страны, не вынимая рук из карманов: Глава МИД Великобритании Джеймс Клеверли приехал в Киев",When you can talk to the president of a sovereign country without taking your hands out of your pockets: British Foreign Minister James Cleverly came to Kiev,,
866.0,"В Тамбове два самца  устроили дуэль на пистолетах из-за того, что не смогли поделить женщину.
Один применил аэрозольное устройство «Пионер», стреляющее перцовым газом.  У второго  оказался пневмат ПМ-16.

Брачный сезон закончила полиция, задержав всех участников перестрелки.","In Tambov, two males staged a duel on pistols because they could not share a woman.
One used a Pioneer aerosol device shooting pepper gas. The second was a pneumatic PM-16.

The marriage season ended with the police detaining all participants in the shootout.",,
867.0,"Тот момент, когда Русский военный корабль пришел в гости",The moment a Russian warship came to visit,,
868.0,"В Оренбурге школьница избила ногами сверстницу за троллинг и оскорбления родителей в соцсетях.

Девушка получила серьезные травмы.","In Orenburg, a schoolgirl kicked a peer for trolling and insulting parents in social networks.

The girl suffered serious injuries.",,
869.0,🇷🇺🇺🇸 **Сравнение новейшей российской ракеты «Сармат» и американского аналога**,а **Comparison of the latest Russian Sarmat missile and the American equivalent**,,
870.0,Очередная группа ВСУшников отправилась к Бандере,Another group of VSushnikov went to Bandera,,
871.0,"В ХМАО полицейские набили друг другу морды.

Во время празднования Дня полиции у мужчин возник спор, который перерос в драку.

Высокопоставленные полицейские решили выяснить отношения на улице и набросились друг на друга с кулаками.","In KhMAO, the police beat each other up.

During the celebration of Police Day, the men had an argument that turned into a fight.

High-ranking police officers decided to find out the relationship on the street and attacked each other with their fists.",,
872.0,"🇺🇦🤡**Не довезли хлопчики технику

**Уничтоженный ударом Армии РФ Ж/Д состав с танками ВСУ"," ** We didn't bring the clappers.

** Destroyed by the blow of the Russian Army Railways and tanks APU",,
873.0,"Камерунский футболист Гаэль Ондуа сыграл на ЧМ в бутсах с флагом РФ. Гаэль заявил, что не боится играть с нашим триколором, ибо Россия его дом — он «здесь вырос, здесь жил и будет здесь жить».","Cameroonian footballer Gael Ondua played at the World Cup in boots with the flag of the Russian Federation. Gael said that he is not afraid to play with our tricolor, because Russia is his home - he grew up here, lived here and will live here.",,
874.0,Жесткая высадка из общественного транспорта,Hard disembarkation from public transport,,
875.0,🇺🇸🇺🇦🇷🇺 Донбасс. Пострадавший Хамви ВСУ.,Donbass. Victim Hamvey AFU.,,
876.0,"🚢 **На воду спущен новейший атомный ледокол «Якутия»

**В Санкт-Петербурге при участии президента Владимира Путина на воду был спущен российский технологический шедевр – атомный ледокол «Якутия». По своим характеристикам корабль опережает ведущие мировые образцы. Так, длина ледокола «Якутия» превышает 170 метр**ов**⬅️➡️, что почти на 40% превышает параметры американского ледокола «USCGC HEALY». Кроме того, в сравнении с ним российский атомный ледокол большую ледопроходимость❄️** **(2,8 метров против 2,5 метров у американской модели), более высокую скорость хода (22 узла), водоизмещение «Якутии» в 2 раза превышает показатель «USCGC HEALY», а расчетный срок службы российского ледокола составляет 40 лет почти вполовину больше американского.**

**Ледокол «Якутия» оснащен двумя современными ядерными☢️** **реакторами и построен с применением безотходных технологий, что не наносит вреда экологии.
**
**Российский атомный флот🛳🛳🛳**, **имеющий стратегическое значение для освоения Арктики и обеспечения устойчивого судоходства по Севморпути, пополнился одним из мощнейших ледоколов в мире💪**.**

Знали ли вы российский атомный ледокольный флот самый большой и мощный в мире?

👍– да, я знал
👎 – нет, я не знал
🔥 – наш флот вообще самый лучший

[**Не ZабыVай**](https://t.me/ne_zabivai) — а ещё это неплохая статья доходов для нашей страны: ведь ледоколы прокладывают пути для судов всех стран. И страны активно платят немалые деньги.","  ** The newest nuclear icebreaker Yakutia was launched on the water

** In St. Petersburg, with the participation of President Vladimir Putin, a Russian technological masterpiece was launched – the nuclear icebreaker Yakutia. According to its characteristics, the ship is ahead of the world's leading samples. The length of the icebreaker Yakutia exceeds 170 meters, which is almost 40% higher than the parameters of the American icebreaker USCGC HEALY. In addition, in comparison with it, the Russian nuclear icebreaker is more ice passability  ️** **(2.8 meters against 2.5 meters in the American model), a higher speed (22 knots), the displacement of Yakutia is 2 times higher than the USCGC HEALY indicator, and the estimated service life of the Russian icebreaker is 40 years almost half that of the American one. **

Icebreaker ""Yakutia"" is equipped with two modern nuclear reactors and built using waste-free technologies, which does not harm the environment.
**
** The Russian nuclear fleet, which is of strategic importance for the development of the Arctic and ensuring sustainable navigation along the Northern Sea Route, has been replenished with one of the most powerful icebreakers in the world**.

Did you know the Russian nuclear icebreaker fleet is the largest and most powerful in the world?

Yeah, I knew.
- No, I didn't know.
Our fleet is generally the best.

(https://t.me/ne_zabivai) – and this is also a good income for our country, because icebreakers pave the way for ships of all countries. And countries are actively paying a lot of money.",,
877.0,"**В Казахстане русофобы вышли на следующий уровень.**

Этот мужичок рассказывает, как в магазине его цепляют ~~milf~~ взрослые казашки и говорят «валить нахрен в свою Россию»
Нюанс заключается в том, что он казахстанец и негодует от такой агрессии в свой адрес.","**In Kazakhstan, Russophobes have reached the next level.**

This little guy tells how he is hooked in the store by ~~milf~~ grown-up Kazakhs and told to ""fuck your Russia.""
Nuance is that he is Kazakhstani and resents such aggression against himself.",,
878.0,Российские военные залутали негра,Russian military caught the Negro,,
879.0,"К важным новостям:

Криштиану Роналду во время ЧМ ~~понюхал яйца~~ достал что-то из трусов и... **съел это**, произошло это на 34 минуте матча с Ганой.

По версии СМИ, это могла быть энергетическая конфетка","Important news:

Cristiano Ronaldo during the World Cup ~ ~ sniffed eggs ~ ~ took out something from his pants and ... **eat it **, it happened in the 34th minute of the match against Ghana.

According to the media, it could be an energy candy",,
880.0,"🔞 В Казани поехавшая мамашка сняла на камеру избиение собственной дочери, чтобы отомстить мужу, который ушёл от неё.

Как рассказывают соседи, старшая дочь женщины воспитывается у бабушки. Также у нее есть сын-инвалид. Маленькую дочь она избивает и недолюбливает","  In Kazan, a visiting mother filmed the beating of her daughter to take revenge on her husband, who left her.

According to neighbors, the eldest daughter of a woman is raised by her grandmother. She also has a disabled son. Little daughter she beats and dislikes",,
881.0,Марокканские мигранты продолжают громить имущество Испании. На этот раз подростки залезли в поезд в Барселоне стоимостью 100 тысяч евро и устроили там погром.,"Moroccan migrants continue to ravage Spanish property. This time, the teenagers got on a train in Barcelona worth 100,000 euros and staged a pogrom there.",,
882.0,Два дебила — это сила,Two morons are power,,
883.0,Укроканалы публикуют видео с пустыми полками и огромными очередями в киевских магазинах,Ukrochanals publish video with empty shelves and huge queues in Kiev stores,,
884.0,"Окопы ВСУ, после артобстрела и штурма","AFU trenches, after shelling and assault",,
885.0,Вчера во время матча Бразилия- Сербия был забит пожалуй пока** самый красивый гол этого чемпионата**. Автором гола стал бразилец Ришарлисон,Yesterday during the match Brazil-- Serbia scored perhaps the most beautiful goal of this championship. The author of the goal was Brazilian Richardison,,
886.0,"17-летний пездюк сбил женщину на пешеходном переходе в Москве, когда летел по встречке.

После того как он сбил 30-летнюю женщину, та отлетела на припаркованную KIA. Сейчас пострадавшая в тяжелом состоянии.

При этом автомобиль, на котором летел несовершеннолетний гонщик, ни на кого не зарегистрирован, и снят с учёта. При покупке Тойоты пездюк скрыл свой возраст от продавца","A 17-year-old pussyk hit a woman at a pedestrian crossing in Moscow when he was flying on an encounter.

After he hit a 30-year-old woman, she flew to a parked KIA. The victim is now in serious condition.

At the same time, the car on which the minor racer was flying is not registered to anyone, and is removed from the register. When buying Toyota pusdyuk hid his age from the seller",,
887.0,"🚀🇷🇺**Доброе утро, мы из России

**РСЗО ""Град"" наносит удары по позициям бандеровцев🇺🇦","Good morning, we are from Russia.

** MLRS ""Grad"" strikes at the positions of Banderovites",,
888.0,"Отношение хохлов к государственным символам России, да и в целом к русским продемонстрировано в коротеньком видео","The attitude of Khokhlov to the state symbols of Russia, and in general to the Russian, is demonstrated in a short video",,
889.0,"ВСУшники жалуются, что из-за дождей затапливает окопы и в них невозможно находится.",They complain that because of the rains floods the trenches and it is impossible to be in them.,,
890.0,"Китайское телевидение блюрит трибуны чемпионата мира, чтобы китайское население не задалось вопросом: а почему везде уже нет проблем с массовыми мероприятиями, а у нас больше двух не собираться?","Chinese television is blustering the podiums of the World Cup, so that the Chinese population does not wonder why there are no problems with mass events everywhere, and we do not have more than two gatherings?",,
891.0,"Некоглая наконец-то депортировали в Молдову и он сразу же записал видео, подобное тому, из-за которого все началось.

Хотя на втором видео, которое записывал неделю назад, он слезно уверял, что все осознал, кается и просит простить его, если это только возможно. **Вот так, как только почувствовал свободу сразу переобулся...**","Some were finally deported to Moldova and he immediately recorded a video like the one that started it all.

Although in the second video, which he recorded a week ago, he tearfully assured that he realized everything, repented and asked to forgive him if possible. As soon as I felt free, I changed my shoes. . **",,
892.0,"""Сербия и Россия - братья навек!"" - скандируют сербские болельщики перед матчем с Бразилией.

Сборная Сербии сыграет против национальной команды Бразилии в рамках первого тура группового этапа чемпионата мира-2022. Встреча начнется сегодня в 22-00 по мск.","""Serbia and Russia are brothers forever!"" chanted Serbian fans before the match against Brazil.

The Serbian national team will play against the Brazilian national team in the first round of the group stage of the 2022 World Cup. The meeting will begin today at 22:00 Moscow time.",,
893.0,"Российские бойцы, вернувшиеся из украинского плена, спели гимн России.

Сегодня состоялся обмен, на Родину вернулись 50 российских военнослужащих.","Russian soldiers who returned from Ukrainian captivity sang the Russian anthem.

Today there was an exchange, 50 Russian servicemen returned home.",,
894.0,"**Так выглядела Украина из космоса вчера вечером, **после атаки РФ по её инфраструктуре.","This is what Ukraine looked like from space last night, after the Russian attack on its infrastructure.",,
895.0,В Херсоне накрывают ВСУ,"In Kherson, they're covering the APU",,
896.0,"**«Дальше будет полное уничтожение Украины»** –  Лукашенко призывает Украину остановиться, пока не поздно.",Next will be the complete destruction of Ukraine – Lukashenka calls on Ukraine to stop before it is too late.,,
897.0,"🔞В Крымске вооруженный мужчина устроил стрельбу возле торгового центра Славянский.

По сообщениям очевидцев, стрелок убил до 5 человек. После мужчина  совершил самоубийство.
Мужчина из Крымска устроил стрельбу после ссоры с бывшей женой.

По предварительным данным, стрелка зовут Владимир Жиров. Сегодня мужчина проиграл суд своему сыну и устроил ссору бывшей жене — сначала пара конфликтовала на улице, а затем зашла в местный ТЦ.

Там конфликт продолжился и за женщину вступился один из посетителей. После этого у Жирова сорвало крышу — он достал оружие и начал стрелять. Жиров убил одного прохожего, а затем застрелился. Его жена сейчас в отделе полиции, она не пострадала.","In Krymsk, an armed man staged a shooting near the Slavyansky shopping center.

According to eyewitnesses, the shooter killed up to 5 people. The man then committed suicide.
A man from Krymsk started shooting after an argument with his ex-wife.

According to preliminary data, the shooter's name is Vladimir Zhirov. Today, the man lost the trial to his son and arranged a quarrel with his ex-wife - first the couple conflicted on the street, and then went to the local shopping center.

There the conflict continued and one of the visitors stood up for the woman. After that, Zhirov’s roof was torn off – he took out a weapon and began shooting. Fat killed one passerby and then shot himself. His wife is now in the police department, she's not hurt.",,
898.0,"Русскую ""Катюшу"" сыграл в Катаре местный оркестр перед матчем сборных Южной Кореи и Уругвая.",The Russian Katyusha was played in Qatar by a local orchestra before the match between South Korea and Uruguay.,,
899.0,"**🇷🇺🎖Трагические кадры гибели русского Героя: тяжелораненый в бою командир группы ЧВК с позывным Чердаш, чтобы не попасть в плен к нацистам, оставаясь верным Родине, направляет пулю в своё сердце...

**/Кадры с ВСУшного квадрокоптера публикуют киевские ресурсы.../","Tragic footage of the death of the Russian Hero: seriously wounded in battle, the commander of the PMC group with the call sign Cherdash, in order not to be captured by the Nazis, remaining loyal to the Motherland, directs a bullet into his heart. . .

**/Frames from the APU quadcopter publish Kiev resources. . . /",,
900.0,"**Александр Лукашенко:

**__«Зеленскому, может, и хорошо. Вышел в маечке, в нестиранной долгое время кофточке на переговоры, кому-то руку пожал. Они ему на 200 миллионов долларов подкинули хаймарсы или какие-то еще джавелины. Ему проще! Он сыт, он накормлен, не страдает без электричества. А ведь миллионы украинцев страдают. И то, что война у него на территории, через год-два народ будет его обвинять. Почему ты сделал так, что война началась? Здесь вопрос не в том, кто прав, а кто виноват, почему у тебя на территории идет война? Эта ситуация будет толкать руководство Украины, если оно вменяемое, сесть за стол переговоров.»__","** Alexander Lukashenko:

“Green, maybe it’s good.” He came out in a shirt, in an unwashed shirt for a long time for negotiations, someone shook hands. They gave him $200 million worth of haymars or some other javelins. It's easier! He's fed, he's fed, he doesn't suffer without electricity. Millions of Ukrainians are suffering. And the fact that the war is on his territory, in a year or two people will blame him. Why did you make war begin? The question here is not who is right and who is to blame, why is there a war on your territory? This situation will push the Ukrainian leadership, if it is sane, to sit down at the negotiating table",,
901.0,"🤡🇺🇦**Кличко выдал базу

**«__В этот день холодильник пустой. Может победить и телевизор. Сколько не будешь говорить, что у нас все хорошо, люди будут понимать, что у нас не все хорошо__»

Теперь понятно…😂🤦🏻‍♂️","Klitschko gave the base

On this day, the refrigerator is empty. The TV can win too. No matter how much you say we're doing well, people will realize we're not doing well.

It's understandable ...  Теперь️",,
902.0,Корейцы выпустили пять Кимов по Уругваю на ЧМ по футболу.,The Koreans released five Kims against Uruguay at the World Cup.,,
903.0,Вагнера кошмарят польских наемников,Wagner nightmare Polish mercenaries,,
904.0,This channel can’t be displayed because it was used to spread pornographic content.,This channel can’t be displayed because it was used to spread pornographic content.,,
905.0,И в чем он не прав?,What is he wrong about?,,
906.0,"Вчера в Киевской области мужчине оторвало голову осколком американской ракеты , выпущенной украинским ПВО, пока тот стоял на балконе.

Об этом сообщил глава Нацполиции Киевской области Андрей Небытов на брифинге.","Yesterday in the Kiev region, a man was torn off his head by a fragment of an American missile fired by Ukrainian air defense while he was standing on the balcony.

This was announced by the head of the National Police of the Kiev region Andrei Nebytov at a briefing.",,
907.0,На это можно смотреть бесконечно,You can look at it endlessly,,
908.0,Продолжающиеся издевательства ВСУ над мирными жителями Херсона,Continued mockery of the APU over civilians of Kherson,,
909.0,"Как выглядят айтишники, у которых на 3 дня забрали макбук",How do I look like IT people who took away the Macbook for 3 days,,
910.0,"В Нижней Туре хуй носатый ударил продавщицу ножом в спину, после чего просто ушёл.

Пострадавшую госпитализировали. Подозреваемого задержали, им оказался 61-летний мужчина","In the Lower Tour, a nosey dick stabbed a saleswoman in the back, then just left.

The victim was hospitalized. The suspect was arrested, they were 61-year-old man",,
911.0,"🇶🇦🇧🇷🏳️‍🌈**Полиция Катара отняла у бразильских болельщиков флаг их родного штата Пернамбуку**, увидев на нем радугу и приняв их за ЛГБТистов

Фанаты негодуют, говорят, что они не имеют к ЛГБТ никакого отношения, просто у них такой флаг.
Но это не помогло.","Qatari police take the flag of their home state of Pernambuco from Brazilian fans after seeing a rainbow and mistaking them for LGBT people

Fans are indignant, they say they have nothing to do with LGBT people, they just have such a flag.
But it didn't help.",,
912.0,❗️Последствия ночного обстрела укронацистами🇺🇦 центра Донецка🇷🇺,Consequences of the night shelling by the Ukronazis of the center of Donetsk,,
913.0,"Зеленский выступил на экстренном онлайн совбезе ООН.

Призвал принять Украинскую мирную формулу, закрыть небо над страной и выделить ПВО.","Zelensky spoke at the emergency online UN security Council.

He called for the adoption of the Ukrainian peace formula, close the sky over the country and allocate air defense.",,
914.0,Кадры вчерашних ударов ВС РФ по объектам критической инфраструктуры в Киеве.,Footage of yesterday’s strikes of the Russian Armed Forces on critical infrastructure in Kiev.,,
915.0,Завтрак по-одесски. Спасибо Зеленскому,Breakfast in Odessa. Thank you Zelensky,,
916.0,Общение сразу не задалось,Communication didn't start right away,,
917.0,"🛩🇷🇺**Доброе утро, мы из России

**Штурмовики Су-25 уничтожили замаскированные укрепрайоны нацистов.","Good morning, we are from Russia.

** Su-25 attack aircraft destroyed Nazi fortified areas in disguise.",,
918.0,"**Истинный патриот Украины**:

""Слава Украине! Велком ту Юкрейн, сука! Марихуана, соль, фен! Е*аться хочется!""","A true patriot of Ukraine:

""Glory to Ukraine! Great to Ukrein, bitch! Marijuana, salt, hairdryer! I'm fucking hungry",,
919.0,Одесса сегодня,Odessa today,,
920.0,На Украине интернет только у  35% потребителей.,"In Ukraine, the Internet only 35% of consumers.",,
921.0,"⏺**Дашу Дошик слили? Видео с ее участием выложили в сеть!

Появился слив,** на котором якобы тиктокерша **Даша Дошик**, делает [посос](https://t.me/+RDjIIlhh6y41YjNi) своему парню. Очень похожа, видос не гуглится.

Видео залили в [Короче](https://t.me/+RDjIIlhh6y41YjNi)","Dasha Doshik leaked? The video with her participation was posted on the network!

There was a leak,** on which the alleged tittoker ** Dasha Doshik**, makes [the pump] (https://t.me/+RDjIIlh6y41YjNi) to her boyfriend. Very similar, Vidos doesn't google.

Video uploaded in [Short](https://t.me/+RDjIIlhh6y41YjNi)",,
922.0,"Сказочник - что только не расскажешь лишь бы жопу свою спасти

Эмоции, слюни, сопли укровояки после ракетных ударов по ним

Сам признается: __""Еле ноги унесли""
__А теперь на коленях оправдывается, что не дезертир","A storyteller, you can't just tell me to save your ass.

Emotions, drool, snot Ukroyaks after missile strikes on them

He said, ""I've just lost my legs.""
And now on his knees he justifies himself that he is not a deserter",,
923.0,"❗️**В Киеве в жилой дом угодила ракета НАТО

**Обломок хвалёной зенитной ракеты ПВО NASAMS найден в районе удара по жилым зданиям Киева.
В результате взрыва погибло несколько человек и сгорело несколько машин.","In Kiev in a residential building hit by a NATO missile

**The fragment of the vaunted air defense missile NASAMS found in the area of the impact on residential buildings in Kiev.
The explosion killed several people and burned several cars.",,
924.0,Когда пришли вручать повестку,When you came to serve the subpoena,,
925.0,"⚡️Туристка залезла на пирамиду майя и была за это избита разъяренной толпой

На ролике, снятом очевидцами, видно, как неизвестная девушка танцует на ступенях древнего храма в Мексике. После этого, предположительно, охранник вывел ее к возмущенной толпе, стоявшей внизу. Нарушительницу оттаскали за волосы и обрызгали водой.

Пирамида Кукулькана, является объектом Всемирного наследия ЮНЕСКО, и с 2008 года подниматься на нее запрещено. За незаконное восхождением на храм правонарушителям грозит штраф.","Tourist climbed the Mayan pyramid and was beaten for it by an angry crowd

The video, filmed by eyewitnesses, shows how an unknown girl dances on the steps of an ancient temple in Mexico. After that, presumably, the guard led her to the outraged crowd standing below. The offender was dragged by the hair and sprinkled with water.

The Pyramid of Kukulkan is a UNESCO World Heritage Site and has been banned from climbing since 2008. For illegal ascent to the temple, offenders face a fine.",,
926.0,"Украинские СМИ сообщают, что во многих городах в магазинах скопились огромные очереди. Люди запасаются едой и водой. А ещё и бензином.
Кроме того местные жители жалуются, что в банкоматах потихоньку заканчивается наличка.","Ukrainian media reported that in many cities in shops accumulated huge queues. People are stockpiling food and water. And gasoline.
In addition, local residents complain that cash is slowly running out in ATMs.",,
927.0,"На чемпионате мира в Катаре **Германия проиграла Японии**.

С точно таким же счетом и примерно по такому же сценарию игры как Аргентина проиграла Саудовской Аравии","At the World Cup in Qatar, Germany lost to Japan.

With exactly the same score and roughly the same gameplay scenario as Argentina lost to Saudi Arabia",,
928.0,⚡️**Огромная очередь на заправку в Одессе **(1 видео)** и в Виннице** (2 видео),ку️**Huge queue for gas station in Odessa **(1 video)** and in Vinnitsa ** (2 video),,
929.0,"**Одесситы штурмуют воду в магазинах

**Во всех регионах Украины происходят аварийные отключения, есть попадания по объектам энергетической инфраструктуры.

Во всём Киеве нет воды. Метро обесточено. Там включены генераторы.

В Харькове остановилось метро и электротранспорт. Во Львове та же ситуация, временно приостановлена подача отопления и воды.

Вся Одесская область без света и воды.

Взрывы были в Винницкой области на западе Украины в городе Ладыжине, где находится ТЭС.

Ровенская АЭС переведена в аварийный режим.

Энергоблоки Хмельницкой АЭС отключены от энергосистемы.","Odesa residents storm the water in the shops

**In all regions of Ukraine there are emergency shutdowns, there are hits on energy infrastructure facilities.

There is no water in all of Kiev. The subway is down. The generators are on.

In Kharkiv stopped the subway and electric transport. In Lviv the same situation, temporarily suspended the supply of heating and water.

The whole Odessa region without light and water.

The explosions were in the Vinnytsia region in western Ukraine in the city of Ladyzhin, where the TPP is located.

Rivne NPP transferred to emergency mode.

Power units of Khmelnytsky NPP are disconnected from the power system.",,
930.0,"В результате сегодняшних ракетных атак **без света остались**: Киев, Запорожье, Львов, Харьков, Кривой Рог, Сумы, Ровно, Полтава, Одесса и почти вся Молдова.","As a result of today's missile attacks ** without light left **: Kiev, Zaporizhia, Lviv, Kharkiv, Krivoy Rog, Sumy, Rivne, Poltava, Odessa and almost all of Moldova.",,
931.0,"⚡️**  УкроПВО ударило по жилым постройкам в Киеве

**После попытки сбить нашу ракету, Украинская ракета промахнулась и попала в жилой дом.","ам️** UkrOVO hit residential buildings in Kiev

**After trying to shoot down our missile, the Ukrainian missile missed and hit a residential building.",,
932.0,🇷🇺🇺🇦 Донбасс. ВСУ эвакуируют раненого.,Donbass. AFU evacuates the wounded.,,
933.0,"Напоминаю, что у меня есть [ютуб канал](https://www.youtube.com/@Pavel_Kukushkin/shorts).
На котором выходит эксклюзивный контент,
про жизнь бойцов на позициях, мирных граждан, гуманитарную помощь, и прочее.
@ttambyl

👍 - если поддерживаете наших военных
❤️ - если переживаете за наших ребят","I have a YouTube channel (https://www.youtube.com/@Pavel_Kukushkin/shorts).
which contains exclusive content,
about the lives of soldiers in positions, civilians, humanitarian aid, and so on.
@tttambyl

If you support our military
If you are worried about our children",,
934.0,"Надеюсь, этот стул стоил того",I hope this chair was worth it,,
935.0,🇷🇺  **Очередная украинская БМП-1 после встречи с ВС РФ**,** Another Ukrainian BMP-1 after meeting with the Russian Armed Forces**,,
936.0,"❗️**ФСБ отчиталась о задержании 68 подпольных оружейников в 31 регионе России.**

У них изъяли более 300 единиц огнестрельного оружия, тысячи патронов и почти 20 килограмм взрывчатки.","The FSB reported on the detention of 68 underground gunsmiths in 31 regions of Russia.

They seized more than 300 firearms, thousands of ammunition and almost 20 kilograms of explosives.",,
937.0,"**Фото последствий ""фильтрации"" в с. Малая Рогань Харьковской области.

**После ""освобождения"" населенного пункта, нацисты из ВСУ при участии отморозков из нацбата ""Кракен"" провели массовые зачистки с последующей казнью мирных людей, которых посчитали ""коллаборантами"".

Ни следствия, ни суда, как водится у нацистов, никто не проводит. Ещё одно подтверждение многочисленных военных преступлений украинских формирований.","**Photo of the consequences of ""filtration"" in the village of Malaya Rogan, Kharkiv region.

** After the “liberation” of the settlement, the Nazis from the AFU, with the participation of thugs from the Kraken National Battalion, conducted mass cleansing with the subsequent execution of peaceful people who were considered “collaborators”.

No one conducts any investigation or trial, as the Nazis do. Another confirmation of numerous war crimes committed by Ukrainian units.",,
938.0,⚡️На Камчатке извергается вулкан Шивелуч.,In Kamchatka erupts volcano Shiveluch.,,
939.0,**Снимок футболиста Саудовской Аравии оказался фейком**: с травмированным игроком появилось видео из больницы,The photo of the football player of Saudi Arabia turned out to be fake: with the injured player appeared a video from the hospital,,
940.0,"В Питере мужик припарковал свою тачку по центру дороги, чтобы его женщина могла удобно положить вещи.

После того как ему начали сигналить альфач сильно расстроился, и выстрелил в воздух.","In St. Petersburg, a man parked his car in the center of the road so that his woman could put things comfortably.

After the alarm began, the alphachus became very upset and shot in the air.",,
941.0,"Украинка с изумлением обнаружила, что живёт при капитализме, где даже с блэкаутом ""рыночек порешал"". И что киевские богатеи не отказывают себе в электроснабжении даже сейчас.

__*Конча-Заспа — украинский аналог Рублёвки. Точнее, пародия на неё, да и название соответствующее__","The Ukrainian woman was astonished to find that she lives under capitalism, where even with blackout “the market decided”. And that the Kiev rich do not deny themselves electricity even now.

Koncha-Zaspa is the Ukrainian equivalent of Rublyovka. More precisely, a parody of it, and the appropriate name",,
942.0,"Вчера вратарь Саудовской Аравии Аль-Овайс в матче с Аргентиной нанёс своему защитнику Аль-Шахрани жуткую травму.

У чувака перелом челюсти, перелом лицевой кости, сотрясение мозга и выбитые зубы.

Он точно не симулирует.","Yesterday, the goalkeeper of Saudi Arabia al-Owais in the match with Argentina caused his defender al-Shahrani terrible injury.

Dude has a broken jaw, fractured facial bone, concussion and broken teeth.

He's definitely not faking.",,
943.0,"«**Ебать, малолетка за рулём, прям маленький ебать, лет 7-8**».

В Анапе 8-летний пиздюк угнал у пьяного батька маршрутку и поехал крушить припаркованные во дворе автомобили.

Вот это веселое детство.","""Fucking kid driving, fucking little guy, 7-8 years old.""

In Anapa, an 8-year-old cunt stole a minibus from a drunken father and went to destroy cars parked in the yard.

What a fun childhood.",,
944.0,"🚀🇷🇺**Доброе утро, мы из России

**Реактивная артиллерия ВС РФ уничтожают ВСУ","Good morning, we are from Russia.

**Reactive artillery of the Armed Forces of the Russian Federation destroyed the APU",,
945.0,"Два взрыва прогремело в Иерусалиме. Предварительно, одно СВУ было заложено в оставленной на автобусной остановке сумке. Сообщается минимум о десяти пострадавших, двое в тяжёлом состоянии.","Two explosions occurred in Jerusalem. Previously, one IED was laid in a bag left at the bus stop. Reported at least ten victims, two in serious condition.",,
946.0,"**❗️🇺🇦Украинцы избивают побратимов

**Приверженцы нацистского киевского режима избили пожилую женщину в киевском метро из-за того, что она высказала свое мнение о причинах СВО","**и️и Ukrainians are beating up brothers

Supporters of the Nazi regime in Kiev beat an elderly woman in the Kiev subway because she expressed her opinion about the reasons for the SVO",,
947.0,"После стартового матча на ЧМ между Катаром и Эквадором многие наблюдали удивительную картину – **японские болельщики собирали чужой мусор по всему стадиону**.

Они сказали, что не могут уйти, оставив такой срач, ведь это **будет неуважительно по отношению к такому прекрасному месту**.

Вот с кого пример нужно брать.","After the opening match at the World Cup between Qatar and Ecuador, many people saw an amazing picture - Japanese fans were collecting other people's garbage throughout the stadium.

They said they couldn't leave this shit because it would be disrespectful to such a beautiful place.

That's who we should take an example from.",,
948.0,"Невзоров оправдал казнь российских пленных военных, недавно совершенную украинскими боевиками.

По его словам, военные РФ сами пришли на Украину, что якобы дает ВСУ право поступать с ними как угодно.

__""Тот, кто защищает свой дом, имеет право вообще на все"", — сказал Невзоров.__","Nevzorov justified the execution of Russian prisoners of war, recently committed by Ukrainian militants.

According to him, the Russian military themselves came to Ukraine, which allegedly gives the APU the right to deal with them as you like.

“He who defends his house has the right to everything,” Nevzorov said",,
949.0,"Подраненый укровояка попал в госпиталь Днепропетровска и немножко приуныл, вкусив все прелести украинского медицинского обслуживания и отношения к военным.

__""Ребята, за что мы защищаем Родину? За что мы защищаем страну? Чтобы вот так по-скотски относились?""__","Wounded Ukroyak was in the hospital of Dnepropetrovsk and a little dull, having tasted all the charms of Ukrainian medical care and relations to the military.

""Guys, why are we defending our country?"" Why are we defending the country? How do you treat them like cattle",,
950.0,**⚡️Футбольный клуб «Манчестер Юнайтед» официально расторг контракт с Криштиану Роналду**,**Manchester United officially terminates contract with Cristiano Ronaldo**,,
951.0,"Ушёл в перезагрузку.

Журналистка спросила депутата из Воронежа Александра Чуфинева почему местная дума решила потратить большие деньги на новогодние украшения, хотя жители были против этой затеи.

Ответ мог бы убить, но Чуфинев ничего не придумал","Rebooted.

The journalist asked the deputy from Voronezh Alexander Chufinev why the local Duma decided to spend a lot of money on Christmas decorations, although residents were against this idea.

The answer could have killed, but Chufinev did not come up with anything",,
952.0,"Трогательная история: зима, москвичи и робот-доставщик","A touching story: winter, Muscovites and a delivery robot",,
953.0,Прилет по отряду ВСУ,Arrival by AFU squad,,
954.0,В Одессе можно снимать фильмы ужасов,In Odessa you can shoot horror films,,
955.0,"**Участник игры ""Что? Где? Когда?"" Ровшан Аскеров призвал убивать как можно больше российских солдат.

**__«Российских солдат надо уничтожать любым способом, чем больше, тем лучше».__","Player of What? Where? When? Rovshan Asgarov called for killing as many Russian soldiers as possible.

Russian soldiers must be destroyed in any way, the more the better",,
956.0,"Кому война, а кому поплясать под запрещенную российскую музыку: в Одессе 🇺🇦ночные развлекаловки по расписанию.","Who is war, and who to dance to banned Russian music: in Odessa night entertainment on schedule.",,
957.0,Интервью с комментаторами из нашего канала😁,Interview with commentators from our channel,,
958.0,"🤬🇺🇦**Соседи-стукачи сдают тех, кто якобы работал с РФ

**Со словами __«**Ты ждал ФСБ, пид..рас?**»__ СБУшные свиньи вламываются к херсонцам и устраивают ''фильтрации''.","Neighbors-snitchers surrender those who allegedly worked with Russia

**You were waiting for the FSB, fuck.rac?** The SBU pigs break into the Khersons and arrange 'filtration'.",,
959.0,Обнаружен Киевский терминатор режиссерская версия,Kiev Terminator Directorial Version Discovered,,
960.0,👀В Екатеринбурге подрались водители трамваев.,"In Yekaterinburg, drivers of trams fought.",,
961.0,"⚡️**Сборная Аргентины сенсационно проигрывает сборной Саудовской Аравии 1:2** на Чемпионате мира в Катаре. До этого Аргентина не проигрывала 36 матчей подряд.

**Эмоции комментатора на гол Саудовской Аравии Аргентине **🥲

как будто дьявола вызывает","Argentina sensationally loses the Saudi national team 1: 2** at the World Cup in Qatar. Argentina has not lost 36 games in a row.

**Commentator's emotions on Saudi Arabia's goal to Argentina **ой

devilishly",,
962.0,"🔥🇷🇺**Удар из ТОС-1А по многоэтажному зданию в ходе боёв в Мариуполе.

**В здании засели нацисты🇺🇦 и оборудовали там огневую точку.
Архивное видео."," **A hit from TOS-1A on a multi-storey building during the fighting in Mariupol.

**The Nazis settled in the building and equipped a firing point there.
Archived video.",,
963.0,Очередная казнь пленных и безоружных российских солдат ВСУшниками.,Another execution of captive and unarmed Russian soldiers by the Armed Forces.,,
964.0,"Немцы отправили свою сборную по футболу на ЧМ в Катар **на ЛГБТшном самолёте**, но **власти Катара отказали им** и заднеприводный самолёт с командой пришлось сажать в соседнем Омане.

Это вам не гейропка.","The Germans sent their football team to Qatar on an LGBT plane, but the Qatari authorities refused them and the rear-wheel drive plane with the team had to be landed in neighboring Oman.

It's not a geyrope.",,
965.0,"**В Киеве неадекват отхватил за борзость

**Он размахивал тростью, несколько раз чуть не ударил ей других пассажиров и издавал «звуки птеродактиля».
Очевидцы сообщают, что он был под чем-то на подобии солей.

В итоге, один из мужчин устал на него смотреть и в стиле «This is SPARTA» вынес психа из вагона","**In Kiev, the inadequacy grabbed for the greyhound

He waved a cane, almost hit other passengers several times and made ""pterodactyl sounds.""
Eyewitnesses say he was under something like salt.

As a result, one of the men got tired of looking at him and in the style of “This is SPARTA” took the psycho out of the car",,
966.0,"Пьяные украинские футбольные фанаты пририсовали символу ЧМ в Катаре Лаибу усики Гитлера и написали «Зиг Хайль».

Катарцы не оценили и задержали беженцев.","Drunk Ukrainian football fans painted Hitler’s mustaches to the symbol of the World Cup in Qatar Laib and wrote “Zig Heil”.

Qataris did not appreciate and detained the refugees.",,
967.0,"**«Никто не должен поддерживать Украину… то есть, простите… Россию»

**Генсек НАТО Йенс Столтенберг ~~никак не может запомнить, кого поддерживает~~ оговорился на заседании Парламентской ассамблеи НАТО, заявив, что «никто не должен поддерживать Украину». Но сразу исправился.","**"" No one should support Ukraine...sorry. Russia

** NATO Secretary General Jens Stoltenberg ~ after all, can not remember who supports ~ ~ said at a meeting of the NATO Parliamentary Assembly, saying that “no one should support Ukraine”. But I got it right.",,
968.0,"**Мигранты в Испании бесчинствуют

**Приезжие вламываются в магазины и устраивают там «ревизию».
На кадрах они выломали дверь в «Декатлон» и выкатили оттуда велосипеды и самокаты","Migrants in Spain are rampant

**Commuters break into shops and arrange an audit there.
In the footage, they broke down the door to Decathlon and rolled out bicycles and scooters",,
969.0,"**«Хороший» и «плохой» полицейский

**Всё как в старых добрых голливудских фильмах.
В этом случае, хорошему копу пришлось отхватить пощёчины от оборзевшей женщины, а плохому - надавать ей ответку.","**The good and the bad cop.

It's like old Hollywood movies.
In this case, the good cop had to slap the slapped woman, and the bad cop had to respond.",,
970.0,"**СБУ проводит обыски в Киево-Печерской Лавре.

**Украинские СМИ сообщают, что территорию монастыря оцепили, сейчас силовики проверяют помещения на наличие оружия и членов ДРГ.

Ранее СБУ возбудило дело из-за исполнения песни ""Матушка-Русь"" в одном из храмов монастыря. Наместник Киево-Печерской лавры Павел заявил об отстранении священника, на литургии которого ее исполнили. Песня со словами ""Звон плывет, плывет над Россиею, пробуждается матушка–Русь"", по словам Павла, была инициативой мирян.","**SBU conducts searches in the Kiev-Pechersk Lavra.

** Ukrainian media reported that the territory of the monastery was cordoned off, now security forces check the premises for weapons and members of the DRG.

Earlier, the SBU opened a case because of the performance of the song “Mother Rus” in one of the temples of the monastery. The viceroy of the Kiev-Pechersk Lavra, Paul, announced the removal of the priest, at whose liturgy it was performed. The song with the words “The ring floats, floats over Russia, Mother Rus awakens,” according to Pavel, was an initiative of the laity.",,
971.0,"🔥🇷🇺**Доброе утро, мы из России

**Расчеты ""Солнцепеков"" нанесли удар по скоплению украинских боевиков на Лиманском направлении","Good morning, we are from Russia.

** Solntsepekov calculations dealt a blow to the accumulation of Ukrainian militants in the Limansk direction",,
972.0,"Четыре человека погибли, еще более 20 пострадали при взрыве газа в студенческом общежитии на севере Ирака.",Four people were killed and more than 20 injured in a gas explosion at a student dormitory in northern Iraq.,,
973.0,"🎆🇷🇺**Фейерверк на позиции ВСУ**🇺🇦

Красиво, черт побери!","Fireworks at the position of the APU**

Beautiful, damn it!",,
974.0,"« __Детей Донбасса убивали русские! Хохлы будут стоять до последнего как и я я на половину хохлушка. Путин зашёл на Донбас . Херсон забрали дальше будет хуже я же вам говорила __»

Кстати эту пьяную мразь украинцы уже постят как свою, а живёт она на секундочку в ЧЕЛЯБИНСКЕ и ежедневно устраивает стримы набирая на этом популярность и подписчиков среди украинцев и ЦИПСО.","Children of Donbass were killed by Russians! I'm going to be like half a crook. Putin went to the Donbass . . . Kherson was taken further will be worse.

By the way, this drunken scum Ukrainians already post as their own, and she lives for a second in Chelyabinsk and daily arranges streams gaining popularity and subscribers among Ukrainians and CIPSO.",,
975.0,"**Жуткое землетрясение в Индонезии унесло жизни 162 человек**.

Сегодня подземные толчки магнитудой 5,6 разрушили около 2 тысяч жилых домов, более 700 человек ранены, продолжается эвакуация.","The earthquake in Indonesia killed 162 people.

Today, aftershocks of magnitude 5.6 destroyed about 2 thousand houses, more than 700 people were injured, the evacuation continues.",,
976.0,Когда в Беларуси закрыли Мак и открыли «Вкусно — и точка»,When in Belarus closed the Mac and opened “Delicious – and period”,,
977.0,Кадры боевой работы реактивной артиллерии ВС РФ по позициям ВСУ в зоне проведения спецоперации.,Footage of combat work of jet artillery of the Armed Forces of the Russian Federation on the positions of the AFU in the zone of the special operation.,,
978.0,"Болельщики на чемпионате мира по футболу в Катаре, видя российский флаг, реагируют на него дружелюбно и просят сфотографироваться, рассказал помощник посла России в Катаре Сергей Петров.","Fans at the World Cup in Qatar, seeing the Russian flag, react to it friendly and ask for a photo, said the assistant to the Russian Ambassador to Qatar Sergey Petrov.",,
979.0,В Сочи местное быдло сломало нос супруге во время ссоры в магазине.,"In Sochi, a local cattle broke the nose of his wife during a quarrel in a store.",,
980.0,Водитель бетономешалки насмерть сбил 10-летнюю девочку в Москве — она перебегала дорогу по нерегулируемой «зебре»,The driver of a concrete mixer knocked down a 10-year-old girl to death in Moscow – she ran across the road on an unregulated “zebra”,,
981.0,"На Украине флешмоб – ВСУшники **натирают патроны салом**. 🤡

Как заявляется, для российских бойцов-мусульман.","In Ukraine, flash mob – VSushniks ** rubbing cartridges with fat**.

It is said to be for Russian Muslim fighters.",,
982.0,"**Самая нужная вещь в доме выглядит так.

**Shut up and take my money.","The most important thing in the house looks like this.

Shut up and take my money.",,
983.0,"Так как Катар запретил продавать пиво на стадионе, то пивной спонсор задался вопросом, куда его девать в таких количествах.

В итоге, компания-поставщик пива решила подарить** пиво на 75 млн евро стране-победительнице чемпионата**, на фото – лишь его малая часть.

**Мотивация к победе +100000**","Since Qatar banned the sale of beer in the stadium, the beer sponsor wondered where to put it in such quantities.

As a result, the company-supplier of beer decided to donate beer for 75 million euros to the country-winner of the championship**, in the photo - only a small part of it.

**Motivation to win +100,000**",,
984.0,Даже 100 тысяч гривен уже не мотивируют ВСУшников залазить в грязь и слякоть😁,Even 100 thousand hryvnias no longer motivate VSushnikov to climb into the mud and slush,,
985.0,"Внимание на шевроны ""освбодителя"" слева - SS","Attention to the ""liberator"" chevrons on the left - SS",,
986.0,"**Парень который голыми руками откидывал от себя гранаты ВСУ.

**Героем того видео оказался Рустам Худайнуров из 127-го батальона 5й бригады НМ ДНР.

Он хладнокровно отбросил от себя 8 гранат, но с сожалению, одна взорвалась слишком близко от его ног. Сейчас Рустам в больнице с осколочными ранениями.","**The guy with his bare hands threw away the grenades of the APU.

**The hero of that video was Rustam Khudainurov from the 127th battalion of the 5th brigade of the NM DPR.

He threw away 8 grenades in cold blood, but unfortunately one exploded too close to his feet. Rustam is now in hospital with shrapnel wounds.",,
987.0,"🇺🇦 **#Инфографика****: Кого любят украинцы, а кого нет?

**Согласно результатам исследования Киевского международного института социологии, больше всего украинцы рады полякам, канадцам, американцам, евреям и французам.

Вполне логично выглядит и другая сторона спектра -  украинцы** хуже всего** относятся к румынам, африканцам, цыганам, белорусам и россиянам.

**Ставь👍🏻, если не удивлён данным результатам и подписывайся на наш **[канал](https://t.me/otpervogolitsa)**!

**[От Первого Лица](https://t.me/otpervogolitsa)","  **#Infographic****: Who do Ukrainians love and who do not?

**According to the results of a study by the Kyiv International Institute of Sociology, Ukrainians are most happy with Poles, Canadians, Americans, Jews and French.

The other side of the spectrum is also quite logical: Ukrainians** are the worst among Romanians, Africans, Roma, Belarusians and Russians.

**Bet вл, if not surprised by these results and subscribe to our **[channel](https://t.me/otpervogolitsa)**!

**[From First Person](https://t.me/otpervogolitsa)",,
988.0,"😭🇺🇦«**Ты никто и звать тебя никак**»

Украинский танкист в слезах жалуется на отношение к ним комбата «как к мясу».
А также рассказывает об огромных потерях.","""You're nobody's calling you.""

Ukrainian tanker in tears complains about the attitude of the combatant “like meat”.
He also talks about huge losses.",,
989.0,"«До пи*ды ваша Украина! Москва была, есть и будет!»

Львов. Случай в маршрутке.

Рубрика «есть женщины в львовских селеньях»","""Fuck your Ukraine!"" Moscow was, is and will be!

Lviv. It's a bus accident.

“There are women in Lviv villages”",,
990.0,"Публикуем кадры ликвидации мужчины, который напал на сотрудника ГИБДД с ножом в Грозном. Полицейский погиб, нападавшего убили при задержании

""Инспектор отлучился на омовение в помещение для совершения намаза, где шайтан исподтишка нанёс ему смертельные ранения. При попытке скрыться с места происшествия с табельным оружием преступник был застрелен"", — сообщил Кадыров.","We publish footage of the liquidation of a man who attacked a traffic police officer with a knife in Grozny. Police officer killed, attacker killed during detention

“The inspector went to the room for prayer for washing, where Satan secretly inflicted mortal wounds on him. When trying to escape from the scene with a service weapon, the offender was shot, Kadyrov said.",,
991.0,"❗️🇷🇺🇺🇦 Оккупированный Херсон сегодня — хлеба нет, зато зрелища каждый день.

На втором видео реалии в которых сейчас живут жители Херсона..."," ️  Occupied Kherson today - there is no bread, but the spectacle every day.

In the second video, the realities in which the residents of Kherson now live. . .",,
992.0,Штурмовики уничтожают снайперскую пару противника.,Stormtroopers destroy the sniper pair of the enemy.,,
993.0,"**В Тюмени владельцы киосков таким способом избавляются от птиц

**Наливают клей на картонку и раскидывают ягоды. И смотрят как птицы умирают. Синички видят вкусняшки и прилетают полакомиться. Но по итогу приклеиваются и погибают.

На этот раз бедолаг увидела неравнодушная жительница. И малышей удалось спасти","In Tyumen, the owners of kiosks in this way get rid of birds

**Put glue on the cardboard and spread the berries. And watch the birds die. The bruises see the goodies and come to eat. But in the end, they stick and die.

This time the poor man saw a caring resident. And the babies were saved",,
994.0,Президенту Франции Эммануэль Макрону дали пощечину во время общения с гражданами,French President Emmanuel Macron was given a slap in the face while communicating with citizens,,
995.0,"Токаев побеждает на выборах президента Казахстана с 81,31% голосов — предварительные данных ЦИК.",Tokayev wins the presidential election of Kazakhstan with 81.31% of the vote — preliminary data of the CEC.,,
996.0,"🚀🇷🇺**Доброе утро, мы из России

**Работа бойцов 30-й артиллерийской бригады.","Good morning, we are from Russia.

**Work of the 30th Artillery Brigade.",,
997.0,"🇺🇦🇷🇺Трехразовое питание, постоянные прогулки, посещение педагога и психолога, а также баня:

УкроТВ непереставая крутит сюжеты с украинских тюрем, в которых якобы — ну просто идеально содержатся российские пленные военнослужащие

Верим?🤡","Three meals a day, constant walks, a visit to the teacher and psychologist, as well as a bath:

UkroTV constantly spins stories from Ukrainian prisons, which allegedly - well, just perfectly contain Russian captured soldiers.

Do we",,
998.0,"В Одессе случился **пьяный замес** после того, как отдыхающие нашли **волосы патлатого паренька** в своём пиве","In Odessa, there was a **drunk knapsack** after vacationers found ** hair of a molar boy** in their beer",,
999.0,"Берет на зуб, во рту трезуб 😜","Take the tooth, in the mouth of a treacle",,
1000.0,"**❤️ ПЕРВЫЙ МАТЧ ЧЕМПИОНАТА МИРА ОКОНЧЕН **— Эквадор побеждает Катар со счётом 2:0

__Всё-таки договорняка не было 👏__","** ️ First match of the World Championship is over ** Ecuador beats Qatar 2-0

There was no agreement at all",,
,,,,
,,,,
,,,,
,,,,
