Index,Post,Trans,Label,Type
29001,Левобережный Киев сейчас. Непорядок...,,,
29002,"Тем временем Одесса. До блэкаута на Украине ещё далеко. Пока что. 

P.S. Одессу никто не обижает, пусть одесситы продолжают в том же духе 😎",,,
29003,"Нас должно заботить не показушное отсутствие в Киеве света. 

Нас должно заботить отсутствие в Киеве ПОВIТРЯНОЙ ТРИВОГИ.",,,
29004,Правобережный Киев сейчас.,,,
29005,"Кратко по фронту в районе Сватово-Кременная. Сегодня в Тернах произошёл забавный случай. Хохол, вполне вероятно даже спьяну , устроил перестрелку между собой, при этом истошно вопя в эфир, что русские пошли в атаку. Сколько у них 200 и 300 точно не знаю, но бой шёл отчаянный. Мы от подобного несколько охуели и на всякий случай ударили артой. Не знаю, какой стороне мы помогли, но выступили как миротворцы. После работы артполка, конфликт был исчерпан и все разошлись по своим норам.",,,
29006,"Вечерний Владлен. 20.10.2022г

- Проблемы мобилизации.
- Херсон.
- Удар из Белоруссии.
- Светские новости.",,,
29007,"☝️☝️☝️В тоже время, это наглядное подтверждение того, что уничтожение энергетической инфраструктуры нужно продолжать. Нанесенного ущерба явно недостаточно.",,,
29008,"Зеля долго и нудно призывал страну экономить электроэнергию, не помогло",,,
29009,Путин стреляет из СВД во время визита на полигон в Рязанской области,,,
29010,"Кадры визита Путина на полигон в Рязанской области, где проходят подготовку мобилизованные",,,
29011,"Более 70% россиян поддерживают отмену новогодних мероприятий в 2022 году для перераспределения свободных средств на нужды военнослужащих, следует из результатов опроса Всероссийского центра изучения общественного мнения.

Каждый второй респондент объяснил свой ответ нехваткой средств на обеспечение мобилизованных и желанием помочь российской армии.",,,
29012,"Путин проверил ход подготовки мобилизованных на полигоне в Рязанской области, Шойгу доложил о прохождении ими курса боевой подготовки по военно-учётным специальностям, а также боевого слаживания в составе подразделений — РИА Новости",,,
29013,"__«Мы такого точно не заказывали, насколько мне известно», — Зеленский по поводу теракта на Крымском мосту.__

Конечно, ты заказывал просто взрыв, и что дальше все будут обтекать, а не выносить к хуям всю энергосистему, доставшуюся в наследство от СССР.",,,
29014,"Укрэнерго вводит веерные отключения электроэнергии в Полтавской, Сумской и Харьковской областях",,,
29015,"Перед вами содержимое телефона одного из [пленных](https://t.me/voenacher/31492) ВСУшников, от которых отказались свои власти и пропагандисты.  Моральное состояние - ну вы сами видите. 

Забавно читать, что есть уже своеобразные бригады смертников, если попал туда служить, то почти точно ты труп, 128 горно-штурмовая, як справи?",,,
29016,"В поселке Червоный Прапор при проведении аварийно-спасательных работ во время обстрела погибло 4 и ранено 8 сотрудников МЧС ЛНР.

Сегодня ночью ВСУ обстреляли поселок Червоный Прапор из реактивной системы залпового огня HIMARS (6 ракет). Когда на месте начались ремонтные работы, был нанесен прицельный удар по работникам экстренных служб.",,,
29017,"Белоруссия модернизирует свои танки Т-72 и бронетранспортеры на предприятиях ОПК России, сообщает белорусское МО",,,
29018,"**Лидеры оппозиционной Лейбористской партии снова призвали к немедленным парламентским выборам** — РИА Новости.

Лидер оппозиционных лейбористов: «Это не может продолжаться. Британия заслуживает лучшего. Британия больше не может себе позволить хаос консерваторов. Нам нужны парламентские выборы сейчас».",,,
29019,"Выборы нового премьера Британии и лидера консерваторов пройдут на следующей неделе, сообщила Лиз Трасс. 

Трасс остается премьером, пока не будет выбран ее преемник.",,,
29020,"⚡️Премьер Британии Трасс намерена уйти в отставку - ТВ

Эх, не успела победить Путина, получается.",,,
29021,Владимир Путин подписал закон о праве мобилизованных граждан передавать управление бизнесом доверенным лицам на время участия в спецоперации,,,
29022,"КГБ Белоруссии задержал офицера, работавшего на СБУ, сообщил председатель",,,
29023,"Зеленский ввел в действие решение СНБО о санкциях против 1,4 тысячи российских компаний и организаций и 2,5 тысяч российских граждан.

Так победят.",,,
29024,«Укрэнерго» вводит временное ограничение потребления электроэнергии в центральных областях Украины,,,
29025,Путин присвоил Чичериной звание «Заслуженный артист России»,,,
29026,"Украинские Т-72АВ и БМП-1, подорвавшиеся на минах в районе Яковлевки (ДНР) с 16 на 17 октября",,,
29027,Суд Санкт-Петербурга признал геноцидом блокаду Ленинграда войсками нацистской Германии и их союзниками в 1941-1944 годах.,,,
29028,"Наконец-то встретил на фронте мобилизованных. Мужики из Ростовской области. Их готовили как могли, водили на стрельбище.

По прибытию в ДНР, ими доукомплектовали один из армейских батальонов и также провели слаживание на полигоне.

Не сказать, что они счастливы от жизни в окопах, но видно, что на генном уровне война течёт в их русской крови. Для мужиков война, как работа. Трудная, опасная, но обычная работа. Быстро разбираются с техникой, летают на коптерах с теплаком, водят танк. 

Офицеры говорят, что контингент гораздо лучше, чем те, кто приходил на 3-х месячные контракты. 

Мужик, в моём детстве, ассоциировался с порядком и дисциплиной. Вот такое чувство я испытал и сейчас, глядя этой ночью на мобилизованных. Сейчас эти русские парни наведут порядок в бывшей Украине. 

Жены - всё будет хорошо. Сыновья - гордитесь вашими отцами, поверьте, есть чем.",,,
29029,"Американский БТР М113А3, затрофеенный нашими бойцами из 76-й гвардейской десантно-штурмовой дивизии в Херсонской области",,,
29030,"**Испания готова обучить 400 украинских военных — El Pais.

**Это часть тренировочной миссии стран ЕС, в рамках которой планируют обучить порядка 15 тысяч украинских военнослужащих уже в середине ноября. На эти цели Брюссель намерен выделить свыше 106 миллионов евро, пишет газета.

Как сообщает издание, украинских военных будут обучать наиболее востребованным Киевом специальностям: готовить специалистов по разминированию, снайперов, фельдшеров. Отмечается, что в общей сложности 19 украинских военных на авиабазе в Испании уже проходили обучение обращению с зенитной батареей Aspide, которую Мадрид передал Киеву.",,,
29031,"Украинские удары по энергетической инфраструктуре Белгородской области вызывают беспокойство управления Верховного комиссара ООН по правам человека, заявила РИА Новости пресс-секретарь организации",,,
29032,"Напомним, они должны читать трухнину только лишь будучи где-то в Польше.

Как же они всё таки ловко назвали свой паб, в честь страны, а что, Труха, звучит гордо.",,,
29033,"Состав мобилизационного резерва для обеспечения территориальной обороны наполовину сформирован в Курской области, работу в этом направлении планируется активизировать, заявил губернатор региона Роман Старовойт в эфире телеканала «Россия-24»",,,
29034,"Ланцет делает бумс.

Ой ВСУшники, вы даже не представляете какую силу пробудили из спячки...",,,
29035,Фиксация последствий вчерашнего обстрела Ворошиловского района Донецка,,,
29036,"А кто это тут у нас отдыхает ? 
А это вчерашние наступатели которые не смогли. 
Ну ничего. 
Как известно до последнего украинца. 
Так ведь ваша власть сказала ? А, украинцы?

83ая! Вы настоящие Приморские Тигры!",,,
29037,"Канцлер ФРГ Шольц утверждает, что страна** освободилась** от зависимости от поставок российских энергоносителей

Ну ну)",,,
29038,"Наступатели с Бериславского направления.

Брошенные, не нужные ни своему президенту, ни пропагандистам, ни командованию.

83-ая бригада, красавчики",,,
29039,Утренний прилет в Николаеве.,,,
29040,"Официальный бот обратной связи армии ДНР. На него могут писать все, кто хочет помочь нашей армии быстрее покончить с украинским нацизмом и режимом Зеленского. Вы можете присылать сюда такую информацию, как места дислокации или передвижение колоны ВСУ или подслушанные планы украинских вояк. Также, если вы являетесь украинским военнослужащим и хотите уйти с войны или перейти на нашу сторону, пишите по этому адресу в телеграме  - @nmdnr_bot

@NeoficialniyBeZsonoV",,,
29041,В Николаеве взрывы.,,,
29042,В США тем временем разбился F-35A,,,
29043,"Новые трофеи от наступателей, доставшиеся нашей Десантуре.",,,
29044,"Взяли в плен 7 человек, там же, на Бериславском направлении. Среди них два офицера, один командир роты 28 омбр, другой командир танковой роты 4 отбр.",,,
29045,"Мёртвый ВСУшник, один из многих, кто сегодня остался лежать в степях херсонщины.

Напоминаю, пэтрэнки и прочие петухи от них отказались, никакого наступления не было, мы всё придумали.",,,
29046,"Ой, немцам не привыкать строить лагеря с усиленной охраной. 

https://t.me/NeoficialniyBeZsonoV/19063",,,
29047,Удары дронами камикадзе Герань-2 по объектам Николаева продолжаются.,,,
29048,Взрыв также прозвучал и в Кривом Роге.,,,
29049,Герань-2. Николаев. Пикирование на цель. Взрыв 💥,,,
29050,Налёт дронов камикадзе Герань-2 на объекты Николаева продолжается. После одного из прилётов начался сильный пожар 🔥,,,
29051,Николаев. Ещё один удар Гераньки !,,,
29052,💥Звук пикирования и последующего взрыва дрона камикадзе Герань-2 в Николаеве. Также слышна безуспешная стрельба.,,,
29053,В результате обстрела со стороны ВСУ зафиксировано прямое попадание в здание администрации Ворошиловского района Донецка — штаб Теробороы ДНР,,,
29054,"❗[️](https://rybar.ru/piwigo/i.php?/upload/2022/10/19/20221019194219-608447ef-xl.jpg)[🇷🇺🇺🇦](https://rybar.ru/piwigo/i.php?/upload/2022/10/09/20221009204314-ddda2823-xx.jpg)** Хроника специальной военной операции
**__за 19 октября 2022 года

__В полдень ВС РФ вновь нанесли удар по объектам критической инфраструктуры Украины. Были поражены несколько целей, включая **Ладыжинскую ТЭС** в Винницкой и **Бурштынскую ТЭС** в Ивано-Франковской областях.

Из-за систематического огневого воздействия украинская энергосистема теряет устойчивость: 20 октября власти запланировали временное отключение электричества по всей территории страны.__
__
**🔻Приграничные территории Российской Федерации:

**▪️Днем украинские формирования обстреляли **Белгород,** снаряды упали на одном из инфраструктурных объектов и не причинили серьезного ущерба. Также ВСУ ударили по городу **Шебекино** в Белгородской области: двое мирных жителей получили тяжелые ранения. 

**🔻Старобельское направление (**[**карта**](https://t.me/rybar/40431)**):

**▪️На **Купянском участке** ВСУ силами 14 омбр и 233 батальона 128 бригады ТРО пытаются закрепиться в **Кисловке.** Отряды теробороны противника понесли существенные потери.

▪️Украинское командование ожидает наступления ВС РФ на рубеж **Синьковка — Загоруйковка** со стороны **Горобьевки.** Саперы 14 омбр ВСУ заминировали подступы к населенным пунктам, в Синьковку направлены несколько танков.

▪️На **Лиманско-Сватовском участке** ВСУ продолжают скапливать ресурсы для наступления на **Сватово** и **Кременную.** На рубеже **Терны — Невское **действует мобильная диверсионная группа с задачей наводки артиллерии и РСЗО на тыловые российские объекты.

▪️ВСУ пытаются малыми группами переправиться через реку **__Жеребец__** в районе **Макеевки.** Бойцы 3 мотострелковой дивизии ВС РФ пресекли все попытки противника создать плацдарм, а также сбили украинский боевой вертолет.

**🔻Соледарское направление (**[**карта**](https://t.me/rybar/40428)**):
**
▪️Подразделения 54 бригады ВСУ попытались отбить территорию асфальтного завода под **Бахмутом.** Бойцы «ЧВК Вагнера» отразили атаку, украинские войска понесли серьезные потери.

▪️Из-за угрозы прорыва обороны отрядами «ЧВК Вагнера» командование противника перебросило в город и расположенную южнее **Андреевку** подразделения 53 механизированной бригады. 

▪️В **Часов Яр** продолжают прибывать части ВСУ. К 25 октября украинское командование планирует создать на направлении группировку численностью около 10 тысяч человек.
 **
🔻Луганская область:

**▪️Украинские формирования нанесли удар из РСЗО HIMARS по **Попасной.**

**🔻Донецкое направление:

**▪️Существенных изменений линии фронта под Донецком нет. Бойцы НМ ДНР ведут бои в районе Донецкого аэропорта и поражают ДРГ противника, пытающиеся зайти на передовые российские позиции.

▪️Украинские формирования вновь обстреляли **Донецк, Ясиноватую, Макеевку, Еленовку** и другие населенные пункты Донецкой агломерации.

**🔻Запорожское направление:

**▪️Рано утром украинские РСЗО HIMARS нанесли ракетный удар по зданию городской администрации **Энергодара.**

**🔻Южный фронт: Николаевско-Бериславский участок (**[**карта**](https://t.me/rybar/40430)**)

**▪️На **Бериславском участке** ВСУ силами штурмовых групп 128 огшбр, 60 опбр, 28 омбр и 17 отбр предприняли наступление на позиции ВС РФ у **Суханово** и **Полянки.**

▪️Подразделения ВС РФ отбили атаку, украинские формирования потеряли более 10 единиц техники. Российские военнослужащие взяли в плен группу украинских бойцов и захватили несколько трофейных бронемашин.

▪️На **Посад-Покровском участке** подразделения российских ВДВ отразили попытку прорыва бронегруппы ВСУ под **Правдино,** уничтожив противотанковыми управляемыми ракетами две БМП противника.

[**Карта в большом разрешении**](https://rybar.ru/piwigo/upload/2022/10/19/20221019194219-608447ef.jpg)**

Foreign versions: **[**DE**](https://rybar.ru/piwigo/upload/2022/10/19/20221019194205-0603b31f.jpg)** | **[**EN**](https://rybar.ru/piwigo/upload/2022/10/19/20221019194208-1244d7dc.jpg)** | **[**ES**](https://rybar.ru/piwigo/upload/2022/10/19/20221019194210-f1c62544.jpg)** | **[**FR**](https://rybar.ru/piwigo/upload/2022/10/19/20221019194213-2b1c1746.jpg)** | **[**IT**](https://rybar.ru/piwigo/upload/2022/10/19/20221019194216-3305ce1a.jpg)**

**#дайджест #Бахмут #Донецк #Запорожье #карта #Луганск #Россия #Славянск #Украина
@rybar

__*Поддержать нас:__ `4377 7278 0407 7977` |` 0x4739352b67Da6F4064757627D92A08EaDd3fb6b6` (ETH) |` 33i1BwMuzeYTAUNtiLa6CjvaHtTVYNJfnp `(BTC)",,,
29055,"МИД Индии настоятельно рекомендует своим гражданам воздержаться от поездок на Украину, а тем, кто уже находится там, уехать как можно скорее",,,
29056,"Украинские войска сегодня в очередной раз пробовали в наступление на Херсонском направлении.  Полностью разбиты силами 4 наших бригад. 

Прямой эфир с места боя ведём тут: https://t.me/+PKLYYcoWeu5mMzUy",,,
29057,"С завтрашнего дня по всей Украине вводятся ограничения на подачу электроэнергии из-за новых ударов ВС РФ по объектам энергетической инфраструктуры. 

Также в очередной раз просят жителей максимально экономить электроэнергию и быть готовыми к аварийным отключениям.",,,
29058,"❗️🇷🇺🇺🇦 **Обстановка на Соледарском направлении **
__по состоянию на 21.00 19 октября 2022 года__

▪️На **Бахмутском** участке штурмовые отряды ЧВК «Вагнер» продолжают бои на юго-восточных окраинах Бахмута и в районе Опытного. 

▪️Формирования 54 бригады ВСУ попытались отбить территорию асфальтного завода. Атака была отбита, украинские войска понесли серьезные потери.

▪️Несколько батальонов 54 бригады были выведены в **Константиновку** для доукомплектования личным составом, прошедшим обучение в иностранных учебных центрах.

В **Часов Яр** продолжают прибывать части ВСУ. Согласно планам оперативно-тактической группы «Соледар», к 25 октября в населенных пунктах планируется создать группировку в двух населённых пунктах численностью около **10 тысяч человек**.

▪️Из-за угрозы прорыва обороны отрядами «ЧВК Вагнера» в город переброшены подразделения 53 механизированной бригады ВСУ. А в район Андреевки прибыли резервы.
 
▪️Бригадные артиллерийские группы 30 и 53 омбр ведут заградительный огонь по районам наступления ВС РФ в **Иванграде**, **Веселой Долине**, **Отрадовке**, **Зайцево**, **Курдюмовке**. 

[**Карта в большом разрешении**](https://rybar.ru/piwigo/upload/2022/10/19/20221019164317-71dd6cf9.jpg)

**Foreign versions of Soledar Direction map:** [**DE**](https://rybar.ru/piwigo/upload/2022/10/19/20221019175715-867407f5.jpg) | [**EN**](https://rybar.ru/piwigo/upload/2022/10/19/20221019175717-e64305a0.jpg) | [**ES**](https://rybar.ru/piwigo/upload/2022/10/19/20221019175718-ddb37758.jpg) | [**FR**](https://rybar.ru/piwigo/upload/2022/10/19/20221019175719-78782283.jpg) | [**IT**](https://rybar.ru/piwigo/upload/2022/10/19/20221019175720-07731aed.jpg)  

#Бахмут #дайджест #Донецк #карта #Луганск #Россия #Соледар #Украина 
@rybar

*__Поддержать нас:__ `4377 7278 0407 7977` | `0x4739352b67Da6F4064757627D92A08EaDd3fb6b6` (ETH) | `33i1BwMuzeYTAUNtiLa6CjvaHtTVYNJfnp` (BTC)",,,
29059,Электроснабжение в Белгороде восстановлено — губернатор Гладков,,,
29060,"Кратко по фронту в районе Сватово-Кременная. Наши войска ведут активную оборону, периодически контратакуя. Сейчас в Торском и Ямполовке у хохла сидят только наблюдатели, основные силы ( весьма крупные), находятся  за водохранилищем. 

В районе Макеевки хохол ежедневно пытается переправляться через реку силами в 15-20 человек. Бойцы 20 ОА  их убивают/рассеивают, на следующий день хохол лезет снова и с тем же результатом. Сегодня хохол попытался атаковать авиацией, один вертолёт парни из 752 мсп 3 мсд сбили, два убежали обратно.

@vysokygovorit",,,
29061,"Президент ФРГ Штайнмайер отменил свой визит в Киев, запланированный на четверг, по соображениям безопасности — СМИ

А что случилось?",,,
29062,Вечерний Владлен 19.10.2022г.,,,
29063,Сергей Кириенко и Сергей Аксёнов с автоматом в руках сегодня в Херсоне.,,,
29064,"**Американские отставные генералы зарабатывают на безбедную старость в ""недемократических"" странах

**[Вашингтон пост](https://www.washingtonpost.com/investigations/interactive/2022/veterans-us-foreign-jobs-saudi-arabia/?itid=hp-top-table-main_p002_f001) добыл доказательства того, что сотни американских ветеранов работают консультантами Минобороны в Саудовской Аравии   — с разрешения властей США, которые этот факт тщательно скрывают.

Такая практика стала уже системной, и списать такие случаи на смутные времена Трампа не получится, ведь доподлинно известно, что военные дотрамповской эпохи тоже засветились в Эр-Рияде: например, советник Обамы по нацбезопасности Джеймс Л. Джонс и экс-глава АНБ Кит Александер.

Военные зарабатывают там в среднем 203 тысячи долларов в год плюс солидные надбавки. И наказания за такую работу закон США не предусматривает, даже если власти против такой ""командировки"".

Так что все эти угрозы Штатов в адрес Саудовской Аравии — мол, не видать вам нашего оружия — просто блеф. Пентагон точно не прикроет лавочку по такой солидной подработке на пенсии.

__А как же готовность костьми лечь за демократию? А, Америка?__",,,
29065,"#эксклюзив
У России так ""мало"" российских беспилотников-камикадзе ""Ланцет"", что ими даже по обычным позициям ВСУ применяют. 

@NeoficialniyBeZsonoV",,,
29066,Сук)))))0)1)),,,
29067,"**Председатель Правительства РФ Михаил Мишустин сделал ряд важных заявлений: **

— Проект указа по созданию координационного совета по обеспечению потребностей СВО при правительстве подготовлен и передан президенту; 

— Правительство проконтролирует обеспечение военнослужащих всем необходимым для проведения СВО;

—Для решения задач, поставленных президентом на заседании Совбеза, главы регионов получат дополнительные полномочия, это также касается оказания всесторонней помощи семьям мобилизованных на военную службу;

— Мишустин поручил вице-премьерам проследить, как губернаторы исполняют полномочия по оказанию помощи семьям мобилизованных;

— Кабмин будет еженедельно докладывать Путину об обеспечении потребностей спецоперации.",,,
29068,Совфед единогласно утвердил указ президента о введении военного положения в 4 новых российских регионах,,,
29069,"Пленный ВСУшник. Наступал сегодня на позиции наших героев из 83 бригады ВДВ, Бериславское направление.

Кстати, передайте ему, что по мнению хохло-пропаганды, никакой попытки наступления не было, мы всё выдумали.",,,
29070,"**Регионы России по уровням реагирования: что и где введено, а главное — что это значит

**[Выступление](https://t.me/readovkanews/44797) Путина на Совбезе внесло корректировки: регионы получили различные уровни реагирования, а главы субъектов РФ — расширение полномочий.

Так, в **ДНР, ЛНР, Херсонской и Запорожской областях** с 20 октября будет действовать **военное положение,** подразумевающее усиление охраны общественного порядка, эвакуацию различных объектов и [другое.

](https://t.me/readovkanews/44793)В **восьми приграничных регионах**, среди которых Крым, Севастополь, Краснодарский крае, Белгородская, Брянская, Воронежская, Курская и Ростовская области, введен **средний уровень реагирования**. Что это такое и чего ожидать в регионах, где его ввели, читайте [здесь.

](https://t.me/readovkanews/44792)Регионы **Центрального и Южного федеральных округов** с момента опубликования соответствующего указа находятся в **режиме повышенной готовности.** В Москве, Туле, Твери и других городах возможно ограничение движения транспортных средств и осуществление их досмотра. Кроме того, глав субъектов наделили и [другими](https://t.me/readovkanews/44796) полномочиями.

В **остальных субъектах РФ,** где не вводится военное положение, режим повышенной готовности и средний уровень реагирования, будет действовать **уровень базовой готовности.** Это подразумевает в [том числе](https://t.me/readovkanews/44798) то, что главы этих регионов смогут усилить охрану и ввести особый режим работы различных объектов.",,,
29071,Украинские войска продолжают наносить удары по шлюзам Каховской ГЭС с целью подтопления территории Херсонской области — Сальдо,,,
29072,Полное выступление Владимира Путина на Совбезе РФ и объявления о введении военного положения на новых территориях РФ.,,,
29073,Некоторые районы Киева обесточены.,,,
29074,"Хохлов опять кормят дерьмом. 

Ебланы, это БУК. ЗУР сука, говноеды тупые. Это то, чем вы пытаетесь сбивать Калибры и Гераньки.",,,
29075,"**⚡️Восемь субъектов федерации переведены в состояние среднего уровня реагирования:

**Крым, Краснодарский край, Белгородская область, Брянская область, Воронежская область, Курская область, Ростовская область и Севастополь.",,,
29076,В Ивано-Франковской области продолжает гореть Бурштынская ТЭС.,,,
29077,"Трансляция оборвалась, когда начался доклад Медведева",,,
29078,Указом президента создается государственный комитет обороны (назвали специальным координационным советом),,,
29079,Чернигов. Ракетный удар 💥,,,
29080,Денежное довольствие мобилизованных должно составлять не менее 195 тысяч рублей в месяц — Путин,,,
29081,А наказать тех кто этого не сделал до ?,,,
29082,Все наши воины должны быть оснащены всем необходимым — Путин,,,
29083,"Киевский режим отказался от переговоров, продолжает обстреливать новые российские территории, используя террористические методы — Путин",,,
29084,Путин: главы регионов будут наделены дополнительными полномочиями для обеспечения безопасности,,,
29085,"⚡️Владимир Путин объявил о решении ввести военное положение в Херсонской и Запорожской областях, ЛНР и ДНР",,,
29086,А отныне нас 600 тысяч человек.,,,
29087,"Коротко о дне сегодняшнем, и предыдущих. Дальше больше 😉",,,
29088,Также кадры горящей ТЭС.,,,
29089,По Бурштынской ТЭС в Ивано-Франковской области прилетело 4 ракеты.,,,
29090,Там располагается Бурштынская ТЭС.,,,
29091,💥Удары по объекту в городе Бурштын Ивано-Франковской области.,,,
29092,"В налёте на Винницу участвовало 15 Х-101, 35 сбили? 
Или 40?🤡🤡🤡",,,
29093,⚡️Израиль не будет поставлять Украине вооружения по ряду оперативных соображений — глава Минобороны Израиля.,,,
29094,Х-101 летит по направлению западных областей страны 404.,,,
29095,Винницкая область. Последствия прилётов предположительно по Ладыжинской ТЭС.,,,
29096,Х-101. Работает стратегическая авиация 🇷🇺,,,
29097,Повторные взрывы в Винницкой области. Ракетные удары подтвердили власти региона.,,,
29098,В Винницкой области предварительно прилетело по ТЭС в городе Ладыжин. Ранее туда уже наносился ракетный удар.,,,
29099,💥Сообщают о взрывах в Винницкой области. Ракеты замечены и над Хмельницкой областью.,,,
29100,Крылатая ракета воздушного  базирования Х-101 над Киевской областью.,,,
29101,Бойцы 83 бригады спиздили у хохлов один танк на Бериславском,,,
29102,Крылатые ракеты на подлёте к Киеву.,,,
29103,"Тревога на большей части Украины

**UPD:** уже по всей",,,
29104,На 12 по мск на Бериславском сожгли 6 танков ВСУ,,,
29105,"Одну роту наступающую полностью с офицерами высекли - 96 пб 60 опбр.

Фиксируем некий загрядотряд сзади их порядков, они разворачивают ВСУшников и требуют продолжить наступление.",,,
29106,"Мне вот интересно, хоть кто то из хохлов понимает что их кормят дерьмом настолько, что судя по их заявлениям они сбили Аллигаторов больше чем их построено ?",,,
29107,"Всем, кто помогает нам в наших сборах, большой привет от БЛАшников на орланах, довезли им генератор, кабеля.

Остальное ждём, СДЭК пока не ездит в Крым.",,,
29108,"**Матвиенко просит разобраться с выросшими до небес ценами на снаряжение мобилизованных.**

«Действительно, цены на самое необходимое для комплектования мобилизованных выросли до небес. Непонятно, почему, на каком основании. Надо разобраться с мощностями, которые производят одежду, бронежилеты, каски, достаточно ли их. Вопросы есть, надо разбираться с этим», — сказала спикер Совфеда на пленарном заседании.",,,
29109,"Въезд для гражданских лиц в Херсонскую область закрывается на 7 дней, сообщил врио губернатора Сальдо",,,
29110,"ВСУ обстреляли территорию торгового центра и физкультурно-оздоровительного комплекса в прифронтовом Шебекино, есть раненные, сообщает губернатор Гладков",,,
29111,"На Бериславском направлении ВСУ направили в бой второй эшелон атаки, 28 омбр",,,
29112,"Президента Казахстана Касым-Жомарта Токаева внесли в базу украинского сайта «Миротворец» за «публичное отрицание российской агрессии против Украины в 2014 году»

Ахах, новости из дурки одни лучше других.",,,
29113,"У ВСУ много потерь, вводят резерв, танковая рота 17 бригады.",,,
29114,"🇷🇺🇺🇦 Произошёл очередной обстрел **Энергодара**: из РСЗО HIMARS нанесены удары по городской администрации и энергостанции «Луч». Поврежден мост на въезде в город. 

По словам властей, пострадавших нет.
#Запорожье #Россия #Украина #Энергодар 
@rybar

__*Поддержать нас:__ `4377 7278 0407 7977`",,,
29115,"Зафиксировано попадание снаряда на один из объектов инфраструктуры города Белгорода. Разрушения незначительные, все оперативные службы выехали на место для устранения последствий, сообщил губернатор Гладков.",,,
29116,Гауляйтер Днепропетровской области Резниченко сообщил о прилётах по объектам энергетической инфраструктуры в Криворожском районе и перебоях с электричеством,,,
29117,Херсон защищают от возможного затопления в случае подрыва шлюзов Каховской ГЭС. Для этого власти региона нарастили сброс воды по системе каналов — врио губернатора Херсонской области Сальдо,,,
29118,"Около 50-60 тысяч жителей правобережья Херсонской области планируется перевезти на левый берег Днепра, на это уйдет около недели, сообщил врио губернатора Сальдо в эфире «Соловьев Live»",,,
29119,"В Белгороде сработали расчёты ПВО. Подписчики сообщают о не менее трёх взрывах. 

@epoddubny",,,
29120,"ПВО сбила беспилотник в районе аэродрома Бельбек в Севастополе, сообщил губернатор",,,
29121,"Хохлы во всю изучают БПЛА «Mohajer-6» иранского производства, который вытянули с моря.",,,
29122,"❗[️](https://rybar.ru/piwigo/i.php?/upload/2022/10/18/20221018212354-2e756fe7-xl.jpg)[🇷🇺🇺🇦](https://rybar.ru/piwigo/i.php?/upload/2022/10/16/20221016213116-1e9189cf-xx.jpg)** Хроника специальной военной операции
**__за 18 октября 2022 года

__ВС РФ вновь нанесли удары по объектам украинской энергетической инфраструктуры. Днем были поражены цели в **Житомирской**, **Ивано-Франковской**, **Днепропетровской** и **Киевской** областях.

**🔻Обстрелы территорий Российской Федерации:

**▪️Украинские формирования обстреляли села Теткино, Попово-Лежачи, Гуево и Гончаровка в **Курской** **области**, Мокрую Орловку и Глотово в **Белгородской** **области**, а также Белую Березку в **Брянской** **области**. 

Российские средства ПВО перехватили цели в районе **Белгорода**.

**🔻Старобельское направление (**[**карта**](https://t.me/rybar/40387)**):

**▪️Подразделения 14 омбр ВСУ предприняли попытку наступления на позиции ВС РФ на линии** Кисловка — Котляровка.** Атака вновь закончилась неудачно.

▪️В ходе контратаки в районе **Двуречного** росссийские войска выбили подразделения 1 бригады национальной гвардии Украины из **Горобьевки**.

▪️Российская артиллерия нанесла упреждающие удары по скоплениям противника в районе сел **Стельмаховка**, **Розовка**, **Карповка**, **Ивановка,** сорвав подготовку ВСУ к форсированию реки Жеребец на участке.

**🔻Соледарское направление:

**▪️Существенных изменений линии фронта нет, ЧВК «Вагнер» ведут ожесточенные бои на окраинах **Бахмута** и **Соледара**.

**🔻Луганская область:

**▪️Украинские формирования нанесли удар из РСЗО HIMARS по селу **Новоивановка**. Несколько жителей получили ранения.

**🔻Донецкое направление:

**▪️Украинские формирования обстреляли **Донецк**, **Макеевку**, **Пантелеймоновку**, **Каштановое**, **Александровку** и другие населенные пункты агломерации.

**🔻Запорожское направление:

**▪️Существенных изменений линии фронта нет, вдоль линии соприкосновения идут взаимные артиллерийские обстрелы.

**🔻Южный фронт: Николаево-Бериславское направление (**[**карта**](https://t.me/rybar/40379)**) 

**▪️На **Посад-Покровском участке** в районе **Терновых** **Под **идут артиллерийские дуэли. Украинские формирования стараются не ослаблять натиск и пытаются выявить слабые места в российской обороне.

▪️На **Бериславском участке** командование ВСУ стянуло дополнительные силы в рамках подготовки к очередному наступлению. Украинская артиллерия обстреливает позиции ВС РФ на рубеже** Полянка — Суханово — Пятихатки**. 

▪️В преддверии крупномасштабного наступления ВСУ на всем направлении власти объявили эвакуацию жителей **Херсона** на левый берег Днепра.

[**Карта в большом разрешении**](https://rybar.ru/piwigo/upload/2022/10/18/20221018212354-2e756fe7.jpg)**

Foreign versions: **[**DE**](https://rybar.ru/piwigo/upload/2022/10/18/20221018212359-7dcb112c.jpg)** |**[** **](https://rybar.ru/piwigo/upload/2022/10/16/20221016213122-41b9f526.jpg)[**EN**](https://rybar.ru/piwigo/upload/2022/10/18/20221018212401-ff2d5575.jpg)** |**[** **](https://rybar.ru/piwigo/upload/2022/10/16/20221016213125-dbfe41ef.jpg)[**ES**](https://rybar.ru/piwigo/upload/2022/10/18/20221018212404-c45697be.jpg)** | **[**FR**](https://rybar.ru/piwigo/upload/2022/10/18/20221018212407-4e7d9955.jpg)[** **](https://rybar.ru/piwigo/upload/2022/10/16/20221016213128-5cbec2bb.jpg)**|**[** **](https://rybar.ru/piwigo/upload/2022/10/16/20221016213132-b877e240.jpg)[**IT**](https://rybar.ru/piwigo/upload/2022/10/18/20221018212409-deba9672.jpg)**

**#дайджест #Бахмут #Донецк #Запорожье #карта #Луганск #Россия #Славянск #Украина
@rybar

__*Поддержать нас:__ `4377 7278 0407 7977` |` 0x4739352b67Da6F4064757627D92A08EaDd3fb6b6` (ETH) |` 33i1BwMuzeYTAUNtiLa6CjvaHtTVYNJfnp `(BTC)",,,
29123,В небе над Киевской областью снова неспокойно,,,
29124,"[🇷🇺🇺🇦💡 ](https://rybar.ru/piwigo/i.php?/upload/2022/10/17/20221017192806-4e2a3355-xx.jpg)**Удары ВС РФ по энергетической системе Украины 18 октября 2022 года — анализ Рыбаря**

Команда **Рыбаря** продолжает ежедневный анализ последствий __системного__ огневого поражения объектов энергосистемы Украины. 

**🔻Подтвержденные удары:**

**▪️Приднепровская ТЭС** — значительно снижена генерация в **Днепропетровске**: миллионный город остался только на тех крохах, которые могут быть переданы по ВЛ-330кВ по ещё не поврежденным подстанциям. По городу пошла волна отключений.

Повреждения носят ограниченный характер. В ближайшее время ТЭС продолжит работу — правда, с уменьшенной мощностью генерации.

**▪️Киевская ТЭЦ-6** — вероятно, поврежден силовой трансформатор блока генератор-трансформатор.

Учитывая, что на ТЭЦ-6 их всего два, то нанесенный централи урон куда серьезнее, чем в Днепропетровске.

Предположительно, ещё уничтожен автотрансформатор 330/110 кВ.

**▪️ПС Житомир 330 кВ** — поражен автотрансформатор 330/110 кВ. Уменьшены возможности по передаче конечным потребителем мощности от АЭС по сетям 330кВ.

Сработал защитный механизм, в результате чего по всему Житомиру пропала электроэнергия. Вероятно, уже завтра работу подстанции восстановят, на оставшиеся автотрансформаторы перебросят нагрузку, но вряд ли удастся избежать веерных отключений и ограничений.

**🔻Вероятные удары:**

Сегодня также были нанесены удары по **Кривому Рогу** и **Ивано-Франковску**, но достоверной информации об объектах огневого поражения нет. 

🔻Подводя итог 9 дней огневого поражения мы приходим к выводу, что устойчивость энергосистемы Украины падает, а даже единичные удары по объектам генерации и распределения энергии отключают целые регионы. 

Восток страны постоянно страдает от отключений энергии даже без непосредственного воздействия на расположенные там энергообъекты.

Накопительный эффект от ударов все более усиливается, а при их продолжении единая энергосистема Украины прекратит свое существование.

[**Карта в высоком разрешении**](https://rybar.ru/piwigo/upload/2022/10/18/20221018203054-701c33c1.jpg)[

](https://rybar.ru/piwigo/upload/2022/10/17/20221017192806-4e2a3355.jpg)[**English version**](https://rybar.ru/piwigo/upload/2022/10/18/20221018203049-c303f59f.jpg)[

](https://rybar.ru/piwigo/upload/2022/10/17/20221017192810-f01d9d17.jpg)#разбор #Россия #Украина #электричество
@rybar

__*Поддержать нас: __4377 7278 0407 7977",,,
29125,Звук пролёта дрона камикадзе Герань-2 над Кривым Рогом.,,,
29126,Тревога на всей юго-восточной Украине,,,
29127,Вечерний Владлен. 18.10.2022г.,,,
29128,"В комментариях многие сильно встревожились после этого интервью Суровикина.

Да, вот так бывает, когда с вами вдруг впервые поговорили открыто и по-взрослому, а до этого полгода просто отмахивались дежурной фразой «спецоперация продолжается согласно плану».",,,
29129,С 14.10.2022 г. в действующей армии.,,,
29130,Полная запись интервью генерала армии Сергея Суровикина об обстановке в зоне СВО,,,
29131,"⚡️ **По телеканалу «Россия 24» вышло первое интервью с новым командующим объединенной группировкой войск в зоне СВО генералом армии Суровикиным, главное: **

— Мы с украинцами один народ и желаем, чтобы Украина была независимым от Запада и НАТО дружественным для России государством. Наш противник – это преступный режим, который толкает граждан Украины на смерть;

— В целом обстановку в зоне спецоперации можно охарактеризовать как напряженную;

— Противник не оставляет попыток атаковать позиции ВС РФ, прежде всего, это Купянское, Краснолиманское Николаево-Криворожское направления;

— Ежесуточно потери противника составляют сотни человек убитыми и ранеными;

— Мы не стремимся к высоким темпам наступления, методично перемалываем противника и продвигаемся, бережем жизни наших солдат и гражданских;

— Суровикин о Херсонской области: ВС РФ обеспечит безопасный, уже объявленный выезд населения по готовящейся правительством России программе переселения;

— Российская группировка войск наращивает состав, создает резервы и возводит оборонительные позиции по всей линии боевого соприкосновения;

— Наносятся удары высокоточным оружием по военным объектам и объектам инфраструктуры, влияющим на боеспособность украинских войск;

— Есть данные о возможности применения Киевом запрещенных методов войны в районе Херсона, подготовке ракетного удара по плотине Каховской ГЭС;

— Истребитель Су-57 особо выделяется по качеству боевого применения в ходе СВО, при каждом вылете он поражает цели;

— Российские беспилотники за время спецоперации выполнили более 8 тысяч вылетов, ударные дроны уничтожили более 600 объектов ВСУ;

— Дальнейшие действия в отношении Херсона будут зависеть от складывающейся военно-тактической ситуации, она непростая, не исключается принятие непростых решений.",,,
29132,Владимир Васильевич Сальдо об эвакуации гражданских из Херсона❗️❗️❗️,,,
29133,"Врио губернатора Херсонской области Владимир Сальдо объявил об организованном перемещении гражданского населения на левый берег Днепра

""Существует непосредственная опасность затопления территорий в связи с планируемым разрушением плотины Каховской ГЭС и сброса воды с каскада электростанций выше по течению Днепра"", — заявил Владимир Сальдо. Под организованное перемещение попадают: Бериславский, Белозерский, Снигиревский и Александровский муниципалитеты.",,,
29134,"И знали бы вы, сколько их наклепали, ммм...:)",,,
29135,"Как вы уже поняли, по многочисленным видео, ZАLA смогла пояснить МО для чего она делала эти прекрасные Ланцеты.

Произошло полное переориентирование целей, радары американских контрбатареек, комплексы ПВО.

Видео: @rusich_army",,,
29136,"ВСУ обстреляли село Старый Хутор в Валуйском городском округе, сообщил губернатор Гладков",,,
29137,В небе над Киевом опять неспокойно,,,
29138,С 7 по 18 октября РФ нанесла более 190 ударов крылатыми  ракетами и БПЛА-камикадзе по 16 областям Украины — ГСЧС Украины,,,
29139,"НАТО планирует передать Киеву средства борьбы с дронами в ближайшие дни, речь идет о сотнях станций активных помех, сообщил генсек альянса Столтенберг",,,
29140,"В настоящее время ВСУ ведут обстрел поселка Белая Березка Трубчевского района, сообщает губернатор Брянской области Богомаз",,,
29141,"Ситуация на Бахмутском направлении.

@riafan_everywhere",,,
29142,Пункты пропуска между ЛНР и другими субъектами России упразднены — Пасечник,,,
29143,"Завершилась проверка боевой и мобилизационной готовности военнообязанных на авиабазе под Минском, сообщили в минобороны Белоруссии",,,
29144,"**Подборка сегодняшних новостей из дурки: 

**— Верховная Рада Украины признала «Чеченскую Республику Ичкерия» временно оккупированной Россией территорией;

— Украинский депутат Гончаренко сообщил, что внес в Верховную раду законопроект о разрыве дипломатических отношений с Ираном и признании его спонсором терроризма;

— Глава МИД Украины заявил, что направил Зеленскому предложение о разрыве дипотношений с Ираном.",,,
29145,Последствия прилетов по ТЭЦ-6 сегодня в Киеве.,,,
29146,"Лукашенко поставил перед учеными задачу разработки дронов

«Что очень актуально, об этом будем и в пятницу говорить, это наши беспилотники. Как вы здесь конкурируете с прикладной наукой и с предприятиями, создавая новые беспилотные летательные аппараты? Они очень актуальны, исходя из уроков войны в Украине», — сказал Александр Лукашенко на встрече с председателем президиума Академии наук Белоруссии Владимиром Гусаковым.",,,
29147,"Пушилин: ДНР с сегодняшнего дня открывает все пункты пропуска с другими регионами России, министерство госбезопасности республики более не осуществляет пограничный контроль",,,
29148,"ВСУ обстреляли территорию железнодорожной станции в одном из сел Белгородского района, повреждена контактная сеть ЖД путей, есть один раненый. Временно приостановлено движение поездов, аварийные бригады уже устраняют последствия, сообщил губернатор Гладков.",,,
29149,"ВСУ ведут обстрел посёлка Тёткино и села Попово-Лежачи в Курской области, сообщил губернатор Старовойт",,,
29150,Приднепровская ТЭС после утреннего ракетного удара,,,
29151,"Ну шо, пан ёбанный хохол? Теперь ясно, что дальше ?",,,
29152,Результаты сегодняшних ракетных ударов по заявлению вражеской стороны,,,
29153,"В Киеве попадание в объект энергетической инфраструктуры в Деснянском районе, часть города осталась без света",,,
29154,Бавовна в Житомире. Город остался без электричества.,,,
29155,На месте прилёта в Днепропетровске сильнейший пожар.,,,
29156,Днепропетровск бавовна.,,,
29157,Воздушная тревога почти во всей хохляндии,,,
29158,Кривой Рог бавовна.,,,
29159,Воздушная тревога объявлена в Черкасской и Полтавской областях украины - местные власти,,,
29160,"💥 В Николаеве взрывы и частично пропал свет.

обн. Света нет как в городе, так и в области.",,,
29161,Совет щирым патриотам страны 404 на ближайшее будущее 😄,,,
29162,Удар дрона камикадзе Герань-2 по объекту в Запорожье.,,,
29163,"❗[️](https://rybar.ru/piwigo/i.php?/upload/2022/10/17/20221017220537-539cf60e-xl.png)**🇷🇺🇺🇦 Хроника специальной военной операции
**__за 17 октября 2022 года

__ВС РФ продолжили наносить удары по объектам критической инфраструктуры на всей территории Украины. Днем были поражены цели **Львовской**, **Хмельницкой**, **Ровненской**, **Винницкой, Сумской** и **Одесской** **областях**, а также в **Киеве**. Из-за повреждений в нескольких частях страны вновь временно пропало энерго- и водоснабжение.   

**🔻Обстрелы территорий Российской Федерации:

**▪️Украинские формирования вновь обстреляли **Белгород**. Российские средства ПВО перехватили цель в районе городского аэропорта. 

**🔻Старобельское направление (**[**карта**](https://t.me/rybar/40332)**)**:

▪️Командование ВСУ готовится провести очередной штурм оборонительной линии российских войск **Кисловка** **—** **Котляровка** со стороны **Петропавловки** и **Берестового**.

▪️На **Лиманско-Сватовском** **участке** ВСУ перебрасывают дополнительные силы в **Лиман** для наступления на рубежах** Торское — Терны** и **Надия — Макеевка**.

**🔻Соледарское направление:

**▪️Существенных изменений линии фронта нет: идут бои на окраинах **Бахмута** и **Соледара.**

**🔻Донецкое направление:

**▪️Украинские формирования обстреляли **Донецк**, **Гольмовский**, **Каштановое**, **Минеральное**, **Ясиноватую** и другие населенные пункты агломерации.

**🔻Запорожское направление (**[**карта**](https://t.me/rybar/40325)**):

**▪️Российская артиллерия нанесла удар по опорному пункту 9 отдельного полка Нацгвардии Украины в **Малой** **Токмачке**.

▪️Командование ВСУ начало дооборудование укрепрайона на правом берегу Днепра с целью противодействия потенциальному российскому наступлению в направлении **Никополя**.

**🔻Южный фронт: Николаевско-Бериславское направление (**[**карта**](https://t.me/rybar/40337)**)

**▪️На **Посад-Покровском участке** артиллерийские расчеты 50 омбр ВСУ обстреляли район **Терновых** **Под**. Реактивная батарея 57 мпбр нанесла удары по опорным пунктам ВС РФ на рубеже **Костромка — Брускинское — Ищенка**.

▪️На **Бериславском** **участке** командование ВСУ восполняет потери 60 пехотной бригады в рамках подготовки к очередной попытке наступления на российские позиции, которое планируется в ближайшие несколько дней.

[**Карта в большом разрешении**](https://rybar.ru/piwigo/i.php?/upload/2022/10/17/20221017220537-539cf60e-xx.png)**

Foreign versions: **[**DE**](https://rybar.ru/piwigo/upload/2022/10/17/20221017220121-ca1d583a.png)** |**[** **](https://rybar.ru/piwigo/upload/2022/10/14/20221014211032-c7e64f58.jpg)[**EN**](https://rybar.ru/piwigo/upload/2022/10/17/20221017220220-ef41cbf0.png)** |**[** **](https://rybar.ru/piwigo/upload/2022/10/14/20221014211036-d86cb92d.jpg)[**ES**](https://rybar.ru/piwigo/upload/2022/10/17/20221017220317-591f2700.png)** | **[**FR**](https://rybar.ru/piwigo/upload/2022/10/17/20221017220414-3fe158ec.png)[** **](https://rybar.ru/piwigo/upload/2022/10/14/20221014211038-b854dc4f.jpg)**|**[** **](https://rybar.ru/piwigo/upload/2022/10/14/20221014211040-ebb9bdd5.jpg)[**IT**](https://rybar.ru/piwigo/upload/2022/10/17/20221017220502-4f1528f8.png)**

**#дайджест #Бахмут #Донецк #Запорожье #карта #Луганск #Россия #Славянск #Украина
@rybar

__*Поддержать нас:__ `4377 7278 0407 7977` |` 0x4739352b67Da6F4064757627D92A08EaDd3fb6b6` (ETH) |` 33i1BwMuzeYTAUNtiLa6CjvaHtTVYNJfnp `(BTC)",,,
29164,Над Запорожьем очередной мопед,,,
29165,"[🇷🇺🇺🇦💡 ](https://rybar.ru/piwigo/i.php?/upload/2022/10/17/20221017192806-4e2a3355-xx.jpg)**Удары ВС РФ по энергетической системе Украины 17 октября 2022 года — анализ Рыбаря

**17 октября 2022 года ВС РФ в очередной раз нанесли массированные удары по объекта энергетической инфраструктуры Украины.

Команда **Рыбаря** проанализировала данные из открытых источников, сообщения от очевидцев на местах, а также сведения из закрытых источников. В ряде случаев последствия огневого поражения не столь очевидны, а данных не хватает. 

__🔻Перечень подтвержденных пораженных объектов:

__**▪️ПС Североукраинская 750кВ** — поражен** с**иловой автотрансформатор 750/330 кВ и здание ОПУ. Отключения на ПС привели к отключениям и в Харькове. Позже свет вернулся, когда получилось задействовать аварийную схему.
**Координаты: **`50.690147, 33.769812

`**▪️ПС Днепровская 750кВ —** предположительно, поражен автотрансформатор 750/330 кВ. Возникли серьезные перебои с электричеством в Днепропетровске и Харькове.
**Координаты: **`48.435985, 34.036021

`**▪️Главный информационно-вычислительный центр «Укрэнерго» **— несмотря на утренние удары, одного БЛА-камикадзе «Герань-2» оказалось недостаточно. Мы [писали](https://t.me/rybar/40326), что в случае __качественного__ огневого поражения возможно было бы нарушить __всю__ систему подбора оптимальных параметров электрических режимов, мощности генерации электростанций и схем переключений сети. Но по факту, пульт диспетчерской остался цел, как и дублирующая система.
**Координаты:**` 50.441491, 30.494200

`__🔻Вероятные пораженные объекты:

__**▪️ПС Ровно 330 кВ **— удар вызвал аварийное отключение электроснабжения в центре города. В Ровно находится важная подстанция и высоковольтная линия, ведущая от **Ровенской АЭС**.
**Координаты:** `50.641329, 26.224903

`**▪️ПС Хмельницкий 330 кВ **— после ударов «Геранью» произошло аварийное отключение энергоснабжения части Хмельницкой области. 
**Координаты: **`49.40906213878672, 26.93097798826966

`**▪️ПС Винницкая 750 кВ **— вероятный объект огневого поражения. Было заявление о поражении некоего «критического объекта инфраструктуры» тремя ракетами. Этим объектом в равной степени могла быть Ладыжинская ТЭС, по которой на прошлой неделе уже наносились удары. Но поскольку нет жертв и каких-либо свидетельств с мест, мы склоняемся к тому, что это ПС Винницкая.
**Координаты:**` 49.16453593799508, 28.721943294994134 

`🔻Исходя из имеющейся информации, можно с уверенностью сказать, что поражение объектов энергетической инфраструктуры продолжается. И на этот раз ими стали подстанции 750кВ. Да, поражение не такое массовое, как могло бы быть. 

**Самый главный результат** — это **износ** всей энергосистемы Украины в преддверии холодов. Да, вывод из строя энергосистемы можно было бы форсировать: сейчас точечно задействуются ракеты и БЛА. Крайне много объектов до сих пор целы-невредимы. 

Но точечное огневое воздействие продолжается. И это главное.

[**Карта в высоком разрешении

**](https://rybar.ru/piwigo/upload/2022/10/17/20221017192806-4e2a3355.jpg)[**English version

**](https://rybar.ru/piwigo/upload/2022/10/17/20221017192810-f01d9d17.jpg)#разбор #Россия #Украина #электричество
@rybar

__*Поддержать нас: __`4377 7278 0407 7977`",,,
29166,Мопед над Кривым Рогом,,,
29167,"Зелебоба в вечернем обращении говорит о новых перебоях с электроэнергией после сегодняшних ракетных ударов и налета БПЛА, просит украинцев максимально экономить электроэнергию. Ещё продолжает клянчить у запада ПВО.",,,
29168,"Арестович дизморалит хохлов, сидит базарит про то, что нужна новая мобилизация. 

Студентики, ваш черёд, похоже.",,,
29169,"Киев обвинил Тегеран в поставках оружия России и пригрозил последствиями, соответствующее заявление МИД Украины было опубликовано сегодня. 

«Призываем Тегеран немедленно прекратить поставки любого оружия России. В противном случае Иран и его руководство будут нести самую суровую ответственность, в том числе в рамках международных судебных процессов», — говорится в заявлении, опубликованном на сайте украинского внешнеполитического ведомства.",,,
29170,В Киеве уже 4-й раз за день объявлена воздушная тревога,,,
29171,Митинг у посольства Ирана в Киеве,,,
29172,Вечерний Владлен. 17.10.2022г,,,
29173,"Киевлянка уже в ахуе, а ведь вечеринка только начинается 😎",,,
29174,"Пожар в многоэтажке в Ейске локализован, заявил губернатор Краснодарского края",,,
29175,"Кадры с нашими людьми, вернувшимися сегодня из украинского плена.

Большинство из них — моряки с гражданских судов, которых Киев удерживал в заложниках с февраля.",,,
29176,"Вибух у Броварах !

Хлопчики, дальше будет только ХУЖЕ",,,
29177,"**Врио главы ДНР Пушилин публикует кадры с вернувшимися из украинского плена военнослужащими из ДНР. 

**«На одного из наших бойцов, которого вернули из плена, жене вручили похоронку. Он вместе со своими товарищами по оружию  находился в БМП, когда в машину прилетел снаряд и она сгорела. Думали, что со всеми, кто там находился, погиб, а этот боец выжил, но попал в плен. Можно представить состояние супруги, когда он позвонил», — рассказал Пушилин",,,
29178,"Два человека погибли и 15 пострадали при падении самолета в Ейске, сообщили в ГУ МЧС",,,
29179,В Киеве что-то неспокойно 😎,,,
29180,"**Официальные комментарии Минобороны России насчет сегодняшнего обмена пленными: 

**— 17 октября в результате переговорного процесса с подконтрольной киевскому режиму территории возвращены 110 российских граждан, среди которых 72 российских моряка с гражданских судов, удерживавшихся киевским режимом с февраля 2022 года;

— Украинской стороне переданы 108 военнослужащих ВСУ женского пола. Две украинские женщины перед обменом добровольно отказались возвращаться на Украину, пожелав остаться в Российской Федерации;

— Обмен прошел при личном участии Уполномоченного по правам человека в Российской Федерации Татьяны Москальковой;

— Самолетами военно-транспортной авиации ВКС России освобожденные граждане России будут доставлены в Москву;

— Всем освобожденным оказывается необходимая медицинская и психологическая помощь; 

— В кратчайшие сроки они будут доставлены в медицинские учреждения столицы для прохождения лечения и реабилитации.",,,
29181,"Труханяне сообщают, что шАхиды летят петушить Киевскую область, район Белой Церкви",,,
29182,"«Обмен завершён. По факту получилось: мы забрали 110 человек; отдали 108 человек. 2 женщины отказались ехать на Украину и решили остаться в России», сообщил врио главы ДНР Пушилин",,,
29183,"34ка, птица в движок на взлёте...

Лётчики живы, подъезд горит, пиздец.",,,
29184,"Евросоюз в рамках одобренной в понедельник тренировочной миссии для украинской армии намерен подготовить как минимум 15 тысяч солдат, заявил глава дипломатии ЕС Жозеп Боррель.",,,
29185,"Пишут, что трансформатор 330кВ в городе Ромны Сумской области совершил жест доброй воли",,,
29186,⚡️⚡️Комитет ГД по информполитике полностью разделяет [позицию Минцифры](https://t.me/mintsifry/1590)!,,,
29187,"Да уже и так всё публично, чего стеснятесь то.

Может все проблемы то в закрытости системы МО? Не думали? Допроверялись сами себя ?

Давайте всё же говорить о проблемах, это поможет их решению.",,,
29188,"Военком Москвы подтверждает: в Москве завершены мероприятия частичной мобилизации, установленные на основании указа президента и задания Минобороны задачи выполнены в полном объеме.

С 14 часов сегодняшнего дня пункты сбора мобилизованных остановили работу по приему мобилизационных ресурсов.

Вместе с тем в военкоматы Москвы продолжают поступать обращения от добровольцев, желающих отправиться  в зону спецоперации — по их обращениям будут приниматься персональные решения, заявил военком.",,,
29189,Республика Беларусь оставляет за собой право принятия превентивных мер стратегического сдерживания для недопущения нападения — Минобороны РБ,,,
29190,"Помните мы публиковали видео с разбитой украинской колонной в районе Давыдова Брода?

Его выложил в сеть один из украинских ТГ-каналов, который видимо достали вопросами ""когда перемога?"" и он решил показать цену украинского контрнаступления. 

Так вот, сегодня аэросъемку этой же колонны выложил другой украинский пропагандистский канал, подписав как уничтоженную колонну ВС РФ. Но ребята из LostArmour [выяснили](https://t.me/lostarmour/1156?single), что это та самая украинская колонна из вышеупомянутого видео.

Если перемог нет, то их обязательно нужно придумать.",,,
29191,"Ну всё ясно, труху ведёт админ из детсада. У бабушки в деревне стопятьсоттысячмиллионов дронов.",,,
29192,"❗️ **Уважаемые военные корреспонденты и все, кто честно и открыто любыми способами освещает события специальной военной операции!

**Минцифры категорически против любых попыток повлиять на вашу деятельность. Мы высоко ценим вашу работу и поддерживаем стремление говорить открыто.

Вы — настоящие профессионалы, для которых честность превыше всего. Многие из вас рискуют жизнью ради репортажа с линии фронта, уникальных снимков боев и объективного описания событий. Ваши телеграм-каналы создают полную картину происходящего. 

Если нужна помощь — Минцифры и подведомственные организации готовы оказать необходимую юридическую и информационную поддержку. На Госуслугах почти 100 млн пользователей. Среди них точно есть те, кто присоединится к этим инициативам.

Обращайтесь, если нужно организовать сбор средств пострадавшим. Сообщайте, если требуется привлечь волонтеров. Рассказывайте, если необходимо помочь военным. Заявляйте о попытках давления и препятствиях журналистской деятельности.

👉 Контакты для связи в телеграме: @digitallmedia

**Продолжайте работать! Действуйте без страха. Опирайтесь на свой профессиональный долг.

**@mintsifry",,,
29193,Какое-то бракованные ПВО получается 🤷‍♂,,,
29194,Новости из дурки: После утреннего налета дронов на Киев пропагандисты из Трухи опубликовали патриотическую крышку от бойлера и анонсировали удары по Москве,,,
29195,"Путин присвоил почетное наименование ""гвардейский"" 400-му самоходному артиллерийскому полку.",,,
29196,"Врио главы ДНР Денис Пушилин сообщил о новом крупном обмене пленными. 

«Сегодня проходит  обмен по формуле 110 на 110. Мы Киеву отдаём  в основном женщин. Из застенков украинского режима  возвращаем  домой 80 гражданских моряков, которых держали в заложниках. Также свободу получают  30 военнослужащих из ДНР, ЛНР и других регионов РФ», — сообщил Пушилин.",,,
29197,"Совбез Белоруссии заявил, что совместная с Россией региональная группировка начала поэтапное сосредоточение на белорусской территории.

При этом министр обороны Белоруссии заявил, что региональная группировка войск приступила к выполнению задач по защите Союзного государства.",,,
29198,💥Взрывы в Тернополе.,,,
29199,В Ровно также произошло частичное отключение электричества.,,,
29200,В некоторых районах Хмельницкого пропало электричество.,,,
29201,В Винницкой области несколько прилётов.,,,
29202,💥Также ракетный удар по объекту в Винницкой области.,,,
29203,Сообщают о трёх взрывах в Винницкой области.,,,
29204,"Самара готовит бойцов.

На Рощинском полигоне во всю лупят с РПГ-7 тандемками, накидывают с АГС (АГС+ коптер это вещь).",,,
29205,Продолжают появляться новые кадры утреннего налёта Гераней на Киев.,,,
29206,"Удары по Киеву. 
""Что посеет человек, то и пожнет""(с).",,,
29207,Повторная тревога по всей Украине,,,
29208,Как утром киевляне отражали налет Гераней.,,,
29209,"Российский ударный БпЛА ""Иноходец"" поражает танк противника при помощи модифицированной ракеты ПТРК ""Корнет"". Херсонское направление.

Видео от @RtrDonetsk",,,
29210,В ДНР официально прекратилась выдача паспортов Донецкой Народной Республики. Сроки действия уже выданных паспортов пока не определены. Продолжает процесс выдачи российских паспортов по упрощенной процедуре.,,,
29211,"Ладно, это было забавное противостояние 😄",,,
29212,"Прекрасный диалог. Показательный. С одной стороны чиновник, у которого компетенции, сдвижки сроков вправо, текущие треки, презентации, позитивная и негативная повестки. А с другой стороны обычные мужики. Россия с другой стороны. Простая и настоящая. 

И вот этот диалог заставляет вспомнить пресловутое ""страшно далеки они от народа"".

Я уже говорил, что нынешняя ситуация создает новую страну, реальное гражданское общество. Хипстеры на самокатах с плакатиками за Навального это знаете ли уже вчерашний день. И казалось, вот она,  какая у нас оппозиция. 

Теперь триста тысяч мобилизованных, крепких основательных мужиков. Которые пройдут прожарку фронтом.  Теперь миллионы тех, кто жертвовал на поддержку армии. Посылал с пенсии по пятьдесят рублей, с зарплаты по немного. Теперь тысячи волонтеров, которые связаны горизонтальными контактами. Волонтеры, которые покупали на народные деньги коптеры и теплаки, рации и аптечки. 

И вот это не оппозиция, конечно. Но реальные граждане, реальное гражданское общество. Ибо оно всегда начинается с соучастия в судьбе страны, города, района, улицы.  И искренние патриоты, подлинные граждане для власти могут быть куда более некомфортными, чем те, кто упылил на самокатах в дальние дали.  

Мобилизация это что? Это когда государство призвало граждан? Или когда Родина попросила о помощи? Поверьте, большинство тех, кто пошел под ружье, понимают всё как раз как второй вариант. А если они сегодня встают на защиту Родины, то завтра эти люди будут иначе относиться и к своей роли в жизни страны. И к тому, что и как делает власть и чиновники. И спрашивать будут иначе. Не бунтовать будут, подчеркну это. А спрашивать в деталях, не соглашаться, спорить, требовать внятных ответов, предлагать свои решения, настаивать на них.  

А тут вот на видео, диалог никак не складывается. Потому что с одной стороны те, кто уже перешагнули из мирной жизни во фронтовую. Даже пусть они в тылу. Но они знают, что их ждет. Знают куда идут. Вряд они этого хотели, но они не убежали. 

А с другой стороны человек, не понимающий, что от него хотят конкретных ответов. Конкретных. Не объяснений про ""треки"" и ""кейсы"".  Дело не в том, что именно этот чиновник плохой или хороший. Он просто не привык к таким вопросам от людей. Думаю, что в целом, скорее привык видеть электорат в форме презентации с графиками.

А тут вот оно как. Оказывается, что электорат-то это люди. 

https://t.me/gramotyyaroslava/11555",,,
29213,На обломках одного из Шахидов .,,,
29214,"Отчаянные попытки сбить «Герань-2» над Киевом из стрелкового оружия

https://t.me/boris_rozhin/67451?single",,,
29215,"Также Днепропетровская область. Сильный пожар вследствие удара по объекту, предположительно прилетело по месту хранения горючего.",,,
29216,"Днепропетровская область. Пожар от ""работы пво"" начал закрывать небо 😂",,,
29217,"💥Взрывы в Днепропетровской области. И как всегда работает ""лучшая в мире пво"" 😄",,,
29218,"❗️Начнём новую неделю с попытки решения **новой проблемы**.. точнее проблема то старая, это лишь ее новая интерпретация:❗️

Вроде как решили вопросы с призывом специалистов из ВПК и предприятий оборонки,.. но спустя какое-то время случился выход за пределы инструкции и **повестки полетели представителям очень известных сейчас небольших частных компаний (без которых я не знаю что бы мы сейчас делали..)**

Вчера сразу несколько компаний обратились с просьбой донести ситуацию до соответствующих должностных лиц - доношу, господа, **показатель наличия ГОЗа, это, конечно, замечательно, но если забрать сейчас у той же «Лаборатории ППШ» монтажников и настройщиков ЛПД (что сейчас и происходит), мы останемся без немалой доли дронобоек на фронте (это же касается и других специалистов компании - конструкторов даже!)**. Поверьте, никто там не боится, парни сами уже несколько раз выезжали на передок для проверки и доработки своих изделий, но обескровив сейчас такие частные компании (почему-то немалый процент обратившихся с проблемой - это СПб и Ленобласть🤔), **мы рискуем остаться совсем без всего,.. но в рамках ГОЗа**👏🏻👏🏻👏🏻

Есть, конечно, Китай.. но тогда убьём мы полностью свой «частный сектор» по многим направлениям..

**Обращаюсь сейчас к соответствующим должностным лицам, а так же главам субъектов**, обратите, пожалуйста, внимание на данный вопрос.. сейчас время такое - маленькая частная конторка сейчас может решать такие вопросы, на которых крупные госкомпании ~~обоср~~ обломали зубы..

Прикол в том, что силовикам та же ППШ хорошо известна (да и другие тоже), надо просто выйти за пределы инструкции и палочной системы..",,,
29219,"Прилет дрона-камикадзе ""Герань-2"" по расположению личного состава ВСУ под Николаевом.

Видео от @The_Wrong_Side",,,
29220,В Вольногорске Днепропетровской области вибух.,,,
29221,"Атмосфера в Киеве этим утром. 

В конце видео горит здание «Укрэнерго».",,,
29222,"Су-35 ударил ракетой Х-59 по объекту инфраструктуры в Одесской области, заявили всушники из оперативного командования ""Юг"".",,,
29223,"В Харькове с утра отключения света.
Остановлена работа метро.
Ранее сообщалось о проблемах со светом в Днепропетровской и Сумской областях.",,,
29224,Вот он тот самый купол похоже.,,,
29225,"Киев. В объективе одного из инфоагенств эффектные кадры удара дрона камикадзе Герань-2 по объекту.

Супер система ПВО столицы на первом фото не шмогла, как видите 😄",,,
29226,💥В Роменском районе Сумской области с утра ракеты поразили объект критической инфраструктуры — губернатор Дмитрий Живицкий.,,,
29227,Продолжают появляться новые кадры налёта геранек на Киев.,,,
29228,"Персы. Вот глубочайшее восхищение. 

Я всегда, честно сказать, на ваши успехи в технике смотрел ну очень скептически. Ну вот прям ооооочень. 

А вы оказались капитальными красавчиками. 
И заодно подтвердили то, что все в стране должно быть своё. И тогда все получится.",,,
29229,"💥Моменты ударов по объектам в Киеве дронами камикадзе Герань-2.

На данную минуту воздушная тревога практически на всей территории страны 404.",,,
29230,"Хрюшки, ебало?",,,
29231,"В дурдоме сегодня биполярочка. Впрочем,  ничего нового🤡",,,
29232,"**Так выглядит Киев после прилетов русских беспилотников — над центром города поднимается дым

**В Шевченковском районе сейчас сильный пожар, а над центральным районом поднимается черный дым. Сообщается, что прозвучало по меньшей мере три [прилета](https://t.me/readovkanews/44478) русских беспилотников.",,,
29233,"В налёте участвовало 20 Шахидов, 45 сбили (с) Арестович",,,
29234,"‼️Украинское агентство ТСН со ссылкой на очевидцев сообщает о клубах дыма над зданием национальной энергетической компании ""Укрэнерго"".",,,
29235,❗🤬Ще один вибух в Києві! 👍👍,,,
29236,Обстановка,,,
29237,"Новая волна, пытаются сбить стрелковкой",,,
29238,**❗️Ракетный удар по Сумской области**,,,
29239,Массированный налёт Гераней на Киев,,,
29240,В оперативном командовании ~~«Півень»~~ «Південь» подтвердили три прилёта «Гераней» по объектам в Николаеве,,,
29241,"[❗️🇷🇺🇺🇦 ](https://rybar.ru/piwigo/i.php?/upload/2022/10/16/20221016213116-1e9189cf-xx.jpg)**Хроника специальной военной операции
**__за 15 — 16  октября 2022 года

__**🔻Обстрелы территорий Российской Федерации:

▪️**Днем ВСУ вновь обстреляли** Белгород**. Средства ПВО перехватили большую часть целей, однако было зафиксировано** два** взрыва в районе белгородского аэропорта.

Пострадало не менее **трех **мирных жителей.

**🔻Старобельское направление:

▪️**На **Купянском** **участке** украинские силы ведут позиционные бои на рубеже **Кисловка — Першотравневое**.

Артиллерия ВС РФ нанесла удар по готовящимся к выдвижению к линии фронта мобильным группам 92 бригады ВСУ в районе **Двуречного**. В результате этого противник понес значительные потери и вынужден был отказаться от планируемой разведки боем.

▪️На **Лимано-Сватовском участке** украинские формирования стягивают личный состав и бронетехнику на рубеж **Торское — Терны**.

**🔻Соледарское направление:

**▪️Существенных изменений линии фронта нет, ЧВК «Вагнер» ведут ожесточенные бои в **Соледаре** и юго-восточных районах **Бахмута** **(Артемовска)**. Противник регулярно контратакует в** обоих городах. **По скоплениям украинских формирований работает артиллерия.

▪️Подразделения ЧВК «Вагнер» продолжают вести ожесточенные бои за **Опытное**. Северо-восточнее, в районе **Белогоровки**, фронт удерживают части НМ ЛНР.

**🔻Донецкое направление:

**▪️Украинские формирования в очередной раз обстреляли гражданскую инфраструктуру **Донецкой агломерации**, в том числе – здание городской администрации **Донецка** в Ворошиловском районе. Есть пострадавшие среди мирных жителей.

**🔻Запорожское направление:

**▪️Российские силы продолжают вести позиционные бои в районе **Времьевки** и **Нескучного**. Подразделения ВСУ предприняли две попытки штурма высот западнее сел, но оба раза отступили с большими потерями.

▪️Военнослужащие ВС РФ отработали по целям в **Запорожье** и **Орехове**, а также по скоплениям противника вдоль всей линии соприкосновения.

**🔻Южный фронт: Николаево-Бериславское направление 
(**[**карта**](https://t.me/rybar/40284)**)

**▪️На** Бериславском участке** утром 15 октября украинские формирования предприняли неудачную попытку наступления на оборонительный рубеж российских подразделений **Дудчаны — Мыловое — Новогригоровка**. 

▪️На **Николаевском участке** командование ВСУ продолжает перегруппировку войск для дальнейшего наступления на позиции ВС РФ. 

Украинские войска формируют две ударные группы: одна — в окрестностях **Баштанки**, другая — в районах **Прибугского** и **Галицыново**.

▪️Украинские формирования в ближайшее время могут начать повторное наступление на **Бериславском** и **Александровском** **участках**. В то же время не исключен вариант переброски сил на **Запорожское** **направление**.

▪️Неудачи и значительные потери подразделений ВСУ на данном участке фронта оказывают негативное воздействие на** морально-психологическое состояние** военнослужащих, приводя к снижению боеспособности сил противника.

[**Карта в большом разрешении

**](https://rybar.ru/piwigo/upload/2022/10/16/20221016213116-1e9189cf.jpg)**Foreign versions: **[**DE**](https://rybar.ru/piwigo/upload/2022/10/16/20221016213120-50d9c9d6.jpg)** |**[** EN**](https://rybar.ru/piwigo/upload/2022/10/16/20221016213122-41b9f526.jpg)** |**[** ES **](https://rybar.ru/piwigo/upload/2022/10/16/20221016213125-dbfe41ef.jpg)**| **[**FR **](https://rybar.ru/piwigo/upload/2022/10/16/20221016213128-5cbec2bb.jpg)**|**[** IT

**](https://rybar.ru/piwigo/upload/2022/10/16/20221016213132-b877e240.jpg)#дайджест #Бахмут #Донецк #Запорожье #карта #Луганск #Россия #Славянск #Украина
@rybar

__*Поддержать нас:__ `4377 7278 0407 7977` |` 0x4739352b67Da6F4064757627D92A08EaDd3fb6b6` (ETH) |` 33i1BwMuzeYTAUNtiLa6CjvaHtTVYNJfnp `(BTC)",,,
29242,Николаев. Видно как пылают резервуары с горючим.,,,
29243,Новый очаг возгорания в Николаеве после удара. Взрыв прогремел и в Славянске.,,,
29244,"Взрывы в Харьковской области, а также повторно в Николаеве.

обн. На месте нового прилёта в Николаеве пожар.",,,
29245,"Сообщают, что прилёты в том числе были и по порту Николаева, где разгорается пожар.",,,
29246,Cук))00)))),,,
29247,Момент взрыва в Николаеве.,,,
29248,Так по всушникам в Камышевахе вчера отработала реактивная артиллерия.,,,
29249,Ещё Николаев,,,
29250,Пожар на объекте в Николаеве после встречи с гераньками.,,,
29251,"💥Дроны камикадзе Герань-2 отработали по целям в Николаеве.
На видео предположительно звуки вторичной детонации на складе боеприпасов.

обн. Сообщают о новых взрывах в Николаеве.",,,
29252,"Сообщают, что в некоторых районах Николаева пропал свет. 

Также пишут про взрывы в Очакове.

P.S. подрубили тревогу",,,
29253,"Белоруссия задействовала для охраны границы с Украиной укрупненные пограннаряды и маневренные группы территориальных органов пограничной службы на фоне роста разведывательной активности с украинской стороны, сообщил официальный представитель Госпогранкомитета РБ Антон Бычковский",,,
29254,"Разгромленная колонна ВСУ под Давыдовым бродом, октябрь. 

Пану хохлу всё ещё не доходит, что они просто пушечное мясо для заокеанского хозяина.",,,
29255,"Министерство по чрезвычайным ситуациям Белоруссии получило от Минобороны оружие для своих сотрудников, которые по распоряжению президента в случае массовых беспорядков или вооруженного конфликта будут выполнять задачи по поддержанию порядка и защите страны, сообщил глава МЧС Вадим Синявский",,,
29256,"Вечерний Владлен. 16.10.2022г

- Награда за Стрелкова. 
- Обстановка на Киевском направлении. 
- Перспективы войны. 
- Мигранты из Средней Азии это пятая колонна в РФ.",,,
29257,"Ответные меры США в случае применения Россией ядерного оружия на Украине не будут зависеть от того, будет ли оно применено в тактическом или более крупном масштабе, заявил помощник президента Америки по национальной безопасности Джейк Салливан.",,,
29258,"Число раненых из-за обстрела здания администрации в Донецке возросло до пяти человек, сообщили в штабе теробороны ДНР",,,
29259,"Украинские войска сменили план по захвату Запорожской АЭС, выбрав место для форсирования Днепра - западную часть Каховского водохранилища — Рогов",,,
29260,"**В Шебекинском городском округе
мужчина наступил на мину, в результате чего ему оторвало ступню.** Бригада скорой помощи доставила его в больницу, ему оказывается вся необходимая медицинская помощь, сообщил губернатор Белгороской области Гладков.
⠀
«Уважаемые жители области! В результате предыдущих обстрелов в лесах Белгородской области сейчас опасно. Прошу вас воздержаться от посещения лесополос во всех приграничных муниципалитетах», — пишет Гладков.",,,
29261,"На купянском направлении БПЛА Орлан-30 Западной группировки выявил ПУ ВСУ, расположенный в заброшенном здании. Ударом артиллерии (152-мм высокоточный снаряд Краснополь) цель уничтожена.

@razved_dozor",,,
29262,"Сербия объявила о закрытии посольства на Украине по соображениям безопасности и временной приостановке дипмиссии в стране — ТАСС.

Египет и еще ряд стран призвали своих граждан покинуть территорию Украины, сообщило украинское издание «Страна».",,,
29263,"В Белоруссию из России начала прибывать авиационная составляющая региональной группировки войск, сообщили в Минобороны республики",,,
29264,"Замгенсека ООН Гриффитс, генсекретарь конференции ООН по торговле Гринспен и замглавы МИД РФ Вершинин проводят переговоры в Москве, обсуждают зерновую сделку — РИА Новости",,,
29265,"Киевские власти требуют ни в коем случае не фиксировать и не выкладывать в сеть работу ПВО. 

Тема фиксации результатов ракетных ударов, которая и так была под контролем властей, после ударов 10 октября вообще была зачищена практически полностью. 

Не то, что у нас. У наших сразу всё на показ. Зато сколько контента у городских пабликов, сколько хайпа!",,,
29266,Паники нет.,,,
29267,"Скорее всего бил МиГ-29 американскими ракетами HARM

https://t.me/readovkanews/44412",,,
29268,Морпехи из 40-й бригады охотятся за петуховозкой.,,,
29269,"«Прошел обстрел. Объезжаю территорию города и Белгородского района. По итогам обязательно поделюсь информацией. По предварительным данным есть двое раненых», — губернатор Белгороской области Гладков",,,
29270,В Белгороской области ПВО сбивает вражеские ракеты,,,
29271,"Друзья, дошли бензопилы и третьи мавики к нашим героям. 

Заказали и ждём изготовления большой партии тепловизоров, и ждём прямой поставки из Китая третьих мавиков+дополнительные АКБ.

Работаем 💪",,,
29272,"Этим утром ВСУ обстреляли городскую администрацию Донецка из РСЗО HIMARS.

Пострадали двое мирных жителей.",,,
29273,"128 горно-штурмовая бригада ВСУ очень дорого поплатилась за вчерашнюю попытку атаковать. Ситуация близка к бунту, идти вперёд отказываются.

Бериславское направление.",,,
29274,"Пара сальных Грачей на Н. 


Вы хули так быстро съебались?)
Страшно ?)",,,
29275,"Спутник «Космос-2560», запущенный в интересах Минобороны РФ с космодрома Плесецк в Архангельской области легкой ракетой «Ангара-1.2», успешно выведен на целевую орбиту, сообщили в министерстве.

Лёгкая ракета с космическим аппаратом стартовала в 22:55 по мск в штатном режиме.",,,
29276,"Вечерний Владлен.15.10.2022г.

- Спасибо группировке ""D"".
- Обстановка.
- Белоруссия в войне. 
- Стрелков на фронте.",,,
29277,"В [очередном](https://www.defense.gov/News/Releases/Release/Article/3189571/725-million-in-additional-security-assistance-for-ukraine/), 23-м по счету пакете американской военной помощи Украине интересен резкий рост поставок систем дистанционного минирования. Ранее, в пакетах от [8-го сентября](https://www.defense.gov/News/Releases/Release/Article/3152071/675-million-in-additional-security-assistance-for-ukraine/) и [4-го октября](https://www.defense.gov/News/Releases/Release/Article/3179323/625-million-in-additional-security-assistance-for-ukraine/) украинцам уже отгрузили по 1000 боеприпасов RAAM (контейнеры в калибре 155 мм, содержащие противотанковые мины), на сей раз их аж 5000.

Можно ли из этого делать выводы? Можно. Минных полей ВСУ внезапно понадобилось много. Причем дистанционным минированием поля обычно ставят в случаях, когда это нужно делать ВНЕЗАПНО. То есть, повторюсь, или чужое наступление останавливать, или фланги своего обеспечивать. Что из этого вероятнее? Вот и увидим.",,,
29278,По всушникам в Никополе прилетает 💥,,,
29279,"Франция примет до 2 тыс. украинских военнослужащих, которые в течение нескольких недель должны будут пройти военную подготовку, сообщил министр вооруженных сил страны Себастьен Лекорню в интервью газете Le Parisien.

В стране ранее уже готовили украинских артиллеристов для обслуживания гаубиц Caesar, которые Париж поставил Киеву.",,,
29280,"⚡️🇷🇺🇺🇦 **Уважаемые подписчики! 

**🔻Уже девятый месяц продолжается специальная военная операция на Украине. К сожалению, она, в краткосрочной перспективе, не завершится.

Украинские формирования, при полной поддержке стран **Запада**, ведут обстрел мирного населения уже не только на **Донбассе**, но и в приграничных с Украиной Брянской, Курской и Белгородской областях.

В последние несколько дней количество ракетных ударов по объектам гражданской инфраструктуры **Белгорода** и окрестностей увеличилось в разы. Военнослужащие подразделений ПВО ВС РФ прилагают все усилия для обеспечения защиты мирного населения. Однако этих усилий не всегда бывает достаточно. 

🔻Желание некоторых граждан осветить происходящие события, показать работу ЗРК или последствия ударов ВСУ — __в первую очередь,__ играет в пользу украинских формирований. 

**Показав момент прилета**, **вы демонстрируете результаты удара** и помогаете ВСУ понять, долетела ли ракета или беспилотник. А, публикуя момент сбития снаряда или БЛА, вы можете раскрыть позиционный район ПВО.

Поэтому мы просим вас: **не публикуйте эти данные преждевременно**. Делая это без замыливания фона и других мер предосторожности, вы подвергаете и себя, и наших военнослужащих риску быть обнаруженными. 

Нам ли не знать о том, как эффективно можно использовать данные открытых источников для поиска объектов противника. А на Украину работают тысячи иностранных специалистов, изучающих открытые данные.

Как раз-таки из-за запрета украинским руководством на съёмку прилетов и ударов, сейчас так мало оригинальных кадров. И это существенно осложнило нашу работу.

🔻Также **мы просим власти регионов принять на рассмотрение необходимые законодательные меры** **для запрета публикации данных**, которые могут привести к вскрытию местоположения важных военных и гражданских объектов. И за их нарушение следует ввести уголовную ответственность.

Не все граждане понимают серьезность последствий из-за отсутствия серьезных мер наказания. И тюремный срок за даже непреднамеренный слив __(а есть и те, кто делает это специально)__ отрезвит горячие головы. 

🔻Прежде чем опубликовать что-либо в погоне за хайпом — **подумайте** о последствиях ваших действий. Конфликт ещё далек от завершения. И только общим и единым фронтом мы сможем добиться победы.

**Ваш ****@rybar****

**[**Инструкция в большом разрешении

**](https://rybar.ru/piwigo/upload/2022/10/15/20221015135911-84befae1.jpg)[**English version

**](https://rybar.ru/piwigo/upload/2022/10/15/20221015135912-43e7df98.jpg)*__Поддержать нас:__ `4377 7278 0407 7977`",,,
29281,"Всем НАШИМ людям в Николаеве, Кривом Роге, Одессе, Вознесенске, не забывайте про наш бот обратной связи - @pnv_dozor_bot 

Строго анонимно !",,,
29282,"Губернатор Белгороской области Гладков опубликовал кадры восстановления жилого дома, поврежденного обломками сбитой украинской ракеты позавчера. 

Также сообщил, что пожар на нефтебазе после сегодняшнего прилёта ликвидирован.",,,
29283,"**Поражение бронетехники ВСУ на Горловском направлении с помощью ПТРК Корнет.

**Оператор ракетного комплекса НМ ДНР метким выстрелом поразил бронемашину ВСУ на Горловском направлении. Стрельба велась ночью с применением тепловизионного прицела.

Видео от @nm_dnr",,,
29284,"Позавчера украинские военные попытались отбить свои потерянные позиции в районе п. Опытное

Все закончилось для них большими потерями в личном составе и технике.",,,
29285,"Специально сделал этот скрин, скоро начнём результаты показывать.

Труханяне, вам не понравится.",,,
29286,"#эксклюзив
Кадры последнего дня жизни командира белорусского нацистского батальона «Волад» Ивана Марчука с позывным «Брест», который бесславно погиб под Лисичанском в конце июня. Приехал на Украину убивать русню, но что-то пошло не так. Кадры последних минуты жизни на поле боя скоро опубликует [Архангел спецназа](http://t.me/rusich_army).

@NeoficialniyBeZsonoV",,,
29287,К [посту выше.](https://t.me/voenacher/31130),,,
29288,"Воины призванные по мобилизации [получили ПТУРы](https://t.me/voenacher/30345) для обучения, никаких электронок, только настоящие пуски. Довольные.

Как писал наш ДОРОГОЙ БРАТ Старше Эдды, всё держится на кадрах, которые подходят к обучению должным образом! Конкретно в ЦВО на базе 228 полка именно так, инструкторам респект.

В тоже время очень неприятно слушать, что мужчины инструктора это бывшие преподаватели артиллерийского училища в Екатеринбурге, которое в своё время попало под сокращение.",,,
29289,"Губернатор Гладков сообщил, что ВСУ попали по нефтебазе в Белгородском районе, МЧС уже борется с возгоранием",,,
29290,"Подписчики из Белгорода, помните сами и объясните своим друзьям и родственникам оттуда — ни в коем случае нельзя публиковать фото и видео, на которых отчётливо видны места прилетов вражеских ракет или позиции наших систем ПВО. Этим вы помогаете врагу корректировать обстрелы. 

Смотрите какие видео о прилетах публикует украинская сторона, они всё блюрят не просто так.

P.S. фото и видео, по которым невозможно определить местоположение, публиковать можно.",,,
29291,Над Белгородской областью ПВО сбивает украинские ракеты или беспилотники,,,
29292,В Казачьей Бухте работает ПВО в тренировочном режиме — губернатор Севастополя Развожаев,,,
29293,Похоже энергосистема Украины сделала жест доброй воли после утреннего удара по объекту энергетической инфраструктуры в Киевской области,,,
29294,"**КАК УКРАИНА УДАРИЛА В ПУСТОТУ**

Прошла половина октября. За это время произошло многое. Пока на линии фронта относительное затишье, давайте поговорим о том, что волнует всех. О Харьковском направлении и о том, что же там произошло. Закрытых данных у нас нет, поэтому будем задавать вопросы по методу Сократа. Через эти вопросы нам многое станет понятным. Итак, Харьков. Варвары Незалежной Окраины на своих виртуальных сходках вопят о невероятной победе. Эту волну подхватили некоторые из наших, мол, отступили, сдали Изюм, Лиман и Купянск. А значит армия наша воевать не умеет. А значит поражение!

А что такое поражение? Поразить - значит нанести удар по противнику, причинить ему ущерб вплоть до летального. Давайте упростим ситуацию и представим двух воинов с мечами. Поражение - это когда один нанес другому столь сильный удар, что второй потерял на какое-то время боеспособность или же умер. Под Харьковом такого не было. А что же там было?

https://telegra.ph/KAK-UKRAINA-UDARILA-V-PUSTOTU-10-14",,,
29295,В Киеве тем временем снова тревога,,,
29296,"Российский ударный БПЛА ""Ланцет"" уничтожил украинский комплекс ПВО С-300 на запорожском направлении, сообщил РИА Новости источник в силовых структурах РФ. В распоряжение агентства попала аэровидеосъемка поражения.",,,
29297,"На Бериславском наши воины спалили уже 5 танков ВСУ. 

По перехватам у них сплошные отказники, не идут в атаку.",,,
29298,"В Белоруссию прибыли первые эшелоны с российскими военными из состава совместной группировки войск, сообщили в Минобороны страны",,,
29299,"Судя по сообщению «Укрэнерго», утренним ракетным ударом был поврежден объект энергетической инфраструктуры в киевской области",,,
29300,Тем временем Игорь Иваныч.,,,
29301,"Американский предприниматель Илон Маск заявил, что Россия пытается ""убить"" систему спутникового интернета Starlink на Украине, она может перестать работать, несмотря на вложенные в ее защиту ресурсы",,,
29302,"Украина, снова тревога",,,
29303,Зарево. Горит сильно 🔥,,,
29304,Сильный пожар на объекте в Запорожье. А также один из прилётов Герани.,,,
29305,"Да, не опять а снова. Новые кадры пикирования Герани-2 на объект в Запорожье.",,,
29306,Ещё кадры пожара на инфраструктурном объекте в Запорожье.,,,
29307,"Просили в коментах, какой именно не знаю. Вот оба :)",,,
29308,Кадры нового удара дрона-камикадзе Герань-2 по объекту в Запорожье 💥,,,
29309,Попытки сбить Герань из стрелкового оружия ночью. С тем же успехом можно попытаться убить муху кувалдой.,,,
29310,"Кадры первого прилёта Герани в Запорожье, и последующий пожар.
Местные власти заявляют о поражении объекта инфраструктуры.

обн. Сообщают о новом взрыве.",,,
29311,"Видео пролёта и звук последующего удара Герани-2 по цели. На месте взрыва пожар.

обн. Ещё однин прилёт в Кривом Роге.",,,
29312,Над Запорожьем ещё одна геранька.,,,
29313,"Персидский пропеллер с 50 килограммовым подарком(нет) спикировал на цель в Запорожье.

обн. Сообщают о второй бавовне💥",,,
29314,💥В Запорожье взрыв. Перед этим в небе был замечен дрон-камикадзе Герань-2.,,,
29315,Также Никополь.,,,
29316,Звуки взрывов в Никополе 💥,,,
29317,"Тревога на востоке Украины.

Сообщают о взрывах в Кривом Роге и Никополе.",,,
29318,Энергетики полностью восстановили электроснабжение в Белгороде — Белгородэнерго,,,
29319,Очередной прывыд Киева.,,,
29320,"❗️🇷🇺🇺🇦 **Обстановка на Соледарском направлении **
__по состоянию на 22.00 14 октября 2022 года__

▪️На **Бахмутском** участке штурмовые отряды ЧВК «Вагнер» продолжают продвигаться к югу от **Бахмута**. Ожесточенные бои идут в **Опытном**. Отдельные подразделения ВСУ отошли из **Отрадовки** к **Курдюмовке**.

▪️Формирования 93 механизированной бригады ВСУ, обороняющие этот участок, несут значительные потери в живой силе. Одна из рот соединения самовольно оставила позиции и убыла в район **Дружковки**. 

▪️Среди местных жителей Бахмута распространяется неподтверждённая информация об освобождении бойцами ЧВК «Вагнер» **мебельной фабрики** на востоке населенного пункта. 

▪️Благодаря уничтожению ультракоротковолнового ретранслятора и перебоям в спутниковой системе связи Starlink между подразделениями ВСУ нарушена коммуникация. В **Торецке** одно из артиллерийских подразделений ВСУ поразило свою же позицию. 

▪️Несмотря на критическую для ВСУ ситуацию, решение о выводе воинского контингента из Бахмута принято не было. Однако в окрестности **Часов Яра** направлена группа для проведения рекогносцировки и поиска подходящей местности для пункта управления ОТГ «Соледар» на случай отхода. 

▪️На **Соледарском** участке подразделения ВС РФ продолжают бои на участке **Спорного**. Командование 10 горно-штурмовой бригады ожидают активное российское наступление по всей линии фронта.

▪️Для сдерживания продвижения украинские артиллерия и армейская авиация ведут заградительный огонь по районам продвижения российских войск. 

[**Карта в большом разрешении**](https://rybar.ru/piwigo/upload/2022/10/14/20221014184841-3d735ed5.jpg)

Foreign versions of Soledar Direction map: [**DE**](https://rybar.ru/piwigo/upload/2022/10/14/20221014184836-a3e65318.jpg) | [**EN**](https://rybar.ru/piwigo/upload/2022/10/14/20221014184837-8027b4d4.jpg) | [**ES**](https://rybar.ru/piwigo/upload/2022/10/14/20221014184838-4247d11b.jpg) | [**FR**](https://rybar.ru/piwigo/upload/2022/10/14/20221014184839-4bed7f61.jpg) | [**IT**](https://rybar.ru/piwigo/upload/2022/10/14/20221014184840-09e59a65.jpg)  

#Бахмут #дайджест #Донецк #карта #Луганск #Россия #Соледар #Украина 
@rybar

*__Поддержать нас:__ `4377 7278 0407 7977` | `0x4739352b67Da6F4064757627D92A08EaDd3fb6b6` (ETH) | `33i1BwMuzeYTAUNtiLa6CjvaHtTVYNJfnp` (BTC)",,,
29321,"Гладков, конечно, реальный красавчик.

Показывает себя как прекрасный кризис-менеджер. Да и в целом область выглядит прекрасно. Сейчас ещё потерпеть немного и отодвинем дикую свинину от границ.",,,
29322,"Гладков сообщил, что пожар уже потушили и приступили к переподключению",,,
29323,"Губернатор Гладков сообщил, что после обстрела Белгорода загорелась подстанция 110 кВт.

«Максимально быстро постараемся устранить последствия. Ориентировочное время переключения на резервный источник до 4 часов. Водоснабжение в норме, насосы перешли на другие линии питания», пишет Гладков.",,,
29324,В Белгороде после прилёта пожар на ТЭЦ «Луч»,,,
29325,"В Белгороде прилетело по подстанции.
В ряде районов города наблюдаются перебои с электроснабжением.",,,
29326,"В Белгороде также работает ПВО. Пишут, что в части города пропал свет.",,,
29327,Вечерний Владлен. 14.10.2022г,,,
29328,Из Белгородской области выходы ракет по целям в Харькове 🔥,,,
29329,"Войска российской составляющей региональной группировки войск в ближайшие дни начнут прибывать в Белоруссию, сообщили в Минобороны Белоруссии",,,
29330,"Мы неоднократно писали, что нанесенного урона недостаточно для полного уничтожения украинской энергетической инфраструктуры. Для достижения результата нужны **регулярные** повторные удары. 

https://t.me/voenacher/31063",,,
29331,"Премьер-министр Украины Денис Шмыгаль в пятницу заявил, что энергоснабжение, нарушенное в результате российских ударов, восстановлено на всей территории страны, а веерные отключения больше не применяются.

Одновременно он признал, что пропускная способность магистральных сетей снижена из-за многочисленных разрушений. Специалистам требуется время для восстановления надежности энергоснабжения потребителей, в этот период необходимо снизить нагрузку на сети для предотвращения аварий, добавил Шмыгаль.",,,
29332,"Дрон-камикадзе ""Ланцет"" уничтожает всушный ЗРК ""Оса"" на марше.

Видео от @rusich_army",,,
29333,"**Где прячутся остатки украинской истребительной авиации. Эксклюзивная карта Readovka

**Украинская военная авиация, похоже, доживает свои последние дни — в бой уже идут борты пилотажных групп в пестрой демонстрационной окраске. За двое суток активного «геранирования» (применения БПЛА «Герань») **подтверждена потеря сразу трех боевых самолетов ВСУ:** истребителей [Су-27](https://t.me/readovkanews/44166) и [МиГ-29,](https://t.me/readovkanews/44190) а также разведчика [Су-24МР,](https://t.me/readovkanews/44164) который, судя по всему, пытался вскрывать места запуска тех самых «Гераней». По различным оценкам, сегодня Украина способна поднять в воздух **не более 20 истребителей,** и ежедневная потеря даже одной машины в скором времени может привести к полному уничтожению украинской авиации ПВО.

На данный момент основу авиации ПВО Украины составляют советские истребители МиГ-29 и Су-27, и, судя по всему, после появления в воздушном пространстве незалежной русско-иранских «Гераней» на данные истребители легло чуть ли не основное бремя борьбы с так называемыми «шахид-мопедами». Аналитический отдел холдинга Readovka подготовил** карту актуальных мест базирования с расчетом примерного радиуса действия Су-27 и МиГ-29,** чтобы оценить степень покрытия воздушного пространства.

Стоит отметить, что аэродромы в **Миргороде** и **Василькове** были постоянным местом базирования украинских истребительных бригад еще до начала СВО. **Николаев** и **Одесса** также давно использовались как места временного базирования, а вот базы в **Кропивницком** и **Долгинцево** были расконсервированы уже после начала спецоперации. Сегодня оба этих аэродрома являются передовыми, и с них боевая авиация Украины может дотянуться до ДНР и ЛНР.

Как мы видим, пока что радиусы действия истребителей ВСУ покрывают практически всю Украину, но стоит понимать, что для эффективной борьбы с «Геранями» истребителям нужно оказаться в одном месте и в одно время с беспилотником, а для этого его еще нужно и заранее обнаружить, что сделать весьма проблематично. Следовательно, **реальный радиус перехвата стоит сократить, как минимум, в 3-4 раза.**",,,
29334,"Евросоюз предоставит Украине обещанные 5 миллиардов евро траншами в октябре, ноябре и декабре — еврокомиссар",,,
29335,"ВСУ обстреляли село Вознесеновка Шебекинского городского округа, сообщил губернатор Гладков. 

Повреждены 5 частных домов, а также оборвало линию электропередач. Пострадавших нет. Глава округа Владимир Жданов и оперативные службы работают на месте.",,,
29336,Дмитрий Медведев: «Беспилотники доказали свою эффективность в современных конфликтах. Их использование в зоне проведения СВО – насущная необходимость».,,,
29337,"Маск провисел на миротворце около 15 минут, потом хохлы одумались и удалили, а то вдруг барен заругает",,,
29338,"**Другие важные заявления Путина из его выступления на саммите глав СНГ в Астане:

**— Встреча с лидерами Киргизии и Таджикистана прошла конструктивно, Россия поднимет документы, карты и вместе с государствами поищет решения по границам;

— Не вижу необходимости в переговорах с Байденом, вопрос о поездке на G20 пока не решен;

— У киевских властей пропало желание вести переговоры, как только войска РФ отошли от Киева;

— ФСБ констатировала, что, скорее всего, взрывчатка для теракта на Крымском мосту была отправлена морем;

— РФ закроет зерновой коридор, если подтвердится, что взрывчатку для теракта на Крымском мосту вывезли из Одессы на зерновозе;

— Одна ветка «Северного потока 2» в рабочем состоянии, решение о ее запуске не принимается и вряд ли будет принято, но это не наше дело;

— Власти Германии предпочли поставить во главу угла союзнические обязательства к НАТО, это ошибка, за которую расплачиваются жители ФРГ.

— Прямое столкновение войск НАТО с российской армией очень опасный шаг, он приведет к глобальной катастрофе, надеюсь, хватит ума его не предпринимать;

—  Нет необходимости в массированных ударах по Украине, во всяком случае сейчас, дальше будет видно. Из, по-моему, 29 запланированных объектов 7 не было поражено, мы их постепенно добираем.",,,
29339,Металлургам с Урала - уважуха и почёт! Спасибо!,,,
29340,"**Путин заявил, что ни о чем не жалеет.

**«Хочу, чтобы было понятно: то, что происходит сегодня — малоприятно, мягко говоря. Но это всё то же самое мы получили бы чуть позже, только в худших для нас условиях. Вот и всё. Так что **мои действия правильные и своевременные**», — ответил Путин на вопрос журналиста.",,,
29341,"**Главные заявления Путина о проведении мобилизации в России:

**— Частичная мобилизация почти заканчивается, примерно за две недели она будет завершена;

— Минобороны РФ в начале частичной мобилизации предполагало меньшую цифру, не 300 тысяч человек;

— Все мобилизованные должны пройти обязательную подготовку;

— Дополнительно даст поручения Совбезу РФ, чтобы они провели инспекцию того, как проводится подготовка мобилизованных граждан;

— Уже мобилизовано 222 тысячи человек из предполагаемых 300 тысяч, 33 тысячи мобилизованных находятся в подразделениях и 16 тысяч уже выполняют боевые задачи;

— Линия соприкосновения 1100 км, держать ее контрактниками практически невозможно, с этим связана мобилизация.",,,
29342,"Вот, это не всё даже в кадре ))) Работаем, парни на местах запишут отчёт о получении 💪",,,
29343,"Братцы, сёстры, друзья! До бойцов дошли тепловизионные прицелы закупленные на ваши деньги! Это пара новеньких iRay на пол миллиона рублей.

Так же сегодня, несмотря на все ужасы логистики, в Крым пришли генераторы и газовые тепловые пушки, скоро отправим их на колонну.",,,
29344,"«12 ""Калибров"" полетело, из них 18 сбили» (с)",,,
29345,Также Харьков.,,,
29346,Сообщают о взрывах в Харькове 💥,,,
29347,"В Белоруссии не вводился режим контртеррористической операции, передает госагентство БЕЛТА со ссылкой на КГБ, которое единственное уполномочено вводить такой режим.

«В настоящее время в республике проводятся плановые учебные мероприятия в целях поддержания высокого уровня готовности субъектов борьбы с терроризмом к выполнению задач по предназначению», — говорится в комментарии КГБ.",,,
29348,"**Илон Маск следует рекомендациям Мельника — бизнесмен напомнил, что он не обязан вечно спонсировать работу Starlink на Украине

**После того, как новость о том, что SpaceX [предложила](https://t.me/readovkanews/44227) Пентагону спонсировать работу Starlink на Украине, на владельца корпорации Илона Маска обрушилась очередная волна хейта. Предприниматель, однако, не стал лезть за словом в карман.

Так, ему в соцсетях написали, что ранее экс-посол Киева в Германии Андрей Мельник послал его. Бизнесмен, в свою очередь, сказал, что «следует этой рекомендации». Кроме того, он заявил, что компания не требует возместить прошлые расходы.

Однако по его словам, SpaceX не может «бесконечно финансировать существующую систему», а также направить еще несколько тысяч терминалов, которые быстро портятся из-за того, что ими пользуются в сто раз больше, чем обычные домохозяйства. Бизнесмен отметил, что это просто неразумно.

Украина, напомним, вообще [не платила](https://t.me/readovkanews/43506) за использования системой спутников Starlink. Теперь их либо будет финансировать Пентагон, либо киевский режим останется без передовой технологии.",,,
29349,"Лукашенко заявил, что в Белоруссии введен режим повышенной террористической опасности",,,
29350,"Решение об отсрочке от частичной мобилизации для отцов троих и более детей в возрасте до 16 лет принято и доведено до военных комиссариатов, сообщил глава комитета Госдумы по обороне Андрей Картаполов.

Ранее об этом заявила детский омбудсмен Мария Львова-Белова. По ее словам, такое указание Генштаб ВС РФ направил в военкоматы и призывные комиссии. Также не призовут отцов трех детей в возрасте до 18 лет, если один из несовершеннолетних — инвалид или нуждается в паллиативной помощи.",,,
29351,"Свердловская область остается одним из последних регионов в РФ, где власти не оказывают никакой помощи и поддержки мобилизованным. Вообще. Ноль. Это не просто ""болт забили"", это хуже.

Очень надеюсь, что эта информация рано или поздно дойдет до Москвы и там насадят, наконец, наших нерадивых чинуш на кукан и провернут до щелчка. Чтобы мозги вправить.",,,
29352,"В коментах хохлы прокукарекали о том, что заявлено что «вся авиация уничтожена ещё в марте, а они все ещё летают».

Ещё раз, смешные вы наши, я писал об этом ни один пост, к началу апреля был уничтожен костяк вашей авиации, в виде самых опытных ее лётчиков. И там реально были опытные и сильные мужчины, не признают это только идиоты.

Одиночные вылеты отдельных самолётов и вертолётов это не авиация. 
Йеменские повстанцы недавно, спустя много лет войны против сильнейшей арабской страны, смогли поднять в воздух Ми-35. 
Так что, то, что вы сегодня называете повытрыными силами это хуета, на постном масле.",,,
29353,"3 литака за 2 дня это максимально не позволительная роскошь для тех, у кого этих самых литаков осталось по пальцам 4 рук.",,,
29354,"Спикер Командования Воздушных сил ВСУ Юрий Игнат в комментарии для одного из украинских изданий заявил, что вторым разбившемся в Полтавской области украинским самолётом, помимо Су-24МР, оказался истребитель Су-27. 

Также Игнат добавил, что один из пилотов Су-24МР погиб при катапультировании. 

Ранее Минобороны РФ заявило, что в Полтавской области огнем российских систем ПВО был сбит как раз Су-27 ВВС Украины.",,,
29355,"Режим контртеррористической операции (КТО) был введен в Белоруссии после сообщений о планируемых провокациях со стороны ряда сопредельных государств — глава МИД Белоруссии.

«Мы должны защитить своих людей и сделать так, чтобы ни на один метр нашей земли не ступила нога оккупанта. Глава нашей страны провел ряд совещаний с силовыми структурами, введен режим контртеррористической операции», — подчеркнул Владимир Макей.",,,
29356,"Сообщают о взрывах в Запорожье💥

обн. Прилёты продолжаются.",,,
29357,В Одессе и Николаеве снова расцветают герани,,,
29358,"[❗️🇷🇺🇺🇦 ](https://rybar.ru/piwigo/i.php?/upload/2022/10/13/20221013195338-c1e38013-xx.jpg)**Хроника специальной военной операции
**__за 13 октября 2022 года

__ВС РФ продолжили обстреливать инфраструктурные и военные объекты на территории **Украины**: под удар попал логистический терминал в** Наливайковке** в Киевской области, где предположительно находился склад поставленного по ленд-лизу вооружения и техники.. 

Несколько взрывов прогремело в **Золочеве **во Львовской области и других регионах западной Украины.

🔻**Обстрелы территорий Российской Федерации:

**▪️Днем ВСУ вновь обстреляли** Белгород.** Средства ПВО перехватили цели, однако обломки одной из ракет упали на крышу многоэтажного дома.

В то же время противник ударил по складу боеприпасов в поселке **Октябрьский**. Еще один удар пришелся на погранпункт **Шебекино.

**Пострадавших среди мирных жителей в ходе украинских обстрелов не было..

▪️В **Курской области** украинские формирования поразили электротрансформатор неподалеку от сёл **Теткино** и** Попово-Лежачи**, обесточив их на несколько часов. Противник также обстрелял** Гуево, **повредив несколько гражданских построек.

🔻**Старобельское направление (**[**карта**](https://t.me/rybar/40135)**):

**▪️На **Купянском участке **ВСУ в составе 14 омбр и 32 отдельного сводного батальона теробороны попытались взять штурмом позиции российской армии на рубеже **Кисловка — Першотравневое, **однако понесли потери и отступили. 

▪️Подразделения 92 омбр попытались закрепиться неподалеку от **Котляровки,** но также отошли с потерями. За день на **Купянском участке **ВСУ потеряли около 50 человек и 10 единиц техники.

▪️На** Лиманско-Сватовском участке** украинские формирования скапливают силы для удара в направлении **Кременной. **У** Тернов **сформирована большая сводная группировка из нескольких батальон ВСУ и территориальной обороны. 

🔻**Соледарское направление:

▪️**Существенных изменений линии фронта нет, ВСУ готовятся к российскому наступлению на **Бахмут (Артемовск).

**🔻**Донецкое направление:

**▪️Украинские формирования в очередной раз обстреляли** Донецк, Ясиноватую, Горловку, Макеевку** и другие окрестные населенные пункты.

🔻**Запорожское направление:

**▪️В **Запорожской области **противник готовится к масштабному контрнаступлению по всей линии фронта. Стороны ведут артиллерийские дуэли на линии соприкосновения: ВС РФ нанесли несколько ударов по объектам ВСУ в Запорожье. 

🔻**Южный фронт: Николаевско-Бериславское направление 
(**[**карта**](https://t.me/rybar/40155)**)

**▪️На** Посад-Покровском **участке в** Заре** и** Любомировке **идет ротация личного состава. В самом **Посад-Покровском** ВСУ разместили склады с боеприпасами.

▪️На **Андреевском участке** подразделения 35 обрмп ВСУ попытались закрепиться в 3 километрах севернее **Ищенки**, но попали под огонь артиллерии ВС РФ и отступили в Д**авыдов Брод.** Авиация противника также нанесла удары в районе** Борозенского **и** Безводного.

**▪️На** Бериславском участке** личный состав 60 опбр украинской армии на линии **Новогригорьевка — Новая Каменка** приведен в боевую готовность для атаки на позиции ВС РФ.

▪️Подразделения ВС РФ в ходе разведки боем под **Сухим Ставком** захватили в плен нескольких военнослужащих противника.

[**Карта в большом разрешении

**](https://rybar.ru/piwigo/upload/2022/10/13/20221013195338-c1e38013.jpg)**Foreign versions: **[**DE **](https://rybar.ru/piwigo/upload/2022/10/13/20221013195341-4b4d8441.jpg)**|**[** EN**](https://rybar.ru/piwigo/upload/2022/10/13/20221013195344-5f4f32fb.jpg)** |**[** ES **](https://rybar.ru/piwigo/upload/2022/10/13/20221013195355-d6199578.jpg)**| **[**FR **](https://rybar.ru/piwigo/upload/2022/10/13/20221013195400-b8c64163.jpg)**|**[** IT

**](https://rybar.ru/piwigo/upload/2022/10/13/20221013195405-d595f09e.jpg)#дайджест #Бахмут #Донецк #Запорожье #карта #Луганск #Россия #Славянск #Украина
@rybar

__*Поддержать нас:__ `4377 7278 0407 7977` |` 0x4739352b67Da6F4064757627D92A08EaDd3fb6b6` (ETH) |` 33i1BwMuzeYTAUNtiLa6CjvaHtTVYNJfnp `(BTC)",,,
29359,Вечерний Владлен. 13.10.2022г.,,,
29360,Ещё кадры взрывов в Харькове,,,
29361,В Харькове и области перебои с электричеством.,,,
29362,Звуки взрывов в Харькове,,,
29363,💥 В Харькове взрывы,,,
29364,"Hello Germans! do you like to feed Ukraine instead of your country?

Does the Clown Scholz really care about your economy, but not the US and UK?

Deutsche zahlen gerne Steuern, um die Ukrainer zu ernähren, nicht ihr Land?
Macht sich Scholz wirklich Sorgen um Ihre Wirtschaft? Er scheint sich mehr Sorgen um die amerikanische und britische Wirtschaft zu machen.",,,
29365,"В поселке Октябрьский Белгородской области пожар в районе сахарного завода. 

Местные говорят, что слышали взрывы. От линии фронта тут 12 км.",,,
29366,"Сегодня днём ВСУ также обстреляли таможенный пункт пропуска в Шебекино Белгородской области. 

Пострадавших нет, но само здание практически разрушено, сообщил губернатор Гладков.",,,
29367,"США указали Эр-Рияду на ""отсутствие рыночных оснований"" для снижения добычи нефти — Белый дом

Те же США - мы хотим сделать потолок цены на нефть для России наплевав на все принципы рынка.

Биполярочка как она есть, а свинопасы и рады за их интересы подыхать, правильно пан ёбаный хохол ?",,,
29368,"Генсек НАТО Столтенберг: «В случае военного конфликта мы должны следовать статье 5, согласно которой должны защищать своих партнеров, но  что касается Украины — она не член Альянса, поэтому мы продолжим помогать ей, но не более».",,,
29369,"⚡️⚡️⚡️ **__Эффектные кадры уничтожения гаубицы М-777 на Запорожском направлении.
__**[__Z_BOEV_LIST_Z__](https://t.me/Z_BOEV_LIST_Z)",,,
29370,"По украинской версии, обломки сбитой «Герани» попали в кабину пилота, в результате чего МиГ-29 совершил [отрицательный взлёт](https://t.me/voenacher/30934) . 

Подтверждение потери борта мы [публиковали](https://t.me/voenacher/30986?single) ранее.",,,
29371,"Похоже мы немного ошиблись и Минобороны РФ рассказали о сегодняшнем обмене в формате «20 на 20». Если это так, то впервые наша сторона сделала заявление об обмене военнопленных раньше украинской стороны (хоть и снова без фото/видео). 

Но про обмен двухдневной давности до сих пор никакой официальной информации нет. Как-то так.",,,
29372,"Таки хохлы признали что Геранька одержала свою первую воздушную победу. 

Правда, брешут что ее обломки просто попали по кабине МиГа.",,,
29373,"А сколько радости то было 4 часа назад... 

Как мы уже говорили, итог подобных акций немного предсказуем 😎",,,
29374,"Гауляйтер Козицкий сообщает о попадании по какому-то военному объекту, причем по нему прилетает не в первый раз. 

Обратите внимание, что в предыдущем посте он писал исключительно о работе ПВО, но видимо что-то пошло не так 🤷‍♂",,,
29375,Крылатая ракета пролетает над Львовом,,,
29376,"Тернопольская область. ПВО пыталось работать, но судя по звукам, но помогло.",,,
29377,Ещё фото с Львовской области,,,
29378,"Дым поднимается на месте прилёта во Львовской области.

Всего сообщают о не менее 3-х взрывах в области.",,,
29379,У украинских ТГ-каналов новая методичка: любой взрыв – это работа ПВО,,,
29380,💥 Сообщают о взрывах в Львовской области,,,
29381,💥 Сообщают о взрывах в Тернополе и Ровно,,,
29382,Тернополь,,,
29383,Пролёт ракеты над Черновцами,,,
29384,Вчерашний охотник за Гераньками.,,,
29385,"Губернатор Курской области Старовойт сообщил, что ВСУ обстреляли прифронтовой поселок Тёткино и соседнее село Попово-Лежачи. Зафиксировано 15 прилетов.

Серьёзно повреждена местная подстанция, оба населенных пункта полностью обесточены. Ремонтные бригады уже прибыли на место для ликвидации последствий обстрела.",,,
29386,Ракета пролетает над Киевом,,,
29387,ПВО ВСУ,,,
29388,Пролет крылатой ракеты над Одесской областью.,,,
29389,В течении 5 минут включилась воздушная тревога по всей стране,,,
29390,"Большая нарезка новых кадров применения БПЛА-камикадзе ""Ланцет"" по украинской военной технике. Поражение танков, САУ, автомобильной техники.

Видео от ТК ""Звезда"".",,,
29391,"В ходе переговорного процесса по обмену с подконтрольной киевскому режиму территории Украины возвращены 20 российских военных, сообщили в МО РФ.

Спустя двое суток. Ну спасибо, что вообще ХОТЬ КАКОЙ-ТО официальный комментарий дали.",,,
29392,"Поясним, у командования Украины была диллема, либо критическая инфраструктура перехватывает собой Гераньки, либо надо как-то пытаться их сбивать, рискуя поднять в воздух свои литаки на радость МиГ-31 ВКС России. 

Итог: Минус три самолёта Свиноваффе",,,
29393,"Сбитый если что Су-24. 

Да да, МО.",,,
29394,"❗️Два украинских самолета упали в Полтавской области — СМИ со ссылкой на власти

Ребят, нравится 37ая?)",,,
29395,"Россия не будет поставлять нефть в страны, которые ввели потолок цен, независимо от его уровня — Новак",,,
29396,"У меня плохие новости для Евросоюза: 

__Россия планирует нанести удары по украинской ГТС, перекрыв по ней поставки газа в Европу. Они взорвали Северный поток-1. И дальше они взорвут у себя что-то. И обвинят нас – для того, чтобы ударить по нашей газотранспортной системе. Они скажут: мы просто реагировали. А потом скажут Европе: смотрите, нет другой возможности поставлять газ кроме как срочно запустить Северный поток-2 (с) Зеленский
__
Володимир Олександрович, по сути, заблаговременно предупредил ЕС о планах США-Украины ударить по украинской ГТС. 

Тут гражданам европейцам еще надо помнить, что от СП-2 осталась только одна ветка.",,,
29397,"Губернатор Гладков сообщил, что ВСУ также обстреляли село Красное Шебекинского городского округа, повреждено здание школы, пострадавших нет (школы прифронтовых районов переведены на дистанционное обучение)",,,
29398,"Удивляться случившемуся в Белгороде не стоит. Госграница там уже давно стала линией фронта, а Белгород уже давно такой же прифронтовой город, как и Донецк, разве что более удаленный от линии фронта.",,,
29399,"Ещё кадры из Белгорода, где в результате обстрела со стороны ВСУ был поврежден жилой дом",,,
29400,"Судя по всему, на дом упали обломки сбитой ракеты",,,
29401,ВСУ попали по жилому дому в Белгороде,,,
29402,По инфраструктурному объекту в Киевской области утром был нанесен удар тремя дронами-камикадзе,,,
29403,"Опять вопросы к Министерству Обороны у людей.

Составляющие справки ребята, не проходите мимо, докладывайте.

https://t.me/brosok_mangusta_Z/3699",,,
29404,"Боррель заявил, что ядерная атака против Украины вызовет не ядерный, но мощный военный ответ.",,,
29405,"Найденные в Киевской области остатки от отработавшего БПЛА-камикадзе «Герань-(1?)/Shahed-131» под номером 431.

Это уменьшенная версия БПЛА Shahed-136, которая впервые засветилась на Украине.

@milinfolive",,,
29406,Очередной протухший по срокам С-300 присоединяется к ударам в Одессе.,,,
29407,"На территорию Мариуполя заброшена диверсионная группа, состоящая из террористов ""Азова"", сообщили в Министерстве госбезопасности ДНР.",,,
29408,В Запорожье прозвучал сильный взрыв.,,,
29409,"[❗️️️️🇷🇺🇺🇦](https://rybar.ru/piwigo/i.php?/upload/2022/10/12/20221012222514-49b81459-xl.png)** Хроника специальной военной операции
**__за 12 октября 2022 года

__ВС РФ вновь нанесли удары по объектам энергетической инфраструктуры Украины: сегодня были поражены цели в **Сумской **и **Днепропетровской областях**. В сравнении с двумя предыдущими днями залпы были менее массированными, однако работа по перегрузке энергосистемы страны продолжается

🔻**Обстрелы территорий Российской Федерации:

**▪️ВСУ в течение дня неоднократно обстреливали **Белгород**, но все удары смогли отразить российские средства ПВО. 

🔻**Старобельское направление (**[**карта**](https://t.me/rybar/40113)**):

**▪️На **Купянском участке **противник продолжил наступление на позиции ВС РФ у **Ольшаны,** где в окрестностях села смогла закрепиться 14 омбр ВСУ. В то же время против атаковал на линии** Першетравневое — Орлянка,** чтобы выйти к Ольшане с фланга. 

▪️Днем шли ожесточенные бои за** Кисловку.** Сначала украинские формирования установили контроль над селом**,** но затем ВС РФ вернули утраченные позиции. Противник, свою очередь, понес большие потери в живой силе и технике.

▪️На** Таволжанском участке** ВСУ держат позиционную оборону и проводят ротацию личного состава. Российские силы ведут массированное огневое поражение по противнику.

▪️Южнее на** Лиманско-Сватовском участк**е украинские формирования попытались форсировать** реку Жеребец **у Райгородки, Кармазиновки, Розовки, Новолюбовки и Макеевки, но понесли потери и отступили.

🔻**Соледарское направление:

**▪️Командование ВСУ готовится к дальнейшему наступлению ВС РФ на участках Кодема — Курдюмовка и Клиновое — Красная Гора, чтобы блокировать **Бахмут (Артемовск) **с северо-востока и юга.

▪️В** Бахмуте** и** Соледаре **идут позиционные бои на окраинах. ВС РФ нанесли ракетные удары по расположению ВСУ в районе железнодорожного вокзала Бахмута.

🔻**Луганская область:

**▪️Украинские формирования нанесли удары по **Троицкому **и** Артемовску**. В населенных пунктах погибло несколько человек и пострадала гражданская инфраструктура.

🔻**Донецкое направление:

**▪️Артиллерия противника вновь обстреляла Донецк, Макеевку, Горловку, Ясиноватую, Зайцево и другие населенные пункты** Донецкой агломерации**.

🔻**Запорожское направление **([**карта**](https://t.me/rybar/40112))**:

**▪️Украинское командование завершает подготовку к массированному наступлению на участке. Бойцы 65 омбр корпуса резерва провели разведку боем около **Новоайдаровки**, но, попав под массированный огонь артиллерии, понесли потери и отступили.

▪️Украинские формирования укрепляют оборону в районе** Дорожнянки,** попутно подготавливая ДРГ для вылазки на позиции ВС РФ у **Марфополя.

**▪️Сохраняется высокий риск высадки десанта противника в районе **Энергодара**, как со стороны **Никополя, **так и** Золотой Балки.

**🔻**Южный фронт: Андреевский и Бериславский участки** 
([**карта**](https://t.me/rybar/40111))

▪️На **Андреевском участке** подразделения 35 обрмп попытались взять штурмом позиции российской армии на рубеже **Костромка — Ищенка,** но понесли потери и отступили. Для снабжения группировки используются новые переправы через Ингулец.

▪️На** Бериславском участке** ВСУ готовят новое наступление и перебрасывает резервы к передовой.

[**Карта в большом разрешении

**](https://rybar.ru/piwigo/upload/2022/10/12/20221012222514-49b81459.png)**Foreign versions: **[**DE**](https://rybar.ru/piwigo/upload/2022/10/12/20221012222348-5470d0dd.png)** | **[**EN**](https://rybar.ru/piwigo/upload/2022/10/12/20221012222411-9a7c9233.png)** | **[**ES **](https://rybar.ru/piwigo/upload/2022/10/12/20221012222417-d3ebf833.png)**| **[**FR **](https://rybar.ru/piwigo/upload/2022/10/12/20221012222421-94c5086b.png)**|**[** IT

**](https://rybar.ru/piwigo/upload/2022/10/12/20221012222452-2a232eca.png)#дайджест #Бахмут #Донецк #Запорожье #карта #Луганск #Россия #Славянск #Украина
@rybar

__*Поддержать нас:__ `4377 7278 0407 7977` |` 0x4739352b67Da6F4064757627D92A08EaDd3fb6b6` (ETH) |` 33i1BwMuzeYTAUNtiLa6CjvaHtTVYNJfnp `(BTC)",,,
29410,Удары по объектам всу в Николаеве 💥,,,
29411,Странные звуки прилётов по целям в Никополе. Взрывы также звучат и в Николаеве.,,,
29412,"Хотите, перефразирую Европу?

""Тарасики, вперед на русские танки"".",,,
29413,"Гей бар Труха рапортует, что очередной сеанс ~~миньета~~ переговоров принесли следующие плоды.

Вечно в позе раком, всегда с протянутой рукой 🤡",,,
29414,"Хохлы умудрились потерять борт, гоняясь за крылатыми ракетами и дронами-камикадзе.

Количество уничтоженных целей — ещё одна сказка, но хотя бы подтверждают потерю очередного Су-27/МиГ-29.",,,
29415,Звуки прилётов по Никополю Днепропетровской области.,,,
29416,"«Все кого я вижу здесь — настоящие мужчины, не испугались. Здесь просто парни, которые любят свою страну и готовы защищать своих детей»

Победа будет за нами!",,,
29417,"**Страны НАТО усиливают поддержку Украины, она должна победить в конфликте с Россией

**Об этом заявил в среду вечером генсек НАТО Йенс Столтенберг после встречи с министром обороны Украины Алексеем Резниковым в Брюсселе.

А значит ВАЖНОСТЬ уничтожения оставшейся инфраструктуры выходит на новый уровень.",,,
29418,Вечерний Владлен. 12.10.2022г,,,
29419,"Дорогие братья, сёстры, друзья! [Дорогой БРАТ Старше Эдды](https://t.me/voenacher/30352) и [ПИЛА](https://t.me/pilainfo) недавно сделали фотоотчёт о получении большого количества коптеров, которые мы закупили с нашего с вами сбора! Дак вот, наши воины призванные по мобилизации уже начали их осваивать на полигоне! Тактика и практика идёт каждый день по много часов! 

Ещё раз, огромнейшее спасибо подписчикам телеграмм каналов [Старше Эдды](https://t.me/vysokygovorit), [Влада Лобаева](https://t.me/lobaev_vlad), [Макса Каскада](https://t.me/KaskadNerv), [Димы Конаныхина](https://t.me/grishkafilippov), [Свидетелей Байрактара](https://t.me/bayraktar1070), [Андрея Андреевича Медведева](https://t.me/MedvedevVesti) и всех всех всех, кто помогает нам в этом нелёгком деле!",,,
29420,"ФАС выявила случаи существенного превышения стоимости армейской экипировки, продавцам выданы предостережения прокуратуры, заявило ведомство.

«Военторг» рекомендовал дочерним обществам реализовывать армейскую экипировку с наценкой не выше 15%, сообщили РИА Новости в антимонопольной службе.",,,
29421,"Может быть будет кому-то полезно.
Исходя из личного опыта дам пару советов по использованию мобильных телефонов в зоне проведения СВО. 7 месяцев грамотного использования смартфона и меня еще не разу не вычислили. Особенно пригодится эта информация мобилизованным военнослужащим. Сразу скажу, необходимо иметь минимум два телефона. Личный и боевой. В остальном... 

Во-первых, забудьте о GSM-связи. Даже в приграничных районнах на территории России, ваши переговоры и переписки должны быть только в Telegram или Signal, иначе услышите свой голос на хохлятских пабликах. Забудьте про WhatsApp! Не буду вдаваться в подробности о продажности Цукерберга и месте нахождения серверов, скажу кратко. Ватсап включил - снаряд от хохла получил. Кроме этого, никогда не пользуйтесь всякими Getcontact. Сразу после того, как вы пообщались с родственниками, отключайте Wi-Fi, включайте режим полета и выключайте телефон. 

Во-вторых, НИКОГДА не берите на боевые выходы с собой свой личный телефон. Только новый, обезличенный, без сим-карт. Никаких контактов в записной книжке, сообщений и фотографий. Сразу же отключите GPS и прочие функции передачи данных о своем местонахождении, отзовите все разрешения у стандартных приложений. Подключать телефон к интернету стоит исключительно через Wi-Fi с использованием VPN-сервисов. Лично я пользуюсь Secure VPN. 

В ""боевом"" смартфоне необходимо иметь приложение OfflineMaps с прогруженным через Wi-Fi районом предполагаемых действий, с таким расчётом, что бы, в случае попадания вашего смартфона в руки противника, он не смог узнать планов применения подразделения. В этих же целях не стоит делать на карте каких-либо пометок. Если это не вредит выполнению боевой задачи, фотографируйте и снимайте видео об убитых хохлах, их уничтоженной технике и тому подобному. В дальнейшем, передав эти файлы командирам и начальникам, вы окажете большую услугу, подняв боевой дух своих товарищей и прославлавив свои подвиги. Исключайте попадание в кадр себя, товарищей и вашу технику. Никогда не публикуйте в социальных сетях фото и видео самостоятельно! А ещё лучше, перед тем, как зайти в зону СВО, сперва удалите со свои страниц фотографии с лицами, а затем и сами страницы. 

Кроме этого, вам в зоне СВО не помешает иметь чехол Фарадея. Помещая в него смартфон, вы повышаете свою незаметность для средств разведки противника.

Главное, помните, ваша жизнь и жизнь ваших товарищей в ваших руках и что бы из сохранить стоит очень внимательно относиться к соблюдению требований использования средств связи.",,,
29422,"**🇷🇺🇺🇦💡 Что нужно сделать, чтобы нанести энергетической инфраструктуре непоправимый урон — разбор Рыбаря, список целей №1

**[**📌Разбор: для чего нужно бить именно по этим целям
**](https://t.me/rybar/40122)[**📌Вторая часть целей

**](https://t.me/rybar/40124)▪️**ПС Киевская 750 кВ** — **стратегический** элемент передачи мощности между западом и востоком страны, северный энергетический коридор с питанием Киевского энергоузла и связью с югом страны. Через нее перебрасывается мощность с **Ровенской**, **Хмельницкой** и **Южноукраинской** **АЭС** в **северные** и **центральные** районы Украины.

**Цель **— автотрансформаторы 750/330 кВ по фазе B:
➖АТ1 (750/330кВ) `50°29'35.8""N 29°41'28.6""E` 
➖АТ2 (750/330кВ) `50°29'34.8""N 29°41'42.3""E

`**▪️ПС Винница 750 кВ** — **стратегический** элемент передачи мощности между **западом** и **востоком** страны, **южный** энергетический коридор со связью с **Южноукраинской** **АЭС** и линией связи на **Киев**.

**Цель **— автотрансформатор 750/330 кВ по фазе B:
➖АТ (750/330кВ) `49°09'52.2""N 28°43'19.4""E
`  
▪️**ПС Заподноукраинская-750** — через нее распределяется электроэнергия от **Ровенской**, **Хмельницкой** и **Южноукраинской** **АЭС** по **западу** Украины и в **Венгрию**. Также на ней замыкается кольцо **северного** и **южного** энергокоридора. Автотрансформаторы мощностью 1000МВА.

**Цель **—автотрансформаторы 750/330 кВ по фазе В:
➖АТ1 (750/330кВ) `49°23'09.4""N 24°14'51.5""E
`➖АТ2 (750/330кВ) `49°23'09.2""N 24°14'57.2""E
`➖АТ3 (750/330кВ) `49°23'09.0""N 24°15'06.3""E

`▪️**ПС Днепровская-750 кВ** — через нее по южному энергетическому коридору передается мощность от **Южноукраинской** **АЭС** к **Днепропетровску**.

**Цель **— автотрансформаторы 750/330 кВ по фазе В:
➖АТ1 (750/330кВ) `48°26'05.0""N 34°02'10.8""E
`➖АТ2 (750/330кВ) `48°26'09.8""N 34°02'09.5""E

`▪️**ПС Конотоп 330/110 кВ** — приведет к потере возможности питать потребителей **Сумской** области от АЭС **запада** страны и ГЭС **центра**.

**Цель **— автотрансформаторы 330/110 кВ: 
➖АТ1 `51.191961, 33.165831
`➖АТ2 `51.192248, 33.166666

`▪️**Киевская ТЭЦ-6** — приведет к потере генерирующей мощности, питающей северо-восток **Киевской** и **Черниговскую** области.

**Возможные цели на территории ТЭЦ:
**➖Цех химводоочистки` 50.531327, 30.659951
`➖Здание турбинного отделения над генераторами `50.532837, 30.662402
`➖АТ1 `50.533115, 30.662063
`➖АТ2 `50.533108, 30.662736

`▪️**ПС Северная 330 кВ** — элемент передачи мощности в направлении **Запад** (от **Ровенской** и   **Хмельницкой** АЭС) — Восток с отбором мощности на **Киев**.
  
**Цель —** автотрансфоматоры 330/110 кВ:
➖АТ1  `50.613929, 30.381585
`➖АТ2  `50.613820, 30.382241
`➖АТ3  `50.613684, 30.383217

`▪️**ПС Бровары 330/110 кВ** — подстанция распределения электроэнергии на левобережную часть **Киева**, восток **Киевской области **и **Черниговскую область**.
  
**Возможные цели:
**➖Здание управления подстанцией `50.537945, 30.899362
`➖АТ1  `50.538313, 30.898871
`➖АТ2  `50.538342, 30.899876

`▪️**ПС Новокиевская 330/110 кВ** —  новая узловая подстанция распределения энергии от **Трипольской** **ТЭС** на правобережную часть **Киева**.

**Цель **— автотрансфоматоры 330/110 кВ:
➖АТ1  `50.329173, 30.436149
`➖АТ2  `50.328723, 30.437227

`▪️**Трипольская ТЭС** — **основная** электростанция **центральной** Украины и **Киевской** области с городом **Киев**.

**Возможные цели на территории ТЭС:
**➖Здание турбинного отделения `50.134797, 30.745385
`➖Т1  `50.134902, 30.744487
`➖Т2  `50.135006, 30.745171
`➖Т3  `50.135112, 30.745826
`➖Т4  `50.135258, 30.746636
`➖Т5  `50.135349, 30.747271
`➖Т6  `50.135498, 30.748106

`[**Карта в высоком разрешении

**](https://rybar.ru/piwigo/upload/2022/10/12/20221012083421-45d2ff9d.jpg)[English version

](https://rybar.ru/piwigo/upload/2022/10/12/20221012083424-3ddedd3d.jpg)#разбор  #Россия #Украина #электричество #цели
@rybar

*Поддержать нас: 4377 7278 0407 7977 | 0x4739352b67Da6F4064757627D92A08EaDd3fb6b6 (ETH) | 33i1BwMuzeYTAUNtiLa6CjvaHtTVYNJfnp (BTC)",,,
29423,"Сегодняшний обстрел Белгородской области велся в том числе и американскими ракетами  AGM-88 HARM.
Данные цели были поражены нашими системами ПВО.",,,
29424,"Белый дом опубликовал новую стратегию США по нацбезопасности. Главными целями названа защита американцев и расширение экономических возможностей страны.

Также США намерены сдерживать «представляющую опасность» Россию и конкурировать с Китаем.",,,
29425,"Уничтоженная бронетехника ВСУ на Бахмутском направлении 

Фото: @yaremshooter",,,
29426,"Список хотелок Украины в области вооружений включает РСЗО, артиллерию и системы противовоздушной обороны в качестве текущих приоритетов.

Об этом говорится в материалах, предоставленных министрам обороны Украины на заседании Контактной группы по обороне Украины («Раммштайн-6»), которые оказались в распоряжении CNN.

В разделе «Реактивные системы залпового огня» (РСЗО) говорится, что Украине нужны «дополнительные системы РСЗО и боеприпасы стандарта НАТО». 

В разделе «артиллерия» Украина просит больше буксируемых гаубиц, самоходных гусеничных гаубиц и нестандартных колесных гаубиц, а также большое количество «дополнительных 155-мм, 152-мм и 122-мм боеприпасов».  

Третьим приоритетом является «противовоздушная оборона», включая ракеты для нынешних систем ПВО средней дальности С-300 и СА-11. 

В списке также говорится, что Украине необходим «переход на эшелонированные системы ПВО западного производства» и «дополнительные западные и советские системы SHORAD». 

Другие перечисленные приоритеты включают радары, береговую оборону, танки и средства радиоэлектронной борьбы.",,,
29427,"Гражданам РФ, получившим шенгенские визы в любой из стран ЕС с целью туризма, спорта или культуры, с 25 октября будет запрещен въезд в Чехию, решение в среду приняло правительство республики, сообщил глава МИД Ян Липавский",,,
29428,"**🇺🇦🇷🇺💡 Об экономических последствиях ракетных ударов по энергетической инфраструктуре Украины 10-11 октября

**Продолжающиеся в течение двух дней ракетные удары по украинской энергосистеме **уже** нанесли существенный ущерб и достигли промежуточного результата. Если даже отбросить **военные цели** акции (например, дезорганизацию систем управления и связи отдельных бригад ВСУ), а также падение морально-психологического состояния ВСУ, нанесен чувствительный урон **украинской экономике**.

▪️До 10 октября с Украины поставляли электроэнергию в **Польшу**, **Молдавию** и **Румынию**. В сентябре украинские власти заработали на этом **150 млн долларов** (на 105% больше, чем в августе). После нанесения ракетных ударов источник пополнения украинской казны временно **иссяк**.

▪️Несколько крупнейших украинских заводов **остановили** или **снизили** масштабы производства. Например, **Полтавский ГОК** или криворожский** «Арселор-Миттал»** (**Криворожсталь**). Удары по **Криворожской ТЭЦ** ставят под вопрос будущее металлургии этого района, потому что начались проблемы с обеспечением режима работы в местных карьерах и шахтах.

▪️Из-за отключений электричества начались проблемы в работе систем **АЗС**, что отразилось на ценах на топливо. В период сбоев останавливают работу **супермаркеты**, проблемы возникли в крупнейших сетях АТБ, Сильпо и других. 

▪️В некоторых городах начались проблемы с **продуктами**, хлебом и молоком. Из-за прекращения подачи электричества останавливались хлебзаводы в **Сумах**.

▪️В МВД Украины из-за перебоев с электричеством остановила свою работу **Национальная автоматизированная информационная система**. Прекращена выдача водительских удостоверений, регистрация автомобилей. 

▪️В **Тернополе**, **Хмельницком**, **Львове**, **Виннице** до сих пор происходят **стихийные отключения электричества**. В **Киеве** введен новый график отключения, большее количество потребителей остаются без света. Энергетическая система Украины не справляется с нагрузкой.  

▪️В компании** «Укрэнерго» **сообщили, что **дополнительные отключения света** будут в **Киеве**, **Киевской**, **Черниговской**, **Черкасской**, **Житомирской**, **Харьковской** и **Сумской** областях. Там призывают экономить электричество не только вечером, но и утром.

🔻Но как мы уже [писали](https://t.me/rybar/40043), это весьма **кратковременный эффект**. А для получения действительно значимого эффекта для украинской экономики ракетные удары по энергетической инфраструктуре следует **продолжить**. 

Ведь в ближайшее время на Украине появятся системы ПВО западного производства, которые **снизят** эффективность российских ударов. Поэтому критический ущерб энергосистеме стоит наносить уже сейчас**. 
**#разбор #Россия #Украина #электричество
@rybar

__*Поддержать нас: __`4377 7278 0407 7977`",,,
29429,"Берн не намерен рассматривать в облегченном порядке просьбы дезертиров из РФ о предоставлении убежища в случае их обращения к властям Швейцарии. 

Они могут воспользоваться только стандартной процедурой, поскольку дезертирство как таковое не является достаточным мотивом для убежища, заявила в интервью газете Le Temps, министр юстиции и полиции Швейцарии Карин Келлер-Суттер.",,,
29430,"Премьер-министр Украины Шмыгаль заявил, что украинцы должны снизить потребление электроэнергии в вечерние часы на 25%, чтобы избежать веерных отключений",,,
29431,"Путин передал дочери Ольги Качуры звезду Героя России, присвоенную ее матери посмертно",,,
29432,"**Сводка по ударам возмездия по состоянию на 16:00 по московскому времени 12.10.2022 г.

**Наши ВКС на сегодня перешли к точечному поражению целей взамен массированности предыдущих дней — поражены несколько объектов в Днепропетровской и Сумской областях.

**💥На данный момент известно, что поражены:

**Днепропетровская область (Каменский район) — объект критической инфраструктуры

Сумская область (Сумкой и Шосткинский районы) — объекты критической инфраструктуры

**⚡️Наблюдаются проблемы с подачей энергии в:

**Сумах
Полтаве
Хмельницком

**📵Введены ограничения на использование электроэнергии в:

**Киеве
Чернигове
Сумах
Харькове
Черкассах
Житомире

**💧Проблемы с водоснабжением в:

**Хмельницком",,,
29433,Ремонтные работы на Крымском мосту,,,
29434,"Германия в ближайшие недели передаст украинской стороне очередную партию вооружений: самоходные гаубицы Panzerhaubitze 2000 и реактивные системы залпового огня Mars-2, сообщило Минобороны ФРГ.

В ведомстве также подтвердили информацию, которую вчера выдал журнал Spiegel о том, что на Украину уже доставлена новейшая германская система ПВО IRIS-T.",,,
29435,Здание железнодорожного вокзала Артёмовска после ночного прилёта.,,,
29436,"Пишут, что в Харькове остановилось метро из-за технических неисправностей",,,
29437,"А знаете почему Вы узнали про [Струну](https://t.me/milchronicles/302)? И знаете почему у меня контент живой?

Потому что **я ни разу никогда не сотрудничал с ДИМК МО РФ.**

Лучшее, что я получал от ДИМК - это то, что они мне не мешали. Или мешали, но не гнобили. Пока не гнобили)))

Если б сотрудничал, то никакого живого контента. Только говорящие головы, только хардкор.",,,
29438,"Подписчики предлагают у консульств и посольств стран помогающим украхе выставить их подбитую технику.

Как вам идея ?",,,
29439,"Пишут по военным кафедрам: 

Так, расписываю.
На моей военной кафедре за прошлый год я чисто на учебных занятиях отсидел 157 часов. Столько же в этом году и столько же будет в следующем +  месячный сбор в военчасти и неделя занятий на парашютных тренажерах.

157 часов это только учебных занятий,  еще 87 часов отводится под обязательную самоподготовку, когда мы в военном центре читаем учебную литературу. Таким образом, 157+87= 244 часа. Никак не ""рекордных"" 50 как в посте. 
Строевой почти нет, в общих чертах разве что. В общем студент проводит на военкафедре 315 часов в год.

Ну и в целом подготовка для военкафедры очень крутая, почти весь преподский состав воевавший, оснащение есть аховое (у цикла ВКС даже есть бпла Форпост, и калибром по-меньше)

Так что есть ещё нормальные военкафедры в нашей стране.",,,
29440,"Последнее сообщение на сайте Днепродзержинской ТЭЦ - мы готовимся к отопительному сезону. 

Вот же каламбур.",,,
29441,"Гауляйтер Днепропетровской области Резниченко сообщает о новых ударах по энергетической инфраструктуре в Каменском районе. Пишет о сильном пожаре и разрушениях.

Вчера по энергетической инфраструктуре в этом районе также [наносились](https://t.me/voenacher/30809) удары.",,,
29442,"Следующая проблема Министерства Обороны, к решению которой никто, похоже, не притрагивался - военные кафедры. 

Собрали справки у обучающихся, где-то из 100 положенных часов дают 35, где-то 40, лучший показатель - 50! 

Из этих часов большую часть времени занимает...строевая подготовка. Просим профильные комитеты Госдумы, Администрации Президента обратить на это внимание, вникнуть, разобраться. Это наши будущие офицеры, и если их подготовка оставляет желать лучшего - то это будущие отцы наших поражений на поле боя.",,,
29443,"А должно неработать всё.

То что кто-то там не может машину зарегистрировать на фронт не влияет.

https://t.me/SolovievLive/133594",,,
29444,"""__Здесь просто парни, которые любят свою страну"".__

Это видео о том, как мобилизованные по призыву и добровольцы проходят боевое  слаживание перед тем, как отправиться на защиту нашей страны. Хороший пример того, как куется боевое братство. 

@epoddubny",,,
29445,"[🇷🇺🇺🇦💡](https://rybar.ru/piwigo/i.php?/upload/2022/10/11/20221011232803-d5c47a8b-xx.jpg)** Удары ВС РФ по энергетической системе Украины 10-11 октября 2022 года — анализ Рыбаря

**После массированных ракетных ударов ВС РФ по объектам энергетической инфраструктуры Украины 10 и 11 октября только сейчас вырисовывается относительно полная картина о результатах огневого поражения и степени повреждения тех или иных целей. 

Команда **Рыбаря** проанализировала данные из открытых источников, сообщения от очевидцев с местах, карту очагов возгорания FIRMS от NASA, а также сведения из закрытых источников. В ряде случаев последствия огневого поражения не столь очевидны, а данных не хватает. В таком случае пункт помечен как** «Требует уточнения»**.

**🔻Пораженные 10 октября объекты:
**1.1. Киевская ТЭЦ-5;
1.2. Киевская ТЭЦ-6 **(предположительно промах)**;
1.3. ПС 110 кВ «Привокзальная» (бывшее ОРУ ТЭЦ-3);
1.4. Дарницкая ТЭЦ;
2. Трипольская ТЭС.
3. ПС Житомир 330/110 кВ;
4. ПС Хмельницкая 330/110 кВ;
5. ПС Тернополь 330/110 кВ;
6.1 Львовская ТЭЦ-1
6.2 ПС Львов-южная 330/220/110 кВ;
6.3 ПС Львов-2 220/110/6кВ;
7. ПС 110/35/10кВ Здолбунов ЦШК** (предположительно, требуется уточнение)**;
8. ПС Западноукраинская 750/330кВ **(требуется уточнение)**;
9. Бурштынская ТЭС;
10. Криворожская ТЭС;
11. Приднепровская ТЭС;
12. ПС Кременчуг 330/154/35/10 кВ;
13. ПС Конотоп 330/110 кВ;
14.1 ПС Залютино 330/110/35 кВ;
14.2 Харьковская ТЭЦ-5;
14.3 Змиевская ТЭС.

**🔻Пораженные 11 октября объекты:
**1. Ладыжинская ТЭС;
2. ПС 330 кВ Львов-Южная;
3. ПС 154кВ Львов -2;
4. ПС 330 кВ Львов Западная **(предположительно, требует уточнения)**;
5. ПС Западноукраинская 750/330кВ** (требуется уточнение)**;
6. ПС Приднепровская 750 кВ;
7. Район ТЭЦ-6 Киев **(предположительно промах)**;
8. Киевская ГЭС Вышгород; 
9. ПС «ВДГМК» 330/150/35/6 кВ Вольногорск;
10. ПС Павлоградская 330/150/35/6кВ **(требует уточнения)**;
11. ПС Правобережная ОРУ 330кВ Запорожье** (требует уточнения)**.

🔻Исходя из имеющейся информации, мы полагаем, что **наиболее** **эффективными** удары оказались по **Львову**, **Харьковской**, **Хмельницкой** и **Сумской** областям. 

▪️Несмотря на это на настоящий момент почти везде **уже восстановлено электроснабжение**, но передающие мощности энергосистемы в результате ударов оказались **снижены**. 

▪️Вероятнее всего, целями ударов преимущественно были **трансформаторы** и **автотрансформаторы** с напряжением 330/110 и 330/150 кВ. На подстанциях и тепловых электростанциях **удалось** **добиться** **снижения** как генерирующей, так и передающей **мощностей** энергосистемы. 

▪️Косвенно об эффективности ударов __может__ указывать факт того, что на Украине **отказались** от экспорта электроэнергии в страны ЕС и Молдавию. 

▪️Для обхода поврежденных элементов электрооборудования задействованы аварийные схемы. Эффект от их применения создаёт __иллюзию__ решения проблем, но по факту это лишь откладывает их. 

🔻Однако очевидно, что урон, нанесенный энергосистеме Украины, недостаточен для ее дробления на отдельные энергорайоны. Устойчивость энергосистемы поддерживается за счет **принудительных** веерных отключений потребителей — особенно в часы утреннего и вечернего максимумов. 

[**Карта в высоком разрешении

**](https://rybar.ru/piwigo/upload/2022/10/11/20221011232803-d5c47a8b.jpg)[**English version

**](https://rybar.ru/piwigo/upload/2022/10/11/20221011232759-51360d19.jpg)#разбор #Россия #Украина #электричество
@rybar

__*Поддержать нас: __`4377 7278 0407 7977`",,,
29446,"КГБ Беларуси известно, что на Западе рассматривают возможность применения тактического ядерного оружия в отношении республики и России, заявил председатель ведомства Иван Тертель в эфире телеканала ""Беларусь - 1"".",,,
29447,"Взрывное устройство с поражающими элементами сработало у главного входа на центральный рынок в Мелитополе, пострадавших нет. 

Хохлотерористы в своём репертуаре. 
Ну ничего. Сегодня кто нибудь из них сдохнет. И это чудесно.",,,
29448,Шото намечается 😎,,,
29449,"[❗️️🇷🇺🇺🇦](https://rybar.ru/piwigo/i.php?/upload/2022/10/11/20221011213340-bf61ae24-xl.jpg)** Хроника специальной военной операции
**__за 11 октября 2022 года

__ВС РФ продолжили наносить удары по инфраструктурным объектам Украины. Российские силы поразили **Ладыжинскую ТЭЦ в** Винницкой области, электроподстанции во **Львовской области,** а также железнодорожные узлы в **Шепетовке** и **Павлограде**. На северо-востоке **Киева **горела территория ТЭЦ-6, однако неизвестно было ли это следствием ударов ВС РФ.

Удары по объектам критической инфраструктуры уже принесли свои плоды: украинские власти объявили о прекращении экспорта электроэнергии в** Евросоюз** и аварийных отключениях электричества в отдельных регионах страны.

**🔻Обстрелы территорий Российской Федерации:

**▪️Украинские формирования нанесли удары по электроподстанции в **Шебекино** в Белгородской области, в результате чего несколько тысяч граждан в регионе остались без электричества.

▪️ВСУ нанесли удар по сельхозпредприятию в поселке **Нижний Ольшанец** Белгородской области, раненых и погибших среди мирного населения нет.

**🔻Старобельское направление:

**▪️На **Купянском** участке ВСУ вновь предприняли попытку наступления на позиции российских сил на рубеже **Ольшана — Першотравневое**, но были отброшены.

▪️ВС РФ  провели контрнаступление на участке **Торское — Терны**, в результате которого подразделения 66 омбр и 111 обр ТРО ВСУ отступили для перегруппировки. Противник перебрасывает на данный участок резервы.

**🔻Соледарское направление:

**▪️Бойцы ЧВК «Вагнера» в ходе тяжелых боев смогли выйти на юго-восточные окраины **Бахмута** и установить контроль над **Иванградом**. ВСУ, в свою очередь, отступили в район** Клещеевки.

**▪️«Вагнеровцы» ликвидировали мешавший установлению контроля над участком трассы **Николаевка Вторая — Отрадовка** опорный пункт противника неподалеку от **Николаевки**. Кроме того, взяты позиции ВСУ северо-западнее** Зайцево **и в районе **Спорного.** 

**🔻Луганская область:

**▪️Противник нанес удары по городу **Стаханов** в Луганской Республике, повредив объекты гражданской инфраструктуры. 

**🔻Донецкое направление:

**▪️Украинские формирования вели массированный обстрел **Донецкой агломерации**: под удар попали Донецк, Макеевка, Ясиноватая и другие населенные пункты.

**🔻Запорожское направление:

**▪️На **Запорожском направлении** противник продолжает концентрировать личный состав и военную технику в рамках подготовки наступления в районе **Орехова **и** Гуляйполя.

**▪️ВС РФ поразили огневые позиции украинских формирований в районе **Никополя **и** Марганца,** откуда регулярно ведутся обстрелы Запорожской АЭС и Энергодара.

**🔻Южный фронт: Николаевско-Бериславский участок 

**▪️На **Андреевском участке** фронта подразделения 46 омбр начали наступление на позиции ВС РФ в Борозненском на востоке от Давыдова Брода. 

▪️На** Бериславском участке** украинские формирования вели обстрелы позиций российских сил в районе Пятихаток и Полянки.

[**Карта в большом разрешении

**](https://rybar.ru/piwigo/upload/2022/10/11/20221011213340-bf61ae24.jpg)**Foreign versions: **[**DE**](https://rybar.ru/piwigo/upload/2022/10/11/20221011213201-730419dd.jpg)** | **[**EN**](https://rybar.ru/piwigo/upload/2022/10/11/20221011213204-34686788.jpg)** | **[**ES **](https://rybar.ru/piwigo/upload/2022/10/11/20221011213211-2d312eaf.jpg)**| **[**FR**](https://rybar.ru/piwigo/upload/2022/10/11/20221011213208-5cba3942.jpg)** | **[**IT

**](https://rybar.ru/piwigo/upload/2022/10/11/20221011213206-28f4b625.jpg)#дайджест #Бахмут #Донецк #Запорожье #карта #Луганск #Россия #Славянск #Украина
@rybar

__*Поддержать нас:__ `4377 7278 0407 7977` |` 0x4739352b67Da6F4064757627D92A08EaDd3fb6b6` (ETH) |` 33i1BwMuzeYTAUNtiLa6CjvaHtTVYNJfnp `(BTC)",,,
29450,В Николаеве взрывы. Ким расстроен.,,,
29451,Ещё одно фото с места удара по объекту в Запорожье.,,,
29452,"Звук взрыва в Запорожье и дым на месте прилёта (1-2), а также взрывы в Никополе (3). Сообщают и о взрывах в Николаеве.",,,
29453,"**О ситуации с энергоснабжением Украины:

Киев.** Несмотря на заявление мэра Кличко о том, что сегодня веерных отключений в столице не будет, вечером в ряде районов пропал свет.

**Харьков.** На самом протяженной улице города в части домов света не будет до 23:00 завтрашнего дня. 

**Черниговская область**. Вечером в северной части области пропал свет из-за аварии. 

**Хмельницкий.** В части города пропал свет из-за технических проблем на подстанции. 

**Львов.** Город, чья энергетическая инфраструктура в ходе ракетных ударов пострадала больше всех, вечером вновь частично остался без света из-за аварии. 

Таких эпизодов множество. О чём они свидетельствуют? Оперативная работа экстренных служб и комплекс мер по экономии электроэнергии хоть и позволил восстановить свет в большинстве городов, но запас прочности энергетический инфраструктуры Украины близок к своему пределу.

Ещё несколько подобных ракетных ударов энергетическая инфраструктура Украине попросту не переживёт. 

**Вывод: ракетные удары обязательно нужно продолжать!**",,,
29454,"То о чем говорили сегодня многие здравые люди.

Если наши удары были очередными пук среньк предупреждениями - то мы лишь помогли хохлам с поставками новых вооружений. 

Если наши удары будут постоянными хотя-бы в течении недель двух - им пиздец. 

https://t.me/bmpd_cast/13293",,,
29455,Примерно так Зеля заявляет о сбитии крылатых ракет.,,,
29456,Сообщают о взрывах в Запорожье 💥,,,
29457,"Россия повредила треть энергетической инфраструктуры Украины за два дня, — министр энергетики Украины.

Мало, нужно ещё.",,,
29458,"Также Никополь. Жгут позиции всу, в прямом смысле.",,,
29459,Никополь Днепропетровской области сейчас.,,,
29460,"""Свинья под дубом""

Почитайте,  товарищ Крылов как знал,  про кого пишет.",,,
29461,"Дебилизация тарасиков продолжается. В Киеве снесли памятник Пушкину.

Ну что, Тарасик должен только жопой ловить Гераньки, и это хорошо... 😏",,,
29462,"Посмотрел, как обучают мобилизованных бойцов сержанты и офицеры ЦВО. Отличный полигон военного времени. Боеприпасов вагон, свободное время отсутствует. Подход инструкторов тоже понятный: чем лучше вы учитесь, тем выше ваша живучесть. 

Вот что отметил для себя. Мобилизованные - это взрослые мужики и они, если их попробуют обделить инструкторским вниманием, еще и спросят за это. 

Полигон прифронтовой. Занимается одновременно несколько подразделений. И разведка и пехота и танкисты. Вот так победим. 

@epoddubny",,,
29463,Часть Черниговской области Украины без света после аварийного отключения линии — власти,,,
29464,Вечерний Владлен. 11.10.2022г,,,
29465,"Полюбившийся многим Z4 показывает работу Грачей ВКС.

@Z4LPR",,,
29466,"Белый дом: США не ищут конфликта с Россией и не отправят войска на Украину – Байден дал понять это предельно четко, США также не хотят, чтобы конфликт на Украине приобрел ядерное измерение, не видят для этого причин.

Вот все эти заявления это убаюкивающая пилюля, мол перестаньте стукать хохлов, перестаньте, тише тсссс, и мы вам даём надежду на переговоры.

Нет, нихера, этим миром правит сила.",,,
29467,"Самый главный кошмар в России, которого боятся больше всего, это если Министерство Обороны прекратит нанесение ударов по критической инфраструктуре Украины и не добьёт её окончательно.",,,
29468,"СМИ страны, вбомбившей в каменный век Белград и Багдад, пишут про недостаточную разрушительность российских ракетных ударов по Украине",,,
29469,"Сергей Аксенов сообщил, что ввел «желтый» уровень террористической опасности до 23 октября в прилегающих к Крымскому мосту Керчи и Ленинском районе.

Сегодня стало известно, что число погибших при теракте на Крымском мосту выросло до четырех человек, среди них судья Арбитражного суда Москвы Сергей Маслов.",,,
29470,"Чьё 💩 потерялось!??? Кстати, повара и водители закончились😏 эта вонючка снайпер👊👊👊",,,
29471,"А помните как в 2015 году украинские патриоты радовались блокаде русского Крыма и подрыву ЛЭП, обеспечивающих полуостров электроэнергией?",,,
29472,На Украине начались веерные отключения электроэнергии,,,
29473,"Второй этап частичной мобилизации начался в Курской области, сообщает пресс-служба правительства региона",,,
29474,"Владимир Путин по телефону поздравил с днём рождения генерала армии Сергея Суровикина, командующего объединённой группировкой войск в районе проведения СВО, сообщил в Кремле",,,
29475,"Коротко по северному фасу Сватовского фронта. Хохол, что вчерашней ночью спешно покинул Волчанск, сейчас расселяется малыми группами в Великом Бурлуке. Примерно 150 голов уже разместились по частным домовладениям, готовятся к перемещению на Двуречную и на Купянск. В целом на фронте пока достаточно тихо, хохол продолжает стягивать силы, в том числе большое количество иностранных наёмников.",,,
29476,"Хохлы сообщают об очередном крупном обмене пленными. 

Ждём подробности с нашей стороны.",,,
29477,"В Винницкой области вводится режим тотальной экономии электроэнергии (там сегодня [вывели из строя](https://t.me/voenacher/30773) ТЭС).

Также черкасский гауляйтер сообщает о введении графика веерных отключений в области.",,,
29478,"Постараюсь максимально доступно сформулировать свою мысль и надеюсь, что меня правильно поймут. Я хочу поговорить о совсем не новой, но особенно актуальной и обсуждаемой сейчас проблеме, к сожалению, не находящей подходящей площадки для толкового разбора и, самое главное – формулирования однозначных и конкретных решений. 

Наша страна богата не только и не столько полезными ископаемыми, сколько по-настоящему образованными и знающими людьми, заслуженно обладающими множеством научных степеней, званий и наград. Только это, помимо реального опыта, позволяет утверждать, что они лучшие в своих отраслях и сферах деятельности. Логично предположить, что и информационная сфера не обделена подобными мэтрами.

Но в этой информационной сфере есть свои особенности и основной из них, в контексте обозначаемой мной проблемы, является скорость и объем информации, распространяемой в единицу времени. Иными словами – именно эта особенность характеризует скорость принятия решения и его реализацию. Она должна быть максимально быстрой. И вот именно это является частой причиной разногласий и даже конфликтов между именитыми теоретиками и молодыми специалистами, обладающими практическим опытом и конкретными результатами, но не имеющих на своем счету различных «разрядов» в этом «многоборье». На данный момент в этих спорах в большинстве случаев верх одерживают мэтры просто потому, что новым специалистам нечего противопоставить званиям и степеням, кроме совсем недавних, но реальных достижений. Но именно они, находясь в вечном цейтноте, способны мгновенно ориентироваться в обстановке и применять современные и инновационные методы борьбы и противодействия. У них попросту нет выхода: не будешь первым – не будешь никаким.

Приведу вам иллюстрацию: вспомните, сколько было сломано копий и голов при обсуждении применения гражданских беспилотников до начала СВО. Мэтры сыпали статистикой, терминами, историческими примерами и аббревиатурами. Молодые спецы отвечали примерами практического применения. Как итог – беспилотники официально в войсках не появились и сейчас сотнями закупаются волонтерами и крайне успешно эксплуатируются.

А теперь я прошу вас, всех читающих этот текст, вне зависимости от вашей степени вовлеченности, званий, степеней, практического опыта и даже половой ориентации задуматься – с учетом изложенного выше, какая категория специалистов в наше военное, быстро меняющееся время более компетентна и реально востребована? Те, кто получили образование и научные степени тогда, когда Интернет в лучшем случае был на заре распространения или молодой специалист, выросший в эпоху Сети и немыслящий своего существования без доступа к информационным ресурсам, понимающий, что любое его промедление сделает его в лучшем случае отстающим, а в худшем вообще выведет из гонки, лишив возможности заработка.

@NeoficialniyBeZsonoV",,,
29479,"Зеленский просит поддержки на уровне G7 для международной миссии на границе Украины и Белоруссии.

А что случилось?",,,
29480,"Россия должна быть полностью изолирована и наказана за референдумы и аннексию украинской территории — Зеленский на саммите G7.

Свет во Львове починил?",,,
29481,В Киеве установили оберег от ракетных ударов,,,
29482,Итог таких акций немного предсказуем,,,
29483,"Ростовская область получила новое мобилизационное задание и приступила к его исполнению, сообщил губернатор",,,
29484,"ВСУ обстреляли подстанцию в приграничном городе Шебекино Белгородской области. Пострадавших нет, без света остались более 2 тысяч человек сообщил губернатор Гладков. 

Жалкие попытки сделать хоть какую-то медийную ответочку за блекаут по всей стране.",,,
29485,"Победа России в конфликте на Украине станет поражением НАТО, этого нельзя допустить – генсек альянса",,,
29486,"Да Владлен, так бывает, когда кладёшь хуй на создание аналитических центров.

Все аналитики на телевизоре, типа Леонкова.

https://t.me/vladlentatarsky/16755",,,
29487,"❗[️](https://rybar.ru/piwigo/i.php?/upload/2022/10/11/20221011121157-51c5d5c3-xl.jpg)🇷🇺🇺🇦 **Обстановка на Соледарском направлении 
**__по состоянию на 15.00 11 октября 2022 года

__▪️Командование ОТГ «Соледар» ожидает активного наступления российских войск на рубежах **Кодема — Курдюмовка** и **Клиновое — Красная Гора** для дальнейшего блокирования **Бахмута (Артемовск) **с северо-востока и юга.

▪️Из самого **Бахмута** проводится эвакуация сотрудников государственных служб в **Часов Яр.** В некоторых подразделениях ВСУ идёт сбор подписей по вопросу недоверия к командованию группировки.

▪️Бойцы ЧВК «Вагнер» в ходе боёв вышли к юго-восточной окраине Бахмута и установили контроль над** Иванградом.** Украинские формирования понесли потери и отошли в район **Клещеевки. 

**▪️Для укрепления обороны и восстановления позиций в район **Клещеевки **также переброшены 43 военнослужащих, а также один взвод резерва в район **Отрадовки**. Из **Ивановского (Красного) **идёт эвакуация раненых при помощи боевых бронированных машин (ББМ).

▪️Отряды «ЧВК Вагнера» ликвидировали опорный пункт ВСУ к западу от **Николаевки**, который мешал контролю над участком трассы **Николаевка Вторая** — **Отрадовка**. Кроме этого, взят опорный пункт украинских подразделений к северо-западу от освобожденного в конце прошлой недели Зайцево.

▪️Для сдерживания продвижения артиллерийские расчеты и вертолеты Ми-8 ВСУ ведут огонь по **Иванграду **и **Веселой Долине.

**▪️В районе **Спорного** отрядами «ЧВК Вагнера» овладели опорным пунктом ВСУ, который располагался по обе стороны от трассы **Верхнекаменка** — **Берестовое**.

Российским силам удалось вплотную подойти к территории компрессорной газовой станции, где также расположены долговременные огневые точки и оборудованные позиции украинских подразделений. Дальнейшее продвижение к **Спорному** затруднено сложной минной обстановкой.

[**Карта в большом разрешении**](https://rybar.ru/piwigo/upload/2022/10/11/20221011121157-51c5d5c3.jpg)**

Foreign versions of Soledar Direction map:** [DE](https://rybar.ru/piwigo/upload/2022/10/11/20221011121149-c30010a4.jpg) | [EN](https://rybar.ru/piwigo/upload/2022/10/11/20221011121152-e8fa6b3e.jpg) | [ES](https://rybar.ru/piwigo/upload/2022/10/11/20221011121154-c2ea2f4f.jpg) |[ IT ](https://rybar.ru/piwigo/upload/2022/10/11/20221011121156-6c38810c.jpg)| [FR](https://rybar.ru/piwigo/upload/2022/10/11/20221011121155-6caf0fa1.jpg)

#Бахмут #дайджест #Донецк #карта #Луганск #Россия #Соледар #Украина 
@rybar

__*Поддержать нас:__ `4377 7278 0407 7977 `| `0x4739352b67Da6F4064757627D92A08EaDd3fb6b6 `(ETH)` `|` 33i1BwMuzeYTAUNtiLa6CjvaHtTVYNJfnp `(BTC)",,,
29488,Произошел троллинг,,,
29489,"Прикол от командования 59 бригады ВСУ.

В этой канаве под Николаевым погибло уже приблизительно 50-80 человек, но гениальное руководство продолжает их туда садить, как скот, под нашу артиллерию.

Это к слову о том, что нам заявляют некоторые товарищи, что у ВСУ одни гении в Генштабе, а в НАТО вообще сверхразумы с iq ~900.",,,
29490,"Гауляйтер Днепропетровской области Резниченко сообщает о серьезных разрушениях энергетической инфраструктуры в Каменском и Павлоградском районах, много населенных пунктов остались без света, в области вводится режим тотальной экономии электроэнергии",,,
29491,НЕ ПОМОГЛО! ТВЁРДО И ЧЁТКО!,,,
29492,"Хохлы пишут, что повторный удар по Ладыжинской ТЭС накрыл и ремонтую бригаду. 

Точно так же делали ВСУ, во время ударов по Каховской ГЭС и Антоновскому мосту.",,,
29493,"На поле боя продолжается работа.

ОБТФ ""Каскад"" точечно уничтожают представителей вооруженных формирований Украины прямо в их норах.",,,
29494,"Друзья, продолжаем работать, снабжать наши подразделения убывающие на войну! 

Вместе мы сила огромной страны, которая направлена на победу 💪",,,
29495,"Приморский районе Одессы, а также центр города обесточены после утренних ударов. 
Также отсутствует электричество во Львове. 
В Киеве сегодня публикуют графики веерных отключений по 4 часа в сутки.",,,
29496,Крылатая ракета воздушного базирования Х-101 сегодня над Днепропетровской областью.,,,
29497,"В Запорожье за сегодня прилетело 12 ракет, сообщает Тимошенко",,,
29498,"Президент Украины Владимир Зеленский сообщил о том, что состоялось очередное заседание Ставки Верховного Главнокомандующего, в ходе которого обсудили ситуацию на передовой и отметили качественную работу подразделений ПВО.🤡🤡🤡🤡🤡🤡🤡🤡🤡🤡🤡🤡🤡🤡🤡🤡🤡🤡🤡🤡🤡🤡🤡🤡🤡🤡🤡",,,
29499,"У Львову знову выбухи, ебать ту Бандеру",,,
29500,В одном из районов Одессы пропало электричество.,,,
29501,Глава Львовской области сообщил о трех взрывах на двух объектах энергетики в регионе,,,
29502,Филиал Ми-6 в колонии Британии под названием Уркаина приказывает своим рабам не фотографировать и не снимать прилёты русских ракет.,,,
29503,А это Львов.,,,
29504,В Виннице взрывы.,,,
29505,"Киму нужно усилить сбитие ракет в его телеграм канале, возможно нужно срочно подключить силы ПВО инстаграмма.",,,
29506,"Львов снова без света, добили.",,,
29507,"Вы таки не поверите, во Львиве потужны вибухи",,,
29508,"Ну что, использованные презервативы для британского хуя, как начало дня?

Комментарии открыты, делитесь впечатлениями",,,
29509,"Прилёты Вольногорске Днепропетровской области.

Это осколки сбитой Кимом ракеты долетели, хохлы, все под контролем.",,,
29510,"Ким пытается выглядеть стойким клоуном, сидит в телеграме ракеты сбивает",,,
29511,Ивано-Франковск вибухи.,,,
29512,"В Вышгороде горит распределительная подстанция на левом берегу, загорелась сама от скачка напряжения. Сейчас это будет обычной картиной. Сеть сама себя уничтожит. 

https://t.me/rybar/40054",,,
29513,Павлоград та же история.,,,
29514,Новые вибухи в Кривом Роге,,,
29515,Даже не знаю про кого этот мем,,,
29516,"Шепетовский железнордороэный узел и ремзовод в Хмельницкой области уничтожены. 

Это были очень важные объекты для снабжения войск ВСУ. 

Почему это не делалось раньше, ну я думаю, что Владлен Татарский угадал, кто-то боялся брать на себя ответственность за эти приказы.",,,
29517,Хмельницкая область вибухи,,,
29518,Ровно и Кривой Рог так же вибухи.,,,
29519,В Виннице бавовна.,,,
29520,Одесская область есть прилёт.,,,
29521,"Доброе утро, Украина!",,,
29522,В Винницкой области атакована Ладыжинская ТЭС,,,
29523,Ещё,,,
29524,Взрывы в Запорожье.,,,
29525,"Ростех нарастил темпы производства боевой экипировки ""Ратник"".

""В соответствии с просьбой Минобороны России мы существенно нарастили темпы изготовления экипировки ""Ратник"" и завершили контракт текущего года досрочно. Кроме того, Ростех приступил к выполнению гособоронзаказа на 2023 год, поставки в его рамках также планируется осуществить в досрочном порядке"", — сообщили в госкорпорации.",,,
29526,"Так что пока опять играем в гуманизм. 

Хотя противник должен срать в штаны от одной лишь мысли о летящей ракете.",,,
29527,"❗[️](https://rybar.ru/piwigo/i.php?/upload/2022/10/10/20221010220603-bec65e20-xl.jpg)[🇷🇺🇺🇦](https://rybar.ru/piwigo/i.php?/upload/2022/10/09/20221009204314-ddda2823-xx.jpg)** Хроника специальной военной операции
**__за 10 октября 2022 года

__Центральным событием дня стала серия ударов по объектам энергетической инфраструктуры на всей территории Украины, в том числе — в **Киеве.** По целям были выпущены около **200** крылатых ракет воздушного и морского базирования, а также некоторое число барражирующих боеприпасов.

В ходе налета были поражены теплоэлектроцентрали, подстанции и ТЭС в восточных, центральных и западных областях. В некоторых районов полностью пропало водо- и электроснабжение. Украинская ПВО сбила несколько воздушных целей, однако отразить налет не смогла.__
__
**🔻Приграничные территории Российской Федерации:

**▪️Украинские формирования обстреляли Конопляновку, Щебекино и Масычево в **Белгородской** **области**, а также село Теткино в **Курской** **области.** Погибла одна женщина, еще несколько человек получили ранения.

▪️Вечером в Крыму в районе аэродрома под **Джанкоем** сработала система ПВО, которая перехватила украинский беспилотник. Обломки аппарата упали на жилой дом и ранили одну из жительниц. 

**🔻Старобельское направление:

**▪️На **Купянском** участке подразделения 14 омбр ВСУ продолжают наступление на оборонительные позиции российских сил на рубеже **Ольшана — Першотравневое**.

▪️Продолжаются ожесточенные бои в районе **Кременной**. В ходе контратаки подразделения ЗВО и ЦВО ВС РФ установили контроль над населенными пунктами **Терны, Торское** и **Новосадовое.**

**🔻Соледарское направление:

**▪️Отряды «ЧВК Вагнера» ведут бои на окраинах **Бахмута**. Существенных изменений на других участках фронта нет.**

🔻Луганская область:

**▪️Украинские формирования нанесли удар из РСЗО HIMARS по центру **Рубежного**.

**🔻Донецкое направление:

**▪️Российские ракетные войска и артиллерия поразили скопления личного состава и бронетехники украинских формирований в **Авдеевке**, **Водяном**, **Красногоровке** и **Марьинке**.

▪️Украинские формирования вновь обстреляли жилые и административные здания **Донецка**, **Макеевки**, **Ясиноватой**, **Горловки** и **Новобахмутовки**. Есть пострадавшие среди мирных жителей. 

**🔻Запорожское направление:

**▪️Командование ВСУ продолжает подготовку к наступлению в районе **Орехова** и **Гуляйполя**. Украинские ДРГ пытаются проникнуть на позиции ВС РФ и выявить слабые места в обороне.

▪️Российские войска нанесли удары по позициям противника **Малой Токмачке**, **Малиновке**, **Новоалександровке**, **Зализничном** и **Красном, **а также в **Никополе **на берегу Каховского водохранилища.

**🔻Южный фронт: Николаевско-Бериславский участок 

**▪️Существенных изменений линии фронта за сутки нет. ВС РФ нанесли несколько ракетных ударов по переправам через реку **__Ингулец,__** а также выявили несколько ДРГ ВСУ.

▪️Вечером украиснкие формирования выпустили залп ракет РСЗО HIMARS по **Антоновскому мосту** в **Херсоне.** Две ракеты упали в районе объекта, остальные были перехвачены ПВО. 

[**Карта в большом разрешении**](https://rybar.ru/piwigo/upload/2022/10/10/20221010220603-bec65e20.jpg)**

Foreign versions: **[**DE**](https://rybar.ru/piwigo/upload/2022/10/10/20221010220552-d085c918.jpg)** | **[**EN**](https://rybar.ru/piwigo/upload/2022/10/10/20221010220555-166883e5.jpg)** | **[**ES**](https://rybar.ru/piwigo/upload/2022/10/10/20221010220557-80a40a82.jpg)** | **[**FR**](https://rybar.ru/piwigo/upload/2022/10/10/20221010220559-c38570e8.jpg)** | **[**IT**](https://rybar.ru/piwigo/upload/2022/10/10/20221010220601-b53cbfbb.jpg)**

**#дайджест #Бахмут #Донецк #Запорожье #карта #Луганск #Россия #Славянск #Украина
@rybar

__*Поддержать нас:__ `4377 7278 0407 7977` |` 0x4739352b67Da6F4064757627D92A08EaDd3fb6b6` (ETH) |` 33i1BwMuzeYTAUNtiLa6CjvaHtTVYNJfnp `(BTC)",,,
29528,"Воздушная тревога в восточной части Украины.

Сообщают о взрывах во временно оккупированных Славянске и Краматорске.",,,
29529,Звуки прилётов артснарядов по целям в Никополе Днепропетровской области.,,,
29530,"Уже сегодня ночью у хохлов начнут садится телефоны, которые они не смогут, местами, зарядить.

И не прочитать им о прилёте блядин из Хуёвого Харькова, а в Трухе не узнать о новом обращении Зеленского на фоне хромакея.

Помянем.",,,
29531,"Байден в разговоре с Зеленским заявил, что США предоставят Украине современные средства ПВО — Белый дом",,,
29532,"Сегодня все украинские медиа ресурсы и официальные лица наперебой орут про «террористические удары рашистов с целью убить как можно больше мирных украинцев». Так вот.

Зеленский заявил, что 12 человек погибли, более 80 пострадали на Украине из-за российских ударов в понедельник по пунктам военного управления, энергетической инфраструктуры и связи.

Ещё раз. 12 погибших. В результате запуска по всей Украине свыше СОТНИ ракет и дронов-камикадзе.

Когда ВСУ [обстреляли](https://t.me/voenacher/29191?single) площадь Бакинских комиссаров в Донецке, то в результате прилёта нескольких снарядов погибли 13 человек. 

**Внимание вопрос:** кто уничтожает важные объекты инфраструктуры, а кто целенаправленно убивает мирных жителей?",,,
29533,"За 2 дня было сожжено 6 пикапов и 1 танк. Идеальная связка коптер-ПТУР (Корнет с термобарической БЧ в данном случае).
В первом пикапе было 9 рыл, все отправлены в ад к Бандере.

Видео с канала парней из @zluchka_tactical",,,
29534,"Это Зеленский видит как вся украина смеётся над терактом на Крымском мосту, а сам слушает доклад Залужного о вылете стратегических ракетоносцев России сегодня утром.",,,
29535,"Она появилась из ниоткуда.

Кадры сегодняшнего удара крылатой ракетой по ТЭЦ-1 во Львове.",,,
29536,"Темнота во Львове.

https://t.me/Soldierline/12936",,,
29537,"Украинские разрабы, вот вам проект - игра через камеру смартфона ""найди сбитую бавовну"" 🤡",,,
29538,"Зеля на фоне хромакея записал видос (постоянно нервно дёргая правой рукой), что они уже вот вот всё починят и скоро будет свет везде. Отдельно отметил, что он звонил вообще всем, возможно, даже на Марс, марсианам. Ни слова не сказал про Крымский мост, видать уже не так весело.

P.s товарищ генарал-армии, а давайте они ничего не смогут починить?

Ах, да, ещё он радовался уничтожению дронов-шахидов, совсем забыв сказать, что таким образом разорядилась вся их ПВО.",,,
29539,"Так же сегодня войсками ЦВО и ЗВО, были взяты Торское и Новосадовое. Активная оборона. На фронте идут сильные дожди, к вечеру начался настоящий затяжной ливень.",,,
29540,Вот вам от парней с ТОС-1А маленький кусочек их ночной работы,,,
29541,"Пацаны с ТОСов вышли на связь, говорят на участке Кременная-Сватово стабилизировался фронт и активно сыпят целыми пакетами по выявленным целям. У хохлов сразу же упал стимул к наступлению.",,,
29542,"Мне нечего добавить к словам уважаемого Владимира Владимировича кроме одного. Функционирование свободной прессы, парламента и независимой военной экспертизы, причем не в качестве вывесок, а как устойчивых институтов, могут дать соответствующий результат без таких рискованных натурных экспериментов.

https://t.me/bbbreaking/137856",,,
29543,"В Крым по земле, без паромов и очередей на 15 км - по освобожденным территориям! На 200 км. короче! Я специально пробил этот маршрут для своих читателей. Там все: ""есть ли война в приазовском коридоре"", ""самса с трассы, которую хочется увезти в Москву"", ""как на глазах дешевеет бензин"", ""самую страшную дорогу в истории человечества отремонтировали на днях"", ""жлобы и праведники"", ""куда бежит фермер?"" - полевые наблюдения, юморок, психоэтюды, фото и видео - все, за что вы любите мои репортажи.
ЦИТАТА
**""Простились с продавцом холодно, по моему крымскому опыту, я пообщался с человеком, который через пару месяцев будет тихонько гундосить в интернете и на улице – «а вот при Украине, волюшка была, жили - не тужили, все было даром, вместо туалетной бумаги блины использовали»… Думаю, случится это сразу же, как ему поставят кассовый аппарат и заставят платить налоги"". **
https://www.kp.ru/daily/27455/4659926/",,,
29544,"В [комментариях](https://t.me/voenacher/30742) все спрашивают: «Почему всего несколько дней?».

Народ, чтобы было дольше нужен системный подход к уничтожению энергетической инфраструктуры и **регулярные** удары. 👇",,,
29545,"Веерные отключения электричества на Украине могут продолжаться несколько дней, заявил глава «Укрэнерго» Владимир Кудрицкий.",,,
29546,"Власти Нидерландов скорректировали рекомендации по поездкам на Украину, призвав граждан полностью отказаться от них — МИД Нидерландов",,,
29547,Вечерний Владлен. 10.10.2022г.,,,
29548,"Знаете какой самый частый комментарий от пана ёбаного хохла к этой новости на помойке Nexta? 

-""придёт новая власть в эти страны и уберёт эти трубопроводы"".

То есть эти тупые ублюдки думают, что их не самостоятельная недострана это пример для подражания! В голове у пана ёбаного хохла даже не помещается мысль, что ВЛАСТЬ ДОЛЖНА ДУМАТЬ О БЛАГОСОСТОЯНИИ СВОЕГО НАРОДА, а не барина в Великобритании или Вашингтоне!

Вы представляете уровень дна? Вот же тупые Венгры и Сербы! Ни то шо гидны украинцы! Пример блять для подражания!",,,
29549,"Сегодняшние удары по Украине еще больше укрепляют обязательство поддерживать украинский народ — Байден

Сынок Байдена счастлив от слов папашки маразматика. 
Можно будет ещё больше снюхать порошка и трахнуть шлюх на отмытые с «помощи» денег.",,,
29550,"Все работы по восстановлению  Крымского моста планируется завершить в течение месяца-полутора, заявил Аксенов",,,
29551,"Ну, с подарунком вас, украиняне!🤡",,,
29552,Украина из-за ракетных обстрелов прекращает экспорт электроэнергии в Евросоюз с 11 октября — Минэнерго Украины,,,
29553,"**Украинские стрит-токи вчера/сегодня. Радость по поводу теракта на Крымском мосту была недолгой. 

**На этих выходных украинские пропагандисты кропотливо собирали на улицах Киева злорадные комментарии прохожих о теракте на Крымском мосту.

Сегодня вы интервью только из подземки будете брать, если аккумуляторы успели зарядить",,,
29554,"Друзья, много грузов дошло, а потому очередной отчёт! Парням на юг пришли теплаки и генераторы и банки на 5.45 ""Ротор-43"" (в кадр не влезли).

Спасибо огромное, дорогие подписчики!",,,
29555,Предварительно есть новые прилёты крылатых ракет в Черкасской области.,,,
29556,И чо вы сделаете? 🤡,,,
29557,Повітряна тривога.,,,
29558,Взрывы в Кременчуге Полтавской области. Также были сообщения о таковых и в Черкасской области.,,,
29559,"Братцы, сёстры, друзья!! Очередной отчёт! 

В батарею ЦСН дошли два мавика-3 (+смартфоны) и мавик с теплаком для ночной работы! (чуть больше 1млн рублей).

Спасибо вам огромное!!!!!!!!!!!!!!",,,
29560,"Кстати, что то во всем многообразии фото и видео не наблюдал несчастных одиноких МиГ-29 и Су-27, пытающихся гоняться за КР. 

Все, даже деды закончились ?",,,
29561,"Три прилёта в Кривом Роге 💥

Предварительно дроны камикадзе Герань-2.",,,
29562,В киевских супермаркетах никакой паники нет,,,
29563,Посольство Казахстана в Киеве призвало сограждан по возможности покинуть территорию Украины,,,
29564,"Пока Украину ровняют с землёй, СБУ разыскивают Медведева",,,
29565,"В Кременчуге взрыв, новый налёт.",,,
29566,Ещё кадры утренних прилётов по Киеву.,,,
29567,"**А мы ещё раз напомним**☝️

Несмотря на очень серьезный единовременный урон, они смогут восстановить электроснабжение до более-менее нормального уровня в течении ближайшего времени. 

Надолго погрузить Украину в 18 век могут только **регулярные** удары по ключевым объектам энергетической инфраструктуры!",,,
29568,"Электроснабжение нарушено практически по всей Украине, в 8 регионах проблемы с водоснабжением, в Киеве, Киевской, Черниговской, Черкасской и Житомирской областях введен график аварийных отключений, сообщил премьер-министр Шмыгаль",,,
29569,Во время утренних ударов по Киеву уничтожен начальник отдела департамента Киберполиции полковник Юрий Заскока. Информация уже официально подтверждена.,,,
29570,"Ещё кадры сегодняшних ударов крылатыми ракетами по ТЭС-6 в Киеве 💥

ПВО Киева полностью провалилась. Полностью",,,
29571,"**Продолжаем фиксировать последствия ударов на энергетический инфраструктуре Украины:**

— В Киеве и области отключение подачи электроэнергии предприятиям и бытовым потребителям как минимум на 2 часа для проведения ремонтных работ;

— В Запорожье высокая вероятность отключения водоснабжения из-за перебоев с электроэнергией;

— Гауляйтер Кривого Рога призывает срочно и в обязательном порядке сократить до минимума любое потребление электроэнергии, в противном случае город ждёт блэкаут; 

— Украинские ресурсы сообщают о блэкауте во Львове.",,,
29572,"**Власти Томска отказались от новогоднего салюта и гуляний в пользу мобилизованных.**

Уточняется, что на помощь мобилизованным и их семьям направят средства, запланированные на проведение новогодних мероприятий, включая фейерверк и проведение масштабных праздничных гуляний.",,,
29573,Ну как оно?,,,
29574,"[**🇷🇺🇺🇦💡 **](https://rybar.ru/piwigo/i.php?/upload/2022/10/10/20221010104525-262b918a-xx.jpg)**Удары ВС РФ по энергетической системе Украины — разбор Рыбаря

**Утром 10 октября ВС РФ начали наносить массированные ракетные удары по всей территории Украины. Помимо штабов и пунктов управления ВСУ, СБУ и Нацгвардии, **системным** ударам подверглись объекты энергетической инфраструктуры Украины. 

Ни по АЭС, ни по ГЭС никто ударов не наносил — да это и в текущем случае и не нужно. На нашей карты мы отобразили все значимые подстанции и ТЭС с ТЭЦ, а также высоковольтные линии 330кВ на территории Украины. Часть объектов (равно как и линии с подстанциями 750кВ) **намеренно** опущена — иначе карта получилась бы максимально перегруженной. Мы сосредоточились на 330кВ — в результате удара пострадали, в первую очередь, именно они.

🔻К настоящему часу команде **Рыбаря **удалось подтвердить следующие удары:

**▪️Киев: **Киевская ТЭЦ-3, Киевская ТЭЦ-5, ПС 110 Вокзальная, Дарницкая ТЭЦ — есть массированные попадания. 

А вот по ПС Бровары, ПС Северная и Киевской ТЭЦ-6 ударов не зафиксировано. То ли их не стали включать в перечень объектов для огневого поражения, то ли частично сработали украинские системы ПВО.

**▪️Ровно: **ПС Ровно 330 кВ — попадание по объекту вызвало перегрузку подстанций 110 кВ и пропадание электричества в городе.

**▪️Хмельницкий**: ПС Хмельницкая 330/110 кВ — поскольку электричество отсутствует во **всём **городе, поражена могла быть только 330 кВ подстанция, которая спровоцировала отключения подстанций Раково, Стара, Термопласт, Озерная, Дубово и тяговой подстанции Гречаны.

**▪️Тернополь:** ПС Тернополь 330/110/35 кВ — во всем городе нет света, от неё питаются ПС 110 кВ Загребля, Тернополь опорная, Галицкая, Промышленная, Плотыча, ЖБИ.

**▪️Сумы: **ПС 330кВ Конотоп — попадание вызвало перебои со светом во **всей **области. 

**▪️Харьков: **во всём городе отсутствует свет, вода, связь, встало метро. 

Это __может__ значить __одновременный __вывод из строя ПС Залютино, Харьковская, Лосево, а также Харьковской ТЭЦ-5, Змиевской ТЭС, Чугуевской ТЭЦ-2. Но в силу отсутствия связи в регионе подтвердить вывод из строя **всех **объектов не представляется пока возможным.

**▪️Кривой Рог: **Криворожская ТЭС, одна из крупнейших на Украине.

**▪️Житомир: **ПС Житомир 330/110 кВ 

**▪️Львов:** Львовская ТЭЦ-1

**▪️Ивано-Франковск: **Бурштынская ТЭС 

**▪️Винница**: фиксируются задержки поездов, что __может быть__ свидетельством вывода из строя отдельных тяговых подстанций. Но в открытых источниках данных об этом нет.

🔻Удары вызвали шок у украинского населения. Вывод из строя отдельных ключевых структур украинской энергосети вызвали перегрузку всей энергосистемы Украины: АЭС не справились с нагрузкой. 

Тем, кто отдал приказ на массированное огневое поражение, нужно учитывать, что весь нанесённый ущерб восстановить __ещё можно__. Если целью удара было вызвать __кратковременный__ шок — что ж, это получилось. 

Но если целью является перегрузка энергосистемы Украины для продолжительной паники среди населения, падения морально-психологического состояния ВСУ и одержания победы на поле боя, то подобные акции нужно **повторять**.

❗️Нужно разбивать **ОРУ 750кВ** на атомных электростанциях, отвечая симметричными мерами — как было с Запорожской АЭС. Особое внимание нужно обратить на Хмельницкую АЭС — там **прямая** **линия** электропередач в Польшу.

[**Карта в высоком разрешении

**](https://rybar.ru/piwigo/i.php?/upload/2022/10/10/20221010104525-262b918a-xx.jpg)#разбор #Россия #Украина #электричество
@rybar

__*Поддержать нас: __`4377 7278 0407 7977`",,,
29575,"Войскам. Видим ваш моральный подъём! Держимся, ждём подготовки мобилизованных и идём в наступление.",,,
29576,"Ну шо, весело было, пан ёбаный хохол ? Долго резвилась от безнаказанности дикая свинина ? Уверовала в себя ? 

Добро пожаловать в стойло с парашей и 18 век. Поздравляем с декомуннизацией сетей. Как вы там пишите? Дальше больше. Именно, блять, так.",,,
29577,Сильно горит ТЭС в Кривом Роге вследствие удара крылатыми ракетами 🔥,,,
29578,"На данный момент обесточены Харьковская, Львовская, Тернопольская, Полтавская, и Сумская области. В Киеве и ряде других крупных городов проблемы с мобильной связью.",,,
29579,"К [вчерашней партии](https://t.me/voenacher/30562) из 10 теплаков, на 3млн, заказали сразу следующую на столько же, так же купили 4 ружья дронобойки, на 2млн, и большую партию ночных очков для водителей (чтоб ездить без фар).

Внесена предоплата за 30 генераторов (в два подразделения) и куплены газовые пушки, как всё дойдёт до адресатов, как всегда фото/видео отчёт",,,
29580,"Братцы, сёстры, друзья! Не останавливаемся, распределяем коптеры среди подразделений! Спецназ группы ""О"" передаёт всем привет и большое спасибо! 

Работаем💪",,,
29581,Полное видео выступления В.В. Путина на Совете безопасности РФ.,,,
29582,"А тем временем работа на поле боя продолжается. БпЛА ""Орлан-30"" наводит 152-мм высокоточные боеприпасы ""Краснополь"" на ДРГ противника под Купянском. Выживших нет

Видео @razved_dozor",,,
29583,"А они будут продолжать! Бить надо ДО ПОБЕДНОГО, а не только в ответ! 

Никаких полумер!!!!!!!!

https://t.me/SolovievLive/133125",,,
29584,"Также заявления В.В. Путина на заседании Совета Безопасности РФ:

- Утром нанесен массированный удар высокоточным оружием по объектам украинской инфраструктуры - энергетической инфраструктуры, военного управления и связи.

- Оставлять без ответа преступления киевского режима просто невозможно.

- Киев поставил себя на одну доску с самыми одиозными террористическими группировками.

- СБУ уже совершила 3 теракта в отношении Курской АЭС.

- Россию не допускают к расследованию взрывов на ""Северных потоках"".

- Украина пыталась подорвать ""Турецкий поток"".",,,
29585,"По предложению Минобороны РФ и по плану Генштаба нанесен массированный удар высокоточным оружием большой дальности по объектам энергетики, военного управления и связи Украины — Путин",,,
29586,"Путин: «В случае продолжения попыток проведения терактов на нашей территории — ответы со стороны России будут жесткими и равноценными, ни у кого не должно быть в этом никаких сомнений»",,,
29587,"Хорошие попадания в Днепропетровске, а вот флаг в машине - нет.",,,
29588,"Как выяснилось, это в Киеве горит ТЭС-6.",,,
29589,"З ДНЕМ БАВОВНИ!
Зробили пiдборку видео для сьогоднiшнього святкування☝️",,,
29590,"Ну шо, уёбки, ещё есть желающие написать радостный пост ?",,,
29591,Киевляне радостно фотографируются.,,,
29592,Также кадры ударов крылатыми ракетами по ТЭС в Кривом Роге.,,,
29593,"Пролёт крылатой ракеты воздушного базирования Х-101 над Черниговской областью(1), удары по объектам в Кривом Роге(2), и пожар на ТЭЦ в Львове(3) где пропало электричество и остановилось водоснабжение.",,,
29594,"Любопытные новости из Белоруссии:

— Россия и Беларусь договорились о развертывании совместной группировки войск.

— «Если уровень угрозы достигает того уровня, как сейчас, мы начинаем задействовать силы Союзного государства», заявил Лукашенко.

— Открытие Киевом фронта против Минска безумно с военной точки зрения, «но процесс уже пошел».

— Еще накануне Минск был предупрежден по неофициальным каналам о нанесении удара по Белорусси с территории Украины.

— «Как было заявлено: ""Мы сделаем так, что это будет Крымский мост-2"". Мой ответ был прост: ""Доведите президенту Украины и другим умалишенным, что Крымский мост им покажется цветочками, если они прикоснутся своими грязными руками хоть к одному метру нашей территории», заявил Лукашенко.

— Европейские страны из НАТО рассматривают возможность агрессии против Беларуси, заявил Лукашенко.",,,
29595,Как же похорошела Украина при Суровикине,,,
29596,"Украинские власти заявляют : на данный момент по ним выпущено 83 ракеты, в восьми регионах выведены из строя 11 крупных объектов критической инфраструктуры.",,,
29597,Пропало электричество в Львове и Тернополе ⚡,,,
29598,"Зеленский жалуется на прилёты по Киеву и другим городам. 
А как ты, лох-Зеленский, думал: тебе можно, а другим нельзя?
То есть восемь лет бомбить мирных людей, уничтожать инфраструктуру городов ЛДНР, покрывать снарядами атомную станцию, взрывать мосты, обстреливать важные объекты было можно, а как прилетело на твою голову, так вдруг стало никому нельзя?

Мы предупреждали тебя, Зеленский, что Россия по-настоящему еще и не начинала, так что хватит жаловаться как дешёвка, а лучше, пока не прилетело, беги. Беги, Зеленский, беги, не оглядываясь в сторону Запада. 

Вот теперь я на все сто процентов доволен проведением СВО.",,,
29599,Новый ракетный удар по объекту в Львове.,,,
29600,"В Хмельницкой, Львовской, Полтавской областях, Харькове и Житомире фиксируются проблемы с интернетом, сообщил заместитель главы комитета Верховной рады по вопросам цифровой трансформации Александр Федиенко.

По словам Федиенко, это связано с тем, что произошло автоматическое отключение электрических сетей.",,,
29601,Новые вибухи по многим областным центрам.,,,
29602,"Харьков полностью обесточен после ударов по городу, нет света и воды, сообщил гауляйтер Терехов",,,
29603,Пхахахах ой сука ебланы.,,,
29604,"Новая волна вибухов в Киеве. 
Хохлы сука, вырубайте кондиционеры, заебали.",,,
29605,"Пожар в Киеве, и момент двух ударов в Днепропетровске 🔥",,,
29606,Власти Ивано-Франковской области сообщают о прилётах по объектам критической инфраструктуры.,,,
29607,"Днепропетровск и пригород 💥

Сообщают, что в городе есть проблемы с водоснабжением.",,,
29608,А во Львове и Тернополе снова вибухи,,,
29609,Объект в Сумской области после поражения.,,,
29610,"Львовские власти сообщили, что к ним прилетело 15 крылатых ракет.",,,
29611,"Арестович сказал, что у ВКС РФ теперь на 80 ракет меньше, я не шучу, так и сказал.",,,
29612,"«Командующий повытрыных сил» 3 недели назад вещал что выстроена уникальная система ПВО. 

А де?",,,
29613,Также последствия ракетных ударов по целям в Киеве 💥,,,
29614,"Операция ""Верни в реальность пана ёбаного хохла"" в самом разгаре.",,,
29615,"Не, серьезно, марки то будут или как?",,,
29616,"Я не понял, где радостные твиты саловерхушки?",,,
29617,"Ща ещё будет, ждите",,,
29618,В Киевской области что-то сильно полыхает.,,,
29619,"Ну и наша фраза которая в итоге стала крылатой. 
Прям как ракета. 

Ну шо там с ебалом?",,,
29620,Украинцы! Не стоит поддерживать акты международного терроризма ..😏,,,
29621,ТЭЦ в Киеве. Горит после ракетного удара.,,,
29622,"А, ой, новые вибухи в Киеве.",,,
29623,"Кстати третья волна уже в пути судя по сообщениям. 

Не высовывайте пятачки из укрытий.",,,
29624,"Киевляне, ну шо там. Есть кайф сфоткаться на фоне ТЭЦ?

Как там марки, в подвалах и метро сильно нужны?",,,
29625,"ТЭЦ в Киеве нахуй, во Львове нахуй. Всё пан ёбаный хохол, Россия пришла на войну по взрослому.",,,
29626,"""Украинские железные дороги"" предупредили о возможной задержке поездов западного направления из-за повреждений контактной сети

Это просто праздник какой то.",,,
29627,Ивано-Франковск и Ровно - вибухи,,,
29628,"Так, расходимся. Ничего не происходит. Просто Украина вновь перехватывает космический мусор. ЗСУ ты космос!",,,
29629,Харьков без света,,,
29630,Львов и Тернополь частично без света после накрытия.,,,
29631,"Тернополь так же выхватывает пизды. 

Что за доброе утро то?!
Суровикин, мы тебя уже любим, продолжай.",,,
29632,"Хмельницкий, Житомир так же накрытия в черте городов. 

Нам красным днём отметить или введём за правило наконец то?",,,
29633,"Вот так вот должно быть каждый день, каждый день.",,,
29634,Крылатая ракета влетает в цель в Киеве.,,,
29635,"Предлагаю сделать марки почтовые, с горелым Куевом. Натянем в Москве стритборды, будем фоткаться",,,
29636,"Центр Днепропетровска, так же удар.",,,
29637,"Вы не поверите, взрыв в самом центре Киева, у памятника Михаила Грушевского",,,
29638,"Зеля, наверняка, в самой глубокой дыре сидит со всей своей компанией, любителей польских немытых хуёв.",,,
29639,"В Киеве ебануло как следует, поднимается столб дыма",,,
29640,Момент удара по цели в Запорожье 💥,,,
29641,"Также Запорожье.

Информация об отсутствии электричества в некоторых районах города подтвердилась.",,,
29642,"Сообщают, что после ударов по объекту в Запорожье, в некоторых районах города пропало электричество.",,,
29643,"Сообщают о взрывах в Запорожье 💥 Объявлена воздушная тревога.

обн. Прилёты продолжаются.",,,
29644,"Часто говорят, что война - лакмусовая бумажка. Мол, она показывает, есть в человеке стрежень или его нет. 

Виктор Федотович – житель села Торское. Когда в апреле наступали российские войска, он встретил танки, провел безопасной дорогой, чтобы они не попали в засаду, указал, где заминирован мост. Прибился к одному подразделению, помогал, чем мог. 

Когда возникла угроза окружения Красного Лимана ВСУ, через Торское проходила последняя дорога, по которой можно было отойти гарнизону. Дед понимал, что его ждет расстрел за помощь «оккупантами», если останется. Но и уехать с беженцами, как он сам сказал, «бросить ребят» из подразделения в трудную минуту не мог. 

Накануне знакомства с этим человеком я посмотрел сюжет о бегущих в Казахстан. Показывали там их унижения, вымогательство со стороны «барыг» за место в очереди бежать первыми. И все ловил себя на мысли при просмотре, что у «кисло-сладких», «черно-белых» и прочих иже с ними нет стержня. 

А вот у таких людей, как Виктор Федотович, он есть.

С.Шилов",,,
29645,"💥Звуки взрывов в Никополе Днепропетровской области.

Именно оттуда всу регулярно обстреливают Энергодар.",,,
29646,"Залужный сначала добавил, а потом почти сразуже удалил весьма интересное фото. 

Наряду с зелебобой, чествующего погибших в Бабьем Яру, с патчами дивизии СС ""Тотенкомпф"" на заднем  плане и тем биомусором из Навоза,  что опубликовал видео сбрасывания трупов невинных жертв в яму, картина весьма интересная. Нет, нацизма на Украине нет, как нет и здравого смысла. 

Русский воин, помни, что ты сражаешься не только с долбаебами, ты сражаешься еще и  с выраженной биполярочкой....",,,
29647,"Депутат Левой партии ФРГ поинтересовалась, почему сын экс-посла Украины в ФРГ Андрея Мельника учится в Берлине, а не воюет в рядах ВСУ, на что светило украинской дипломатии дал максимально дипломатичный ответ",,,
29648,"Наш корреспондент побывал в Геленджике, где встретился с бывшими заключенными, участниками боевых действий в Донбассе, которые получили помилование. Сейчас они находятся на реабилитации после ранений.

С 2015 года на этот объект прибывают на восстановление бойцы «ЧВК Вагнера». 

Ранее оппозиция называла этот санаторный комплекс дачей Пригожина.

@riafan_everywhere",,,
29649,"128 горно-штурмовая бригада понесла большие потери в крайние дни наступления на Бериславском направлении. Командование ВСУ решило провести награждение выживших, так как в бригаде слишком много отказников.",,,
29650,"Админ попадал под кассету урагана прям на этом самом месте, просто повезло выжить. А гражданским на горе Кременец, что на заднем фоне, и в самом Изюме - нет. 

https://t.me/voenacher/30582",,,
29651,2 уничтоженных «Бушмастера» ВСУ. Харьковская область.,,,
29652,"Украинцы взорвали практически все пограничные мосты, заминировали дороги, заявил председатель Госпогранкомитета Белоруссии Анатолий Лаппо.

«Вплоть до того, что ставят противотанковые мины в три ряда на дорогах», — отметил Лаппо. Он добавил, что с украинской стороны «выходят на границу не пограничники - территориальная оборона». 

«Испытываем мы на себе давление, целятся в наших пограничников, иногда стреляют в воздух, ведется постоянная воздушная разведка», — заявил председатель ГПК Белоруссии.",,,
29653,"**Это теракт, направленный на разрушение критически важной гражданской инфраструктуры РФ — Путин.**

Бастрыкин доложил Путину, что теракт на Крымском мосту готовили украинские спецслужбы.",,,
29654,"Братцы, сёстры! Дошла ваша посылка до наших артиллеристов! Спасибо огромное за вашу помощь!",,,
29655,"Нет, брат, это пиарщик порноактрис. 

https://t.me/vladlentatarsky/16724",,,
29656,Вечерний Владлен. 9.10.2022г,,,
29657,"Захожу такой посмотреть что же вещают хохлы на ютубе. 

А они опять нагадили, но забыли снять шаровары, разместив туповатое видео, в котором опять показали свой сбитый в начале войны МиГ-29. 
Истинно страна долбаебов.",,,
29658,"За последнюю неделю зафиксировано более 100 обстрелов 32 населенных пунктов в Брянской, Курской и Белгородской областях — ФСБ",,,
29659,Тревога уже по всей Украине и подконтрольной Киеву части российской территории,,,
29660,"Корреспонденты РИА Новости стали свидетелями работы разведки группировки ВС РФ ""О"" (""Отважные""), которая при помощи тепловизионного прибора обнаружила скопление противника и запросила артиллерийские удары. По данным разведчиков, несколько машин украинских военных были повреждены, личный состав тоже понес потери убитыми и ранеными.",,,
29661,"Объявлена тревога в половине областей Украины.

Также сообщают о взрывах в Киеве и Ирпене.",,,
29662,"[Вы аккуратнее, ребята](https://t.me/mardanaka/11007). А то как довели на том собрании в МО, натравят на вас контрразведку. https://t.me/voenkorKotenok/41417",,,
29663,"Так же мы начали доставлять коптеры в учебки мобилизованным бойцам.

Спасибо дорогие подписчики, работаем 💪",,,
29664,"Выход из ситуации вокруг Украины нужно искать дипломатическим путем — координатор по стратегическим коммуникациям в Совете национальной безопасности США Джон Кирби

""Обе стороны должны найти возможность выхода из этого переговорным путем, мирно и дипломатически"", — заявил Кирби в интервью ABC News.",,,
29665,"Чешская армия усилила охрану стратегических объектов в республике после диверсии на газопроводах ""Северный поток"" и ""Северный поток - 2"", сообщила министр обороны Яна Чернохова.",,,
29666,Владимир Путин проведет оперативное совещание Совбеза РФ в понедельник — Песков,,,
29667,"Калининский, Ленинский и Ворошиловский районы Донецка под обстрелом, сообщил мэр города Кулемзин",,,
29668,Последствия вчерашнего вечернего обстрела центра Донецка артиллерий ВСУ,,,
29669,"По поводу ночного боя в Песках и попытки укров контрнаступать. Наши подразделения: 11 полк и батальон Сомали, отбили все попытки противника сделать хоть что-то и продолжают успешно продвигаться вглубь по н.п. Первомайское. 

@NeoficialniyBeZsonoV",,,
29670,"**ЕС обнародовал зимнюю программу обучения 15 тысяч украинских солдат.**

В Польше будут обучать:

— защите от химического, биологического и ядерного оружия;
— медицинской помощи;
— борьбе с кибератаками;
— военной логистике;
— ремонту оружия;
— ведению боевых действий в городских условиях;
— вопросам организации противовоздушной обороны и размещения артиллерии.

В Германии специальные учебные подразделения будут учить:

— разминированию;
— тактике ведения войны.

Курсы для украинских военных будут организованы и в других странах ЕС, сообщает Welt am Sonntag.",,,
29671,"❗️🇷🇺🇺🇦 **Обстановка на Старобельском направлении **
__по состоянию на 12.00 9 октября 2022 года__

🔻На **Купянском** участке ВСУ так и не смогли прорвать оборону ВС РФ в районе **Таволжанки**. Часть подразделений 14 отдельной механизированной бригады ВСУ отказалась наступать на российский укрепрайон. 

▪️Из-за этого украинское командование сосредоточило усилия на взломе позиций ВС РФ на рубеже **Ольшана** — **Першотравневое**. ВСУ необходимо прорвать линию фронта из-за предстоящего наступления на **Сватово** и **Кременную**, чтобы выйти на рубеж **Троицкое** — **Покровское** — **Новая Дуванка** — **Сватово**.

▪️Силами 1, 2 и, частично, 3 батальонов 14 бригады украинские формирования наступают с юга от **Ольшаны** и с запада от **Першотравневого**. 

▪️Российские расчеты артиллерии и РСЗО ведут заградительный огонь по районам продвижения ВСУ, не давая им закрепиться у окраин. 

▪️Ракетным ударом ВС РФ был уничтожен пункт дислокации личного состава ВСУ в **Синьковке**. Выжившие подразделения были перемещены в **Петропавловку**. Для прикрытия украинской группировки в **Купянск** переброшена ЗРК неустановленного типа.

▪️Тем временем российская разведывательно-диверсионная группа осуществила успешную вылазку на украинские позиции на южной окраине **Купянска-Узлового**, уничтожив опорный пункт с личным составом.

🔻На **Лиманско-Сватовском** участке ВСУ продолжают скапливать силы для проведения наступления на **Сватово** и **Кременную**. Однако из-за провалов на **Купянском** участке, командование опасается штурмовать рубежи из-за возможного удара во фланг.

▪️Российская артиллерия и авиация ведут массированный огонь по районам сосредоточения ВСУ, заставляя их постоянно менять позиции. 

▪️В **Ивановку** переброшены ЗРК «Оса» и «Тор», а в окрестностях **Песчаного** организован передовой пункт ремонта и восстановления техники.

[**Карта в большом разрешении**](https://rybar.ru/piwigo/upload/2022/10/09/20221009083836-db3e3c47.jpg)

**Foreign versions of Starobelsk map:** [**DE**](https://rybar.ru/piwigo/upload/2022/10/09/20221009083824-0a5552e0.jpg) | [**EN**](https://rybar.ru/piwigo/upload/2022/10/09/20221009083828-70521fa7.jpg) | [**ES**](https://rybar.ru/piwigo/upload/2022/10/09/20221009083830-356ce1d5.jpg) | [**FR**](https://rybar.ru/piwigo/upload/2022/10/09/20221009083832-c3b909fb.jpg) | [**IT**](https://rybar.ru/piwigo/upload/2022/10/09/20221009083834-36610fd0.jpg)

#дайджест #карта #Купянск #Россия #Старобельск #Украина 
@rybar

*__Поддержать нас:__ `4377 7278 0407 7977`",,,
29672,"**За взрывом на Крымском мосту стоят украинские спецслужбы, пишет The New York Times со ссылкой анонимный источник в украинском правительстве.**

Собеседник издания подтвердил, что на мосту детонировала бомба, которая находилась в грузовике. 

Ранее аналогичная статья была опубликована в The Washington Post, в которой представитель киевских властей подтвердил причастность Украины к подрыву. Однако после этого заявления украинские официальные лица начали отрицать эту версию, обвинив ФСБ во взрыве на Крымском мосту.",,,
29673,Очередная уничтоженная всучная БМП-2.,,,
29674,"Легендарная Финка НКВД образца 1934 года с гарантией 10 лет и доставкой от 2-х дней.

Напиши мастеру напрямую   
[https://t.me/Barkrf_bot](https://t.me/Barkrf_bot?start=ref-ruzana-ref_source-A_nkvd_C_E15P2_K1)",,,
29675,"Людей хватают на улице! 
Власть совсем рехнулась со своей мобилизацией! 

А, ой",,,
29676,Сообщают о более чем 10 взрывах в Запорожье,,,
29677,В Запорожье снова взрывы,,,
29678,"Сообщают, что прилёт дрона камикадзе Герань-2 пришёлся по расположению 55 артиллерийской бригады всу в Запорожье.",,,
29679,Поздравляем наших [ДОРОГИХ БРАТЬЕВ](https://t.me/rybar/39949) с достижением знаковой отметки в 1 миллион подписчиков! 😎,,,
29680,Пожар в Запорожье после взрывов,,,
29681,"В ближайшие часы должно быть дано освещение Крымского моста, чтобы работы по его восстановлению могли вестись круглосуточно, сообщил Хуснуллин.

Он поручил безотлагательно начать демонтаж обрушившегося участка моста.",,,
29682,Взрывы в Запорожье,,,
29683,"Вечерний Владлен. 8.10.2022г

- Обстановка.
- Генералы.
- МО сказали, что у них всё есть.
- Крымский мост.
- Перспектива войны.",,,
29684,"**🇷🇺🖇 Военный эксперт из пула Минобороны России в эфире ФБК**

Проблема не только в том, что военный эксперт **Баранец** [появился](https://t.me/grishkafilippov/10242) в эфире [передачи людей](https://t.me/rybar/39939), признанных судом экстремистами и связанных с запрещенной в стране организацией. Человек старый, живущий в своей парадигме. Крутится, как может. 

Уверены, полковником Баранцем движили исключительно благие мотивы: он наверняка считает, что отстаивает Правду и доносит её глас до врагов-иноагентов. 

Мы уверены, что такой человек не побоялся бы появиться в эфире «Исламского государства» или «Аль-Каиды», пребывая в убежденности, что так и надо. 

**🔻Проблема не в условных баранцах. А в том, что они — это «свои». А своих трогать нельзя. **

На днях в Министерстве обороны собрали этих «своих», которые попытались донести до руководства военным ведомством, что в информационной политике что-то не так. Попытались объяснить, что не так с ежедневной сводкой. 

Все были выслушаны, все экспертные комментарии были опровергнуты уважаемыми людьми, использовавшими уважаемые доводы. 

И было решено, что в информационной политике оборонного ведомства нужно что-то менять. 

Был создан специальный экспертно-консультационный совет... из тех же самых лиц и экспертов баранцев-леонковых. А по войскам разослали циркуляр: __«Исключить общение с любыми представителями СМИ и блогосферы кроме аккредитованных. Органам военной контрразведки выявлять, пресекать и карать»__. 

И получается у нас такой «сферический конь в вакууме»: проблему подняли, проработали, решение приняли. 

И плевать, что всё это происходило в рамках одного и того же кружка по интересам. Того самого кружка, для которого что ФБК, что Россия24, что Фейгин Live — одно и то же. А лучший способ борьбы за инфополе — закручивание гаек. 
#медиатехнология #Россия 
@rybar

__*Поддержать нас:__ `4377 7278 0407 7977`",,,
29685,"Путин подписал указ об усилении защиты транспортного перехода через Керченский пролив, электросетевого энергомоста Россия - полуостров Крым и магистрального газопровода Краснодарский край - Крым. Полномочия по организации и координации мер защиты возложены на ФСБ.",,,
29686,А вот с этим...,,,
29687,Версия с фурой становится всё более неправдоподобной.,,,
29688,"В прилегающем к Крымскому мосту Темрюкском районе введен «жёлтый» уровень террористической опасности, сообщил краснодарский губернатор",,,
29689,"Мишустин подписал распоряжение о создании ФГУП «Запорожская АЭС» с головным офисом в Москве, Росимуществу поручено назначить гендиректора предприятия",,,
29690,"Дорогое государство Российская Федерация, а почему ""военный эксперт"", полковник, пламенный коммунист и выпускник Львовского военно-политического училища выступает в эфире запрещённой в России экстремистской организации?

У нас сегодня, в связи с террористическим ударом по Крымскому мосту, разве изменилось законодательство?

Какой удивительный человек — в день бомбёжки Сталинграда давать комментарий Die Deutsche Wochenschau.

Чудны ""военные эксперты"" твои, Матушка-Россия.

https://youtu.be/I-u-qoQcabk",,,
29691,"**❗️Движение автомобилей и автобусов по Крымскому мосту в реверсивном режиме запущено.**

Минтранс РФ",,,
29692,"А также, не могу сегодня не вспомнить ""военного эксперта"" Баранца (обещавшего, было дело, карать военкоров).
Ну и его не менее талантливых и умных коллег.

Ждём, с нетерпением и интересом, новой яркой аналитики.",,,
29693,"Глава Крыма Аксенов сообщил о начале движения автотранспорта по Крымскому мосту, сейчас оно открыто для легковых автомобилей и автобусов по двум неповрежденным полосам с полной процедурой досмотра.

Паром «Керчь-2» начнет работу через два часа, грузовому транспорту рекомендовано пользоваться им, сообщил Аксенов.",,,
29694,Минобороны РФ: решением министра обороны командующим Объединенной группировкой войск в районе проведения СВО назначен генерал армии Сергей Суровикин,,,
29695,"Украинскими ублюдками был нанесён удар по типографии в Кировском районе Донецка. Сотрудники МЧС прибыли максимально быстро и локализовали пожар. Не перестану говорить, что сотрудники МЧС - герои. 

@NeoficialniyBeZsonoV",,,
29696,Видео Следственного комитета РФ с Крымского моста.,,,
29697,"По предварительным данным, в результате взрыва на Крымском мосту погибли три человека — СК РФ",,,
29698,"Кто виноват [в ударе по Крымскому мосту ](https://t.me/+LxTJ7_6D-xBhNTIy) и как мы  [ответим](https://t.me/+LxTJ7_6D-xBhNTIy)?

Будет ли [удар](https://t.me/+LxTJ7_6D-xBhNTIy) по Киеву?

Хотим  от всей души **посоветовать Вам нашего знакомого - очень злого** [журналиста-политолога](https://t.me/+LxTJ7_6D-xBhNTIy) 😡

Пишет о СВО и дает качественную аналитику мировых событий

В своем [телеграм канале](https://t.me/+LxTJ7_6D-xBhNTIy) вещает без моральных барьеров и трактором проходится по Украине

Очень [Злой журналист](https://t.me/+LxTJ7_6D-xBhNTIy). Советую⬇️

[t.me/zloy_zhurnalist](https://t.me/+LxTJ7_6D-xBhNTIy)",,,
29699,"Грузовик, взорвавшийся на Крымском мосту, **не загоняли на рентген**, а у его водителя все документы были в порядке, сообщает Mash со ссылкой на сотрудников ГИБДД",,,
29700,«Известия» опубликовали момент подрыва на Крымском мосту снятый со стороны микрорайона Новая Тамань,,,
29701,"Не то чтобы кто-то сомневался, но всё же",,,
29702,"Девиз нынешней России ""как бы чего не вышло"" должен уйти в прошлое раз и навсегда. Только инициатива, только хардкор.",,,
29703,"Народ России хочет мести и отстранения импотентов, вот и всё.",,,
29704,Губернатор Гладков сообщает  также об обстреле украинскими террористами села Тишанка Волоконовского района.,,,
29705,"Есть ли у меня к ним претензии? Только благодарность! Они показывают нам наши слабые места, они учат нас быстро реагировать на вызовы, воевать, в конце-концов... А самое главное - ух как мотивируют.... Желваки играют до сих пор, и следы от ногтей на ладонях  еще не сошли... Как говорил один человек, а я его перефразирую: то, что у вас получается, - это не ваши заслуги, а наши недоработки. Работаем, братья.",,,
29706,"ВСУ обстреляли село Бирюч Валуйского городского округа, ранена девушка 16 лет, сообщил губернатор Гладков",,,
29707,"Так-с. 
Пересмотрели все материалы по подрыву. 

Реально неожиданно, но судя по всему, это первая салошахидия.",,,
29708,"Высшие государственные лица Украины совершенно открыто приветствуют народ с праздником Удара По Мосту. 

Они показали, что такое удар по инфраструктуре и имеют полное право праздновать. 

На сейчас даже мировое сообщество и вся пресса мира поняло бы выход руководства РФ из состояния анабиоза. Все развели бы руками «их спровоцировали, очевидно же». 

Но никакого выхода не будет. И дело не в том, что шанса, который был в Изюме, уже не будет. Дело в другом. 

Современный мир требует современного мышления. Без постоянных угроз ЯО, Киев без ЯО справляется вполне успешно. 

Современного мышления и креатива нет. Значит будет болтовня, угрозы и ночные удары по ТЭС, чтобы обесточить население села Загогуйки.",,,
29709,"Ну что там. Уголовное дело возбудили ?
Озабоченность выразили? 

Не уж настолько тугие, что не понимаете, что отсутствие реакции на подобное порождает вседозволенность ? 

Ебланы сука, просто ебланы.",,,
29710,Собственно результат вандализма,,,
29711,"Кажется, у нас первый случай истишхадии у салофитов.

P.s не, наверное все же подрыв пролётов под мостом",,,
29712,"В России официально началось соревнование за самый тупорылый комментарий к ситуации с Крымским мостом:

Дорожное полотно на Крымском мосту повредили ""**украинские вандалы**"" — глава парламента Крыма Константинов",,,
29713,"⚡️Национальный антитеррористический комитет: на Крымском мосту произошел подрыв грузового автомобиля.

Произошло частичное обрушение двух автомобильных пролетов Крымского моста, арка над судоходной частью моста не повреждена.",,,
29714,В принципе логичный финал тупорылых полумер.,,,
29715,"Не, ну как факт подтвердилась правильность наземного пути.",,,
29716,"Ну как то так.

Следим за развитием ситуации.",,,
29717,"**Новости из дурки:** Сегодня днём верховная рада Украины приняла постановление о признании южных Курильских островов «оккупированной Россией территорией Японии».

Также Киев призвал международное сообщество принять все возможные меры «по договорно-правовому оформлению статуса Северных территорий Японии».",,,
29718,Момент удров по целям в Харькове 💥,,,
29719,Праздничный салют ко дню рождения Владимира Владимировича удался на славу 💥,,,
29720,Пожары в Харькове в 2х местах.,,,
29721,Прямо в яблочко,,,
29722,"Сообщают, что на месте прилёта в Харькове продолжается вторичная детонация. Попали куда надо 👌🏼",,,
29723,Взрывы и пожар в Харькове вследствие ударов по целям.,,,
29724,💥Также Харьков.,,,
29725,"Вторичная детонация после прилёта по объекту в Харькове. Судя по видео, в городе есть перебои с электричеством.",,,
29726,После одного из прилетов разгорелся сильный пожар,,,
29727,Пожар в Харькове после ударов по объекту.,,,
29728,Сообщают о сильных взрывах в Харькове.,,,
29729,"Исполнительный совет Международного валютного фонда одобрил предоставление Украине 1,3 миллиарда долларов в рамках инструмента МВФ для ускоренного финансирования. Средства пойдут на удовлетворение потребностей страны, в частности в продовольственной сфере.",,,
29730,"🇷🇺 На Фрунзенской набережной все же решили отреагировать на вскрывшиеся многочисленные проблемы с материально-техническим обеспечением личного состава.

Замминистра обороны Виктор Горемыкин заявил, что у ВС РФ __«есть все необходимое для обеспечения каждого военнослужащего в полном объеме». __Он также назвал __«ненужными и преждевременными»__ планы властей регионов отменить праздничные мероприятия в рамках поддержки вооруженных сил.

И главное здесь не то, что сказанное Горемыкиным совершенно точно не соответствует действительности: ведь если трудностей нет, то для кого тогда волонтеры с весны закупают квадрокоптеры, медицину и другие необходимые товары вплоть до лопат?

И не то, что инициативы отменить новогодние салюты исходят именно от общества, не желающего праздновать во время тяжелых боевых действий на уже собственной территории.

А то, что даже после 8 месяцев всех возможных ошибок в оборонном ведомстве **продолжают упорно отрицать любые проблемы,** очевидные уже даже совсем далеким от армии людям. Не делая абсолютно никаких выводов и не меняя подходов в работе в информационном поле.

Есть, правда, один нюанс: заменить реальность слайдами и красивыми докладами уже не выходит. И за результат придется отвечать.

Впрочем, говорят, что некие организационные решения были приняты. Ходит по кулуарам Фрунзенской набережной такой упорный слух: все ждут конца месяца.

И если подобные слухи подтвердятся (мы, если честно, в подобное не очень верим), то новой команде будет даже легче: после таких сильных репутационных потерь зайти с козырей будет очень легко.

Достаточно просто начать говорить правду и разговаривать с обществом.

Поверьте, общество это воспримет крайне положительно.
#Россия 
@rybar

__*Поддержать нас:__ `4377 7278 0407 7977`",,,
29731,"Владимир Путин подписал Указ, предоставляющий право командующим группировками войск вручать в особом порядке от имени президента России военнослужащим ВС РФ и иным лицам, наиболее отличившимся при выполнении задач специальной военной операции, ряд государственных наград.",,,
29732,"Хотите прикол. Есть указ Шойгу, всех одеть, чтоб всё было заебись. 

Всё приказ ушёл, тупорылые тыловики округов и прочие долбоёбы (по другому не назвать) козырнули есть так точно. Через некоторое время они ~~докладывают~~ пиздят, что всё выполнено, всё заебись, ~~не увольняйте меня с прикормленного места, пожалуйста!~~. Как и приказывали, все одеты в ВКПО, никакой ""юдашкинской"" формы и прочего пиздеца нет товарищ министр! 

Раз такое дело, приказ уходит в ДИМК, мол тут с округов и областей начальники докладывают в Москву, что у них всё круто, отправляйте СМИ, пусть освещают! Далее всё спускается в пресс-службы округов и администраций областей, на самый низ так сказать, которые и отвечают, что все эти ваши ""всё заебись и внатуре чотка"" не соответствуют действительности от слова совсем. 

Вот такой вот интересный круговорот пиздежа в докладах. Вам, кажется, верховный сказал - хватит врать, не?",,,
29733,"Минобороны выступило против отмены новогодних мероприятий в регионах ради поддержки мобилизованных. Военное ведомство назвало их «преждевременными и ненужными». 

Комментируя передачу сэкономленных средств мобилизованным в Минобороны заявили, что Вооруженные силы «имеют все необходимое оснащение, чтобы обеспечить каждого военного как в районах спецоперации, так и в местах подготовки мобилизованных».",,,
29734,"Украинские военные сообщают об отключении Starlink на линии фронта — Financial Times.

«Некоторые из отключений привели к «катастрофическим» потерям связи в последние недели, сказал один высокопоставленный украинский правительственный чиновник, непосредственно знакомый с проблемой. 

Другой киевский чиновник сказал, что сбои связи были широко распространены и вызвали панические звонки солдат на телефоны доверия. Оба украинских чиновника заявили, что проблемы возникли, когда украинские солдаты отбили территории у России и перешли линию фронта», – говорится в публикации.",,,
29735,"Что ж ты, фраер, сдал назад...

Зеленский начал оправдываться по поводу вчерашнего заявления и объяснил свои слова о ""превентивных ударах"" по России тем, что он имел в виду новые санкции со стороны Запада, а не удары с применением ядерного оружия.",,,
29736,Вечерний Владлен. 7.10.2022г.,,,
29737,"Уничтоженная техника ВСУ на Криворожском направлении

@ZOV_SILA_RF",,,
29738,"Евросоюз в ближайшее время выделит Украине ещё 2 миллиарда евро, заявила глава Еврокомиссии Урсула фон дер Ляйен",,,
29739,"Обожаю обратную связь: 

«Здарова! Увидел сегодня видео с Бкрсерка (Т-72Б3М). Он сейчас на ремонте, попал в пиздорез, словил 3 попадания, но экипаж жив-здоров. Танк почти готов, экипаж рвётся в бой»

Успехов парни!",,,
29740,Сообщают о прилёте по цели в пригороде Запорожья. Также удары нанесены по объектам в Никополе.,,,
29741,"❗️🇷🇺🇺🇦 **Битва за Херсон: обстановка на Андреевском и Бериславском участках**
__по состоянию на 17.00 7 октября 2022 года__

▪️С утра украинская сводная группировка 128 огшбр, 60 опбр и танковое подразделение 17 отбр ведут наступление на российские позиции из района села **Дудчаны**. 

▪️Огневую поддержку наземным войскам ВСУ оказывают расчеты артиллерии из окрестностей Петропавловки. Целеуказание обеспечивает БЛА «Байрактар». 

▪️Одновременно мобильные группы ВСУ пытаются прорваться через поля на рубеже **Пятихатки** — **Суханово**, а формирования 57 омпбр ведут наступление на позиции ВС РФ южнее **Давыдова Брода**. 

▪️Российская артиллерия и авиация ВКС России наносят удары по районам сосредоточения ВСУ, не давая им закрепиться на линии фронта.

[**Карта в большом разрешении**](https://rybar.ru/piwigo/upload/2022/10/07/20221007131603-d69f277d.jpg)

**Foreign versions of Berislav map:** [**DE**](https://rybar.ru/piwigo/upload/2022/10/07/20221007131555-044b398f.jpg) | [**EN**](https://rybar.ru/piwigo/upload/2022/10/07/20221007131558-c0273e36.jpg) | [**ES**](https://rybar.ru/piwigo/upload/2022/10/07/20221007131559-96f30203.jpg) | [**FR**](https://rybar.ru/piwigo/upload/2022/10/07/20221007131600-16d5df03.jpg) | [**IT**](https://rybar.ru/piwigo/upload/2022/10/07/20221007131602-76dac050.jpg) 

#дайджест #карта #Николаев #Россия #Украина #Херсон
@rybar

*__Поддержать нас:__ `4377 7278 0407 7977`",,,
29742,«Уралтрансмаш» сообщил о досрочной отправке в войска партии модернизированных 152-мм САУ 2С19М2 «Мста-С»,,,
29743,"Мэр Нижнего Новгорода сообщил об отмене новогодних салютов и гуляний, средства будут направлены, в том числе на обеспечение льгот семьям мобилизованных",,,
29744,"Ещё одни бомжи, которые уже не знают, где деньги достать.

То у Германии новые репарации за Вторую Мировую требуют, то украденные российские активы поделить предлагают...",,,
29745,"В результате нового обстрела Энергодара со стороны ВСУ произошло отключение электроэнергии, сообщила администрация.

В Энергодаре произошел взрыв в районе распределительного устройства, расположенного на ТЭС, добавили в администрации.",,,
29746,"В Санкт-Петербурге отменят праздничные мероприятия по случаю Нового года, сэкономленные средства пойдут на оснащение добровольцев и мобилизованных — администрация города.",,,
29747,"Белорусский министр обороны рассказал на встрече с журналистами и блогерами, что за 20 лет мобилизационные сборы в стране прошли 130 тысяч человек и что при необходимости его ведомство может выставить ресурс в 500 тысяч военнообязанных.",,,
29748,"Беспилотник сбит над военным аэродромом «Шайковка» в Калужской области, пострадавших и разрушений нет. Предположительно беспилотник прилетел со стороны Украины, сообщил губернатор Владислав Шапша.",,,
29749,72ка перешла на сторону света.,,,
29750,Путин подписал закон о трудовых гарантиях мобилизованным (после демобилизации они смогут вернуться в ту же организацию и на ту же должность),,,
29751,Путин подписал закон о кредитных каникулах для мобилизованных и участников спецоперации,,,
29752,"Террористы из ВСУ обстреляли из  РСЗО HIMARS Дарьевский мост в Херсонской области, по которому ехал автобус с мирными жителями. 

В результате попадания по автобусу погибли 5 человек и ещё 5 получили ранения.",,,
29753,"Власти Ленинградской области распорядились отменить запланированные на этот год массовые развлекательные мероприятия, включая новогодние корпоративы, чтобы перераспределить средства на более актуальные цели, включая поддержку ленинградцев, участвующих в СВО, и их семей.

Рекомендации об отмене праздничных мероприятий направлены главам администраций муниципальных районов Ленинградской области.",,,
29754,Удары по целям всу в Никополе Днепропетровской области.,,,
29755,Момент прилёта «Герани-2» по цели в Запорожье,,,
29756,Ещё кадры из Николаева,,,
29757,В Николаеве тоже расцвели герани,,,
29758,"💥Дрон камикадзе Герань-2 ударил по цели в Запорожье.

обн. В воздухе находится как минимум ещё один БпЛА",,,
29759,Вечерний Владлен.6.10.2022г,,,
29760,"Запад разжигает ядерную войну, неуравновешенный Зеленский превратился в монстра, его руками могут уничтожить планету — МИД РФ",,,
29761,"Региональная группировка войск Белоруссии и РФ готова к развертыванию и выполнению задач по вооруженной защите союзного государства, сообщили в Минобороны Республики Беларусь.",,,
29762,"Наркоман Зеленский потребовал от НАТО нанести превентивный ядерный удар по России, об этом он заявил в ходе онлайн-конференции в австралийском Институте Лоуи.

«Нужны превентивные удары, чтобы они (Россия) знали, что их ожидает, если они применят ядерное оружие. Не наоборот — ждать ядерных ударов России, чтобы потом сказать: «Ах, ты так, тогда получи вот это», заявил Зеленский.",,,
29763,"Таки не дальше двух месяцев назад, на подобный вопрос я увидел лишь многозначительное нет в глазах😎

Но если мы все таки говорим о массовости. Вопрос надо решать на верху. Даже если подача состоится снизу. 

https://t.me/fighter_bomber/8833",,,
29764,"Ты шо самый умный?
Сейчас генералы дембеля с ОТК тебе расскажут что не положено! 
Только говенный пластик! 
Иш чего удумал. 


https://t.me/fighter_bomber/8832",,,
29765,"ДНР, ЛНР, Запорожская и Херсонская области включены в перечень субъектов РФ в Конституции России. 

Новая редакция основного закона страны [опубликована](http://publication.pravo.gov.ru/Document/View/0001202210060013) на официальном портале правовой информации.",,,
29766,"[❗️](https://rybar.ru/piwigo/upload/2022/10/06/20221006152609-154fb48d.jpg)🇷🇺🇺🇦 **Обстановка на Соледарском направлении 
**__на 18.00 6 октября 2022 года

__На данный момент группировка ВСУ на Бахмутском (Артемовском) направлении насчитывает, по разным данным, от 30 до 40 тысяч человек. В нее входят подразделения 55 омсбр, 93 омбр, 128 огшбр, а также боевики батальона «Айдар».

▪️В ходе наступления со стороны Николаевка Второй отряды «ЧВК Вагнера» овладели опорным пунктом ВСУ на перекрестке дорог южнее **Отрадовки** и продолжили двигаться в сторону **Курдюмовки**. Сама Отрадовка также полностью перешла под контроль «вагнеровцев».

▪️Сообщения об освобождении **Зайцево** к югу от **Бахмута** оказались преждевременными. Большую часть населенного пункта контролируют отряды «ЧВК Вагнера», однако подразделения ВСУ сохраняют свое присутствие в западной части села, в котором идут ожесточенные бои. Продвижение наступающих сил замедляется сложной минной обстановкой.

▪️«Вагнеровцы» также освободили населенный пункт Веселая Долина, продолжив движение в сторону **Иванграда.

**▪️В Бахмуте отряды «ЧВК Вагнера» удалось расширить зону контроля вдоль трассы и зайти на территорию промзоны по улице Патриса Лумумбы, а также занять Асфальтовый завод на юго-востоке города.

▪️Информация о массовом отступлении ВСУ на Бахмутском направлении пока не соответствует действительности. Численно превосходящие украинские подразделения оказывают ожесточенное сопротивление наступающим силам «ЧВК Вагнера».

[**Карта в большом разрешении

**](https://rybar.ru/piwigo/upload/2022/10/06/20221006152609-154fb48d.jpg)**Foreign versions of Soledar Direction map:** [DE](https://rybar.ru/piwigo/upload/2022/10/06/20221006152602-e78f0ebd.jpg) | [EN](https://rybar.ru/piwigo/upload/2022/10/06/20221006152605-04d3cb32.jpg) | [ES](https://rybar.ru/piwigo/upload/2022/10/06/20221006152606-c2397cbb.jpg) |[ IT](https://rybar.ru/piwigo/upload/2022/10/06/20221006152608-4711f62c.jpg) | [FR

](https://rybar.ru/piwigo/upload/2022/10/06/20221006152607-f1345b1c.jpg)#Бахмут #дайджест #Донецк #карта #Луганск #Россия #Соледар #Украина 
@rybar

__*Поддержать нас:__ `4377 7278 0407 7977 `| `0x4739352b67Da6F4064757627D92A08EaDd3fb6b6 `(ETH)` `|` 33i1BwMuzeYTAUNtiLa6CjvaHtTVYNJfnp `(BTC)",,,
29767,"ЕС распространил свои антироссийские санкции на Запорожскую и Херсонскую области, сообщает Совет ЕС.

Считается ли это за признание российского суверенитета над этими территориями? 🤔",,,
29768,"**ЕС официально опубликовал новый пакет санкций против России, который вступает в силу завтра. Он включает:**

— Базу для определения потолка цен на российскую нефть для ее транспортировки по морю, предусмотрен запрет на морскую перевозку нефти из России по цене выше установленного потолка с декабря и нефтепродуктов с февраля (ранее сообщалось, что это будет 5 декабря и 5 февраля соответственно);

— Расширенный запрет на поставки стальной продукции, техники, химикатов, пластика и сигарет;

— Запрет на продажу в Россию гражданского огнестрельного оружия, военных транспортных средств и оборудования;

— Запрет на предоставление российским компаниям IT, инжиниринговых и юридических услуг;

— Запрет для граждан стран ЕС занимать руководящие должности в ряде российских госкомпаний;

— Наказание для участников схем обхода санкций;

— Запрет на обслуживание всех криптокошельков граждан и резидентов России;

— Расширен санкционный список ЕС, в него добавили 30 физических и 7 юридических лиц (на картинке).",,,
29769,"Глава Минобороны Республики Беларусь заявил, что формирования НАТО в соседних странах могут стать основой для ""ударных группировок"" против РФ и Беларуси.",,,
29770,"Губернатор Московской области Андрей Воробьев у мобилизованных. 
Вот конкретно тут разговор о коптерах. 
Московская область уже закупила их мобилизованным. Будут еще. Это я просто точно знаю Заказаны уже. Как и многое другое снаряжение, медицина. 

Отличный пример не только для для глав регионов, а для чиновников и управленцев вообще. То есть Воробьев не просто знает абстрактно что военным ""нужны коптеры"". Он понимает зачем они нужны, какова их роль в современных боевых действиях.
 Поэтому лично в процессах и участвует.",,,
29771,"Иранские беспилотники становятся очень опасными для Украины.

Об этом заявил Sky News посол Украины в Великобритании Вадим Пристайко.

По его словам, ВСУ пытаются «найти противоядие» против этого вида российского оружия.",,,
29772,Социальные и медицинские учреждения в подконтрольных Луганской народной республике населенных пунктов Кременная и Сватово на севере ЛНР эвакуируются — посол республики в РФ Родион Мирошник,,,
29773,"Снайпер группировки Катаиб Хезболла с винтовкой Орсис Т-5000, где-то в Ираке.",,,
29774,Украинский танк и последствия наезда на мину.,,,
29775,"Давайте о хорошем примере, полигон Свердловский, ЦВО.

Идёт обкатка танками, обучение водителей на Уралах. На стрелковом отрезке мужчины лупят по мишеням с РПГ-7 с тандемными (!) гранатами, молотят пкм, автоматы, магазинами и лентами, без тупого дроча по 3 патрона. На крайнем отрезке кидают гранаты РГН (сначала учебные потом боевые). В сторонке парни учатся управлять коптерами. Так же должны состояться стрельбы ПТУРами. 

Подполковнику Роме отдельный респект, обучает с душой, передаёт весь опыт, что за эти 8 месяцев получил. Мобилизованных бойцов называет ""будущее России"", что действительно так.",,,
29776,"Прекрасно, что на ситуацию с мобилизованными, которых гоняют бессмысленно по стране туда-сюда, обратила внимание прокуратура. И хорошо бы, чтобы нашли именно виновных среди ответственных чиновников. Точнее, военных. 

Я вот о чем. Система у нас порой на критику реагирует так: начинается активная работу не по выявлению виновных в том  что есть проблема, а по поиску того, кто об этой проблеме рассказал. Ну и параллельно - тоже вполне традиционно - ответственные лица начинают объяснять, что проблемы-то и нет, а всё, что вы видели в интернете/Телеграме это коварная провокация то ли ЦИПсО, то ли ещё каких тёмных сил. А на самом деле, нет никаких нигде проблем - вот посмотрите на нашу красивую презентацию. Где тут проблема? Есть даже устойчивая идиома у гражданских чиновников. ""Качают негативную повестку"". Угу. 

Так вот главное, чтобы сейчас военным ведомством действительно были сделаны верные выводы, приняты правильные решения, и наказаны те офицеры, кто это допустил. Чтобы не сложилось ситуации, когда единственным результатом станет решение отобрать смартфоны у всех мобилизованных, дабы впредь никто не узнал о возможных проблемах на местах. 

https://t.me/mig41/21134

Проблемы могут быть. Это нормально. Бояться этого не надо. Их надо признать, найти способ решения и устранить. А виновных наказа От решения проблем зависит победа. А если делать вид, что ничего не происходит... Да собственно, надо ли объяснять? Мы же и так видим, что бывает, если усиленно делать вид, будто проблем нет. 

https://t.me/SolovievLive/132024",,,
29777,"Южнокорейские военные извинились за неудачный пуск баллистической ракеты, неразорвавшаяся боеголовка которой упала в 700 метрах от жилого дома. ""Мне очень неловко, что местным жителям и гражданам страны ничего не разъяснили и им было доставлено беспокойство"", - сказал глава комитета начальников штабов Ким Сын Гём.",,,
29778,"**«Много вопросов к командованию ВКС, вопросов к главному разведуправлению Генштаба».** Председатель комитета Госдумы по обороне Андрей Картаполов обрушился с критикой в адрес Генштаба ВС ФР.  Он заявил, что главная проблема армии – слабая работа разведки, которая подчиняется Генштабу.

 «Главная проблема наша сегодня - средства разведки. Не силы, а именно средства разведки, которые позволяли бы вскрывать объекты противника на всю глубину. Его оперативное построение, стратегическую глубину»,- объяснил Картаполов.

[Подписаться на URA.RU](https://t.me/+vH2DLWiafwEyMmU6)",,,
29779,"В Харькове снова воздушная тревога. На видео слышен звук пикирования дрона камикадзе Герань-2, после чего следует взрыв💥",,,
29780,Местные власти подтверждают удар по инфраструктурному объекту в Харькове. На месте разгорается пожар.,,,
29781,Не нравятся Гераньки((((,,,
29782,Дроны камикадзе Герань-2 работают по целям в Харькове.,,,
29783,Гераньки в Кропивницком.,,,
29784,💥Звуки ударов по целям в Никополе Днепропетровской области.,,,
29785,"🇷🇺 Если до этого мы с вами видели только ролики из военкоматов и перевалочных пунктов, куда отправляют собранные военными коммисариатами команды, то сейчас началась новая волна. 

Все больше и больше роликов появляется с брошенными и никому не нужными мобилизованными. Цепочка командования утрачена, у людей на руках оружие, которое даже за ними не числится. Они горят желанием, хотят защищать Родину, но они **не понимают**, что происходит. 

В очередной раз повторимся, что это следствие **системных проблем** в Министерстве обороны и общей неготовности военной махины к такого рода процедурам. 

И сейчас Россия проходит ровно тот же путь, что и Украина, где механизм мобилизации начали оттачивать с 2014 года. 
#Россия 
@rybar

__*Поддержать нас:__ `4377 7278 0407 7977`",,,
29786,"Номинанты на премию оскар в ВСУ. 

Сделать настолько хуёвую постанову надо постараться, наверное консультировались у админа трухи или хуёвого Харькова.",,,
29787,"🇺🇸🇺🇦🇷🇺New York Times полчаса назад [написали](https://www.nytimes.com/2022/10/05/us/politics/ukraine-russia-dugina-assassination.html?searchResultPosition=1), что убийство Дарьи Дугиной организовали украинские спецслужбы, а санкционировали это «части украинского правительства», а спецслужбы американские ни при чем и вообще не знали о готовящемся покушении, а после убийства испугались возможной эскалации. 

Строго говоря, выглядит как попытка себя отмазать, тем более, что NYT - это главный рупор нынешней администрации Белого дома. Однако нужно помнить, что такой вариант (инициативные украинцы решились на теракт, не спрашивая разрешения у хозяев в Вашингтоне и Лэнгли) возможен и даже имел место еще в 2016 году с атаками в Крыму, в которой, кстати, участвовал нынешний глава ГУР Кирилл Буданов и за что Байден лично распекал Порошенко по телефону (спасибо ~~Андрею Деркачу~~ людям Трампа за публикацию).
Цитата:
«Соединенные Штаты обеспокоены тем, что такие нападения как случай с Дугиной, хотя и имеют высокую символическую ценность, мало влияют на исход войны и могут спровоцировать Москву на проведение собственных ударов по высокопоставленным украинским чиновникам. Американские чиновники были разочарованы отсутствием прозрачности Украины в отношении ее военных и тайных планов, особенно на российской земле.
С начала войны службы безопасности Украины продемонстрировали свою способность проникать в Россию для проведения диверсионных операций. Убийство Дугиной, однако, была бы одной из самых смелых операций на сегодняшний день - показывая, что Украина может очень близко подойти к видным россиянам».",,,
29788,"Россия готова поставлять газ по неповрежденной нитке «Северного потока 2» — Александр Новак.

Аххахахахах, ну чо, врубаем? Или зиму без газа?",,,
29789,"Решение картеля ОПЕК+ о сокращении добычи нефти на 2 000 000 баррелей нефти в сутки вызвало у Байдена ""разочарование"".
Как уже пишут в американской прессе (связанной с Трампом и республиканцами), неспособность сорвать сделку саудитов с русскими является очередным внешнеполитическим поражением администрации Байдена, что отразится на простых американцах.",,,
29790,"Последствия ночных ударов дронами камикадзе Герань-2 по расположению всушников в городе Белая Церковь Киевской области. Разрушения весьма серьёзные.

Кстати, забор с колючей проволокой как бы недвусмысленно намекает, что это не детский сад.",,,
29791,"Владимир Путин подписал Указ об опубликовании текста Конституции Российской Федерации с изменениями.

Изменения внесены в связи с принятием в состав Российской Федерации Донецкой и Луганской народных республик, а также Запорожской и Херсонской областей.

**С сегодняшнего дня в России 89 субъектов.**",,,
29792,Путин поручил принять в федеральную собственность объекты Запорожской АЭС — указ,,,
29793,"НАТО НАТО НАТО, везде генералы НАТО , перестаньте пожалуйста! Ученик суворовского училища всех разъебёт, когда у его противника будет 15 человек село держать, а в твоём распоряжении два пехотных и танковый батальон.

https://t.me/SolovievLive/131967",,,
29794,Любители польских пяток и немецких сосисок забегали...😏,,,
29795,"**❗️Надо перестать врать. Мы не раз об этом говорили. Но как-то не доходит до отдельных руководителей. Я читал сводки совинформбюро за 1941 год, когда немцы прорывались к Москве. Там открыто говорили, что где-то мы отходим. Но в каждой сводке говорили, что бригада такого-то совершила это, наши лётчики уничтожили столько-то, наши потери такие-то. И люди понимали опасность, знали, что враг на нашей земле. Сейчас тоже враг на нашей земле. Все приграничные сёла Белгородской области практически разрушены. Мы это узнаём от кого угодно – от губернаторов и военкоров. Но сводки Минобороны не меняются. Народ-то знает. У нас народ не глупый. И он видит, что ему не хотят говорить даже часть правды. Это может привести к потере кредита доверия.

**Андрей Картаполов, председатель комитета Государственной Думы по обороне, генерал-полковник, в телеканала эфире Соловьёв Live",,,
29796,"**Новый фильм Евгения Пригожина и Алексея Нагина** **«**[Лучшие в аду](https://yarus.ru/p/32175841)**»**, который уже доступен на платформе [ЯRUS](https://yarus.ru/p/32175841), покажет через что проходят настоящие профессионалы своего дела, чтобы положить конец возродившемуся нацизму и ненависти раз и навсегда.

Их работе трудно позавидовать, но когда стоит задача спасение будущего России — сомнений быть не может!
И мы в них верим, потому что они — «[Лучшие в аду](https://yarus.ru/p/32175841)»!✊🏻

👉 [Мюсли Лаврова](https://t.me/MuesliLavrova)",,,
29797,**Наши ребята затрофеили Kirpi в Херсонской области**,,,
29798,"В Донецке сразу четыре района города подверглись обстрелу со стороны украинских формирований. Известно о двух погибших, включая подростка. Под удар ВСУ попала одна из городских больниц в Кировском районе, и ряд жилых домов. 

@epoddubny",,,
29799,"Русский солдат, помни с чем ты воюешь!",,,
29800,"Боевики из 25-й бригады ВСУ жалуются на ""панов командыров"", которые оставили их без еды, ночников и прицелов. Также рассказывают (**09:50**), как при заходе в населенный пункт была поставлена задача ""мочить всех"", в т.ч. закидывать погреба гранатами. Как вишенка на торте — история о добивании своих же 300-х (**11:10**), чтобы не париться с эвакуацией.

@voenkorKotenok",,,
29801,Последствия ночных ударов дронами камикадзе Герань-2 по расположению всушников в городе Белая Церковь Киевской области.,,,
29802,ОБТФ «Каскад» продолжает кошмарить ВСУ на Угледарском направлении,,,
29803,"Новогодние праздничные мероприятия в Калуге отменят, средства направят для **поддержки мобилизованных** — РИА Новости со ссылкой на власти региона",,,
29804,"Постпреды стран Евросоюза согласовали новый пакет санкций против России, сообщила представитель Чехии. Запущена техническая процедура оформления.

Новые санкции предусматривают запрет: 

— на транспортировку нефти третьим странам по цене выше установленного потолка;
— на определенные виды стальной продукции, пластика и химикатов;
— на оказание IT-услуг и юридических услуг российским организациям.",,,
29805,"Путин назначил Пушилина врио главы ДНР, Балицкого — врио губернатора Запорожской области, Владимира Сальдо — врио губернатора Херсонской области, Пасечника — врио главы ЛНР.

Выборы глав новых субъектов пройдут через год в единый день голосования.",,,
29806,"⚡️Путин подписал законы о принятии ДНР, ЛНР, Запорожской и Херсонской областей в состав России (законы о ратификации договоров о присоединении и федеральные конституционные законы о принятии в качестве субъектов Федерации).",,,
29807,"Грустные новости приходят от представителя НАСА в Европе.

Сегодня ночью, несколько искуственных спутников земли ""Герань 2"" сошли с орбиты, закончив работу. 

Конечный этап их падения, неожиданно,  стал Юг Украины. Поняв, что собрать команду бурильщиков, во главе с Брюсом Уилисом НАСА не успеет, космическое агентство запросило Украину о помощи.

На кону стояла жизнь человечества. И Украина таки пришла!

Перехватив обломки Гераней казармами, штабами и жопами Тарасиков местного космического агентства. Помним всех поименно! ЗСУ ты космос!",,,
29808,Массированный удар дронами камикадзе Герань-2 по объектам в городе Белая Церковь продолжается.,,,
29809,"💥Да, опять Герань-2, и опять Белая Церковь Киевской области. Это сейчас",,,
29810,💥В Белой Церкви сообщают о новом взрыве. На видео звук пролёта дрона камикадзе Герань-2,,,
29811,Вид на пожар после ударов Гераней по объекту в городе Белая Церковь Киевской области.,,,
29812,"Также работа Герани.

Сейчас сообщают о новом взрыве. Пока неясно, удар БпЛА или вторичная детонация на месте прилёта",,,
29813,"Эффектные кадры прилёта Гераньки по цели в городе Белая Церковь Киевской области 💥 Судя по пожару, это был уже второй удар по объекту.",,,
29814,Момент взрыва,,,
29815,"В Белой Церкви, 3 прилета. Горит в центре военчасть. Очень сильный пожар (с) предложка",,,
29816,На месте прилёта пожар.,,,
29817,"Звуки взрывов в Никополе Днепропетровской области 💥

Именно оттуда регулярно ведутся обстрелы Энергодара и территории Запорожской АЭС.",,,
29818,Удар дрона камикадзе Герань-2 по цели в Белой Церкви Киевской области 💥,,,
29819,Таки долетели,,,
29820,Гераньки под Киевом.,,,
29821,В Одессе снова Гераньки расцвели.,,,
29822,"Пентагон опубликовал перечень вооружения, которое войдет в новый пакет военной помощи для Украины:

– четыре установки HIMARS и боеприпасы;

– шестнадцать 155-мм гаубиц;

– 75 тысяч 155-мм снарядов;

– 500 высокоточных 155-мм снарядов;

– тысяча 155-мм снарядов RAAMS;

– шестнадцать 105-мм гаубиц;

– 30 тысяч 120-мм мин;

– 200 машин MRAP MaxxPro;

– 200 тысяч патронов для стрелкового оружия;

– оборудование для установки помех, мины Claymore и другое оборудование.",,,
29823,"**Обстановка в Сватово с места событий: дорога на Кременную контролируется нашей армией, фронт находится в нескольких километрах от города, жители частично эвакуируются

**Военкор Readovka Кирилл Имашев приехал в русский город Сватово и выяснил, какая в нем реальная обстановка на данный момент. Несмотря на панические слухи, **дорога Сватово-Кременная контролируется русской армией.** Естественным образом по ней могут работать вражеские ДРГ, артиллерия, но дорога используется в обычном режиме.

По Сватово не работает украинская артиллерия — это говорит о том, что **артподготовки контрнаступления пока не проводится, и фронт находится в нескольких километрах от города.** То же самое подтверждают и военные, с которыми нашему военкору удалось пообщаться на месте.

Тем не менее, нет причин думать, что ВСУ оставят попытки наступать на город. **Часть местных жителей, понимая это, уезжает из Сватово в отдаленные от фронта города России:** Старобельск, Луганск, Белгород и другие. Однако многие сватовцы остались в городе и продолжают обычную жизнь: гуляют, ходят в магазины и надеются, что Россия здесь действительно навсегда.",,,
29824,"⚡️Артиллерия ВС РФ накрывает группу ДРГ. Запорожская область.
[Боевой листок Запорожья](https://t.me/Z_BOEV_LIST_Z)",,,
29825,"**Генералу Лапину было сложно оборонять Красный Лиман из-за большого количества лесов вокруг города, в условиях, когда у противника было в 4 раза больше пехоты.** Об этом [URA.RU рассказал](https://ura.news/articles/1036285508) экс-министр обороны ДНР Игорь Стрелков.

«В условиях, когда противник имел в 3-4 раза больше пехоты, оборонять незначительным количеством подразделений этот район было чрезвычайно сложно», - считает Стрелков.

По его словам, ситуация была бы еще хуже, если бы российские войска остались в Лимане, ведь это привело бы к огромным потерям.

[Подписаться на URA.RU](https://t.me/+vH2DLWiafwEyMmU6)",,,
29826,"❗️**На портале Госуслуг зарегистрировали более 70 тыс запросов на запись в добровольцы — Чернышенко

**Вице-премьер России Дмитрий Чернышенко отметил, что такое количество запросов на запись в добровольцы зафиксировали со дня объявления частичной мобилизации.

По словам вице-премьера, заявление можно легко оформить на сервисе — нужно обратить внимание на критерии отбора и выбрать ближайший военкомат. А затем в течение двух дней придет уведомление с датой и временем посещения военкомата и списком необходимых документов. Пока сервис работает в тестовом режиме.",,,
29827,"Вооруженные силы Украины усилили огонь по пригороду Энергодара, под ударом оказался район ТЭС, сообщили в военно-гражданской администрации города.",,,
29828,Подготовка мобилизованных на одном из полигонов в ДНР.,,,
29829,"Мужчины, призванные на военную службу в ходе частичной мобилизации, проходят подготовку на полигоне в Краснодарском крае.",,,
29830,"Еврокомиссия передала Украине пять миллионов таблеток йода для людей, живущих вблизи атомных электростанций, сообщил европейский комиссар по вопросам гуманитарной помощи и управления кризисными ситуациями Янез Ленарчич в интервью RND.",,,
29831,"В стране идёт война, а у нас идёт проверка Росгвардии...
Со рвением при этом необыкновенным..",,,
29832,"По Лапину. 

Щас покопался в сирийских архивах, нашёл один из фрагментов когда они под Пальмирой ""заводили"" садыков в атаку, а на них смертник попёр, а за ним штурмовые группы игилойдов на пикапах, и нормально, отбились, никто не трусил и в Дамаске он не сидел, а с передка рулил всей дискотекой. Да и вообще в предложку и личку много парней пишет с той же 90ТД, сильно их тот пост обидел, что у них командующий трус.",,,
29833,"И вообще, Ватсапп лучше удалить со своего смартфона, мы уже подробно [объясняли](https://t.me/voenacher/18067) почему.",,,
29834,"Братцы, друзья призванные по мобилизации!

Понятно, что у всех мобильные телефоны не заберут, физически это невозможно, но помните, что вам нужно ОБЯЗАТЕЛЬНО отключить геолокацию на своём смартфоне.

Не отключил геолокацию, шлёшь фотку своей жене в ватсапе ? Считай ты уже труп. Не делай так, думай головой.",,,
29835,"Интересно, смогли ли бы наши учёные перевести газету Красная Звезда во влажный вариант в рамках информационной войны? Солдатам было бы гораздо удобнее чем сейчас.",,,
29836,"Воздушная тревога по всей Украине и подконтрольной Киеву части российской территории.

Сообщают о взрывах в Николаеве.",,,
29837,Выведенная из строя ночными ударами подстанция противника в Харькове.,,,
29838,"В Бердянске задержан наводчик ВСУ, планировавший теракты в Запорожской области.

Сотрудники патрульно-постовой службы получили информацию о том, что в одном из домов скрывается подозрительный мужчина. Проверив адрес, они обнаружили наводчика.

""При осмотре телефона установлен факт его связи с военнослужащими ВСУ, обнаружены фотографии мест несения службы, сообщения, в которых он заявляет о готовности содействовать ВСУ методом наведения на военные объекты ВС РФ"", — сообщили в ГУВД по Запорожской области.",,,
29839,"Хотите прикол про гений Жидко?

Как-то будучи командующим ВВО он приехал на инспекцию к лётчикам, там он почему-то доёбывал всех пилотяг, есть ли у них лично свой самолёт (он где-то про это услышал) и был искренне удивлён, что всё совсем не так в ВКС работает. Затем зашёл разговор о работе непосредственно по земле, лётчики обратили внимание командующего, что необходимо усилить возможности наземных станций наблюдения с РЛС, на что у тов. Жидко было лицо полное непонимания. Зачем на наблюдательном пункте вообще эта ваша РЛС если есть бинокль и рация 😁. Чё вы хотите от танкиста.

В конце своего перформанса он заявил, что всё х***я граждане  лётчики, надо вам как мы, играть в World of Tanks для слаживания коллектива, как он и делает со своими друганами. И надо бы проработать этот вопрос на высшем уровне округа, чтоб у вас компуктеры с танками появились (а не какие-то там планирующие авиабомбы). 

А потом началась война. 

https://t.me/pgubarev/522",,,
29840,Бойцы ОБТФ «Каскад» продолжают сжигать бронетехнику ВСУ на Угледарском направлении,,,
29841,Пушилин подписал закон о ратификации договора по вхождению ДНР в состав России,,,
29842,"Зеленский ввел в действие решение СНБО о невозможности проведения переговоров с Путиным.

Мирного решения не будет.",,,
29843,Народные советы ДНР и ЛНР ратифицировали договоры о принятии республик в состав в России и образовании новых субъектов,,,
29844,Бойцы 3-й бригады НМ ДНР уничтожают опорный пункт ВСУ из ПТРК,,,
29845,"⚡️**Совфед единогласно одобрил конституционный закон о принятии ДНР, ЛНР, Херсонской и Запорожской областей в состав России**",,,
29846,"⚡️**Совфед одобрил ратификацию договоров о принятии ДНР, ЛНР, Херсонской и Запорожской областей в состав России**",,,
29847,"Утро не принесло ясности о происходящем на фронте. На севере наши подразделения продолжают теснить с рубежа на Осколе к новой линии обороны Сватово-Кременная. Такое развитие событий предсказывалось еще до потери Лимана, он был опорной точкой сопротивления по Осколу. 

На юге ВСУ уперлись в Дудчаны, вернее даже во взорванную нашими подразделениями дамбу, по которой они могли переправиться, см. карты от @rybar.

Прямым текстом о причинах отступления говорят сразу несколько источников:

@voenacher: Кризис на криворожском направлении был вызван огромным перевесом ВСУ в живой силе и технике. Два, далеко не полнокровных бата на 20+ км фронта, когда по учебнику 10. 

@RSaponkov: Отсутствие ротации. Подразделения 126 бригады с марта месяца в боях. Бойцы в лучшем случае съездили в отпуск на 5 дней. Постоянные бои, ранения, из состава семь месяцев подряд выбивало опытных и обстрелянных. Чудес не бывает, какими бы героями не были наши воины, если деревню обороняет 15 человек.

Для понимания, даже два полноценных батальона по 500 человек на 20 километров фронта - это по 20 метров на человека. Если же в батальонах треть состава, что не редкость - то это уже по 60 метров на человека. Сами понимаете, если у вас 20 человек держат более километра фронта - их можно и без стрельбы объехать.

По Боевому уставу Сухопутных войск СССР 1982 года район обороны мотострелкового батальона – до 5х3 км; 1964 года - до 5х2 км. Две роты в первом эшелоне и одна во втором.

@SergeyKolyasnikov",,,
29848,"**НАТО предупредило страны — члены альянса, что Россия может провести ядерные испытания на границах с Украиной и тем самым «продемонстрировать готовность применить оружие массового поражения», сообщает The Times.**

По словам высокопоставленного источника издания в сфере обороны, в НАТО полагают, что испытания могут пройти в Черном море. Это было бы более вероятно, чем применение тактического ядерного оружия на Украине, пишет газета: хотя такой сценарий «не исключен», он сопряжен со значительными рисками, в том числе для самой России, в случае ошибки пострадать могут российские города, сообщил собеседник Times.",,,
29849,"Прилёты по объекту инфраструктуры в Харькове💥
В городе частично пропало электричество.",,,
29850,"По поводу прилётов в критическую инфраструктуру Харькова.

Повторимся в десятый раз. 

Войну не выиграть пока на Украине можно: 

А) Зарядить танковый/автомобильный аккумулятор

Б) Хохол может читать интернет

С) Гонять ЖД составы электровозами.",,,
29851,"Если вам вдруг интересно, кризис на криворожском направлении опять был вызван огромным перевесом ВСУ в живой силе и технике, а не каким-то военным гением. 

Два, далеко не полнокровных, бата на 20+ км фронта, когда по учебнику 10. Это надо было постараться до такой ситуации всё довести, а потом удивляться.",,,
29852,"Я тут только что узнал, что МО РФ очень РЕВНИВО относится к помощи волонтеров армии и предупреждает руководство на местах, что оно не приветствует подобной практики. 

Как по мне это самое глупое, что МО РФ могло выдумать в этой ситуации. И это вместо СПАСИБО...

 И почему меня это не удивляет???",,,
29853,"Пока небыло интернета, только мама знала, что Вовочка долб%еб 🤡",,,
29854,"Один из сотрудников центра управления полетами, космической миссии ЗСУ по инсеминации Плутона, не выдержал колоссального давления....",,,
29855,"Штаты в ближайшее время объявят, что отправят на Украину еще четыре РСЗО M142 HIMARS в рамках нового пакета вооружений на сумму $625 млн — Reuters.",,,
29856,На Госуслугах появилась возможность подать заявку в добровольцы.,,,
29857,"""Невежда так же в ослепленье
Бранит науки, и ученье,
И все научные труды,
Не чувствуя, что он вкушает их плоды""

""Свинья под дубом"". Крылов",,,
29858,"Светило украинской дипломатии Андрей Мельник, само собой, не мог пройти мимо постов Илона Маска",,,
29859,"Главным Навозным крысам вручили медальки.

Какая страна, такие и герои 🤡",,,
29860,"С той стороны порцию здравомыслия не оценили.

Впрочем, никто и не удивлён. Там уже давно своя реальность.",,,
29861,"Маск продолжает гнуть свою линию.

Кстати, считается ли использование «Старлинка» согласием с его позицией о том, что Крым — это часть России?",,,
29862,"Самое главное, что нам даст мобилизация, так это возможность создавать полноценные группировки закрепления. После создания таковых ( настоящих), прорывы малых групп и обрушения фронтов будут практически невозможным. Любой прорыв будет купироваться, а группы  планомерно уничтожаться. 

Опять же остановлюсь на том, что в инженерном смысле все должно делаться в полном соотвествии с военной наукой: настоящие блиндажи, ложные позиции техники, маскировка, минирование возможных путей подхода и т.д. Для прорыва подобной обороны и достижения оперативного успеха, противнику придётся вводить крупные силы на узком участке. Что тут же отразится как на его потерях ( авиация и артиллерия у нас все-таки есть), а также даст возможность обнаруживать направление главного удара с куда более высокой степенью вероятности. 

С другой стороны опираясь на хорошо подготовленную группировку закрепления, вести атакующие действия гораздо проще. Можно спокойно выбирать направление удара, ловить противника на контратаке и даже «заходить на плечах» в его оборонительный район.

Обтекающие узлы обороны действия высокоманевренных групп врага, станут по большому счёту хоть и неприятным, но не опасным явлением. Мы сами столкнулись с подобным в первые месяцы СВО, когда насыщенная тербатами и мобрезервом линия обороны противника, заставила забуксовать наши атакующие порядки и в конце-концов это привело к тому, что мы полностью потеряли темп наступления.",,,
29863,"Читая историю Великой Отечественной, особенно про начальный ее этап постоянно натыкался на такую вещь: противник ударил в стык такой то и такой то армии, прорвал оборону. Со временем с этой болезнью справились, в боевой устав записали, что за стык отвечает сосед справа и в конце-концов закончили войну в Берлине. 

Прошло 80 лет, хохол пытается находить стык, бьет туда малыми силами, выходит в тылы. Части и подразделения, которые вполне могли бы сдерживать противника,начинают беспорядочно отступать. Дело даже не в численном превосходстве противника и уж тем более не в военном гении Залужного, военный гений положил такое количество солдат, что через какое-то время ему про это вспомнят, особенно учитывая реалии политической обстановки. Дело в том, что умные книжки надо читать, а не ставить в рабочем кабинете в качестве предмета интерьера. Да и вообще книги и саморазвитие гораздо важнее сурового вида, командного голоса и умения делать подьем с переворотом 25 раз.",,,
29864,Польские подстилки ущимились,,,
29865,Вечерний Владлен. 3.09.2022г,,,
29866,"Илон Маск предложил свое видение мира на Украине:

— Проведение повторного референдума в присоединенных к России регионах под эгидой ООН (и общемировое признание их результатов);

— Сохранение Крыма в качестве части России, «как это было с 1783 года (до ошибки Хрущева)».

— Гарантии водоснабжения Крыма;

— Нейтральный статус Украины.

На трухе лютый пожар по этому поводу. Ещё забавнее, что половина аудитории Маска согласна с предложением.",,,
29867,"Террористические силы Украины выпустили две ракеты по центру Донецка, одну сбила ПВО, вторая упала в районе ТЦ Континент",,,
29868,"По поводу очередного наезда на военкоров, о котором сегодня писал наш дорогой друг [Рыбарь](https://t.me/rybar/39667). 

Военкоры наполняют информационное поле нужным, актуальным и полезным контентом, который мотивирует наших бойцов и наше общество, и демотивирует врага. 

Некоторые неофициальные телеграмм каналы эффективно собирают и анализируют данные, которые имеют оперативный интерес, интерес для разведки, из открытых источников информации (OSINT).

Многие военкоры стали посредниками в передаче разведывательных данных между местными жителями на оккупированных территориях и нашим командованием на разных уровнях. Ведь, местные жители, которые за нас и хотят нам помочь, отправляют информацию о перемещении, дислокации и количеству сил и средств противника только тем, кого знают и в ком уверенны. Они понимают, что рискуют свободой или жизнью. И кому они их будут отправлять, как не популярным российским военкорам, которых жители точно знают.

Военкоры обращают внимание на реальные проблемы и участвуют в их решении. Вспомним ситуации с квадрокоптерами. Военкоры и блогеры подняли хай и начали собирать средства на закупку квадрокоптеров для войск. И ситуация выровнялась, что даже публично было признано нашими врагами. 

Но самое важное, что делают военкоры и популярные админы авторских телеграм-каналов – снятие социальной напряжённости в войсках и обществе. Когда повсеместно есть проблемы и они замалчиваются, то участники, страдающие от этих проблем, думают, как их решать на своём уровне самостоятельно. Начинается брожение и протестные настроения. Однако, когда проблема обсуждается в публичном информационном поле - социальное напряжение снижается. Ведь все понимают, что, если проблема обсуждается публично, значит её рано или поздно решат. 

Военкоры и админы взяли на себя роль громоотвода. Риск озвучивать проблемы. Потому, что так надо. Потому, что это помогает, это работает. Официалам стоило бы самим чаще озвучивать серьёзные проблемы, о которых и так все знают, или хотя бы просить блогеров это делать для снижения социального напряжения. Но для этого нужно понимание ситуации и смелость взять на себя малейшую ответственность за такую просьбу. Проще играть в молчанку и ни за что не отвечать. Но молчанка в военное время очень опасна.    

@NeoficialniyBeZsonoV",,,
29869,"⚡️**Госдума приняла федеральный конституционный закон о принятии ДНР, ЛНР, Херсонской и Запорожской областей в состав России**",,,
29870,"Кременная - Сватово

Противник начал увеличивать активность в районе дороги Кременная - Сватово. Формирования режима могут попробовать ударить в районе Чернопоповки, чтобы блокировать линию коммуникации и обойти Кременную.  

@epoddubny",,,
29871,**⚡️Договор о вхождении Херсонской и Запорожской областей в состав РФ также единогласно ратифицирован Госдумой**,,,
29872,⚡️**Договор о вхождении ЛНР в состав РФ также единогласно ратифицирован Госдумой**,,,
29873,⚡️**Госдума единогласно ратифицировала договор о вхождении ДНР в состав РФ**,,,
29874,"Лавров, выступая на заседании Госдумы: «Теперь наступил момент истины. Мы реагируем не на выдуманные угрозы в далеких странах, мы защищаем свои границы, свою Родину, весь наш народ».",,,
29875,"В предложку написал боец группы ""О"":

Видим сколько грязи льется на нашего руководителя - командующего группировкой Отважных генерала Лапина. У нас нет времени читать все ваши фантазии в телеграм-каналах, такое может говорить только тот, кто его не знает, но мы та группа, которая всегда находится с генералом Лапиным, мы за правду!!!

Наш командующий всегда с нами рядом, не вылазит с переднего края, лично руководит всеми действиями. На Лиманское направление его бросили исправлять критическое положение уже тогда, когда притворные дивизии ЗВО (а их уже все на фронте знают) бросали свои позиции. Спасать ситуацию Лапин должен был без наших родных соединений, с ним прибыло всего 10% группировки Отважных, я среди них.

Оборону строили буквально с колёс. Противник бросил на то, что осталось от ЗВО и нас, основные силы ВСУ, перевес у них в 15 - 20 раз. И при этом соотношении, в явном меньшинстве, мы бились три недели!

На видео - наступление с форсированием Северского Донца в мае. До противника - 800 метров. Вопреки мнению людей, сидящих в своих резиденциях и теплых местах, Лапин со своими на передовой!",,,
29876,"Комитет Госдумы по делам СНГ, евразийской интеграции и связям с соотечественниками поддержал ратификацию международных договоров о принятии Луганской и Донецкой народных республик, а также Херсонской и Запорожской областей в состав РФ.

В Госдуме определены депутаты-координаторы по новым территориям: Виктор Водолацкий (ЛНР), Дмитрий Саблин (ДНР), Андрей Красов (Запорожская область) и Глеб Хор (Херсонская область).",,,
29877,"**Военком Белгородской области отправлен в отставку из-за проблем с организацией пунктов для мобилизованных в регионе

**Как стало известно Readovka, военного комиссара Белгородской области Валерия Грицая, вопреки опровержениям, которые сегодня публикуют СМИ, все-таки отправили в отставку — произошло это еще несколько дней назад. Причина в том, что места, предназначенные для пребывания мобилизованных в регионе, оказались не подготовлены к их прибытию — состояние пунктов вызывает много вопросов. 

Кроме того, в области было ошибочно мобилизовано более 160 человек. Однако, как сообщил губернатор Вячеслав Гладков в своих соцсетях, 145 из них уже вернулись домой. По словам главы региона, в каждом центре назначены специальные сотрудники для оказания поддержки матерям и женам мобилизованных. Власти стараются быстро реагировать и оказывать помощь.",,,
29878,"Проекты законов о вхождении в состав РФ Донецкой и Луганской народных республик, Запорожской и Херсонской областей одобрены комитетом Госдумы по госстроительству и законодательству — официально",,,
29879,"Запорожская область входит в РФ в своих административных границах, а Херсонская область — с двумя районами Николаевской области, заявил  Председатель комитета Госдумы по государственному строительству и законодательству Павел Крашенников",,,
29880,"В Кремле подтвердили, что ЛНР и ДНР входят в состав РФ в границах 2014 года",,,
29881,Очередная группа добровольцев и мобилизованных резервистов из Дагестана отправляется на полигоны для прохождения боевой подготовки,,,
29882,"Глава МИД Польши подписал ноту в адрес Германии с требованием репараций за ущерб во Второй Мировой войне.

Немец стерпит.",,,
29883,"Обнаружено место падения еще одного челнока. По фрагментам не понятно, Svinovoz 1M или Bandervagen. Пока понятно только одно, космическое агентство укрорейха опять несет потери в покорителях Плутона. На фото - пораженный астронавт, с позывным Тарасик. Не знаю,  из какой он призывной волны. Видимо из золотой, как дождь. Вообще не понятно,  почему их челноки так страдают в плотных слоях русской атмосферы.  ЗСУ ты космос!

@ZOV_SILA_RF",,,
29884,"Су-24 салоВВС на российском Донбассе. 
Характерно измазан в цвет мочи.",,,
29885,"Пункты приема обращений по вопросам, связанным с поступлением иностранцев на военную службу по контракту, открыты в помещениях территориальных органов МВД России и региональных филиалах «Паспортно-визового сервиса»",,,
29886,Женщина погибла при обстреле со стороны Вооруженных сил Украины приграничного села Головчино в Белгородской области — губернатор региона Вячеслав Гладков,,,
29887,"🇺🇦🇷🇺**Российские минометы уничтожили солдат ВСУ в Херсонской области** 

Кадры обстрела украинского подразделения опубликовал канал ставропольских десантников. 

Корректировал удар расчёт разведывательного беспилотника.

@anna_news",,,
29888,МО показывает пуски Искандеров.,,,
29889,Звуки взрывов в Никополе Днепропетровской области 💥,,,
29890,"А ещё Тарас туповатый был, бортовой на воздухозаборнике замазал а вот на киле нет. 
И теперь мы знаем что Тарас был из 114 бригады.",,,
29891,"Вечер мертвых лётчиков салолюфтвафе. 

И снова знакомьтесь. Редькин Тарас. Заместитель командира эскадрильи. 

Точно так же как и полковник выше ныне закатан в цинк.",,,
29892,"Укры наступают на Херсонском направлении. Уверен, что в ближайшие дни появится ещё 1-2 участка фронта, где укры попробуют наступать. Укровское командование показывают чудеса стратегии и полководческие таланты? – НЕТ! Они действуют бесхитростно, имея полноту разведданных, а на них работает вся разведка НАТО, они накапливают ударные группы в тех местах, где у нас «тонко» и бьют. Там, где наши подразделения оказывают сопротивление у укров ничего не выходит, и они несут огромнейшие потери. Но потери для них не важны, у них много мяса. Главное, что они ничего не выдумывают, а используют наши ошибки. Плюс они действуют так, как мы в 2014 году против ВСУ. Дерзко, уверенно и наверняка. Только у нас тогда не было того, что есть у укров. 

Лучше поздно, чем никогда, но нам нужно готовить к обороне прифронтовые города и посёлки. Готовиться к городским боям. Для городских боёв очень важна мотивация. Командирам нужно наконец объяснить своим бойцам в чём смысл этой войны. Объяснить, что если не остановить врага здесь и сейчас, то его придётся останавливать на пороге их домов. И их города очень быстро могут стать прифронтовыми. И дело не в Донбассе или Украине. Эта война более глобальна и начата много лет назад западом. Украина обманом, но добровольно согласилась стать полем битвы между НАТО и Россией. Или мы победим на территории бывшей Украины, или придётся побеждать на территории России. Каждый боец должен это понимать – он пошёл на войну, чтобы война сама не пришла к нему в дом.     

@NeoficialniyBeZsonoV",,,
29893,"Полковник украинских ВВС Михаил Матюшенко. 

Не понял что не надо залазить в кабину против бывших коллег. 

Отправлен в родную Бучу в цинке.",,,
29894,"Кстати, вернёмся к коптерам. Вот у нас любят кричать, даёшь свой аналог Мавик-3 ! Вы в курсе, что по абсолютно тупорылым ГОСТам их даже к испытаниям бы не подпустили? Подошёл бы лампас-приёмщик и спросил, где защита от мороза -60, где броня от ядерной войны?!",,,
29895,"Кстати, импотенция это не только про хуй.",,,
29896,"Вы будете смеяться, но о концентрации ВСУ на правом фланге докладывали ))))) 

Но, местному биг боссу было похуй, он неповерил ))

Кстати,  в том же месте нижестоящие офицеры докладывали и о том, что их пасёт байрактар, но биг босс опять не верил, пока ЗРК Тор 2шт не сбил.

https://t.me/boris_rozhin/65889",,,
29897,"Уничтожение колонны ВСУ под Давыдовым Бродом

@rusich_army",,,
29898,"На Бериславском направлении ВСУ продолжают наступать большими силами на новые рубежи обороны. 

Ситуация тяжёлая.",,,
29899,"ДНР и ЛНР входят в состав РФ в административных границах 2014 года, установленных в их конституциях, говорится в проектах",,,
29900,"Что интересно по **западным образцам вооружения**, которые попадают в умелые руки наших оружейных (и не только) специалистов и раскрывают им свои тайны, **практически все они не прошли бы российскую военную приёмку**.
Однако, обождите радоваться. 
Суть в том, что (по мнению диванных экспертов) ряд российских систем вооружения имеют слишком завышенные требования. Например, условное ""изделие А"" конструктивно должно быть готово для использования при температурах от минус 60 до плюс 60 градусов Цельсия. Чтобы ""изделие А"" достигло такой готовности, в него закладываются элементы конструкции, которые обеспечат работоспособность системы при указанных температурах. Эти конструктивные элементы, допустим, увеличивают массу изделия, повышают его стоимость, требуют более высоких технологий для изготовления. И всё вроде бы хорошо, но эксплуатация показывает, что 99,99% случаев его использования (или боевого применения) приходятся на температурный диапазон условной средней полосы России, допустим, от минус 20 до плюс 25 градусов Цельсия. А **температурные режимы**, **находящие в 10-15 градусах от максимально заявленных**, даже по теории вероятности **практически не наступают никогда**. 
Однако, заказчик, не считаясь с теорией вероятности, продолжает требовать от разработчика и промышленности создания систем, способных действовать во всех температурных режимах. Чего бы это не стоило. Как будто абсолютно всё вооружение будет использоваться исключительно в рейдах по Долине Смерти в Калифорнии или в боях за Оймякон в Якутии. 
На минуточку, представим себе, сколько народных денег ушло/уходит в придании условному ""изделию А"" способностей, **которые не будут реализованы никогда**. Улавливаете мысль?
Если бы заказчик требовал от разработчика и промышленности специализированное оружие для жары или холода (а мы понимаем, что его много не потребуется), а всё остальное, например, создавали под средние температуры, какая была бы экономия.
Я к тому, что по ряду иностранных систем, попавших в руки российских специалистов, наблюдается именно такая усреднённость. Да, условный NLAW не полетит в Оймяконе. Но зато он очень неплохо летит в средней полосе. А если не принимать во внимание западно-военную коррупцию, то он и стоил бы кратно меньше, чем условный российский аналог, ""не имеющий аналогов"". 
Вот думаю тут, а если заказчик сдвинет к нулю крайние температурные точки до усреднённых значений температурных режимов территорий, где обычно проходят боевые действия, насколько это позволит уменьшить себестоимость и сократить производственный цикл условного ""изделия А"", особенно в период истории, равноценный мобилизации промышленности по типу ""всё для фронта, всё для победы""?
Поправьте, если я где-то в этом тексте не прав.
***
И да, речь не только про температуру. Температура - как пример. Есть много других удивительных показателей.",,,
29901,"Путин внес на ратификацию в Госдуму договоры о вхождении ЛНР, ДНР, Херсонской и Запорожской областей в Россию",,,
29902,"Подразделения из мобилизованных резервистов и добровольцев проходят подготовку на полигонах в тыловых районах зоны СВО, а затем отправится на подмогу нашим бойцам на передовой",,,
29903,"Более 180 человек, подлежащие частичной мобилизации и желающие выехать из Россию в Грузию, получили повестки на границе, сообщил заместитель военного комиссара Северной Осетии Абрил Абдуллаев.

На границе с Грузией работает оперативная группа по призыву. Гражданам РФ, подлежащим частичной мобилизации, вручают повестки и разъясняют нормы соответствующего закона РФ. В республике сохраняется режим повышенной готовности.",,,
29904,"Ну шо, понаступали? 
Опять доноры нужны",,,
29905,Полиция начала проверку по факту видео этой чмони.,,,
29906,"На Херсонско-Николаевском направлении ВСУ потеряли много людей и техники, попытки наступления прекратили, выдохлись.

На Бериславском (Криворожском) направлении тяжёлые бои продолжаются.",,,
29907,"Выборы парламентов ДНР, ЛНР, Запорожской и Херсонской областей пройдут в единый день голосования в сентябре 2023 года.

Путин назначит врио глав четырех новых регионов в течение 10 дней со дня их принятия в состав РФ.",,,
29908,"Запорожская и Херсонская области считаются принятыми в РФ в качестве отдельных субъектов со своими нынешними названиями.

Главы Херсонской и Запорожской областей будут именоваться губернаторами.",,,
29909,"Переходный период для интеграции новых субъектов с Россией действует до 1 января 2026 года, говорится в постановлениях Конституционного суда.

Граждане Украины и лица без гражданства, проживающие в ДНР, ЛНР, Херсонской и Запорожской областях, признаются гражданами РФ, говорится в постановлениях Конституционного суда.",,,
29910,"ДНР и ЛНР вошли в состав России в статусе республик с русским языком в качестве государственного, следует из текста постановлений Конституционного суда",,,
29911,"Вот и Саша Коц пишет о той же самой тупорылой системе согласования. Никто там ниче реформировать не хочет случайно, чтоб быстро как у НАТО, без я начальник - ты дурак?",,,
29912,"Госдума 3 октября обсудит проекты конституционных законов о принятии новых субъектов в РФ и рассмотрит проекты о ратификации договоров о принятии в РФ ДНР, ЛНР, Херсонской области и Запорожья, сообщил Володин.",,,
29913,"[Отличный текст у ДОРОГОГО БРАТА](https://t.me/vysokygovorit/9604) Старше Эдды. Особенно бомбит от ""согласования удара"", это главный пиздец в том, что выстроило МО. 

Пример: лётчик, допустим Ка-52, вдруг увидел справа от своего сектора, в 2-ух км, танк. Понимает по силуэту что это Т-64, понимает, что своих там нет и быть не может, но пустить ракету самостоятельно он не имеет права. Экипаж уходит на, так называемые, круги согласования. Вот раз круг, вот два, вот три и спустя хуеву гору цепочек всяких согласований, цель что? Правильно. УЕЗЖАЕТ.",,,
29914,"⚡️Конституционный суд одобрил пакет документов о принятии ДНР, ЛНР, Херсонской и Запорожской областей в состав РФ",,,
29915,Мобилизованные резервисты со всей страны проходят боевую подготовку на полигонах в ДНР,,,
29916,На Криворожском направлении 126 бригада отбивается от наступления ВСУ. Опять вопреки всему чему только можно.,,,
29917,"Посмотрел и дико проорал. Тупо сявки под гаражик на балконе. 
Тут просто , пффффф",,,
29918,"Помните разгон по пабам о мисс Крым 2022? 

Не берём в расчёт то, что она уебищная. Это мелочи. 
Видео к просмотру для понимая что она не только внешне уебище.",,,
29919,Геранька прилетела по объекту инфраструктуры в Кривом Роге 💥,,,
29920,"🇷🇺🇺🇦 **Уничтоженная колонна ВСУ под Давыдовым Бродом **

Днем ВСУ предприняли очередную попытку наступления на **Давыдов Брод.** На этот раз они атаковали не только со стороны Белогорки, но и наведенной переправы в **Белой Криннице. **

Всего на оборонительные порядки наступало до 50 единиц как легкобронированной техники, так и пикапов-«тачанок». На кадрах видно перепаханное снарядами поле под **Давыдовым Бродом** и брошенную колонну украинской техники.

Среди брошенной техники можно разглядеть несколько бронеавтомобилей «Козак», а также французский БТР VAB (4x4). Продвижение противника было остановлено силами воинов-дальневосточников, артиллеристов и армейской авиации.

__Все наши видео мы выкладываем на наш __[__канал на RuTube__](https://rutube.ru/channel/27303810/)__ и нашей __[__странице в VK__](http://vk.com/rybar_force)

#видео #дайджест #Донецк #Лиман #Луганск #Россия #Украина
@rybar

__*Поддержать нас:__ `4377 7278 0407 7977 `|` 0x4739352b67Da6F4064757627D92A08EaDd3fb6b6 `(ETH) |` 33i1BwMuzeYTAUNtiLa6CjvaHtTVYNJfnp `(BTC)",,,
29921,На Криворожском направлении тяжёлые бои,,,
29922,"За вечер прочел кучу всего в обе стороны, от продолжения обвинений в адрес Лапина (не ездил на фронт! сидел в тылу!) до его выгораживания (лично возглавил ДРГ и ловил диверсантов!)

Печально это. И первое - не недостаток для командующего уровня округа, не его дело постоянно лезть на передовую и пугать там сержантов вперемешку с заблудившимися полковниками, и второе не достоинство - ловить диверсов он может только помешать.

Повторюсь, я не сталкивался лично с Лапиным, я могу судить, какой он командующий, хорошо ли подготовлен, образован, как относится к подчиненным, коллегам и начальству, и тд.

Но я могу судить об организации управления ВС в целом, о внутри- и межвидовом взаимодействии, о системе обеспечения, о системе выдвижения кадров и многом другом, в силу многолетнего опыта изучения отечественной и иностранных армий. 

У нас многое что хорошо, у нас никогда не было недостатка в понимающих командующих и начальниках штабов с чувством времени, можно назвать в каждом роде оружия имена стратегов и визионеров, понимавших если не в деталях то в целом требования эпохи и необходимые шаги, которые должны быть предприняты для развития. Кому-то везло больше, кому-то нет.

Сейчас у нас не самый лучший период, когда армию в полуреформированном состоянии полуразвернули полуобратно, что привело к ситуации синергии недостатков без достоинств. 

Армия в глубочайшем системном кризисе, и меняться должна полностью.

Этой армии нужен не полководец, они есть. Ей нужен администратор, вне и над системой, с весом, способным проломить и вес ОПК, и лобби отдельных видов оружия, гордых своими беретами, и вопли губернаторов, неизбежные при сворачивании и перепрофилировании тех или иных производств. И упрямством, которое позволяет ломать это под задуманный план, не корректируя его после набега очередной стаи плакальщиков за традиции и «деды завещали».

Таким весом в России может обладать только глава государства, а с таким упрямством их у нас по пальцам сосчитать.",,,
29923,"Работа группы ""Вагнера"" на Бахмутском направлении.",,,
29924,"Министр обороны ФРГ Кристине Ламбрехт прибыла в субботу с необъявленным визитом в Одессу, где встретилась со своим украинским коллегой Алексеем Резниковым и пообещала поставить ""в ближайшие дни"" Киеву системы ПВО IRIS-T SLM — телеканал Welt",,,
29925,"Вот-вот, когда у парадно-потешной кантемировки и тамани ЗВО вместо боевой подготовки ежегодный дроч к параду, покраска танков, строевая, и прочая залупа, то о каких, нахуй, успехах в войне можно говорить? А ещё слайды и отчёты, которыми заваливают офицеров...у нас системная проблема в МО! Спросите у любого офицера! Проверяющие приезжают в части и что? Да им зачастую абсолютно похуй на то, как выполняются боевые задачи на полигоне, комиссия идёт ебать офицеров за документооборот! Всё, на сегодня хватит. Отмобилизуемся и вопреки абсолютно всему дадим пизды нашим врагам.

https://t.me/milinfolive/91203",,,
29926,Вадим Самойлов («Агата Кристи») выступил с концертом для наших мобилизованных резервистов в Тюмени,,,
29927,"В чем [причина](https://t.me/+LxTJ7_6D-xBhNTIy) оставления Лимана и кто [виноват](https://t.me/+LxTJ7_6D-xBhNTIy)?

Хотим  от всей души посоветовать Вам нашего знакомого - очень злого журналиста-политолога 😡

Пишет о СВО и дает качественную аналитику мировых событий

В своем [телеграм канале](https://t.me/+LxTJ7_6D-xBhNTIy) вещает без моральных барьеров и трактором проходится по Украине

Очень [Злой журналист](https://t.me/+LxTJ7_6D-xBhNTIy). Советую⬇️

[t.me/zloy_zhurnalist](https://t.me/+LxTJ7_6D-xBhNTIy)",,,
29928,"**Про Лапина

**Знаю товарища генерала еще по Сирии. В 2017 году его люди арестовали меня в пустыне, я 4 часа провел в заботливых руках парней из ЦВО.

С «Отважными» работаем с июня месяца. Жили на передовой и видели все своими глазами. Лисичанск пал благодаря усилиям ЦВО. Изначально предполагалось штурмовать Лисичанск в лоб, как и Северодонецк. Генерал Лапин настоял на планомерном окружении.

После потери Волчеяровки украинцы стали оттягивать свои силы из Лисичанска. Затем мужики из ТЫЛОВОГО! округа замкнули окружение в районе Белогоровки и еще 2 дня добивали ВСУшников, которые выходили к своим. Благодаря этому маневру уличных боев в Лисичанске удалось избежать.

К Лапину могут быть претензии, но его точно нельзя упрекнуть в трусости. Александр Павлович всегда управлял войсками, в непосредственной близости от ЛБС. В Белоговровку он приехал на машине с водителем и охранником! Все! При этом он проезжал мимо пылающей МТЛБ, которую подорвали украинские диверсанты. Через сутки наш штаб разобрал украинский танк.

Когда противник малыми группами стал переправляться через Оскол, генерал Лапин возглавил отряд спецназа и поехал отлавливать ДРГшников. Так что дело вовсе не в трусости и некомпетентности отдельного генерала. Проблема в системах связи и управления. И боюсь, здесь даже сил Лапина не хватило, хоть он и пытался исправить ситуацию. 

Александр Харченко",,,
29929,"**‼️🇷🇺 Об обвинениях **[**Рамзана Кадырова**](https://t.me/RKadyrov_95/2911)** в адрес командующего ЦВО Александра Лапина в отступлении у Лимана по-справедливости необходимо опровергнуть неправду:

**Все выводы эмоционального текста главы Чечни строятся на неверной информации: генерал **Лапин НЕ КОМАНДОВАЛ ОБОРОЙ ЛИМАНА и не ОТСИЖИВАЛСЯ В ТЫЛАХ**.
 
▪️Обвинять в отступлении на Харьковском направлении, генерала, который не руководил обороной данного участка, а был брошен  на него **С НЕБОЛЬШОЙ ЧАСТЬЮ СВОИХ ВОЙСК**, как подкрепление и последняя попытка исправить сложнейшую ситуацию на фронте - крайне ошибочно.
▪️Александр Лапин никогда не отсиживался в тылах. Это могут подтвердить все, кто с ним когда-либо сталкивался. Будь то Сирия, будь то Украина, где **это знают практически все бойцы группировки ""О""**. Наверно это единственный командующий группировкой, который с начала операции находится в боевых порядках своих войск. Поэтому заявление, что Лапин отсиживался в Луганске **- это неправда.
**▪️Искать виновных конечно же нужно, но обвинять во всём командующего, чьей зоной ответственности был совершенно другой участок фронта - это совершить грубейшую ошибку, из которой в итоге не получится сделать правильных выводов.

**Бойцы группировки ""Отважные""
****t.me/RVvoenkor**",,,
29930,"Мнение Рыбаря о ситуации на западном направлении и о причинах сдачи Красного Лимана не понравится многим. 

Но в очередной раз скажу: если мы не говорим сами себе правду, мы запускаем процесс самоуничтожения.

""Нечестивые не пребудут пред очами Твоими: Ты ненавидишь всех, делающих беззаконие.
Ты погубишь говорящих ложь""

https://t.me/rybar/39621",,,
29931,"🇷🇺 Что ж, в российском информационном пространстве начался информационный переворот против Минобороны России — точнее его руководства и командования на местах. 

В одном ряду Рамзан Кадыров, Евгений Пригожин, подконтрольные Лубянке каналы, представители силовиков всех мастей — от Росгвардии до ВС РФ, подключаются депутаты Госдумы — выходцы из Минобороны России. 

Всех не устраивает одно: сработавший накопительный эффект от многолетних «успешных» докладов от командования на местах. Сейчас это вылилось в очередной провал на фронте. 

Подобные попытки всколыхнуть общество были и до этого. Но сейчас они инициированы сверху. Будет ли от этого толк — покажет время. 
#Россия 
@rybar

__*Поддержать нас:__ `4377 7278 0407 7977`",,,
29932,"Нашли стрелочника, который командуя тыловым округом (самая старая техника, например Т-72Б), брал этот Лиман, Северодонецк-Лисичанск, при постоянном кадровом голоде. 

Может дело в том, что у Лапина просто книги Суворова и отсутствие админ ресурса, а других телефонная книга с полезными телефончиками ?",,,
29933,"**🇷🇺🇺🇦 О причинах провала в Балаклее, Купянске, Изюме и Лимане

**Мы с сожалением прочли новость о том, как глава Чечни **Рамазан Кадыров** [обвинил](https://t.me/RKadyrov_95/2911) в крахе Лиманского фронта командующего войсками Центрального военного округа **Александра Лапина**, который был ответственен за оборону на Харьковском направлении после «перегруппировки». 

Есть такая хорошая пословица: «выше головы не прыгнешь». И в данной ситуации абсолютно применимо в генерал-полковнику **Александру Лапину**, который на передовой в зоне СВО бывает __регулярно__. 

С Лапиным довелось столкнуться лично ещё в Сирии, во время первого взятия Пальмиры. На наших глазах русский генерал тащил за шиворот сирийских карикатурных военачальников на передний край, разбивал об их головы рации, когда те не могли доложить, где их сбежавшие войска. 

Мы __можем__ допустить мысль, что Лапин просто не сумел справиться с **профнепригодными войсками Западного военного округа**. 

**Это и есть то самое олицетворение пословицы «Выше головы не прыгнешь».** 

У нас за исключением 20 общевойсковой армии парадно-демонстративные войска ЗВО **оказались небоеготовы**. 

Здесь есть вина как личного состава, жившего в тепличных условиях (в меньше степени), так и командиров, культивировавших эти условиях и не сумевших перестроиться к современным реалиям (в гораздо большей степени виновных) — даже ценой потерь. 

«Легендарная» 1 танковая армия как начала своё бегство из Харьковской области, так его и продолжила, обрушив фронт к северо-западу от Лимана. А мощи и силы «пожарных команд» из других войск так и не хватило. 

Если на это наложить ещё проблемы взаимодействия между объединениями, соединениями, видами и родами Вооруженных Сил, то картина складывается удручающая. 

Пора признать, что в специальную военную операцию мы вступили с полностью небоеготовым (за исключением отдельных соединений) округом. И начать что-то делать, чтобы исправить ситуацию. 

Дадим подсказку: кинуть необученных мобилизованных затыкать дыры на фронте будет шагом в корне неправильным. Нужны другие меры и другие решения. 
#Россия #Украина
@rybar

__*Поддержать нас:__ `4377 7278 0407 7977`",,,
29934,"**Стремление Украины присоединиться к НАТО не является главным вопросом в настоящий момент** — Жозеп Боррель в интервью испанскому телеканалу «24 Horas». 

По его мнению, желание Киева вступить в альянс можно понять, «но это не основной вопрос на данный момент».",,,
29935,"Присоединение к России ДНР, ЛНР, Запорожской и Херсонской областей делает практически невозможным завершение конфликта вокруг Украины — Жозеп Боррель",,,
29936,Если хотите — события на фронте есть констатация фактической ошибки не начать мобилизацию в марте.,,,
29937,"❗️🇷🇺🇺🇦** Обстановка на Лиманском направлении 
**__по состоянию на 15.00 1 октября 2022 года

__К середине дня стало очевидно: принято решение о выводе войск и оставлении **Лимана**. 

После появления видео с восточной окраины **Заречного** с подорванным мостом (`49.021573, 37.952583`), который заняли ВСУ, стало ясно, что вся «дорога жизни» уже находится под контролем ВСУ.

Российская артиллерия продолжает работать по подходящим подразделения ВСУ, но если раньше внимание было сосредоточено на Лимане, то теперь цель украинских формирований — блокирование **Кременной** и взятие под контроль водохранилищ на реке **__Жеребец__**.

Вероятнее всего, в скором времени возобновится активная фаза наступления ВСУ со стороны **Купянска **и **Редкодуба **на **Сватово**, через которых проходят маршруты снабжения ВС РФ.

Потеря Лимана — это, в первую очередь, серьёзный репутационный урон Российской Федерации. Потому что со вчерашнего дня это уже территория России (даже несмотря на то, что договоры пока не ратифицированы — это не так важно), а не просто освобождённые территории Украины или Донецкой Народной Республики.

В околовоенных кругах обсуждают, что вот после ратификации 5го октября начнётся полномасштабные боевые действия: в воздух поднимут широкую номенклатуру вооружений и военной техники, будет устроен ад на Западной Украине и уж тогда заживём. 

Знаете, если это всё __есть__ и этим не воспользовались в рамках СВО, то почему кто-то решил, что 5го числа нечто изменится?

[**Карта в высоком разрешении

**](https://rybar.ru/piwigo/upload/2022/10/01/20221001120008-23f2f505.jpg)[**English Version

**](https://rybar.ru/piwigo/upload/2022/10/01/20221001120010-9b1315aa.jpg)#дайджест #Донецк #Лиман #карта #Россия #Славянск #Украина #Харьков
@rybar

__*Поддержать нас: __`4377 7278 0407 7977` | `0x4739352b67Da6F4064757627D92A08EaDd3fb6b6` (ETH) | `33i1BwMuzeYTAUNtiLa6CjvaHtTVYNJfnp` (BTC)",,,
29938,"❗️🇷🇺🇺🇦** Обстановка на Лиманском направлении 
**__по состоянию на 14.00 1 октября 2022 года

__ВСУ сконцентрировали основные усилия на трёх участках дорог: **Лиман — Заречное**, **Торское — Кременная**, **Торское — Сватово**. Грамотно распределив силы, украинские формирования сосредоточились на перерезании линий коммуникаций российских войск.

Одновременно с этим продолжилось продавливание российских оборонительных порядков в самом **Лимане**, **Ставках**, северной окрестности **Ямполя** и вдоль** «дороги жизни»**.

▪️К полудню 1 октября ВСУ удалось физически перерезать дорогу **Торское — Сватово** и сковать силы ВС РФ боем в районе **Тернов**.

▪️Был поднят украинский флаг на западном въезде (`49.012093, 37.772098`) в **Лиман**: как минимум, 20% города к тому моменту контролировалось противником. Об этом свидетельствует отсутствие звуков стрелкового боя и артиллерийских ударов на западном въезде в город. 

Бои сместились в центр и восточную часть **Лимана**, южную окраину **Ставков**, северную окраину **Ямполя**. Сообщение между **Торским** и гарнизоном **Лимана** блокировано огнем.

▪️ВС РФ наносят удары по **Заречному (Кировску)**, в которое вошли украинские формирования. Именно через Заречное проходит дорога Лиман — Торское. 

▪️Дорога **Торское — Кременная** находится под постоянным огневым контролем ВСУ, украинские маневренные группы пытаются связать боем российские подразделения.

🔻Несмотря на предпринимаемые российским командованием меры, получилось в лучшем случае замедлить продвижение украинских войск. Переломить ход боёв за Лиман на данном этапе **не удаётся**.

[**Карта в высоком разрешении

**](https://rybar.ru/piwigo/upload/2022/10/01/20221001105321-795243b0.jpg)[**English Version

**](https://rybar.ru/piwigo/upload/2022/10/01/20221001105324-25ee629a.jpg)#дайджест #Донецк #Лиман #карта #Россия #Славянск #Украина #Харьков
@rybar

__*Поддержать нас: __`4377 7278 0407 7977` | `0x4739352b67Da6F4064757627D92A08EaDd3fb6b6` (ETH) | `33i1BwMuzeYTAUNtiLa6CjvaHtTVYNJfnp` (BTC)",,,
29939,"Глава «Нафтогаза» заявил, что Украина в следующем году может перейти с природного газа на отопление мусором и биомассой.

Второе – это аудитория трухи?",,,
29940,"Владимир Путин присвоил звание Героя России первому замглавы администрации Херсонской области Алексею Катериничеву, погибшему при украинском ракетном ударе.",,,
29941,На Криворожском направлении ВСУ пошли в наступление силами одного пехотного и танкового батальона в направлении Нововоронцовка-Дутчаны.,,,
29942,"Под Лиманом продолжаются тяжёлые бои, точной информации по нему нет. Сам город судя по всему держится. Ночью хохол предпринимал попытки давить северо-восточнее, они вышли на Ямполовку и оттуда пытались окружить Терны. Бой был таким плотным и на таком коротком расстоянии, что противоборствующие стороны слышали отдаваемые голосом команды .",,,
29943,"Глава Минобороны ФРГ заявила о планах наращивания военной помощи Молдавии

""Мы готовы увеличить помощь на повышение квалификации молдавских военных, а также предоставить вооружение, которое необходимо стране в текущей ситуации"", - сказала министр.",,,
29944,"1 октября — День Сухопутных войск ВС РФ.

С Праздником!",,,
29945,"Конституционный суд начал проверку конституционности договоров о принятии в состав России четырех новых субъектов — ДНР, ЛНР, Запорожской и Херсонской областей.",,,
29946,Подготовка мобилизованных на полигонах Донбасса.,,,
29947,"Турция не будет признавать вхождение ДНР, ЛНР, Запорожской и Херсонской областей в состав России, как не признала в 2014 году и присоединение Крыма, говорится в заявлении турецкого МИДа.

«Решение [о признании], которое является грубым нарушением устоявшихся принципов международного права, не может быть принято нами», — сказано в сообщении.",,,
29948,"Пожар на объекте после удара дрона. Всего сообщают о 4х взрывах 

обн. Прилёты дронов по целям в Николаеве продолжаются",,,
29949,Ещё пикирование и удар Гераньки по цели в Николаеве,,,
29950,Лёгким движением руки перемога превращается в тотальную зраду,,,
29951,Ещё звук полета «Герани-2» в Николаевской области,,,
29952,Именно так звучит летящая к цели «Герань-2»,,,
29953,Пожар на объекте в Николаеве после прилёта Гераньки.,,,
29954,"Над Николаевом был слышен пролёт дрона камикадзе ""Герань-2"", после чего последовал взрыв. На месте удара разгорается пожар",,,
29955,"— США вынесли на голосование в СБ ООН проект резолюции с осуждением референдумов в Донбассе.

— Россия наложила вето на резолюцию США и Албании в Совбезе, не признающую итоги референдумов в новых регионах РФ.

Вот и поговорили.",,,
29956,"Сейчас не время для проведения процесса по принятию Украины в НАТО, сообщили в Белом доме",,,
29957,"**""Теперь мой окоп - граница Российской Федерации"". **Съездил на передовую под Угледар. Взял с собой радиоприемник на батарейках. Это была гениальная идея. Ребята там в информационном вакууме. Света нет, интернет нужно где-то добыть. Слушали радио, как встарь, молча, не отрываясь. Два раза вставали - почтить память павших и во время подписания документов о вхождении. Пишу репортаж.",,,
29958,☝🏼Правильная карта.,,,
29959,Тревога по всей Украине и подконтрольной Киеву части российской территории,,,
29960,"**Конгресс США принял закон, включающий выделение Украине новой помощи на 12,4 миллиардов долларов, в том числе:

**— 4,5 миллиардов долларов в фонд экономической помощи для поддержания работы украинского правительства;

— 3 миллиарда долларов на военную поддержку Украины, включая обучение военных, поставки оружия и оборудования и логистику;

— 2,8 миллиарда долларов на операции американских военных в Европе, включая поддержку работы миссии, разведывательные операции, оплату службы военных и закупку оборудования;

— 1,5 миллиарда долларов чтобы восполнить собственные военные запасы США, сократившиеся из-за поставок Украине;

— 0,5 миллиарда долларов чтобы производство критически значимых вооружений для замещения отправленных Украине.",,,
29961,"Получается Зеленскому зря на улицу выносили стол, ручку, листок и микрофон?",,,
29962,"Очень сильная речь Ивана Охлобыстина на сегодняшнем праздничном концерте в Москве, советуем послушать",,,
29963,"Владимир Путин подписал указ об осеннем призыве граждан РФ на военную службу.

На всякий случай напоминаем, что ежегодный осенний призыв на срочную службу никто не отменял. Не падайте в обморок. 😊",,,
29964,"Путин: «Мы стали сильнее, потому что мы вместе! За нами правда, а в правде — сила, а значит — победа. Победа будет за нами!»",,,
29965,Тем временем на Красной площади верховный главнокомандующий поет гимн России вместе с главами 4-х новых субъектов нашей страны,,,
29966,"Ну шо, сынку, помогло тебе твоё НАТО?",,,
29967,"⚡️ **ВНИМАНИЕ! Историческое выступление генсека НАТО Йенса Столтенберга по поводу ситуации на Украине:

**— НАТО осуждает аннексию украинской территории Россией, но альянс** не является** стороной конфликта;

— Вхождение Донбасса, Запорожья и Херсонщины в состав РФ не меняет решимости НАТО поддерживать Украину;

— Каждая демократическая страна имеет право подавать заявку в НАТО, но решение будут принимать консенсусом все страны-члены альянса;

—  Сейчас мы **не можем** принять Украину в НАТО, это решение принимается путем совещания 30 стран-партнеров.",,,
29968,"За Лиман идёт встречный бой, резервы брошенные на деблокирование подошли.",,,
29969,"Клоун Подоляк в эфире украинского телевидения [рассказал](https://t.me/historywarweapon/18092), что подача заявления на вступление в НАТО — это просто «фиксация направления развития нашей архитектуры безопасности», само вступление будет после «победы в войне», во избежание её повторения. Самое главное — дайте нам ещё больше оружия.",,,
29970,"Наши братья из армейской авиации получили очередные подарки от вас. 
Группа огневой поддержки особенно благодарит за шикарные тепловизоры VENOX OKO LRF 640. 

Так же розданы отличные аптечки, ремни на АК, НПЛы, перчатки и ботинки.",,,
29971,Десятки тысяч людей собрались на Красной площади праздновать вхождение новых регионов в состав России,,,
29972,Проблему по мобилизации сотрудников ВПК решили на правительственном уровне. Военкомам ознакомиться.,,,
29973,"Ах ты подписал? Смотри, я тоже подпишу! У меня тоже есть ручка и листок! Страна перефорс. 

P.S. всегда ору за чела слева, который съел всех оппозиционеров.",,,
29974,"Зеленский заявил, что Украина не будет проводить с Россией никаких переговоров, пока Путин президент",,,
29975,"Кадры РИА Новости с передовой под Красным Лиманом. Наши корреспонденты, проехав от Кременной до Торского, подтверждают, что село под полным контролем союзных сил.",,,
29976,"ВСУ начали массированный ракетный налёт на Новую Каховку, а их моторизированные части пытаются прыгнуть на Андреевку, Криворожское направление.",,,
29977,"Зеленский заявил, что Украина сегодня подает заявку на вступление в НАТО в ускоренном порядке",,,
29978,"Путин подписал указ об упрощенном приеме в гражданство иностранцев, заключивших контракты на военную службу",,,
29979,"**Жители Луганска со слезами на глазах встречают новость об официальном присоединении Республики к России

**Луганчане с неподдельной радостью встречают новый этап в жизни их города и всей Народной Республики. Здесь все — овации, слезы счастья и пение теперь уже и их государственного гимна.",,,
29980,Обновленные политические карты на 30.09.22,,,
29981,"На фоне сегодняшних событий как же жалко выглядят эти потуги... 

P.S. в Крыму всё тихо",,,
29982,"Дневной Владлен из Кремля.

30.09.2022г",,,
29983,"Еврокомиссия считает, что уезжающие из России в связи с мобилизацией россияне также могут представлять угрозу безопасности стран ЕС",,,
29984,Запись исторической церемонии подписания договоров о вхождении новых регионов в состав России,,,
29985,"Дорога через Торское на Лиман под контролем союзных войск. Украинцев остановили в районе Ивановки. Противник бросает в бой все новые резервы, но парни из ЗВО при поддержке частей ЦВО и корпусов Народной милиции держатся достойно. Сейчас можно констатировать, что украинцам так и не удалось выполнить основную задачу - а именно занять Лиман к 30 сентября. 

Александр Харченко",,,
29986,"😉Дмитрий Анатольевич медленно моргает, плохой знак !",,,
29987,"Путин и главы ДНР, ЛНР, Херсонской и Запорожской областей подписали договоры о принятии в состав России",,,
29988,Началась церемония подписания документов о вхождении в состав России новых территорий,,,
29989,Речь Путина о Западе сегодня - это Мюнхенская речь 2007 на максималках.,,,
29990,"**За нами правда, за нами Россия! — Путин**",,,
29991,"Начавшийся слом западной гегемонии необратим, как раньше уже не будет — Путин",,,
29992,"Путин: «Поле битвы, куда нас позвала история — это битва за наш народ, за большую историческую Россию, за наших детей, внуков и правнуков. Сегодня мы сражаемся за то, что никому не пришло в голову, что русский язык и культуру можно вычеркнуть».",,,
29993,"До богатств РФ Запад смог добраться в конце XX века. Мы все помним, ничего не забыли. Нас называли друзьями, а на самом деле относились, как к колонии, заявил Путин",,,
29994,Мир вступил в период революционных трансформаций — Путин,,,
29995,"Путин обращается к россиянам: «Разве мы хотим, чтобы у нас в России был Родитель №1, №2, совсем спятили что ли? Разве мы хотим, чтобы нашим детям вдалбливали, что есть какие-то гендеры, кроме пола?»",,,
29996,"Путин о тех, кто готов жить по правилам США: «Политические мазохисты и другие последователи нетрадиционных политических отношений»",,,
29997,"Сейчас идет сдерживание Вашингтоном России, Китая и Ирана, на очереди другие страны, а также нынешние партнеры и союзники США — Путин",,,
29998,"Англосаксам уже мало санкций, они перешли к диверсиям, фактически приступили к уничтожению общеевропейской инфраструктуры — Путин о взрывах на «Северных потоках»",,,
29999,"США единственные в мире дважды применили ядерное оружие и **создали прецедент**, заявил Путин",,,
30000,"Россия не будет жить по правилам Запада с уже даже не двойными, а тройными стандартами — Путин",,,
