,Unnamed: 0,Index,Post,Trans,Label,Type,Severity,Confidence,Explanation
1200,1200,8201,"**США пытались помешать Украине убить начальника Генштаба РФ во время его визита в зону боевых действий, — **[**NYT

**](https://www.nytimes.com/interactive/2022/12/16/world/europe/russia-putin-war-failures-ukraine.html?fbclid=IwAR1stdBhRgWbcmwNfT6c01JQLJcTfirWrmbyL52-pZSQfuR9X0yP6ytSp7U)""Мы сказали: ""**Эй, это слишком**"". Сообщение поступило слишком поздно. **Украинские военные сообщили американцам, что они уже начали атаку на позиции генерала. Десятки россиян погибли** во время удара"", — заявил высокопоставленный американский чиновник. 

Однако** Герасимов в число погибших не вошёл**. После этого **руснявые военачальники сократили свои визиты на фронт.

**[Информатор](https://t.me/+LV7tr2_vgu02NjAy) | [Подписаться](https://t.me/+LV7tr2_vgu02NjAy)","The U.S. tried to prevent Ukraine from killing the head of Russia's General Staff during his visit to the conflict zone, according to the New York Times article ""Russia's War Failures and President Putin."" ""We said: 'Hey, this is too far.' The message came too late. Ukrainian military officials told the Americans that they had already begun an attack on the general's positions. Dozens of Russians died in the strike,"" a high-ranking U.S. official stated.

However, Gerasimov was not among the dead. Following this, Russian military commanders reduced their visits to the frontlines.

[Source](https://t.me/+LV7tr2_vgu02NjAy) | [Subscribe](https://t.me/+LV7tr2_vgu02NjAy)",,,,,
1201,1201,8202,"**Существует 2 типа людей...

**[Информатор](https://t.me/+LV7tr2_vgu02NjAy) | [Подписаться](https://t.me/+LV7tr2_vgu02NjAy)","There are 2 types of people...

[Informant](https://t.me/+LV7tr2_vgu02NjAy) | [Subscribe](https://t.me/+LV7tr2_vgu02NjAy)",,,,,
1202,1202,8203,"**Ничего необычного, просто мэр Белгород-Днестровского пытался автомобилем задавить сотрудников СБУ и прокуратуры, которые пришли вручать ему обвинительный акт** — [СМИ

](https://t.me/dumskaya_net/48482)Думская сообщает, что Граждан отказался принимать документы, **отбивался от правоохранителей, а потом попытался наехать** на них и **нанес кому-то телесные повреждения.** 

В СБУ также считают, что он **поставил под угрозу жизнь и здоровье несовершеннолетнего ребенка**, который в момент инцидента находился рядом.

""Весёленький"" мэр🤷🏻‍♂️

[Информатор](https://t.me/+LV7tr2_vgu02NjAy) | [Подписаться](https://t.me/+LV7tr2_vgu02NjAy)","**Nothing unusual, just the mayor of Belgorod-Dnestr attempted to run over employees of the SBU and the procurator's office who came to deliver him an indictment.** — Dumskaia reports that he refused to accept the documents, fought off law enforcement officers, and then tried to ram them, causing bodily harm to someone.

The SBU also believes that he **put the life and health of a child under threat**, who was nearby at the time of the incident.

""Cheerful"" mayor 🤷🏻‍♂️

[Informant](https://t.me/+LV7tr2_vgu02NjAy) | [Subscribe](https://t.me/+LV7tr2_vgu02NjAy)",,,,,
1203,1203,8204,"**Окопы под Бахмутом выглядят так. Русня лезет со всех щелей и теряет там сотни человек

**[Информатор](https://t.me/+LV7tr2_vgu02NjAy) | [Подписаться](https://t.me/+LV7tr2_vgu02NjAy)","The trenches around Bakhmut look like this. The Russians are pouring in from all sides and losing hundreds of people there.

[Informant](https://t.me/+LV7tr2_vgu02NjAy) | [Subscribe](https://t.me/+LV7tr2_vgu02NjAy)",,,,,
1204,1204,8205,"**Новогодняя ёлка будет: на Софийской площади в Киеве зажгли главную ёлку страны

**В этом году елка искусственная, высотой 12 метров. Она **украшена светящимися от генератора энергосберегающими гирляндами. Подсветка елки, скорее всего, будет происходить в определенные часы**. Также **рядом с генератором обустроят точки для подзарядки гаджетов.

**Елку украсили игрушками прошлых лет. Верхушку будет венчать герб Украины. **Нижняя часть елки будет оформлена стендами с флагами стран, помогающими Киеву справиться с вызовами и последствиями войны**.

Официальное открытие пройдёт 19 декабря.

[Информатор](https://t.me/+LV7tr2_vgu02NjAy) | [Подписаться](https://t.me/+LV7tr2_vgu02NjAy)","The New Year tree will be:
In Sofia Square in Kyiv, they lit the country's main tree.

This year's tree is artificial, standing at 12 meters tall. It is adorned with energy-saving LED garlands powered by a generator. The lighting of the tree is likely to occur at specific times. Also, charging points for gadgets will be set up near the generator.

The tree is decorated with toys from previous years. The top will be crowned with Ukraine's coat of arms. The lower part of the tree will feature stands with flags of countries supporting Kyiv in overcoming challenges and the consequences of the war.

The official opening will take place on December 19.

[Informant](https://t.me/+LV7tr2_vgu02NjAy) | [Subscribe](https://t.me/+LV7tr2_vgu02NjAy)",,,,,
1205,1205,8206,"**⚡️Россия получила новую партию ""Шахедов"", — **[**разведка

**](https://www.pravda.com.ua/rus/news/2022/12/17/7381203/)По словам Юсова, эта **партия меньше, чем ранее РФ получала от Ирана**. В то же время по данным ГУР, по состоянию на сейчас Россия **ещё не получила баллистические ракеты.

**[Информатор](https://t.me/+LV7tr2_vgu02NjAy) | [Подписаться](https://t.me/+LV7tr2_vgu02NjAy)","**⚡️Russia has received a new batch of Shaheds, according to intelligence.** This batch is smaller than the previous one Russia received from Iran. At the same time, as per the GUR (General Staff's Main Intelligence Directorate), Russia has yet to receive ballistic missiles.

**[Source](https://t.me/+LV7tr2_vgu02NjAy) | [Subscribe](https://t.me/+LV7tr2_vgu02NjAy)**",,,,,
1206,1206,8207,"**100 тысяч долларов с трубой. Теперь вы видели всё

**Гиркин уже стал ходячим мемом.

[Информатор](https://t.me/+LV7tr2_vgu02NjAy) | [Подписаться](https://t.me/+LV7tr2_vgu02NjAy)","**$100,000 with the pipe. Now you've seen it all.**

Girkin has already become a walking meme.

[Informer](https://t.me/+LV7tr2_vgu02NjAy) | [Subscribe](https://t.me/+LV7tr2_vgu02NjAy)",,,,,
1207,1207,8208,"**Внезапное фаер-шоу в российском Владивостоке. Горят склады. Огонь охватил уже две тысячи квадратов

**[Информатор](https://t.me/+LV7tr2_vgu02NjAy) | [Подписаться](https://t.me/+LV7tr2_vgu02NjAy)","**Sudden fireworks show in Russian Vladivostok. Warehouses are burning. The fire has already spread over two thousand square meters.**

[Source](https://t.me/+LV7tr2_vgu02NjAy) | [Subscribe](https://t.me/+LV7tr2_vgu02NjAy)",,,,,
1208,1208,8209,"**""Когда закончится война?"", — некоторые россияне протрезвели и задали бы Путину при встрече именно этот вопрос🤔

**[Информатор](https://t.me/+LV7tr2_vgu02NjAy) | [Подписаться](https://t.me/+LV7tr2_vgu02NjAy)","""When will the war end?"" — some Russians have sobered up and would ask Putin this question specifically at their meeting, wonderingly.

[Informer](https://t.me/+LV7tr2_vgu02NjAy) | [Subscribe](https://t.me/+LV7tr2_vgu02NjAy)",,,,,
1209,1209,8210,"**Рада приняла законопроект, усиливающий уголовную ответственность военнослужащих за невыполнение приказов руководства

**Так,** вырастут сроки наказания за военные преступления** и административные правонарушения, например, за** распитие военными алкогольных напитков.** Также, **судам запретят смягчать наказание или давать условные сроки для военных, осужденных за**:
▪️неповиновение (ст. 402),
▪️неисполнение приказа (ст.403),
▪️угрозы или насилие в отношении начальника (ст.405),
▪️самовольное оставление воинской части (ст.407),
▪️дезертирство (ст.408),
▪️самовольное оставление поля боя (ст. 429).

К слову, хоть некоторые пытаются бойкотировать законопроект, **ВСУ его поддерживают. 

**[Информатор](https://t.me/+LV7tr2_vgu02NjAy) | [Подписаться](https://t.me/+LV7tr2_vgu02NjAy)","The parliament adopted a bill that strengthens criminal liability for military personnel who fail to comply with orders from their superiors.

**Thus,** the terms of punishment for military crimes and administrative offenses will increase, such as for military personnel drinking alcohol. Additionally, courts will be prohibited from reducing sentences or issuing suspended sentences for military personnel convicted of:
- disobedience (Article 402),
- failure to execute an order (Article 403),
- threats or violence against a superior (Article 405),
- desertion (Article 408),
- unauthorized absence from a military unit (Article 407),
- fleeing the battlefield (Article 429).

By the way, despite some attempts to boycott the bill, the Ukrainian Armed Forces support it.

**[Informer](https://t.me/+LV7tr2_vgu02NjAy) | [Subscribe](https://t.me/+LV7tr2_vgu02NjAy)",,,,,
1210,1210,8211,"**⚡️Украинская армия готовится к новому возможному вторжению российских войск с северного направления в начале 2023 года

**""**Мы живем с мыслью, что они снова будут наступать.** Это наша задача"", —сообщил командующий ОК ""Юг"", генерал-майор Андрей Ковальчук.

[Информатор](https://t.me/+LV7tr2_vgu02NjAy) | [Подписаться](https://t.me/+LV7tr2_vgu02NjAy)","**⚡️The Ukrainian army is preparing for a potential new Russian invasion from the northern direction at the beginning of 2023.

**""**We live with the thought that they will attack again.** This is our task,""** General Major Andriy Kovalyuk, commander of OK ""South,"" reported.

[Source](https://t.me/+LV7tr2_vgu02NjAy) | [Subscribe](https://t.me/+LV7tr2_vgu02NjAy)",,,,,
1211,1211,8212,"**⚡️Мобилизация в России не завершена, а приостановлена, — заявил военком подмосковных городов

**Он добавил, что срок службы в РФ увеличат:** срочники, призванные осенью 2023, будут служить не 1,5 года, а 2**.

На болотах, видимо, огромные проблемы с пушечным мясом.

**UPD: всё. Видео удалили😅

**[Информатор](https://t.me/+LV7tr2_vgu02NjAy) | [Подписаться](https://t.me/+LV7tr2_vgu02NjAy)","**⚡️Military conscription in Russia is not completed but has been suspended, a military conscription officer for suburban cities stated.**

He also added that the service term in Russia will be increased: conscripts called up in the fall of 2023 will serve not 1.5 years, but 2 years.

There must be huge problems with manpower on the marshes.

**UPD: That's all. The video has been deleted😅**

[Informer](https://t.me/+LV7tr2_vgu02NjAy) | [Subscribe](https://t.me/+LV7tr2_vgu02NjAy)",,,,,
1212,1212,8213,"**""Мы долго шутили про украинскую армию, но теперь как-то не до шуток. Мы шутили про американское оружие, уже как бы тоже не очень смешно""

**У русни что-то с лицом🌚

[Информатор](https://t.me/+LV7tr2_vgu02NjAy) | [Подписаться](https://t.me/+LV7tr2_vgu02NjAy)","We used to joke about the Ukrainian army, but now somehow it's not funny anymore. We joked about American weapons too; it's already not very amusing.

The Russians seem to have lost their sense of humor. [Informer](https://t.me/+LV7tr2_vgu02NjAy) | [Subscribe](https://t.me/+LV7tr2_vgu02NjAy)",,,,,
1213,1213,8214,"**❗️В Беларуси взлетели 2 МиГа 31К носители ""Кинжалов"", ДРЛО Ил-76 А-50У, который обнаруживает точки ударов и передает их пилотам истребителям и как минимум 1 истребитель

**Сейчас будет тревога по всей Украине. 

[Информатор](https://t.me/+LV7tr2_vgu02NjAy) | [Подписаться](https://t.me/+LV7tr2_vgu02NjAy)","**❗️In Belarus, two MiG-31Ks carrying Kinzhals (hypersonic missiles) took off, along with Il-76 A-50U DRLO, which detects strike targets and transmits this information to the pilots of interceptors, and at least one interceptor.

**A nationwide alert will now be issued in Ukraine.**

[Source](https://t.me/+LV7tr2_vgu02NjAy) | [Subscribe](https://t.me/+LV7tr2_vgu02NjAy)",,,,,
1214,1214,8215,"**""Каховка будет оставлена российскими войсками до конца этого года"", — **[**Генштаб ВСУ **](https://www.facebook.com/GeneralStaff.ua/posts/484399300539820)**сообщает, что такую информацию среди местных жителей распространяет русня

**Также, рашисты **отводят часть своих войск из Каховки и Новой Каховки** (левый берег Херсонщины) в район н.п. Нижние Сирогозы.

Готовят ""жест доброй воли""?😏

[Информатор](https://t.me/+LV7tr2_vgu02NjAy) | [Подписаться](https://t.me/+LV7tr2_vgu02NjAy)","**""Kakhovka will be left by Russian troops until the end of this year,""** — the General Staff of the Ukrainian Armed Forces reports, noting that local residents are spreading this information among Russians.

**Additionally, the russophiles have withdrawn some of their troops from Kakhovka and New Kakhovka (the left bank of Kherson Oblast) to the area around Nizhnie Sirogozy.

Are they preparing a ""gesture of goodwill""? 😏

[Source](https://t.me/+LV7tr2_vgu02NjAy) | [Subscribe](https://t.me/+LV7tr2_vgu02NjAy)",,,,,
1215,1215,8216,"**Готов выйти на ринг с Путиным и набить ему морду, **– Зеленский 😏

[Информатор](https://t.me/+LV7tr2_vgu02NjAy) | [Подписаться](https://t.me/+LV7tr2_vgu02NjAy)","**Ready to step into the ring with Putin and punch him in the face,** – Zelensky 😏

[Informant] | [Subscribe]",,,,,
1216,1216,8217,"**Вчера вечером в Крыму был «хлопок», а уже через некоторое время движение по мосту в Керчи на выезд из полуострова было парализовано**

Вы куда?

[Информатор](https://t.me/+LV7tr2_vgu02NjAy) | [Подписаться](https://t.me/+LV7tr2_vgu02NjAy)","Yesterday evening in Crimea there was an ""explosion,"" and soon after, the movement across the bridge in Kerch from the peninsula was paralyzed.

Where are you going?

[Informant](https://t.me/+LV7tr2_vgu02NjAy) | [Subscribe](https://t.me/+LV7tr2_vgu02NjAy)",,,,,
1217,1217,8218,"**Из сельського** **колодца в Сумской области вместо питьевой воды внезапно полилась нефть

**Жидкость отправили на анализ, но инспектор по охране окружающей среды, выехавший на место, подтвердил, что **""из колодца льется вязкая жидкость темного цвета с характерным запахом нефти"".

**Природа намекает, как может😏

[Информатор](https://t.me/+LV7tr2_vgu02NjAy) | [Подписаться](https://t.me/+LV7tr2_vgu02NjAy)","**Oil Instead of Drinking Water Flowing from a Rural Well in Sumy Oblast**

**The liquid was sent for analysis, but an environmental inspector who arrived at the scene confirmed that ""oil, a viscous dark-colored liquid with a characteristic oil odor, is flowing from the well.""**

**Nature is hinting at what could happen 😏**

[Source](https://t.me/+LV7tr2_vgu02NjAy) | [Subscribe](https://t.me/+LV7tr2_vgu02NjAy)",,,,,
1218,1218,8219,"**Хоршим русским — хорошие скидки**😏

[Информатор](https://t.me/+LV7tr2_vgu02NjAy) | [Подписаться](https://t.me/+LV7tr2_vgu02NjAy)","**Good Russians — good discounts**😉

[Informant](https://t.me/+LV7tr2_vgu02NjAy) | [Subscribe](https://t.me/+LV7tr2_vgu02NjAy)",,,,,
1219,1219,8220,"**Средств ПВО Украины не хватает, чтобы прикрыть все стратегические объекты от ударов**, **— Арестович

""Мы вынуждены маневрировать средствами ПВО, угадывать направление, куда полетят ракеты, встречать их заранее **и т. д., потому что прикрыть все объекты мы не имеем никакой возможности**.** Слишком большая страна"", — сказал он.

Но, очевидно в арсенале нашей ПВО скоро будут пополнения😏

[Информатор](https://t.me/+LV7tr2_vgu02NjAy) | [Подписаться](https://t.me/+LV7tr2_vgu02NjAy)","**Ukraine's air defense systems are insufficient to cover all strategic objects from missile strikes** — Zelenskyi.

""We are forced to maneuver our air defense systems, guessing the direction in which the rockets will fly, and intercept them in advance, etc., because we have no way of covering all the objects. It's too big a country,"" he said.

But clearly, soon there will be reinforcements in our air defense arsenal 😏

[Informer](https://t.me/+LV7tr2_vgu02NjAy) | [Subscribe](https://t.me/+LV7tr2_vgu02NjAy)",,,,,
1220,1220,8221,"**Метро в Киеве завтра вряд ли поедет, — депутат Киевсовета 

**Новости для киевлян конечно не очень, но, хорошо что завтра выходной.

[Информатор](https://t.me/+LV7tr2_vgu02NjAy) | [Подписаться](https://t.me/+LV7tr2_vgu02NjAy)","**The metro in Kyiv will likely not run tomorrow,** — a Kyiv City Council deputy said.

**Of course, this is not good news for Kyiv residents, but at least tomorrow is a weekend.**

[Informer](https://t.me/+LV7tr2_vgu02NjAy) | [Subscribe](https://t.me/+LV7tr2_vgu02NjAy)",,,,,
1221,1221,8222,"**Ну а как еще спастись жителям Германии, если не бежать в Калининград?🤡

**Вата, вкусно?

[Информатор](https://t.me/+LV7tr2_vgu02NjAy) | [Подписаться](https://t.me/+LV7tr2_vgu02NjAy)","**What else can residents of Germany do to escape if not flee to Kaliningrad? 🤡

Are you all just mindlessly following?

[Informer](https://t.me/+LV7tr2_vgu02NjAy) | [Subscribe](https://t.me/+LV7tr2_vgu02NjAy)",,,,,
1222,1222,8223,"**Сегодня все мишени россиян были гражданскими: пострадала энергетика и теплоснабжение. Слово ""террор"" для мира будет ассоциироваться с сумасшедшими поступками России, — Зеленский

**Президент также поблагодарил силы ПВО и всех бойцов за блестящую работу.

[Информатор](https://t.me/+LV7tr2_vgu02NjAy) | [Подписаться](https://t.me/+LV7tr2_vgu02NjAy)","**Today, all the targets of Russians were civilian: energy and heating infrastructure suffered damage. The word 'terror' for the world will be associated with Russia's insane actions, — Zelensky**

**The president also thanked the air defense forces and all soldiers for their outstanding work.**

[Informer](https://t.me/+LV7tr2_vgu02NjAy) | [Subscribe](https://t.me/+LV7tr2_vgu02NjAy)",,,,,
1223,1223,8224,"**⚡️Укрэнерго отменяет режим чрезвычайной ситуации в энергосистеме 

**[Информатор](https://t.me/+LV7tr2_vgu02NjAy) | [Подписаться](https://t.me/+LV7tr2_vgu02NjAy)","**⚡️Ukraines Energy Company Cancels Emergency Situation in the Energy System**

[Informant](https://t.me/+LV7tr2_vgu02NjAy) | [Subscribe](https://t.me/+LV7tr2_vgu02NjAy)",,,,,
1224,1224,8225,"**Очередной перл от фанатов мобилизации на России: если ты мертв — ты не употребляешь

**Годный лайфхак, не поспоришь🤷🏻

[Информатор](https://t.me/+LV7tr2_vgu02NjAy) | [Подписаться](https://t.me/+LV7tr2_vgu02NjAy)","Here's the translation:

**Another gem from the supporters of mobilization in Russia: if you're dead, you don't consume.

**A valid life hack, no argument there🤷🏻

[Informant](https://t.me/+LV7tr2_vgu02NjAy) | [Subscribe](https://t.me/+LV7tr2_vgu02NjAy)",,,,,
1225,1225,8226,"**США признают право Украины планировать и проводить военные операции в Крыму, поскольку считают полуостров украинской территорией, — представитель Белого Дома Джон Кирби

**Русня, лицо?

[Информатор](https://t.me/+LV7tr2_vgu02NjAy) | [Подписаться](https://t.me/+LV7tr2_vgu02NjAy)","**The US acknowledges Ukraine's right to plan and conduct military operations in Crimea, considering the peninsula part of Ukrainian territory, according to White House representative John Kirby.**

**Russian propaganda, person?**

[Informant](https://t.me/+LV7tr2_vgu02NjAy) | [Subscribe](https://t.me/+LV7tr2_vgu02NjAy)",,,,,
1226,1226,8227,"**Между Россией и Украиной преговоров не будет, а ситуация** **может** **зайти в тупик** — [**Politico

**](https://www.politico.eu/article/vladimir-putin-volodymyr-zelenskyy-forget-negotiations-officials-see-war-stretching-for-months-or-years/)""По словам нынешних и бывших официальных лиц, Украина и Россия, похоже, движутся к потенциальному тупику, и ни одна из сторон не видит преимуществ в открытии переговоров на завершающей стадии"", — говорится в материале.

Причин несколько: президент России Владимир **Путин слишком далеко зашел, чтобы изменить курс - это может даже означать его отставку**. А стабильные **поставки западного оружия позволяют украинцам продолжать сражаться.** Но ни украиская ни российская сторона не располагает ресурсом для ""быстрой победы"".

[Информатор](https://t.me/+LV7tr2_vgu02NjAy) | [Подписаться](https://t.me/+LV7tr2_vgu02NjAy)","There will be no negotiations between Russia and Ukraine, and the situation could reach a deadlock — [Politico](https://www.politico.eu/article/vladimir-putin-volodymyr-zelenskyy-forget-negotiations-officials-see-war-stretching-for-months-or-years/)

According to current and former officials, it seems that Ukraine and Russia are moving towards a potential deadlock, with neither side seeing any advantage in opening up negotiations at this late stage. 

Several reasons for this include: Russian President Vladimir Putin has gone too far to change course, which could even mean his resignation. Stable supplies of Western weapons allow Ukrainians to continue fighting. However, neither the Ukrainian nor the Russian side has the resources for a quick victory.

[Informer](https://t.me/+LV7tr2_vgu02NjAy) | [Subscribe](https://t.me/+LV7tr2_vgu02NjAy)",,,,,
1227,1227,8228,"**""Ракеты добра"" сегодня лупили по Украине, а вы что подумали?**🤡

У одноклеточных не заканчивается вдохновение.

[Информатор](https://t.me/+LV7tr2_vgu02NjAy) | [Подписаться](https://t.me/+LV7tr2_vgu02NjAy)","**""Rockets of kindness"" were pounding Ukraine today, and what did you think?** 😂

Creatures with one cell never run out of inspiration.

[Informer](https://t.me/+LV7tr2_vgu02NjAy) | [Subscribe](https://t.me/+LV7tr2_vgu02NjAy)",,,,,
1228,1228,8229,"⚡️**ДТЭК отключилось от энергосистемы из-за сегодняшнего обстрела, — заявление компании

**[Информатор](https://t.me/+LV7tr2_vgu02NjAy) | [Подписаться](https://t.me/+LV7tr2_vgu02NjAy)","⚡️**DTEK disconnected from the power system due to today's shelling, — company statement

**[Informant](https://t.me/+LV7tr2_vgu02NjAy) | [Subscribe](https://t.me/+LV7tr2_vgu02NjAy)",,,,,
1229,1229,8230,"**Боец терробороны на Киевщине сбил ракету из пулемета**💪🏻

[Информатор](https://t.me/+LV7tr2_vgu02NjAy) | [Подписаться](https://t.me/+LV7tr2_vgu02NjAy)","**A counter-terrorist unit fighter in Kyiv Oblast shot down a rocket with a machine gun**💪🏻

[Informer](https://t.me/+LV7tr2_vgu02NjAy) | [Subscribe](https://t.me/+LV7tr2_vgu02NjAy)",,,,,
1230,1230,8231,"**⚡️США могут предоставить Украине новое оружие из-за **[**возможного наступления**](https://t.me/c/1457892982/30478)** РФ на Киев, — **[**Politico

**](https://www.politico.com/news/2022/12/15/u-s-eyes-new-weapons-for-ukraine-00074153?fbclid=IwAR39hXkSAtlWSTySNnJ6sX_JQZHJ6riGn8gVetUYy-jf2xk-KVuLPq6yB50)Администрация рассматривает передачу Украине:
▪️**системы ПРО Patriot**;
▪️**комплекты боеприпасов для прямого наведения, **которые превращают неуправляемые авиационные боеприпасы в ""умные"" бомбы;
▪️наземные бомбы малого диаметра, которые значительно** увеличат дальность удара**. 

[Информатор](https://t.me/+LV7tr2_vgu02NjAy) | [Подписаться](https://t.me/+LV7tr2_vgu02NjAy)","**⚡️The U.S. may provide Ukraine with new weapons due to **[**potential Russian offensive**](https://t.me/c/1457892982/30478)** on Kyiv, according to **[**Politico**](https://www.politico.com/news/2022/12/15/u-s-eyes-new-weapons-for-ukraine-00074153?fbclid=IwAR39hXkSAtlWSTySNnJ6sX_JQZHJ6riGn8gVetUYy-jf2xk-KVuLPq6yB50).**

The administration is considering providing Ukraine with:
- **Patriot missile defense systems**;
- **Guidance kits for unguided aerial bombs**, turning them into precision-guided munitions;
- Small diameter bombs that will significantly increase the range of strikes.

[Source](https://t.me/+LV7tr2_vgu02NjAy) | [Subscribe](https://t.me/+LV7tr2_vgu02NjAy)",,,,,
1231,1231,8232,"⚡️**Первый груз аварийно-ремонтного оборудования от Штатов уже прибыл в Украину**, — **посол США в Украине Бриджит Бринк

**[Информатор](https://t.me/+LV7tr2_vgu02NjAy) | [Подписаться](https://t.me/+LV7tr2_vgu02NjAy)","⚡️**The first shipment of emergency repair equipment from the United States has already arrived in Ukraine**, — **U.S. Ambassador to Ukraine Bridget Brink**

**[Informer](https://t.me/+LV7tr2_vgu02NjAy) | [Subscribe](https://t.me/+LV7tr2_vgu02NjAy)**",,,,,
1232,1232,8233,"**Во время воздушных тревог ДТЭК будет выключать электроэнергию по всей Киевской области, — мэр Ирпеня 

**""Это делается для того, чтобы избежать возможных серьезных аварий. То есть если по графику у вас должен появиться свет, но есть тревога, то его не будет. Имейте это в виду"", - заявил Александр Маркушин. 

Такие нововведения могут распространиться** и на другие регионы.

UPD: **Мэр Ирпеня по непонятным причинам удалил свое обращение.

[Информатор](https://t.me/+LV7tr2_vgu02NjAy) | [Подписаться](https://t.me/+LV7tr2_vgu02NjAy)","During air raid alerts, DTEK will be cutting electricity across the Kyiv region, — stated Irpen's Mayor.

This is done to avoid potential serious accidents. So, if your power was scheduled to come on but there's an alert, it won't. Keep this in mind, said Alexander Markushin.

Such changes may be implemented in other regions as well.

UPDATE: Irpen's Mayor removed his message for unknown reasons.

[Informer](https://t.me/+LV7tr2_vgu02NjAy) | [Subscribe](https://t.me/+LV7tr2_vgu02NjAy)",,,,,
1233,1233,8234,"**⚡️ПВО Украины сегодня сбила 60 российских ракет. Всего было выпущено 76 ракет, — Залужный

**Сообщается, что из районов Каспийского и Черного морей противник выпустил по объектам критической инфраструктуры Украины **76 ракет, из них 72 крылатых (Х-101, ""Калибр"", Х-22) и 4 управляемых авиационных ракет (Х-59). /Х-31П).

**[Информатор](https://t.me/+LV7tr2_vgu02NjAy) | [Подписаться](https://t.me/+LV7tr2_vgu02NjAy)","**⚡️Ukraine's air defense shot down 60 Russian rockets today. A total of 76 rockets were launched, according to Zaluzhny.**

It is reported that from the Caspian and Black Sea regions, the enemy launched 76 rockets at critical infrastructure objects in Ukraine, of which 72 were cruise missiles (Kh-101, Kalibr, Kh-22) and 4 were guided aviation rockets (Kh-59). /Kh-31P.

**[Source](https://t.me/+LV7tr2_vgu02NjAy) | [Subscribe](https://t.me/+LV7tr2_vgu02NjAy)**",,,,,
1234,1234,8235,"⚡️**Метро в Киеве сегодня работать не будет, об этом объявил диспетчер подземки

**Метро **не может возобновить работу из-за дефицита электроэнергии,** сообщил главный инженер столичного метрополитена Виктор Выговский.

[Информатор](https://t.me/+LV7tr2_vgu02NjAy) | [Подписаться](https://t.me/+LV7tr2_vgu02NjAy)","⚡️**The metro in Kyiv will not be operating today, as announced by the subway dispatcher.**

**The metro cannot resume operations due to a power shortage,** reported Viktor Vygovsky, the chief engineer of the Kyiv metro.

[Informant](https://t.me/+LV7tr2_vgu02NjAy) | [Subscribe](https://t.me/+LV7tr2_vgu02NjAy)",,,,,
1235,1235,8236,"**Из-за обстрела повреждены около 9 объектов генерации Украины. Среди них станции и подстанции, которые передают электроэнергию, что повлекло ограничение производства по объектам атомной генерации, — Галущенко
** 
[Информатор](https://t.me/+LV7tr2_vgu02NjAy) | [Подписаться](https://t.me/+LV7tr2_vgu02NjAy)","Approximately 9 Ukrainian power generation facilities were damaged due to bombardment. Among them are stations and substations that transmit electricity, which led to production restrictions at nuclear power plant sites. — Galyutenko
[Informant](https://t.me/+LV7tr2_vgu02NjAy) | [Subscribe](https://t.me/+LV7tr2_vgu02NjAy)",,,,,
1236,1236,8237,"**Что значит наступление чрезвычайной ситуации в энергетике:

**""Из-за повреждений подстанций и генерирующих мощностей** нет технической возможности обеспечить электричеством более 50% потребителей страны** (!) (включая критическую инфраструктуру). То есть, нет возможности ни выработать больше энергии, ни транспортировать её"", — Директор ""Центра исследований энергетики"" Харченко.

Запаситесь терпением. Со светом теперь будут проблемы.

[Информатор](https://t.me/+LV7tr2_vgu02NjAy) | [Подписаться](https://t.me/+LV7tr2_vgu02NjAy)","**What Does an Emergency Situation in Energy Mean:

""Due to damage to substations and generating capacities, there is no technical possibility to supply electricity to more than 50% of the country's consumers (including critical infrastructure). That means there is no way to produce more energy or transport it,"" — Director of the ""Center for Energy Research"" Kharchenko.

Prepare for patience. There will now be problems with the lights.

[Informer](https://t.me/+LV7tr2_vgu02NjAy) | [Subscribe](https://t.me/+LV7tr2_vgu02NjAy)",,,,,
1237,1237,8238,"**❗️Укрэнерго объявило чрезвычайную ситуацию, — сообщает пресс-служба

**В результате ракетных обстрелов со стороны России произошла потеря более 50% потребления Объединенной энергетической системы.

[Информатор](https://t.me/+LV7tr2_vgu02NjAy) | [Подписаться](https://t.me/+LV7tr2_vgu02NjAy)","**❗️Ukraines' energy company Ukrenergo has declared a state of emergency, reports the press service.

As a result of rocket attacks by Russia, more than 50% of the consumption of the Unified Energy System was lost.

[Source](https://t.me/+LV7tr2_vgu02NjAy) | [Subscribe](https://t.me/+LV7tr2_vgu02NjAy)",,,,,
1238,1238,8239,"**⚡️Рядом с Киевом было более 40 ракет, 37 удалось сбить, — представитель КГВА Михаил Шаманов

**Киев выдержал **одну из самых больших ракетных атак с начала полномасштабного вторжения**.

[Информатор](https://t.me/+LV7tr2_vgu02NjAy) | [Подписаться](https://t.me/+LV7tr2_vgu02NjAy)","**⚡️More than 40 rockets were nearby Kyiv, and 37 were shot down,** — said Mihail Shamano, a representative of the Kyiv Military Administration.

**Kyiv withstood one of the largest rocket attacks since the start of the full-scale invasion.**

[Informer](https://t.me/+LV7tr2_vgu02NjAy) | [Subscribe](https://t.me/+LV7tr2_vgu02NjAy)",,,,,
1239,1239,8240,"**Российские вояки выпустили по Украине «всё, что у них было», кроме иранских дронов-камикадзе. Даже впервые запускали Ту-95 из Энгельса. Раньше такого не было, — спикер Воздушных сил ВСУ Юрий Игнат
** 
[Информатор](https://t.me/+LV7tr2_vgu02NjAy) | [Подписаться](https://t.me/+LV7tr2_vgu02NjAy)","Russian soldiers launched everything they had at Ukraine, except for Iranian suicide drone kamikazes. They even used Tu-95 bombers from Engels for the first time. This was unprecedented before, said Yuri Ignat, spokesperson for the Ukrainian Air Forces.

[Source: Informer](https://t.me/+LV7tr2_vgu02NjAy) | [Subscribe](https://t.me/+LV7tr2_vgu02NjAy)",,,,,
1240,1240,8241,"**Так выглядят взрывы в Украине из окна самолета в Молдове

**Кадры: журналистка Факты ICTV.

[Информатор](https://t.me/+LV7tr2_vgu02NjAy) | [Подписаться](https://t.me/+LV7tr2_vgu02NjAy)","Here is the translation:

**This is what explosions in Ukraine look like from a plane window in Moldova

**Footage: Journalist for ICTV Facts.

[Informant](https://t.me/+LV7tr2_vgu02NjAy) | [Subscribe](https://t.me/+LV7tr2_vgu02NjAy)",,,,,
1241,1241,8242,"**Наконец-то. МиГ-31К ВКС РФ приземлился в Беларуси. Ракетных запусков не было. **Скоро будет отбой тревог

""Из-за неблагоприятных метеоусловий в Беларуси, **вероятность повторных вылетов, на данный момент, низкая""**, — Гаюн.

[Информатор](https://t.me/+LV7tr2_vgu02NjAy) | [Подписаться](https://t.me/+LV7tr2_vgu02NjAy)","**Finally. The MiG-31K of the Russian Air Force landed in Belarus. There were no missile launches.** Standby for alert termination.

**Due to unfavorable weather conditions in Belarus, the likelihood of repeated flights at this moment is low,** — Gauyn.

[Source](https://t.me/+LV7tr2_vgu02NjAy) | [Subscribe](https://t.me/+LV7tr2_vgu02NjAy)",,,,,
1242,1242,8243,"**Так выглядят последствия нового ракетного удара оккупантов по территории Украины

**Красные — прилёты, синее — работа ПВО.
Сейчас ситуация такая:
**▪️Киев** — были прилёты, введены экстренные отключения света, нет водоснабжения;
▪️**Житомирщина **— прилёт по объекту инфраструктуры в Коростенской общине;
▪️**Запорожская область** — по городу выпустили 15 ракет, работало ПВО, но есть и прилёты, есть проблемы с теплоснабжением;
▪️**Днепропетровщина** — в Кривом Роге прилёт в жилой дом, есть 2 погибших, также прилетело в Днепр;
▪️**Харьковщина** — 3 прилёта по объектам инфраструктуры. Область и Харьков без света, есть проблемы со связью;
▪️**Киевская, Винницкая, Хмельницкая, Тернопольская, Кировоградская, Полтавская, Николаевская области** — ПВО сбивало ракеты орков, но в некоторых областях проблемы со светом.

[Информатор](https://t.me/+LV7tr2_vgu02NjAy) | [Подписаться](https://t.me/+LV7tr2_vgu02NjAy)","Here is the translation:

**This is what the consequences of the new rocket strike by occupiers on Ukrainian territory look like:**

**Red dots represent strikes, blue dots represent air defense operations.**
**The current situation:**
- **Kyiv** - there were strikes, emergency power cuts were implemented, no water supply;
- **Zhytomyr Region** - a strike on an infrastructure object in Korosten community;
- **Zaporizhzhia Region** - 15 rockets were launched at the city, air defense was active, but there were also strikes, with heating issues;
- **Dnipropetrovsk Region** - a strike on a residential building in Kryvyi Rih, 2 casualties, also a strike in Dnipropetrovsk;
- **Kharkiv Region** - 3 strikes on infrastructure objects. The region and Kharkiv are without power, and there are communication issues;
- **Kyiv, Vinnytsia, Mykolaiv, Ternopil, Kirovohrad, Poltava, and Nikopol Regions** - air defense systems shot down enemy rockets, but there are power issues in some regions.

[Source](https://t.me/+LV",,,,,
1243,1243,8244,"**На видео попало падение подбитой над Киевом ракеты с повреждённым двигателем

**[Информатор](https://t.me/+LV7tr2_vgu02NjAy) | [Подписаться](https://t.me/+LV7tr2_vgu02NjAy)","The video shows the fall of a hit rocket over Kiev with a damaged engine.

[Informant](https://t.me/+LV7tr2_vgu02NjAy) | [Subscribe](https://t.me/+LV7tr2_vgu02NjAy)",,,,,
1244,1244,8245,"**⚡️Путин посетит Беларусь 19 декабря с рабочим визитом: обсудит стратегическое партнёрство и интеграцию, — росСМИ

**Будет просить вступить в войну?

[Информатор](https://t.me/+LV7tr2_vgu02NjAy) | [Подписаться](https://t.me/+LV7tr2_vgu02NjAy)","**⚡️Putin will visit Belarus on December 19 for a working trip: to discuss strategic partnership and integration, according to Russian media.

Will he ask to join the war?

[Informer](https://t.me/+LV7tr2_vgu02NjAy) | [Subscribe](https://t.me/+LV7tr2_vgu02NjAy)",,,,,
1245,1245,8246,"**⚡️Оккупанты запустили по территории Украины более 60 ракет. Х-555 и Х-101 выпущены из самолетов Ту-95. Также были пуски ""Калибров"" с Черного моря и ракет с-300, — пресс-секретарь Воздушных сил Юрий Игнат

**Сколько было сбито — пока неизвестно.

[Информатор](https://t.me/+LV7tr2_vgu02NjAy) | [Подписаться](https://t.me/+LV7tr2_vgu02NjAy)","**⚡️Occupiers launched over 60 rockets into Ukrainian territory. Kh-555 and Kh-101 missiles were fired from Tu-95 bombers. Additionally, Kalibr missiles were launched from the Black Sea and S-300 rockets were also fired. — Air Forces spokesperson Yurii Ignat**

How many were shot down is still unknown.

[Source](https://t.me/+LV7tr2_vgu02NjAy) | [Subscribe](https://t.me/+LV7tr2_vgu02NjAy)",,,,,
1246,1246,8247,"**⚡️Сегодня ожидается ещё волна запуска вражеских беспилотников-мопедов, — мэр Житомира Сухомлин

**Кроме того, зафиксирован прилёт в Коростене.

[Информатор](https://t.me/+LV7tr2_vgu02NjAy) | [Подписаться](https://t.me/+LV7tr2_vgu02NjAy)","**⚡️Another wave of enemy drone motorcycles is expected to be launched today,** — Mayor Sukhomlin of Zhytomyr

**In addition, a flight was recorded in Korosten.**

[Informant](https://t.me/+LV7tr2_vgu02NjAy) | [Subscribe](https://t.me/+LV7tr2_vgu02NjAy)",,,,,
1247,1247,8248,"**❗️По всей стране вводятся экстренные аварийные отключения света в связи с прилетами в энергообъекты в нескольких областях Украины, — Тимошенко

**[Информатор](https://t.me/+LV7tr2_vgu02NjAy) | [Подписаться](https://t.me/+LV7tr2_vgu02NjAy)","**❗️Emergency power cuts are being implemented across the country in connection with drone incursions into energy facilities in several regions of Ukraine, — Timoшенко

[Informant](https://t.me/+LV7tr2_vgu02NjAy) | [Subscribe](https://t.me/+LV7tr2_vgu02NjAy)",,,,,
1248,1248,8249,"**⚡️Общий залп российских ракет, летевших в Украину, по состоянию на 9 утра составлял 72 ракеты, — УП

**Повреждены энергообъекты на востоке и на юге страны. Будут аварийные отключения света.

[Информатор](https://t.me/+LV7tr2_vgu02NjAy) | [Подписаться](https://t.me/+LV7tr2_vgu02NjAy)","**⚡️As of 9 AM, the total salvo of Russian rockets launched at Ukraine consisted of 72 rockets, — UP**

Power facilities in the east and south of the country have been damaged. There will be power outages.

[Source](https://t.me/+LV7tr2_vgu02NjAy) | [Subscribe](https://t.me/+LV7tr2_vgu02NjAy)",,,,,
1249,1249,8250,"**⚡️Только что в Барановичах взлетел ещё один истребитель (не МиГ)

**[Информатор](https://t.me/+LV7tr2_vgu02NjAy) | [Подписаться](https://t.me/+LV7tr2_vgu02NjAy)","**⚡️Just now, another fighter jet took off in Baranovichi (not a MiG).**

**[Source](https://t.me/+LV7tr2_vgu02NjAy) | [Subscribe](https://t.me/+LV7tr2_vgu02NjAy)**",,,,,
1250,1250,8251,"**❗️В Беларуси взлетел МиГ-31К ВКС РФ, носитель ""Кинжалов""

**Эти истребители **могут способны запускать ""Кинжалы"" на расстоянии в 2 000 км. 

**Будьте в укрытиях.

[Информатор](https://t.me/+LV7tr2_vgu02NjAy) | [Подписаться](https://t.me/+LV7tr2_vgu02NjAy)","**❗️A MiG-31K from the Russian Air Force (VKS) took off in Belarus, carrying Kinzhals.

**These fighters can be capable of launching Kinzhals from a distance of up to 2,000 km.

**Stay in shelters.

[Source](https://t.me/+LV7tr2_vgu02NjAy) | [Subscribe](https://t.me/+LV7tr2_vgu02NjAy)",,,,,
1251,1251,8252,"**❗️Беларусь. Лида. Взлёт штурмовика Су-25

**""Предполагаем, что самолёты в Лиде поднимают из-за взлёта ДРЛО А-50 и ракетных обстрелов Украины с самого утра"", — Гаюн.

[Информатор](https://t.me/+LV7tr2_vgu02NjAy) | [Подписаться](https://t.me/+LV7tr2_vgu02NjAy)","**❗️Belarus. Lida. Takeoff of a Su-25 Attack Aircraft

""We assume that the planes in Lida are taking off due to the DRLO A-50 takeoff and rocket attacks on Ukraine from early morning,"" — Gauyn.

[Source](https://t.me/+LV7tr2_vgu02NjAy) | [Subscribe](https://t.me/+LV7tr2_vgu02NjAy)",,,,,
1252,1252,8253,"**⚡️Во всех районах Киева есть перебои с водоснабжением в связи с повреждениями энергоинфраструктуры. Жителей просят подготовить запас питьевой и технической воды, — Кличко

**[Информатор](https://t.me/+LV7tr2_vgu02NjAy) | [Подписаться](https://t.me/+LV7tr2_vgu02NjAy)","**⚡️There are water supply disruptions in all districts of Kyiv due to damage to energy infrastructure. Residents are asked to prepare a reserve of drinking and technical water. — Klitschko**

[Informant](https://t.me/+LV7tr2_vgu02NjAy) | [Subscribe](https://t.me/+LV7tr2_vgu02NjAy)",,,,,
1253,1253,8254,"**❗️В беларусских Барановичах пошёл на взлёт истребитель

**[Информатор](https://t.me/+LV7tr2_vgu02NjAy) | [Подписаться](https://t.me/+LV7tr2_vgu02NjAy)","**❗️In Baranovichy, Belarus, an fighter jet began its takeoff**

[Informant](https://t.me/+LV7tr2_vgu02NjAy) | [Subscribe](https://t.me/+LV7tr2_vgu02NjAy)",,,,,
1254,1254,8255,"**❗️В беларусских Мачулищах пошёл на взлёт ДРЛО Ил-76 А-50У «Сергей Атаянц»

**Этот самолет **обнаруживает цели и дает точки для ударов пилотам истребителей**. 

[Информатор](https://t.me/+LV7tr2_vgu02NjAy) | [Подписаться](https://t.me/+LV7tr2_vgu02NjAy)","**❗️In Belarusian Machulichi, a DRLO Il-76 A-50U ""Sergei Atayantsev"" took off.

This aircraft detects targets and provides coordinates for fighter pilots to strike.

[Source](https://t.me/+LV7tr2_vgu02NjAy) | [Subscribe](https://t.me/+LV7tr2_vgu02NjAy)",,,,,
1255,1255,8256,"⚡️** Ряд ж/д участков в Харьковской, Кировоградской, Донецкой и Днепропетровской областях обесточен, сообщает ""Укрзализныця"".** 

Пассажирские электропоезда в этих регионах будут двигаться под резервными тепловозами. Посадка и высадка пассажиров будет проводиться через подземные переходы.

[Информатор](https://t.me/+LV7tr2_vgu02NjAy) | [Подписаться](https://t.me/+LV7tr2_vgu02NjAy)","⚡️**Several railway sections in Kharkiv, Kyivohrad, Donetsk, and Dnipro regions are without power, reports Ukrzализnya.**

Passenger electric trains in these areas will be moving with backup diesel locomotives. Boarding and alighting of passengers will take place via underground passages.

[Informant](https://t.me/+LV7tr2_vgu02NjAy) | [Subscribe](https://t.me/+LV7tr2_vgu02NjAy)",,,,,
1256,1256,8257,"**⚡️В Кременчуге и области из-за отсутствия электроэнергии не работает городская система отопления**, — мэр

[Информатор](https://t.me/+LV7tr2_vgu02NjAy) | [Подписаться](https://t.me/+LV7tr2_vgu02NjAy)","**⚡️In Kremenchuk and the surrounding area, the city's heating system is not working due to a lack of electricity,** — the mayor said.

[Source: Информатор](https://t.me/+LV7tr2_vgu02NjAy) | [Subscribe](https://t.me/+LV7tr2_vgu02NjAy)",,,,,
1257,1257,8258,"**⚡️Сообщают о запуске еще 8-12 ракет х-101 бомбардировщиками Ту-95мс. Из района Цымлянск, Волгодонск, — Цаплиенко

**[Информатор](https://t.me/+LV7tr2_vgu02NjAy) | [Подписаться](https://t.me/+LV7tr2_vgu02NjAy)","**⚡️Reports indicate that 8-12 Kh-101 missiles have been launched by Tu-95MS bombers. From the areas of Tsymlyansk and Volgodonsk — Tsaplienko**

[Source: Informer](https://t.me/+LV7tr2_vgu02NjAy) | [Subscribe](https://t.me/+LV7tr2_vgu02NjAy)",,,,,
1258,1258,8259,"**⚡️Взрыв в Голосеевском районе Киева. Атака на столицу продолжается, — Кличко

**[Информатор](https://t.me/+LV7tr2_vgu02NjAy) | [Подписаться](https://t.me/+LV7tr2_vgu02NjAy)","**⚡️Explosion in the Golosayevsky District of Kyiv. The attack on the capital continues, — Klitschko**

[Source](https://t.me/+LV7tr2_vgu02NjAy) | [Subscribe](https://t.me/+LV7tr2_vgu02NjAy)",,,,,
1259,1259,8260,"**⚡️Сообщают о взрывах в Тернопольской области. Работает ПВО

**В то же время,** по Запорожье нанесено уже 12 (!) ракетных ударов.

**[Информатор](https://t.me/+LV7tr2_vgu02NjAy) | [Подписаться](https://t.me/+LV7tr2_vgu02NjAy)","**⚡️Explosions reported in Ternopil Oblast. Air defense is operational.

**At the same time,** 12 (!) rocket strikes have been launched on Zaporizhzhia.

**[Source](https://t.me/+LV7tr2_vgu02NjAy) | [Subscribe](https://t.me/+LV7tr2_vgu02NjAy)**",,,,,
1260,1260,8261,"⚡️**Ещё прилёт в Киеве, в Днепровском районе**, — Кличко

Также, были многочисленные взрывы в Запорожье. Полтава и Харьков вообще осталась без света.

[Информатор](https://t.me/+LV7tr2_vgu02NjAy) | [Подписаться](https://t.me/+LV7tr2_vgu02NjAy)","⚡️**Another visit in Kyiv, in the Dnipro District**, — Klitschko

Also, there were numerous explosions in Zaporizhzhia. Poltava and Kharkiv were completely without power.

[Informant](https://t.me/+LV7tr2_vgu02NjAy) | [Subscribe](https://t.me/+LV7tr2_vgu02NjAy)",,,,,
1261,1261,8262,"❗️**Сообщают о взрыве в Житомирской и Хмельницкой областях. Предварительно, работает ПВО

**Глава Львовской ОВА также сообщает об угрозе ракетного удара по Львовской области.

[Информатор](https://t.me/+LV7tr2_vgu02NjAy) | [Подписаться](https://t.me/+LV7tr2_vgu02NjAy)","❗️**Reports of explosions in Zhytomyr and Chernivtsi regions. Preliminary information, air defense is operating.

**The head of the Lviv Oblast Administration also reports an imminent threat of a rocket strike on the Lviv region.

[Source](https://t.me/+LV7tr2_vgu02NjAy) | [Subscribe](https://t.me/+LV7tr2_vgu02NjAy)",,,,,
1262,1262,8263,"**❗️Взрывы в Деснянском районе Киева, — Кличко

**Также были прилёты в Кривом Роге и Харькове. Харьков полностью обесточен.

[Информатор](https://t.me/+LV7tr2_vgu02NjAy) | [Подписаться](https://t.me/+LV7tr2_vgu02NjAy)","**❗️Explosions in the Desnyansky District of Kyiv, — Klitschko

**There were also reports of explosions in Kryvyi Rih and Kharkiv. Kharkiv is fully without power.

[Informant](https://t.me/+LV7tr2_vgu02NjAy) | [Subscribe](https://t.me/+LV7tr2_vgu02NjAy)",,,,,
1263,1263,8264,"**❗️Сообщают о взрывах в Виннице и пролёте нескольких ракет в сторону запада Украины

**[Информатор](https://t.me/+LV7tr2_vgu02NjAy) | [Подписаться](https://t.me/+LV7tr2_vgu02NjAy)","**❗️Explosions reported in Vinnytsia and several rockets flying towards western Ukraine.

[Source](https://t.me/+LV7tr2_vgu02NjAy) | [Subscribe](https://t.me/+LV7tr2_vgu02NjAy)",,,,,
1264,1264,8265,"**❗️Новая серия взрывов в Киеве. Звуки попали на видео

**Предварительно, работает ПВО.

[Информатор](https://t.me/+LV7tr2_vgu02NjAy) | [Подписаться](https://t.me/+LV7tr2_vgu02NjAy)","**❗️A new series of explosions in Kyiv. The sounds were captured on video.

**Preliminary report: Air defense is operational.

[Source](https://t.me/+LV7tr2_vgu02NjAy) | [Subscribe](https://t.me/+LV7tr2_vgu02NjAy)",,,,,
1265,1265,8266,"**❗️Есть прилёты в некоторых областях по энергетической инфраструктуре, — глава ОВА Одесской области Марченко

**Могут начаться перебои со светом. Зарядите телефоны и павербанки.

[Информатор](https://t.me/+LV7tr2_vgu02NjAy) | [Подписаться](https://t.me/+LV7tr2_vgu02NjAy)","**❗️There are flyovers in some areas due to energy infrastructure issues,** — Odessa Oblast Administration Head Márchenko said.

**There might be power outages. Make sure to charge your phones and power banks.**

[Informant](https://t.me/+LV7tr2_vgu02NjAy) | [Subscribe](https://t.me/+LV7tr2_vgu02NjAy)",,,,,
1266,1266,8267,"**❗️Повторный пуск ракет стратегической авиацией врага, — глава ОВА Житомирщины

**Было слышно взрывы** на Киевщине, Харьковщине, в Запорожской области, Днепре, Кривом Роге.

**В Харьковской области были прилёты: **пострадали объекты критической инфраструктуры.

**[Информатор](https://t.me/+LV7tr2_vgu02NjAy) | [Подписаться](https://t.me/+LV7tr2_vgu02NjAy)","**❗️The enemy's strategic aviation launched another rocket strike,** according to the head of OVA in Zhitomir Oblast.

**Explosions were heard** on Kyiv Oblast, Kharkiv Oblast, in Zaporizhzhia Oblast, in Dnipropetrovsk, and in Kryvyi Rih.

**In Kharkiv Oblast, there were air raids:** critical infrastructure facilities were damaged.

**[Informant](https://t.me/+LV7tr2_vgu02NjAy) | [Subscribe](https://t.me/+LV7tr2_vgu02NjAy)**",,,,,
1267,1267,8268,"**❗️Ракеты подлетают к Житомирской области

**Сейчас слышны взрывы на Кировоградщине и Днепропетровщине. Работает ПВО.

В то же время по Харьковщине нанесено минимум 3 удара.

[Информатор](https://t.me/+LV7tr2_vgu02NjAy) | [Подписаться](https://t.me/+LV7tr2_vgu02NjAy)","**❗️Missiles are approaching the Zhytomyr Oblast

Right now, explosions can be heard in the Kirovohrad and Dnipro regions. Air defense is active.

At the same time, at least 3 strikes were reported in the Kharkiv region.

[Source](https://t.me/+LV7tr2_vgu02NjAy) | [Subscribe](https://t.me/+LV7tr2_vgu02NjAy)",,,,,
1268,1268,8269,"**❗️2 новых залпа ""Калибрами"", — Ким

**[Информатор](https://t.me/+LV7tr2_vgu02NjAy) | [Подписаться](https://t.me/+LV7tr2_vgu02NjAy)","**❗️2 new strikes with ""Calibers"" — Kim

**[Informant](https://t.me/+LV7tr2_vgu02NjAy) | [Subscribe](https://t.me/+LV7tr2_vgu02NjAy)",,,,,
1269,1269,8270,"**❗️Сообщают о взрывах в Киеве, Днепре, Харькове и Николаевщине

**[Информатор](https://t.me/+LV7tr2_vgu02NjAy) | [Подписаться](https://t.me/+LV7tr2_vgu02NjAy)","**❗️Explosions reported in Kyiv, Dnipro, Kharkiv, and Nikopol Oblast

**[Source](https://t.me/+LV7tr2_vgu02NjAy) | [Subscribe](https://t.me/+LV7tr2_vgu02NjAy)",,,,,
1270,1270,8271,"❗️**Кроме ракет россияне могут массировано ударить беспилотниками, — Житомирская ОВА

**[Информатор](https://t.me/+LV7tr2_vgu02NjAy) | [Подписаться](https://t.me/+LV7tr2_vgu02NjAy)","❗️**In addition to rockets, Russians can massively strike with drones, — Zhytomyr OVA

**[Informant](https://t.me/+LV7tr2_vgu02NjAy) | [Subscribe](https://t.me/+LV7tr2_vgu02NjAy)",,,,,
1271,1271,8272,"**❗️Сообщают о взрывах в Киевской и Харьковской областях. Предварительно, работает ПВО

**[Информатор](https://t.me/+LV7tr2_vgu02NjAy) | [Подписаться](https://t.me/+LV7tr2_vgu02NjAy)","**❗️Explosions reported in Kyiv and Kharkiv regions. Air defense is reportedly active.

[Source](https://t.me/+LV7tr2_vgu02NjAy) | [Subscribe](https://t.me/+LV7tr2_vgu02NjAy)",,,,,
1272,1272,8273,"**❗️Сообщают о пролёте двух ракет в Черкасской области, направляются в сторону Киева

**Также пишут о **запуске ракет из Черного моря.

**[Информатор](https://t.me/+LV7tr2_vgu02NjAy) | [Подписаться](https://t.me/+LV7tr2_vgu02NjAy)","**❗️Reports of two rockets flying over Chernihiv Oblast, heading towards Kyiv.

**Also reported is the launch of rockets from the Black Sea.

**[Source](https://t.me/+LV7tr2_vgu02NjAy) | [Subscribe](https://t.me/+LV7tr2_vgu02NjAy)",,,,,
1273,1273,8274,"**⚡️Зафиксированы пуски ракет с северного направления. Время подлета ракет невелико, — мэр Житомира Сухомлин

**К слову, **свет может исчезнуть ещё до ракетных ударов**. Как заявляется - чтобы избежать масштабных повреждений в случае попаданий.

[Информатор](https://t.me/+LV7tr2_vgu02NjAy) | [Подписаться](https://t.me/+LV7tr2_vgu02NjAy)","**⚡️Rockets have been launched from the northern direction. The time until the rockets arrive is not long, — Mayor Suhomlin of Zhytomir.

**By the way, power may go out even before the rocket strikes.** As reported, this is to avoid extensive damage in case of impacts.

[Source](https://t.me/+LV7tr2_vgu02NjAy) | [Subscribe](https://t.me/+LV7tr2_vgu02NjAy)",,,,,
1274,1274,8275,"❗️**""Ожидаем около 60 шт. На севере уже над территорией Украины часть**"", — К**им предупреждает о ракетах над Украиной

**[Информатор](https://t.me/+LV7tr2_vgu02NjAy) | [Подписаться](https://t.me/+LV7tr2_vgu02NjAy)","❗️""We expect around 60 rockets. Part of them is already over the territory of Ukraine,"" — Kim warns about rockets over Ukraine.

[Source](https://t.me/+LV7tr2_vgu02NjAy) | [Subscribe](https://t.me/+LV7tr2_vgu02NjAy)",,,,,
1275,1275,8276,"❗️** В ОП просят украинцев не игнорировать сигналы** **тревоги

**[Информатор](https://t.me/+LV7tr2_vgu02NjAy) | [Подписаться](https://t.me/+LV7tr2_vgu02NjAy)","❗️**The OP is asking Ukrainians not to ignore the signals of danger.**

[Informer](https://t.me/+LV7tr2_vgu02NjAy) | [Subscribe](https://t.me/+LV7tr2_vgu02NjAy)",,,,,
1276,1276,8277,"❗️**Воздушная тревога в ряде областей. Ким пишет, что пошли первые пуски ракет

**Не игнорируйте.

[Информатор](https://t.me/+LV7tr2_vgu02NjAy) | [Подписаться](https://t.me/+LV7tr2_vgu02NjAy)","❗️**Air raid alert in several regions. Kim writes that the first missile launches have begun.

**Do not ignore.

[Informant](https://t.me/+LV7tr2_vgu02NjAy) | [Subscribe](https://t.me/+LV7tr2_vgu02NjAy)",,,,,
1277,1277,8278,"**⚡️Сенат **[**одобрил**](https://www.reuters.com/world/us/us-senate-backs-record-858-billion-defense-bill-voting-continues-2022-12-16/)** оборонный бюджет США-2023 с $800 млн для Украины

**Согласований бюджет страны предусматривает также:
▪️выделение $6 млрд на «сдерживание» России в Европе; 
▪️продление на пять лет запрета на сотрудничество США с Россией в военной сфере;
▪️предписание добиваться исключения России из международных организаций, включая G20.

Русня, не сбылись ваши прогнозы. Лицо?

[Информатор](https://t.me/+LV7tr2_vgu02NjAy) | [Подписаться](https://t.me/+LV7tr2_vgu02NjAy)","**⚡️The Senate approved** [the record $858 billion defense bill for the US in 2023, allocating $800 million for Ukraine.

The budget agreement also includes:
- $6 billion allocated for ""deterrence"" against Russia in Europe;
- A five-year ban on US military cooperation with Russia;
- Instructions to work towards excluding Russia from international organizations, including G20.

Russian propaganda, your predictions didn't come true. Face it?

[Informer](https://t.me/+LV7tr2_vgu02NjAy) | [Subscribe](https://t.me/+LV7tr2_vgu02NjAy)",,,,,
1278,1278,8279,"**Если российские войска пойдут на повторное наступление с севера Украины, то не будут успешнее, чем в феврале 2022 года, — ISW

**Но когда оккупантов интересовал здравый смысл?

[Информатор](https://t.me/+LV7tr2_vgu02NjAy) | [Подписаться](https://t.me/+LV7tr2_vgu02NjAy)","**If Russian forces were to launch another offensive from northern Ukraine, they would not be more successful than in February 2022, according to ISW.**

**But when did the occupiers show any common sense?**

[Informer](https://t.me/+LV7tr2_vgu02NjAy) | [Subscribe](https://t.me/+LV7tr2_vgu02NjAy)",,,,,
1279,1279,8280,"**""Россияне не идиоты и они не слабые. Любой, кто недооценивает их, обречен на поражение"", — генерал Сырский, который командовал обороной Киева и освобождением Харьковщины

**Главное из его [интервью](https://www.economist.com/syrsky-interview):
▪️под руководством Суровикина **россияне поменяли тактику:** они атакуют небольшими, хорошо скоординированными пешими подразделениями, но **это дорого стоит с точки зрения солдатских жизней**;
▪️**Сырский и Залужный полностью доверяют друг другу **и не хотят вмешиваться в политику;
▪️**Боеприпасы расходуются со скоростью**, сравнимой с таковой во время Второй мировой войны;
▪️ближайшее будущее для ВСУ — **""активная оборона""**;
▪️**Мы победим, когда враг будет уничтожен, а мы будем стоять на наших границах;
**▪️""Всё, что я скажу, это то, что мы внимательно изучаем врага. И **на каждый яд есть противоядие"".

**Отметим, что **исходя из интервью, Сырский сейчас лично находится на востоке страны**. Не исключено, что именно он сейчас руководит обороной Бахмута.

[Информатор](https://t.me/+LV7tr2_vgu02NjAy) | [Подписаться](https://t.me/+LV7tr2_vgu02NjAy)","**""Russians are not idiots and they are not weak. Anyone who underestimates them is doomed to defeat,""** General Surovikin, who commanded the defense of Kyiv and the liberation of Kharkiv region.

**Key points from his [interview](https://www.economist.com/syrsky-interview):**
- **Under Surovikin's leadership, Russians have changed their tactics:** They attack with small, well-coordinated infantry units, but this comes at a high cost in terms of soldier lives.
- **Surovikin and Zaluzhny fully trust each other** and do not want to get involved in politics;
- **Ammunition is being consumed at a rate comparable to that during World War II;**
- **The future for the Ukrainian Armed Forces is ""active defense"";**
- **We will win when the enemy is destroyed and we stand on our borders;**
- **Everything I can say is that we carefully study the enemy. And **for every poison, there is an antidote**.""

It should be noted that **according to the interview, Surovikin is currently personally located in the east of the country**. It is possible that he is currently overseeing the defense of Bakh",,,,,
1280,1280,8281,"**Только с начала этих суток Россия уже более 16 раз (!) обстреляла Херсон. Только за один день. Снова обстреливались общины Харьковской области. На Донбассе продолжаются жестокие российские атаки, — Зеленский

**""Оккупанты бросают в наступление всех и всё, что только имеют. Они не могут одолеть нашу армию, поэтому физически уничтожают каждый город и село, чтобы не было никаких зданий, которые можно использовать для любой обороны"".

[Информатор](https://t.me/+LV7tr2_vgu02NjAy) | [Подписаться](https://t.me/+LV7tr2_vgu02NjAy)","**Russia has already shelled Kherson more than 16 times (!) just since the beginning of these days. Only in one day. The communities of the Kharkiv region were shelled again. Brutal Russian attacks continue on Donbass, — Zelensky**

**""Occupiers are throwing everything and everyone they have into the offensive. They cannot defeat our army, so they physically destroy every city and village to ensure there are no buildings that can be used for any defense.""**

[Informer](https://t.me/+LV7tr2_vgu02NjAy) | [Subscribe](https://t.me/+LV7tr2_vgu02NjAy)",,,,,
1281,1281,8282,"**На Луганщине прилёт по складу БК оккупантов. Нереально красивое видео

**[Информатор](https://t.me/+LV7tr2_vgu02NjAy) | [Подписаться](https://t.me/+LV7tr2_vgu02NjAy)","**In Luhansk Oblast, the storage facility of the occupiers was hit. Unrealistically beautiful video

[Informant](https://t.me/+LV7tr2_vgu02NjAy) | [Subscribe](https://t.me/+LV7tr2_vgu02NjAy)",,,,,
1282,1282,8283,"**Когда родился в рубашке

**[Информатор](https://t.me/+LV7tr2_vgu02NjAy) | [Подписаться](https://t.me/+LV7tr2_vgu02NjAy)","When born in a shirt

[Informant] | [Subscribe]",,,,,
1283,1283,8284,"**Тревожно. Украинские ДРГ уже в Брянской области**😏

[Информатор](https://t.me/+LV7tr2_vgu02NjAy) | [Подписаться](https://t.me/+LV7tr2_vgu02NjAy)","**Anxious. Ukrainian special forces units are already in Briansk Oblast**😏

[Informant](https://t.me/+LV7tr2_vgu02NjAy) | [Subscribe](https://t.me/+LV7tr2_vgu02NjAy)",,,,,
1284,1284,8285,"**Временно оккупированный Донецк. Так выглядят вояки ""второй армии мира""

**[Информатор](https://t.me/+LV7tr2_vgu02NjAy) | [Подписаться](https://t.me/+LV7tr2_vgu02NjAy)","**Temporarily Occupied Donetsk. This is how the ""second army of the world"" soldiers look.**

**[Informant](https://t.me/+LV7tr2_vgu02NjAy) | [Subscribe](https://t.me/+LV7tr2_vgu02NjAy)**",,,,,
1285,1285,8286,"**Новогодний стол в этом году обойдется украинцам примерно в 2665 гривен

**Расчёт на 4 человек.

[Информатор](https://t.me/+LV7tr2_vgu02NjAy) | [Подписаться](https://t.me/+LV7tr2_vgu02NjAy)","The New Year's table this year will cost Ukrainians approximately 2665 hryvnias for four people.

[Calculator | For 4 People]

[Informer](https://t.me/+LV7tr2_vgu02NjAy) | [Subscribe](https://t.me/+LV7tr2_vgu02NjAy)",,,,,
1286,1286,8287,"**В штаб-квартире полиции Варшавы взорвался один из подарков, который привезли из Украины, — **[польские СМИ](https://wiadomosci.wp.pl/wybuch-na-komendzie-policji-eksplodowal-jeden-z-prezentow-6844869835291296a)**🤔

**В одном из помещений из-за взрыва поврежден потолок. Сам комендант Ярослав Шимчык легко ранен и находится в больнице.

По данным АР, **Польша обратилась к Украине с просьбой дать соответствующие разъяснения.

UPD: **взрыв был из-за **подаренного гранатомета. **В момент инцидента с ним** «играли находившиеся в комнате сотрудники полиции»**.🤷🏻‍♂️

[Информатор](https://t.me/+LV7tr2_vgu02NjAy) | [Подписаться](https://t.me/+LV7tr2_vgu02NjAy)","**A bomb exploded in one of the gifts brought from Ukraine at the Warsaw police headquarters—** [Polish media](https://wiadomosci.wp.pl/wybuch-na-komendzie-policji-eksplodowal-jeden-z-prezentow-6844869835291296a)**🤔**

**The ceiling was damaged in one of the rooms due to the explosion. The chief commissioner, Jarosław Shimchuk, was lightly injured and is in the hospital.**

According to Reuters, Poland has asked Ukraine for clarification regarding the incident.

UPDATE: The explosion was caused by a grenade that had been given as a gift. At the time of the incident, ""police officers present in the room were handling the grenade."" 🤷🏻‍♂️

[Source](https://t.me/+LV7tr2_vgu02NjAy) | [Subscribe](https://t.me/+LV7tr2_vgu02NjAy)",,,,,
1287,1287,8288,"**Гроза всех россиян, боец ""Гетьман"" решил показать мастерство..покатушек на военной технике

**Ничего важнее вы уже не увидите.

[Информатор](https://t.me/+LV7tr2_vgu02NjAy) | [Подписаться](https://t.me/+LV7tr2_vgu02NjAy)","**The bane of all Russians, the ""Hetman"" fighter decided to show off his skills... by demonstrating maneuvers on military equipment.

**You will see nothing more important.

[Informant](https://t.me/+LV7tr2_vgu02NjAy) | [Subscribe](https://t.me/+LV7tr2_vgu02NjAy)",,,,,
1288,1288,8289,"**Украинских военных будут проверять на алкоголь и наркотики в любом время и в любом месте, даже если те находятся в отпуске

**Верховная Рада приняла [соответствующий законопроект.](https://itd.rada.gov.ua/billInfo/Bills/Card/40997) Цель: **уменьшить количество правонарушений,** которые военнослужащие могут допустить пребывая в состоянии алкогольного или наркотического опьянения.

[Информатор](https://t.me/+LV7tr2_vgu02NjAy) | [Подписаться](https://t.me/+LV7tr2_vgu02NjAy)","**Ukrainian military personnel will be tested for alcohol and drugs at any time and in any place, even if they are on leave.

The Verkhovna Rada has adopted [the relevant bill.](https://itd.rada.gov.ua/billInfo/Bills/Card/40997) The goal is to **reduce the number of offenses** that servicemen may commit while under the influence of alcohol or drugs.

[Informer](https://t.me/+LV7tr2_vgu02NjAy) | [Subscribe](https://t.me/+LV7tr2_vgu02NjAy)",,,,,
1289,1289,8290,"**Оккупанты приспособились к Himars и ушли на недостижимые для них расстояния, а дальнобойного у нас ничего нет, — **[**Залужный

**](https://www.economist.com/zaluzhny-transcript?fbclid=IwAR0CS0B0YCkvbgEPWUhIkyWHX9rIMuvwKONG3KB-gYkZnIh_vWNyONY9TVg)Также, важное из интервью Главкома:
▪️""**я не специалист по энергетике, но мне кажется, что мы на грани.** И **если электросеть будет разрушена**, вот тогда **солдатские жены и дети начнут замерзать**"";
▪️**коэффициент эффективности украинской ПВО - 0,76.** Россияне вместо 76 ракет запускают 100 и** 24 достигают цели.** ""А что две ракеты делают с электростанцией? Она потом 2 года не работает"";
▪️**чтобы добраться до границ Крыма нам нужно преодолеть 84 км до Мелитополя.** Оттуда у нас был бы полный огневой контроль сухопутного коридора;
▪️**я доверяю своим генералам, но с начала войны я уволил десять из них, ещё один застрелился.** Я доверяю Сырскому;
▪️Россияне **собирали свои ресурсы 3-4 года. **Скорее всего, сейчас** где-то за Уралом готовят новые ресурсы. **100%;
▪️О Суровикине: ""это **обычный командир времен Петра I**, жестокий солдафон. Смотришь на него и понимаешь, что либо ты выполняешь задание, либо конец тебе"". В Украине такой подход не работает;
▪️**россиян и любых других врагов надо убивать, **просто убивать, а главное, не бояться это делать;
▪️освободить утраченные позиции в 10-15 раз труднее, чем не сдать.** Наша задача сейчас – удержаться.

**[Информатор](https://t.me/+LV7tr2_vgu02NjAy) | [Подписаться](https://t.me/+LV7tr2_vgu02NjAy)","**The occupiers have adapted to the HIMARS and have moved to distances beyond our reach, while we have no long-range capabilities—Zaluzhny**

Also, key excerpts from the Chief of Staff's interview:
▪️""I'm not an energy specialist, but it seems we're on the brink. If the power grid is destroyed, then soldiers' wives and children will start freezing.""
▪️""The efficiency coefficient of Ukrainian air defense is 0.76. The Russians launch 100 rockets instead of 76, and only 24 hit their targets. 'What do two rockets do to a power plant? It won't work for two years.'""
▪️""To reach the Crimean border, we need to cover 84 km to Melitopol. From there, we would have full control over the land corridor.""
▪️""I trust my generals, but since the start of the war, I've fired ten of them; one even committed suicide. I trust Sirets.""
▪️""The Russians have been gathering resources for 3-4 years. They are likely preparing new resources somewhere beyond the Ural Mountains.""
▪️On Surkov: ""This is a typical commander from the time of Peter I,",,,,,
1290,1290,8291,"**Азербайджан передал Украине трансформаторы и генераторы ""в качестве гуманитарной помощи"": на России заявили, что это вызывает у них ""недоумение""

**Русня ещё не осознаёт, что становится мировым изгоем.

[Информатор](https://t.me/+LV7tr2_vgu02NjAy) | [Подписаться](https://t.me/+LV7tr2_vgu02NjAy)","**Azerbaijan has sent transformers and generators to Ukraine as humanitarian aid**: Russia stated that this causes them ""bewilderment.""

**Ukrainian society still hasn't realized it has become a global outcast.**

[Informer](https://t.me/+LV7tr2_vgu02NjAy) | [Subscribe](https://t.me/+LV7tr2_vgu02NjAy)",,,,,
1291,1291,8292,"**Несмотря на **[**вероятные новые попытки РФ**](https://t.me/ukrinformator/30478)** захватить столицу, Украине не понадобится новая большая волна мобилизации

**""У нас **достаточно людей**, и я ясно вижу, что у меня есть. **Мне хватит.** Мне не нужны сотни тысяч. Нам нужны танки, нам нужны БТРы, БМП. И нам нужны боеприпасы"", — Главком ВСУ Залужный.

[Информатор](https://t.me/+LV7tr2_vgu02NjAy) | [Подписаться](https://t.me/+LV7tr2_vgu02NjAy)","**Despite potential new attempts by Russia to seize the capital, Ukraine does not need another large wave of mobilization.

""We have **enough people**, and I clearly see what I have. **I am sufficient**. I do not need hundreds of thousands. We need tanks, we need BTRs and BMPs. And we need ammunition,"" — Chief of the Ukrainian Armed Forces General Zaluzhny.

[Informer](https://t.me/+LV7tr2_vgu02NjAy) | [Subscribe](https://t.me/+LV7tr2_vgu02NjAy)",,,,,
1292,1292,8293,"**❗️В феврале может быть новое наступление россиян. Оно может начаться не с Донбасса, а в сторону Киева, в сторону Беларуси, не исключаю и южного направления, — **[**Залужный

**](https://www.economist.com/zaluzhny-transcript?fbclid=IwAR0CS0B0YCkvbgEPWUhIkyWHX9rIMuvwKONG3KB-gYkZnIh_vWNyONY9TVg)По его словам, Украине сейчас важно сосредоточиться на накоплении ресурсов для **более затяжных и тяжелых боев, которые могут начаться в следующем году.

**[Информатор](https://t.me/+LV7tr2_vgu02NjAy) | [Подписаться](https://t.me/+LV7tr2_vgu02NjAy)","**❗️In February, there could be a new Russian offensive. It may not start from Donbas but rather towards Kyiv, towards Belarus, and I cannot rule out a southern direction either—** [Zaluzhny]

According to him, Ukraine needs to focus on accumulating resources for more prolonged and intense battles that may begin next year.

[Informant] | [Subscribe]",,,,,
1293,1293,8294,"**❗️Россияне готовят 200 тысяч солдат. Я не сомневаюсь, что они снова пойдут на Киев, — **[**Залужный

**](https://www.economist.com/leaders/2022/12/15/a-looming-russian-offensive?fbclid=IwAR3a9IiO1qEJrOK5VG1I8sgEM10weR9kg4GhaHTrHAQjfrAdVPuLMd7Xy5M)""Российская мобилизация сработала. Это неправда, что их проблемы настолько ужасны, что эти люди не будут воевать. **Они будут воевать. Царь говорит им идти воевать, и они идут воевать. **Возможно, они не так хорошо оснащены, но они все равно представляют для нас проблему.** По нашим оценкам, у них есть резерв в 1,2-1,5 млн человек...**"". 

[Информатор](https://t.me/+LV7tr2_vgu02NjAy) | [Подписаться](https://t.me/+LV7tr2_vgu02NjAy)","**❗️Russians are preparing 200,000 soldiers. I have no doubt that they will again march on Kyiv. — Zaluzhny**

Russian mobilization has worked. It's not true that their problems are so terrible that these people won't fight. They will fight. The Tsar tells them to go to war, and they go to war. Perhaps they are not as well-equipped, but they still pose a problem for us. According to our estimates, they have a reserve of 1.2-1.5 million people...

[Informer] (https://t.me/+LV7tr2_vgu02NjAy) | [Subscribe] (https://t.me/+LV7tr2_vgu02NjAy)",,,,,
1294,1294,8295,"⚡️**Украина сможет выйти на границы 23 февраля, если будет иметь 300 танков, около 700 БМП и пол тысячи гаубиц. Тем не менее, ВСУ уже планируют провести новую крупную операцию (!), — **[**Главком Залужный 

**](https://www.economist.com/zaluzhny-transcript?fbclid=IwAR0CS0B0YCkvbgEPWUhIkyWHX9rIMuvwKONG3KB-gYkZnIh_vWNyONY9TVg)Главнокомандующий добавил, что ""с такими ресурсами, которые имеет Украина сейчас,** не может проводить новые крупные операции"",** хотя ВСУ сейчас работают над одной из них. **По его словам, эта операция ""уже на подходе"".

**[Информатор](https://t.me/+LV7tr2_vgu02NjAy) | [Подписаться](https://t.me/+LV7tr2_vgu02NjAy)","⚡️**Ukraine can reach the borders of February 23 if it has 300 tanks, about 700 BMPs, and nearly a thousand howitzers. However, the Ukrainian Armed Forces (VSU) are already planning a new major operation (!).** According to Chief of Staff Zaluzhny, ""with the resources Ukraine currently has, it cannot conduct new large-scale operations,"" although the VSU is working on one. He stated that this operation ""is imminent.""

**[Source](https://www.economist.com/zaluzhny-transcript?fbclid=IwAR0CS0B0YCkvbgEPWUhIkyWHX9rIMuvwKONG3KB-gYkZnIh_vWNyONY9TVg) | [Subscribe](https://t.me/+LV7tr2_vgu02NjAy)",,,,,
1295,1295,8296,"**Киев и область — столица генераторов

**Интересная инфографика.

[Информатор](https://t.me/+LV7tr2_vgu02NjAy) | [Подписаться](https://t.me/+LV7tr2_vgu02NjAy)","**Kyiv and the Region — Capital of Generators

**Interesting Infographic.

[Informator](https://t.me/+LV7tr2_vgu02NjAy) | [Subscribe](https://t.me/+LV7tr2_vgu02NjAy)",,,,,
1296,1296,8297,"**Каменское Днепропетровской области. Наших людей не победить 

**[Информатор](https://t.me/+LV7tr2_vgu02NjAy) | [Подписаться](https://t.me/+LV7tr2_vgu02NjAy)","**Kamenske, Dnepropetrovsk Oblast. Our people cannot be defeated.

**[Informant](https://t.me/+LV7tr2_vgu02NjAy) | [Subscribe](https://t.me/+LV7tr2_vgu02NjAy)",,,,,
1297,1297,8298,"**⚡️Европарламент принял резолюцию о признании Голодомора 1932-1933 годов геноцидом украинского народа

**«За» — 507 депутатов, 12 «против».

[Информатор](https://t.me/+LV7tr2_vgu02NjAy) | [Подписаться](https://t.me/+LV7tr2_vgu02NjAy)","**⚡️The European Parliament adopted a resolution recognizing the 1932-1933 famine in Ukraine as a genocide of the Ukrainian people.

**In favor** — 507 deputies, **against** — 12.

[Informant](https://t.me/+LV7tr2_vgu02NjAy) | [Subscribe](https://t.me/+LV7tr2_vgu02NjAy)",,,,,
1298,1298,8299,"**Реальные потери РФ в войне против Украины составляют около 110-120 тысяч. Официальная сводка Генштаба включает только контрактную армию РФ и мобиков, но есть ещё ""вагнеровцы"", зэки и ""Росгвардия""**, — Подоляк

[Информатор](https://t.me/+LV7tr2_vgu02NjAy) | [Подписаться](https://t.me/+LV7tr2_vgu02NjAy)","The actual losses of Russia in the war against Ukraine amount to about 110-120 thousand. The official summary from the General Staff includes only the contract army of Russia and conscripts, but there are also 'Wagner mercenaries,' convicts, and 'Rosgvardiya' forces, — Podolyak

[Source](https://t.me/+LV7tr2_vgu02NjAy) | [Subscribe](https://t.me/+LV7tr2_vgu02NjAy)",,,,,
1299,1299,8300,"**⚡️В Беларуси, вероятно, готовятся к участию в войне против Украины, — Генштаб ВСУ

**В приграничных с Украиной областях **создают тероборону**, а ""палата представителей"" [собирается ввести](https://t.me/ukrinformator/30144)** в стране смертную казнь за госизмену для военнослужащих. **""Не исключено, что **такие действия являются одним из шагов в рамках подготовки к** **войне**"", — заявил Громов.

[Информатор](https://t.me/+LV7tr2_vgu02NjAy) | [Подписаться](https://t.me/+LV7tr2_vgu02NjAy)","**⚡️In Belarus, they are likely preparing to participate in a war against Ukraine, according to the General Staff of the Ukrainian Armed Forces.

Defensive fortifications are being set up in border regions with Ukraine, and the ""House of Representatives"" is considering introducing the death penalty for treason by military personnel. ""Such actions may be one of the steps in preparation for war,"" Gromov stated.**

[Informator](https://t.me/+LV7tr2_vgu02NjAy) | [Subscribe](https://t.me/+LV7tr2_vgu02NjAy)",,,,,
1300,1300,8301,"**""Идет Чемпионат Мира – я что-то не заметил там наших футболистов. Или я просто плохо наблюдаю за чемпионатом?"" — Лукашенко возмущается, что беларусов нет на Мундиале😂

**[Информатор](https://t.me/+LV7tr2_vgu02NjAy) | [Подписаться](https://t.me/+LV7tr2_vgu02NjAy)","**""The World Championship is underway – I didn't notice any of our footballers there. Or am I just not paying attention to the championship enough?"" — Lukashenko is upset that Belarusians are not at the World Cup😂**

[Informer](https://t.me/+LV7tr2_vgu02NjAy) | [Subscribe](https://t.me/+LV7tr2_vgu02NjAy)",,,,,
1301,1301,8302,"**Российские войска, похоже, готовятся к новому широкомасштабному наступлению в январе/ феврале 2023. Направление: вдоль границы Харьков - Луганск или в Донецкой области, — **[**ISW

**](https://www.understandingwar.org/backgrounder/russian-offensive-campaign-assessment-december-14)Сообщается, что российские войска уже **перебрасывают тяжелую технику** из тыловых районов Луганской области в районы вблизи нынешней линии фронта, а войска РФ** **в Донецкой области значительно** усилены мобиками и частями, высвободившимися после ухода России из Херсонщины**.

[Информатор](https://t.me/+LV7tr2_vgu02NjAy) | [Подписаться](https://t.me/+LV7tr2_vgu02NjAy)","Russian troops, it appears, are preparing for a new large-scale offensive in January/February 2023. The direction is likely either along the border between Kharkiv and Luhansk or in the Donetsk region.

According to reports, Russian troops are already transferring heavy equipment from rear areas in Luhansk Oblast to regions near the current front line. Additionally, Russian forces in the Donetsk region have been significantly reinforced with mobilized units and those freed up after Russia's withdrawal from Kherson Oblast.

[Source](https://www.understandingwar.org/backgrounder/russian-offensive-campaign-assessment-december-14) | [Informant](https://t.me/+LV7tr2_vgu02NjAy) | [Subscribe](https://t.me/+LV7tr2_vgu02NjAy)",,,,,
1302,1302,8303,"**В России резко увеличилось количество запросов ""как сдаться в плен""**, — Вёрстка

Так, с 28 ноября по 4 декабря такое словосочетание в поисковике «Яндекс» **вбивали более 66 тысяч раз**. Это **рекордный недельный показатель за полгода (!).** Рост запросов в ноябре совпадает с прибытием больших групп мобилизованных на фронт и сообщениями о значимых потерях среди них.

[Информатор](https://t.me/+LV7tr2_vgu02NjAy) | [Подписаться](https://t.me/+LV7tr2_vgu02NjAy)","In Russia, there was a sharp increase in the number of search queries for ""how to surrender,"" — Verstka.

For instance, from November 28 to December 4, this phrase was entered into Yandex more than 66,000 times in the search engine. This represents a **record weekly figure over the past six months (!)**. The rise in search queries in November coincides with the arrival of large groups of mobilized personnel at the front and reports of significant losses among them.

[Informer](https://t.me/+LV7tr2_vgu02NjAy) | [Subscribe](https://t.me/+LV7tr2_vgu02NjAy)",,,,,
1303,1303,8304,"**В Одессе задержали активистку Кристину Король — **[**СМИ**](https://dumskaya.net/news/vozle-zdaniya-sbu-sostoyalsya-miting-moryakov-pr-171355/ua/)** 

**Появились новые подробности ареста известной активистки Кристины Король. По имеющейся информации, в ходе оперативно-следственных мероприятий выяснилось, что с февраля месяца, она вместе с группой лиц зарабатывали на моряках, помогая им получить, так называемый, «белый билет» для выезда на работу за границу. 

Тариф за незаконный выезд устанавливался в зависимости от должности моряка. Сообщается, что в среднем сумма составляла от 7500 до 9 тысяч долларов США. В эту цену входили «липовые» справки о состоянии здоровья моряка. Чтобы справки «сработали» и можно было избежать призыва, под руководством Кристины Король регулярно проходили митинги и осуществлялось давление на военную администрацию. 

Также, по имеющейся информации, в ходе оперативно-следственных мероприятий стало известно, что девушка, возможно, работала в связке с куратором тренажерного центра НЦФМТ - Валерием Постолатием. Неформально этот тренажерный центр принадлежит, как сообщается, начальнику полицейского следствия Приморского района  г. Одессы - Андрею Мащенко, который, по имеющейся информации, и обеспечивал «крышу» всей схеме. 

Сегодня Кристине Король и всем фигурантам уголовного дела будет избрана мера пресечения. Известно, что девушка уже не раз была замечена в громких коррупционных скандалах. Вероятно, используя большую базу моряков, блогер сделала себе имя, устраивая митинги с провокациями. Также на ее счету десятки историй, где морякам была обещана работа без прохождения соответствующих экзаменационных тестов. 

Сообщается, что эти и другие факты мошенничества лягут в основу уголовного дела. По предварительным оценкам,  за 10 месяцев преступной деятельности группа осуществила «услуг» на полмиллиона долларов США.

[Информатор](https://t.me/+LV7tr2_vgu02NjAy) | [Подписаться](https://t.me/+LV7tr2_vgu02NjAy)","**In Odessa, Activist Kristina Korol Was Detained —** [**Media Source**](https://dumskaya.net/news/vozle-zdaniya-sbu-sostoyalsya-miting-moryakov-pr-171355/ua/)

**New Details on the Arrest of Prominent Activist Kristina Korol Have Emerged. According to available information, during operational investigative activities, it was discovered that since February, she and a group of individuals had been earning money by helping sailors obtain so-called ""white tickets"" for working abroad. The fee for illegal departure was set based on the sailor's position, with an average range of $7,500 to $9,000 USD. This included fake medical certificates. To make these certificates effective and avoid conscription, under Korol's leadership, regular protests and pressure were exerted on military administration.

Additionally, according to available information, during the operational investigative activities, it became known that the girl may have worked in conjunction with the trainer at the NCFMT center, Valeriy Postolatii. Informally, this training center is reportedly owned by the head of the police investigation department in the Primorsky District of Od",,,,,
1304,1304,8305,"**Российские ""птички"" продолжают самоликвидироваться: в Новосибирске загорелся и экстренно приземлился военно-транспортный самолет Ан-12БК

**Пожар по непонятным пока причинам **произошел в четвертом двигателе.** Официально инцидент пока не комментируют😏

[Информатор](https://t.me/+LV7tr2_vgu02NjAy) | [Подписаться](https://t.me/+LV7tr2_vgu02NjAy)","Russian ""birds"" continue to self-destruct: In Novosibirsk, a military transport aircraft An-12BK caught fire and made an emergency landing.

The fire, for now unknown in cause, broke out in the fourth engine. The incident is not officially commented on yet😏.

[Source](https://t.me/+LV7tr2_vgu02NjAy) | [Subscribe](https://t.me/+LV7tr2_vgu02NjAy)",,,,,
1305,1305,8306,"**Какие времена, такая и реклама😅

**[Информатор](https://t.me/+LV7tr2_vgu02NjAy) | [Подписаться](https://t.me/+LV7tr2_vgu02NjAy)","The times you live in, that's the kind of advertising you get😅

[Informant](https://t.me/+LV7tr2_vgu02NjAy) | [Subscribe](https://t.me/+LV7tr2_vgu02NjAy)",,,,,
1306,1306,8307,"**«С возвращением (!) Вас», — Ничего необычного, просто русня меняет «священников» УПЦ МП на пленных🤷🏻‍♂️

**«Луганщина - это теперь Россия»,** **— говорит обменянный поп, которого приехал забирать Пригожин.

Всё ещё есть сомнения, что это московские агенты?

[Информатор](https://t.me/+LV7tr2_vgu02NjAy) | [Подписаться](https://t.me/+LV7tr2_vgu02NjAy)","**""Welcome back (!)!"",** — Nothing unusual, just a Ukrainian Orthodox Church (MP) priest being replaced by a captive.toLocaleString('default', {hour12: false}) 

**""Luhansk is now part of Russia,""** — says the exchanged priest who was there and is now being picked up by Prigozhin.

Are there still doubts that these are Moscow agents?

[Informer](https://t.me/+LV7tr2_vgu02NjAy) | [Subscribe](https://t.me/+LV7tr2_vgu02NjAy)",,,,,
1307,1307,8308,"**На России утро начинается не с кофе, а со взрыва и пожара на одном из крупнейших нефтеперерабатывающем заводе страны**

Он расположен в Ангарске Иркутской области и является самым большим в северной Сибири.

Российские власти говорят о нарушении правил техники безопасности. Опять кто-то покурил в нужном месте😏

[Информатор](https://t.me/+LV7tr2_vgu02NjAy) | [Подписаться](https://t.me/+LV7tr2_vgu02NjAy)","**In Russia, the morning does not start with coffee, but with an explosion and fire at one of the country's largest oil refineries.**

It is located in Angarsk, Irkutsk Oblast, and is the largest in northern Siberia.

Russian authorities say there was a violation of safety rules. Again, someone was smoking in the wrong place 😏

[Informant](https://t.me/+LV7tr2_vgu02NjAy) | [Subscribe](https://t.me/+LV7tr2_vgu02NjAy)",,,,,
1308,1308,8309,"**Для украинских беженцев в Польше **[**изменили правила пребывания**](https://www.ukrinform.ua/amp/rubric-uarazom/3634479-polsa-zminila-pravila-perebuvanna-ta-nadanna-dopomogi-bizencam-z-ukraini.html)** и оказания помощи
**
 Так: 
▪️Украинцы смогут бесплатно проживать во временных приютах только в первые 120 дней с момента первого приезда;
 ▪️С мая 2023 года им нужно будет покрывать 75% средств на проживание;
 ▪️Соцвыплаты на время выезда из страны будут замораживаться. Если пребывание вне Польши составляет более 30 дней, соцстатус будет потерян.

[Информатор](https://t.me/+LV7tr2_vgu02NjAy) | [Подписаться](https://t.me/+LV7tr2_vgu02NjAy)","For Ukrainian refugees in Poland, the rules for residence and assistance have changed:
- Ukrainians can stay free in temporary shelters only for the first 120 days from their first arrival;
- Starting from May 2023, they will need to cover 75% of living expenses;
- Social payments during departure from the country will be frozen. If the stay outside Poland exceeds 30 days, the social status will be lost.

[Informator](https://t.me/+LV7tr2_vgu02NjAy) | [Subscribe](https://t.me/+LV7tr2_vgu02NjAy)",,,,,
1309,1309,8310,"**Курская народная республика. Взрывы. **Что-то опять не поделили с БНР?

[Информатор](https://t.me/+LV7tr2_vgu02NjAy) | [Подписаться](https://t.me/+LV7tr2_vgu02NjAy)","**People's Republic of Kursk. Explosions.** Did they not divide something with the BNH again?

[Informant](https://t.me/+LV7tr2_vgu02NjAy) | [Subscribe](https://t.me/+LV7tr2_vgu02NjAy)",,,,,
1310,1310,8311,"⚡️**Все имущество Януковича изъято в пользу Украины, — Высший антикоррупционный суд

**В частности, конфисковали резиденцию в Межигорье, гостинично-ресторанный комплекс в Сухолучье, квартиру, деньги и более полутысячи культурных ценностей.

Не прошло и 100500 лет🤷🏻‍♂️

[Информатор](https://t.me/+LV7tr2_vgu02NjAy) | [Подписаться](https://t.me/+LV7tr2_vgu02NjAy)","⚡️**All Yanukovych's assets have been seized for the benefit of Ukraine,** — the Supreme Anti-Corruption Court stated.

**In particular, they confiscated his residence in Mezhigoreye, a hotel and restaurant complex in Sukholye, an apartment, money, and over 500 cultural artifacts.

It hasn't even been 100500 years🤷🏻‍♂️

[Informant](https://t.me/+LV7tr2_vgu02NjAy) | [Subscribe](https://t.me/+LV7tr2_vgu02NjAy)",,,,,
1311,1311,8312,"⚡️**Россия и Иран заключили сделку о поставках баллистических ракет. У США есть соответствующие доказательства, — представитель Белого дома Джон Кирби

**Кто бы сомневался, террористы нашли друг друга.

[Информатор](https://t.me/+LV7tr2_vgu02NjAy) | [Подписаться](https://t.me/+LV7tr2_vgu02NjAy)","⚡️**Russia and Iran have达成协议关于弹道导弹的供应。美国有相应的证据，——白宫代表约翰·柯比说**

**Who would have thought, terrorists found each other.**

[Informant](https://t.me/+LV7tr2_vgu02NjAy) | [Subscribe](https://t.me/+LV7tr2_vgu02NjAy)",,,,,
1312,1312,8313,"**Зеленский в вечернем обращении заявил, что тактика России сводится до уничтожения города за городом на Донбассе из артиллерии**, **и поблагодарил украинских бойцов, которые удерживают самые сложные участки фронта в нечеловеческих условиях

**Также президент отметил, что сегодня из российского плена вернулось 64 украинца.

[Информатор](https://t.me/+LV7tr2_vgu02NjAy) | [Подписаться](https://t.me/+LV7tr2_vgu02NjAy)","In his evening address, Zelensky stated that Russia's tactics amount to the destruction city by city on the Donbas front using artillery, and he thanked Ukrainian soldiers who hold the most difficult sectors of the front under inhuman conditions.

The president also noted that today, 64 Ukrainians were returned from Russian captivity.

[Source](https://t.me/+LV7tr2_vgu02NjAy) | [Subscribe](https://t.me/+LV7tr2_vgu02NjAy)",,,,,
1313,1313,8314,"⚡️**В случае ядерного удара в убежищах Киева успеют спрятаться не все. Двери закроются за 5 минут до любого ожидаемого взрыва, чтобы защитить находящихся внутри от радиоактивных осадков, — **[**Кулеба

**](https://www.washingtonpost.com/world/2022/12/14/kyiv-nuclear-bomb-shelters-preparation/)К слову, ранее правительство выпустило [рекомендации](https://dovidka.info/yak-diyaty-v-razi-zastosuvannya-brudnoyi-bomby-yadernoyi-ataky-chy-avariyi-na-aes/#street) что необходимо делать при ядерном взрыве.

[Информатор](https://t.me/+LV7tr2_vgu02NjAy) | [Подписаться](https://t.me/+LV7tr2_vgu02NjAy)","⚡️**Not all in Kyiv's shelters would have time to seek cover in the event of a nuclear strike. Doors will close 5 minutes before any expected explosion to protect those inside from radioactive fallout, — **[Kuleba

**](https://www.washingtonpost.com/world/2022/12/14/kyiv-nuclear-bomb-shelters-preparation/)By the way, the government previously issued [guidelines](https://dovidka.info/yak-diyaty-v-razi-zastosuvannya-brudnoyi-bomby-yadernoyi-ataky-chy-avariyi-na-aes/#street) on what to do during a nuclear explosion.

[Informer](https://t.me/+LV7tr2_vgu02NjAy) | [Subscribe](https://t.me/+LV7tr2_vgu02NjAy)",,,,,
1314,1314,8315,"**Россиянам предлагают в интернете похищенные украинские паспорта, чтобы попасть в Европу

**На популярном в РФ сайте Avito засветилось такое объявление.  **В описании говорится что “украинский паспорт позволяет россиянам пересечь границу с европейскими странами”.

**[Пишут](https://focus.ua/world/540978-rossiyane-skupayut-na-avito-pohishchennye-ukrainskie-pasporta-chtoby-popast-v-evropu-smi-foto), что бланки и оборудование для оформления биометрических паспортов, **предположительно, были украдены из Херсонской области**. ""Оформление"" загранпаспорта Украины стоит $1200.

[Информатор](https://t.me/+LV7tr2_vgu02NjAy) | [Подписаться](https://t.me/+LV7tr2_vgu02NjAy)","**Russians are offered stolen Ukrainian passports online to enter Europe**

**The advertisement appeared on the popular Russian site Avito.** **The description states that a Ukrainian passport allows Russians to cross borders into European countries.**

It is reported that the blank forms and equipment for processing biometric passports were allegedly stolen from Kherson Oblast. **The cost of processing a Ukrainian travel passport is $1200.**

[Source](https://focus.ua/world/540978-rossiyane-skupayut-na-avito-pohishchennye-ukrainskie-pasporta-chtoby-popast-v-evropu-smi-foto) | [Informer's Channel](https://t.me/+LV7tr2_vgu02NjAy) | [Subscribe](https://t.me/+LV7tr2_vgu02NjAy)",,,,,
1315,1315,8316,"**""Мальчик Вова из Киева мечтает о ракетах. Вова, ты получишь ракеты, жди**"", **— ~~имбецил~~ депутат Госдумы РФ решил пошутить на благотворительном мероприятии для детей-сирот **🤦🏻‍♂️

[Информатор](https://t.me/+LV7tr2_vgu02NjAy) | [Подписаться](https://t.me/+LV7tr2_vgu02NjAy)","**""Oleg from Kyiv dreams of rockets. Oleg, you'll get rockets, hang in there"" — the Russian Deputy decided to joke at a charity event for orphaned children 🤦🏻‍♂️**

[Informant](https://t.me/+LV7tr2_vgu02NjAy) | [Subscribe](https://t.me/+LV7tr2_vgu02NjAy)",,,,,
1316,1316,8317,"**Круг замкнулся. На России объявили, что грядут ограничения на удаленную работу для тех, кто покинули страну**🤡

""Своих не бросаем"".

[Информатор](https://t.me/+LV7tr2_vgu02NjAy) | [Подписаться](https://t.me/+LV7tr2_vgu02NjAy)","The circle is complete. Restrictions on remote work are announced for those who left the country in Russia.

""We do not abandon our own.""

[Informer](https://t.me/+LV7tr2_vgu02NjAy) | [Subscribe](https://t.me/+LV7tr2_vgu02NjAy)",,,,,
1317,1317,8318,"**Baykar провел первый полет своего беспилотного военного самолета Bayraktar Kızılelma

**Самолет развивает скорость до 630 км/ч на высоте до 1 км, длительность полета - около 5 часов.

Хорошая штука, надо присмотреться😏

[Информатор](https://t.me/+LV7tr2_vgu02NjAy) | [Подписаться](https://t.me/+LV7tr2_vgu02NjAy)","**Baykar conducted the first flight of its military unmanned aircraft Bayraktar Kızılelma.

**The aircraft can reach speeds up to 630 km/h at an altitude of up to 1 km, with a flight duration of approximately 5 hours.

Pretty cool, worth checking out😏

[Informant](https://t.me/+LV7tr2_vgu02NjAy) | [Subscribe](https://t.me/+LV7tr2_vgu02NjAy)",,,,,
1318,1318,8319,"**Электроприборы рекомендуют включать через 15-20 минут после возвращения электроэнергии

**Это поможет трансформаторам справляться с ростом напряжения, в противном случае будет происходить много локальных аварий.

[Информатор](https://t.me/+LV7tr2_vgu02NjAy) | [Подписаться](https://t.me/+LV7tr2_vgu02NjAy)","**Electrical appliances should be turned on 15-20 minutes after the power returns.**

This will help transformers handle the voltage surge; otherwise, there will be many local outages.

[Informant](https://t.me/+LV7tr2_vgu02NjAy) | [Subscribe](https://t.me/+LV7tr2_vgu02NjAy)",,,,,
1319,1319,8320,"⚡️**Народ Украины** **сегодня официально получил свою премию имени Сахарова от Европарламента

**Церемония состоялась в Страсбурге. Лауреатами премии Европейского парламента ""**За свободу мысли"" в этом году стали Украина, ее народ и президент Владимир Зеленский.** Президент Европарламента Роберта Мацола заявила, что **украинцы сегодня борются за ценности, в которые искренне верят.

**[Информатор](https://t.me/+LV7tr2_vgu02NjAy) | [Подписаться](https://t.me/+LV7tr2_vgu02NjAy)","⚡️**The people of Ukraine** **officially received the Sakharov Prize for Freedom of Thought from the European Parliament today.**

**The ceremony took place in Strasbourg. This year, the European Parliament's Sakharov Prize for Freedom of Thought was awarded to Ukraine, its people, and President Volodymyr Zelensky.** European Parliament President Roberta Metsola stated that **Ukrainians are fighting today for values they genuinely believe in.**

[Informer](https://t.me/+LV7tr2_vgu02NjAy) | [Subscribe](https://t.me/+LV7tr2_vgu02NjAy)",,,,,
1320,1320,8321,"**Самолёт дальнего радиолокационного обнаружения** **А-50 ВКС РФ прилетел в Беларусь**, — **Беларускі Гаюн** 

Эти самолеты **предназначены для выявления целей и дают точки для ударов пилотам истребителей**. Если будет объявлена тревога — не игнорируйте.

[Информатор](https://t.me/+LV7tr2_vgu02NjAy) | [Подписаться](https://t.me/+LV7tr2_vgu02NjAy)","The long-range radar reconnaissance aircraft **A-50 of the Russian Air Force** has arrived in Belarus, — **Belaruskii Gayun**.

These aircraft are **designed to detect targets and provide strike points for fighter pilots**. If an alert is announced — do not ignore it.

[Informer](https://t.me/+LV7tr2_vgu02NjAy) | [Subscribe](https://t.me/+LV7tr2_vgu02NjAy)",,,,,
1321,1321,8322,"**Стрелков vs Соловьев: на России наметилась ""битва века""🤡

**На днях, пропагандист в прямом эфире заявил, что Стрелков ""обосрался"" и призвал его впредь не заниматься военными делами. Тот обиделся, назвал пропагандиста ""резиновым изделием"" и вызвал на дебаты.

Очень ждем.

[Информатор](https://t.me/+LV7tr2_vgu02NjAy) | [Подписаться](https://t.me/+LV7tr2_vgu02NjAy)","**Strelkov vs Solovyov: Russia is gearing up for ""the battle of the century"" 🤡

Recently, the propagandist on live TV claimed that Strelkov ""pooped himself"" and urged him to stop dealing with military matters. Strelkov got offended, called the propagandist a ""rubber product,"" and challenged him to debates.

We can't wait to see it.

[Informer](https://t.me/+LV7tr2_vgu02NjAy) | [Subscribe](https://t.me/+LV7tr2_vgu02NjAy)",,,,,
1322,1322,8323,"**Умер сын? Держите тортик**🤦🏻‍♂️

Чиновники пришли в гости к матерям и женам погибших российских солдат, чтобы ""почтить их память"", **вручили цветы и торт, видимо, чтобы подсластить потерю. ""**Гости"" так уважетильно отнеслись к мероприятию, что даже шапки в помещении не сняли.

Зато сюжет сняли, вата растрогается.

[Информатор](https://t.me/+LV7tr2_vgu02NjAy) | [Подписаться](https://t.me/+LV7tr2_vgu02NjAy)","**Did the son die? Hold the cake** 🤦‍♂️

Officials visited the mothers and wives of deceased Russian soldiers to ""honor their memory,"" gave them flowers and a cake, presumably to sweeten the loss. The guests showed such respectful behavior at the event that they even didn't remove their hats indoors.

They filmed the scene though; the public will be moved by it.

[Source](https://t.me/+LV7tr2_vgu02NjAy) | [Subscribe](https://t.me/+LV7tr2_vgu02NjAy)",,,,,
1323,1323,8324,"[**Подоляк**](https://www.rbc.ua/ukr/news/zelenskogo-zrobili-zayavu-shchodo-finalu-1671013841.html)** предполагает, что война может закончиться к лету 2023 года

**""Это зависит от многих факторов. Если все проанализировать, ресурсную истощенность РФ и постоянно увеличивающееся давление санкционное, и то, что они все больше становятся изгоями — это может произойти уже весной или летом в 2023 году"", — заявил он.

[Информатор](https://t.me/+LV7tr2_vgu02NjAy) | [Подписаться](https://t.me/+LV7tr2_vgu02NjAy)","**Podylayka** suggests that the war could end by summer 2023.

""This depends on many factors. If we analyze everything, Russia's resource exhaustion and the constantly increasing sanction pressure, along with the fact that they are becoming outcasts more and more — this could happen already in the spring or summer of 2023,"" he stated.

[Informer] | [Subscribe]",,,,,
1324,1324,8325,"**Россияне обстреляли Херсон. Появилось видео удара по Херсонской ОВА

**Как всегда, русня подло обстреливает издалека.

[Информатор](https://t.me/+LV7tr2_vgu02NjAy) | [Подписаться](https://t.me/+LV7tr2_vgu02NjAy)","**Russians shelled Kherson. Video shows an attack on the Kherson Oblast Administration.

**As usual, the Russians cowardly shell from a distance.**

[Informer](https://t.me/+LV7tr2_vgu02NjAy) | [Subscribe](https://t.me/+LV7tr2_vgu02NjAy)",,,,,
1325,1325,8326,"[**Маляр**](https://tsn.ua/ru/ato/malyar-rasskazala-o-dopolnitelnoy-mobilizacii-v-ukraine-v-sleduyuschem-godu-2222671.html)**: в Украине возможна новая волна мобилизации, после Нового года

**""Есть потребность в восстановлении военных, которые на войне получили ранения. Эти вещи сложно прогнозировать, потому что мобилизация зависит от потребностей войны. И, кроме того, есть потери и потребность в восстановлении, даже те люди, которые сейчас воюют, нуждаются в замене"", — заявила она.

[Информатор](https://t.me/+LV7tr2_vgu02NjAy) | [Подписаться](https://t.me/+LV7tr2_vgu02NjAy)","[**Maler**](https://tsn.ua/ru/ato/malyar-rasskazala-o-dopolnitelnoy-mobilizacii-v-ukraine-v-sleduyuschem-godu-2222671.html): There may be a new wave of mobilization in Ukraine after the New Year.

""There is a need to restore soldiers who were injured in combat. These things are hard to predict because mobilization depends on the needs of the war. Additionally, there are losses and a need for restoration; even those currently fighting need replacements,"" she stated.

[Informer](https://t.me/+LV7tr2_vgu02NjAy) | [Subscribe](https://t.me/+LV7tr2_vgu02NjAy)",,,,,
1326,1326,8327,"**Очень тревожно. ""Бендеровский"" мост — сжечь**, **краска не поможет**🤡

[Информатор](https://t.me/+LV7tr2_vgu02NjAy) | [Подписаться](https://t.me/+LV7tr2_vgu02NjAy)","**Very worrying. Burn the ""Benderovskiy"" bridge — paint won't help**😂

[Informant](https://t.me/+LV7tr2_vgu02NjAy) | [Subscribe](https://t.me/+LV7tr2_vgu02NjAy)",,,,,
1327,1327,8328,"**Жан-Клод Ван Дамм**, **находящийся сейчас в Украине, выдал базу**🇺🇦

[Информатор](https://t.me/+LV7tr2_vgu02NjAy) | [Подписаться](https://t.me/+LV7tr2_vgu02NjAy)","**Jean-Claude Van Damme**, who is currently in Ukraine, has provided a base **🇺🇦**

[Informant](https://t.me/+LV7tr2_vgu02NjAy) | [Subscribe](https://t.me/+LV7tr2_vgu02NjAy)",,,,,
1328,1328,8329,"**Матери пропавшего российского военного уже полгода сообщают, что ее сын жив и здоров, ""просто с ним нет связи""🤦🏻‍♂️

**На самом деле, то что он ""жив и здоров"" очень сомнительно: сослуживцы военного скинули женщине рапорт, из которого следует, что ее сын **""безвести пропал"" ещё летом.

**""Потерь нет"", что еще не ясно?

[Информатор](https://t.me/+LV7tr2_vgu02NjAy) | [Подписаться](https://t.me/+LV7tr2_vgu02NjAy)","The mother of the missing Russian military personnel has been told for half a year that her son is alive and well, ""simply with no contact."" 🤦‍♂️

In reality, it is highly doubtful that he is ""alive and well"": colleagues of the military member sent the woman a report indicating that her son was ""last known to be missing"" in the summer.

""Why hasn't anyone reported any losses yet?""

[Source](https://t.me/+LV7tr2_vgu02NjAy) | [Subscribe](https://t.me/+LV7tr2_vgu02NjAy)",,,,,
1329,1329,8330,"**Хороший певец, главное, что есть аудитория🤡**

[Информатор](https://t.me/+LV7tr2_vgu02NjAy) | [Подписаться](https://t.me/+LV7tr2_vgu02NjAy)","A good singer, the main thing is that there's an audience 🤡

[Informant] | [Subscribe]",,,,,
1330,1330,8331,"**Оказывается, украинский язык — это ""исконно кубанская балачка, которая постепенно теряется""**🤦🏻‍♂️

Ватанам нравится.

[Информатор](https://t.me/+LV7tr2_vgu02NjAy) | [Подписаться](https://t.me/+LV7tr2_vgu02NjAy)","It turns out that the Ukrainian language is ""an ancient Kuban dialect that is gradually fading away.""😂

Nationalists like it.

[Informer](https://t.me/+LV7tr2_vgu02NjAy) | [Subscribe](https://t.me/+LV7tr2_vgu02NjAy)",,,,,
1331,1331,8332,"**""За Рязань"". Надпись на обломках сбитого в Киеве дрона

UPD:** КГВА: над Киевом сбито 13 дронов-камикадзе, отбой тревоги в области.

[Информатор](https://t.me/+LV7tr2_vgu02NjAy) | [Подписаться](https://t.me/+LV7tr2_vgu02NjAy)","**""For Ryazan."" The inscription on the remnants of a drone shot down in Kyiv

UPDATE:** KBGVA: 13 suicide drones were shot down over Kyiv. All clear from alert in the region.

[Informant](https://t.me/+LV7tr2_vgu02NjAy) | [Subscribe](https://t.me/+LV7tr2_vgu02NjAy)",,,,,
1332,1332,8333,"**⚡️В следствии падения обломка от ""шахеда"" в Киеве люди не пострадали, **— пресс-секретарь ГСЧС Водолага

[Информатор](https://t.me/+LV7tr2_vgu02NjAy) | [Подписаться](https://t.me/+LV7tr2_vgu02NjAy)","**⚡️As a result of the fragment from a ""Shahed"" falling in Kyiv, no one was injured,** — said the GSCHS press secretary Vodolaga.

[Informer](https://t.me/+LV7tr2_vgu02NjAy) | [Subscribe](https://t.me/+LV7tr2_vgu02NjAy)",,,,,
1333,1333,8334,"**⚡️Последствия утренней **[атаки](https://t.me/ukrinformator/30431)** на Киев и область: прилетело в частный дом в Вишневом, — ОП

**[Информатор](https://t.me/+LV7tr2_vgu02NjAy) | [Подписаться](https://t.me/+LV7tr2_vgu02NjAy)","**⚡️Consequences of the morning attack on Kyiv and the region: a missile hit a private home in Vyskovo,** — OП

[Informer] | [Subscribe]",,,,,
1334,1334,8335,"**Осколок от сбитого дрона повредил два админздания в Киеве, — КГВА

**Опасность еще не миновала.

[Информатор](https://t.me/+LV7tr2_vgu02NjAy) | [Подписаться](https://t.me/+LV7tr2_vgu02NjAy)","A fragment from a drone that was shot down damaged two administrative buildings in Kyiv, — KGVU

The danger has not yet passed.

[Informant](https://t.me/+LV7tr2_vgu02NjAy) | [Subscribe](https://t.me/+LV7tr2_vgu02NjAy)",,,,,
1335,1335,8336,"**❗️Есть опасность второй волны** **атаки беспилотниками, — глава Житомирской ОВА

**[Информатор](https://t.me/+LV7tr2_vgu02NjAy) | [Подписаться](https://t.me/+LV7tr2_vgu02NjAy)","**❗️There is a danger of a second wave of drone attacks,** — the head of Zhytomyr OVA says.

**[Informer](https://t.me/+LV7tr2_vgu02NjAy) | [Subscribe](https://t.me/+LV7tr2_vgu02NjAy)**",,,,,
1336,1336,8337,"**⚡️ПВО уничтожила 10 дронов над Киевской областью и Киевом , — Кличко

**[Информатор](https://t.me/+LV7tr2_vgu02NjAy) | [Подписаться](https://t.me/+LV7tr2_vgu02NjAy)","**⚡️Air defense destroyed 10 drones over Kyiv Oblast and Kyiv, — Klitschko**

[Source](https://t.me/+LV7tr2_vgu02NjAy) | [Subscribe](https://t.me/+LV7tr2_vgu02NjAy)",,,,,
1337,1337,8338,"**⚡️""Взрывы в Шевченковском районе Киева. Подробности позже""**, - Кличко.

[Информатор](https://t.me/+LV7tr2_vgu02NjAy) | [Подписаться](https://t.me/+LV7tr2_vgu02NjAy)","**⚡️""Explosions in the Shevchenkivskyi District of Kyiv. More details later,""** - Klitschko.

[Source](https://t.me/+LV7tr2_vgu02NjAy) | [Subscribe](https://t.me/+LV7tr2_vgu02NjAy)",,,,,
1338,1338,8339,"**❗️Взрывы в Киеве.** Работает ПВО. Летят шахеды. Часть дронов сбита.

[Информатор](https://t.me/+LV7tr2_vgu02NjAy) | [Подписаться](https://t.me/+LV7tr2_vgu02NjAy)","**❗️Explosions in Kyiv.** Air defense is operational. Shahed drones are being shot down. Some drones have been hit.

[Source](https://t.me/+LV7tr2_vgu02NjAy) | [Subscribe](https://t.me/+LV7tr2_vgu02NjAy)",,,,,
1339,1339,8340,"**Житель Винницы построил собственную мини-ГЭС (!) на случай блэкаута

**Колесо непрерывно крутится и производит электроэнергию, которую можно использовать **для освещения помещения или для зарядки мобильных телефонов**, фонариков и автомобильных аккумуляторов.

Рашисты, кого вы пытаетесь победить?

[Информатор](https://t.me/+LV7tr2_vgu02NjAy) | [Подписаться](https://t.me/+LV7tr2_vgu02NjAy)","A resident of Vinnytsia built their own mini hydroelectric power station (!) in case of a blackout.

The wheel continuously turns and produces electricity that can be used for lighting the room or charging mobile phones, flashlights, and car batteries.

Nazis, who are you trying to defeat?

[Informant](https://t.me/+LV7tr2_vgu02NjAy) | [Subscribe](https://t.me/+LV7tr2_vgu02NjAy)",,,,,
1340,1340,8341,"**На беларусской технике, которая перемещается в сторону границы с Украиной, заметили тактические знаки — красный квадрат

**Обычно, тактические обозначения наносят на технику перед её участием в боевых действиях для визуального **различия ""свой - чужой"". Отметим, что знак не новый.** В последний раз он был замечен на беларусской технике в марте, когда российские войска ещё стояли под Киевом и обсуждался вопрос вовлечения Беларуси в войну.

Отметим, что **ни украинская разведка, ни Пентагон не считают, что ВС РБ готовятся вторгаться в Украину**. Поэтому, вся эта история с перемещением и знаками может быть просто бряцанием оружия для нагнетания.

[Информатор](https://t.me/+LV7tr2_vgu02NjAy) | [Подписаться](https://t.me/+LV7tr2_vgu02NjAy)","**On Belarusian military equipment moving towards the border with Ukraine, tactical signs were noticed—a red square.**

**Typically, tactical markings are applied to equipment before it participates in combat operations to distinguish ""friend from foe"" visually. Note that this sign is not new.** It was last spotted on Belarusian equipment in March, when Russian forces were still besieging Kyiv and the question of involving Belarus in the war was being discussed.

It's worth noting that neither Ukrainian intelligence nor the Pentagon believes that the Belarusian Armed Forces are preparing to invade Ukraine. Therefore, all this talk about movement and signs could just be showboating to create tension.

[Informer](https://t.me/+LV7tr2_vgu02NjAy) | [Subscribe](https://t.me/+LV7tr2_vgu02NjAy)",,,,,
1341,1341,8342,"**Apple планирует разрешить пользователям из Европы загружать приложения на устройства не только из App Store, — **[**Bloomberg

**](https://www.bloomberg.com/news/articles/2022-12-13/will-apple-allow-users-to-install-third-party-app-stores-sideload-in-europe?srnd=premium-europe)Причиной решения послужили требования Евросоюза, которые вступят в силу в 2024 году.

На фоне этой новости укрепились акции компаний, предлагающих услуги знакомств😏

[Информатор](https://t.me/+LV7tr2_vgu02NjAy) | [Подписаться](https://t.me/+LV7tr2_vgu02NjAy)","**Apple plans to allow European users to download apps onto their devices from sources other than the App Store,** — according to Bloomberg.

The decision follows EU requirements that will come into effect in 2024.

In light of this news, stocks of dating service companies have strengthened. 😏

[Informant](https://t.me/+LV7tr2_vgu02NjAy) | [Subscribe](https://t.me/+LV7tr2_vgu02NjAy)",,,,,
1342,1342,8343,"**Ежедневно Украина получает новые силы, чтобы пройти эту зиму: Франция выделит 1 млрд. евро, Чехия, Испания, Швейцария, Норвегия предоставят дополнительные пакеты поддержки, Италия поможет оружием**, — Президент Зеленский

Также он добавил, что подписал закон о Окружного админ суда Киева. ""Эта история завершилась. А история реформ продолжается даже во время такой войны"".

[Информатор](https://t.me/+LV7tr2_vgu02NjAy) | [Подписаться](https://t.me/+LV7tr2_vgu02NjAy)","**Every day, Ukraine gains new strength to get through this winter: France will allocate 1 billion euros, Czechia, Spain, Switzerland, and Norway will provide additional support packages, and Italy will assist with weapons,** — President Zelensky said.

He also added that he had signed a law establishing the Kiev City Circuit Court. ""This story is over. But the story of reforms continues even during such a war.""

[Informer](https://t.me/+LV7tr2_vgu02NjAy) | [Subscribe](https://t.me/+LV7tr2_vgu02NjAy)",,,,,
1343,1343,8344,"**""Это видят наши дети. Никакой цензуры"", — женщина на России увидела рекламу ""смены пола"" и возмутилась

**Вот только есть одно но: **рекламировали смену пола в квартире (!)**🤷🏻‍♂️

[Информатор](https://t.me/+LV7tr2_vgu02NjAy) | [Подписаться](https://t.me/+LV7tr2_vgu02NjAy)","""This is seen by our children. No censorship,"" — the woman in Russia saw an advertisement for ""gender change"" and was outraged.

*However, there's one thing: they advertised a gender change in an apartment (!) 🤷🏻‍♂️

[Informer](https://t.me/+LV7tr2_vgu02NjAy) | [Subscribe](https://t.me/+LV7tr2_vgu02NjAy)",,,,,
1344,1344,8345,"**Вот как выглядит передвижение гусеничной техники на фронте сейчас.** Покажите это тем, кто не доволен темпами наступления.

[Информатор](https://t.me/+LV7tr2_vgu02NjAy) | [Подписаться](https://t.me/+LV7tr2_vgu02NjAy)","Here is how tracked machinery is moving on the front lines right now. Show this to those who are dissatisfied with the pace of the advance.

[Informant](https://t.me/+LV7tr2_vgu02NjAy) | [Subscribe](https://t.me/+LV7tr2_vgu02NjAy)",,,,,
1345,1345,8346,"**Рейтинги Pornhub за 2022 год подъехали: Украина потеряла две позиции, но вошла в топ-20 стран с самым высоким ежедневным трафиком

**Подробности на фото. Отметим только, что «украинское порно» в этом году обошло «русское домашнее» и вошло в топ-5 запросов😏

[Информатор](https://t.me/+LV7tr2_vgu02NjAy) | [Подписаться](https://t.me/+LV7tr2_vgu02NjAy)","The Pornhub ratings for 2022 are in: Ukraine dropped two positions but entered the top 20 countries with the highest daily traffic.

Details in the photo. Note that "" Ukrainian porn"" this year surpassed ""Russian homemade"" and entered the top 5 search queries 😏

[Informant](https://t.me/+LV7tr2_vgu02NjAy) | [Subscribe](https://t.me/+LV7tr2_vgu02NjAy)",,,,,
1346,1346,8347,"**Левый берег Херсонщины. Новая Каховка. ""Великие"" рашистские солдаты угоняют авто мирных жителей

**Это и есть ваше ""освобождение""?

[Информатор](https://t.me/+LV7tr2_vgu02NjAy) | [Подписаться](https://t.me/+LV7tr2_vgu02NjAy)","**The Left Bank of Kherson Oblast. Nova Kakhovka. ""Great"" Russian soldiers are stealing cars from peaceful residents.**

Is this your so-called ""liberation""?

[Informant](https://t.me/+LV7tr2_vgu02NjAy) | [Subscribe](https://t.me/+LV7tr2_vgu02NjAy)",,,,,
1347,1347,8348,"**⚡️США завершают разработку планов по отправке системы противоракетной обороны Рatriot в Украину. О передаче может быть объявлено уже на этой неделе, — **[**CNN

**](https://edition.cnn.com/2022/12/13/politics/us-patriot-missile-defense-system-ukraine/index.html)ЗРК Рatriot** **— станет** самой эффективной системой оборонительного оружия** большой дальности, которую отправят в Украину. Она предназначена для перехвата баллистических и крылатых ракет**.

**[Информатор](https://t.me/+LV7tr2_vgu02NjAy) | [Подписаться](https://t.me/+LV7tr2_vgu02NjAy)","**⚡️The US is finalizing plans to send the Patriot anti-missile defense system to Ukraine. An announcement could be made this week, according to CNN.**

**The Patriot ZRK** **will become the most effective long-range defensive weapon** sent to Ukraine. It is designed to intercept ballistic and cruise missiles.

**[Informer] | [Subscribe]**",,,,,
1348,1348,8349,"**⚡️Россия планирует восстановить способности и совершить ещё одно ""большое наступление"" к концу января-февраля, — **[**глава МИД Кулеба

**](https://www.ukrinform.ua/rubric-ato/3633500-rosia-spodivaetsa-vidnoviti-spromoznosti-dla-nastupu-do-sicnalutogo-kuleba.html#:~:text=%C2%AB%D0%AF%20%D0%BD%D0%B5%20%D0%BA%D0%B0%D0%B6%D1%83%2C%20%D1%89%D0%BE%20%D1%86%D0%B5,%D0%B2%20%D0%A3%D0%BA%D1%80%D0%B0%D1%97%D0%BD%D1%83%C2%BB%2C%20%2D%20%D0%B4%D0%BE%D0%B4%D0%B0%D0%B2%20%D0%B3%D0%BB%D0%B0%D0%B2%D0%B0)""Я **не говорю, что это точно произойдет**, но по лучшему сценарию, **учитывая мобилизацию**, призыв, который они объявили, а также **тренировку новых призывников** и движение их тяжелого оружия по стране, они точно **сохраняют надежды на то, что они смогут пробиться сквозь нашу линию и продвинуться глубже в Украину**"", – заявил он.

[Информатор](https://t.me/+LV7tr2_vgu02NjAy) | [Подписаться](https://t.me/+LV7tr2_vgu02NjAy)","**⚡️Russia plans to restore its capabilities and launch another ""major offensive"" by the end of January-February, according to Foreign Minister Kuleba.**

""He does not say that this will definitely happen, but under the best scenario, considering the mobilization they announced, the call-up of new recruits, as well as the training of these recruits and the movement of their heavy weaponry across the country, they certainly hope to break through our line and advance deeper into Ukraine,"" he stated.

[Informer](https://t.me/+LV7tr2_vgu02NjAy) | [Subscribe](https://t.me/+LV7tr2_vgu02NjAy)",,,,,
1349,1349,8350,"**Борис Джонсонюк впервые послушал популярный украинский хит😏

**[Информатор](https://t.me/+LV7tr2_vgu02NjAy) | [Подписаться](https://t.me/+LV7tr2_vgu02NjAy)","Boris Johnson listened to a popular Ukrainian hit for the first time 😏

**[Informer](https://t.me/+LV7tr2_vgu02NjAy) | [Subscribe](https://t.me/+LV7tr2_vgu02NjAy)",,,,,
1350,1350,8351,"**Запорожскую область будет проще освободить, чем Херсонскую. Украинская армия сможет обойти по флангам и окружить оборонительные позиции российских войск, — Арестович

**По его словам, в Херсонской области **были ирригационные каналы, каждый из которых противотанковый ров.** ""Накопить силы и форсировать невозможно. Мы там пролили изрядно крови – и своей, и чужой. Было очень сложно"". Поэтому, Арестович считает, что на Запорожском направлении будет проще.

[Информатор](https://t.me/+LV7tr2_vgu02NjAy) | [Подписаться](https://t.me/+LV7tr2_vgu02NjAy)","It will be easier to liberate the Zaporizhzhia region than the Kherson region. The Ukrainian army can flank and encircle the defensive positions of Russian forces. — Arrestovich

According to him, in the Kherson region there were irrigation canals, each serving as an anti-tank ditch. ""It was impossible to gather strength and cross them. We spilled a lot of blood — both ours and others'. It was very difficult."" Therefore, Arrestovich believes that the Zaporizhzhia direction will be easier. 

[Informer](https://t.me/+LV7tr2_vgu02NjAy) | [Subscribe](https://t.me/+LV7tr2_vgu02NjAy)",,,,,
1351,1351,8352,"**""Вторая армия мира"" во всей красе: оккупанты по пути на войну просрали БМП🤷🏻‍♂️

**[Информатор](https://t.me/+LV7tr2_vgu02NjAy) | [Подписаться](https://t.me/+LV7tr2_vgu02NjAy)","**Second Army in Full Glory:** The occupiers messed up the BMPs on their way to war🤷🏻‍♂️

**[Informant](https://t.me/+LV7tr2_vgu02NjAy) | [Subscribe](https://t.me/+LV7tr2_vgu02NjAy)",,,,,
1352,1352,8353,"**Пропагандоны уже в открытую готовятся к войне с НАТО, хотя ещё недавно «брали Киев за 3 дня»

**Не обошлось и без сказок о том, что Польша** уже готовит нападение** на Калининград.

[Информатор](https://t.me/+LV7tr2_vgu02NjAy) | [Подписаться](https://t.me/+LV7tr2_vgu02NjAy)","Propagandists are openly preparing for war with NATO, despite previously claiming they could take Kyiv in three days.

There were also tales that Poland is already preparing to attack Kaliningrad.

[Source](https://t.me/+LV7tr2_vgu02NjAy) | [Subscribe](https://t.me/+LV7tr2_vgu02NjAy)",,,,,
1353,1353,8354,"**Их поддержка...

**[Информатор](https://t.me/+LV7tr2_vgu02NjAy) | [Подписаться](https://t.me/+LV7tr2_vgu02NjAy)","Their support...

[Informant](https://t.me/+LV7tr2_vgu02NjAy) | [Subscribe](https://t.me/+LV7tr2_vgu02NjAy)",,,,,
1354,1354,8355,"**⚡️В Беларусь прилетели три МиГ-31К ВКС РФ носители ""Кинжалов"", — Гаюн

**Зашли в воздушное пространство РБ они в **15:06, 15:11 и 15:20**. Направляются **на военный аэродром Мачулищи. 

**Именно эти истребители могут нести на себе гиперзвуковые аэробаллистические ракеты **Х-47М2 «Кинжал»** и **способны запускать их на расстоянии в 2 000 км. 

**К сожалению, тревоги в Украине теперь могут быть чаще.

[Информатор](https://t.me/+LV7tr2_vgu02NjAy) | [Подписаться](https://t.me/+LV7tr2_vgu02NjAy)","**⚡️Three MiG-31K fighters from the Russian Air Force carrying ""Kinzhals"" arrived in Belarus, — Gayun

They entered Belarusian airspace at **15:06, 15:11, and 15:20**. They are heading to the Machulishchy military airfield.

These fighters can carry hypersonic air-launched ballistic missiles **Kh-47M2 Kinzhals** and are capable of launching them up to 2,000 km away.

Unfortunately, this means that Ukraine can now expect more frequent alerts.

[Source](https://t.me/+LV7tr2_vgu02NjAy) | [Subscribe](https://t.me/+LV7tr2_vgu02NjAy)",,,,,
1355,1355,8356,"**В соседнюю с Волынью Брестскую область к границе с Украиной перебрасывают **[**ещё одну**](https://t.me/ukrinformator/30381)**, 103-ю витебскую бригаду ССО ВС РБ, — Беларускі Гаюн

**Прямо сейчас туда направляется крупный эшелон с техникой этой бригады. В колонне как минимум: 
▪️БТР — мин. 10 ед;
▪️МБТС «Кайман» — мин. 3 ед;
▪️МАЗы, Уралы — мин. 25 ед;
▪️Бензовозы — мин. 2 ед;
▪️Вагоны пассажирские и грузовые. 

[Информатор](https://t.me/+LV7tr2_vgu02NjAy) | [Подписаться](https://t.me/+LV7tr2_vgu02NjAy)","To the Brest Region bordering Ukraine from Volyn, another unit, the 103rd Vitebsk Brigade of the BSO (Border Security Forces) of the Belarusian Armed Forces is being deployed, according to Belaruskii Gayun.

A large trainload of this brigade's equipment is currently en route there. The column includes at least:
- BTRs - at least 10 units;
- ""Caiman"" MBT (armored personnel carriers) - at least 3 units;
- MAZ and Ural trucks - at least 25 units;
- Fuel tankers - at least 2 units;
- Passenger and cargo wagons.

[Informer] | [Subscribe]",,,,,
1356,1356,8357,"**Предварительно, три носителя ""Кинжалов"" МиГ-31К вылетели из Рязани в направлении Беларуси. Вот почему в Украине дали тревогу

**Есть ли ракеты ""Кинжал"" на подвеске пока не известно. Тревогу рекомендуем не игнорировать.

[Информатор](https://t.me/+LV7tr2_vgu02NjAy) | [Подписаться](https://t.me/+LV7tr2_vgu02NjAy)","**Initially, three MiG-31K ""Kinzhal"" missile carriers took off from Rязan in the direction of Belarus. That's why there is an alert in Ukraine.

It is not yet known if the ""Kinzhal"" missiles are on the launchers. We recommend not ignoring this alert.

[Source](https://t.me/+LV7tr2_vgu02NjAy) | [Subscribe](https://t.me/+LV7tr2_vgu02NjAy)",,,,,
1357,1357,8358,"**❗️Воздушная тревога по всей (!) территории Украины, в том числе в Крыму. Возможен запуск ракет вражеской авиацией

**[Информатор](https://t.me/+LV7tr2_vgu02NjAy) | [Подписаться](https://t.me/+LV7tr2_vgu02NjAy)","**❗️Air raid alert across the entire territory of Ukraine, including Crimea. There is a possibility of missile launches by enemy aircraft.

[Informant](https://t.me/+LV7tr2_vgu02NjAy) | [Subscribe](https://t.me/+LV7tr2_vgu02NjAy)",,,,,
1358,1358,8359,"**⚡️Starlink, генераторы и оборудование для эксплуатации теперь можно ввозить в Украину без таможенных пошлин и НДС до мая 2023 года

**Это касается как юридических, так и физических лиц. Соответствующие Рада поддержала соответствующие законопроекты.
 
[Информатор](https://t.me/+LV7tr2_vgu02NjAy) | [Подписаться](https://t.me/+LV7tr2_vgu02NjAy)","**⚡️Starlink, generators, and equipment for operation can now be imported into Ukraine duty-free and VAT-free until May 2023.

This applies to both legal entities and individuals. The relevant bills have been supported by the Parliament.**

[Informer](https://t.me/+LV7tr2_vgu02NjAy) | [Subscribe](https://t.me/+LV7tr2_vgu02NjAy)",,,,,
1359,1359,8360,"**Бойцы ВСУ потопили крейсер ""Москва"" украинской (!) ракетой ""Нептун"" благодаря плохой погоде и самоуверенности российских моряков: появились подробности ""операции**""

По данным УП, **около 16 часов 13 апреля **оператор комплекса ""Нептун"" получил очень неожиданные данные – обычный **радар показывал большую цель примерно в 120 км от берега.** Объектом такого размера в этом секторе мог быть только крейсер ""Москва"". 

**Россияне** были настолько уверены в своей недосягаемости для украинских сил, что, **вероятно, даже не активировали системы ПВО.** Наши бойцы поняли, что ""Нептуны"" попали в цель, только **когда ""Москва"" внезапно двинулась и пыталась спрятаться за ""вышки Бойко"".

**На фото — **исторический пуск ракеты, которая потопила российский флагман.

**[Информатор](https://t.me/+LV7tr2_vgu02NjAy) | [Подписаться](https://t.me/+LV7tr2_vgu02NjAy)","**The fighters of the Ukrainian Armed Forces sank the cruiser ""Moscow"" with a Ukrainian ""Neptune"" missile thanks to bad weather and the Russian sailors' overconfidence: Details of the ""operation"" have emerged**

According to UP, around 4 PM on April 13, the operator of the ""Neptune"" complex received very unexpected data – the radar showed a large target about 120 km from shore. In this sector, an object of that size could only be the cruiser ""Moscow.""

The Russians were so confident in their invulnerability to Ukrainian forces that they likely did not even activate their air defense systems. Our soldiers realized that the ""Neptunes"" had hit the target only when the ""Moscow"" suddenly moved and tried to hide behind the ""Boiko masts.""

In the photo is the historic launch of the missile that sank the Russian flagship.

**[Informant](https://t.me/+LV7tr2_vgu02NjAy) | [Subscribe](https://t.me/+LV7tr2_vgu02NjAy)**",,,,,
1360,1360,8361,"⚡️**Верховная Рада Украины ликвидировала Окружной админсуд Киева

**""За"" отдали 310 народных депутатов. 

Это тот самый ОАСК, который должен был ""назначить Януковича президентом"" в случае захвата российскими войсками Киева.

[Информатор](https://t.me/+LV7tr2_vgu02NjAy) | [Подписаться](https://t.me/+LV7tr2_vgu02NjAy)","⚡️**The Verkhovna Rada of Ukraine has abolished the City Administrative Court of Kyiv.**

**In favor**, 310 deputies voted.

This is the very OASK that was supposed to ""appoint Yanukovich as president"" in case Russian troops took over Kyiv.

[Informant](https://t.me/+LV7tr2_vgu02NjAy) | [Subscribe](https://t.me/+LV7tr2_vgu02NjAy)",,,,,
1361,1361,8362,"**Через ""Дію"" теперь можно сменить адрес регистрации ВПО

**Также через приложение временно-перемещенные лица могут получить и отменить такой статус и изменить адрес фактического проживания.

[Информатор](https://t.me/+LV7tr2_vgu02NjAy) | [Подписаться](https://t.me/+LV7tr2_vgu02NjAy)","**Through ""Дія,"" you can now change the registered address of your higher education institution.

**Also, through the application, temporarily relocated individuals can obtain, revoke, and change their actual place of residence status.

[Informer](https://t.me/+LV7tr2_vgu02NjAy) | [Subscribe](https://t.me/+LV7tr2_vgu02NjAy)",,,,,
1362,1362,8363,"**Россия использует все свои пригодные запасы снарядов ещё до начала 2023 года**, — [**Reuters**](https://www.reuters.com/world/europe/burning-through-ammo-russia-using-40-year-old-rounds-us-official-says-2022-12-12/)** со ссылкой на чиновника Минобороны США
 
**Всё из-за высокой интенсивности использования артиллерии. **При такой же интенсивности огня и отсутствия поставок из других стран, РФ очень скоро исчерпает всё, что у неё есть.

**[Информатор](https://t.me/+LV7tr2_vgu02NjAy) | [Подписаться](https://t.me/+LV7tr2_vgu02NjAy)","**Russia is using all of its suitable ammunition supplies before the start of 2023,** according to a U.S. official quoted by **Reuters**.

**This is due to the high intensity of artillery use.** At the same rate of fire and without supply deliveries from other countries, Russia will quickly exhaust everything it has.

**[Source](https://t.me/+LV7tr2_vgu02NjAy) | [Subscribe](https://t.me/+LV7tr2_vgu02NjAy)**",,,,,
1363,1363,8364,"**Бахмут. Город, который россияне превратили в ад на земле

**Наши бойцы держат оборону.

[Информатор](https://t.me/+LV7tr2_vgu02NjAy) | [Подписаться](https://t.me/+LV7tr2_vgu02NjAy)","**Bakhmut. A City Turned into Hell by Russians

Our soldiers hold the defense.

[Informant](https://t.me/+LV7tr2_vgu02NjAy) | [Subscribe](https://t.me/+LV7tr2_vgu02NjAy)",,,,,
1364,1364,8365,"**Первые подразделения беларусских войск выдвинулись из пунктов постоянной дислокации к границе с Украиной

**По данным ""Беларускі Гаюн"", в сторону Малориты/Мокран выдвинулась колонна 38-й отдельной десантно-штурмовой бригады. В составе колонны не менее:
**▪️25 БТР-80** и около **30 грузовиков МАЗ** с личным составом;
**▪️3 буксируемых автомобилем 120-мм миномета 2Б23 «Нона-М1»** и 2 топливозаправщика;
▪️командно-штабная машина Р-145БМ и2 машины связи;
▪️не менее 5 машин пограничной службы РБ, машина скорой помощи и 2 полевые кухни.

[Информатор](https://t.me/+LV7tr2_vgu02NjAy) | [Подписаться](https://t.me/+LV7tr2_vgu02NjAy)","The first detachments of Belarusian troops have moved from their permanent bases to the border with Ukraine.

According to ""Belarusian Herald,"" a column of the 38th Separate Airborne Assault Brigade is moving towards Malorit/Mokran. The column consists of at least:
- 25 BTR-80 armored personnel carriers and about 30 MAZ trucks carrying the crew;
- 3 towed 120-mm mortars 2B23 ""Nona-M1"" and 2 fuel tankers;
- a command post vehicle R-145BM and 2 communication vehicles;
- at least 5 border guard vehicles, an ambulance, and 2 field kitchens.

[Source](https://t.me/+LV7tr2_vgu02NjAy) | [Subscribe](https://t.me/+LV7tr2_vgu02NjAy)",,,,,
1365,1365,8366,"**Без света и без россиян или со светом, но с россиянами: мнение украинцев**

Рашисты, вам всё понятно?

[Информатор](https://t.me/+LV7tr2_vgu02NjAy) | [Подписаться](https://t.me/+LV7tr2_vgu02NjAy)","**Without Light and Without Russians or With Light but With Russians: Ukrainian Opinion

Do You Understand, Fascists?

[Informer](https://t.me/+LV7tr2_vgu02NjAy) | [Subscribe](https://t.me/+LV7tr2_vgu02NjAy)",,,,,
1366,1366,8367,"⚡️**Сегодня в Беларусь, возможно, прилетят истребители МиГ-31К с гиперзвуковыми ракетами ""Кинжал**"", — российские военкоры

Количество самолетов не уточняется. Информация пока не подтверждена. ""**О прилете самолетов можно будет конкретно говорить за 15-20 минут до их посадки на одном из аэродромов в РБ**"", — Беларускі Гаюн.

[Информатор](https://t.me/+LV7tr2_vgu02NjAy) | [Подписаться](https://t.me/+LV7tr2_vgu02NjAy)","⚡️**Today, MiG-31K interceptors with Kinzhal hypersonic missiles may arrive in Belarus,**— Russian military correspondents

The number of aircraft is not specified. The information has not been confirmed yet. ""**We can provide specific details about the arrival of the aircraft 15-20 minutes before their landing at one of the airfields in Belarus**,""— Belaruskii Gayun.

[Informant](https://t.me/+LV7tr2_vgu02NjAy) | [Subscribe](https://t.me/+LV7tr2_vgu02NjAy)",,,,,
1367,1367,8368,"**Появилось видео с последствиями **[**удара**](https://t.me/ukrinformator/30374)** по российским казармам в Клинцах Брянской области **😏

[Информатор](https://t.me/+LV7tr2_vgu02NjAy) | [Подписаться](https://t.me/+LV7tr2_vgu02NjAy)","Here's the translation:

**Video emerged showing the aftermath of **[**the strike**](https://t.me/ukrinformator/30374)** on Russian barracks in Kliny, Bryansk region **😏

[Informer](https://t.me/+LV7tr2_vgu02NjAy) | [Subscribe](https://t.me/+LV7tr2_vgu02NjAy)",,,,,
1368,1368,8369,"**Первая наркоманская армия мира в беларусском Гомеле🤷🏻‍♂️

**Проверка на «боеготовность», судя по всему, уже началась.

[Информатор](https://t.me/+LV7tr2_vgu02NjAy) | [Подписаться](https://t.me/+LV7tr2_vgu02NjAy)","**The World's First Narco-Army in Belarusian Gomel🤷🏻‍♂️

**A test of ""battle readiness"" seems to have already begun.**

[Informant](https://t.me/+LV7tr2_vgu02NjAy) | [Subscribe](https://t.me/+LV7tr2_vgu02NjAy)",,,,,
1369,1369,8370,"**⚡️В Беларуси начата внезапная проверка боевой готовности по приказу Лукашенко, — пресс-служба Минобороны РБ**

В **кратчайшие сроки войска выдвинуться в назначенные районы. З**апланировано передвижение военной техники: движение гражданского транспорта по дорогам может быть ограничено.

[Информатор](https://t.me/+LV7tr2_vgu02NjAy) | [Подписаться](https://t.me/+LV7tr2_vgu02NjAy)","**⚡️In Belarus, a sudden check of combat readiness has begun at Lukashenko's order, according to the press service of the Ministry of Defense of Belarus.**

The troops must **move to designated areas in the shortest possible time. Military vehicles will be moving, and civilian traffic on roads may be restricted.**

[Source](https://t.me/+LV7tr2_vgu02NjAy) | [Subscribe](https://t.me/+LV7tr2_vgu02NjAy)",,,,,
1370,1370,8371,"**Хорошие новости, света, возможно, будет больше: Украина восстановила работу всех атомных энергоблоков**, **которые находятся под нашим контролем, **— министр энергетики Галущенко

Сегодня ночью к энергосистеме Украины подключили уже 9-й энергоблок-тысячник (на 1000 МВт). Сейчас он набирает мощность.

[Информатор](https://t.me/+LV7tr2_vgu02NjAy) | [Подписаться](https://t.me/+LV7tr2_vgu02NjAy)","**Good news, lights may be brighter: Ukraine has restored the operation of all nuclear power plants under our control,** — Minister of Energy Galyutenko said.

Tonight, Ukraine's energy system was connected to its 9th thousand-megawatt reactor (1000 MW). It is currently ramping up its capacity.

[Informer](https://t.me/+LV7tr2_vgu02NjAy) | [Subscribe](https://t.me/+LV7tr2_vgu02NjAy)",,,,,
1371,1371,8372,"**Брянская область, база ВС РФ. Поднимается дым.** Нового папу выбирают?

[Информатор](https://t.me/+LV7tr2_vgu02NjAy) | [Подписаться](https://t.me/+LV7tr2_vgu02NjAy)","**Bryansk Oblast, Russian Armed Forces base. Smoke is rising.** Are they choosing a new pope?

[Informant](https://t.me/+LV7tr2_vgu02NjAy) | [Subscribe](https://t.me/+LV7tr2_vgu02NjAy)",,,,,
1372,1372,8373,"⚡️**В Брянской и Курской областях сообщают о взрывах в районе воинских частей** 

Местная русня пишет, что **дома тряслись, как при землетрясении.

**[Информатор](https://t.me/+LV7tr2_vgu02NjAy) | [Подписаться](https://t.me/+LV7tr2_vgu02NjAy)","⚡️**Explosions Reported in Bryansk and Kursk Regions Near Military Units**

Local residents report that **houses shook like during an earthquake.**

**[Source](https://t.me/+LV7tr2_vgu02NjAy) | [Subscribe](https://t.me/+LV7tr2_vgu02NjAy)**",,,,,
1373,1373,8374,"**""ВСУ смогут деоккупировать Крым уже в августе""**, - экс-командующий армией США в Европе[ Ходжес.

](https://twitter.com/general_ben/status/1602267451093401600?ref_src=twsrc%5Etfw%7Ctwcamp%5Etweetembed%7Ctwterm%5E1602267451093401600%7Ctwgr%5E9d0d76a900284a4860de6f8b4bec12c5a90bc8d4%7Ctwcon%5Es1_&ref_url=https%3A%2F%2Fnews.sky.com%2Fstory%2Fukraine-war-latest-putin-gives-rare-update-on-status-of-war-as-kyiv-says-russia-launched-1-000-strikes-on-power-grid-12541713)До февраля 2023 года украинские военные продолжат наносить удары по штабам и логистике РФ на ВОТ, чтобы создать подходящие условия.

[Информатор](https://t.me/+LV7tr2_vgu02NjAy) | [Подписаться](https://t.me/+LV7tr2_vgu02NjAy)","**""The Ukrainian military will be able to deoccupy Crimea as early as August,""** - former commander of US Army in Europe Ben Hodges.

By February 2023, Ukrainian troops will continue to strike at Russian command and logistics on the front lines to create favorable conditions.

[Informer] | [Subscribe]",,,,,
1374,1374,8375,"**Они сами себе смерти желают?** Аэродром Энгельс. Россия. Тот самый аэродром, куда недавно прилетало.

[Информатор](https://t.me/+LV7tr2_vgu02NjAy) | [Подписаться](https://t.me/+LV7tr2_vgu02NjAy)","Do they wish death upon themselves? Engels Airfield. Russia. The very airfield that recently received a visit.

[Informant](https://t.me/+LV7tr2_vgu02NjAy) | [Subscribe](https://t.me/+LV7tr2_vgu02NjAy)",,,,,
1375,1375,8376,"""**Отсутствие массированных ракетных ударов говорит лишь о том, что враг готовится к ним и может ударить в любое время**"", – Владимир Зеленский.

«Пока у них есть ракеты – а они еще в России есть – **пожалуйста, воспринимайте серьезно все предупреждения от украинского военного командования,** от наших Воздушных сил и сигналы воздушной тревоги».

[Информатор](https://t.me/+LV7tr2_vgu02NjAy) | [Подписаться](https://t.me/+LV7tr2_vgu02NjAy)","""Absence of massive rocket strikes only indicates that the enemy is preparing for them and could strike at any time,"" – Volodymyr Zelensky.

""As long as they still have rockets in Russia, please take all warnings from the Ukrainian military command, our Air Forces, and air raid signals very seriously.""

[Informer](https://t.me/+LV7tr2_vgu02NjAy) | [Subscribe](https://t.me/+LV7tr2_vgu02NjAy)",,,,,
1376,1376,8377,"⚡️[Forbes](https://www.forbes.com/sites/davidaxe/2022/12/12/ukrainian-troops-may-be-massing-for-their-fourth-counteroffensive-russian-artillery-is-already-trying-to-stop-them/?sh=6bb1d7d4761c): **Следующее полномасштабное наступление ВСУ будет на Запорожском направлении

**По данным издания, эта долгожданная атака освободила бы большую часть юга Украины и позволила бы ВСУ подойти к узкому перешейку, соединяющему материковую часть страны с Крымом. 

[Информатор](https://t.me/+LV7tr2_vgu02NjAy) | [Подписаться](https://t.me/+LV7tr2_vgu02NjAy)","⚡️[Forbes](https://www.forbes.com/sites/davidaxe/2022/12/12/ukrainian-troops-may-be-massing-for-their-fourth-counteroffensive-russian-artillery-is-already-trying-to-stop-them/?sh=6bb1d7d4761c): The next full-scale offensive by the Ukrainian military may be directed at the Zaporizhzhia front.

According to the source, this long-awaited attack would liberate much of southern Ukraine and allow the Ukrainian military to approach the narrow strip of land connecting the mainland to Crimea.

[Informer](https://t.me/+LV7tr2_vgu02NjAy) | [Subscribe](https://t.me/+LV7tr2_vgu02NjAy)",,,,,
1377,1377,8378,"**Одесситам не будут рассказывать, когда в городе дадут свет, потому что информацию о ремонтах рашисты используют для нанесения новых ударов, — глава ОВА Максим Марченко

**Вы все еще жалуетесь на графики? Тогда одесситы идут к вам.

[Информатор](https://t.me/+LV7tr2_vgu02NjAy) | [Подписаться](https://t.me/+LV7tr2_vgu02NjAy)","**Odessa residents will not be told when the city will get electricity because the russophobes use information about repairs to inflict new blows, — Head of OVA Maksym Marchenko

**Are you still complaining about the schedules? Then go ask the Odessa residents.

[Informer](https://t.me/+LV7tr2_vgu02NjAy) | [Subscribe](https://t.me/+LV7tr2_vgu02NjAy)",,,,,
1378,1378,8379,"**В** **Иране собираются уменьшить дальность баллистических ракет, которые они намерены отправить в РФ, — **[Axios](https://t.co/ziPbaRLeAD)

Так, ракеты Fateh-110 на 300 км будут ограничены в дальности, а 700-километровые Zolfaghar не будут поставлены России вовсе. Пишут, это сделают для того, чтобы не нарушать резолюцию ООН.

Интересно, с каких пор страна-террорист Иран, которая регулярно снабжает РФ вооружением, смотрит на резолюцию ООН🤔

[Информатор](https://t.me/+LV7tr2_vgu02NjAy) | [Подписаться](https://t.me/+LV7tr2_vgu02NjAy)","In Iran, they plan to reduce the range of the ballistic missiles they intend to send to Russia — [Axios](https://t.co/ziPbaRLeAD)

Specifically, the 300-km Fateh-110 missiles will be limited in range, while the 700-km Zolfaghar missiles will not be supplied to Russia at all. It is reported that this is being done to avoid violating UN resolutions.

Interestingly, when has terrorist state Iran, which regularly supplies weapons to Russia, started caring about UN resolutions? 🤔

[Информатор](https://t.me/+LV7tr2_vgu02NjAy) | [Subscribe](https://t.me/+LV7tr2_vgu02NjAy)",,,,,
1379,1379,8380,"**Черногорию захлестнули серьезные протесты

**Недовольные новым законом, который ограничивают полномочия президента, вышли к Парламенту и бросают в полицию камни. Полиция применила слезоточивый газ и обстановка накаляется.

Так, что еще готовит нам этот год?

[Информатор](https://t.me/+LV7tr2_vgu02NjAy) | [Подписаться](https://t.me/+LV7tr2_vgu02NjAy)","Serious protests swept through Montenegro.

Unhappy with a new law that limits the president's powers, protesters threw stones at the Parliament and at police. The police used tear gas, and the situation is escalating.

What else does this year have in store for us?

[Informant](https://t.me/+LV7tr2_vgu02NjAy) | [Subscribe](https://t.me/+LV7tr2_vgu02NjAy)",,,,,
1380,1380,8381,"**Полезные новости: для удобства украинцев запустили **[**бот**](https://t.me/nezlamnistbot), **который поможет найти ближайший ""Пункт незламності""

**Там вы сможете найти такую информацию:
▪️работа пунктов;
▪️их адреса;
▪️услуги, которые там можно получить.

Адреса таких мест в населенных пунктах, расположенных рядом с линией боевых действий, **не разглашаются из соображений безопасности, эту информацию предоставляют местные власти.

**[Информатор](https://t.me/+LV7tr2_vgu02NjAy) | [Подписаться](https://t.me/+LV7tr2_vgu02NjAy)","**Useful News: For the convenience of Ukrainians, a bot named **[**""Nezlamnist Bot""**](https://t.me/nezlamnistbot) has been launched, which will help you find the nearest ""Punkt nезlamності"".

There, you can find such information:
- Working hours of the points;
- Their addresses;
- Services available there.

Addresses of such places in populated areas near the front line are **not disclosed for security reasons; this information is provided by local authorities.

**[Informant](https://t.me/+LV7tr2_vgu02NjAy) | [Subscribe](https://t.me/+LV7tr2_vgu02NjAy)",,,,,
1381,1381,8382,"**У России настолько ""все идет по плану"", что они начали мобилизировать женщин из ""ДНР"" , — **[**Генштаб

**](https://www.facebook.com/GeneralStaff.ua/posts/pfbid02LCnidHVRs23zLEAtYSg3bpXSmpBBCHKF2RCTUA1siFMwf9d7DkDCxqbBdkCSmCv6l)""В целях пополнения потерь в живой силе и доукомплектования подразделений 1 армейского корпуса в рамках мобилизации призывают женщин"", — говорится в сообщении.

[Информатор](https://t.me/+LV7tr2_vgu02NjAy) | [Подписаться](https://t.me/+LV7tr2_vgu02NjAy)","**Russia is so ""everything is on plan"" that they started mobilizing women from the ""Donetsk People's Republic"" — General Staff**

**According to the message, ""In order to replenish losses in live forces and to complete the units of the 1st Army Corps within the framework of mobilization, they are calling up women.""**

[Source](https://t.me/+LV7tr2_vgu02NjAy) | [Subscribe](https://t.me/+LV7tr2_vgu02NjAy)",,,,,
1382,1382,8383,"**До нашей победы я точно буду Президентом, а там даже не думаю. Хочу на море и пива, — Зеленский

**Главное из интервью Президента:
▪️График: **просыпается в 5:30-6:00, если что-то критическое, то по звонку.** Потом начинается военное совещание, и ""менеджмент войны"" на протяжении всего дня. Рад, когда есть возможность поговорить с женой/детьми. **""Ещё люблю поесть""**;
▪️К войне нельзя привыкать: **сирена - напоминание того, что где-то там кто-то отдает свою жизнь за твою**;
▪️Путин украл детство у наших детей. ""Каждый из нас что-то должен отдать государству для его защиты, наши дети отдали свое детство"";
▪️Когда закончится война: Никто вам не скажет. Я не играю с такими вещами. Для нас **конец войны - это тогда, когда мы отвоюем свою землю и будем на своих границах**;
▪️**США - лидер** в поддержке Украины и без их поддержки нам будет сложно. Поэтому вопрос **""когда закончится война?"" также зависит от этой поддержки;
**▪️**Путин боится смерти и не готов применить ядерное оружие:** ""У него длинный стол, он сидит и боится ковидом заболеть. Он боится смерти, он любит жизнь"".

[Информатор](https://t.me/+LV7tr2_vgu02NjAy) | [Подписаться](https://t.me/+LV7tr2_vgu02NjAy)","**Until our victory, I will definitely be the President, and after that, I don't even think about it. I just want to go to the sea and have some beer, — Zelensky**

**Key Points from the President's Interview:**
- **Schedule:** Wakes up at 5:30-6:00 AM, if something critical, then by phone call. Then starts military meetings and ""war management"" throughout the day. Glad when he can talk to his wife or children. ""Still love to eat"";
- **Getting used to war is unacceptable:** Siren is a reminder that someone somewhere is giving their life for your safety;
- **Putin stole our children's childhoods:** ""Each of us must give something to the state for its defense, our children gave up their childhood"";
- **When will the war end:** Nobody can tell you. I'm not playing with such things. For us, the end of the war is when we retake our land and are on our borders;
- **The US is a leader in supporting Ukraine:** Without their support, it would be hard for us. So the question of ""when will the war end?"" also depends on this support;
- **Putin fears death and is",,,,,
1383,1383,8384,"**Ого. В Карабахе азербайджанцы начали протесты против российских ""миротворцев"" 

**Они требуют остановить ""незаконную эксплуатацию месторождений на территории региона"".

Сообщается, что активисты заблокировали въезд в зону ответственности руснявых миротворцев, ставят там палатки, с разных городов подтягиваются люди.

Руснявым шавкам нигде не рады.

[Информатор](https://t.me/+LV7tr2_vgu02NjAy) | [Подписаться](https://t.me/+LV7tr2_vgu02NjAy)","**Wow. In Nagorno-Karabakh, Azerbaijanis have begun protests against Russian ""peacekeepers.""

They demand that the ""illegal exploitation of mineral deposits in the region"" be stopped.

It is reported that activists have blocked access to the area under Russian peacekeeping responsibility, set up tents there, and people are arriving from different cities.

Russian peacekeepers are not welcome anywhere.

[Source](https://t.me/+LV7tr2_vgu02NjAy) | [Subscribe](https://t.me/+LV7tr2_vgu02NjAy)",,,,,
1384,1384,8385,"**Верх цинизма: Россия бьет по Украине старыми украинскими ракетами Х-55, которые получила после подписания Будапештского меморандума, — **[**ГУР МО 
**](https://www.nytimes.com/2022/12/12/world/europe/russia-ukraine-missiles.html) 
Это все, что нужно знать о ""гарантиях безопастности"" от РФ.

[Информатор](https://t.me/+LV7tr2_vgu02NjAy) | [Подписаться](https://t.me/+LV7tr2_vgu02NjAy)","The height of cynicism: Russia is using old Ukrainian Kh-55 missiles, which it received after the Budapest Memorandum, to strike Ukraine. — [Joint Intelligence Report from the Ministry of Defense]
This sums up everything you need to know about Russia’s so-called “security guarantees.” 

[Informant] | [Subscribe]",,,,,
1385,1385,8386,"**Видео 18+. Прямым попаданием из ПТУРа демобилизирована група""вагнеровцев"" 

**Земля стекловатой.

[Информатор](https://t.me/+LV7tr2_vgu02NjAy) | [Подписаться](https://t.me/+LV7tr2_vgu02NjAy)","**18+ Video. A group of Wagner fighters was demobilized by a direct hit from a PTUR.**

**The ground is made of asbestos.**

[Source](https://t.me/+LV7tr2_vgu02NjAy) | [Subscribe](https://t.me/+LV7tr2_vgu02NjAy)",,,,,
1386,1386,8387,"**Ничего необычного, просто жители Сирии забрасывают камнями военную технику РФ с z-свастикой

**«Освободителей» ненавидит весь мир.**
**
[Информатор](https://t.me/+LV7tr2_vgu02NjAy) | [Подписаться](https://t.me/+LV7tr2_vgu02NjAy)","**Nothing unusual, just Syrian residents throwing stones at Russian military equipment with a zodiac swastika.**

""The Liberators"" are hated by the whole world.
**
[Informant](https://t.me/+LV7tr2_vgu02NjAy) | [Subscribe](https://t.me/+LV7tr2_vgu02NjAy)",,,,,
1387,1387,8388,"**Если Путин умрет, то война закончится, — Зеленский

**""Когда такой человек уходит, **институции останавливаются.** Такое время было в СССР. **Институции РФ перестанут работать, а российские политики займутся внутренними вопросами""**, — заявил Владимир Зеленский в спецвыпуске шоу Netflix ""Мой следующий гость не нуждается в представлении"".

Это будет двойной праздник для всех украинцев.

[Информатор](https://t.me/+LV7tr2_vgu02NjAy) | [Подписаться](https://t.me/+LV7tr2_vgu02NjAy)","**If Putin dies, the war will end, — Zelensky**

**""When such a person leaves, **institutions come to a halt.** Such times were in the USSR. **The institutions of the Russian Federation will cease to function, and Russian politicians will focus on internal issues,""** — said Volodymyr Zelensky in a special episode of the Netflix show ""My Next Guest Needs No Introduction.""

This will be a double celebration for all Ukrainians.

[Informant](https://t.me/+LV7tr2_vgu02NjAy) | [Subscribe](https://t.me/+LV7tr2_vgu02NjAy)",,,,,
1388,1388,8389,"**Хорошие новости для российских вояк: **[появилась возможность](https://www.youtube.com/watch?v=zMcYGDYchAM) **сдаться в плен украинскому дрону** (!)

Что нужно делать:
▪️Обратиться в проект [""Хочу жить""](https://hochuzhit.com/) для верификации и получения координат отправной точки;
▪️ В точно определенное время в указанном месте установите визуальный контакт с квадрокоптером;
▪️ Когда контакт будет установлен дрон обозначит пленному безопасный вектор направления движения;
▪️Двигайтесь за дроном к точке встречи с представителями ВСУ.

[Информатор](https://t.me/+LV7tr2_vgu02NjAy) | [Подписаться](https://t.me/+LV7tr2_vgu02NjAy)","**Good news for Russian soldiers:** [There's now an option](https://www.youtube.com/watch?v=zMcYGDYchAM) **to surrender to a Ukrainian drone** (!)

What to do:
- Contact the [""I Want to Live"" project](https://hochuzhit.com/) for verification and to receive your starting coordinates;
- At the exact time and location specified, establish visual contact with the quadcopter;
- Once contact is established, the drone will indicate a safe direction of movement for surrender;
- Follow the drone to the meeting point with Ukrainian military forces.

[Informant](https://t.me/+LV7tr2_vgu02NjAy) | [Subscribe](https://t.me/+LV7tr2_vgu02NjAy)",,,,,
1389,1389,8390,"🎁**Подарунки для незламних на честь дня народження Київстар ТБ 
**  
Якщо ви вже користувач платформи онлайн-телебачення Київстар ТБ, то 👉[ гоу за посиланням і візьміть участь у розіграші цінних подарунків.  

](https://kv.st/aQb)А якщо ви абонент Київстар, то до кінця тижня у вас ще й вільний доступ до всього контенту*  на [платформі](https://kv.st/aQb).  
  
📺Отож, зараз найкраща можливість переглянути улюблені фільми та потестувати сервіс.  
  
**Київстар ТБ **– це 20 000 фільмів і серіалів, понад 300 популярних телеканалів, багато навчального контенту в розділі «Освіта», а також аудіоказки українською мовою.  
  
📲**Послуга доступна абонентам усіх мобільних операторів**, а переглядати контент можна з різних девайсів: смартфона, телевізора, планшета, ноутбука.  
  
__*окрім фільмів за покупкою

__[Информатор](https://t.me/+LV7tr2_vgu02NjAy) | [Подписаться](https://t.me/+LV7tr2_vgu02NjAy)","🎁**Gifts for Those Celebrating Their Birthday in Kyivstar TV+
**
If you're already a user of the Kyivstar TV+ platform, go to the link below and participate in the draw for valuable gifts.  
👉[Click here and join the draw for valuable prizes.](https://kv.st/aQb)

If you're a Kyivstar subscriber, you still have free access to all content on the platform until the end of the week.*  
[Click here for more details.](https://kv.st/aQb)

📺So now is the best time to watch your favorite movies and test the service.

**Kyivstar TV+** offers over 20,000 films and series, more than 300 popular TV channels, extensive educational content in the ""Education"" section, and Ukrainian audiobooks.

📲**The service is available to subscribers of all mobile operators**, and you can watch content on various devices: smartphones, TVs, tablets, or laptops.

__*except for films that require purchase

__[Info Channel](https://t.me/+LV7tr2_vgu02NjAy) | [Subscribe](https://t.me/+LV7tr2_vgu02NjAy",,,,,
1390,1390,8391,"**А вот и причина отмены пресс-конференции Путина**😏

[Информатор](https://t.me/+LV7tr2_vgu02NjAy) | [Подписаться](https://t.me/+LV7tr2_vgu02NjAy)","Here's the reason for canceling Putin's press conference. 😏

[Informant] (https://t.me/+LV7tr2_vgu02NjAy) | [Subscribe] (https://t.me/+LV7tr2_vgu02NjAy)",,,,,
1391,1391,8392,"⚡️**Россия производит в месяц около 40 новых ракет. Сейчас их осталось на три-пять больших атак по Украине, — **[ГУР
](https://www.nytimes.com/2022/12/12/world/europe/russia-ukraine-missiles.html) 
""Российская военная промышленность производит за месяц около 40 ракет, которыми с начала октября обстреливают украинскую энергетическую инфраструктуру. По нашим расчетам, у них осталось ракет на три-пять волн ударов. Это если в каждой волне по 80-90 ракет"", - сказал  заместитель начальника ГУР МО Вадим Скибицкий.

[Информатор](https://t.me/+LV7tr2_vgu02NjAy) | [Подписаться](https://t.me/+LV7tr2_vgu02NjAy)","Russia's military industry produces about 40 new missiles per month. These have been used in attacks on Ukraine's energy infrastructure since October. According to our estimates, they have enough missiles for three to five major strikes. Assuming each strike consists of 80-90 missiles, said Deputy Head of the General Staff of the Armed Forces of Russia, Vadim S kybtsky.

[Source](https://t.me/+LV7tr2_vgu02NjAy) | [Subscribe](https://t.me/+LV7tr2_vgu02NjAy)",,,,,
1392,1392,8393,"**Впервые** **за 10 лет Путин не выйдет на традиционную пресс-конференцию в конце года

**А в чем дело? Это часть плана, по которому все идет?🤡

[Информатор](https://t.me/+LV7tr2_vgu02NjAy) | [Подписаться](https://t.me/+LV7tr2_vgu02NjAy)","For the first time in 10 years, Putin will not attend the traditional year-end press conference.

So what's going on? Is everything part of the plan? 🤡

[Informer](https://t.me/+LV7tr2_vgu02NjAy) | [Subscribe](https://t.me/+LV7tr2_vgu02NjAy)",,,,,
1393,1393,8394,"**Бои за Бахмут**. **Ад на земле

**[Информатор](https://t.me/+LV7tr2_vgu02NjAy) | [Подписаться](https://t.me/+LV7tr2_vgu02NjAy)","**Battles for Bakhmut. Hell on Earth**

**[Informant](https://t.me/+LV7tr2_vgu02NjAy) | [Subscribe](https://t.me/+LV7tr2_vgu02NjAy)**",,,,,
1394,1394,8395,"**Весело и празднично**🤡

[Информатор](https://t.me/+LV7tr2_vgu02NjAy) | [Подписаться](https://t.me/+LV7tr2_vgu02NjAy)","**Cheerfully and festively** 🤡

[Informant](https://t.me/+LV7tr2_vgu02NjAy) | [Subscribe](https://t.me/+LV7tr2_vgu02NjAy)",,,,,
1395,1395,8396,"**⚡️Генераторы и Starlink можно будет ввозить в Украину без таможенного сбора и НДС

**Это **будет касаться и физлиц**. Срок: **до мая следующего года**. Такое оборудование **разрешат ввозить, в том числе, через почтовые и экспресс-отправки**. Кроме того, **появится возможность хранить топливо до 2000 литров без лицензии.

**Сегодня налоговый комитет ВР поддержал соответствующий законопроект ко второму чтению. **Вскоре его должны проголосовать депутаты.

**[Информатор](https://t.me/+LV7tr2_vgu02NjAy) | [Подписаться](https://t.me/+LV7tr2_vgu02NjAy)","**⚡️Generators and Starlink can be imported into Ukraine without customs duties and VAT.

This will apply to **individuals as well**. Duration: **until May of the following year**. Such equipment will be allowed to be imported, including through postal and express shipments. Additionally, **the possibility of storing up to 2000 liters of fuel without a license will be introduced**.

**Today, the Tax Committee of the Verkhovna Rada supported the corresponding draft law for the second reading.** The deputies are expected to vote on it soon.

**[Informer](https://t.me/+LV7tr2_vgu02NjAy) | [Subscribe](https://t.me/+LV7tr2_vgu02NjAy)**",,,,,
1396,1396,8397,"**⚡️В Украине может быть полностью отключена электроэнергия, — **[глава МИД Кулеба

](https://www.tagesschau.de/inland/innenpolitik/waffenlieferungen-ukraine-123.html)Но, украинцы врядли массово покинут страну из-за нестабильной ситуации зимой. Скорее всего многие просто переедут в село, где можно топить дровами.

[Информатор](https://t.me/+LV7tr2_vgu02NjAy) | [Подписаться](https://t.me/+LV7tr2_vgu02NjAy)","**⚡️Electricity may be completely shut off in Ukraine,** — [Kuleba, the Minister of Foreign Affairs of Ukraine, said](https://www.tagesschau.de/inland/innenpolitik/waffenlieferungen-ukraine-123.html). However, Ukrainians are unlikely to mass evacuate the country due to unstable winter conditions. Instead, many will likely move to rural areas where they can heat with wood.

[Informer](https://t.me/+LV7tr2_vgu02NjAy) | [Subscribe](https://t.me/+LV7tr2_vgu02NjAy)",,,,,
1397,1397,8398,"**Украина, скорее всего, не сможет отстроить все города, потому что некоторые разрушены до основания, — глава монобольшинства Елена Шуляк

**Но, по ее словам, рассматриваются территории для создания новых микрорайонов или населенных пунктов.

[Информатор](https://t.me/+LV7tr2_vgu02NjAy) | [Подписаться](https://t.me/+LV7tr2_vgu02NjAy)","**Ukraine is unlikely to rebuild all cities because some are destroyed beyond repair,** — according to the head of the majority faction, Yelena Shuliyak.

**However, she notes that areas are being considered for the creation of new microdistricts or settlements.**

[Informer](https://t.me/+LV7tr2_vgu02NjAy) | [Subscribe](https://t.me/+LV7tr2_vgu02NjAy)",,,,,
1398,1398,8399,"**""Ни ""Искандеры"", ни ракеты С-300"": украинская ПВО не может сбивать баллистические ракеты, по ним нужно бить на старте, — спикер ВВС Украины Юрий Игнат

**""Баллистика на сегодняшний день недоступна для сбития средствами ПВО, которые есть у нас на вооружении. Поэтому самый эффективный метод уничтожения этих ракет – это на старте, там, где они находятся"", — заявил он.

[Информатор](https://t.me/+LV7tr2_vgu02NjAy) | [Подписаться](https://t.me/+LV7tr2_vgu02NjAy)","**""Neither 'Iskander' missiles nor S-300 missiles"": Ukraine's air defense cannot intercept ballistic missiles; they need to be hit at launch, — said Ukrainian Air Force spokesperson Yurii Ignat.**

**""Ballistic missiles are currently beyond the interception capabilities of our air defense systems. Therefore, the most effective method to destroy these missiles is at their launch point, where they are located,""** he stated.

[Informer](https://t.me/+LV7tr2_vgu02NjAy) | [Subscribe](https://t.me/+LV7tr2_vgu02NjAy)",,,,,
1399,1399,8400,"**Уже традиционно утром московские пожары: горит торговый центр ""Стройпарк"" в Балашихе

**Деталей пока нет, но масштаб многообещающий.

[Информатор](https://t.me/+LV7tr2_vgu02NjAy) | [Подписаться](https://t.me/+LV7tr2_vgu02NjAy)","**Moscow fires are already becoming traditional early in the morning: a shopping center called ""Stroypark"" is burning in Balashiha.**

**Details are still unavailable, but the scale looks promising.**

[Informant](https://t.me/+LV7tr2_vgu02NjAy) | [Subscribe](https://t.me/+LV7tr2_vgu02NjAy)",,,,,
1400,1400,8401,"**По базе ЧВК ""Вагнер"" в Сватово сегодня ночью хорошо прилетело**, **русовояки говорят, что HIMARS

**Судя по видео, ""вагнеровцам"" немного тревожно😏

[Информатор](https://t.me/+LV7tr2_vgu02NjAy) | [Подписаться](https://t.me/+LV7tr2_vgu02NjAy)","**Special Forces Company Wagner suffered significant strikes in Svatovo last night, according to Russian sources. They mention HIMARS missiles.**

**Judging by the video, the Wagner fighters seem a bit anxious 😏**

[Source](https://t.me/+LV7tr2_vgu02NjAy) | [Subscribe](https://t.me/+LV7tr2_vgu02NjAy)",,,,,
1401,1401,8402,"**❗️Масштабная воздушная тревога. Возможен** **запуск ракет с акватории Черного моря или дронов-«Шахидов» 
**
[Информатор](https://t.me/+LV7tr2_vgu02NjAy) | [Подписаться](https://t.me/+LV7tr2_vgu02NjAy)","**❗️Large-scale air raid alert. Rockets could be launched from the Black Sea or drones-“suicide drones” could be used.**
[Source](https://t.me/+LV7tr2_vgu02NjAy) | [Subscribe](https://t.me/+LV7tr2_vgu02NjAy)",,,,,
1402,1402,8403,"**Так сейчас выглядят одесские супермаркеты. Одесситы заряжают там свои телефоны  

**В этой области сейчас самая сложная ситуация с электроснабжением.

[Информатор](https://t.me/+LV7tr2_vgu02NjAy) | [Подписаться](https://t.me/+LV7tr2_vgu02NjAy)","Here's the translation:

**This is how Odessa supermarkets look now. Odessit们给最后一句话翻译错了，应该是Odessans。让我们重新翻译最后一句：

**This is how Odessa supermarkets look now. Odessans charge their phones there.

**Currently, the most difficult situation with electricity supply exists in this area.

[Informant](https://t.me/+LV7tr2_vgu02NjAy) | [Subscribe](https://t.me/+LV7tr2_vgu02NjAy)",,,,,
1403,1403,8404,"**— Что ты делаешь в нашей Украине?
— Воюю с поляками

**Ясно🤡

[Информатор](https://t.me/+LV7tr2_vgu02NjAy) | [Подписаться](https://t.me/+LV7tr2_vgu02NjAy)","**— What are you doing in our Ukraine?
— Fighting the Poles

 CLEARLY 😂

[Informant](https://t.me/+LV7tr2_vgu02NjAy) | [Subscribe](https://t.me/+LV7tr2_vgu02NjAy)",,,,,
1404,1404,8405,"⚡️**Бойцы ВСУ возобновят активные контрнаступательные действия, когда почва замерзнет и станет более твердой для более легкого прохода техники, — **[**Резников

**](https://www.youtube.com/watch?v=lAAmRSLIaVo)[Информатор](https://t.me/+LV7tr2_vgu02NjAy) | [Подписаться](https://t.me/+LV7tr2_vgu02NjAy)","⚡️**The fighters of the Ukrainian Armed Forces will resume active counteroffensive actions when the ground freezes and becomes firmer for easier passage of vehicles,** — **Zelenskyi**

[Informator](https://t.me/+LV7tr2_vgu02NjAy) | [Subscribe](https://t.me/+LV7tr2_vgu02NjAy)",,,,,
1405,1405,8406,"**Президент Зеленский подписал указ о введении в действие новых персональных санкций против ряда представителей УПЦ (МП)

**Среди них митрополит Антоний (Паканич), управляющий делами УПЦ и один самых влиятельных её руководителей, митрополит Черновицкий и Буковинский Мелетий и другие.

""Делаем все для того, чтобы у государства-агрессора не было ни одной ниточки, за которую могло бы дергать украинское общество"", — заявил Президент.

[Информатор](https://t.me/+LV7tr2_vgu02NjAy) | [Подписаться](https://t.me/+LV7tr2_vgu02NjAy)","**President Zelensky signed an order to implement new personal sanctions against several representatives of the UGCC (Kyiv Patriarchate).

Among them are Metropolitan Anthony (Pakanych), head of the Ukrainian Orthodox Church and one of its most influential leaders, Metropolitan Chernovtsy and Bukovyna Melitius, and others.

""We are doing everything so that the aggressor state has no strings to pull on Ukrainian society,"" President Zelensky stated.

[Source](https://t.me/+LV7tr2_vgu02NjAy) | [Subscribe](https://t.me/+LV7tr2_vgu02NjAy)",,,,,
1406,1406,8407,"**И такое бывает...

**[Информатор](https://t.me/+LV7tr2_vgu02NjAy) | [Подписаться](https://t.me/+LV7tr2_vgu02NjAy)","**And this happens...

[Informant](https://t.me/+LV7tr2_vgu02NjAy) | [Subscribe](https://t.me/+LV7tr2_vgu02NjAy)",,,,,
1407,1407,8408,"⚡️**Появились кадры, на которых, как утверждается, сербский спецназ направляется в Косово

**""Полицейские и военные Сербии готовы к любому приказу"", — заявил Вучич. 

**UPD: сообщают, что видео старое.

**[Информатор](https://t.me/+LV7tr2_vgu02NjAy) | [Подписаться](https://t.me/+LV7tr2_vgu02NjAy)","⚡️**Footage has emerged showing, according to claims, Serbian special forces heading to Kosovo.

**""Police and military from Serbia are ready for any order,""** Vucic stated.

**UPDATE: It is reported that the video is old.**

[Informer](https://t.me/+LV7tr2_vgu02NjAy) | [Subscribe](https://t.me/+LV7tr2_vgu02NjAy)",,,,,
1408,1408,8409,"**⚡️""Сегодня, вероятно, будет самый тяжелый вечер в моей истории"", — заявил президент Сербии Вучич

""Мы приближаемся к точке невозврата в Косово**"" — МИД Сербии.

2022 не перестаёт удивлять🤷🏻‍♂️

[Информатор](https://t.me/+LV7tr2_vgu02NjAy) | [Подписаться](https://t.me/+LV7tr2_vgu02NjAy)","**⚡️""Today is likely to be the toughest evening in my history,""** declared Serbian President Vučić.

""We are approaching a point of no return in Kosovo,""** said the Serbian Ministry of Foreign Affairs.**

2022 continues to amaze us🤷🏻‍♂️

[Informer](https://t.me/+LV7tr2_vgu02NjAy) | [Subscribe](https://t.me/+LV7tr2_vgu02NjAy)",,,,,
1409,1409,8410,"**В Чечне неспокойно: Кадыров ввёл в город Урус-Мартан отряды своих шакалов и угрожает местным жителям

**Дело в том, что вчера случился конфликт между гаишником и сотрудником СОБРа. Местные жители встали на сторону собровца и произошла стычка. 

Дон-Дон испугался, оскорбил жителей города и начал угрожать отправкой мужчин в Украину. 

[Информатор](https://t.me/+LV7tr2_vgu02NjAy) | [Подписаться](https://t.me/+LV7tr2_vgu02NjAy)","**Restlessness in Chechnya: Kadyrov has deployed his own thugs to the city of Urus-Martan and is threatening the local residents.**

**The thing is, there was a conflict yesterday between a traffic policeman and a SBORe (Special Operations Group of the Ministry of Internal Affairs) officer. The local residents sided with the SBORe officer and a clash ensued.**

**Don-Don got scared, insulted the city residents, and started threatening to send men to Ukraine.**

[Informer](https://t.me/+LV7tr2_vgu02NjAy) | [Subscribe](https://t.me/+LV7tr2_vgu02NjAy)",,,,,
1410,1410,8411,"**А что там по ценам? А они выросли на 33,5% по сравнению с предыдущим годом, — **[**Госстат

**](https://news.finance.ua/ru/ceny-na-produkty-vyrosli-na-33-5-chto-dorozhaet-bystree-vsego-infografika)Среди продуктов больше всего подорожали: яйца — на 80,7%, фрукты — на 70,5% и овощи — на 49,6%.

[Информатор](https://t.me/+LV7tr2_vgu02NjAy) | [Подписаться](https://t.me/+LV7tr2_vgu02NjAy)","**What about the prices there? They increased by 33.5% compared to the previous year,** — [Gosstat

According to the data, among products, the biggest increases were: eggs — by 80.7%, fruits — by 70.5%, and vegetables — by 49.6%.

[Informer](https://t.me/+LV7tr2_vgu02NjAy) | [Subscribe](https://t.me/+LV7tr2_vgu02NjAy)",,,,,
1411,1411,8412,"**Портрет солдата в виде иконы, стрёмный мужик в очках и американский Винни-Пух

**Ничего необычного, просто уроки где-то на России.

Чему их там учат? 🤔

[Информатор](https://t.me/+LV7tr2_vgu02NjAy) | [Подписаться](https://t.me/+LV7tr2_vgu02NjAy)","**A soldier's portrait as an icon, a rugged guy in glasses, and American Winnie-the-Pooh.

Just nothing unusual, just lessons somewhere in Russia.

What are they teaching there? 🤔

[Informer](https://t.me/+LV7tr2_vgu02NjAy) | [Subscribe](https://t.me/+LV7tr2_vgu02NjAy)",,,,,
1412,1412,8413,"**Между Сербией и Косово опять обострение: сообщается, что Сербия привела армию в полную боевую готовность. Президент страны Вучич вечером созывает Совбез

**Отметим, что власти Косово требуют от сербов, живущих на севере, убрать расставленные баррикады с автомагистралей до конца сегодняшнего дня, в противном случае в ситуацию вмешается полиция.

[Информатор](https://t.me/+LV7tr2_vgu02NjAy) | [Подписаться](https://t.me/+LV7tr2_vgu02NjAy)","There is renewed tension between Serbia and Kosovo: it is reported that Serbia has brought its army to full combat readiness. President Vučić is convening the National Security Council in the evening.

It should be noted that Kosovo authorities are demanding that Serbs living in the north remove the roadblocks from highways by the end of today, otherwise the police will intervene.

[Source](https://t.me/+LV7tr2_vgu02NjAy) | [Subscribe](https://t.me/+LV7tr2_vgu02NjAy)",,,,,
1413,1413,8414,"**В Украине хотят повысить тарифы на электроэнергию для бизнеса в 2,07 раза

**Так, тариф на передачу э/энергии компания ""Укрэнерго"" [предлагает увеличить](https://ua.energy/peredacha-i-dyspetcheryzatsiya/taryfy/) до **636,17 грн/МВт-ч** вместо 345,64 грн/МВт-час, а тариф на услуги по диспетчерскому управлению с 62,13 грн поднять до **207,63 грн/МВт-час**.

Среди причин роста тарифов компания называет:
**▪️разрушение энергетической инфраструктуры Украин**ы из-за российских обстрелов, из-за чего растет физический объем работ и их стоимость; 
▪️**рост расходов на сырье, топливо и материалы;** 
▪️**увеличение расходов** на капитальные инвестиции и оплату труда.

[Информатор](https://t.me/+LV7tr2_vgu02NjAy) | [Подписаться](https://t.me/+LV7tr2_vgu02NjAy)","In Ukraine, they want to increase electricity tariffs for businesses by 2.07 times.

Thus, the transmission tariff proposed by ""Ukraines Energy"" company has been increased to **636.17 UAH/MWh** from **345.64 UAH/MWh**, and the tariff for dispatching services has been raised from **62.13 UAH/MWh** to **207.63 UAH/MWh**.

Among the reasons for the tariff increases, the company cites:
- **the destruction of Ukraine's energy infrastructure due to Russian shelling**, which leads to an increased physical volume of work and its cost;
- **a rise in raw material, fuel, and material costs**;
- **increased expenses** on capital investments and labor costs.

[Informant](https://t.me/+LV7tr2_vgu02NjAy) | [Subscribe](https://t.me/+LV7tr2_vgu02NjAy)",,,,,
1414,1414,8415,"**#offtop**** Представлена первая в мире установка для искусственного ""выращивания"" младенцев

**Компания-автор EctoLife [считает](https://scienceandstuff.com/ectolife-artificial-wombs/), что **концепция может однажды заменить традиционные роды**. Одна такая установка сможет **вынашивать до 30 000 младенцев в год**, а будущие родители смогут смогут **наблюдать за процессом с помощью мобильного приложения** и даже включать младенцу какие-то песни/звуки/свои голоса.

""Кажется вероятным, что **до испытания [искусственных маток] на людях осталось всего несколько лет**"".

[Информатор](https://t.me/+LV7tr2_vgu02NjAy) | [Подписаться](https://t.me/+LV7tr2_vgu02NjAy)","**#offtopic**
The world's first artificial womb incubation system has been presented.

Company-author EctoLife [believes](https://scienceandstuff.com/ectolife-artificial-wombs/) that this concept may one day replace traditional childbirth. One such system can incubate up to 30,000 infants per year, and future parents will be able to monitor the process via a mobile app and even play songs or their voices to the infant.

""It seems likely that only a few years remain until these artificial wombs are tested on humans.""

[Informant](https://t.me/+LV7tr2_vgu02NjAy) | [Subscribe](https://t.me/+LV7tr2_vgu02NjAy)",,,,,
1415,1415,8416,"**Восстанавливать всю энергоинфраструктуру после обстрелов не будут, — **[**ДТЭК

**](https://news.obozrevatel.com/ukr/economics/economy/vidnovlyuvati-vsyu-zrujnovanu-obstrilami-energoinfrastrukturu-ne-budut-v-dtek-rozpovili-pro-plani.htm)По словам Сахарука, в будущем компания сосредоточит усилия на создании новых объектов.

Он также отметил, что на **полное восстановление всех разрушенных объектов понадобится от года до двух**, а может и больше.

[Информатор](https://t.me/+LV7tr2_vgu02NjAy) | [Подписаться](https://t.me/+LV7tr2_vgu02NjAy)","They will not restore the entire energy infrastructure after the bombings, according to DTEK. The company plans to focus its efforts on creating new facilities in the future.

Saharuk also noted that it would take from one to two years, or possibly longer, to fully restore all destroyed facilities.

[Informer] | [Subscribe]",,,,,
1416,1416,8417,"**Украинские коты зимой не пропадут**😅

[Информатор](https://t.me/+LV7tr2_vgu02NjAy) | [Подписаться](https://t.me/+LV7tr2_vgu02NjAy)","**Ukrainian cats won't disappear in the winter**😅

[Informant](https://t.me/+LV7tr2_vgu02NjAy) | [Subscribe](https://t.me/+LV7tr2_vgu02NjAy)",,,,,
1417,1417,8418,"**Кринжатина дня: сообщают, что русня на памятнике Тараса Шевченко на Луганщине прилепила табличку — российский поэт**🤦🏻‍♂️

""Кохайтеся чорнобриві, та не з москалями"", — оказывается писал великий ""российский"" (нет) поэт.

[Информатор](https://t.me/+LV7tr2_vgu02NjAy) | [Подписаться](https://t.me/+LV7tr2_vgu02NjAy)","**Day's Cringe Moment: Reports that Ukrainians on Taras Shevchenko's monument in Luhansk region attached a plaque identifying the poet as a Russian poet** 🤦🏻‍♂️

""Love those with black hair, not the Russians,"" — it turns out the so-called ""Russian"" (no) poet wrote. 

[Informer](https://t.me/+LV7tr2_vgu02NjAy) | [Subscribe](https://t.me/+LV7tr2_vgu02NjAy)",,,,,
1418,1418,8419,"**❗️Воздушная тревога в столице и многих областях страны**. Дали из-за на активности БПЛА/вражеской авиации

Не игнорируйте.

[Информатор](https://t.me/+LV7tr2_vgu02NjAy) | [Подписаться](https://t.me/+LV7tr2_vgu02NjAy)","**❗️Air raid alert in the capital and many regions of the country** due to activity by drones/hostile aircraft.

Do not ignore.

[Informant](https://t.me/+LV7tr2_vgu02NjAy) | [Subscribe](https://t.me/+LV7tr2_vgu02NjAy)",,,,,
1419,1419,8420,"**Бойцы ЦСО ""А"" СБУ уничтожили российский ""Камаз"" вместе с 10 оккупантами

**Топовый видос, с топовой музыкой и топовыми подписями😁

[Информатор](https://t.me/+LV7tr2_vgu02NjAy) | [Подписаться](https://t.me/+LV7tr2_vgu02NjAy)","**Special Forces of CSO ""A"" of the SBU eliminated a Russian ""Kamaz"" truck along with 10 occupiers.**

**Top video with top music and awesome subtitles😁**

[Informant](https://t.me/+LV7tr2_vgu02NjAy) | [Subscribe](https://t.me/+LV7tr2_vgu02NjAy)",,,,,
1420,1420,8421,"**Деоккупация Крыма Украиной может спровоцировать Путина на применение ядерной бомбы, — **[**The Washington Post

**](https://www.washingtonpost.com/world/2022/12/11/crimea-russia-ukraine-negotiations-war/)Издание сообщает, что аннексия Крыма для российского диктатора **стала опорой его наследства, которое развалится, если он потеряет полуостров**, поэтому **Путин дал понять, что любые попытки Украины вернуть себе Крым перейдут красную черту,** которую он не потерпит.

""Если недавно желание Украины отвоевать Крым долго казалось ""надуманной фантазией"", то **недавние украинские победы на полях сражений и ошибки Москвы вдруг ""сделали это правдоподобным - возможно, опасным"". **Претензии Украины и России на Крым **не оставляют шансов для мира между странами**"", — пишет издание.

[Информатор](https://t.me/+LV7tr2_vgu02NjAy) | [Подписаться](https://t.me/+LV7tr2_vgu02NjAy)","**De-occupation of Crimea by Ukraine could provoke Putin into using nuclear weapons, — The Washington Post**

The publication reports that the annexation of Crimea has become the cornerstone of the Russian dictator's legacy, which would crumble if he were to lose the peninsula. Therefore, Putin has made it clear that any attempts by Ukraine to regain Crimea would cross a red line that he will not tolerate.

If recently the desire of Ukraine to retake Crimea seemed like a ""fanciful notion,"" recent Ukrainian battlefield victories and Moscow's mistakes have suddenly made this seem ""plausible—possibly even dangerous."" The claims of both Ukraine and Russia over Crimea leave ""no room for peace between the countries,"" — writes the publication.

[Informer](https://t.me/+LV7tr2_vgu02NjAy) | [Subscribe](https://t.me/+LV7tr2_vgu02NjAy)",,,,,
1421,1421,8422,"**⚡️Украинский беспилотник с дальностью 1000 км проходит финальный этап испытаний. Это камикадзе, но с возможностью возвращаться, а значит, 1 БПЛА сможет атаковать цели несколько раз, — **[**""Укроборонпром""

**](https://www.currenttime.tv/a/32169654.html)По характеристикам БПЛА **похож на иранские дроны-камикадзе**, но имеет некоторые особенности, которые делают его уникальным. Дальность полета новых БПЛА **составляет 1000 километров**, а **вес боевой части** беспилотника – **75 килограммов.

**Базам русни в тылу приготовиться.

[Информатор](https://t.me/+LV7tr2_vgu02NjAy) | [Подписаться](https://t.me/+LV7tr2_vgu02NjAy)","**⚡️The Ukrainian drone with a 1,000 km range is undergoing its final testing phase. It's a kamikaze drone but with the capability to return, meaning one UAV can attack targets multiple times,** — [Ukrainian Defense Industries]

According to its specifications, the drone resembles Iranian kamikaze drones, but it has some unique features that make it distinctive. The flight range of the new drones is **1,000 kilometers**, and the weight of the combat payload is **75 kilograms**.

Bases of Russian military units in the rear should prepare.

[Informer] | [Subscribe]",,,,,
1422,1422,8423,"⚡️**Совет ЕС принял решение о предоставлении 18-миллиардного пакета для Украины, несмотря на вето Венгрии**, — глава ОП Ермак

Шикарная новость. 

[Информатор](https://t.me/+LV7tr2_vgu02NjAy) | [Подписаться](https://t.me/+LV7tr2_vgu02NjAy)","⚡️**The EU Council approved an 18-billion-package for Ukraine despite Hungary's veto**, — Head of the Presidential Office, Oleksiy Hromadskyi

Great news.

[Informer](https://t.me/+LV7tr2_vgu02NjAy) | [Subscribe](https://t.me/+LV7tr2_vgu02NjAy)",,,,,
1423,1423,8424,"**Русня довоевалась до того, что теперь роет окопы на пляжах Крыма 🤷🏻‍♂️**

Об этом сообщают местные партизаны.

Думают, что так Украинский десант не пройдёт. Ну ну😏
**
**[Информатор](https://t.me/+LV7tr2_vgu02NjAy) | [Подписаться](https://t.me/+LV7tr2_vgu02NjAy)","**The Russians dug themselves into positions on the beaches of Crimea 🤷🏻‍♂️**

Local partisans report this.

They think this will stop the Ukrainian assault. We'll see 😏

**[Informant](https://t.me/+LV7tr2_vgu02NjAy) | [Subscribe](https://t.me/+LV7tr2_vgu02NjAy)**",,,,,
1424,1424,8425,"**Сообщают, что так выглядели первые минуты после **[**прилета по штабу русни в Мелитополе**](https://t.me/ukrinformator/30280)**

**Обратите внимание на акцент автора. 

Нех*й шастать.

[Информатор](https://t.me/+LV7tr2_vgu02NjAy) | [Подписаться](https://t.me/+LV7tr2_vgu02NjAy)","It is reported that these were the first minutes after the Russian military's arrival in Melitopol.

Note the author's emphasis.

Don't f*ck around.

[Informer](https://t.me/+LV7tr2_vgu02NjAy) | [Subscribe](https://t.me/+LV7tr2_vgu02NjAy)",,,,,
1425,1425,8426,"Так вот кто всё время вырубает свет украинцам. Виновник найден
**
**[Информатор](https://t.me/+LV7tr2_vgu02NjAy) | [Подписаться](https://t.me/+LV7tr2_vgu02NjAy)","That's who's been regularly cutting power to Ukrainians. The culprit has been found.
[Informant] (https://t.me/+LV7tr2_vgu02NjAy) | [Subscribe] (https://t.me/+LV7tr2_vgu02NjAy)",,,,,
1426,1426,8427,"**Бахмут.** **Наш снайпер работает по русне**, **которая лезет со всех сторон

**[Информатор](https://t.me/+LV7tr2_vgu02NjAy) | [Подписаться](https://t.me/+LV7tr2_vgu02NjAy)","**Bakhmut.** **Our sniper is engaging Russian forces** **attacking from all sides.**

[Informant](https://t.me/+LV7tr2_vgu02NjAy) | [Subscribe](https://t.me/+LV7tr2_vgu02NjAy)",,,,,
1427,1427,8428,"**Ничего необычного, просто в Москве люди тусят под украинскую музыку, среди сине-желтых декораций**😏

[Информатор](https://t.me/+LV7tr2_vgu02NjAy) | [Подписаться](https://t.me/+LV7tr2_vgu02NjAy)","**Nothing out of the ordinary, just that in Moscow people are hanging out to Ukrainian music among blue-yellow decorations** 😏

[Informant] | [Subscribe]",,,,,
1428,1428,8429,"**Тем** **временем, хорошие новости продолжаются

**Во временно оккупированной Кадиевке (бывший Стаханов) **прилетело в штаб ЧВК ""Вагнер"".** Он располагался в частном отеле в центре города. Русня утверждает, что били из РСЗО HIMARS.

На фото — все, что от него осталось😏

[Информатор](https://t.me/+LV7tr2_vgu02NjAy) | [Подписаться](https://t.me/+LV7tr2_vgu02NjAy)","Meanwhile, good news continues.

In temporarily occupied Kadiyevka (formerly Stakhánov), a headquarters of the private military company Wagner was hit. It was located in a private hotel in the city center. Russians claim that it was hit by HIMARS rocket launchers.

The photo shows all that remains of it 😏

[Informant](https://t.me/+LV7tr2_vgu02NjAy) | [Subscribe](https://t.me/+LV7tr2_vgu02NjAy)",,,,,
1429,1429,8430,"**Ситуация с энергетикой в Украине сложная. 1,5 млн людей на Одесчине остались без света, после ночной атаки дронов. Попадания были критические. Подключена только критическая инфраструктура и немного абонентов**, — Зеленский в вечернем обращении

Сложная ситуация сейчас также в Киевской, Тернопольской, Львовской, Винницкой, Сумской, Закарпатской областях и Киеве.

[Информатор](https://t.me/+LV7tr2_vgu02NjAy) | [Подписаться](https://t.me/+LV7tr2_vgu02NjAy)","The energy situation in Ukraine is complex. Over 1.5 million people in Odessa region remain without power following a nighttime drone attack, with critical infrastructure hit. Only critical facilities and a few subscribers have been reconnected, according to Zelensky in his evening address.

Similar difficult conditions prevail in Kyiv, Ternopil, Lviv, Vinnytsia, Sumy, Zakarpattia regions, and Kyiv city.

[Source](https://t.me/+LV7tr2_vgu02NjAy) | [Subscribe](https://t.me/+LV7tr2_vgu02NjAy)",,,,,
1430,1430,8431,"**⚡️Мелитополь. Точная отработка ВСУ по базе отдыха, где находились, по версии военкоров, около 200 руснявых чмобиков

Есть **погибшие и раненые.

[Информатор](https://t.me/+LV7tr2_vgu02NjAy) | [Подписаться](https://t.me/+LV7tr2_vgu02NjAy)","**⚡️Melitopol. Exact targeting of Ukrainian forces on a resort where, according to war correspondents, about 200 Russian mercenaries were located.

There are casualties, with both dead and wounded.

[Source](https://t.me/+LV7tr2_vgu02NjAy) | [Subscribe](https://t.me/+LV7tr2_vgu02NjAy)",,,,,
1431,1431,8432,"**По версии приложения «Воздушная тревога», сигнал тревоги дали в Крыму**

Дело в том, что в Симферополе раздаются взрывы. Русня говорит, что это ПВО работает по НЛО😏

[Информатор](https://t.me/+LV7tr2_vgu02NjAy) | [Подписаться](https://t.me/+LV7tr2_vgu02NjAy)","According to the ""Air Raid"" app version, an alarm was sounded in Crimea.

The thing is, explosions are heard in Simferopol. Russians say that it's the air defense system responding to a UFO 😏

[Informer](https://t.me/+LV7tr2_vgu02NjAy) | [Subscribe](https://t.me/+LV7tr2_vgu02NjAy)",,,,,
1432,1432,8433,"**""Фак ю, фашисты немецкие, мы вас будем вот так""**, **— в эфир журналиста немецкого телеканала в Москве ворвался убежденный** ""**российский патриот""**🤡

[Информатор](https://t.me/+LV7tr2_vgu02NjAy) | [Подписаться](https://t.me/+LV7tr2_vgu02NjAy)","**""Fact is, you Nazis, we will deal with you like this,""** — the坚定的爱国者在莫斯科德国电视台记者的直播中突然插话。[](https://t.me/+LV7tr2_vgu02NjAy) | [订阅](https://t.me/+LV7tr2_vgu02NjAy)

Note: The emoji clown face (🤡) was not included in the translation as it doesn't have an equivalent in English and might be context-specific.",,,,,
1433,1433,8434,"**В сети пишут, что это шлем с головы ликвидированного  русачка**: **""Внимание, игрушка. Не предназначено для защиты"":**🤦🏻‍♂️

А английский мог бы пригодиться🤔

[Информатор](https://t.me/+LV7tr2_vgu02NjAy) | [Подписаться](https://t.me/+LV7tr2_vgu02NjAy)","**The internet writes that this is a helmet from a deceased Russian soldier:** **""Warning, toy. Not designed for protection"":** 🤦‍♂️

And maybe knowing English would have been useful🤔

[Informer](https://t.me/+LV7tr2_vgu02NjAy) | [Subscribe](https://t.me/+LV7tr2_vgu02NjAy)",,,,,
1434,1434,8435,"**Вопрос к знатокам: как сухпаи российской армии могли оказаться в церкви Харьковской епархии УПЦ МП?**🤔

[Информатор](https://t.me/+LV7tr2_vgu02NjAy) | [Подписаться](https://t.me/+LV7tr2_vgu02NjAy)","**Question for Experts: How could rations from the Russian army end up in a church of the Kharkov eparchy of the Ukrainian Orthodox Church - MP?**🤔

[Informant](https://t.me/+LV7tr2_vgu02NjAy) | [Subscribe](https://t.me/+LV7tr2_vgu02NjAy)",,,,,
1435,1435,8436,"**""Владимир Зеленский — человек, который всколыхнул свободный мир"": австрийское издание Profil** **тоже** **признало президента Украины Человеком года

**[Информатор](https://t.me/+LV7tr2_vgu02NjAy) | [Подписаться](https://t.me/+LV7tr2_vgu02NjAy)","""Volodymyr Zelensky is a man who stirred the free world"": The Austrian publication Profil also recognized the President of Ukraine as Person of the Year.

[Informer] | [Subscribe]",,,,,
1436,1436,8437,"**Немного об успехах ""спецоперации"": на международном Duolingo украинский язык стал трендом года
** 
Сообщается, что в знак солидарности 1,3 миллиона человек по всему миру начали учить украинский язык. Заинтересованность достигла пика в конце марта 2022 года и остается стабильной до конца 2022 года.

[Информатор](https://t.me/+LV7tr2_vgu02NjAy) | [Подписаться](https://t.me/+LV7tr2_vgu02NjAy)","**A Brief Look at the Success of the ""Special Operation"": On the international Duolingo, the Ukrainian language became the trend of the year.**

It is reported that in solidarity, 1.3 million people worldwide started learning the Ukrainian language. Interest peaked at the end of March 2022 and remained stable throughout the year.

[Source](https://t.me/+LV7tr2_vgu02NjAy) | [Subscribe](https://t.me/+LV7tr2_vgu02NjAy)",,,,,
1437,1437,8438,"**В Рязанской области готовятся размещать беженцев из Белгородщины** 🫢

А что случилось?

[Информатор](https://t.me/+LV7tr2_vgu02NjAy) | [Подписаться](https://t.me/+LV7tr2_vgu02NjAy)","**Preparations are being made in the Rязan Oblast to accommodate refugees from Belgorod Region** 🫢

What happened?

[Informant](https://t.me/+LV7tr2_vgu02NjAy) | [Subscribe](https://t.me/+LV7tr2_vgu02NjAy)",,,,,
1438,1438,8439,"**Тем временем, в Крыму кто-то покурил возле казарм**,** переполненных чмобиками**🤔

Пожар случился в пгт Советское, местные паблики пишут, что там размещалось **от несколька сотен до тысячи российских новопризванных.

**Правильно курите, товарищи. 

[Информатор](https://t.me/+LV7tr2_vgu02NjAy) | [Подписаться](https://t.me/+LV7tr2_vgu02NjAy)","Meanwhile, someone was smoking near the barracks in Crimea, which were packed with smartphones 🤔. A fire broke out in the settlement of Sovietovka; local social media groups report that it housed several hundred to a thousand newly conscripted Russian soldiers.

Smoke responsibly, comrades.

[Source](https://t.me/+LV7tr2_vgu02NjAy) | [Subscribe](https://t.me/+LV7tr2_vgu02NjAy)",,,,,
1439,1439,8440,"**Оккупанты в Скадовске просят украинцев помочь им материально**🤦🏻‍♂️

Это не шутка. ""Спасители"", ворвавшиеся на нашу землю, расчитывают на финансовую поддержку местных. Не поленились даже распечатать объявление. Желающих, конечно, не нашлось🤷🏻

[Информатор](https://t.me/+LV7tr2_vgu02NjAy) | [Подписаться](https://t.me/+LV7tr2_vgu02NjAy)","**Occupiers in Skadovsk are asking Ukrainians for financial assistance** 🤦‍♂️

This is not a joke. The invaders, who have stormed our land, are counting on local financial support. They even bothered to print an announcement. Of course, no one stepped forward to help 🤷🏻‍

[Informant](https://t.me/+LV7tr2_vgu02NjAy) | [Subscribe](https://t.me/+LV7tr2_vgu02NjAy)",,,,,
1440,1440,8441,"**Детская больница ""Охмадет"". Окна забаррикадированы** **мешками с песком

**Никогда не простим.

[Информатор](https://t.me/+LV7tr2_vgu02NjAy) | [Подписаться](https://t.me/+LV7tr2_vgu02NjAy)","**Children's Hospital ""Okhmadet"". Windows barricaded with sandbags.

**We will never forgive.

[Informant](https://t.me/+LV7tr2_vgu02NjAy) | [Subscribe](https://t.me/+LV7tr2_vgu02NjAy)",,,,,
1441,1441,8442,"**Жан-Клод Ван Дамм засветился в Ужгороде

**Актер посетил одну из городских клиник. Фото опубликовал врач этой клиники.

[Информатор](https://t.me/+LV7tr2_vgu02NjAy) | [Подписаться](https://t.me/+LV7tr2_vgu02NjAy)","**Jean-Claude Van Damme Spotted in Uzhhorod

**The actor visited one of the city's clinics. A photo was published by the doctor from this clinic.

[Informant](https://t.me/+LV7tr2_vgu02NjAy) | [Subscribe](https://t.me/+LV7tr2_vgu02NjAy)",,,,,
1442,1442,8443,"**Исторические кадры: 25 февраля, Ирпень**. **Первое видео горящей колонны Кемеровского СОБРа, уничтоженной при попытке перейти через мост в сторону Киева

**[Информатор](https://t.me/+LV7tr2_vgu02NjAy) | [Подписаться](https://t.me/+LV7tr2_vgu02NjAy)","**Historical footage: February 25, Irpin.** The first video of the Kemerovo SOBR column burning, which was destroyed during an attempt to cross the bridge towards Kyiv.

**[Informant](https://t.me/+LV7tr2_vgu02NjAy) | [Subscribe](https://t.me/+LV7tr2_vgu02NjAy)",,,,,
1443,1443,8444,"**""Разрешите колядовать""**😏

[Информатор](https://t.me/+LV7tr2_vgu02NjAy) | [Подписаться](https://t.me/+LV7tr2_vgu02NjAy)","**""Permission to carol""**😉

[Informant](https://t.me/+LV7tr2_vgu02NjAy) | [Subscribe](https://t.me/+LV7tr2_vgu02NjAy)",,,,,
1444,1444,8445,"**Банкоматный роуминг: в Украине отмяняется комиссия на снятие наличных с карт других банков в банкоматах, — заместитель главы НБУ Алексей Шабан

**""Сегодня мы уже получили от десяти банков-владельцев банкоматных сетей информацию о том, что тарифы для карт других банков за выдачу средств отменены"", - сообщил Алексей Шабан.

Это значит, **что все банки для держателей карт других банков установили лимиты выдачи наличных такие же, как и для своих клиентов.** Лимит может быть 10-20 тысяч.

[Информатор](https://t.me/+LV7tr2_vgu02NjAy) | [Подписаться](https://t.me/+LV7tr2_vgu02NjAy)","**ATM Roaming: Commission for withdrawing cash from other banks' cards at ATMs is abolished in Ukraine, — Deputy Governor of the National Bank of Ukraine Alexey Shaban**

""Today, we have already received information from ten ATM network owners that fees for using cards from other banks have been eliminated,"" reported Alexey Shaban.

This means **that all banks have set the same withdrawal limits for holders of other banks' cards as they do for their own clients.** The limit can be 10-20 thousand units.

[Informer](https://t.me/+LV7tr2_vgu02NjAy) | [Subscribe](https://t.me/+LV7tr2_vgu02NjAy)",,,,,
1445,1445,8446,"**Премьер Индии отменил ежегодный индийско-российский саммит из-за ядерных угроз в адрес Украины — Bloomberg

**За 20 лет его отменяли лишь из-за пандемии-2020.

[Информатор](https://t.me/+LV7tr2_vgu02NjAy) | [Подписаться](https://t.me/+LV7tr2_vgu02NjAy)","**The Indian Prime Minister Cancelled the Annual India-Russia Summit Due to Nuclear Threats Against Ukraine — Bloomberg

**This has only happened once before, in 2020, due to the pandemic.**

[Informer](https://t.me/+LV7tr2_vgu02NjAy) | [Subscribe](https://t.me/+LV7tr2_vgu02NjAy)",,,,,
1446,1446,8447,"**Марокко будет первым государством Африки, предоставившим военную помощь Украине – **[Le Journal de l'Afrique

](https://lejournaldelafrique.com/larmement-de-lukraine-par-les-americains-passe-par-le-maroc/)Там приняли решение о предоставлении Украине запчастей к танкам Т-72 по рекомендации США.  У войск Марокко есть несколько десятков танков Т-72, которые были закуплены в течение 1999-2001 годов у Беларуси.

[Информатор](https://t.me/+LV7tr2_vgu02NjAy) | [Подписаться](https://t.me/+LV7tr2_vgu02NjAy)","Morocco will be the first African country to provide military assistance to Ukraine – according to Le Journal de l'Afrique. They decided to supply Ukraine with spare parts for T-72 tanks based on recommendations from the United States. The Moroccan armed forces have several dozen T-72 tanks purchased from Belarus between 1999 and 2001. 

[Informer] (https://t.me/+LV7tr2_vgu02NjAy) | [Subscribe] (https://t.me/+LV7tr2_vgu02NjAy)",,,,,
1447,1447,8448,"**⚡️Главный критик Кадырова Тумсо Абдурахманов, о чьем**[ убийстве](https://t.me/ukrinformator/30001)** недавно сообщалось, жив. Сейчас он под защитой Швеции **—  глава[ правительства](https://www.kavkazr.com/a/chechenskiy-bloger-abdurahmanov-zhiv-i-nahoditsya-pod-zaschitoy-zayavili-v-praviteljstve-ichkerii/32169346.html) Республики Ичкерия в изгнании Ахмед Закаев

[Информатор](https://t.me/+LV7tr2_vgu02NjAy) | [Подписаться](https://t.me/+LV7tr2_vgu02NjAy)","**⚡️The main critic of Kadyrov, Tumso Abdu rahmanov, whose assassination was recently reported, is alive. Currently, he is under Swedish protection — Ahmed Zakaev, the head of the government in exile of the Republic of Chechnya, announced that Tumso Abdu rahmanov is alive and under protection.**

[Informer] | [Subscribe]",,,,,
1448,1448,8449,"**В нападении на Украину виноваты Франция и Германия, а** **не** **Россия**, — **очередной бред путинского сумасшедшего Володина

**[Информатор](https://t.me/+LV7tr2_vgu02NjAy) | [Подписаться](https://t.me/+LV7tr2_vgu02NjAy)","The attack on Ukraine was orchestrated by France and Germany, not Russia, — yet another delusion from Putin's lunatic Volodymyr.

[Source: Informer | Subscribe: https://t.me/+LV7tr2_vgu02NjAy]",,,,,
1449,1449,8450,"**Москва снова начинает утро ярко: горит музей изобразительных искусств имени Пушкина**, **в старинной усадьбе  Лопухиных

**[Информатор](https://t.me/+LV7tr2_vgu02NjAy) | [Подписаться](https://t.me/+LV7tr2_vgu02NjAy)","Moscow begins another bright morning: the Pushkin Museum of Fine Arts is aglow in the ancient Lopukhina estate.

[Informant](https://t.me/+LV7tr2_vgu02NjAy) | [Subscribe](https://t.me/+LV7tr2_vgu02NjAy)",,,,,
1450,1450,8451,"**❗️США больше не настаивают на том, чтобы ВСУ не наносили ударов по российской территории, так как меньше опасаются эскалации со стороны Москвы, — **[**The Times**](https://www.thetimes.co.uk/article/ukraine-drone-warfare-russia-732jsshpx)**😏

**""Это **важное событие в девятимесячной войне, **поскольку** теперь Вашингтон с большей вероятностью поставит Киеву оружие большей дальности**"", — пишет издание.

[Информатор](https://t.me/+LV7tr2_vgu02NjAy) | [Подписаться](https://t.me/+LV7tr2_vgu02NjAy)","**❗️The US no longer insists that the Ukrainian military not strike Russian territory, as they now fear less escalation from Moscow —** [The Times](https://www.thetimes.co.uk/article/ukraine-drone-warfare-russia-732jsshpx)**😏

""This is an important event in the nine-month war, as Washington is now more likely to supply Kyiv with longer-range weapons,"" the publication writes.

[Informant](https://t.me/+LV7tr2_vgu02NjAy) | [Subscribe](https://t.me/+LV7tr2_vgu02NjAy)",,,,,
1451,1451,8452,"**НАТО в 2021-2022 г. хотели напасть на Беларусь, выйти на границу Смоленской области и начать войну против России со стороны Донбасса, — Лукашенко

**Дед даже пообещал показать доказальства этого бреда🤦🏻‍♂️

[Информатор](https://t.me/+LV7tr2_vgu02NjAy) | [Подписаться](https://t.me/+LV7tr2_vgu02NjAy)","**NATO in 2021-2022 planned to attack Belarus, advance to the border of Smolensk Oblast, and start a war against Russia from Donbas, — Lukashenko said.

**The old man even promised to show evidence of this nonsense🤦🏻‍♂️

[Informer](https://t.me/+LV7tr2_vgu02NjAy) | [Subscribe](https://t.me/+LV7tr2_vgu02NjAy)",,,,,
1452,1452,8453,"**В Киеве начали действовать новые графики стабилизационных отключений: теперь они состоят из трех категорий

**▪️белый цвет на графике: свет есть и в настоящее время его наличие гарантировано;
▪️серый цвет : в это время гарантированно не будет света;
▪️светло-серый цвет: возможны отключения, если дисбаланс в энергосистеме будет увеличиваться.

Скоро такие нововведения появятся в еще нескольких регионах.

[Информатор](https://t.me/+LV7tr2_vgu02NjAy) | [Подписаться](https://t.me/+LV7tr2_vgu02NjAy)","In Kyiv, new schedules for stabilization power cuts have begun to be implemented: they now consist of three categories.

- **White color on the graph:** Power is currently available and its presence is guaranteed.
- **Gray color:** There will be no power at this time, and this is guaranteed.
- **Light gray color:** Power outages may occur if there is an increase in imbalance in the energy system.

Similar innovations will soon appear in other regions.

[Informant](https://t.me/+LV7tr2_vgu02NjAy) | [Subscribe](https://t.me/+LV7tr2_vgu02NjAy)",,,,,
1453,1453,8454,"**""Фронтовая ситуация остается очень тяжелой на ключевых направлениях на Донбассе – Бахмут, Соледар, Марьинка, Кременная... В этих районах уже давно не осталось живого места**"", — Зеленский

Президент поблагодарил бойцов ВСУ, которые держат фронт на этих направлениях.

[Информатор](https://t.me/+LV7tr2_vgu02NjAy) | [Подписаться](https://t.me/+LV7tr2_vgu02NjAy)","The front-line situation remains extremely difficult on key directions in Donbas—Bakhmut, Solntsever, Mariinka, Kryvyi Rih... There is hardly any livable space left in these areas,"" — Zelensky

The president thanked the soldiers of the Ukrainian Armed Forces who are holding the line on these fronts.

[Informer](https://t.me/+LV7tr2_vgu02NjAy) | [Subscribe](https://t.me/+LV7tr2_vgu02NjAy)",,,,,
1454,1454,8455,"**В беларусских городах Мозырь, Гомель и Могилев стало больше российских мобилизованных военнослужащих, — **[Генштаб ВСУ](https://www.facebook.com/GeneralStaff.ua/posts/pfbid0RdkUN4VDMb4WU8WgfzGVhnoVLzZ1XNNruZPgXHHkYBYivXUzPKKmD6cWZgEVqnH3l)

Кроме того, Беларускі Гаюн сообщает, что в** Беларусь из РФ прибыл новый эшелон с техникой снабжения для ВС РФ**🤔.

[Информатор](https://t.me/+LV7tr2_vgu02NjAy) | [Подписаться](https://t.me/+LV7tr2_vgu02NjAy)","In the Belarusian cities of Mozyr, Gomel, and Mogilev, there are now more Russian mobilized military personnel. — [General Staff of the Ukrainian Armed Forces](https://www.facebook.com/GeneralStaff.ua/posts/pfbid0RdkUN4VDMb4WU8WgfzGVhnoVLzZ1XNNruZPgXHHkYBYivXUzPKKmD6cWZgEVqnH3l)

Additionally, Belaruskii Gayun reports that a new train shipment with supply equipment for the Russian Armed Forces has arrived in Belarus. 🤔

[Informer](https://t.me/+LV7tr2_vgu02NjAy) | [Subscribe](https://t.me/+LV7tr2_vgu02NjAy)",,,,,
1455,1455,8456,"**Оружия много не бывает: скоро ВСУ получат комплексы ПВО Patriot, американские и немецкие танки и ракетные установки, — **[**Подоляк

**](https://www.youtube.com/watch?v=bTeeaTMiP4M)""Просто поверьте мне, что **очень скоро мы получим и Patriot, и Abrams, и Leopard**, и все остальное. Две недели, месяц, два месяца… **все в том объеме, который нам нужен**"", - заявил он.

Отметим, что кроме этого:
**▪️Украина **[**получит **](https://www.handelsblatt.com/unternehmen/industrie/ruestungsindustrie-rheinmetall-baut-neue-skynex-flugabwehr-fuer-die-ukraine/28859200.html)**от Германии новейшие системы ПВО ""Skynex""**;
▪️США [выделяет ](https://www.whitehouse.gov/briefing-room/presidential-actions/2022/12/09/memorandum-on-delegation-of-authority-under-section-506a1-of-the-foreign-assistance-act-of-1961-6/)Украине **новый пакет помощи в размере $275 млн;
**▪️Великобритания предоставит нам **зенитные установки и ракеты ПВО в ближайшее время. 

**[Информатор](https://t.me/+LV7tr2_vgu02NjAy) | [Подписаться](https://t.me/+LV7tr2_vgu02NjAy)","**There's never too much weaponry: soon the Ukrainian Armed Forces will receive Patriot air defense systems from the United States and Germany, as well as tanks and rocket systems.** [Yevhen Podolyak]

**Just believe me that very soon we will get Patriots, Abrams, Leopards, and everything else. Two weeks, a month, two months... all in the volume we need.** - he stated.

It should be noted that besides this:
- **Ukraine will receive the latest ""Skynex"" air defense systems** from Germany;
- **The United States is providing Ukraine with another $275 million aid package;**
- **The United Kingdom will provide us with anti-aircraft systems and missiles in the near future.**

[Source: Informer | Subscribe]",,,,,
1456,1456,8457,"**Россия может рассмотреть вопрос об официальном включении в свою военную доктрину возможности нанесения превентивного ядерного удара (!) с целью разоружения противника**, — [Путин](https://www.bloomberg.com/news/articles/2022-12-09/putin-says-russia-may-add-nuclear-first-strike-to-strategy)🤔

""Если мы говорим о обезоруживающем ударе, возможно, нам следует подумать об использовании подходов наших американских партнеров""__,__ — сказал он.

[Информатор](https://t.me/+LV7tr2_vgu02NjAy) | [Подписаться](https://t.me/+LV7tr2_vgu02NjAy)","**Russia may consider including the possibility of a preemptive nuclear strike (!) for disarming the adversary in its military doctrine,** — Putin said.

""If we talk about a disarming strike, perhaps we should consider using approaches of our American partners,"" he added.

[Informant] (https://t.me/+LV7tr2_vgu02NjAy) | [Subscribe] (https://t.me/+LV7tr2_vgu02NjAy)",,,,,
1457,1457,8458,"**⚡️Украина запросила у США кассетные боеприпасы для ""сдерживания сотни тысяч военнослужащих, которые мобилизуются на границе с Беларусью"", — **[**CNN

**](https://edition.cnn.com/2022/12/07/politics/ukraine-cluster-munitions-us-war-russia/index.html)Сообщается, что украинская сторона **просит кассетные снаряды для HIMARS и 155 гаубиц**, но Штаты пока не одобрили и не отклонили просьбу.

Отметим, что кассетные боеприпасы запрещены Женевской конвенцией, но это не мешает России активно применять их в войне. **Ни США, ни Россия, ни Украина конвенцию не подписали.

**[Информатор](https://t.me/+LV7tr2_vgu02NjAy) | [Подписаться](https://t.me/+LV7tr2_vgu02NjAy)","**⚡️Ukraine has requested cluster munitions from the US for ""deterrence against hundreds of thousands of troops being mobilized along the border with Belarus,""** — CNN reports.

It is reported that the Ukrainian side is asking for cluster munitions for HIMARS and 155mm howitzers, but the US has not yet approved or denied this request.

Note that cluster munitions are banned by the Geneva Convention, but this does not prevent Russia from actively using them in the war. Neither the US, Russia, nor Ukraine have signed the convention.

[Informer] | [Subscribe]",,,,,
1458,1458,8459,"**Бойцы ВСУ, когда нужно быть в тренде и согреться одновременно😏

**Спасибо Уэнздей за лайфхак.

[Информатор](https://t.me/+LV7tr2_vgu02NjAy) | [Подписаться](https://t.me/+LV7tr2_vgu02NjAy)","**The soldiers of the Ukrainian Armed Forces, when you need to stay trendy and warm at the same time 😏

Thanks to Wenzday for the hack.

[Informant](https://t.me/+LV7tr2_vgu02NjAy) | [Subscribe](https://t.me/+LV7tr2_vgu02NjAy)",,,,,
1459,1459,8460,"**ФСБшник Гиркин со слезами на глазах объясняет, почему Россия не бьет по мостам в Украине и её максимум — это ракетные удары по слабо защищённой инфраструктуре

**[Информатор](https://t.me/+LV7tr2_vgu02NjAy) | [Подписаться](https://t.me/+LV7tr2_vgu02NjAy)","The FSB officer Girkin, with tears in his eyes, explains why Russia is not bombing bridges in Ukraine and its maximum effort is rocket strikes on lightly defended infrastructure.

[Informant] (https://t.me/+LV7tr2_vgu02NjAy) | [Subscribe] (https://t.me/+LV7tr2_vgu02NjAy)",,,,,
1460,1460,8461,"**""Верить никому нельзя, только мне можно"", — бункерный Путин

**Ахахаха. Сказочный...

[Информатор](https://t.me/+LV7tr2_vgu02NjAy) | [Подписаться](https://t.me/+LV7tr2_vgu02NjAy)","**""Believe no one but me,"" — bunker Putin.

**Hahahah. Fairy tale...

[Informant](https://t.me/+LV7tr2_vgu02NjAy) | [Subscribe](https://t.me/+LV7tr2_vgu02NjAy)",,,,,
1461,1461,8462,"**⚡️Россия должна была раньше начинать ""операцию"" в Украине, но рассчитывала договориться в рамках ""Минска-2"", — Путин

**Также из заявлений деда:
▪️в результате проведения ""спецоперации"" всем **придётся согласиться с реалиями ""на земле"";
▪️в конечном итоге, придётся договариваться**;
**▪️""СВО"" ""идёт своим чередом, все стабильно, **никаких вопросов и проблем у нас там нет"".

Расскажи это 93 тысячам дохлых российских вояк.

[Информатор](https://t.me/+LV7tr2_vgu02NjAy) | [Подписаться](https://t.me/+LV7tr2_vgu02NjAy)","**⚡️Russia should have started the ""operation"" in Ukraine earlier but was counting on reaching an agreement within the framework of ""Minsk-2,"" — Putin**

**Also from Grandpa's statements:**
▪️as a result of the ""special operation,"" everyone will have to accept the realities on the ground;
▪️ultimately, they will have to negotiate;
▪️""Our Special Operation is proceeding as planned, everything is stable, we don't have any questions or problems there.""

Tell this to the 93,000 dead Russian soldiers.

[Informant](https://t.me/+LV7tr2_vgu02NjAy) | [Subscribe](https://t.me/+LV7tr2_vgu02NjAy)",,,,,
1462,1462,8463,"**Ничего необычного, просто российские вояки испугались украинского дрона и начали бить друг другу морды😂

**[Информатор](https://t.me/+LV7tr2_vgu02NjAy) | [Подписаться](https://t.me/+LV7tr2_vgu02NjAy)","**Nothing out of the ordinary, just some Russian soldiers getting scared of a Ukrainian drone and starting to beat each other up😂**

[Informant](https://t.me/+LV7tr2_vgu02NjAy) | [Subscribe](https://t.me/+LV7tr2_vgu02NjAy)",,,,,
1463,1463,8464,"**⚡️Украина теперь имеет оружие, способное нанести удар по Москве, находящейся в 250 милях от Украины

**Об этом заявил генерал австралийской армии в отставке Мик Райан в интервью [**Forbes**](https://www.forbes.com/sites/davidaxe/2022/12/08/ukraine-has-the-technological-means-to-attack-targets-in-moscow-but-ukrainian-leaders-probably-know-better/?utm_campaign=socialflowForbesMainTwitter&utm_medium=social&utm_source=ForbesMainTwitter&sh=76fd2e832333). По его словам, **это не значит, что Украина собирается атаковать Москву,** но** налеты на российскую столицу были бы честной игрой**, так как **российские войска обстреливают Киев** и другие украинские города. Поэтому ""вероятность удара по городу приведет к нескольким бессонным ночам в столице России"".

[Информатор](https://t.me/+LV7tr2_vgu02NjAy) | [Подписаться](https://t.me/+LV7tr2_vgu02NjAy)","**⚡️Ukraine now has weapons capable of striking Moscow, which is 250 miles from Ukraine.

This was stated by retired Australian Army general Mick Ryan in an interview with [Forbes](https://www.forbes.com/sites/davidaxe/2022/12/08/ukraine-has-the-technological-means-to-attack-targets-in-moscow-but-ukrainian-leaders-probably-know-better/?utm_campaign=socialflowForbesMainTwitter&utm_medium=social&utm_source=ForbesMainTwitter&sh=76fd2e832333). According to him, this does not mean that Ukraine intends to attack Moscow, but strikes on the Russian capital would be a fair game since Russian troops are shelling Kyiv and other Ukrainian cities. Therefore, ""the likelihood of a strike on the city would lead to several sleepless nights in the Russian capital.""**

[Informer](https://t.me/+LV7tr2_vgu02NjAy) | [Subscribe](https://t.me/+LV7tr2_vgu02NjAy)",,,,,
1464,1464,8465,"**Россияне жалуются, что их ущемляют в Казахстане 🤷🏻‍♂️

**Посол России в Казахстане Бородавкин заявил, что в стране **есть проявление ""радикальных националистических (!) тенденций""** обвинив её в ""русофобии и национализме"".

После этого он отметил, что **россияне готовы оказать Казахстану ""помощь""** (ничего не напоминает?) в ""прекращении разного рода экстремистских националистических выступлений""🤡

[Информатор](https://t.me/+LV7tr2_vgu02NjAy) | [Подписаться](https://t.me/+LV7tr2_vgu02NjAy)","**Russians complain that they are being discriminated against in Kazakhstan 🤷🏻‍♂️**

**Russian Ambassador to Kazakhstan Borodavkin stated that there are manifestations of ""radical nationalist tendencies"" in the country, accusing it of "" Russophobia and nationalism"".**

Afterwards, he noted that Russians are ready to offer Kazakhstan ""assistance"" (does anything ring a bell?) in ""stopping various kinds of extremist nationalist demonstrations"" 🤡

[Informer](https://t.me/+LV7tr2_vgu02NjAy) | [Subscribe](https://t.me/+LV7tr2_vgu02NjAy)",,,,,
1465,1465,8466,"**На России к 8,5 годам тюрьмы приговорили политика Илью Яшина: он проводил стрим об убийствах мирных жителей в Буче и суд посчитал это ""фейками против ВС РФ""🤡

**""Самый гуманный суд в мире""🤦🏻‍♂️

[Информатор](https://t.me/+LV7tr2_vgu02NjAy) | [Подписаться](https://t.me/+LV7tr2_vgu02NjAy)","In eight and a half years in prison, Russia sentenced the politician Ilya Yashin: he conducted a stream about the killings of civilians in Bucha, and the court considered this as ""disinformation against the Russian Armed Forces"" 🤡

""The most humane court in the world"" 😅

[Informant](https://t.me/+LV7tr2_vgu02NjAy) | [Subscribe](https://t.me/+LV7tr2_vgu02NjAy)",,,,,
1466,1466,8467,"**Китай тоже решил отгородиться от РФ колючей проволокой: такой ""забор"" строят на берегу Амура в городе Фуюань, расположенном в 65 километрах от российского Хабаровска

**Снимки заграждений 1 декабря [опубликовал](https://m.weibo.cn/5977239305/4841941764148391) китайский гид. Скорее всего, это связано с рисками завоза ковида или с попытками эмиграции из России. 

Хотя, кто знает😏

[Информатор](https://t.me/+LV7tr2_vgu02NjAy) | [Подписаться](https://t.me/+LV7tr2_vgu02NjAy)","China has also decided to fence itself off from Russia with barbed wire: such a ""fence"" is being built along the Amur River in Fuyuan city, which is located 65 kilometers from Russia's Khabarovsk. 

Photos of the barriers were posted by a Chinese hydrologist on December 1st. It’s likely this is related to the risks of importing COVID or attempts at emigration from Russia.

Though, who knows 😏

[Informer] (https://t.me/+LV7tr2_vgu02NjAy) | [Subscribe] (https://t.me/+LV7tr2_vgu02NjAy)",,,,,
1467,1467,8468,"**Россия наотрез отказалась продавать нефть за $60 за баррель (ценовой потолок, который ввёл ЕС), поэтому продала её по.. $43**😁

Дело в том, что российский** сорт нефти Urals**, на долю которого приходилось около **60% морского экспорта страны** за последний год, в среду (7 декабря) **торговался на уровне 43,73 доллара за баррель**. Об этом сообщает [Bloomberg](https://www.bloomberg.com/news/articles/2022-12-08/why-swaths-of-russian-oil-is-trading-far-below-g-7-s-60-cap).

Получается, **ключевая российская марка нефти торгуется на уровнях значительно ниже ценового потолка, который ввели страны G7**😂🤷🏻‍♂️

[Информатор](https://t.me/+LV7tr2_vgu02NjAy) | [Подписаться](https://t.me/+LV7tr2_vgu02NjAy)","**Russia refused to sell oil for $60 per barrel (the price cap set by the EU), so it sold it for... $43** 😁

The fact is that Russia's **Urals crude oil**, which accounted for about **60% of the country's maritime exports last year**, was trading at $43.73 per barrel on Wednesday (December 7). Bloomberg reports this in their article titled ""Why Swaths of Russian Oil Is Trading Far Below G-7’s $60 Cap"" ([link](https://www.bloomberg.com/news/articles/2022-12-08/why-swaths-of-russian-oil-is-trading-far-below-g-7-s-60-cap)).

It turns out that **the key Russian oil grade is trading at levels significantly below the price cap imposed by the G7 countries** 😂🤷🏻‍♂️

[Informer](https://t.me/+LV7tr2_vgu02NjAy) | [Subscribe](https://t.me/+LV7tr2_vgu02NjAy)",,,,,
1468,1468,8469,"**С 14 декабря в Украине меняются правила регистрации автомобилей, — **[**Сервисный центр МВД

**](https://hsc.gov.ua/2022/12/06/yaki-zmini-v-protseduri-reyestratsiyi-transportnih-zasobiv-v-ukrayini-vidbudutsya-z-14-grudnya/)Теперь:
▪️**зарегистрировать авто можно будет онлайн**, без посещения сервисных центров;
▪️**можно получить только электронный техпаспорт и права** (при необходимости возможно и изготовления пластика);
▪️**экспертиза авто выводится в отдельную процедуру** (теперь её нужно проходить до того, как обращаться за услугой регистрации и перерегистрации транспортного средства).

**Оформлять по-новому нужно будет все авто** — как при первой регистрации иномарок, так и при перерегистрации на нового собственника.

[Информатор](https://t.me/+LV7tr2_vgu02NjAy) | [Подписаться](https://t.me/+LV7tr2_vgu02NjAy)","Starting December 14 in Ukraine, the rules for registering vehicles will change, according to the Ministry of Internal Affairs service center:

Now:
▪️ You can register a car online without visiting service centers.
▪️ You can only get an electronic technical passport and driving license (plastic manufacturing is possible upon request).
▪️ Vehicle inspection is now a separate procedure (it must be completed before applying for registration or re-registration of a vehicle).

All vehicles need to be processed this way—whether for the initial registration of imported cars or for re-registration under a new owner.

[Informer] | [Subscribe]",,,,,
1469,1469,8470,"**В Житомирской области на мине **[**подорвался**](https://zt.npu.gov.ua/news/politsiia-ziasovuie-obstavyny-zahybeli-podruzhzhia-na-pivnochi-zhytomyrshchyny)** автомобиль с супругами: сиротами остались 8 (!) несовершеннолетних детей

**Надо ещё объяснять, почему не стоит съезжать на обочины или ходить в лес?

[Информатор](https://t.me/+LV7tr2_vgu02NjAy) | [Подписаться](https://t.me/+LV7tr2_vgu02NjAy)","In the Zhitomir region, a car with a couple hit a mine and exploded: 8 (!) minors have become orphans.

Don't you still need to explain why it's not advisable to pull over to the side of the road or walk in the woods?

[Informant] (https://t.me/+LV7tr2_vgu02NjAy) | [Subscribe] (https://t.me/+LV7tr2_vgu02NjAy)",,,,,
1470,1470,8471,"**Российский наёмник, состоящий в ЧВК ""Вагнер"", отстал от группы, пришёл в Ростовскую область и расстрелял руснявых полицейских потому, что ""перепутал их с украинцами""**🤷🏻‍♂️

[Информатор](https://t.me/+LV7tr2_vgu02NjAy) | [Подписаться](https://t.me/+LV7tr2_vgu02NjAy)","A Russian mercenary from the Wagner private military company became separated from his group, arrived in Rostov Oblast, and shot dead local police officers because he ""mistook them for Ukrainians."" 🤷🏻‍♂️

[Informant](https://t.me/+LV7tr2_vgu02NjAy) | [Subscribe](https://t.me/+LV7tr2_vgu02NjAy)",,,,,
1471,1471,8472,"**""Запад превратил Украину в колонию и использует украинский народ как пушечное мясо"", — Путин 

**Порция кринжатины с утра получена.

[Информатор](https://t.me/+LV7tr2_vgu02NjAy) | [Подписаться](https://t.me/+LV7tr2_vgu02NjAy)","**""The West has turned Ukraine into a colony and is using the Ukrainian people as cannon fodder,"" — Putin

**A dose of cringe-inducing information was received in the morning.

[Informer](https://t.me/+LV7tr2_vgu02NjAy) | [Subscribe](https://t.me/+LV7tr2_vgu02NjAy)",,,,,
1472,1472,8473,"**""Я не опоздал? Мерседесы слабые, не заводятся. Я пешком пришёл"", — Лукашенко на своих двоих пришёл на саммит ЕАЭС в Бишкеке и попытался пошутить над европейским автопромом

**А почему же усатый на беларусских авто не ездит? 🤡

[Информатор](https://t.me/+LV7tr2_vgu02NjAy) | [Подписаться](https://t.me/+LV7tr2_vgu02NjAy)","**""I didn't miss the summit? Mercedes are weak, won't start. I walked here,"" — Lukashenko walked to the EAEU summit in Bishkek and tried to joke about European automotive industry.**

Why doesn't the bearded one drive a Belarusian car? 🤡

[Informer](https://t.me/+LV7tr2_vgu02NjAy) | [Subscribe](https://t.me/+LV7tr2_vgu02NjAy)",,,,,
1473,1473,8474,"**СБУ объявила о подозрении ректору Почаевской духовной семинарии УПЦ (МП), который вел антиукраинскую деятельность в соцсетях 

**По данным СБУ, архиепископ Шумский Иов использовал анонимный профиль в соцсети Facebook, чтобы продвигать нарративы российских пропагандистов. Также, у него обнаружили литературу, которая повторяла «тезисы» кремля по поводу внутренней ситуации в Украине.

Иову инкриминирована ч.1 ст.161 УК (нарушение равноправия граждан в зависимости от расовой, национальной, религиозной принадлежности).

[Информатор](https://t.me/+LV7tr2_vgu02NjAy) | [Подписаться](https://t.me/+LV7tr2_vgu02NjAy)","The SBU has announced charges against the rector of the Poltava Theological Seminary of the Ukrainian Orthodox Church (MP), who conducted anti-Ukrainian activities on social media.

According to the SBU, Archbishop Shumskiy Ioav used an anonymous profile on Facebook to promote narratives by Russian propagandists. They also found literature in his possession that repeated Kremlin talking points about the internal situation in Ukraine.

Ioav is accused under Article 161, Section 1 of the Criminal Code (violation of citizens' equality based on race, nationality, or religious affiliation).

[Informant](https://t.me/+LV7tr2_vgu02NjAy) | [Subscribe](https://t.me/+LV7tr2_vgu02NjAy)",,,,,
1474,1474,8475,"**Украина нанесла удар по двум российским авиабазам модифицированными советскими беспилотниками Ту-141 ""Стриж"", **— [Politico](https://www.politico.com/news/2022/12/07/ukraine-used-home-modified-drones-to-strike-russian-bases-00072936)

Сообщается, что после отказов  западных союзников предоставить ракеты большой дальности и беспилотники, Украина без чьей-либо помощи модифицировала «Стрижи».

Однако, ранее Financial Times [сообщала](https://t.me/ukrinformator/30186), что беспилотники, которыми атаковали авиабазы РФ, это не ""Стрижи"", а совместная инициатива госструктур и частной компании.

Данные у запада очень разнятся🤷🏻‍♂️

[Информатор](https://t.me/+LV7tr2_vgu02NjAy) | [Подписаться](https://t.me/+LV7tr2_vgu02NjAy)","**Ukraine struck two Russian airbases with modified Soviet-era Tu-141 'Sly' drones, according to Politico.**

It is reported that after Western allies refused to provide long-range missiles and drones, Ukraine, without external help, modified the 'Sly' drones.

However, earlier, Financial Times reported that the drones used to attack Russian airbases were not 'Slys', but a joint initiative by government agencies and a private company.

The information from the West varies significantly. 🤷🏻‍♂️

[Информатор](https://t.me/+LV7tr2_vgu02NjAy) | [Subscribe](https://t.me/+LV7tr2_vgu02NjAy)",,,,,
1475,1475,8476,"**Под Москвой очень сильный пожар: Очевидцы выкладывают кадры взрывов в ТЦ Мега-Химки

**Огонь охватил уже 17 тысяч квадратов торгового центра.

Среди **версий возгорания рассматриваются поджог**.

[Информатор](https://t.me/+LV7tr2_vgu02NjAy) | [Подписаться](https://t.me/+LV7tr2_vgu02NjAy)","A strong fire is raging near Moscow: Witnesses are posting videos of explosions at the Mega-Himki shopping center.

The flames have already engulfed 17,000 square meters of the shopping center.

Among the theories about the cause of the fire is arson.

[Source](https://t.me/+LV7tr2_vgu02NjAy) | [Subscribe](https://t.me/+LV7tr2_vgu02NjAy)",,,,,
1476,1476,8477,"**Вот тут русня фатально дала в штангу. Мы всё выдержим**💪🏻

Спокойной ночи.

[Информатор](https://t.me/+LV7tr2_vgu02NjAy) | [Подписаться](https://t.me/+LV7tr2_vgu02NjAy)","Here the Russians hit a fatal foul. We'll hold strong. 💪🏻

Good night.

[Informant](https://t.me/+LV7tr2_vgu02NjAy) | [Subscribe](https://t.me/+LV7tr2_vgu02NjAy)",,,,,
1477,1477,8478,"**Невероятные фото ночного Киева в практически полной темноте
**
[Информатор](https://t.me/+LV7tr2_vgu02NjAy) | [Подписаться](https://t.me/+LV7tr2_vgu02NjAy)","**Amazing photos of nighttime Kiev in near total darkness
**
[Informant](https://t.me/+LV7tr2_vgu02NjAy) | [Subscribe](https://t.me/+LV7tr2_vgu02NjAy)",,,,,
1478,1478,8479,"**То чувство, когда ""Киев за 3 дня уже взял"", а теперь готовишься оборонять Сибирь**🤦🏻‍♂️

[Информатор](https://t.me/+LV7tr2_vgu02NjAy) | [Подписаться](https://t.me/+LV7tr2_vgu02NjAy)","The feeling when you thought ""Kyiv was taken in just 3 days,"" and now you're preparing to defend Siberia 🤦🏻‍♂️

[Informant] (https://t.me/+LV7tr2_vgu02NjAy) | [Subscribe] (https://t.me/+LV7tr2_vgu02NjAy)",,,,,
1479,1479,8480,"**Зеленский заявил, что более 170 тыс квадратных киллометров территории Украины заминировано. Он будет требовать, чтобы Россия отвечала за минный террор, как один из опаснейших видов террора

**Президент отметил, что наградил посмертно полицейских, которые попали вчера в минную ловушку на Херсонщине. Также анонсировал, что следующая неделя будет богата на позитивные решения для Украины.

[Информатор](https://t.me/+LV7tr2_vgu02NjAy) | [Подписаться](https://t.me/+LV7tr2_vgu02NjAy)","**Zelensky stated that over 170 thousand square kilometers of Ukrainian territory are mined. He will demand that Russia be held responsible for mine terrorism, one of the most dangerous forms of terror.

The president noted that he posthumously awarded police officers who fell into a mine trap in Kherson Oblast yesterday. He also announced that the upcoming week will bring positive decisions for Ukraine.

[Informer](https://t.me/+LV7tr2_vgu02NjAy) | [Subscribe](https://t.me/+LV7tr2_vgu02NjAy)",,,,,
1480,1480,8481,"**В Одессе жители опять перекрыли дорогу из-за отсутствия света 5 сутки. Но протестуют не из-за отключений, а из-за того, что починить сгоревший щитовой кабель постоянно приезжает пьяный электрик**🤷🏻

[Информатор](https://t.me/+LV7tr2_vgu02NjAy) | [Подписаться](https://t.me/+LV7tr2_vgu02NjAy)","In Odessa, residents have blocked the road for the fifth day in a row due to power outages. However, they are protesting not because of the outages themselves, but because the drunk electrician who keeps coming to fix the burned-out distribution cable is always intoxicated. 🤷🏻

[Informant] (https://t.me/+LV7tr2_vgu02NjAy) | [Subscribe] (https://t.me/+LV7tr2_vgu02NjAy)",,,,,
1481,1481,8482,"**Папа Римский Франциск не смог сдержать слез, говоря об украинцах

**""Пречистая Дева, сегодня я хотел бы преподнести тебе благодарность украинцев"", - начал Папа, но его захлестнули эмоции.

[Информатор](https://t.me/+LV7tr2_vgu02NjAy) | [Подписаться](https://t.me/+LV7tr2_vgu02NjAy)","**Pope Francis couldn't hold back his tears speaking about Ukrainians.**

""Most Pure Virgin, today I would like to offer you the gratitude of the Ukrainians,"" the Pope began, but he was overcome with emotion.

[Informer](https://t.me/+LV7tr2_vgu02NjAy) | [Subscribe](https://t.me/+LV7tr2_vgu02NjAy)",,,,,
1482,1482,8483,"**В Россию запретят ввоз ноутбуков, жестких дисков, камер и объективов в рамках нового пакета санкций, — Politicо

**Также из-за санкций действия лицензий на вещание приостановят для НТВ/НТВ Мир, Россия 1, РЕН ТВ и Первого канала.

Импортозамещать будете? 😏

[Информатор](https://t.me/+LV7tr2_vgu02NjAy) | [Подписаться](https://t.me/+LV7tr2_vgu02NjAy)","**Bringing laptops, hard drives, cameras, and lenses into Russia will be banned under the new sanctions package, — Politico**

**Also, due to the sanctions, broadcasting licenses for NTV/NTV World, Russia 1, REN TV, and Channel One will be suspended.**

Will you be replacing imports? 😏

[Informer](https://t.me/+LV7tr2_vgu02NjAy) | [Subscribe](https://t.me/+LV7tr2_vgu02NjAy)",,,,,
1483,1483,8484,"**""У меня жена и скоро будет ребенок, я не умру я их очень люблю"", — раненный боец из-под Стельмаховки обещает держаться во что бы то ни стало

**Сцепя зубы, через боль, под украинскую песню. До слез

[Информатор](https://t.me/+LV7tr2_vgu02NjAy) | [Подписаться](https://t.me/+LV7tr2_vgu02NjAy)","**""I have a wife and soon there will be a child, I won't die; I love them very much,"" — the wounded soldier from Stelemykhivka vows to hold on no matter what, gritting his teeth through the pain to Ukrainian music until he is moved to tears.**

[Informant](https://t.me/+LV7tr2_vgu02NjAy) | [Subscribe](https://t.me/+LV7tr2_vgu02NjAy)",,,,,
1484,1484,8485,"**Бахмут** **сейчас. Ад на земле

**Русня будет гореть на этом и том свете за все это.

[Информатор](https://t.me/+LV7tr2_vgu02NjAy) | [Подписаться](https://t.me/+LV7tr2_vgu02NjAy)","**Bakhmut now. Hell on Earth.

Rusnya will burn in this world and the next for all of this.

[Informant](https://t.me/+LV7tr2_vgu02NjAy) | [Subscribe](https://t.me/+LV7tr2_vgu02NjAy)",,,,,
1485,1485,8486,"**Сотрудники СБУ настолько суровые, что блюрят лица даже котам😏**

[Информатор](https://t.me/+LV7tr2_vgu02NjAy) | [Подписаться](https://t.me/+LV7tr2_vgu02NjAy)","The SBNU staff are so stern that they blur even cats' faces 😏

[Informant](https://t.me/+LV7tr2_vgu02NjAy) | [Subscribe](https://t.me/+LV7tr2_vgu02NjAy)",,,,,
1486,1486,8487,"**""Захлебнулся рвотными массами"": почетная смерть российского солдата**🤡

За родину.

[Информатор](https://t.me/+LV7tr2_vgu02NjAy) | [Подписаться](https://t.me/+LV7tr2_vgu02NjAy)","**""Drowned in vomit"": Honorable Death of a Russian Soldier** 🤡

For his country.

[Informant](https://t.me/+LV7tr2_vgu02NjAy) | [Subscribe](https://t.me/+LV7tr2_vgu02NjAy)",,,,,
1487,1487,8488,"**Россия вынуждена пополнять мобиками элитную кремлевскую гвардию, которая была создана для защиты Москвы, —**[** The Telegraph

**](https://www.telegraph.co.uk/world-news/2022/12/08/ukraine-news-russia-war-invasion-putin-missiles-kyiv-live/)Армия, насчитывающая не менее 500 танков и других боевых машин, сильно пострадала в боях под Харьковом. 

[Информатор](https://t.me/+LV7tr2_vgu02NjAy) | [Подписаться](https://t.me/+LV7tr2_vgu02NjAy)","**Russia is forced to replenish the mobile elite Kremlin guard, which was created to protect Moscow, — The Telegraph**

The army, numbering at least 500 tanks and other combat vehicles, suffered significant losses in battles near Kharkiv.

[Informant] | [Subscribe]",,,,,
1488,1488,8489,"⚡️**Мирное время в Украине может наступить в следующем году, — **[Зеленский

](https://www.politico.eu/article/zelenskyy-predicts-peace-time-next-year-as-putin-says-war-will-be-a-long-process/)Президент Украины был назван ""самым влиятельным человеком в Европе"" и заявил, что ""**украинцы также будут самыми влиятельными в следующем году, но уже в мирное время**"".

[Информатор](https://t.me/+LV7tr2_vgu02NjAy) | [Подписаться](https://t.me/+LV7tr2_vgu02NjAy)","⚡️**Peace may come to Ukraine next year, according to Zelensky.** The Ukrainian President was named ""the most influential person in Europe"" and stated that ""**Ukrainians will also be the most influential next year, but in times of peace**"".

[Informer](https://t.me/+LV7tr2_vgu02NjAy) | [Subscribe](https://t.me/+LV7tr2_vgu02NjAy)",,,,,
1489,1489,8490,"**⚡️Путин признался, что ударами по инфраструктуре Украины мстит за Крымский мост и ""отсутствие воды в оккупированном Донецке**""

Бункерный также подчеркнул, что ""в ходе спецоперации все делается для защиты людей""🤡. 

Не смешной стенд-ап получился.

[Информатор](https://t.me/+LV7tr2_vgu02NjAy) | [Подписаться](https://t.me/+LV7tr2_vgu02NjAy)","**⚡️Putin admitted that strikes on Ukraine's infrastructure are revenge for the Crimea Bridge and the ""lack of water in occupied Donetsk.""**

Bunker also emphasized that ""during the special operation, everything is done to protect people."" 🤡

This isn't a funny stand-up routine.

[Informer](https://t.me/+LV7tr2_vgu02NjAy) | [Subscribe](https://t.me/+LV7tr2_vgu02NjAy)",,,,,
1490,1490,8491,"**На территории Запорожской АЭС русня готовит ядерные провокации: туда завезли системы ""Град"",** — Энергоатом

Очевидно, готовятся провокации: обстрел установками противоположного берега Днепра, в частности, Никополя и Марганца, непосредственно с площадки ЗАЭС.

[Информатор](https://t.me/+LV7tr2_vgu02NjAy) | [Подписаться](https://t.me/+LV7tr2_vgu02NjAy)","**Russian troops are preparing nuclear provocations on the territory of Zaporizhzhia NPP: they brought in Grad rocket systems,** — Energoatom

It is clear that provocations are being prepared: an artillery strike using the opposite bank of the Dnieper River, particularly targeting Nikopol and Mariupol, directly from the ZNPP site.

[Informant](https://t.me/+LV7tr2_vgu02NjAy) | [Subscribe](https://t.me/+LV7tr2_vgu02NjAy)",,,,,
1491,1491,8492,"⚡️**Дроны, ударившие российские аэродромы, разработали** **совместно** **госструктуры и частный бизнес** **Украины, **— [FT](https://www.ft.com/content/092a9022-21ef-4e6c-8d57-895564c01883) 

Источник издания сообщил, что **беспилотники произвел не ""Укроборонпром"",** также они не являются усовершенствованными советскими аппаратами. Интересно, что неназванная частная компания, может ""часто"" производить такие БПЛА.

[Информатор](https://t.me/+LV7tr2_vgu02NjAy) | [Подписаться](https://t.me/+LV7tr2_vgu02NjAy)","⚡️The drones that struck Russian airbases were developed jointly by Ukrainian government structures and private business. — [FT](https://www.ft.com/content/092a9022-21ef-4e6c-8d57-895564c01883)

The source of the publication reported that the unmanned aerial vehicles (UAVs) were not produced by ""Ukrainian Defense Industries"" and are not advanced versions of Soviet-era drones. Interestingly, a unnamed private company, which reportedly frequently produces such UAVs, is involved. 

[Informer](https://t.me/+LV7tr2_vgu02NjAy) | [Subscribe](https://t.co/+LV7tr2_vgu02NjAy)",,,,,
1492,1492,8493,"**А чего так мало, постеснялись? **🤡

[Информатор](https://t.me/+LV7tr2_vgu02NjAy) | [Подписаться](https://t.me/+LV7tr2_vgu02NjAy)","**Why so little? Were you ashamed?** 🤡

[Informant](https://t.me/+LV7tr2_vgu02NjAy) | [Subscribe](https://t.me/+LV7tr2_vgu02NjAy)",,,,,
1493,1493,8494,"**Россияне выпустили более тысячи ракет по энергетическим объектам Украины. Это самый большой удар для электросетей, известный человечеству, — глава ""Укрэнерго"" Владимир Кудрицкий

**“Мы уже пережили массированные атаки агрессора. Эти атаки являются самым большим ударом по электросети, который когда-либо видело человечество. К сожалению, эти атаки нанесли большой ущерб Украине и нашей системе”, — сказал Кудрицкий.

[Информатор](https://t.me/+LV7tr2_vgu02NjAy) | [Подписаться](https://t.me/+LV7tr2_vgu02NjAy)","Russians launched over a thousand rockets at Ukrainian energy facilities. This is the largest strike on the power grid known to humanity, according to Volodymyr Kudrytskyi, head of Ukrenergo.

""We have already experienced mass attacks by the aggressor. These attacks represent the largest blow to the power grid that humanity has ever witnessed. Unfortunately, these attacks have caused significant damage to Ukraine and our system,"" said Kudrytskyi.

[Informer](https://t.me/+LV7tr2_vgu02NjAy) | [Subscribe](https://t.me/+LV7tr2_vgu02NjAy)",,,,,
1494,1494,8495,"**Россия не намерена аннексировать новые территории Украины**,** но собирается ""освободить** **оккупированные Украиной регионы""**🤡

Об этом сообщил Песков. Также, по его словам, конфликт в Украине ""может закончиться завтра"" при политической воле Киева, а ""демилитаризация и денацификация"" остаются одними из главных целей ""спецоперации"".

Круг замкнулся, а маразм крепчал🤦🏻‍♂️

[Информатор](https://t.me/+LV7tr2_vgu02NjAy) | [Подписаться](https://t.me/+LV7tr2_vgu02NjAy)","**Russia has no intention of annexing new territories in Ukraine but plans to ""liberate regions occupied by Ukraine.""** This was reported by Peskov. He also stated that the conflict in Ukraine could end ""tomorrow"" with political will from Kyiv, and that ""demilitarization and denazification"" remain key goals of the ""special operation.""

The circle is complete, and madness deepens 🤦🏻‍♂️

[Informer](https://t.me/+LV7tr2_vgu02NjAy) | [Subscribe](https://t.me/+LV7tr2_vgu02NjAy)",,,,,
1495,1495,8496,"**Русня называет украинцев, владеющих английским языком, ""агентами Госдепа"" **🤦🏻‍♂️

Так, российские пропагандисты назвали фейком комментарий жителя Херсона на английском, где он радовался освобождению от оккупантов.

А чего еще ждать от людей, которые даже десятилями живя в других странах, не способны выучить никакой язык. Вата схавает, однозначно.

[Информатор](https://t.me/+LV7tr2_vgu02NjAy) | [Подписаться](https://t.me/+LV7tr2_vgu02NjAy)","**The Russophiles call Ukrainian English speakers ""DHS agents.""** 🤦‍♂️

So, Russian propagandists labeled as fake a comment from a resident of Kherson in English, where he expressed joy at being liberated from occupiers.

What else do you expect from people who, even after living in other countries for decades, can't learn any language. The echo chamber will unquestioningly swallow it.

[Informer](https://t.me/+LV7tr2_vgu02NjAy) | [Subscribe](https://t.me/+LV7tr2_vgu02NjAy)",,,,,
1496,1496,8497,"**Русня, похоже, модифицировала иранские дроны, чтобы можно было запускать их даже в холод, — **[** ISW

**](https://www-understandingwar-org.translate.goog/backgrounder/russian-offensive-campaign-assessment-december-7?_x_tr_sl=en&_x_tr_tl=uk&_x_tr_hl=uk&_x_tr_pto=sc)Впервые за три недели войска РФ применили беспилотники иранского производства для ударов по украинским городам. Это невозможно было сделать, потому как там много пластиковых деталей, и на холоде дрон работать не может. В разведке объяснили, что вероятне всего россияне **заменили некоторые детали, что позволит беспилотникам работать в холодное время года.

**[Информатор](https://t.me/+LV7tr2_vgu02NjAy) | [Подписаться](https://t.me/+LV7tr2_vgu02NjAy)","**The Russians seem to have modified Iranian drones to allow them to be launched even in cold weather.** For the first time in three weeks, Russian forces used Iranian-produced drones for strikes on Ukrainian cities. This was not possible before because many of the parts are plastic and the drone would not work in the cold. Intelligence officials explained that the Russians likely replaced some components, which will enable the drones to operate during colder months.

**[Source](https://t.me/+LV7tr2_vgu02NjAy) | [Subscribe](https://t.me/+LV7tr2_vgu02NjAy)**",,,,,
1497,1497,8498,"**Путин тоже не остался без премии: Politico признает его ""неудачником года""

**""Мечта Владимира Путина о великой России вряд ли осуществится. Его полномасштабное наступление на Украину начало разваливаться почти так же быстро, как и началось…** Войска, которые ненадолго угрожали Киеву, едва удерживаются на востоке страны.** Его решение призвать сотни тысяч новых солдат заставило мужчин призывного возраста покинуть страну"", — отмечает издание.

Премия достойна обладателя.

[Информатор](https://t.me/+LV7tr2_vgu02NjAy) | [Подписаться](https://t.me/+LV7tr2_vgu02NjAy)","**Putin also failed to go without a prize: Politico names him ""Man of the Year in Failure.""**

**Vladimir Putin's dream of a great Russia is unlikely to come true. His full-scale invasion of Ukraine began falling apart almost as quickly as it started...** The troops that briefly threatened Kyiv are barely holding on in the east of the country.** His decision to call up hundreds of thousands of new soldiers forced men of conscription age to leave the country,** the publication notes.

The prize is well-deserved by its recipient.

[Informer](https://t.me/+LV7tr2_vgu02NjAy) | [Subscribe](https://t.me/+LV7tr2_vgu02NjAy)",,,,,
1498,1498,8499,"**Мобильная связь будет держаться минимум 3 суток в случае полного блэкаута в Украине, **—** Госспецсвязь

**Операторы работают над созданием** резерва**, **который позволит в течение этого времени обеспечивать связь**, в случае критических перебоев с электроснабжением.

[Информатор](https://t.me/+LV7tr2_vgu02NjAy) | [Подписаться](https://t.me/+LV7tr2_vgu02NjAy)","Mobile communication will remain operational for at least 3 days in case of a complete blackout in Ukraine, — State Special Communications.

Operators are working on creating a reserve that will allow maintaining communication during this period in case of critical power supply disruptions.

[Source](https://t.me/+LV7tr2_vgu02NjAy) | [Subscribe](https://t.me/+LV7tr2_vgu02NjAy)",,,,,
1499,1499,8500,"**Продолжает** **прилетать по России: в Белгородской области бавовна

**На этот раз прилетело в поселок Яковлево — **это не приграничный район, он находится севернее Белгорода.

**[Информатор](https://t.me/+LV7tr2_vgu02NjAy) | [Подписаться](https://t.me/+LV7tr2_vgu02NjAy)","It continues to appear across Russia: in Belgorod Oblast, a bavarona was spotted in the village of Yakovlevo — this is not a border region; it is located north of Belgorod.

[Informant](https://t.me/+LV7tr2_vgu02NjAy) | [Subscribe](https://t.me/+LV7tr2_vgu02NjAy)",,,,,
1500,1500,8501,"**США рассматривают предоставление Украине кассетных боеприпасов  —**[ CNN

](https://edition.cnn.com/2022/12/07/politics/ukraine-cluster-munitions-us-war-russia/index.html)Этот вопрос рассматривали нескольких месяцев и ""не отклонили его категорически"". Украинская сторона просит кассетные снаряды для HIMARS и 155 гаубиц. **Их могут предоставить, когда запасы обычных снарядов на западных складах иссякнут**, говорят собеседники телеканала.

[Информатор](https://t.me/+LV7tr2_vgu02NjAy) | [Подписаться](https://t.me/+LV7tr2_vgu02NjAy)","The United States is considering providing Ukraine with cluster munitions. This issue has been under discussion for several months and ""has not been categorically ruled out."" The Ukrainian side is requesting cluster munitions for HIMARS and 155mm howitzers. They may be provided when the stocks of conventional ammunition on Western supply depots run dry, according to sources from the television channel.

[Informer](https://t.me/+LV7tr2_vgu02NjAy) | [Subscribe](https://t.me/+LV7tr2_vgu02NjAy)",,,,,
1501,1501,8502,"**Зеленский стал ""самым влиятельным европейцем"" по версии американской газеты Politico

**""Если ему нужно оружие, он его получит, даже если это означает отказ от давней политики Германии не продавать его. Если он хочет санкций, он их получает, даже если это означает, что Европа переживает энергетический кризис и суровую зиму с заоблачными ценами на газ"", - пишет газета.

[Информатор](https://t.me/+LV7tr2_vgu02NjAy) | [Подписаться](https://t.me/+LV7tr2_vgu02NjAy)","**Zelensky became ""the most influential European"" according to the American newspaper Politico.**

""If he needs weapons, he will get them, even if this means abandoning Germany's long-standing policy of not selling weapons. If he wants sanctions, he gets them, even if this means Europe faces an energy crisis and a harsh winter with sky-high gas prices,"" the newspaper writes.

[Informer](https://t.me/+LV7tr2_vgu02NjAy) | [Subscribe](https://t.me/+LV7tr2_vgu02NjAy)",,,,,
1502,1502,8503,"**США не будет** **проводить аудит или останавливать военную помощь Украине**, – **The Washington Post

**Комитет иностранных дел США (большинство составляют демократы)  [отметил](https://www.washingtonpost.com/national-security/2022/12/06/marjorie-taylor-greene-ukraine-audit/) законопроект републиканцев, которые стремились урезать нам военную помощь.

Надежды русни на республиканцев не оправдались?🤔

[Информатор](https://t.me/+LV7tr2_vgu02NjAy) | [Подписаться](https://t.me/+LV7tr2_vgu02NjAy)","**The United States will not conduct an audit or halt military assistance to Ukraine**, – The Washington Post

**The US House Committee on Foreign Affairs (majority Democratic) noted** the Republican legislation aimed at reducing our military aid to Ukraine.

Did the Russians' hopes for the Republicans come to nothing?🤔

[Informer](https://t.me/+LV7tr2_vgu02NjAy) | [Subscribe](https://t.me/+LV7tr2_vgu02NjAy)",,,,,
1503,1503,8504,"**Таймс Сквер. Так выглядит обложка Times с человеком года**🔥

[Информатор](https://t.me/+LV7tr2_vgu02NjAy) | [Подписаться](https://t.me/+LV7tr2_vgu02NjAy)","**Times Square. This is how the cover of The Times with Person of the Year looks**🔥

[Informant](https://t.me/+LV7tr2_vgu02NjAy) | [Subscribe](https://t.me/+LV7tr2_vgu02NjAy)",,,,,
1504,1504,8505,"**Восстановить 100% энергосистемы до той, которой она была до начала российского террора, сейчас невозможно, нужно время, именно поэтому нужны графики отключений, — Зеленский

**[Информатор](https://t.me/+LV7tr2_vgu02NjAy) | [Подписаться](https://t.me/+LV7tr2_vgu02NjAy)","Restoring the 100% energy system to what it was before the start of the Russian terror is now impossible; it will take time—this is why blackout schedules are needed, — Zelensky

[Informer](https://t.me/+LV7tr2_vgu02NjAy) | [Subscribe](https://t.me/+LV7tr2_vgu02NjAy)",,,,,
1505,1505,8506,"**Украинцам тьма не страшна:** после отключения электричества в киевском супермаркете, люди **спокойно (без паники,** драк и краж как это пишут в росСМИ😏)** достают фонарики и продолжают свои дела**, не причиняя дискомфорта окружающим

[Информатор](https://t.me/+LV7tr2_vgu02NjAy) | [Подписаться](https://t.me/+LV7tr2_vgu02NjAy)","**Ukrainians fear no darkness:** after the power went out in a Kiev supermarket, people calmly (without panic, fighting, or theft as reported in Russian media 😏) take out flashlights and continue with their business without causing discomfort to those around them.

[Informer](https://t.me/+LV7tr2_vgu02NjAy) | [Subscribe](https://t.me/+LV7tr2_vgu02NjAy)",,,,,
1506,1506,8507,"**Так выглядит небо над Авдеевкой сейчас**

Это страшно.

[Информатор](https://t.me/+LV7tr2_vgu02NjAy) | [Подписаться](https://t.me/+LV7tr2_vgu02NjAy)","Here is the translation:

**This is how the sky looks above Avdeevka now.**

It's terrifying.

[Informant](https://t.me/+LV7tr2_vgu02NjAy) | [Subscribe](https://t.me/+LV7tr2_vgu02NjAy)",,,,,
1507,1507,8508,"**Война не завершится только освобождением всей территории Украины. Нужно будет демилитаризировать приграничье РФ

**Об этом заявил Подоляк. ""Я считаю, что будет четкая конвенционная война, в ходе которой Россия **будет постепенно отступать к границам 1991**. **Российские военнослужащие должны будут отойти на километров 50-100 от границы. **Так будут дальше развиваться события войны"", — заявил он.

[Информатор](https://t.me/+LV7tr2_vgu02NjAy) | [Подписаться](https://t.me/+LV7tr2_vgu02NjAy)","The war will not end with the liberation of all Ukrainian territory. The demilitarization of the Russian border regions will also be necessary.

This was stated by Podolyak. ""I believe that there will be a clear conventional war in which Russia will gradually withdraw to the 1991 borders. Russian military personnel will need to retreat several dozen kilometers from the border. This is how the events of the war will likely continue to develop,"" he said.

[Informer](https://t.me/+LV7tr2_vgu02NjAy) | [Subscribe](https://t.me/+LV7tr2_vgu02NjAy)",,,,,
1508,1508,8509,"**❗️""Киев может остаться без света, воды и тепла. Может случиться апокалипсис, как в голливудских фильмах, когда невозможно жить в домах из-за низкой температуры""**, — [заявил](https://www.reuters.com/world/europe/kyiv-mayor-says-apocalypse-scenario-possible-this-winter-urges-no-panic-2022-12-07/) мэр Кличко в интервью Reuters

По его словам, сейчас необходимости эвакуироваться нет, но ""картина мрачная: в столице не хватает отапливаемых убежищ, чтобы принять все 3,6 млн жителей в случае полных отключений, и **люди должны быть готовы к эвакуации в случае ухудшения ситуации**"".

[Информатор](https://t.me/+LV7tr2_vgu02NjAy) | [Подписаться](https://t.me/+LV7tr2_vgu02NjAy)","**❗️""Kyiv may be left without electricity, water, and heat. An apocalyptic scenario like in Hollywood movies could happen, where it's impossible to live in homes due to low temperatures,""** — Mayor Klitschko told Reuters in an interview.

According to him, there is currently no need for evacuation, but ""the picture is grim: the capital lacks heated shelters to accommodate all 3.6 million residents in case of full blackouts, and **people should be prepared for evacuation if the situation worsens**.""

[Informer] | [Subscribe]",,,,,
1509,1509,8510,"**Появилась настоящая обложка журнала Time😏

**[Информатор](https://t.me/+LV7tr2_vgu02NjAy) | [Подписаться](https://t.me/+LV7tr2_vgu02NjAy)","**A real Time magazine cover has appeared 😏**

**Informant** | [Subscribe](https://t.me/+LV7tr2_vgu02NjAy)",,,,,
1510,1510,8511,"**Кремль готовит секретный план по эвакуации Путина в Латинскую Америку в случае поражения в войне против Украины: проект носит название ""Ноев ковчег""

**Об этом сообщает бывший спичрайтер Путина Галлямов. По его словам, **проект готовят с весны.** Изначально для бегства Путина рассматривался Китай, но в Кремле опасаются, что китайцы не любят проигравших, поэтому **сейчас в приоритете для эвакуации Аргентина и Венесуэла.** ""Ковчегом"" занимается глава ""Роснефти"" **Игорь Сечин**.

При этом, ""Можем объяснить"" со ссылкой на источники, близкие к администрации Путина сообщает, что **к эвакуации готовится не только диктатор.** **Высшие чиновники и госменеджеры приобретают недвижимость и ВНЖ в Венесуэле**, а чиновники из АП и правительства рангом **пониже оформляют ВНЖ в Парагвае, Эквадоре и Аргентине.

**[Информатор](https://t.me/+LV7tr2_vgu02NjAy) | [Подписаться](https://t.me/+LV7tr2_vgu02NjAy)","The Kremlin is preparing a secret evacuation plan for Putin to Latin America in case of defeat in the war against Ukraine; the project is called ""Noah's Ark.""

This is reported by Gallyamov, a former speechwriter for Putin. According to him, the project has been in preparation since spring. Initially, China was considered as a place for Putin's escape, but the Kremlin fears that the Chinese do not like losers, so now Argentina and Venezuela are prioritized for evacuation. ""Noah's Ark"" is being handled by the head of Rosneft, Igor Sechin.

Meanwhile, ""We Can Explain,"" citing sources close to Putin's administration, reports that not only the dictator is preparing for evacuation. High-ranking officials and state managers are buying property and permanent residency in Venezuela, while lower-ranking officials from the administration and government are getting permanent residency in Paraguay, Ecuador, and Argentina. 

[Source](https://t.me/+LV7tr2_vgu02NjAy) | [Subscribe](https://t.me/+LV7tr2_vgu02NjAy)",,,,,
1511,1511,8512,"**Фронтовой госпиталь в Бахмуте. Цена победы

**[Информатор](https://t.me/+LV7tr2_vgu02NjAy) | [Подписаться](https://t.me/+LV7tr2_vgu02NjAy)","**Field Hospital in Bachmut. The Price of Victory

[Informant](https://t.me/+LV7tr2_vgu02NjAy) | [Subscribe](https://t.me/+LV7tr2_vgu02NjAy)",,,,,
1512,1512,8513,"**⚡️Угроза ядерной войны нарастает, чего греха таить — Путин

**При этом Пыня добавил, что РФ рассматривает ядерное оружие как средство защиты и первой ядерку применять не будет.

Верим🤡

[Информатор](https://t.me/+LV7tr2_vgu02NjAy) | [Подписаться](https://t.me/+LV7tr2_vgu02NjAy)","**⚡️The threat of nuclear war is increasing, to be honest — Putin**

At the same time, Putin added that Russia considers nuclear weapons as a means of defense and does not rule out their first use.

We believe 🤡

[Informer](https://t.me/+LV7tr2_vgu02NjAy) | [Subscribe](https://t.me/+LV7tr2_vgu02NjAy)",,,,,
1513,1513,8514,"""Западные территории Украина получила благодаря решениям Сталина после Второй мировой.** Единственным настоящим гарантом территориальной целостности Украины в её сегодняшних границах могла бы быть Россия""**, — Путин

Дед, что с тобой вообще?

[Информатор](https://t.me/+LV7tr2_vgu02NjAy) | [Подписаться](https://t.me/+LV7tr2_vgu02NjAy)","Here is the translation:

""Western territories of Ukraine were obtained thanks to Stalin's decisions after World War II. The only true guarantor of Ukraine's territorial integrity within its current borders could have been Russia,"" — Putin.

Grandpa, what's going on with you?

[Informer](https://t.me/+LV7tr2_vgu02NjAy) | [Subscribe](https://t.me/+LV7tr2_vgu02NjAy)",,,,,
1514,1514,8515,"❗️**Путин признал, что РФ ведет войну против Украины, а не ""СВО"": ""война была начата не нами, а в 2014 году после госпереворота в Украине, она была начата украинскими властями""

**Ещё несколькоего заявлений ватника:
▪️**""Москва ориентируется прежде всего на мирные механизмы, но при необходимости готова защищать себя всеми имеющимися средствами""**;
▪️Националистические группировки в **Польше спят и видят, чтобы забрать западные территории Украины,** **к этому и будут вести дело🤡;
**▪️Разговоры о **дополнительной мобилизации** сейчас не имеют смысла;
▪️""Украинцы расстреливают перед строем военных за уход с боевых позиций, в российских вооруженных силах ничего подобного нет, **у нас даже лагерей нет, это всё чушь и фейки**""🤡;
▪️**Дезертирства** среди российских военнослужащих в зоне ""СВО"" **нет**, есть только отдельные случаи;
▪️**Азовское море стало внутренним для РФ** — это значимый результат ""спецоперации""🤦🏻‍♂️

Кринжатина.

[Информатор](https://t.me/+LV7tr2_vgu02NjAy) | [Подписаться](https://t.me/+LV7tr2_vgu02NjAy)","❗️**Putin admitted that Russia is waging war against Ukraine, not ""Special Military Operation"": ""The war was started not by us but in 2014 after the coup in Ukraine; it was initiated by Ukrainian authorities.""**

**A few more statements from the Putin apologist:**
▪️**""Moscow primarily relies on peaceful mechanisms, but is ready to defend itself with all available means if necessary.""**
▪️Nationalist groups in **Poland dream of taking western territories of Ukraine,** which will be the outcome of their efforts 🤡;
▪️Talks about **additional mobilization** are meaningless at this time;
▪️""Ukrainians execute soldiers for leaving combat positions, but such incidents do not occur in the Russian armed forces, we don't even have any detention centers, it's all nonsense and fake news"" 🤡;
▪️**There is no desertion among Russian military personnel in the ""SVO"" zone,** only isolated cases;
▪️**The Azov Sea has become internal for Russia** — this is a significant result of the ""special operation"" 🤦‍♂️

Cringe fest.

[Informer](https://t.me/+LV7tr2_vgu0",,,,,
1515,1515,8516,"**⚡️Война в Украине может стать ""длительным"" процессом, — Путин

**При этом незаконное ""присоединение новых территорий"" плешивый назвал позитивным результатом для РФ🤡

Также он добавил, что **из 300 тысяч российских чмобиков 150 тысяч поехали погибать на территорию Украины.

**От ""Киев за 3 дня"", до ""война — длительный процесс""🤡

[Информатор](https://t.me/+LV7tr2_vgu02NjAy) | [Подписаться](https://t.me/+LV7tr2_vgu02NjAy)","**⚡️The war in Ukraine may become a ""long-term"" process, — Putin said.

Meanwhile, he called the illegal ""annexation of new territories"" a positive result for Russia. 🤡

Also, he added that out of 300,000 Russian soldiers, 150,000 have gone to die on Ukrainian territory.

From ""Kyiv will fall in three days"" to ""war is a long-term process."" 🤡

[Informer](https://t.me/+LV7tr2_vgu02NjAy) | [Subscribe](https://t.me/+LV7tr2_vgu02NjAy)",,,,,
1516,1516,8517,"**Теперь украинцы могут получать водительские удостоверения только в электронном виде и отказаться от пластика

**При получении документа **можно будет использовать только цифровые документы**, но в любой момент пластиковое удостоверение можно заказать и получить по почте. Об этом сообщает министр цифровой трансформации Михаил Федоров.

Соответствующее постановление подписал глава правительства Денис Шмигаль.

[Информатор](https://t.me/+LV7tr2_vgu02NjAy) | [Подписаться](https://t.me/+LV7tr2_vgu02NjAy)","Now Ukrainians can only obtain driver's licenses in electronic format and refuse plastic cards.

When obtaining the document, **only digital documents** will be used, but at any time, a plastic license can be ordered and received by mail. This is reported by Minister of Digital Transformation Mykhailo Fedorov.

The relevant decree was signed by Prime Minister Denis Shmyhal.

[Informer](https://t.me/+LV7tr2_vgu02NjAy) | [Subscribe](https://t.me/+LV7tr2_vgu02NjAy)",,,,,
1517,1517,8518,"**Российская пропаганда выходит на трагикомедический уровень**😂

""Оскар"" этим актёрищам.

[Информатор](https://t.me/+LV7tr2_vgu02NjAy) | [Подписаться](https://t.me/+LV7tr2_vgu02NjAy)","Russian propaganda has reached a tragicomic level.😂

""An Oscar"" for these performers.

[Informer](https://t.me/+LV7tr2_vgu02NjAy) | [Subscribe](https://t.me/+LV7tr2_vgu02NjAy)",,,,,
1518,1518,8519,"**""Зеленский и украинский дух"" стал человеком года по **[**версии**](https://twitter.com/time/status/1600470652363866113?s=46&t=de1gDf1tMYV7i1HlWct5Ug)** американского журнала TIME

**[Информатор](https://t.me/+LV7tr2_vgu02NjAy) | [Подписаться](https://t.me/+LV7tr2_vgu02NjAy)","""Zelensky and Ukrainian Spirit"" became the Person of the Year according to the version of American magazine TIME.

[Informant] | [Subscribe]",,,,,
1519,1519,8520,"**В сети распространяется интересное фото с характеристикой Лукашенко, агента КГБ СССР с позывным ""Валет""

**Отмечается, что он ""склонен к интригам"", ""стремится к власти над окружающими"" и **""падок на женщин, особенно несовершеннолетних"".

**Достоверность фото не подтверждена.

[Информатор](https://t.me/+LV7tr2_vgu02NjAy) | [Подписаться](https://t.me/+LV7tr2_vgu02NjAy)","The internet is circulating an interesting photo of Lukashenko, a KGB Soviet agent with the code name ""Jack,"" who is described as ""inclined to intrigues,"" ""ambitious for power over others,"" and ""prone to women, especially minors.""

The authenticity of the photo has not been verified.

[Source](https://t.me/+LV7tr2_vgu02NjAy) | [Subscribe](https://t.me/+LV7tr2_vgu02NjAy)",,,,,
1520,1520,8521,"**Россия хочет заморозить войну, чтобы выиграть время, перегруппироваться и начать новое наступление весной, — **[**генсек НАТО Столтенберг

**](https://www.ft.com/content/c0f2fcc1-00e9-4368-9316-7c0ff66e53dc)Россия будет воевать до последнего мобилизованного россиянина.

[Информатор](https://t.me/+LV7tr2_vgu02NjAy) | [Подписаться](https://t.me/+LV7tr2_vgu02NjAy)","**Russia wants to freeze the war to gain time, regroup, and launch a new offensive in the spring,** — [Gen. Secretary of NATO Stoltenberg]

Russia will fight until the last mobilized Russian citizen.

[Informant] | [Subscribe]",,,,,
1521,1521,8522,"**Угадайте страну по картинке

**[Информатор](https://t.me/+LV7tr2_vgu02NjAy) | [Подписаться](https://t.me/+LV7tr2_vgu02NjAy)","Guess the country from the picture

[Informant](https://t.me/+LV7tr2_vgu02NjAy) | [Subscribe](https://t.me/+LV7tr2_vgu02NjAy)",,,,,
1522,1522,8523,"⚡️**В Беларуси введут смертную казнь за госизмену для чиновников и военных

**Соответствующий законопроект уже принят в первом чтении🤦🏻‍♂️

[Информатор](https://t.me/+LV7tr2_vgu02NjAy) | [Подписаться](https://t.me/+LV7tr2_vgu02NjAy)","⚡️**In Belarus, the death penalty will be introduced for treason by officials and military personnel.

**The corresponding bill has already been approved in its first reading🤦🏻‍♂️

[Informant](https://t.me/+LV7tr2_vgu02NjAy) | [Subscribe](https://t.me/+LV7tr2_vgu02NjAy)",,,,,
1523,1523,8524,"**❗️""Скоро в России не будет безопасных зон. Мы сможем поразить все цели на территории РФ, в том числе в Сибири. У нас нет ограничений по дальности"", — **[**заявил**](https://www.ft.com/content/092a9022-21ef-4e6c-8d57-895564c01883)** Financial Times анонимный советник правительства Украины по вопросам обороны**😏

[Информатор](https://t.me/+LV7tr2_vgu02NjAy) | [Подписаться](https://t.me/+LV7tr2_vgu02NjAy)","**❗️""There will soon be no safe zones in Russia. We can hit all targets in the territory of Russia, including Siberia. We have no range limitations,""** — an anonymous Ukrainian government defense advisor told the Financial Times. 😏

[Source](https://www.ft.com/content/092a9022-21ef-4e6c-8d57-895564c01883)

[Informant](https://t.me/+LV7tr2_vgu02NjAy) | [Subscribe](https://t.me/+LV7tr2_vgu02NjAy)",,,,,
1524,1524,8525,"**⚡️РФ заказала у Ирана новую партию вооружения, среди которого сотни баллистических ракет и дронов,** — [Zeit](https://www.zeit.de/politik/ausland/ukraine-krieg-russland-newsblog-live?utm_referrer=https%3A%2F%2Fwww.rbc.ua%2F#event_id=eksvZga95xn628ez3tEt) со ссылкой на источники в ООН

Таким образом Кремль хочет противодействовать острой нехватке вооружения для осуществления атак.

[Информатор](https://t.me/+LV7tr2_vgu02NjAy) | [Подписаться](https://t.me/+LV7tr2_vgu02NjAy)","**⚡️Russia ordered a new batch of weapons from Iran, including hundreds of ballistic missiles and drones,** according to sources cited by [Zeit](https://www.zeit.de/politik/ausland/ukraine-krieg-russland-newsblog-live?utm_referrer=https%3A%2F%2Fwww.rbc.ua%2F#event_id=eksvZga95xn628ez3tEt).

This way, the Kremlin aims to counter the acute shortage of weapons for carrying out attacks.

[Informant](https://t.me/+LV7tr2_vgu02NjAy) | [Subscribe](https://t.co/+LV7tr2_vgu02NjAy)",,,,,
1525,1525,8526,"**Соловьёв сошёл с ума и уже даже не пытается это скрывать

**[Информатор](https://t.me/+LV7tr2_vgu02NjAy) | [Подписаться](https://t.me/+LV7tr2_vgu02NjAy)","Sologub has lost his mind and is no longer even trying to hide it.

[Informant](https://t.me/+LV7tr2_vgu02NjAy) | [Subscribe](https://t.me/+LV7tr2_vgu02NjAy)",,,,,
1526,1526,8527,"**Пленные чмобики искренне рассказывают, что думают о Путине 😏

**[Информатор](https://t.me/+LV7tr2_vgu02NjAy) | [Подписаться](https://t.me/+LV7tr2_vgu02NjAy)","**Captives enthusiastically share their genuine thoughts about Putin 😏**

**[Informant](https://t.me/+LV7tr2_vgu02NjAy) | [Subscribe](https://t.me/+LV7tr2_vgu02NjAy)**",,,,,
1527,1527,8528,"**❗️Как получить 6600 грн от ООН в 2023 году?

**Подача заявки производится исключительно офлайн в пунктах регистрации (адреса смотрите [ТУТ](https://kosht.media/dopomoha-dlia-vpo-iak-otrymaty-6600-hrn-vid-oon-u-2023-rotsi/)) с семьей в полном составе, т. к. помощь может оформляться для всех членов семьи одновременно.

Возьмите с собой оригиналы следующих документов на каждого человека:

▪️налоговый номер;
▪️паспорт или др. документы, удостоверяющие личность;
▪️справка ВПЛ (при наличии);
▪️банковская карта главного заявителя;
▪️свидетельство о рождении детей (при необходимости);
▪️документ, удостоверяющий законную опеку над ребенком (при необходимости);
▪️удостоверение/медицинская справка в случае инвалидности или хронического заболевания (при необходимости).

Если человек подходит под критерии, то не менее чем через месяц после подачи на мобильный телефон придет SMS-сообщение.

Список тех, кто может получить помощь читайте по ссылке - https://r2p.org.ua/rozshyreno-kryteriyi-lyudej-shho-mozhut-otrymaty-dopomogu-vid-uvkb-oon.

[Информатор](https://t.me/+LV7tr2_vgu02NjAy) | [Подписаться](https://t.me/+LV7tr2_vgu02NjAy)","**❗️How to Get 6600 UAH from the UN in 2023?

Applications are accepted exclusively offline at registration points (addresses can be found [HERE](https://kosht.media/dopomoha-dlia-vpo-iak-otrymaty-6600-hrn-vid-oon-u-2023-rotsi/)). Bring your family in full composition as assistance can be provided for all family members simultaneously.

Take with you originals of the following documents for each person:

- tax number;
- passport or other identity documents;
- refugee status certificate (if applicable);
- bank card of the main applicant;
- birth certificate of children (if applicable);
- document confirming legal guardianship of a child (if applicable);
- disability certificate or medical certificate in case of disability or chronic illness (if applicable).

If a person meets the criteria, an SMS message will be sent to their mobile phone at least one month after the application is submitted.

Read the list of those who may receive assistance [HERE](https://r2p.org.ua/rozshyreno-kryteriyi-lyudej-shho-mozhut-otrymaty-dopomogu-vid-uv",,,,,
1528,1528,8529,"**В Telegram теперь можно создавать аккаунты без физической сим-карты и выставлять таймер автоудаления для всех своих новых сообщений

**Так, вместо реального номера телефона можно пользоваться анонимными номерами на базе блокчейна (приобрести их можно на платформе [Fragment](https://t.me/stranaua/77968)), и выставлять таймер для удаления сообщения, которое исчезнет для всех пользователей.

Цены на дешёвые номера начинаются с $17, а вот самые красивые могут стоить и все $10 тыс.

В описании обновления сообщается, что **такое обновление создаст ""беспрецедентный уровень конфиденциальности"".

**[Информатор](https://t.me/+LV7tr2_vgu02NjAy) | [Подписаться](https://t.me/+LV7tr2_vgu02NjAy)","**Now in Telegram, you can create accounts without a physical SIM card and set a timer for auto-deletion of all your new messages.**

So, instead of using a real phone number, you can use anonymous blockchain-based numbers (which can be purchased on the platform [Fragment](https://t.me/stranaua/77968)), and set a timer for messages that will disappear for all users.

The prices for cheap numbers start at $17, while the most beautiful ones can cost up to $10,000.

The update description states that **this update will create an ""unprecedented level of privacy.""**

[Informer](https://t.me/+LV7tr2_vgu02NjAy) | [Subscribe](https://t.me/+LV7tr2_vgu02NjAy)",,,,,
1529,1529,8530,"**ВСУ зайдут в Луганск, Донецк и Севастополь весной 2023, **—[секретарь СНБО Данилов](https://www.rbc.ua/rus/news/danilov-rozpoviv-koli-zsu-zaydut-lugansk-1670373907.html)

Ключевым этапом в войне станет зима.**

**[Информатор](https://t.me/+LV7tr2_vgu02NjAy) | [Подписаться](https://t.me/+LV7tr2_vgu02NjAy)","The Ukrainian Armed Forces will enter Lugansk, Donetsk, and Sevastopol in spring 2023, —[Secretary of the National Security and Defense Council Danylov](https://www.rbc.ua/rus/news/danilov-rozpoviv-koli-zsu-zaydut-lugansk-1670373907.html)

The key phase of the war will be winter.

[Source](https://t.me/+LV7tr2_vgu02NjAy) | [Subscribe](https://t.me/+LV7tr2_vgu02NjAy)",,,,,
1530,1530,8531,"**Бахмут прямо сейчас. **Настоящий ад.

[Информатор](https://t.me/+LV7tr2_vgu02NjAy) | [Подписаться](https://t.me/+LV7tr2_vgu02NjAy)","Bakhmut right now. Hell on earth.

[Informant](https://t.me/+LV7tr2_vgu02NjAy) | [Subscribe](https://t.me/+LV7tr2_vgu02NjAy)",,,,,
1531,1531,8532,"**""Спасибо всем солдатам и матросам, всем сержантам и старшинам, всем офицерам и генералам, и обязательно – всем папам и мамам украинских воинов. И желаю всем нам одного – победы"",** — Зеленский в новом обращении в честь Дня ВСУ

[Информатор](https://t.me/+LV7tr2_vgu02NjAy) | [Подписаться](https://t.me/+LV7tr2_vgu02NjAy)","Here is the translation:

""Thank you to all soldiers and sailors, all sergeants and non-commissioned officers, all officers and generals, and especially to all the parents of Ukrainian warriors. And I wish all of us one thing - victory,"" — Zelensky in his new address on the occasion of the Day of the Armed Forces of Ukraine

[Informer] | [Subscribe]",,,,,
1532,1532,8533,"**⚡️Рашисты, похоже, получили новую партию иранских дронов-мопедов. Несколько таких камикадзе направляются в сторону Полтавщины/Черкащины/Кировоградщины

**[Информатор](https://t.me/+LV7tr2_vgu02NjAy) | [Подписаться](https://t.me/+LV7tr2_vgu02NjAy)","**⚡️The far-right groups seem to have received a new batch of Iranian motorcycle drones. Several such kamikaze drones are heading towards Poltava region/Cherkasy region/Kirovohrad region.**

[Source: Informant](https://t.me/+LV7tr2_vgu02NjAy) | [Subscribe](https://t.me/+LV7tr2_vgu02NjAy)",,,,,
1533,1533,8534,"**❗️Взрывы в Днепре и Запорожье. Предварительно - ПВО работает по иранским беспилотникам

**[Информатор](https://t.me/+LV7tr2_vgu02NjAy) | [Подписаться](https://t.me/+LV7tr2_vgu02NjAy)","**❗️Explosions in Dnipro and Zaporizhzhia. Preliminary report - Air defense is engaging Iranian drones.**

[Source](https://t.me/+LV7tr2_vgu02NjAy) | [Subscribe](https://t.me/+LV7tr2_vgu02NjAy)",,,,,
1534,1534,8535,"**❗️В районе российского аэродрома Энгельс под Саратовом выла сирена воздушной тревоги

**Именно на этом аэродроме [недавно были взрывы ](https://t.me/ukrinformator/29994)и повредились российские птички. 

Причина тревоги неизвестна.

[Информатор](https://t.me/+LV7tr2_vgu02NjAy) | [Подписаться](https://t.me/+LV7tr2_vgu02NjAy)","**❗️In the area of the Russian airfield of Engels near Saratov, an air raid siren was sounding.

It was at this airfield that [recently there were explosions and Russian drones were damaged](https://t.me/ukrinformator/29994).

The reason for the alert is unknown.

[Informer](https://t.me/+LV7tr2_vgu02NjAy) | [Subscribe](https://t.me/+LV7tr2_vgu02NjAy)",,,,,
1535,1535,8536,"**⚡️""Если угрозу, исходящую от Украины, не удастся устранить миром, Россия сделает это военным путем"", — главный шут__ __РФ при ООН Небензя

**Неужели войну начнёте?🤡

[Информатор](https://t.me/+LV7tr2_vgu02NjAy) | [Подписаться](https://t.me/+LV7tr2_vgu02NjAy)","**⚡️""If the threat from Ukraine cannot be eliminated through diplomacy, Russia will do so by military means,"" — Russian Ambassador to the UN Nebenzya**

**Are you really going to start a war? 🤡

[Informer](https://t.me/+LV7tr2_vgu02NjAy) | [Subscribe](https://t.me/+LV7tr2_vgu02NjAy)",,,,,
1536,1536,8537,"~~""Скотыняка""~~ **Ляшко записал поздравление с днем ВСУ**. Это надо слушать до конца😂

[Информатор](https://t.me/+LV7tr2_vgu02NjAy) | [Подписаться](https://t.me/+LV7tr2_vgu02NjAy)","~~""Scotyanya""~~ Lychko recorded a New Year's greeting for the Ukrainian Armed Forces. You should listen to the end 😂

[Informer](https://t.me/+LV7tr2_vgu02NjAy) | [Subscribe](https://t.me/+LV7tr2_vgu02NjAy)",,,,,
1537,1537,8538,"**От графиков отключений электроэнергии Украина сможет отказаться не ранее конца марта 2023 года, — **[**YASNO

**](https://www.youtube.com/watch?v=CwQl49tDPTk)__""__Нужно понимать, когда мы вообще откажемся от графиков и будет у нас 100% свет. До конца марта, базовый сценарий, который будет для нас хорошим, если мы проживем зиму и начало весны в стабилизационных графиках"", — заявил гендиректор YASNO Сергей Коваленко.

[Информатор](https://t.me/+LV7tr2_vgu02NjAy) | [Подписаться](https://t.me/+LV7tr2_vgu02NjAy)","Ukraine will be able to do without scheduled power outages no earlier than the end of March 2023, according to YASNO:

""We need to understand when we will completely stop having scheduled outages and have 100% electricity. By the end of March, that would be our best scenario if we manage to survive the winter and early spring with stabilization schedules,"" said YASNO's CEO, Sergiy Kovalevskyi.

[Информатор](https://t.me/+LV7tr2_vgu02NjAy) | [Subscribe](https://t.me/+LV7tr2_vgu02NjAy)",,,,,
1538,1538,8539,"**⚡️Украинским мужчинам не будут выдавать повестки на блокпостах из-за большого количества добровольцев, которые хотят вступить в ряды ВСУ, — **[глава МВД Монастырский

](https://www.rbc.ua/ukr/news/mvs-poyasnili-chi-zaraz-e-neobhidnist-vruchati-1670339398.html)""Сегодня у нас большое количество добровольцев, которые приходят в соответствующие пункты комплектования. Наши ВСУ имеют возможность уже отбирать лучших из желающих. Поэтому, в принципе, сейчас нет необходимости призывать кого-то на блокпостах"".

[Информатор](https://t.me/+LV7tr2_vgu02NjAy) | [Подписаться](https://t.me/+LV7tr2_vgu02NjAy)","**⚡️Ukrainian men will not be issued summonses at checkpoints because there is a large number of volunteers who want to join the ranks of the Armed Forces of Ukraine, —** [Monastrytskyi, the head of the MVD](https://www.rbc.ua/ukr/news/mvs-poyasnili-chi-zaraz-e-neobhidnist-vruchati-1670339398.html). ""Today, we have a large number of volunteers coming to the appropriate conscription points. The Armed Forces of Ukraine have the opportunity to select the best candidates from those who wish to serve. Therefore, in principle, there is no need to call up anyone at the checkpoints at this time.""

[Informer](https://t.me/+LV7tr2_vgu02NjAy) | [Subscribe](https://t.me/+LV7tr2_vgu02NjAy)",,,,,
1539,1539,8540,"**Зэк Рамиль Шамсутдинов, расстрелявший восемь сослуживцев в 2019 году, попросился в ЧВК «Вагнер» — Baza

**""Вторая армия мира""🤷🏻‍♂️

[Информатор](https://t.me/+LV7tr2_vgu02NjAy) | [Подписаться](https://t.me/+LV7tr2_vgu02NjAy)","**Convict Ramil Shamсутdinov, who killed eight colleagues in 2019, applied to the Wagner private military company — Baza

**""The world's second army""🤷🏻‍♂️

[Informant](https://t.me/+LV7tr2_vgu02NjAy) | [Subscribe](https://t.me/+LV7tr2_vgu02NjAy)",,,,,
1540,1540,8541,"**Сегодня произошёл серьёзный обстрел Донецка российскими оккупантами. Известно о 7 погибших мирных жителях

**Орки обстреливают город со стороны временно оккупированной Макеевки с целью свалить всё на ВСУ. Но им давно не верят даже местные.

Оболванивание населения больше не работает.

[Информатор](https://t.me/+LV7tr2_vgu02NjAy) | [Подписаться](https://t.me/+LV7tr2_vgu02NjAy)","**Today, Donetsk was seriously shelled by Russian occupiers. Seven civilian deaths have been reported.**

The orcs are shelling the city from temporarily occupied Makievyk, trying to blame it on the Ukrainian Security Services (VSS). But even locals no longer believe them.

Deception of the population no longer works.

[Informer](https://t.me/+LV7tr2_vgu02NjAy) | [Subscribe](https://t.me/+LV7tr2_vgu02NjAy)",,,,,
1541,1541,8542,"**Народное творчество на тему ФСБшника Стрелкова пожаловало😏

**[Информатор](https://t.me/+LV7tr2_vgu02NjAy) | [Подписаться](https://t.me/+LV7tr2_vgu02NjAy)","**Peasant folklore about FSB officer Strelkov has arrived😉

**[Informer](https://t.me/+LV7tr2_vgu02NjAy) | [Subscribe](https://t.me/+LV7tr2_vgu02NjAy)",,,,,
1542,1542,8543,"**⚡️России хватит ракет ещё на несколько массированных ракетных ударов по Украине, после этого их запасы ""выйдут в полный ноль""**, — глава ГУР Буданов

Он заявил, что **производство новых ракет ограничено** и не может компенсировать то количество, которое России нужно для ударов по Украине, а страны-помощники РФ, например Иран, пока не поставили ей** ни одной (!) баллистической ракеты.

**[Информатор](https://t.me/+LV7tr2_vgu02NjAy) | [Подписаться](https://t.me/+LV7tr2_vgu02NjAy)","**⚡️Russia has enough rockets for several large-scale strikes on Ukraine, after which their reserves will be completely depleted**, according to the head of the General Staff of the Armed Forces, Budanov.

He stated that **rocket production is limited** and cannot make up for the quantity needed for strikes on Ukraine, while Russia's helper countries, such as Iran, have not supplied it with **any (!) ballistic missiles** yet.

**[Informer](https://t.me/+LV7tr2_vgu02NjAy) | [Subscribe](https://t.me/+LV7tr2_vgu02NjAy)**",,,,,
1543,1543,8544,"**Что чаще всего гуглили украинцы в 2022 году: Google представила итоговый рейтинг самых популярных запросов украинских пользователей

**Топ-3 выглядит так:
▪️Карта повітряних тривог;
▪️Новини України;
▪️єДопомога.
Самым популярным по запросам человеком стал **Арестович**, среди погибших —** Жириновский**, фильм — **Marvel ""Человек-паук: Нет пути домой""**, сериал — **""Дом дракона""**, населённый пункт — **Гостомель.

**И, вишенка на торте: **покупкой года украинцев стал.. генератор.

**Какой год — такие и запросы.

[Информатор](https://t.me/+LV7tr2_vgu02NjAy) | [Подписаться](https://t.me/+LV7tr2_vgu02NjAy)","**What Did Ukrainians Search For Most on Google in 2022? Google Released the Top Searches of Ukrainian Users for the Year**

**The Top 3 Were:**
- Air Raid Maps
- Ukraine News
- AidHelp

**The most searched person was **Arestovich**, the most searched deceased was **Zhirinovsky**, the most searched movie was **Marvel's Spider-Man: No Way Home**, the most searched TV show was **Game of Thrones**, and the most searched location was **Hostomel**.

**And the cherry on top: **the item that Ukrainians bought the most this year was a generator.

**As the year was, so were the searches.

[Informer](https://t.me/+LV7tr2_vgu02NjAy) | [Subscribe](https://t.me/+LV7tr2_vgu02NjAy)",,,,,
1544,1544,8545,"**На России, похоже, мобилизация добралась и до студентов
** 
По данным росСМИ, в Приморском крае учащихся в университетах и других учебных заведениях **будут отчислять и отправлять на войну.** В первую очередь это касается тех, кто плохо учится и прогуливает пары. 

Карьерная лестница россиян be like🤡
 
[Информатор](https://t.me/+LV7tr2_vgu02NjAy) | [Подписаться](https://t.me/+LV7tr2_vgu02NjAy)","**It seems that mobilization has reached Russian students.**

According to Russian media reports, in Primorsky Krai, students at universities and other educational institutions will be expelled and sent to the war. This primarily affects those who perform poorly academically and skip classes.

The career ladder for Russians is like this: 🤡

[Informant](https://t.me/+LV7tr2_vgu02NjAy) | [Subscribe](https://t.me/+LV7tr2_vgu02NjAy)",,,,,
1545,1545,8546,"**В Ростовской области России мобик сбежал с пулемётом из воинской части и устроил перестрелку с полицией**, — росСМИ
 
Один полицейский ранен. Виновник сбежал. Его ищут. В Новошахтинске закрываются учебные заведения. Перекрыт выезд из города.

[Информатор](https://t.me/+LV7tr2_vgu02NjAy) | [Подписаться](https://t.me/+LV7tr2_vgu02NjAy)","In the Rostov region of Russia, a mobile phone with a machine gun was stolen from a military unit and the thief engaged in gunfire with the police, according to Russian media.

One police officer was injured. The culprit fled and is being sought. Schools and educational institutions in Novoshakhtinsk are closing. The city's exit has been blocked.

[Source](https://t.me/+LV7tr2_vgu02NjAy) | [Subscribe](https://t.me/+LV7tr2_vgu02NjAy)",,,,,
1546,1546,8547,"**Стиральные машины закончились, поэтому оккупанты начали воровать.. ванны🤷🏻‍♂️

**Армия убийц, воров и насильников в деле.

[Информатор](https://t.me/+LV7tr2_vgu02NjAy) | [Подписаться](https://t.me/+LV7tr2_vgu02NjAy)","**The washing machines are gone, so the occupiers started stealing bathtubs🤷🏻‍♂️

**An army of murderers, thieves, and rapists at work.

[Informant](https://t.me/+LV7tr2_vgu02NjAy) | [Subscribe](https://t.me/+LV7tr2_vgu02NjAy)",,,,,
1547,1547,8548,"У хлопців з 95-тої окремої десантно-штурмової бригади при виконанні бойового завдання вийшов з ладу автомобіль, назавжди. Тому прошу допомогти у зборі коштів на нове авто. Це саме ті воїни, які знищують русню на Донецькому напрямі.

Потрібно зібрати 400 000 гривень.

**Банка**:
https://send.monobank.ua/jar/2CSxoDbwBP

**Монобанк:
**5375411204504992
**Приватбанк:
**5168745110284483

**PayPal:
**yura.fastnext@gmail.com

Цей підрозділ знаю особисто, як тільки купують авто - даю звіт.","The soldiers from the 95th Separate Airborne Assault Brigade lost their vehicle while executing a combat mission. Therefore, I am asking for help in raising funds for a new car. These are the very soldiers who are fighting against Russian forces on the Donets direction.

We need to raise 400,000 hryvnias.

**Bank Account:**
https://send.monobank.ua/jar/2CSxoDbwBP

**MonoBank:**
5375411204504992
**PrivatBank:**
5168745110284483

**PayPal:**
yura.fastnext@gmail.com

I personally know this unit, and as soon as they buy the car, I will provide an update.",,,,,
1548,1548,8549,"⚡️**Зеленский выехал на передовую в Славянск Донецкой области и поздравил ВСУ с их праздником

**""Возвращайтесь живыми"", — заявил Президент, пребывая менее чем в 50 км от временно оккупированных территорий.

[Информатор](https://t.me/+LV7tr2_vgu02NjAy) | [Подписаться](https://t.me/+LV7tr2_vgu02NjAy)","⚡️**Zelensky drove to the front line in Slavyansk, Donetsk Oblast, and congratulated the Ukrainian Armed Forces (VSYU) on their holiday.

""Return alive,"" the President declared, less than 50 km from temporarily occupied territories.

[Informer](https://t.me/+LV7tr2_vgu02NjAy) | [Subscribe](https://t.me/+LV7tr2_vgu02NjAy)",,,,,
1549,1549,8550,"**ФСБшник Игорь Гиркин-Стрелков вернулся с войны в Украине. Официально навоевался😂

**[Информатор](https://t.me/+LV7tr2_vgu02NjAy) | [Подписаться](https://t.me/+LV7tr2_vgu02NjAy)","**FSB Officer Igor Girkin-Strelkov returned from the war in Ukraine. Officially, he has seen some action😂

**[Informant](https://t.me/+LV7tr2_vgu02NjAy) | [Subscribe](https://t.me/+LV7tr2_vgu02NjAy)",,,,,
1550,1550,8551,"**Россиянам скоро будут рассылать повестки в военкомат через социальные сети и СМС, — **[**ГУР

**](https://gur.gov.ua/content/v-rf-vvodiat-totalnyi-kontrol-viiskovozoboviazanykh-obmezhuiuchy-ikhni-hromadianski-prava.html)В РФ создают единую электронную базу данных военнообязанных. Для этого **оцифровываются все действующие документы военного учета** и архивы военкоматов. 

Цель: **раздавать повестки всем и даже тем, кого не застали по месту жительства. **Система должна заработать в начале февраля 2023 года.

Поздравляем, россияне🤷🏻‍♂️

[Информатор](https://t.me/+LV7tr2_vgu02NjAy) | [Подписаться](https://t.me/+LV7tr2_vgu02NjAy)","**Soon, conscripts in Russia will receive summonses to the draft board via social networks and SMS, —** [GUR](https://gur.gov.ua/content/v-rf-vvodiat-totalnyi-kontrol-viiskovozoboviazanykh-obmezhuiuchy-ikhni-hromadianski-prava.html) The Ukrainian Security Service reports that Russia is creating a unified electronic database of conscripts. For this, all current military registration documents and draft board archives are being digitized.

Goal: **to send summonses to everyone, even those not found at their place of residence.** The system is scheduled to be operational by the beginning of February 2023.

Congratulations, Russians 🤷🏻‍♂️

[Informer](https://t.me/+LV7tr2_vgu02NjAy) | [Subscribe](https://t.me/+LV7tr2_vgu02NjAy)",,,,,
1551,1551,8552,"**⚡️Новая атака беспилотника на России: в Брянской области ночью под удар попал комбинат «Слава». Беспилотники упали и взорвались в нескольких метрах от резервуаров с топливом**😏

[Информатор](https://t.me/+LV7tr2_vgu02NjAy) | [Подписаться](https://t.me/+LV7tr2_vgu02NjAy)","**⚡️New Drone Attack on Russia: In Bryansk Oblast, a ""Slava"" chemical plant was hit overnight by drones. The drones crashed and exploded near fuel storage tanks.** 😏

[Informer](https://t.me/+LV7tr2_vgu02NjAy) | [Subscribe](https://t.me/+LV7tr2_vgu02NjAy)",,,,,
1552,1552,8553,"**⚡️Хорошие новости: взрывы на стратегически важных аэродромах России могут сорвать кампанию РФ и заставить перестать наносить массированные ракетные удары по территории Украины**, — [ISW](https://www.understandingwar.org/backgrounder/russian-offensive-campaign-assessment-december-5)

Именно поэтому сейчас как никогда важно поддерживать ВСУ💪🏻

P.S. на видео аэродром в Курске сегодня🥳

[Информатор](https://t.me/+LV7tr2_vgu02NjAy) | [Подписаться](https://t.me/+LV7tr2_vgu02NjAy)","**⚡️Good news: explosions at strategically important Russian airfields may disrupt Russia's campaign and force them to stop launching massive rocket strikes on Ukrainian territory**, — [ISW](https://www.understandingwar.org/backgrounder/russian-offensive-campaign-assessment-december-5)

That's why it's more important than ever to support the Ukrainian military forces💪🏻

P.S. There's a video of an airfield in Kursk today🥳

[Informer](https://t.me/+LV7tr2_vgu02NjAy) | [Subscribe](https://t.me/+LV7tr2_vgu02NjAy)",,,,,
1553,1553,8554,"**Сегодня, 6 декабря, отмечается День Вооруженных Сил Украины

«**Наши ВСУ защищают родную землю, что дает сильнейшую мотивацию из возможных. Сражаются за свободу, а это всегда умножает всякую силу. Отстаивают правду, а потому и будущее Украины», — написал Президент Зеленский.**

**Поздравляем всех украинских военнослужащих. Вы - герои, опора государства. Желаем вам мира и победы над рашистами.
**
Слава Украине**🇺🇦
**
**[Информатор](https://t.me/+LV7tr2_vgu02NjAy) | [Подписаться](https://t.me/+LV7tr2_vgu02NjAy)","**Today, December 6, is the Day of the Armed Forces of Ukraine.

""Our Armed Forces of Ukraine defend their homeland, which provides the strongest motivation possible. They fight for freedom, which always multiplies any strength. They uphold the truth, and therefore the future of Ukraine,"" — President Zelensky wrote.

We congratulate all Ukrainian military personnel. You are heroes and the backbone of the state. We wish you peace and victory over the Russians.
**
Glory to Ukraine 🇺🇦
**
**[Informer](https://t.me/+LV7tr2_vgu02NjAy) | [Subscribe](https://t.me/+LV7tr2_vgu02NjAy)**",,,,,
1554,1554,8555,"**⚡️Сегодня Россия может нанести новый ракетный удар по Украине. Украинцам необходимо подготовиться, — **[Воздушные силы](https://suspilne.media/332408-mozut-povtoriti-povitrani-sili-zaklikaut-gotuvatis-do-novih-raketnih-atak/)

«Могут повторить сегодня.  **Во-первых, праздник (День ВСУ). Во-вторых, были такие тенденции, что 10-11 октября, 17-18 октября** наносили удары один день, на другой **наносили удары несколько меньше,** но все-таки наносили», — заявил Юрий Игнат.

Он призвал украинцев постоянно помнить о ракетной угрозе: «**нужно быть к этому готовым. Вся нация украинская должна жить в таких реалиях, без всякой паники, с холодным умом. **А ВСУ будут делать то, что делают лучше всего - защищать граждан, свое государство».
**
**[Информатор](https://t.me/+LV7tr2_vgu02NjAy) | [Подписаться](https://t.me/+LV7tr2_vgu02NjAy)","**⚡️Russia may launch another rocket strike on Ukraine today. Ukrainians need to prepare themselves, — [Air Forces](https://suspilne.media/332408-mozut-povtoriti-povitrani-sili-zaklikaut-gotuvatis-do-novih-raketnih-atak/)**

""They might do it today. First, there's a holiday (Day of the Armed Forces of Ukraine). Second, there were such trends that on October 10-11 and October 17-18, they launched strikes one day and fewer the next, but still launched them,"" — said Yuri Ignat.

He urged Ukrainians to always be prepared for rocket attacks: ""You need to be ready for this. The entire Ukrainian nation must live in these realities without panic, with a cool head. And the Armed Forces of Ukraine will do what they do best - protect citizens and their state.""
**
**[Informer](https://t.me/+LV7tr2_vgu02NjAy) | [Subscribe](https://t.me/+LV7tr2_vgu02NjAy)**",,,,,
1555,1555,8556,"**⚡️На России опять бавовна: БПЛА атаковал аэродром в Курске**
**
**Местные власти сообщают, что загорелся нефтенакопитель. Сейчас там масштабный пожар😏

[Информатор](https://t.me/+LV7tr2_vgu02NjAy) | [Подписаться](https://t.me/+LV7tr2_vgu02NjAy)","**⚡️Another Attack on Russia: A Drone Attacked an Airfield in Kursk**
**
**Local authorities report that a fuel storage facility caught fire. There is now a large fire at the site 😏

[Informant](https://t.me/+LV7tr2_vgu02NjAy) | [Subscribe](https://t.me/+LV7tr2_vgu02NjAy)",,,,,
1556,1556,8557,"**Ничего необычного, просто жены российских оккупантов заказывают себе шевроны с надписью ""Жена Орка"" и гордятся этим🤦🏻‍♂️

**[Информатор](https://t.me/+LV7tr2_vgu02NjAy) | [Подписаться](https://t.me/+LV7tr2_vgu02NjAy)","**Nothing unusual, just wives of Russian occupiers order armbands with the inscription ""Wife of Orc"" and take pride in this🤦🏻‍♂️

**[Informant](https://t.me/+LV7tr2_vgu02NjAy) | [Subscribe](https://t.me/+LV7tr2_vgu02NjAy)",,,,,
1557,1557,8558,"**Одесские бабушки в теме

**[Информатор](https://t.me/+LV7tr2_vgu02NjAy) | [Подписаться](https://t.me/+LV7tr2_vgu02NjAy)","**Odessa Grandmas Are In The Know

**[Informant](https://t.me/+LV7tr2_vgu02NjAy) | [Subscribe](https://t.me/+LV7tr2_vgu02NjAy)",,,,,
1558,1558,8559,"**Россия может скоро отказаться от идеи массовых обстрелов Украины, так как на атаку тратится по полмиллиарда за раз, а иногда и под миллиард, а последствия мизерные - 2 дня без света в Украине**, — Арестович

[Информатор](https://t.me/+LV7tr2_vgu02NjAy) | [Подписаться](https://t.me/+LV7tr2_vgu02NjAy)","Russia may soon abandon the idea of mass artillery strikes on Ukraine because each attack costs around half a billion dollars, sometimes even a billion, while the consequences are minimal—just two days without power in Ukraine, according to Arrestovich.

[Informer](https://t.me/+LV7tr2_vgu02NjAy) | [Subscribe](https://t.me/+LV7tr2_vgu02NjAy)",,,,,
1559,1559,8560,"**На вооружении ВСУ замечен польский ЗРК С-125 Newa SC.
**
Это польская модернизация советского зенитно-ракетного комплекса С-125 ""Нева-М"". Кроме монтажа пусковой установки на шасси танка Т-55, комплекс полностью был оснащен электроникой, позволяющей получать данные о курсе цели и ракет, повышена дальность обнаружения целей с учетом работы в сложных радиолокационных условиях подавления.

Ранее Польша не сообщала о поставках таких систем в Украину.

[Информатор](https://t.me/+LV7tr2_vgu02NjAy) | [Подписаться](https://t.me/+LV7tr2_vgu02NjAy)","The Ukrainian Armed Forces are reported to be using the Polish S-125 Newa SC air defense system.
This is a Polish modernization of the Soviet ZR-K (surface-to-air missile) complex S-125 ""Neva-M."" In addition to mounting the launch unit on a T-55 tank chassis, the complex was fully equipped with electronics allowing it to receive data on target and missile courses, and its detection range has been increased to account for operation in complex radar jamming conditions.

Previously, Poland had not reported supplying such systems to Ukraine.

[Informer](https://t.me/+LV7tr2_vgu02NjAy) | [Subscribe](https://t.me/+LV7tr2_vgu02NjAy)",,,,,
1560,1560,8561,"**Коротко о сборах на России😀**

[Информатор](https://t.me/+LV7tr2_vgu02NjAy) | [Подписаться](https://t.me/+LV7tr2_vgu02NjAy)","**Brief about the collections in Russia😀**

[Informant](https://t.me/+LV7tr2_vgu02NjAy) | [Subscribe](https://t.me/+LV7tr2_vgu02NjAy)",,,,,
1561,1561,8562,"**Сегодняшней ракетной атакой Россия отметила очередную годовщину подписания Будапештского меморандума. Что-то подписать с этими террористами – мира не будет. Что-то согласовать с ними – точно нарушат. Отдать России хотя бы один из элементов безопасности других – означает новую войну,** — Зеленский

Президент также отметил, что после обстрела есть жертвы: 4 погибших.

[Информатор](https://t.me/+LV7tr2_vgu02NjAy) | [Подписаться](https://t.me/+LV7tr2_vgu02NjAy)","Today's missile attack marks another anniversary of the signing of the Budapest Memorandum for Russia. Signing something with these terrorists won't bring peace; agreeing with them will only lead to violations. Giving Russia even one element of security that we promised to Ukraine means starting a new war, said Zelensky.

The president also noted that there were casualties following the bombing: 4 people died.

[Informer](https://t.me/+LV7tr2_vgu02NjAy) | [Subscribe](https://t.me/+LV7tr2_vgu02NjAy)",,,,,
1562,1562,8563,"**Другой ракурс покалеченных птичек: на России говорят, что всего-то ""незначительно повреждена обшивка корпуса""

**Особенно радует кровопролитие орков. Это значит, что рашисты подохли, даже не долетев до нашей территории.

[Информатор](https://t.me/+LV7tr2_vgu02NjAy) | [Подписаться](https://t.me/+LV7tr2_vgu02NjAy)","**Another angle on the damaged birds: they say Russia's just ""slightly damaged the hull.""**

**Especially satisfying is the bloodshed among the orcs. This means that the russophiles didn't even make it to our territory before dying.**

[Informant](https://t.me/+LV7tr2_vgu02NjAy) | [Subscribe](https://t.me/+LV7tr2_vgu02NjAy)",,,,,
1563,1563,8564,"**⚡️Всё, что осталось от российских Ту-22м3 на аэродроме Дягилево выглядит так

**[Информатор](https://t.me/+LV7tr2_vgu02NjAy) | [Подписаться](https://t.me/+LV7tr2_vgu02NjAy)","**⚡️What's left of the Russian Tu-22M3 bombers at Dyailevo airfield looks like this.

**[Informant](https://t.me/+LV7tr2_vgu02NjAy) | [Subscribe](https://t.me/+LV7tr2_vgu02NjAy)",,,,,
1564,1564,8565,"**Удар по аэродрому в Энгельсе был нанесён советским БПЛА Ту-141 «Стриж», который беспрепятственно преодолел почти 650 км над территорией РФ**, — ноют российские военкоры

Отметим, что ""Стриж"" — огромный БПЛА, длиной в 14 м. и с размахом крыльев в 4 м. Как такая махина долетела почти до Москвы, повредила 2 самолета и убила 3 российских вояк остаётся только догадываться😏

[Информатор](https://t.me/+LV7tr2_vgu02NjAy) | [Подписаться](https://t.me/+LV7tr2_vgu02NjAy)","**A strike on the airfield in Engels was carried out by a Soviet UAV Tu-141 'Sly' (Strizh), which effortlessly flew almost 650 km over Russian territory**, — complain Russian military correspondents.

Note that the Strizh is a huge UAV, measuring 14 meters in length and with a wingspan of 4 meters. How such a behemoth managed to fly almost to Moscow, damage two aircraft, and kill three Russian soldiers remains a mystery 😏

[Informer](https://t.me/+LV7tr2_vgu02NjAy) | [Subscribe](https://t.me/+LV7tr2_vgu02NjAy)",,,,,
1565,1565,8566,"**⚡️Во всех областях Украины применены аварийные отключения света, — Укрэнерго

**""Ситуация сложная, но контролируемая. Энергосистема Украины сохранила свою целостность, и продолжает работать синхронно с сетью континентальной Европы"".

[Информатор](https://t.me/+LV7tr2_vgu02NjAy) | [Подписаться](https://t.me/+LV7tr2_vgu02NjAy)","**⚡️Power outages have been implemented in all regions of Ukraine, — Ukrenergo

**The situation is complex but manageable. The Ukrainian power system has maintained its integrity and continues to operate in sync with the continental European grid**.

[Informer](https://t.me/+LV7tr2_vgu02NjAy) | [Subscribe](https://t.me/+LV7tr2_vgu02NjAy)",,,,,
1566,1566,8567,"**Немецкая зенитная самоходная установка Gepard сбивает крылатую ракету✊

**[Информатор](https://t.me/+LV7tr2_vgu02NjAy) | [Подписаться](https://t.me/+LV7tr2_vgu02NjAy)","**The German mobile anti-aircraft system Gepard shoots down a cruise missile 🤝**

**[Informant](https://t.me/+LV7tr2_vgu02NjAy) | [Subscribe](https://t.me/+LV7tr2_vgu02NjAy)**",,,,,
1567,1567,8568,"**Вот как выглядит зона покрытия украинского БПЛА с радиусом в 1000 км по мнению немецкого OSINT-аналитика ""Tender"" 

**Бавовне быть.

[Информатор](https://t.me/+LV7tr2_vgu02NjAy) | [Подписаться](https://t.me/+LV7tr2_vgu02NjAy)","Here is how the coverage zone of the Ukrainian UAV with a radius of 1000 km looks according to the opinion of German OSINT analyst ""Tender"".

Be informed.

[Informer](https://t.me/+LV7tr2_vgu02NjAy) | [Subscribe](https://t.me/+LV7tr2_vgu02NjAy)",,,,,
1568,1568,8569,"**⚡️Реактивные беспилотники ВСУ нанесли сегодня утром **[**удары по аэродромам**](https://t.me/ukrinformator/29994?single)** ""Дягилево"" и ""Энгельс"". Трое российских военных погибли, еще четверо ранены и доставлены в больницы**, — Минобороны РФ

Также сообщается, что повреждены 2 самолета.

Русня пишет, что сегодняшним [запуском ракет](https://t.me/ukrinformator/30054) ""отомстила"" нам и якобы все 17 обектов поражены🤡

[Информатор](https://t.me/+LV7tr2_vgu02NjAy) | [Подписаться](https://t.me/+LV7tr2_vgu02NjAy)","**⚡️Ukrainian Air Defense Drones Struck Russian Airfields ""Dyagilevo"" and ""Engels"" this Morning. Three Russian military personnel were killed, and four others were injured and taken to hospitals**, according to the Russian Ministry of Defense.

It is also reported that two aircraft were damaged.

Russian media claims that today's [rocket launch](https://t.me/ukrinformator/30054) was their retaliation against us, and they allegedly hit all 17 targets. 🤡

[Informer](https://t.me/+LV7tr2_vgu02NjAy) | [Subscribe](https://t.me/+LV7tr2_vgu02NjAy)",,,,,
1569,1569,8570,"**Киевское метро во время масштабной воздушной тревоги. Люди работают даже несмотря на летящие ракеты

**[Информатор](https://t.me/+LV7tr2_vgu02NjAy) | [Подписаться](https://t.me/+LV7tr2_vgu02NjAy)","**Kyiv's metro during a large-scale air raid. People are working even despite flying rockets.**

[Informant](https://t.me/+LV7tr2_vgu02NjAy) | [Subscribe](https://t.me/+LV7tr2_vgu02NjAy)",,,,,
1570,1570,8571,"**Украина готова обеспечить безопасность России в обмен на тотальный отказ Москвы от ядерного оружия. Подписать договор можем в Будапеште**, — Подоляк

Именно в Будапеште был подписан договор, которым РФ взяла на себя обязанность защищать Украину в обмен на отказ от ядерки.

[Информатор](https://t.me/+LV7tr2_vgu02NjAy) | [Подписаться](https://t.me/+LV7tr2_vgu02NjAy)","**Ukraine is ready to ensure Russia's safety in exchange for Moscow's total abandonment of nuclear weapons. We can sign the treaty in Budapest,** — Podolyak

It was precisely in Budapest that the treaty was signed, under which Russia committed to protecting Ukraine in exchange for its renunciation of nuclear weapons.

[Informer](https://t.me/+LV7tr2_vgu02NjAy) | [Subscribe](https://t.me/+LV7tr2_vgu02NjAy)",,,,,
1571,1571,8572,"**Эффектные кадры приземления российского ""Аллигатора"": украинские бойцы успешно ликвидировали вражеский вертолет Ка-52 с элитным экипажем на борту😏

**Долетались.

[Информатор](https://t.me/+LV7tr2_vgu02NjAy) | [Подписаться](https://t.me/+LV7tr2_vgu02NjAy)","**Dramatic footage of the Russian 'Alligator' helicopter's landing: Ukrainian forces successfully eliminated an enemy Ka-52 helicopter with an elite crew on board😉

**They flew far enough.

[Informant](https://t.me/+LV7tr2_vgu02NjAy) | [Subscribe](https://t.me/+LV7tr2_vgu02NjAy)",,,,,
1572,1572,8573,"**❗️США тайно модифицировали РСЗО HIMARS, переданные Украине, чтобы их нельзя было использовать для запуска ракет большой дальности по территории РФ,** — [The Wall Street Journal](https://www.wsj.com/articles/u-s-altered-himars-rocket-launchers-to-keep-ukraine-from-firing-missiles-into-russia-11670214338?mod=Searchresults_pos1&page=1) со ссылкой на американских официальных лиц

[Информатор](https://t.me/+LV7tr2_vgu02NjAy) | [Подписаться](https://t.me/+LV7tr2_vgu02NjAy)","**❗️The U.S. secretly modified the HIMARS multiple launch rocket systems sent to Ukraine so they cannot be used to launch long-range missiles into Russian territory,** according to sources cited by The Wall Street Journal.

[Informer](https://t.me/+LV7tr2_vgu02NjAy) | [Subscribe](https://t.me/+LV7tr2_vgu02NjAy)",,,,,
1573,1573,8574,"**⚡️А вот и последствия: в Киевской, Днепропетровской и в Донецкой областях введены экстренные отключения света после обстрела критической инфраструктуры, — сообщает ДТЭК

**Графики стабилизационных отключений пока не действуют.

Также, проблемы с электроэнергией были зафиксированы в Одесской, Житомирской и Сумской областях.

[Информатор](https://t.me/+LV7tr2_vgu02NjAy) | [Подписаться](https://t.me/+LV7tr2_vgu02NjAy)","**⚡️Here are the consequences: Emergency power cuts have been implemented in Kyiv, Dnipropetrovsk, and Donetsk regions following an attack on critical infrastructure, reports DTEK.

Stabilization schedules for power cuts are not currently in effect.

Power supply issues were also reported in Odessa, Zhitomir, and Sumy regions.**

[Informer](https://t.me/+LV7tr2_vgu02NjAy) | [Subscribe](https://t.me/+LV7tr2_vgu02NjAy)",,,,,
1574,1574,8575,"**⚡️Силы ПВО и авиация сбили более 60 из более 70 ракет оккупантов, — командование Воздушных сил ВСУ

**Всего было запущено:
▪️**38 крылатых ракет Х-101/Х-555** из 8 самолетов-ракетоносцев стратегической авиации Ту-95мс из района Каспийского моря и Волгодонска Ростовской области;
▪️**22 крылатые ракеты типа «Калибр»** с кораблей Черноморского флота;
▪️**3 ракеты Х-22, 6 управляемых авиационных ракет Х-59 и 1 Х-31П** из акватории Черного моря.

[Информатор](https://t.me/+LV7tr2_vgu02NjAy) | [Подписаться](https://t.me/+LV7tr2_vgu02NjAy)","**⚡️Air defense forces and aviation downed over 60 out of more than 70 enemy rockets, — the Ukrainian Air Force command**

**Total launched:**
- **38 Kh-101/Kh-555 cruise missiles** from 8 strategic bomber aircraft Tu-95MS from the Caspian Sea and Rostov-on-Don's Volgodonsk region;
- **22 Kalibr-type cruise missiles** from Black Sea Fleet ships;
- **3 Kh-22 missiles, 6 Kh-59M guided air-to-surface missiles, and 1 Kh-31P** from the Black Sea area. 

[Source](https://t.me/+LV7tr2_vgu02NjAy) | [Subscribe](https://t.me/+LV7tr2_vgu02NjAy)",,,,,
1575,1575,8576,"**Россия больше не может себе позволить часто устраивать массированные атаки территории Украины так как запасы ""Калибров"" и ""Искандеров"" в РФ по многим показателям упали до критического уровня**, — [**ГУР МО

**](https://www.ukrinform.ua/rubric-ato/3628122-zapasi-visokotocnih-raket-u-rosii-na-kriticno-nizkomu-rivni-predstavnik-gur.html)Он добавил, что это не уменьшает ущерб от поражения украинской инфраструктуры и у РФ ещё много ракет **С-300**.

[Информатор](https://t.me/+LV7tr2_vgu02NjAy) | [Подписаться](https://t.me/+LV7tr2_vgu02NjAy)","**Russia can no longer afford to frequently conduct massive attacks on Ukrainian territory because the reserves of ""Kalibr"" and ""Iskander"" missiles in Russia have dropped to critical levels in many respects,** — [**GUR MO**

He added that this does not diminish the damage caused by the destruction of Ukrainian infrastructure, and Russia still has many **S-300** missiles. 

[Informer] | [Subscribe]",,,,,
1576,1576,8577,"**Были попадания в энергообъекты в Киевской, Винницкой, Одесской областях, но энергетическая система страны функционирует и остается целостной, — Шмыгаль

**[Информатор](https://t.me/+LV7tr2_vgu02NjAy) | [Подписаться](https://t.me/+LV7tr2_vgu02NjAy)","There were hits on energy facilities in Kyiv, Vinnytsia, and Odessa regions, but the country's energy system is functioning and remains intact, — Schmyhal

[Informer](https://t.me/+LV7tr2_vgu02NjAy) | [Subscribe](https://t.me/+LV7tr2_vgu02NjAy)",,,,,
1577,1577,8578,"**Бункерный Зеленский😂 Российская пропаганда не перестаёт удивлять**🤦🏻‍♂️

[Информатор](https://t.me/+LV7tr2_vgu02NjAy) | [Подписаться](https://t.me/+LV7tr2_vgu02NjAy)","**Bunkered Zelensky😂 Russian propaganda continues to amaze**🤦🏻‍♂️

[Informer](https://t.me/+LV7tr2_vgu02NjAy) | [Subscribe](https://t.me/+LV7tr2_vgu02NjAy)",,,,,
1578,1578,8579,"**ПВО сбили большинство российских ракет, энергетики уже приступили к восстановительным работам, а наш народ никогда не сдаётся**, — Зеленский об итогах ракетной атаки

[Информатор](https://t.me/+LV7tr2_vgu02NjAy) | [Подписаться](https://t.me/+LV7tr2_vgu02NjAy)","Here is the translation:

**Air defense systems shot down most of the Russian missiles; power companies have already started repair work, and our people never surrender,** — Zelensky on the results of the missile attack

[Informer](https://t.me/+LV7tr2_vgu02NjAy) | [Subscribe](https://t.me/+LV7tr2_vgu02NjAy)",,,,,
1579,1579,8580,"**Пока ВСУ отбивали массированную ракетную атаку, бункерный дед катался по Крымскому мосту

**Взял пример с Президента Украины😏

[Информатор](https://t.me/+LV7tr2_vgu02NjAy) | [Подписаться](https://t.me/+LV7tr2_vgu02NjAy)","While the Ukrainian military was repelling a massive rocket attack, the bunker grandfather was rollerblading across the Crimea Bridge.

He took a page from President Ukraine's book 😏

[Informer](https://t.me/+LV7tr2_vgu02NjAy) | [Subscribe](https://t.me/+LV7tr2_vgu02NjAy)",,,,,
1580,1580,8581,"**⚡️По областям пошли отбои тревог. Последствия ракетной атаки на карте👆🏻

**Красное — где были прилёты. Синее — работало ПВО.
Информация по прилётам:
▪️**Новософиевка в Запорожской области** — прилёт в жилые дома, есть погибшие;
▪️**Одесчина **— нет воды, электроэнергии, проблемы со связью;
▪️**Кривой Рог** — есть разрушение в энергетической инфраструктуре. Возможны масштабные отключения.

[Информатор](https://t.me/+LV7tr2_vgu02NjAy) | [Подписаться](https://t.me/+LV7tr2_vgu02NjAy)","**⚡️Alerts have been triggered in several regions. The aftermath of the missile attack is shown on the map上方▲

**Red indicates where missiles landed. Blue shows areas where air defense systems were active.
Information on the missile strikes:
- **Novosofiyivka, Zaporizhzhia Oblast** - missiles hit residential areas, with casualties reported;
- **Odessa Region** - no water, electricity, and communication issues;
- **Kryvyi Rih** - damage to energy infrastructure, potential for large-scale power outages.

[Source](https://t.me/+LV7tr2_vgu02NjAy) | [Subscribe](https://t.me/+LV7tr2_vgu02NjAy)",,,,,
1581,1581,8582,"**Если вы не знали, то только по Киеву летело 50 крылатых ракет. По крайней мере об этом пишет Тищенко**🌚

В любом случае, пока есть тревога — не игнорируйте.

[Информатор](https://t.me/+LV7tr2_vgu02NjAy) | [Подписаться](https://t.me/+LV7tr2_vgu02NjAy)","**If you didn't know, 50 cruise missiles were launched at Kyiv alone. At least this is what Tyshchenko writes.** 🌝

In any case, while there's an alert, don't ignore it.

[Informant](https://t.me/+LV7tr2_vgu02NjAy) | [Subscribe](https://t.me/+LV7tr2_vgu02NjAy)",,,,,
1582,1582,8583,"⚡️**Минобороны Молдовы подтвердило, что на территории страны упала ракета. Некоторые СМИ сообщают, что это разгонная часть от С-300

**К счастью, ракета упала в саду. Пострадавших нет.

[Информатор](https://t.me/+LV7tr2_vgu02NjAy) | [Подписаться](https://t.me/+LV7tr2_vgu02NjAy)","⚡️The Ministry of Defense of Moldova confirmed that a rocket fell on the country's territory. Some media report that it is a booster part from S-300.

Fortunately, the rocket landed in a garden, and there are no casualties.

[Informant](https://t.me/+LV7tr2_vgu02NjAy) | [Subscribe](https://t.me/+LV7tr2_vgu02NjAy)",,,,,
1583,1583,8584,"**⚡️Фото ракеты в Молдове вблизи

**Российский режим угрожает уже не только Украине.

[Информатор](https://t.me/+LV7tr2_vgu02NjAy) | [Подписаться](https://t.me/+LV7tr2_vgu02NjAy)","**⚡️Rocket photo near Moldova

The Russian regime is threatening not only Ukraine.

[Informant](https://t.me/+LV7tr2_vgu02NjAy) | [Subscribe](https://t.me/+LV7tr2_vgu02NjAy)",,,,,
1584,1584,8585,"**❗️Одна из российских ракет упала в Молдове близ города Бричаны, — местные СМИ

**Сейчас в стране перебои с электроэнергией.

[Информатор](https://t.me/+LV7tr2_vgu02NjAy) | [Подписаться](https://t.me/+LV7tr2_vgu02NjAy)","**❗️One of Russia's rockets fell in Moldova near the city of Bricani, according to local media.

There are currently power outages across the country.

[Informant](https://t.me/+LV7tr2_vgu02NjAy) | [Subscribe](https://t.me/+LV7tr2_vgu02NjAy)",,,,,
1585,1585,8586,"⚡️**""Укрэнерго"" сообщает о попадании по объектам энергетической инфраструктуры. С этим связаны аварийные отключения света в стране

**Надеемся, вы зарядили павербанки.

[Информатор](https://t.me/+LV7tr2_vgu02NjAy) | [Подписаться](https://t.me/+LV7tr2_vgu02NjAy)","⚡️""Ukrenergo"" reports hits on energy infrastructure objects. This has led to power outages across the country.

We hope you have charged your power banks.

[Informant](https://t.me/+LV7tr2_vgu02NjAy) | [Subscribe](https://t.me/+LV7tr2_vgu02NjAy)",,,,,
1586,1586,8587,"**В Одесской области повреждены два инфраструктурных объекта, один человек госпитализирован. В городе проблемы со связью, не работают котельные, не ездит электротранспорт, отсутствует вода и проблемы со светом

**[Информатор](https://t.me/+LV7tr2_vgu02NjAy) | [Подписаться](https://t.me/+LV7tr2_vgu02NjAy)","In the Odessa region, two infrastructure objects have been damaged, and one person has been hospitalized. In the city, there are issues with communication, boiler houses are not functioning, electric transport is not running, there is no water, and there are problems with electricity.

[Source: Informer](https://t.me/+LV7tr2_vgu02NjAy) | [Subscribe](https://t.me/+LV7tr2_vgu02NjAy)",,,,,
1587,1587,8588,"**❗️Сообщается, что по предварительной информации, сегодняшний суммарный залп ракет по территории Украины составляет около 80 штук 

**Были выпущены Х-101/Х-55/Х-555, Калибры и Ониксы.

Это информация на данный момент.

[Информатор](https://t.me/+LV7tr2_vgu02NjAy) | [Подписаться](https://t.me/+LV7tr2_vgu02NjAy)","**❗️According to preliminary information, today's total rocket strike on Ukrainian territory amounts to approximately 80 rockets.

Types of rockets used include X-101/X-55/X-555, Calibers, and Oniks.

This is the current information.

[Source](https://t.me/+LV7tr2_vgu02NjAy) | [Subscribe](https://t.me/+LV7tr2_vgu02NjAy)",,,,,
1588,1588,8589,"**❗️Будет три волны ракетных ударов, — Ким

**Пока выпущена только вторая. Будьте в укрытиях.

[Информатор](https://t.me/+LV7tr2_vgu02NjAy) | [Подписаться](https://t.me/+LV7tr2_vgu02NjAy)","**❗️There will be three waves of rocket strikes, — Kim

Only the second wave has been launched so far. Stay in shelters.

[Informant](https://t.me/+LV7tr2_vgu02NjAy) | [Subscribe](https://t.me/+LV7tr2_vgu02NjAy)",,,,,
1589,1589,8590,"**❗️Пошла вторая волна ракет

**Россияне запускают ракеты из района Волгодонска, Каспийского и Черного морей.

Для чего нужно несколько волн: чтобы рассредоточить ракеты по всей территории Украины и запутать действия украинской ПВО.

[Информатор](https://t.me/+LV7tr2_vgu02NjAy) | [Подписаться](https://t.me/+LV7tr2_vgu02NjAy)","**❗️The Second Wave of Rockets Has Begun

Russians are launching rockets from the areas around Volgodonsk, the Caspian Sea, and the Black Sea.

Why multiple waves: to分散火箭在整个乌克兰领土上，并迷惑乌克兰的防空系统。

[Informant](https://t.me/+LV7tr2_vgu02NjAy) | [Subscribe](https://t.me/+LV7tr2_vgu02NjAy)

Note: The last sentence ""为了分散火箭在整个乌克兰领土上，并迷惑乌克兰的防空系统"" is a direct translation of ""Для чего нужно несколько волн: чтобы рассредоточить ракеты по всей территории Украины и запутать действия украинской ПВО."" but does not fit the context well in English. A more natural English phrasing would be included in the original answer.",,,,,
1590,1590,8591,"**⚡️В Одессе обесточены все насосные станции и резервные линии. Водоснабжение отсутствует везде по городу, — ""Инфоксводоканал""

**После прилётов в Одессе начался сильный пожар.

[Информатор](https://t.me/+LV7tr2_vgu02NjAy) | [Подписаться](https://t.me/+LV7tr2_vgu02NjAy)","**⚡️All pumping stations and backup lines in Odessa are without power. Water supply is absent throughout the city, — ""Infokhvodokanal""

A strong fire broke out in Odessa after the drone attacks.

[Informant](https://t.me/+LV7tr2_vgu02NjAy) | [Subscribe](https://t.me/+LV7tr2_vgu02NjAy)",,,,,
1591,1591,8592,"**❗️Сообщают о взрывах в Тернопольской области

**К сожалению, российская атака уже унесла жизни людей:** в Запорожской области в результате удара по жилому сектору 2 человека погибли, 2 получили ранения**.

[Информатор](https://t.me/+LV7tr2_vgu02NjAy) | [Подписаться](https://t.me/+LV7tr2_vgu02NjAy)","**❗️Explosions reported in Ternopil Oblast

**Unfortunately, Russian attacks have already taken lives:** in Zaporizhzhia Oblast, two people were killed and two were injured as a result of an attack on residential areas.**

[Source](https://t.me/+LV7tr2_vgu02NjAy) | [Subscribe](https://t.me/+LV7tr2_vgu02NjAy)",,,,,
1592,1592,8593,"**❗️Летит около 100 ракет, — Карась

**[Информатор](https://t.me/+LV7tr2_vgu02NjAy) | [Подписаться](https://t.me/+LV7tr2_vgu02NjAy)","**❗️About 100 rockets are being launched, — Karas**

[Informant](https://t.me/+LV7tr2_vgu02NjAy) | [Subscribe](https://t.me/+LV7tr2_vgu02NjAy)",,,,,
1593,1593,8594,"**❗️Сообщают о пролёте ракеты над Тернопольской областью и взрывах в Виннице

**[Информатор](https://t.me/+LV7tr2_vgu02NjAy) | [Подписаться](https://t.me/+LV7tr2_vgu02NjAy)","**❗️Reports of a rocket flying over Ternopil Oblast and explosions in Vinnytsia

**[Source](https://t.me/+LV7tr2_vgu02NjAy) | [Subscribe](https://t.me/+LV7tr2_vgu02NjAy)",,,,,
1594,1594,8595,"**⚡️В направлении Киевской области летят ракеты, — сообщает глава ОВА

**[Информатор](https://t.me/+LV7tr2_vgu02NjAy) | [Подписаться](https://t.me/+LV7tr2_vgu02NjAy)","**⚡️Missiles are flying towards the Kyiv region, reports the head of OVA.

[Source](https://t.me/+LV7tr2_vgu02NjAy) | [Subscribe](https://t.me/+LV7tr2_vgu02NjAy)**",,,,,
1595,1595,8596,"**❗️Оккупанты опять бьют по энергетической инфраструктуре. В Житомире, Одессе, Николаеве – проблемы с электроснабжением в некоторых районах города

**Кроме того, сообщают о скачках напряжения в Кишиневе и Тирасполе (Молдова).

[Информатор](https://t.me/+LV7tr2_vgu02NjAy) | [Подписаться](https://t.me/+LV7tr2_vgu02NjAy)","**❗️Occupiers are hitting the energy infrastructure again. In Zhitomir, Odessa, and Nikolayev, there are power supply issues in some city areas.

Additionally, voltage surges are reported in Chișinău and Tiraspol (Moldova).

[Source](https://t.me/+LV7tr2_vgu02NjAy) | [Subscribe](https://t.me/+LV7tr2_vgu02NjAy)",,,,,
1596,1596,8597,"**❗️На Киевщине прозвучало несколько мощных взрывов. Предварительно — работает ПВО

**[Информатор](https://t.me/+LV7tr2_vgu02NjAy) | [Подписаться](https://t.me/+LV7tr2_vgu02NjAy)","**❗️Several powerful explosions were heard in Kyiv Oblast. Preliminary report — air defense is operating.

[Informant](https://t.me/+LV7tr2_vgu02NjAy) | [Subscribe](https://t.me/+LV7tr2_vgu02NjAy)",,,,,
1597,1597,8598,"**❗️Взрывы в Одесской области. Похоже, есть первый прилёт. Также работает ПВО

**UPD: также **есть прилёты** в Запорожье.

[Информатор](https://t.me/+LV7tr2_vgu02NjAy) | [Подписаться](https://t.me/+LV7tr2_vgu02NjAy)","**❗️Explosions in Odessa Oblast. It seems there's the first air raid. Air defense is also active.

**UPDATE: Air raids are also reported in Zaporizhzhia.**

[Source](https://t.me/+LV7tr2_vgu02NjAy) | [Subscribe](https://t.me/+LV7tr2_vgu02NjAy)",,,,,
1598,1598,8599,"**❗️Сообщают о полёте ракет в направлении Киева и работе ПВО в Киевской области

**На данный момент ПВО работает в 7 областях Украины: Киевская, Винницкая, Черкасская, Запорожская, Полтавская, Харьковская, Днепропетровская.

[Информатор](https://t.me/+LV7tr2_vgu02NjAy) | [Подписаться](https://t.me/+LV7tr2_vgu02NjAy)","**❗️Reports of rocket launches towards Kyiv and air defense operations in Kyiv Oblast

As of now, air defense is active in 7 regions of Ukraine: Kyiv, Vinnytsia, Chernihiv, Zaporizhzhia, Poltava, Kharkiv, Dnipropetrovsk.

[Source](https://t.me/+LV7tr2_vgu02NjAy) | [Subscribe](https://t.me/+LV7tr2_vgu02NjAy)",,,,,
1599,1599,8600,"**❗️Будет несколько волн запусков ракет, — Карась

**[Информатор](https://t.me/+LV7tr2_vgu02NjAy) | [Подписаться](https://t.me/+LV7tr2_vgu02NjAy)","**❗️There will be several waves of rocket launches, — Krasny

[Informant](https://t.me/+LV7tr2_vgu02NjAy) | [Subscribe](https://t.me/+LV7tr2_vgu02NjAy)",,,,,
1600,1600,8601,"**❗️""В небе над Украиной много ракет"", — Глава Винницкой ОВА

**ПВО работает на Полтавщине, Днепропетровщине, Черкащине, Харьковщине в Запорожской области.

[Информатор](https://t.me/+LV7tr2_vgu02NjAy) | [Подписаться](https://t.me/+LV7tr2_vgu02NjAy)","**❗️""There are many missiles in the sky over Ukraine,"" — Head of Vinnytsia Oblast Administration

Air defense is active in Poltava Oblast, Dnipropetrovsk Oblast, Chernihiv Oblast, and Zaporizhzhia Oblast.

[Informer](https://t.me/+LV7tr2_vgu02NjAy) | [Subscribe](https://t.me/+LV7tr2_vgu02NjAy)",,,,,
1601,1601,8602,"**❗️Большая группа ракет в районе Кременчуга**. Работает ПВО и авиация.

[Информатор](https://t.me/+LV7tr2_vgu02NjAy) | [Подписаться](https://t.me/+LV7tr2_vgu02NjAy)","**❗️A large group of rockets in the Kremenchug area**. Air defense and aviation are active.

[Source: Informant](https://t.me/+LV7tr2_vgu02NjAy) | [Subscribe](https://t.me/+LV7tr2_vgu02NjAy)",,,,,
1602,1602,8603,"**❗️Две группы ракет идут курсом на Киев. Также зафиксированы пуски 8 ""Калибров"" с акватории Черного моря

**[Информатор](https://t.me/+LV7tr2_vgu02NjAy) | [Подписаться](https://t.me/+LV7tr2_vgu02NjAy)","**❗️Two missile groups are heading towards Kyiv. Additionally, 8 'Kalibr' missiles were launched from the waters of the Black Sea.

[Source](https://t.me/+LV7tr2_vgu02NjAy) | [Subscribe](https://t.me/+LV7tr2_vgu02NjAy)",,,,,
1603,1603,8604,"**❗️Сообщают о взрывах на Полтавщине и Харьковщине. Работает ПВО. Также, ракеты замечены на Сумщине

**[Информатор](https://t.me/+LV7tr2_vgu02NjAy) | [Подписаться](https://t.me/+LV7tr2_vgu02NjAy)","**❗️Explosions reported in Poltava and Kharkiv regions. Air defense is operational. Additionally, rockets have been spotted in Sumy region.

[Source](https://t.me/+LV7tr2_vgu02NjAy) | [Subscribe](https://t.me/+LV7tr2_vgu02NjAy)",,,,,
1604,1604,8605,"**❗️""Возможны удары по объектам энергетики. Закройте окна и максимально сохраняйте тепло в помещениях"", — мэр Кременчуга

**[Информатор](https://t.me/+LV7tr2_vgu02NjAy) | [Подписаться](https://t.me/+LV7tr2_vgu02NjAy)","**❗️""There may be attacks on energy facilities. Close your windows and maximize insulation in buildings,"" — Mayor of Kremenchug**

[Informant](https://t.me/+LV7tr2_vgu02NjAy) | [Subscribe](https://t.me/+LV7tr2_vgu02NjAy)",,,,,
1605,1605,8606,"**❗️Российские ракеты уже в воздушном пространстве Украины

**[Информатор](https://t.me/+LV7tr2_vgu02NjAy) | [Подписаться](https://t.me/+LV7tr2_vgu02NjAy)","**❗️Russian rockets are already in Ukrainian airspace

**[Informant](https://t.me/+LV7tr2_vgu02NjAy) | [Subscribe](https://t.me/+LV7tr2_vgu02NjAy)",,,,,
1606,1606,8607,"❗️**Об опасности новых обстрелов предупреждают уже официально в ОП👆🏻

**Зарядите всё, что успеете. Наберите воды. Пройдите в укрытия.

[Информатор](https://t.me/+LV7tr2_vgu02NjAy) | [Подписаться](https://t.me/+LV7tr2_vgu02NjAy)","❗️**Officially warned of the danger of new bombardments above.**

**Charge everything you can. Fill up with water. Seek shelter.**

[Informant](https://t.me/+LV7tr2_vgu02NjAy) | [Subscribe](https://t.me/+LV7tr2_vgu02NjAy)",,,,,
1607,1607,8608,"**❗️Были пуски ракет. Воздушная тревога во многих областях Украины, в том числе в столице. Скоро может быть по всей стране. Убедительно просим пройти в укрытия

**[Информатор](https://t.me/+LV7tr2_vgu02NjAy) | [Подписаться](https://t.me/+LV7tr2_vgu02NjAy)","**❗️Rockets were launched. Air raid alerts in many regions of Ukraine, including the capital. It may spread across the entire country soon. We strongly advise seeking shelter.**

[Source](https://t.me/+LV7tr2_vgu02NjAy) | [Subscribe](https://t.me/+LV7tr2_vgu02NjAy)",,,,,
1608,1608,8609,"**❗️Воздушная тревога звучит в областях на востоке Украины. Ранее **[**русня подняла в небо**](https://t.me/ukrinformator/30012)** 14 бомбардировщиков Ту-95

**Журналист Цаплиенко** сообщает о пусках минимум 5 ракет с акватории Каспия**, **тг-каналы пишут о 20 ракетах,** но пока официальных подтверждений нет.

Тем не менее, может быть обстрел. Идите в укрытия.

[Информатор](https://t.me/+LV7tr2_vgu02NjAy) | [Подписаться](https://t.me/+LV7tr2_vgu02NjAy)","**❗️Air raid sirens are sounding in eastern regions of Ukraine. Earlier, **[**Russian forces launched 14 Tu-95 bombers into the sky**](https://t.me/ukrinformator/30012)**.

Journalist Zaplienko reports that at least 5 missiles were launched from the Caspian Sea area; Telegram channels mention up to 20 missiles, but official confirmation is still pending.

Nevertheless, an attack may be underway. Seek shelter.

[Informer](https://t.me/+LV7tr2_vgu02NjAy) | [Subscribe](https://t.me/+LV7tr2_vgu02NjAy)",,,,,
1609,1609,8610,"**Путину доложили об **[**атаках беспилотников**](https://t.me/ukrinformator/30005)** в Саратовской и Рязанской областях, — Песков

**Могут мстить, ведь погорело немало российских птичек.

[Информатор](https://t.me/+LV7tr2_vgu02NjAy) | [Подписаться](https://t.me/+LV7tr2_vgu02NjAy)","Pestkov reported to Putin about **drone attacks in Saratov and Ryazan regions**.

**They might be retaliating, as many Russian birds have been burned.

[Informer](https://t.me/+LV7tr2_vgu02NjAy) | [Subscribe](https://t.me/+LV7tr2_vgu02NjAy)",,,,,
1610,1610,8611,"**Некоторые СМИ сообщают, что на сегодня около 15:00 россияне подготовили массированный ракетный удар по Украине

**Официальной информации нет (!), но берём во внимание.

К слову, бомбардировщики Ту-95, которые [взлетели на России](https://t.me/ukrinformator/30007?single), **до сих пор находятся в воздухе. **Поэтому в любом случае не игнорируйте тревоги.

[Информатор](https://t.me/+LV7tr2_vgu02NjAy) | [Подписаться](https://t.me/+LV7tr2_vgu02NjAy)","Some media report that around 15:00 local time, Russians have prepared a massive rocket strike on Ukraine.

There is no official information yet (!), but we should take this into account.

By the way, the Tu-95 bombers that [took off from Russia](https://t.me/ukrinformator/30007?single) are still in the air. Therefore, you should not ignore the warnings.

[Informant](https://t.me/+LV7tr2_vgu02NjAy) | [Subscribe](https://t.me/+LV7tr2_vgu02NjAy)",,,,,
1611,1611,8612,"**""Вспомним борьбу с терроризмом 90-х"": пропагандисты так озверели от страха после ""вечеринки"" на аэродромах, что начали угрожать украинским бежанцам в РФ

**К слову, их там около 3 млн человек, только тех, которых вывезли, или они попали туда вынужденно. А говорят о ""чистках"" не безымянные зады на диванах, а известные ""флагманы"" информации на России. 

Все что нужно знать о ""братьях"".

[Информатор](https://t.me/+LV7tr2_vgu02NjAy) | [Подписаться](https://t.me/+LV7tr2_vgu02NjAy)","**""Remember the fight against terrorism in the 90s"": Propagandists have become so terrified after their ""party"" at the airfields that they are threatening Ukrainian refugees in Russia.

**By the way, there are about 3 million people there, either those who were brought there or those who ended up there involuntarily. They talk about ""cleansings"" not of anonymous figures on couches, but of known ""flagbearers"" of information in Russia.

All you need to know about the ""brothers.""

[Informer](https://t.me/+LV7tr2_vgu02NjAy) | [Subscribe](https://t.me/+LV7tr2_vgu02NjAy)",,,,,
1612,1612,8613,"**Троллинг россиян от Воздушных сил ВСУ подъехал😏

**Так кто же всё-таки [это](https://t.me/ukrinformator/29994?single) сделал?

[Информатор](https://t.me/+LV7tr2_vgu02NjAy) | [Подписаться](https://t.me/+LV7tr2_vgu02NjAy)","**The Ukrainian Air Forces have stepped up their trolling of Russians. 😏

**So, who exactly did this?**

[Informer](https://t.me/+LV7tr2_vgu02NjAy) | [Subscribe](https://t.me/+LV7tr2_vgu02NjAy)",,,,,
1613,1613,8614,"**Президент Зеленский стал человеком года по версии **[**Financial Times

**](https://www.ft.com/content/9599247f-c3cb-4d3c-a0b6-771f0aac8699)""Президент Украины стал флагманом демократического мира в глобальной борьбе с авторитаризмом, которая может определить ход этого века"", — пишет издание.

Тем временем, угадайте, кто стал х*йлом года?

[Информатор](https://t.me/+LV7tr2_vgu02NjAy) | [Подписаться](https://t.me/+LV7tr2_vgu02NjAy)","**President Zelensky was named Person of the Year by Financial Times.**

""The President of Ukraine has become a flagbearer for democratic values in the global struggle against authoritarianism, which could determine the course of this century,"" the publication writes.

By the way, guess who was named Shit of the Year?

[Informer](https://t.me/+LV7tr2_vgu02NjAy) | [Subscribe](https://t.me/+LV7tr2_vgu02NjAy)",,,,,
1614,1614,8615,"**❗️Оккупанты подняли в воздух 14 бомбардировщиков Ту-95

**Часть из них взлетела с военного аэродрома Энгельс под Саратовом.

Может быть тревога по Украине.

[Информатор](https://t.me/+LV7tr2_vgu02NjAy) | [Подписаться](https://t.me/+LV7tr2_vgu02NjAy)","**❗️Occupiers lifted 14 Tu-95 bombers into the air.

Part of them took off from the military airbase of Engels near Saratov.

There might be a state of alert in Ukraine.

[Source](https://t.me/+LV7tr2_vgu02NjAy) | [Subscribe](https://t.me/+LV7tr2_vgu02NjAy)",,,,,
1615,1615,8616,"**Важно понимать, что расстояние от Украины до российских аэродромов под **[**Рязанью**](https://t.me/ukrinformator/29996)** и **[**Саратовом**](https://t.me/ukrinformator/29994)** составляет 690-860 км

**А это значит, что до Москвы ""бавовна"" тоже дотянется😏

[Информатор](https://t.me/+LV7tr2_vgu02NjAy) | [Подписаться](https://t.me/+LV7tr2_vgu02NjAy)","It's important to understand that the distance from Ukraine to Russian airfields near **Ryazan** ([link](https://t.me/ukrinformator/29996)) and **Saratov** ([link](https://t.me/ukrinformator/29994)) is 690-860 km.

This means that Moscow is also within range of potential attacks 😏

[Informer](https://t.me/+LV7tr2_vgu02NjAy) | [Subscribe](https://t.me/+LV7tr2_vgu02NjAy)",,,,,
1616,1616,8617,"**Укроборонпром проводит новые испытания беспилотника, и в то же время на российских аэродромах **[**взрываются**](https://t.me/ukrinformator/29994)** бомбардировщики**

Совпадение?😏

[Информатор](https://t.me/+LV7tr2_vgu02NjAy) | [Подписаться](https://t.me/+LV7tr2_vgu02NjAy)","**UCROBORONPRO conducted new tests on an unmanned aircraft, while at Russian airfields, bombers are exploding.**

Is this a coincidence? 😏

[Informer](https://t.me/+LV7tr2_vgu02NjAy) | [Subscribe](https://t.me/+LV7tr2_vgu02NjAy)",,,,,
1617,1617,8618,"**Тумсо Абдурахмана, главного критика Кадырова, убили в Швеции, – СМИ

**Блогера, который критиковал лидера Чечни Рамзана Кадырова, который несколько дней не выходил на связь — застрелили в ночь на 2 декабря в Швеции.

[Информатор](https://t.me/+LV7tr2_vgu02NjAy) | [Подписаться](https://t.me/+LV7tr2_vgu02NjAy)","**Tumasmo Abdurahmana, the main critic of Kadryev, was killed in Sweden, according to the media.

**The blogger who criticized Chechen leader Ramzan Kadryev, who had been out of contact for several days, was shot dead in Sweden early on December 2nd.

[Informer](https://t.me/+LV7tr2_vgu02NjAy) | [Subscribe](https://t.me/+LV7tr2_vgu02NjAy)",,,,,
1618,1618,8619,"**На России истерика, не нравится им бавовна на аэродромах**🤔

Очень жаль, красиво.

**UPD: **власти Саратовской области на случай отреагировали. Губернатор заявил, что ничего не происходит, ""хлопки и вспышки"".🤡

[Информатор](https://t.me/+LV7tr2_vgu02NjAy) | [Подписаться](https://t.me/+LV7tr2_vgu02NjAy)","**There's a fit in Russia; they don't like Babovna at the airports.**🤔

Very sad, it sounds beautiful.

**UPDATE:** The authorities of Saratov region reacted to the situation. The governor stated that nothing is happening, just ""pops and flashes.""🤡

[Informer](https://t.me/+LV7tr2_vgu02NjAy) | [Subscribe](https://t.me/+LV7tr2_vgu02NjAy)",,,,,
1619,1619,8620,"**⚡️Еще одно ЧП на российском аэродроме

**На стоянке авиационной техники под Рязанью **произошел взрыв, погибли три человека, пять - пострадали,** — пишут росСМИ со ссылкой на экстренные службы.

В чатах люди пишут о семи пострадавших самолётах в Рязани и ещё прилётах в Шайковке Калужской области. Города находятся в 700-900 км от украинской границы😏.

[Информатор](https://t.me/+LV7tr2_vgu02NjAy) | [Подписаться](https://t.me/+LV7tr2_vgu02NjAy)","**⚡️Another Incident at a Russian Airfield

An explosion occurred at an aviation facility near Ryazan, resulting in three deaths and five injuries, according to Russian media citing emergency services.

People in chats are reporting seven damaged aircraft in Ryazan and additional landings in Shaykovka, Kaluga Region. The cities are about 700-900 km from the Ukrainian border 😏.

[Informant](https://t.me/+LV7tr2_vgu02NjAy) | [Subscribe](https://t.me/+LV7tr2_vgu02NjAy)",,,,,
1620,1620,8621,"⚡️**Пишут, что на аэродроме в Энгельсе, откуда часто взлетают на нас бомбардировщики оккупантов, что**-**то произошло**😏

Предварительно взрыв из-за беспилотника повредил как минимум два самолета Ту-95.

[Информатор](https://t.me/+LV7tr2_vgu02NjAy) | [Подписаться](https://t.me/+LV7tr2_vgu02NjAy)","⚡️**They say something happened at the airfield in Engels, from where our occupiers' bombers often take off.** 😏

Initially, an explosion caused by a drone damaged at least two Tu-95 aircraft.

[Source](https://t.me/+LV7tr2_vgu02NjAy) | [Subscribe](https://t.me/+LV7tr2_vgu02NjAy)",,,,,
1621,1621,8622,"**«Это докажет мощь РФ»: начать полномасштабную войну с Украиной Путина убедил его самый доверенный неформальный советник, — **[The Wall Street Journal](https://www.wsj.com/articles/russian-billionaire-selling-putins-war-ukraine-11669994410)

Со ссылкой на несколько источников издание называет, **71-летнего миллиардера Юрия Ковальчука – личного банкира Путина,  российского телемагната. **«Ковальчук **доказывал Путину, что Запад слаб, и что пора для России** продемонстрировать свою военную способность и защитить свой суверенитет, ворвавшись в Украину», — говорится в статье.

Интересно, сейчас «собиратель земель» благодарен другу за совет, или очень благодарен?😏

[Информатор](https://t.me/+LV7tr2_vgu02NjAy) | [Подписаться](https://t.me/+LV7tr2_vgu02NjAy)","**""This will prove the might of Russia"": Putin's most trusted informal advisor convinced him to start a full-scale war with Ukraine, according to The Wall Street Journal.**

The publication cites several sources, naming 71-year-old billionaire Yuri Kovalchuk—Putin's personal banker and a Russian media mogul. ""Kovalchuk was arguing to Putin that the West is weak and it's time for Russia to demonstrate its military capabilities and protect its sovereignty by invading Ukraine,"" the article states.

It's interesting to wonder whether the current ""land grabber"" is thankful to his friend for the advice or very thankful. 😏

[Informant] (https://t.me/+LV7tr2_vgu02NjAy) | [Subscribe] (https://t.me/+LV7tr2_vgu02NjAy)",,,,,
1622,1622,8623,"**Впервые за 100 лет: украинский ""Щедрик"" снова зазвучал в стенах легендарного Карнеги Холл в Нью-Йорке
**
Все это в рамках концерта посвященного 100-летию премьеры бессмертного произведения Николая Леонтовича.

Красота и гордость💪🏻

[Информатор](https://t.me/+LV7tr2_vgu02NjAy) | [Подписаться](https://t.me/+LV7tr2_vgu02NjAy)","For the first time in 100 years: Ukrainian ""Shchedryk"" once again sounded in the walls of the legendary Carnegie Hall in New York as part of a concert commemorating the 100th anniversary of the premiere of Nikolai Leontovich's immortal work.

Beauty and pride💪🏻

[Informant](https://t.me/+LV7tr2_vgu02NjAy) | [Subscribe](https://t.me/+LV7tr2_vgu02NjAy)",,,,,
1623,1623,8624,"**Пока в Туле печатают **[талоны на еду](https://t.me/ukrinformator/29966)**, а ЕС готовит новый пакет убойных санкций, спикер Софеда Матвиенко выступила со срочной задачей —** **обеспечить россиян баянами

**Она призвала создать для этого целую рабочую программу, мотивируя тем, что** эти инструменты в России еще производят.** (Пока) ""Мы же производим баяны и гармони? Производим. Так давайте посчитаем, сколько это будет стоить — оснастить все сельские ДК и клубы народными инструментами"", — сказала она.

Гойда🤡

[Информатор](https://t.me/+LV7tr2_vgu02NjAy) | [Подписаться](https://t.me/+LV7tr2_vgu02NjAy)","While Tula is printing food vouchers and the EU is preparing a new package of punitive sanctions, Sobed speaker Matvienko has put forward an urgent task: ensure that Russians have balalaikas. She called for creating a whole work program to achieve this, citing that these instruments are still produced in Russia. ""After all, we do produce balalaikas and harmonicas, don't we? We produce them. So let's calculate how much it will cost to equip all rural cultural centers and clubs with folk instruments,"" she said.

Goyda 🤡

[Informator](https://t.me/+LV7tr2_vgu02NjAy) | [Subscribe](https://t.me/+LV7tr2_vgu02NjAy)",,,,,
1624,1624,8625,"**Тем временем, на России пересмотрели понятие выгодных вложений в недвижимость**🤔

А что случилось?

[Информатор](https://t.me/+LV7tr2_vgu02NjAy) | [Подписаться](https://t.me/+LV7tr2_vgu02NjAy)","Meanwhile, Russia has reconsidered the concept of profitable investments in real estate.🤔

What happened?

[Informant](https://t.me/+LV7tr2_vgu02NjAy) | [Subscribe](https://t.me/+LV7tr2_vgu02NjAy)",,,,,
1625,1625,8626,"**Зеленский в вечернем обращении еще раз предупредил, что зима будет сложной, но выстоять этой зимой будет значит отстоять все**,** и если Россия вторглась — это не навсегда

**Также президент добавил, что ситуация на фронте сложная, **чтобы наши бойцы стояли, вся страна должна работать сообща**, ведь у россиян ничего так и не получилось: сколько раз они обещали взять Донбасс, сколько раз обещали быть в Бахмуте.

[Информатор](https://t.me/+LV7tr2_vgu02NjAy) | [Подписаться](https://t.me/+LV7tr2_vgu02NjAy)","Zelensky in his evening address warned again that winter will be difficult, but surviving this winter means defending everything. If Russia invaded, it won't be permanent.

The president also noted that the situation on the front is tough, so for our soldiers to hold their ground, the whole country must work together. After all, the Russians haven't succeeded yet: how many times have they promised to take Donbass and control Bakhmut?

[Informer] (https://t.me/+LV7tr2_vgu02NjAy) | [Subscribe] (https://t.me/+LV7tr2_vgu02NjAy)",,,,,
1626,1626,8627,"**Восстановление Украины обойдётся не менее чем в полтриллиона евро, — вице-президент Всемирного банка

**Уровень необходимых средств вырос **с 350 млрд евро в начале июня 2022 года до 500-600 млрд евро на сегодняшний день.** Там обратили внимание и на **катастрофические последствия в гуманитарной сфере.**

""До конца 2022 года в Украине 8 млн человек будут жить за чертой бедности. Уровень бедности вырастет с 2% до 25%"", — заявила Анна Бьерде.

[Информатор](https://t.me/+LV7tr2_vgu02NjAy) | [Подписаться](https://t.me/+LV7tr2_vgu02NjAy)","The restoration of Ukraine will cost at least 500 billion euros, according to the vice-president of the World Bank.

The amount of required funds has risen from 350 billion euros at the beginning of June 2022 to 500-600 billion euros today. The report also highlighted the catastrophic humanitarian consequences.

By the end of 2022, 8 million people in Ukraine will be living below the poverty line, with the poverty rate increasing from 2% to 25%, according to Anna Bjerde.

[Informer](https://t.me/+LV7tr2_vgu02NjAy) | [Subscribe](https://t.me/+LV7tr2_vgu02NjAy)",,,,,
1627,1627,8628,"**Скабеева как всегда: рассказывает об ""успехах"" с Бахмутом, гордо показывает, что по городу ходят чеченцы, вот только  чеченцы** **оказались нашими — бойцы украинского батальона имени шейха Мансура**😏

Неудобно получилось, но ничего, вата схавает.

[Информатор](https://t.me/+LV7tr2_vgu02NjAy) | [Подписаться](https://t.me/+LV7tr2_vgu02NjAy)","**Kabekova as usual: boasts about the ""successes"" in Bahmut, proudly showing that Chechens are walking around the city, only for them to turn out to be Ukrainian soldiers from the Mansur Sheikh battalion**😏

It's awkward, but never mind, the mob will eat it up.

[Informant](https://t.me/+LV7tr2_vgu02NjAy) | [Subscribe](https://t.me/+LV7tr2_vgu02NjAy)",,,,,
1628,1628,8629,"**Завтра вся Украина сможет перейти от аварийных отключений электроэнергии к стабилизационным, —**[ директор](https://www.rbc.ua/ukr/news/zavdyaki-zapusku-dodatkovogo-energobloku-1670169533.html)** энергетических программ ""Центра Разумкова""
 
**Энергетикам удалось дополнительно запустить один энергоблок Хмельницкой АЭС — это основная причина для таких позитивных новостей.

В свою очередь, ДТЭК сообщает, что с понедельника к стабилизационным отключениям возвращаются Киевская, Одесская, Днепропетровская и Донецкая области. 

Держим кулачки, и надеемся, что русня ничего не испортит.

[Информатор](https://t.me/+LV7tr2_vgu02NjAy) | [Подписаться](https://t.me/+LV7tr2_vgu02NjAy)","**Tomorrow, all of Ukraine will be able to transition from emergency power outages to stabilizing ones, —** the director of the energy programs at the ""Center for Democratic Transition"" ([Центра Разумкова](https://www.rbc.ua/ukr/news/zavdyaki-zapusku-dodatkovogo-energobloku-1670169533.html)).

**Energy officials have successfully launched an additional reactor at the Hmelnytskyi Nuclear Power Plant — this is the main reason for these positive news.

In turn, DTEK reports that starting from Monday, stabilizing power outages will return to Kyiv, Odessa, Dnipropetrovsk, and Donetsk regions.

Let's cross our fingers and hope that the Russians won't spoil things.

[Informant](https://t.me/+LV7tr2_vgu02NjAy) | [Subscribe](https://t.me/+LV7tr2_vgu02NjAy)",,,,,
1629,1629,8630,"**Путин страдает болезнью Паркинсона, двумя видами рака и шизоаффективным расстройством, — **[британские СМИ

](https://www.express.co.uk/news/world/1704812/putin-health-update-cancer-parkinsons-bloated-shaking)По данным Express, Путин уже похудел на 8 кг. Однако лидера РФ якобы поддерживают лекарством, поэтому все удается хорошо скрыть.

Напомним, раньше руководитель ГУР Минобороны Украины Кирилл Буданов говорил, что [Путин болен раком, ](https://t.me/ukrinformator/17168)а также имеет еще несколько тяжелых болезней.

[Информатор](https://t.me/+LV7tr2_vgu02NjAy) | [Подписаться](https://t.me/+LV7tr2_vgu02NjAy)","**According to British media sources, Putin suffers from Parkinson's disease, two types of cancer, and schizoaffective disorder.** The Express reports that Putin has lost 8 kg in weight. However, it is said that the Russian leader is being supported by medication, which allows everything to be well concealed.

Previously, the head of Ukraine's GRU, Kyrylo Budanov, claimed that Putin was suffering from cancer and had several other serious illnesses.

[Informer] | [Subscribe]",,,,,
1630,1630,8631,"**На России предложили отправить бездомных собак на войну подрывать танки

**В процессе обсуждения вопроса о приютах для животных депутат от КПРФ Виктор Макаров предложил направлять бездомных собак участвовать в боевых действиях на территории Украины. 

От российских идиотов даже животным нет покоя 🤦🏻‍♂️

[Информатор](https://t.me/+LV7tr2_vgu02NjAy) | [Подписаться](https://t.me/+LV7tr2_vgu02NjAy)","**Russia was suggested to send homeless dogs to the war to destroy tanks.

During the discussion about animal shelters, a KPRA deputy, Viktor Makarov, proposed using homeless dogs to participate in combat actions in Ukraine.

Even Russians are depriving animals of peace 🤦🏻‍♂️

[Informer](https://t.me/+LV7tr2_vgu02NjAy) | [Subscribe](https://t.me/+LV7tr2_vgu02NjAy)",,,,,
1631,1631,8632,"**Тут поступила инфа, что руснявые таки взяли Киев в первую неделю**🤔

И Львов, и Варшаву и Альфу Центавру. Может сказать им, что они еле взяли один облцентр (Херсон), но и из того бежали вплавь по Днепру🤡

[Информатор](https://t.me/+LV7tr2_vgu02NjAy) | [Подписаться](https://t.me/+LV7tr2_vgu02NjAy)","Here's the translation:

**There's info that the russians finally took Kyiv in the first week,** 🤔 and Lviv, and Warsaw, and Alpha Centauri. Maybe tell them they barely captured one oblast center (Kherson), but even from that, people fled by water across the Dnieper 🤡

[Source](https://t.me/+LV7tr2_vgu02NjAy) | [Subscribe](https://t.me/+LV7tr2_vgu02NjAy)",,,,,
1632,1632,8633,"**В Северной Корее требуют переназвать детей в честь бомб и пистолетов —  Radio Free Asia

**Власти предложили целый список ""правильных"" имён. Среди них Чон Иль (Пистолет), Чун Сим (Верность), Уй Сон (Спутник) и Пок Иль (Бомба).

Если не сделать это до конца года — штраф.🤦🏻‍♂️

[Информатор](https://t.me/+LV7tr2_vgu02NjAy) | [Подписаться](https://t.me/+LV7tr2_vgu02NjAy)","In North Korea, they are demanding that children be renamed after bombs and pistols — Radio Free Asia

The authorities have proposed a whole list of ""appropriate"" names. Among them are Chon Il (Pistol), Chun Sim (Faithfulness), Ui Son (Satellite), and Pok Il (Bomb).

If this is not done by the end of the year — a fine. 😅

[Informant](https://t.me/+LV7tr2_vgu02NjAy) | [Subscribe](https://t.me/+LV7tr2_vgu02NjAy)",,,,,
1633,1633,8634,"**Когда-то это должно было случиться🤡

**[Информатор](https://t.me/+LV7tr2_vgu02NjAy) | [Подписаться](https://t.me/+LV7tr2_vgu02NjAy)","It was bound to happen someday 🤡

**Informer** | [Subscribe](https://t.me/+LV7tr2_vgu02NjAy)",,,,,
1634,1634,8635,"**Русня** **попыталась штурмовать наши позиции, но вдруг резко передумала**😏

Видео смотрим до конца.

[Информатор](https://t.me/+LV7tr2_vgu02NjAy) | [Подписаться](https://t.me/+LV7tr2_vgu02NjAy)","**The Russians tried to storm our positions, but suddenly decided against it** 😏

We'll watch the video to the end.

[Informant](https://t.me/+LV7tr2_vgu02NjAy) | [Subscribe](https://t.me/+LV7tr2_vgu02NjAy)",,,,,
1635,1635,8636,"**Заканчиваются работы по созданию украинского ударного беспилотника, — Укроборонпром

**Сообщают, что он может ""поступить на службу"" уже к концу года. Беспилотник сможет нести боевую часть в 75 килограммов и иметь дальность полета до 1000 километров.

[Информатор](https://t.me/+LV7tr2_vgu02NjAy) | [Подписаться](https://t.me/+LV7tr2_vgu02NjAy)","The works on creating the Ukrainian strike drone are nearing completion, according to Ukroboronprom. It is reported that the drone could enter service by the end of the year. The drone will be able to carry a 75-kilogram warhead and has a flight range of up to 1,000 kilometers.

[Source](https://t.me/+LV7tr2_vgu02NjAy) | [Subscribe](https://t.me/+LV7tr2_vgu02NjAy)",,,,,
1636,1636,8637,"**Подготовка к массированному удару по Украине идет, он может случиться когда угодно **— ОК ""Юг""

""Помним, что для них не важен ни день, ни ночь, их задача террор"", — заявила спикер ОК ""Юг"" Наталья Гуменюк.

В Чёрном море сейчас четыре носителя крылатых ракет ""Калибр""** с общим залпом 24 ракеты. В Средиземном – пять носителей ""Калибров"", общий залп – 76 ракет.** Но, со Средиземным морем есть нюанс — там уже долго не меняется концентрация РСЗО с залпом до 70 ракет ""Калибр"".

[Информатор](https://t.me/+LV7tr2_vgu02NjAy) | [Подписаться](https://t.me/+LV7tr2_vgu02NjAy)","**Preparations for a massive strike on Ukraine are underway and could happen at any time** — OK ""South"".

""We must remember that for them, neither day nor night matters; their goal is terror,"" declared the spokesperson for OK ""South,"" Natalia Gumenyuk.

Currently in the Black Sea, there are four ships carrying Kh-35U anti-ship missiles (""Kalibr""), with a total of 24 missiles. In the Mediterranean, there are five ships carrying ""Kalibr"" missiles, with a total of 76 missiles. However, there's a nuance with the Mediterranean — the concentration of rocket launchers capable of firing up to 70 ""Kalibr"" missiles hasn't changed for a long time.

[Informer](https://t.me/+LV7tr2_vgu02NjAy) | [Subscribe](https://t.me/+LV7tr2_vgu02NjAy)",,,,,
1637,1637,8638,"**ФСБ-шный поп Никита, **[любящий молоденьких мальчиков](https://t.me/ukrinformator/29624)** из хора стал епископом, — **[LB

](https://lb.ua/society/2022/12/04/538003_figurant_seksskandalu_sekretar.html)Посвящение прошло сегодня в Феофании, резиденции самого митрополита Онуфия. А предшественник новоиспеченного епископа раньше **бежал в Россию.

**Грехи уже, похоже, отмолили, или как?🤔

[Информатор](https://t.me/+LV7tr2_vgu02NjAy) | [Подписаться](https://t.me/+LV7tr2_vgu02NjAy)","**Nickita, the FSB-affiliated priest who loves young boys** from the choir, has become an bishop — **[LB

](https://lb.ua/society/2022/12/04/538003_figurant_seksskandalu_sekretar.html)His ordination took place today at Feofaniya, the residence of Metropolitan Onufry. His predecessor, the newly appointed bishop, had previously fled to Russia.

**It seems they have already atoned for their sins, or is that the case?🤔

[Информатор](https://t.me/+LV7tr2_vgu02NjAy) | [Subscribe](https://t.me/+LV7tr2_vgu02NjAy)",,,,,
1638,1638,8639,"**Иранские дроны перестали запускать из-за холодов, а не из-за нехватки, — Евгений Силкин, помощник командующего Объединенных сил ВСУ

**Эти дроны сделаны из пластика и тех материалов, которые не выдерживают мороза, вот и весь секрет.

[Информатор](https://t.me/+LV7tr2_vgu02NjAy) | [Подписаться](https://t.me/+LV7tr2_vgu02NjAy)","**Iranian drones stopped launching due to the cold, not because of a shortage, — Yevgeniy Sylkin, assistant to the commander of the Ukrainian Armed Forces' Joint Forces**

**These drones are made of plastic and other materials that cannot withstand the cold, and that's the whole story.

[Informer](https://t.me/+LV7tr2_vgu02NjAy) | [Subscribe](https://t.me/+LV7tr2_vgu02NjAy)",,,,,
1639,1639,8640,"**На Донбассе русня вовсю использует запрещенное химическое оружие, — Военно-морские Силы ВСУ

**Речь идет об **аэрозольных гранатах ""К-51**"". После разрыва такой гранаты человек, попавший в радиус действия дезориентирован на 20 минут из-за приступов кашля, и поражения глаз газом. Использование таких боеприпасов является **прямым нарушением Конвенции**, которую Россия подписала в 1993 году.

Русня от бессилия швыряется чем попало, но это их не спасет.

[Информатор](https://t.me/+LV7tr2_vgu02NjAy) | [Подписаться](https://t.me/+LV7tr2_vgu02NjAy)","**In Donbas, Russians are fully utilizing prohibited chemical weapons, — Ukrainian Naval Forces**

**They refer to the aerosol grenades ""K-51"".** After the explosion of such a grenade, a person within its radius becomes disoriented for 20 minutes due to coughing fits and eye irritation from the gas. The use of such ammunition is a direct violation of the Convention, which Russia signed in 1993.

The Russians, out of helplessness, are throwing whatever they can, but this won't save them.

[Source](https://t.me/+LV7tr2_vgu02NjAy) | [Subscribe](https://t.me/+LV7tr2_vgu02NjAy)",,,,,
1640,1640,8641,"**Беларуских пропагандистов опять переклинило, говорят ""украинцы готовят блюда из тел россиян""**🤡

А чего заморачиваться еще ""готовить блюда"", можно и так. Дикари мы, или кто?🤦🏻‍♂️

[Информатор](https://t.me/+LV7tr2_vgu02NjAy) | [Подписаться](https://t.me/+LV7tr2_vgu02NjAy)","The Belarusian propagandists are at it again, claiming that ""Ukrainians are preparing dishes from Russian bodies."" Why complicate things with ""dishes""? Are we savages or what? 😅

[Informer](https://t.me/+LV7tr2_vgu02NjAy) | [Subscribe](https://t.me/+LV7tr2_vgu02NjAy)",,,,,
1641,1641,8642,"⚡️**Власти Ирана отменили ""полицию нравов"", беспридел которой привел к** **убийству женщины за ""неправильное ношение хиджаба""** **и** [масштабным протестам в стране](https://t.me/ukrinformator/25918), — [Alarabiya News

](https://english.alarabiya.net/News/middle-east/2022/12/04/Iran-abolishes-morality-police-Prosecutor-general)[Информатор](https://t.me/+LV7tr2_vgu02NjAy) | [Подписаться](https://t.me/+LV7tr2_vgu02NjAy)","⚡️**The Iranian authorities have abolished the ""morality police,"" whose excesses led to the killing of a woman for ""improper hijab wear"" and widespread protests in the country.** [Alarabiya News](https://english.alarabiya.net/News/middle-east/2022/12/04/Iran-abolishes-morality-police-Prosecutor-general) | [Subscribe](https://t.me/+LV7tr2_vgu02NjAy)",,,,,
1642,1642,8643,"**Всё, как мечталось: в типографию Тульской области поступил заказ на печать талонов на еду

**Что там дальше по плану, очереди в ""продмаги"" и один березовый сок на полках?🤔

[Информатор](https://t.me/+LV7tr2_vgu02NjAy) | [Подписаться](https://t.me/+LV7tr2_vgu02NjAy)","**Just as dreamed: an order for food vouchers has been placed with the Tularegion printing press.

**What's next on the plan—queues at the supermarkets and just one barrel of birch juice on the shelves?🤔

[Informer](https://t.me/+LV7tr2_vgu02NjAy) | [Subscribe](https://t.me/+LV7tr2_vgu02NjAy)",,,,,
1643,1643,8644,"**""Сказали штурмовать Бахмут, потому что напали на Крымский мост, обещали 250 тыс в месяц, но не платили. Мама сказала, что я полный кретин""**, — коротко о жизненном цикле завербованных ""Вагнеровцев"" 

[Информатор](https://t.me/+LV7tr2_vgu02NjAy) | [Подписаться](https://t.me/+LV7tr2_vgu02NjAy)","""They ordered us to storm Bachmut because they said the Crimean Bridge was attacked. They promised 250,000 rubles a month, but didn't pay. My mom said I'm a complete idiot,"" — a brief account of the life cycle of ""Wagner Group"" recruits.

[Source](https://t.me/+LV7tr2_vgu02NjAy) | [Subscribe](https://t.me/+LV7tr2_vgu02NjAy)",,,,,
1644,1644,8645,"**""За предательство Родины"": в Луганской области российские нацисты публично казнили гражданских

**Фото появились в Z-пабликах.

[Информатор](https://t.me/+LV7tr2_vgu02NjAy) | [Подписаться](https://t.me/+LV7tr2_vgu02NjAy)","""For betraying the Motherland"": In Luhansk Oblast, Russian Nazis publicly executed civilians

Photos appeared in Z-pabliks.

[Informant](https://t.me/+LV7tr2_vgu02NjAy) | [Subscribe](https://t.me/+LV7tr2_vgu02NjAy)",,,,,
1645,1645,8646,"**Хорошо, что чмобик Игорь правильно понял свое предназначение** 😏

[Информатор](https://t.me/+LV7tr2_vgu02NjAy) | [Подписаться](https://t.me/+LV7tr2_vgu02NjAy)","Good that Igor correctly understood the purpose of his mobile phone 🤏

[Informant] (https://t.me/+LV7tr2_vgu02NjAy) | [Subscribe] (https://t.me/+LV7tr2_vgu02NjAy)",,,,,
1646,1646,8647,"**Темп военных операций на востоке Украины, вероятно, вырастет в ближайшие недели, — ISW

**Ожидается, что вскоре ВСУ **сосредоточатся на контрнаступлении на линии фронта Кременная – Сватово. **Сейчас там** **идут** **ожесточённые бои.

[Информатор](https://t.me/+LV7tr2_vgu02NjAy) | [Подписаться](https://t.me/+LV7tr2_vgu02NjAy)","The tempo of military operations in eastern Ukraine is likely to increase in the coming weeks, according to ISW.

It is expected that in the near future, the Ukrainian Armed Forces (ВСУ) will focus on a counteroffensive along the front line from Kreminna to Svatovo. Currently, intense battles are underway there.

[Informator](https://t.me/+LV7tr2_vgu02NjAy) | [Subscribe](https://t.me/+LV7tr2_vgu02NjAy)",,,,,
1647,1647,8648,"**Нам есть чем гордиться. Смотрите до конца🇺🇦

**[Информатор](https://t.me/+LV7tr2_vgu02NjAy) | [Подписаться](https://t.me/+LV7tr2_vgu02NjAy)","We have reasons to be proud. Watch until the end 🇺🇦

[Informant](https://t.me/+LV7tr2_vgu02NjAy) | [Subscribe](https://t.me/+LV7tr2_vgu02NjAy)",,,,,
1648,1648,8649,"**Украина готова сесть за стол переговоров и обеспечить России гарантии безопасности, **— заявил Арахамия и написал список требований к РФ😏

В списке: вывод войск, репарации, **добровольный отказ России от ядерного оружия.**

Только после этого будут переговоры.**
**
[Информатор](https://t.me/+LV7tr2_vgu02NjAy) | [Подписаться](https://t.me/+LV7tr2_vgu02NjAy)","**Ukraine is ready to sit at the negotiating table and provide security guarantees to Russia,** — Arakhamiya stated and listed Russia's requirements, including the withdrawal of troops, reparations, and Russia's voluntary renunciation of nuclear weapons.**

Negotiations will only take place after this.**
**
[Informer](https://t.me/+LV7tr2_vgu02NjAy) | [Subscribe](https://t.me/+LV7tr2_vgu02NjAy)",,,,,
1649,1649,8650,"**Украинский боксер и чемпион WBO International в легком весе Беринчик вышел в ринг перед сегодняшним боем с французом в форме спецподразделения ГУР МОУ ""Kraken""

**Удачи💪🏻

UPD: **Беринчик победил раздельным решением судей (112:117, 116:112, 116:112) стал чемпионом Европы по версии EBU.**

[Информатор](https://t.me/+LV7tr2_vgu02NjAy) | [Подписаться](https://t.me/+LV7tr2_vgu02NjAy)","**The Ukrainian boxer and WBO International lightweight champion Berinчик stepped into the ring for today's fight against a French special forces soldier from GUR MOU ""Kraken"".

Good luck 💪🏻

UPDATE: **Berinчик won by split decision (112-117, 116-112, 116-112) and became the European champion according to the EBU.**

[Informer](https://t.me/+LV7tr2_vgu02NjAy) | [Subscribe](https://t.me/+LV7tr2_vgu02NjAy)",,,,,
1650,1650,8651,"**⚡️А вот и полный список личностей, попавших под ""церковные"" санкции СНБО: среди них Паша-Мерседес и Новинский

**Санкции вводятся на 5 лет и будут касаться блокирования активов, ограничения торговых операций, блокировки на вывод капиталов за пределы Украины.

[Информатор](https://t.me/+LV7tr2_vgu02NjAy) | [Подписаться](https://t.me/+LV7tr2_vgu02NjAy)","**⚡️Here is the full list of individuals who have been subject to ""church"" sanctions by the SNBOD: among them are Pasha-Mercedes and Novinsky.

The sanctions are in effect for 5 years and will cover asset blocking, trade operation restrictions, and blocking capital outflows from Ukraine.

[Informer](https://t.me/+LV7tr2_vgu02NjAy) | [Subscribe](https://t.me/+LV7tr2_vgu02NjAy)",,,,,
1651,1651,8652,"**Бойцы ВСУ **[**подняли**](https://www.facebook.com/carlson.aero)** первый (!) украинский флаг на левом берегу Днепра

**Эта операция – плацдарм для дальнейшей деоккупации Херсонщины💪🏻.

[Информатор](https://t.me/+LV7tr2_vgu02NjAy) | [Подписаться](https://t.me/+LV7tr2_vgu02NjAy)","**The soldiers of the Ukrainian Armed Forces raised the first (!) Ukrainian flag on the left bank of the Dnipro.**

**This operation is a foothold for further de-occupation of Kherson Oblast💪🏻.

[Informer](https://t.me/+LV7tr2_vgu02NjAy) | [Subscribe](https://t.me/+LV7tr2_vgu02NjAy)",,,,,
1652,1652,8653,"""**Сейчас наиболее горячо и наиболее болезненно на Донбассе: Бахмут, Соледар. Делаем все, чтобы помочь нашим ребятам в этом направлении"", — Зеленский

**Президент добавил, что на Луганщине и Харьковщине – ВСУ укрепляют наши силы, на юге – продолжают ""минусировать"" возможности оккупантов, на границе – укрепляется весь периметр, Черноморская акватория – работают, чтобы в итоге ""Калибры"" могли быть разве что на дне.

**""Готовим новые мероприятия на декабрь и январь. Очень мощные меры""**, — добавил Зеленский.

[Информатор](https://t.me/+LV7tr2_vgu02NjAy) | [Подписаться](https://t.me/+LV7tr2_vgu02NjAy)","""Currently, the situation is most intense and painful in Donbas: Baikivka and Soliysk. We are doing everything we can to help our boys in this direction,"" — said Zelensky.

""The president added that on Luhansk and Kharkiv territories, the Ukrainian Armed Forces (VSYU) are reinforcing our forces, in the south they are continuing to neutralize the capabilities of the occupiers, at the border, the perimeter is being strengthened, and the Black Sea area is working to ensure that 'Calibers' end up only at the bottom,"" — Zelensky continued.

""We are preparing new initiatives for December and January. Very powerful measures,"" — Zelensky added.

[Source](https://t.me/+LV7tr2_vgu02NjAy) | [Subscribe](https://t.me/+LV7tr2_vgu02NjAy)",,,,,
1653,1653,8654,"**Праздники по новому календарю: что изменится, если их таки перенесут👆🏻

**[Информатор](https://t.me/+LV7tr2_vgu02NjAy) | [Подписаться](https://t.me/+LV7tr2_vgu02NjAy)","**New Calendar Holidays: What Will Change If They Are Moved上方箭头**

**[Informant](https://t.me/+LV7tr2_vgu02NjAy) | [Subscribe](https://t.me/+LV7tr2_vgu02NjAy)**",,,,,
1654,1654,8655,"**Ахах. У россиян настолько подгорело, что они назвали Зеленского антихристом и призывают церковь признать его таким официально**😁

[Информатор](https://t.me/+LV7tr2_vgu02NjAy) | [Подписаться](https://t.me/+LV7tr2_vgu02NjAy)","**Haha. Russians are so desperate that they've called Zelensky the Antichrist and are urging the church to officially recognize him as such.** 😁

[Informant](https://t.me/+LV7tr2_vgu02NjAy) | [Subscribe](https://t.me/+LV7tr2_vgu02NjAy)",,,,,
1655,1655,8656,"**Тяжела жизнь российских олигархов: в Британии **[**задержали**](https://twitter.com/nca_uk/status/1599023075353251840?s=46&t=XD1O_MMBYQJMdB26sCzRaA)** 58-летнего российского миллиардера, которого подозревают в отмывании денег и заговоре

**По некоторым данным, речь идёт о Михаиле Фридмане, который ранее владел ""Моршинской"". 

Сейчас его отпустили под залог. Идёт следствие.

[Информатор](https://t.me/+LV7tr2_vgu02NjAy) | [Подписаться](https://t.me/+LV7tr2_vgu02NjAy)","The life of Russian oligarchs is tough: British authorities have detained a 58-year-old Russian billionaire who is suspected of money laundering and conspiracy.

According to some sources, this refers to Mikhail Fridman, who previously owned ""Morsina.""

He has been released on bail while the investigation continues.

[Informant] | [Subscribe]",,,,,
1656,1656,8657,"**В Беларусь на переговоры с министром обороны РБ Хрениным прилетел фанерный маршал Шойгу

**РосСМИ сообщают, что Минобороны Беларуси уже подписало с Минобороны РФ протокол-соглашение о **совместном обеспечении региональной безопасности в военной сфере**.

🤔

[Информатор](https://t.me/+LV7tr2_vgu02NjAy) | [Подписаться](https://t.me/+LV7tr2_vgu02NjAy)","**A plywood marshal Shoigu flew to Belarus for talks with Belarusian Defense Minister Hrenin.**

**Russian media report that the Belarusian Ministry of Defense has already signed a protocol-agreement with the Russian Ministry of Defense on **jointly ensuring regional security in military matters**.

🤔

[Informer](https://t.me/+LV7tr2_vgu02NjAy) | [Subscribe](https://t.me/+LV7tr2_vgu02NjAy)",,,,,
1657,1657,8658,"**На Буковине в епархии УПЦ МП якобы **[**нашли**](https://lb.ua/society/2022/12/03/537951_chernivetskobukovinskiy_ieparhii.html)** ноутбук с детской порнографией

**[Сообщается](https://lb.ua/society/2022/12/03/537951_chernivetskobukovinskiy_ieparhii.html), что порнографические материалы с участием несовершеннолетних не были загружены из сети интернет, а **сняты на видеокамеру.

**По предварительной информации, в уголовном производстве фигурируют руководитель Черновицко-Буковинского епархиального управления митрополита Мелетий (Егоренко) и секретарь архимандрит Никита (Сторожук).

🤯

[Информатор](https://t.me/+LV7tr2_vgu02NjAy) | [Подписаться](https://t.me/+LV7tr2_vgu02NjAy)","On Bukovyna in the Ukrainian Orthodox Church of the Moscow Patriarchate (UPЦ MP), it is reported that **a laptop with child pornography was found** ([source](https://lb.ua/society/2022/12/03/537951_chernivetskobukovinskiy_ieparhii.html)).

It is reported that the pornographic materials involving minors were not downloaded from the internet but were filmed on a video camera.

According to preliminary information, the individuals involved in the criminal case include the head of the Chernivtsi-Bukovyna eparchial administration Metropolitan Melitius (Yegorenko) and secretary Archimandrite Nikita (Storozhuk).

🤯

[Source Informant](https://t.me/+LV7tr2_vgu02NjAy) | [Subscribe](https://t.me/+LV7tr2_vgu02NjAy)",,,,,
1658,1658,8659,"**⚡️Путин со временем посетит Донбасс, — Песков🤡

**Ахахаха. Вата поверит.

[Информатор](https://t.me/+LV7tr2_vgu02NjAy) | [Подписаться](https://t.me/+LV7tr2_vgu02NjAy)","**⚡️Putin will eventually visit Donbass, — Peskov 🤡

**Hahaha. The echo chamber will believe it.

[Informant](https://t.me/+LV7tr2_vgu02NjAy) | [Subscribe](https://t.me/+LV7tr2_vgu02NjAy)",,,,,
1659,1659,8660,"**Жесть: в TikTok распространяется реклама ЧВК ""Вагнер"" с призывами убивать украинцев, собравшая более миллиарда (!) просмотров

**Также, в соцсети обнаружили более **500 видеороликов, пропагандирующих** **насилие против украинцев, включая призывы к убийству ""украинских нацистов""** и **пять аккаунтов TikTok**, которые перенаправляют пользователей на сайты, где **""Вагнер"" регулярно публикует объявления о вербовке**.

Об этом [сообщает](https://www.newsguardtech.com/misinformation-monitor/november-2022/) компания NewsGuard, изучающая и отслеживающая дезинформацию. 

Просто без комментариев.

[Информатор](https://t.me/+LV7tr2_vgu02NjAy) | [Подписаться](https://t.me/+LV7tr2_vgu02NjAy)","**Wow: TikTok is spreading Wagner mercenaries' ads calling for killing Ukrainians, with over a billion (!) views.

Also, social media has detected more than 500 videos promoting violence against Ukrainians, including calls to kill ""Ukrainian Nazis,"" and five TikTok accounts redirecting users to websites where Wagner regularly posts recruitment ads.

NewsGuard, which investigates and tracks misinformation, reports this.

Just the facts.

[Source](https://t.me/+LV7tr2_vgu02NjAy) | [Subscribe](https://t.me/+LV7tr2_vgu02NjAy)",,,,,
1660,1660,8661,"**Новости из параллельной, российской, вселенной

**Бедные британцы.

[Информатор](https://t.me/+LV7tr2_vgu02NjAy) | [Подписаться](https://t.me/+LV7tr2_vgu02NjAy)","**News from the parallel, Russian universe

**Poor Brits.

[Informant](https://t.me/+LV7tr2_vgu02NjAy) | [Subscribe](https://t.me/+LV7tr2_vgu02NjAy)",,,,,
1661,1661,8662,"**⚡️Враг накапливает силы в Беларуси, Украина готовится к реагированию, — Командующий Объединенных сил ВСУ Наев

**Он добавил, что хоть РФ и подтягивает войска, **на данный момент угрозы со стороны Беларуси пока нет.** Украина проводит работу, чтобы повысить устойчивость нашей обороны.

[Информатор](https://t.me/+LV7tr2_vgu02NjAy) | [Подписаться](https://t.me/+LV7tr2_vgu02NjAy)","**⚡️The enemy is building up forces in Belarus, Ukraine is preparing to react—Commander of the United Forces of the Ukrainian Armed Forces, Naev.

He added that while Russia is bringing in troops, **at this moment there is no threat from Belarus.** Ukraine is working to strengthen its defense readiness.

[Source](https://t.me/+LV7tr2_vgu02NjAy) | [Subscribe](https://t.me/+LV7tr2_vgu02NjAy)",,,,,
1662,1662,8663,"**⚡️Активность вражеской авиации на России. Над Волгоградом замечены бомбардировщики. Могут быть запуски ракет с Ту-95

**В некоторых областях Украины воздушная тревога.

[Информатор](https://t.me/+LV7tr2_vgu02NjAy) | [Подписаться](https://t.me/+LV7tr2_vgu02NjAy)","**⚡️Hostile aircraft activity over Russia. Bombers spotted over Volgograd. There may be missile launches from Tu-95s.

Air defense alerts in some Ukrainian regions.**

[Source](https://t.me/+LV7tr2_vgu02NjAy) | [Subscribe](https://t.me/+LV7tr2_vgu02NjAy)",,,,,
1663,1663,8664,"**⚡️Вывод вооружений с ЗАЭС, которого требует Украина, будет частью соглашения Украины и России с МАГАТЭ. Россия не против соглашения и принципа защиты станции,** — [заявил](https://www.repubblica.it/esteri/2022/12/02/news/nucleare_centrali_ucraina_grossi_aiea-377077279/?ref=search) директор агентства Гросси

Похоже, скоро орки уйдут с Запорожской АЭС.

[Информатор](https://t.me/+LV7tr2_vgu02NjAy) | [Подписаться](https://t.me/+LV7tr2_vgu02NjAy)","**⚡️Withdrawing weapons from Zaporizhzhia NPP, which Ukraine demands, will be part of the agreement between Ukraine and Russia with the IAEA. Russia is not against the agreement and the principle of protecting the station,** — Director Grossi declared.

It seems that soon the orcs will leave the Zaporizhzhia NPP.

[Informant](https://t.me/+LV7tr2_vgu02NjAy) | [Subscribe](https://t.me/+LV7tr2_vgu02NjAy)",,,,,
1664,1664,8665,"**Солдат Ляшко на страже позиций. Ну теперь-то нам ничего не страшно**🫡

[Информатор](https://t.me/+LV7tr2_vgu02NjAy) | [Подписаться](https://t.me/+LV7tr2_vgu02NjAy)","**Lysenko the Soldier guarding the positions. Now, nothing scares us anymore**🫡

[Informant](https://t.me/+LV7tr2_vgu02NjAy) | [Subscribe](https://t.me/+LV7tr2_vgu02NjAy)",,,,,
1665,1665,8666,"**Российское ""освобождение"" во всей красе: уроды не стесняясь разворовывают дома украинцев 

**[Информатор](https://t.me/+LV7tr2_vgu02NjAy) | [Подписаться](https://t.me/+LV7tr2_vgu02NjAy)","Russian ""liberation"" in all its glory: thugs unabashedly looting Ukrainian homes.

[Informer](https://t.me/+LV7tr2_vgu02NjAy) | [Subscribe](https://t.me/+LV7tr2_vgu02NjAy)",,,,,
1666,1666,8667,"**В 11 украинских городах жителям многоэтажек частично компенсируют стоимость генераторов

**Компенсацию можно получить **в Киеве, Сумах, Полтаве, Ровно, Львове, Луцке, Борисполе** (Киевской области), **Смеле и Умани** (Черкасской области), **Кременчуге** (Полтавской области), **Берегово** (Закарпатской области).

Размер компенсации зависит от населённого пункта. Некоторые подробности на фото👆🏻Остальные можно найти на сайтах своих горсоветов.

[Информатор](https://t.me/+LV7tr2_vgu02NjAy) | [Подписаться](https://t.me/+LV7tr2_vgu02NjAy)","In 11 Ukrainian cities, residents of apartment buildings partially compensate the cost of generators.

Compensation can be obtained in Kiev, Sumy, Poltava, Rovno, Lviv, Lutsk, Boryspil (Kiev Oblast), Slaviansk and Uman (Cherkasy Oblast), Kremenchug (Poltava Oblast), and Berikovo (Zakarpattia Oblast).

The amount of compensation depends on the settlement. Some details are in the photo上方▲. Others can be found on the websites of your city councils.

[Informant](https://t.me/+LV7tr2_vgu02NjAy) | [Subscribe](https://t.me/+LV7tr2_vgu02NjAy)",,,,,
1667,1667,8668,"⚡️**Россия может нанести новый удар по Украине, когда ударят морозы до -10 градусов

**Об этом [заявил ](https://www.youtube.com/watch?v=GHBEXtx8gmI)Подоляк. По его словам, враг **намерен ""жестко заморозить украинцев""** и ждет такой возможности, чтобы ""основной и чувствительный **удар пришёлся не на энергетику как таковую, а на отопление"".

**[Информатор](https://t.me/+LV7tr2_vgu02NjAy) | [Подписаться](https://t.me/+LV7tr2_vgu02NjAy)","⚡️**Russia may launch a new strike against Ukraine when temperatures drop to -10 degrees.

This was stated by Podolyak. According to him, the enemy intends to ""severely freeze the Ukrainians"" and is waiting for such an opportunity to ""deliver the main and sensitive blow not to energy infrastructure as such, but to heating.""**

**[Informer] | [Subscribe]**",,,,,
1668,1668,8669,"**Утро начинается с новостей о ядерке: США впервые за 30 лет представили новый стратегический бомбардировщик B-21 Raider, способный нести ядерное оружие и использовать маскировку, чтобы скрываться от самых современных систем ПВО**

Сигнал для РФ.

[Информатор](https://t.me/+LV7tr2_vgu02NjAy) | [Подписаться](https://t.me/+LV7tr2_vgu02NjAy)","The morning begins with news about the nuclear bomber: For the first time in 30 years, the US has presented a new strategic bomber, B-21 Raider, capable of carrying nuclear weapons and using camouflage to evade even the most advanced air defense systems.

Signal for Russia.

[Informant](https://t.me/+LV7tr2_vgu02NjAy) | [Subscribe](https://t.me/+LV7tr2_vgu02NjAy)",,,,,
1669,1669,8670,"**Ужасающие кадры из Бахмута. Благополучный город, где до начала полномасштабного вторжения жило более 70 тысяч человек, превратился в развалины

**Россия — страна-террорист, и должна ответить за все свои преступления.

[Информатор](https://t.me/+LV7tr2_vgu02NjAy) | [Подписаться](https://t.me/+LV7tr2_vgu02NjAy)","**Horrible scenes from Bakhmut. A once peaceful city, home to over 70,000 people before the full-scale invasion, has been reduced to ruins.

**Russia is a terrorist state and must be held accountable for all its crimes.

[Informer](https://t.me/+LV7tr2_vgu02NjAy) | [Subscribe](https://t.me/+LV7tr2_vgu02NjAy)",,,,,
1670,1670,8671,"**Зеленский в вечернем обращении сообщил, что из российского плена удалось освободить 1331 украинца

**Президент отметил, **что есть серьезное продвижение в вопросе трибунала для России, а также, не обошел вниманием последние события вокруг УПЦ**, назвав это борьбой за духовную независимость Украины.

[Информатор](https://t.me/+LV7tr2_vgu02NjAy) | [Подписаться](https://t.me/+LV7tr2_vgu02NjAy)","Zelensky in his evening address announced that 1,331 Ukrainians were freed from Russian captivity.

The president noted that there is significant progress regarding a tribunal for Russia, and also did not overlook the latest events surrounding the Ukrainian Orthodox Church, calling this a struggle for Ukraine's spiritual independence.

[Informer](https://t.me/+LV7tr2_vgu02NjAy) | [Subscribe](https://t.me/+LV7tr2_vgu02NjAy)",,,,,
1671,1671,8672,"**""Мы не привыкли, мы очень боимся"", —  в Донецке комментируют сегодняшние взрывы

**Так подождите, а кого ж тогда ""бомбили 8 лет""?🤔

[Информатор](https://t.me/+LV7tr2_vgu02NjAy) | [Подписаться](https://t.me/+LV7tr2_vgu02NjAy)","**""We are not used to it; we are very afraid,"" — residents in Donetsk comment on today's explosions.

**Wait a minute, then who were the ""explosions targeting for 8 years""?🤔**

[Informer](https://t.me/+LV7tr2_vgu02NjAy) | [Subscribe](https://t.me/+LV7tr2_vgu02NjAy)",,,,,
1672,1672,8673,"**Украинец позвонил в московскою парикмахерскую**, **чтобы пранкануть, но кое-что пошло не по** **плану** 😏

Видео смотрим до конца.

[Информатор](https://t.me/+LV7tr2_vgu02NjAy) | [Подписаться](https://t.me/+LV7tr2_vgu02NjAy)","A Ukrainian called a Moscow hair salon to prank them, but something didn't go according to plan 😏

Watch the video to the end.

[Informant](https://t.me/+LV7tr2_vgu02NjAy) | [Subscribe](https://t.me/+LV7tr2_vgu02NjAy)",,,,,
1673,1673,8674,"**В Казани взбунтовались чмобики**: **психанули и ушли из части

**Пишут, что им не понравилось, что подолгу не выпускали к родным и не давали увольнительные. На видео вояки, предположительно, покидают территорию учебной части.

Нежные какие, посмотрите, а как же Родина?😏

[Информатор](https://t.me/+LV7tr2_vgu02NjAy) | [Подписаться](https://t.me/+LV7tr2_vgu02NjAy)","**In Kazan, some conscripts rebelled**: **They went rogue and left their unit.

It's said that they didn't like being kept away from their families for long periods and not being given leave. In a video, soldiers, presumably, are seen leaving the training facility.

How sweet of them, look at them, but where's the Motherland? 😏

[Source](https://t.me/+LV7tr2_vgu02NjAy) | [Subscribe](https://t.me/+LV7tr2_vgu02NjAy)",,,,,
1674,1674,8675,"**На России начали раздавать повестки гражданам других стран, не имеющим российского паспорта

**Пишут, что в Челябинске вручили повестку беларусу, **хотя у него нет гражданства России.** **Повестки получили еще шесть работников** его бригады, **преимущественно граждане Узбекистана.** Беларус не явился в военкомат и за ним приехали с конвоем.

""Есть **указ Путина, согласно которому в военкомат вызывают даже не граждан России**"", — заявил бригадир предприятия.

Всем таджикам и узбекам на России приготовиться.

[Информатор](https://t.me/+LV7tr2_vgu02NjAy) | [Подписаться](https://t.me/+LV7tr2_vgu02NjAy)","**Russia is starting to serve summonses to citizens of other countries who do not have a Russian passport.**

They say that in Chelyabinsk, a Belarusian was served a summons, **even though he does not have Russian citizenship.** Six workers from his team also received summonses, mostly citizens of Uzbekistan. The Belarusian did not appear at the draft board, and he was picked up by a convoy.

""There is **an order from Putin according to which even non-citizens of Russia are called up to the draft board.**"" — the team leader stated.

All Tajiks and Uzbeks in Russia should prepare themselves.

[Source](https://t.me/+LV7tr2_vgu02NjAy) | [Subscribe](https://t.me/+LV7tr2_vgu02NjAy)",,,,,
1675,1675,8676,"**Грустная история о том, как Лукашенко хотел стать журналистом, но ему не разрешила теща**🤦🏻‍♂️

[Информатор](https://t.me/+LV7tr2_vgu02NjAy) | [Подписаться](https://t.me/+LV7tr2_vgu02NjAy)","**A Sad Story About How Lukashenko Wanted to Become a Journalist, But His Mother-in-Law Wouldn't Let Him** 🤦🏻‍♂️

[Informer](https://t.me/+LV7tr2_vgu02NjAy) | [Subscribe](https://t.me/+LV7tr2_vgu02NjAy)",,,,,
1676,1676,8677,"⚡️**Киево-Печерскую Лавру официально зарегистрировали монастырем в составе ПЦУ

**По крайней мере, об этом сообщил Евстратий Зоря. По его словам, сегодня соответственные данные были внесены в Единый государственный реестр, сообщает спикер ПЦУ Евстратий Заря.

Финальное решение о полной передачи лавры должен принять Кабмин.

[Информатор](https://t.me/+LV7tr2_vgu02NjAy) | [Подписаться](https://t.me/+LV7tr2_vgu02NjAy)","⚡️**Kiev Pechersk Lavra was officially registered as a monastery within the UOC-KP.

**At least this was reported by Evstratii Zorya. According to him, today the relevant data were entered into the Unified State Register, reports the spokesperson for the UOC-KP, Evstratii Zaria.

The final decision on the full transfer of the lavra should be made by the Cabinet of Ministers.

[Informer](https://t.me/+LV7tr2_vgu02NjAy) | [Subscribe](https://t.me/+LV7tr2_vgu02NjAy)",,,,,
1677,1677,8678,"**В ЕС пришли к компромиссу о введении потолка цен на российскую нефть в 60 долларов за баррель, — **[Reuters

](https://www.reuters.com/business/energy/eu-agrees-60-barrel-price-cap-russian-seaborne-oil-eu-diplomat-2022-12-01/)Напомним, русня обещала **не поставлять нефть в страны, которые введут ценовой потолок вне зависимости от цены**.

[Информатор](https://t.me/+LV7tr2_vgu02NjAy) | [Подписаться](https://t.me/+LV7tr2_vgu02NjAy)","The EU has reached an agreement on imposing a price cap of $60 per barrel on Russian oil. Russia had threatened not to supply oil to any country that implements the price cap, regardless of the price.

[Informer] | [Subscribe]",,,,,
1678,1678,8679,"Тем временем, в **Шахтерске Донецкой области, не слабая такая бавовна на нефтебазе😏

**[Информатор](https://t.me/+LV7tr2_vgu02NjAy) | [Подписаться](https://t.me/+LV7tr2_vgu02NjAy)","Meanwhile, in **Shahtersk in Donetsk Oblast, there's quite the stir at the oil depot 😏

[Informant](https://t.me/+LV7tr2_vgu02NjAy) | [Subscribe](https://t.me/+LV7tr2_vgu02NjAy)",,,,,
1679,1679,8680,"**СБУ снова в гостях у ~~ФСБ~~, попов УПЦ: в этот раз нашли  ""учения о сатанизме"", нацистскую символику** **и молитвы за ""русских солдат""

**Контрразведывательные (безопасные) мероприятия проводились на объектах УПЦ МП в Закарпатской, Ровенской и Житомирской областях.

Кроме того, в Свято-Николаевском мужском монастыре в Хустском районе Закарпатья найдена символика запрещенной партии ""ОПЗЖ"" и брошюры, в которых восхваляли российских захватчиков в войне против Украины. Также там хранились пропагандистские книги российских авторов, оправдывающие агрессию против Украины и призывающие присоединяться к рядам оккупантов.

[Информатор](https://t.me/+LV7tr2_vgu02NjAy) | [Подписаться](https://t.me/+LV7tr2_vgu02NjAy)","The SBU was back at the FSB again, or rather, the Ukrainian Orthodox Church (UOC): this time they found ""satanic exercises,"" Nazi symbols, and prayers for ""Russian soldiers.""

Counterintelligence (security) operations were conducted at UOC MP sites in Zakarpattia, Rovno, and Zhytomyr regions.

Moreover, at the Holy Nicholas Monastery in the Hust district of Zakarpattia, banned party symbols from ""OPZJH"" and brochures praising Russian invaders in the war against Ukraine were found. Propaganda books by Russian authors, justifying aggression against Ukraine and encouraging enlistment among occupiers, were also discovered there.

[Informant] (https://t.me/+LV7tr2_vgu02NjAy) | [Subscribe] (https://t.me/+LV7tr2_vgu02NjAy)",,,,,
1680,1680,8681,"**Яхту Медведчука стоимостью 200 млн долларов продадут на аукционе, а деньги передадут Украине, — The Guardian

**Это будет первая подобная продажа от имени народа Украины после того, как были введены ограничения на активы сотен олигархов после вторжения России.

[Информатор](https://t.me/+LV7tr2_vgu02NjAy) | [Подписаться](https://t.me/+LV7tr2_vgu02NjAy)","The yacht owned by Medvedchuk worth 200 million dollars will be sold at auction, and the money will be given to Ukraine, according to The Guardian.

This will be the first such sale on behalf of the people of Ukraine after assets of hundreds of oligarchs were frozen following Russia's invasion.

[Informant](https://t.me/+LV7tr2_vgu02NjAy) | [Subscribe](https://t.me/+LV7tr2_vgu02NjAy)",,,,,
1681,1681,8682,"**⚡️Украина получила от Испании первые системы ПВО Hawk, — **[**министр обороны**](https://twitter.com/oleksiireznikov/status/1598696930720116736)** Резников

**[Информатор](https://t.me/+LV7tr2_vgu02NjAy) | [Подписаться](https://t.me/+LV7tr2_vgu02NjAy)","**⚡️Ukraine has received its first Hawk air defense systems from Spain,** — Minister of Defense **Reznikov** said.

**[Source](https://t.me/+LV7tr2_vgu02NjAy) | [Subscribe](https://t.me/+LV7tr2_vgu02NjAy)**",,,,,
1682,1682,8683,"**Аналогов нет. Российские солдаты создали собственный HIMARS из уазика**🤡

[Информатор](https://t.me/+LV7tr2_vgu02NjAy) | [Подписаться](https://t.me/+LV7tr2_vgu02NjAy)","There are no analogs. Russian soldiers created their own HIMARS from a UAZ. 🤡

[Informant](https://t.me/+LV7tr2_vgu02NjAy) | [Subscribe](https://t.me/+LV7tr2_vgu02NjAy)",,,,,
1683,1683,8684,"**""Кот доброволец"": очередной ""социальный ролик"" от русни, мотивирующий записываться в добровольцы 🤡

**Герой сюжета —** кот, который пошёл на войну**,  был так патриотически настроен, что даже обоссал плакат ""нет войне"". А в  конце видео оказалось, что дело было в деньгах

Выходит, с мобилизацией у Гиркина таки проконало?🤔

[Информатор](https://t.me/+LV7tr2_vgu02NjAy) | [Подписаться](https://t.me/+LV7tr2_vgu02NjAy)","**""Cat Volunteer"": another ""social video"" from rusni, encouraging people to sign up as volunteers 🤡**

The hero of the story is a cat that went to war because it was so patriotic that it even peed on a ""no war"" poster. And at the end of the video, it turned out the reason was money.

So, did Girkin actually manage with the mobilization after all?🤔

[Informer](https://t.me/+LV7tr2_vgu02NjAy) | [Subscribe](https://t.me/+LV7tr2_vgu02NjAy)",,,,,
1684,1684,8685,"**Россияне хотят уйти из ЗАЭС в обмен на **[**бесперебойный транзит**](https://meduza.io/feature/2022/12/02/rossiyskie-voyska-mogut-uyti-s-zaporozhskoy-aes-utverzhdayut-istochniki-meduzy-blizkie-k-rukovodstvu-rf)** нефти и газа через Украину**, — россСМИ

Источники утверждают, что и в Кремле, и в правительстве ""**есть готовность к сделке"", так как ""качать и продавать нефть и газ очень важно для российского бюджета"".

**[Информатор](https://t.me/+LV7tr2_vgu02NjAy) | [Подписаться](https://t.me/+LV7tr2_vgu02NjAy)","Russians want to exit the Zaporizhzhia Nuclear Power Plant in exchange for **uninterrupted transit** of oil and gas through Ukraine, according to Russian media reports.

Sources claim that both the Kremlin and the government are ""ready for this deal"" because ""exporting and selling oil and gas is very important for the Russian budget.""

[Informant] | [Subscribe]",,,,,
1685,1685,8686,"**⚡️СНБО ввел санкции против почти 10 священнослужителей УПЦ МП. В частности, наместника Киево-Печерской Лавры **[**Паши-Мерседеса**](https://t.me/ukrinformator/29469)** и экснардепа Вадима Новинского, — **[**источники УП

**](https://www.pravda.com.ua/news/2022/12/2/7378984/)[Информатор](https://t.me/+LV7tr2_vgu02NjAy) | [Подписаться](https://t.me/+LV7tr2_vgu02NjAy)","**⚡️The National Security and Defense Council imposed sanctions on nearly 10 Ukrainian Orthodox Church of Moscow Patriarchate clergy members, including the Abbot of Kiev-Pechersk Lavra **[**Pasha-Mercedes**](https://t.me/ukrinformator/29469)** and ex-NMP deputy Vadim Novinsky. — **[**Sources at the UPA**

**](https://www.pravda.com.ua/news/2022/12/2/7378984/)[Informer](https://t.me/+LV7tr2_vgu02NjAy) | [Subscribe](https://t.me/+LV7tr2_vgu02NjAy)",,,,,
1686,1686,8687,"**⚡️Сильный взрыв в Днепре. Поднимается столб дыма

**В некоторых областях на востоке страны тревога.

**UPD: По** словам Филатова, **дым связан не со взрывом, а с работой металлургов - кокс охлаждали.** Совпало с тревогой.

[Информатор](https://t.me/+LV7tr2_vgu02NjAy) | [Подписаться](https://t.me/+LV7tr2_vgu02NjAy)","**⚡️A strong explosion in Dnipro. A column of smoke is rising.**

**In some eastern regions of the country, there is alarm.**

**UPDATE:** According to Filatov, the smoke is not from the explosion but from the work of metallurgists—coke was being cooled. The timing coincided with the alarm.

[Informer](https://t.me/+LV7tr2_vgu02NjAy) | [Subscribe](https://t.me/+LV7tr2_vgu02NjAy)",,,,,
1687,1687,8688,"**Россия якобы концентрирует войска в Беларуси, чтобы вскоре попытаться захватить Львов, Луцк и Киев**, — российский вояка, который сейчас находится в Гродно [рассказал об этом ""Новой газете""

](https://novayagazeta.eu/articles/2022/12/02/v-nastuplenie-na-grabli)Сообщается, что:
[▪️](https://t.me/+LV7tr2_vgu02NjAy)РФ к середине декабря **пригонит в Беларусь российских чмобиков (около 300 тысяч)**[;
▪️](https://t.me/+LV7tr2_vgu02NjAy)**попытается захватить Луцк и Львов**[,](https://t.me/+LV7tr2_vgu02NjAy) пройти вдоль украинской границы, отрезая пути западных поставок вооружений;
[▪️](https://t.me/+LV7tr2_vgu02NjAy)**второй удар хотят направить на Киев**[.](https://t.me/+LV7tr2_vgu02NjAy) Параллельно планируется **прорыв через Бахмут** на Славянск и Краматорск. Это **якобы вынудит Зеленского к капитуляции.

**В то же время, российских вояка констатирует, что **украинцы хорошо подготовились к защите и этот удар будет самоубийством:** ""Тысячи положим сразу[. ](https://t.me/+LV7tr2_vgu02NjAy)**Ни до Киева, ни до Ковеля мы не дойдем. Путину явно впаривают этот план как очередной блицкриг**"".

Отметим, что в ГУР [заявляют](https://t.me/DIUkraine/1706)[,](https://t.me/+LV7tr2_vgu02NjAy) что на сегодняшний день **признаков создания мощной ударной группировки на территории Беларуси нет.

**[Информатор](https://t.me/+LV7tr2_vgu02NjAy) | [Подписаться](https://t.me/+LV7tr2_vgu02NjAy)","**Russia allegedly concentrates troops in Belarus to soon attempt to seize Lviv, Lutsk, and Kyiv**, according to a Russian soldier currently in Grodno, who told Novaya Gazeta.

It is reported that:
- By mid-December, Russia will reportedly mobilize around 300,000 Russian troops in Belarus.
- They plan to try to capture Lutsk and Lviv, advance along the Ukrainian border, cutting off Western supply routes.
- A second strike aims at Kyiv. Meanwhile, a breakthrough through Bachmut to Slovyansk and Kramatorsk is planned.
- This is allegedly meant to force Zelensky to capitulate.

However, Russian soldiers note that Ukrainians are well-prepared for defense, making this an act of suicide: ""We'll lose thousands right away. We won't get to Kyiv or Koiv. Clearly, Putin is being sold this plan as another blitzkrieg.""

The GRU [claims](https://t.me/DIUkraine/1706) there are no signs of a powerful striking force being created on Belarusian territory at present.",,,,,
1688,1688,8689,"**⚡️Новый ракетный удар может быть очень массированным, — спикер ОК ""Юг"" Гуменюк

**В то же время, она призвала украинцев не жить ожиданием обстрела и подчеркнула, что **нужно подготовиться к тому, что последствия массированного удара будут долговременными**.

[Информатор](https://t.me/+LV7tr2_vgu02NjAy) | [Подписаться](https://t.me/+LV7tr2_vgu02NjAy)","**⚡️A new rocket strike could be very extensive, — Gumenyuk, the spokesperson for OK ""South,"" said.

At the same time, she urged Ukrainians not to live in anticipation of an attack and emphasized that **the consequences of a massed strike will need to be prepared for over the long term**.

[Informer](https://t.me/+LV7tr2_vgu02NjAy) | [Subscribe](https://t.me/+LV7tr2_vgu02NjAy)",,,,,
1689,1689,8690,"**Хорошие новости: руководители Облэнерго будут нести ответственность за несправедливое отключение украинцев от электричества или несоблюдение графиков

**В Минэнерго [сообщили](https://www.mev.gov.ua/novyna/kerivnyky-osr-nestymut-personalnu-vidpovidalnist-za-nedotrymannya-hrafikiv-vidklyuchennya), что в последнее время от потребителей **поступает множество жалоб на несправедливые отключения** (больше всего из Киева и области, Полтавы и Львова). А так как при отключении электроэнергии ОСР должен сделать так, чтобы **все потребители находились в равных условиях, то руководители компаний будут нести персональную ответственность** за то, что у соседа свет отключали на 2 часа, а у вас на 6.

[Информатор](https://t.me/+LV7tr2_vgu02NjAy) | [Подписаться](https://t.me/+LV7tr2_vgu02NjAy)","**Good News: Managers of Oblenergo Will Bear Personal Responsibility for Unfair Power Cuts or Violations of Disconnection Schedules**

**In the Ministry of Energy [they announced](https://www.mev.gov.ua/novyna/kerivnyky-osr-nestymut-personalnu-vidpovidalnist-za-nedotrymannya-hrafikiv-vidklyuchennya) that recently, there have been numerous complaints from consumers about unfair power cuts (most from Kyiv and its region, Poltava, and Lviv). Since the OSR must ensure that all consumers are treated equally during disconnections, the company managers will bear personal responsibility for ensuring that neighbors are not cut off for 2 hours while you are cut off for 6.**

[Source](https://t.me/+LV7tr2_vgu02NjAy) | [Subscribe](https://t.me/+LV7tr2_vgu02NjAy)",,,,,
1690,1690,8691,"**Шок. Оккупанты украли гуся-нациста из украинской биолаборатории

**[Информатор](https://t.me/+LV7tr2_vgu02NjAy) | [Подписаться](https://t.me/+LV7tr2_vgu02NjAy)","**Shock. Occupiers stole a Nazi goose from a Ukrainian biolaboratory.

**[Informer](https://t.me/+LV7tr2_vgu02NjAy) | [Subscribe](https://t.me/+LV7tr2_vgu02NjAy)",,,,,
1691,1691,8692,"**Россия планировала захватить Украину за 10 дней, 
а затем оккупировать страну и осуществить аннексию до августа 2022 года**, **но план провалился из-за чрезмерной секретности и низкой подготовки оккупантов**, —[ исследование](https://static.rusi.org/359-SR-Ukraine-Preliminary-Lessons-Feb-July-2022-web-final.pdf) британского Королевского института объединенных сил

Клоуны всерьёз думали, что возьмут Киев за 3 дня, а Украину за 10. Но, что-то пошло не так🤡

[Информатор](https://t.me/+LV7tr2_vgu02NjAy) | [Подписаться](https://t.me/+LV7tr2_vgu02NjAy)","**Russia planned to conquer Ukraine in 10 days and then occupy the country and annex it by August 2022, but the plan failed due to excessive secrecy and poor preparation of the occupiers**, —a study by the British Royal United Services Institute.

Clowns seriously thought they could take Kyiv in 3 days and Ukraine in 10. But something didn't go as planned 🤡

[Informer](https://t.me/+LV7tr2_vgu02NjAy) | [Subscribe](https://t.me/+LV7tr2_vgu02NjAy)",,,,,
1692,1692,8693,"**Зеленский ввел в действие **[**решение СНБО**](https://t.me/insiderUKR/46570)** по ограничительным мерам и санкциям против Украинской православной церкви

**К слову, сейчас СБУ проводит обыски в монастырях УПЦ МП в Житомирской, Ровенской и Закарпатской областях.

[Информатор](https://t.me/+LV7tr2_vgu02NjAy) | [Подписаться](https://t.me/+LV7tr2_vgu02NjAy)","**Zelensky implemented the **[**decision of the SNBOD**](https://t.me/insiderUKR/46570)** regarding restrictive measures and sanctions against the Ukrainian Orthodox Church.

**By the way, the SBU is currently conducting searches in monasteries of the UOC MP in the Zhytomyr, Rivne, and Zakarpattia regions.

[Source](https://t.me/+LV7tr2_vgu02NjAy) | [Subscribe](https://t.me/+LV7tr2_vgu02NjAy)",,,,,
1693,1693,8694,"**Коротко о российской «оппозиции»**: телеканал ""Дождь"", который переехал в Ригу, помогает российским оккупантам **с оснащением**, чтобы тем было комфортнее убивать украинцев🤷🏻‍♂️

**UPD: телеканал удалил запись, **заявил, что не помогает оккупантам на фронте и извинился перед зрителями.

**UPD2: ведущего уволили.

**[Информатор](https://t.me/+LV7tr2_vgu02NjAy) | [Подписаться](https://t.me/+LV7tr2_vgu02NjAy)","**Briefly about the Russian ""opposition"":** The TV channel ""Rain,"" which moved to Riga, assists Russian occupiers in **providing equipment**, making it more comfortable for them to kill Ukrainians 🤷🏻‍♂️

**UPDATE: The channel deleted the post, stating that it does not assist occupiers on the front line and apologized to viewers.**

**UPDATE 2: The host was fired.**

**[Informer](https://t.me/+LV7tr2_vgu02NjAy) | [Subscribe](https://t.me/+LV7tr2_vgu02NjAy)**",,,,,
1694,1694,8695,"**Хорошие новости: на тот свет ВСУ отправили уже более 90 тысяч оккупантов 🥳**

[Информатор](https://t.me/+LV7tr2_vgu02NjAy) | [Подписаться](https://t.me/+LV7tr2_vgu02NjAy)","**Good news: Over 90,000 occupiers have already been sent to the afterlife by the Ukrainian military 🥳**

[Informant](https://t.me/+LV7tr2_vgu02NjAy) | [Subscribe](https://t.me/+LV7tr2_vgu02NjAy)",,,,,
1695,1695,8696,"**Начинаем день с кринжа: американский рэпер Канье Уэст вчера признался в любви к Гитлеру и нацистам, а также в том, что он ""пропутинский и пророссийский""
**
Сразу после скандального эфира Уэст опубликовал несколько твитов - и среди них изображение свастики, слитой со звездой Давида. Страничку рэпера уже заблокировали, но слова из песни не выкинешь.

[Информатор](https://t.me/+LV7tr2_vgu02NjAy) | [Подписаться](https://t.me/+LV7tr2_vgu02NjAy)","We start the day with a cringe moment: American rapper Kanye West admitted yesterday to loving Hitler and the Nazis, as well as being pro-Putin and pro-Russian. 

Immediately after the controversial broadcast, West posted several tweets, including an image of a swastika merged with a Star of David. While the rapper's account has been blocked, the lyrics from his song remain.

[Informer](https://t.me/+LV7tr2_vgu02NjAy) | [Subscribe](https://t.me/+LV7tr2_vgu02NjAy)",,,,,
1696,1696,8697,"**Ничего необычного, просто трансляция Чемпионата мира в Китае

**Из-за жестких ковидных ограничений на стрим наложен фильтр, который **добавляет маску на каждое лицо в кадре, чтобы китайцы думали, что масочный режим действует по всему миру.

**Пропаганда высшего уровня.

[Информатор](https://t.me/+LV7tr2_vgu02NjAy) | [Подписаться](https://t.me/+LV7tr2_vgu02NjAy)","**Nothing unusual, just the World Cup broadcast in China.

**Due to strict COVID restrictions, the stream has a filter that adds a mask to every face in the frame, so the Chinese think that mask-wearing is mandatory worldwide.

**Top-level propaganda.

[Informant](https://t.me/+LV7tr2_vgu02NjAy) | [Subscribe](https://t.me/+LV7tr2_vgu02NjAy)",,,,,
1697,1697,8698,"**⚡️За УПЦ МП взялись по полной

**Зеленский в вечернем обращении заявил, что:
▪️СНБО **внесёт законопроект о ""невозможности деятельности в Украине аффилированных с центрами влияния в Российской Федерации религиозных организаций""**;
▪️будет проведена **религиоведческая экспертиза Устава об управлении УПЦ** на наличие церковно-канонической связи с Московским патриархатом;
▪️проведут проверку касательно и**спользования имущества, которое находится на территории Национального Киево-Печерского историко-культурного заповедника**;
▪️активизируют меры по выявлению и противодействию подрывной деятельности российских спецслужб в религиозной среде Украины. **И применят персональные санкции – фамилии будут обнародованы вскоре.

**[Информатор](https://t.me/+LV7tr2_vgu02NjAy) | [Подписаться](https://t.me/+LV7tr2_vgu02NjAy)","**⚡️The Ukrainian Orthodox Church of the Moscow Patriarchate (UOC-MP) is facing full-scale action**

In his evening address, Zelensky stated that:
▪️The National Security and Defense Council will **submit a bill prohibiting religious organizations affiliated with centers of influence in the Russian Federation from operating in Ukraine**;
▪️A religious studies expert review of the UOC-MP's charter will be conducted to check for canonical ties to the Moscow Patriarchate;
▪️An investigation will be carried out regarding the **use of property located within the National Kyiv-Mohyla Historical-Cultural Reserve**;
▪️Measures will be intensified to identify and counteract subversive activities by Russian intelligence services in Ukraine's religious sphere. **Personal sanctions will also be applied—names will be made public soon.**

**[Source](https://t.me/+LV7tr2_vgu02NjAy) | [Subscribe](https://t.me/+LV7tr2_vgu02NjAy)**",,,,,
1698,1698,8699,"**Потери ВСУ составляют около 13 тысяч военных

**Об этом заявил советник главы ОП Михаил Подоляк. Он сообщил, что по официальным оценкам Генерального штаба** количество погибших составляет от 10 до 12,5-13 тысяч. 

**""Да, у нас больше потерь из-за ранений"". 

[Информатор](https://t.me/+LV7tr2_vgu02NjAy) | [Подписаться](https://t.me/+LV7tr2_vgu02NjAy)","**The losses of the Ukrainian Armed Forces amount to about 13,000 military personnel.

This was stated by Oleksiy Apatanovych, advisor to the head of the Office of the President. He reported that according to official estimates from the General Staff, the number of casualties ranges from 10,000 to 12,500 to 13,000.

""Yes, we have more casualties due to injuries.""

[Informer](https://t.me/+LV7tr2_vgu02NjAy) | [Subscribe](https://t.me/+LV7tr2_vgu02NjAy)",,,,,
1699,1699,8700,"**Байден заявил, что готов сесть за стол переговоров с Путиным, если тот решит закончить войну в Украине

**[Информатор](https://t.me/+LV7tr2_vgu02NjAy) | [Подписаться](https://t.me/+LV7tr2_vgu02NjAy)","Biden stated that he is ready to sit at the negotiating table with Putin if he decides to end the war in Ukraine.

[Informer](https://t.me/+LV7tr2_vgu02NjAy) | [Subscribe](https://t.me/+LV7tr2_vgu02NjAy)",,,,,
2000,2000,9001,[Информатор](https://t.me/+LV7tr2_vgu02NjAy) | [Подписаться](https://t.me/+LV7tr2_vgu02NjAy),[Informant](https://t.me/+LV7tr2_vgu02NjAy) | [Subscribe](https://t.me/+LV7tr2_vgu02NjAy),,,,,
2001,2001,9002,"**Ничего необычного, просто руснявый раненый мобик из Подмосковья прячется под кроватью в одном из украинских домов

**А где ""сослуживцы""? Своих не бросаем?🤔


[Информатор](https://t.me/+LV7tr2_vgu02NjAy) | [Подписаться](https://t.me/+LV7tr2_vgu02NjAy)","**Nothing unusual, just an injured Russian mobster from Moscow hiding under a bed in one of the Ukrainian houses.

Where are his comrades? Don't we abandon our own?🤔


[Informer](https://t.me/+LV7tr2_vgu02NjAy) | [Subscribe](https://t.me/+LV7tr2_vgu02NjAy)",,,,,
2002,2002,9003,"**Более $20 млрд военной помощи США предоставили Украине за время полномасштабной войны, и будут помогать, сколько это будет нужно  —** министр обороны США Ллойд Остин

[Информатор](https://t.me/+LV7tr2_vgu02NjAy) | [Подписаться](https://t.me/+LV7tr2_vgu02NjAy)","The United States has provided over $20 billion in military assistance to Ukraine during the full-scale war, and will continue to help as long as it is needed — U.S. Secretary of Defense Lloyd Austin

[Informant](https://t.me/+LV7tr2_vgu02NjAy) | [Subscribe](https://t.me/+LV7tr2_vgu02NjAy)",,,,,
2003,2003,9004,"""**Мы все преодолеем. Пересилим. Переживем. Победим"", — Зеленский обратился к украинцам послучаю Дня Достоинства и Свободы

**""В День Достоинства и Свободы соберемся на Майдане. Там, где  всегда защищали достоинство и свободу. На граните, на баррикадах во время Оранжевой революции и Революции Достоинства. Там, где мы отметили 30-летие независимости Украины**. И там, где мы отметим День Победы**. В мирном Киеве, в мирной Украине, я скажу о важном. О главном. То, что осталось неизменным. И останется неизменным. Слава Украине!""

[Информатор](https://t.me/+LV7tr2_vgu02NjAy) | [Подписаться](https://t.me/+LV7tr2_vgu02NjAy)","""**We will all overcome. We will prevail. We will survive. We will win**, — Zelensky addressed the Ukrainians on the Day of Dignity and Freedom.

**On the Day of Dignity and Freedom, we will gather at Maidan. Where we always defended dignity and freedom. At the granite monuments and barricades during the Orange Revolution and the Revolution of Dignity. Where we celebrated Ukraine's 30th anniversary of independence. And where we will celebrate Victory Day. In peaceful Kyiv, in peaceful Ukraine, I will speak about what remains unchanged and will remain unchanged. Glory to Ukraine!""

[Informer](https://t.me/+LV7tr2_vgu02NjAy) | [Subscribe](https://t.me/+LV7tr2_vgu02NjAy)",,,,,
2004,2004,9005,"**Блекаут в Украине возможен, но не обязательно, что он случится в этом сезоне, — глава Укрэнерго

**Он подчеркнул [в эфире телемарафона](https://www.youtube.com/watch?v=WY8sDvZdWEA), что даже полное отключение от электроэнергии на время не нужно считать ""концом света.""

Украинские специалисты обучены, и знают как действовать в случае блекаута, чтобы как можно быстрее все восстановить.

[Информатор](https://t.me/+LV7tr2_vgu02NjAy) | [Подписаться](https://t.me/+LV7tr2_vgu02NjAy)","**A blackout in Ukraine is possible, but it's not certain that it will happen this season, — the head of Ukrenergo said.

He emphasized during an online broadcast that even a complete power outage should not be considered ""the end of the world."" Ukrainian specialists are trained and know how to act in case of a blackout to restore everything as quickly as possible.

[Informant] | [Subscribe]",,,,,
2005,2005,9006,"**С 24 февраля** **Россия потеряла в Украине минимум 8044 единицы техники 

**Как сообщает нидерландский[ сайт Oryx](https://www.oryxspioenkop.com/2022/02/attack-on-europe-documenting-equipment.html?m=1), **4927 единиц  было уничтожено, 198 повреждено, 300 брошено и 2619 захвачено.

**Это предварительные данные, которые удалось установить по имеющимся фото.
 
[Информатор](https://t.me/+LV7tr2_vgu02NjAy) | [Подписаться](https://t.me/+LV7tr2_vgu02NjAy)","Since February 24, Russia has lost at least 8,044 units of military equipment in Ukraine.

According to the Dutch website Oryx, 4,927 units were destroyed, 198 were damaged, 300 were abandoned, and 2,619 were captured.

These are preliminary data confirmed by available photos.

[Informant] | [Subscribe]",,,,,
2006,2006,9007,"**Подоляк предложил россиянам пройти простой IQ тест и выполнить всего несколько пунктов, чтобы Украина села за стол переговоров** 

▪️ Прекратите обстреливать суверенное государство;
▪️ Выведите войска с территории суверенного государства;
▪️ Вернитесь к международному праву, где обозначены границы государств.

Ничего сложного, русачки.

[Информатор](https://t.me/+LV7tr2_vgu02NjAy) | [Подписаться](https://t.me/+LV7tr2_vgu02NjAy)","**Podyak suggested Russians take a simple IQ test and do just a few things so Ukraine can sit at the negotiating table:**

- Stop shelling the sovereign state;
- Withdraw troops from the sovereign state's territory;
- Return to international law, which defines the borders of states.

Nothing complicated, Russians.

[Informer](https://t.me/+LV7tr2_vgu02NjAy) | [Subscribe](https://t.me/+LV7tr2_vgu02NjAy)",,,,,
2007,2007,9008,"**Удалось улучшить ситуацию в части регионов, где еще вчера были критические проблемы со светом, — Зеленский

**Также президент отметил, что самые тяжелые бои продолжаются в Донецкой и Луганской областях, но есть продвижение вперед.

[Информатор](https://t.me/+LV7tr2_vgu02NjAy) | [Подписаться](https://t.me/+LV7tr2_vgu02NjAy)","**Improvement was achieved in regions where power outages were critical just yesterday, — Zelensky said.

**The president also noted that the heaviest fighting continues in Donetsk and Luhansk oblasts, but there is some advancement.**

[Informer](https://t.me/+LV7tr2_vgu02NjAy) | [Subscribe](https://t.me/+LV7tr2_vgu02NjAy)",,,,,
2008,2008,9009,"**В Минобороны Украины тонко намекнули, когда можно будет позагорать в Крыму😏

**Спойлер — в январе.

[Информатор](https://t.me/+LV7tr2_vgu02NjAy) | [Подписаться](https://t.me/+LV7tr2_vgu02NjAy)","**The Ukrainian Ministry of Defense subtly hinted when one can start sunbathing in Crimea😏

**Spoiler — in January.

[Informer](https://t.me/+LV7tr2_vgu02NjAy) | [Subscribe](https://t.me/+LV7tr2_vgu02NjAy)",,,,,
2009,2009,9010,"**⚡️Россия выпустила по Украине более 4700 ракет за 270 дней полномасштабной войны**, – Зеленский

[Информатор](https://t.me/+LV7tr2_vgu02NjAy) | [Подписаться](https://t.me/+LV7tr2_vgu02NjAy)","**⚡️Russia has fired over 4700 missiles at Ukraine in 270 days of the full-scale war**, – Zelensky

[Source](https://t.me/+LV7tr2_vgu02NjAy) | [Subscribe](https://t.me/+LV7tr2_vgu02NjAy)",,,,,
2010,2010,9011,"**Патрон стал первой в истории собакой, получившей титул ""Пса доброй воли"" от UNICEF Ukraine

**[Информатор](https://t.me/+LV7tr2_vgu02NjAy) | [Подписаться](https://t.me/+LV7tr2_vgu02NjAy)","The patron became the first dog in history to receive the title of ""Goodwill Dog"" from UNICEF Ukraine.

[Informant](https://t.me/+LV7tr2_vgu02NjAy) | [Subscribe](https://t.me/+LV7tr2_vgu02NjAy)",,,,,
2011,2011,9012,"**В российских СМИ опять error. Внимательнее методички нужно изучать🤷🏻‍♂️**

[Информатор](https://t.me/+LV7tr2_vgu02NjAy) | [Подписаться](https://t.me/+LV7tr2_vgu02NjAy)","There's another error in Russian media. You should study the instructions more carefully 🤷🏻‍♂️

[Informant](https://t.me/+LV7tr2_vgu02NjAy) | [Subscribe](https://t.me/+LV7tr2_vgu02NjAy)",,,,,
2012,2012,9013,"**Путина** [**готовятся защищать**](https://theins.ru/politika/257090)** от госпереворота: подключили священников и гипнотизеров 🤡 

**Генерали ФСО РФ боятся, что против кремлевских властей будут использованы СМИ, соцсети, религиозные организации и даже гипноз.

[Информатор](https://t.me/+LV7tr2_vgu02NjAy) | [Подписаться](https://t.me/+LV7tr2_vgu02NjAy)","**Putin is being prepared to defend against a coup:** priests and hypnotists have been brought in 🤡

The FSO General fears that the Kremlin authorities will be targeted by media, social networks, religious organizations, and even hypnosis.

[Informer] (https://t.me/+LV7tr2_vgu02NjAy) | [Subscribe] (https://t.me/+LV7tr2_vgu02NjAy)",,,,,
2013,2013,9014,"**На России начали показательно арестовывать мобиков**,  **отказывающихся умереть** **за Путина с ржавым автоматом в руках 

**Но, если ты россиянин, то от судьбы не уйдешь: тюрьма-""Вагнер""-фронт-смерть🤡

[Информатор](https://t.me/+LV7tr2_vgu02NjAy) | [Подписаться](https://t.me/+LV7tr2_vgu02NjAy)","**They are publicly arresting pro-Putin mobile phones refusing to die for him with a rusted automatic rifle.**

**But if you're a Russian, you can't escape your fate: prison-Vagner-front-death 🤡**

[Informer](https://t.me/+LV7tr2_vgu02NjAy) | [Subscribe](https://t.me/+LV7tr2_vgu02NjAy)",,,,,
2014,2014,9015,"**Чмоня из Новосибирска просит правительство России обменять его из плена на (!) **[**херсонского енота**](https://t.me/ukrinformator/29321)🤔

[Информатор](https://t.me/+LV7tr2_vgu02NjAy) | [Подписаться](https://t.me/+LV7tr2_vgu02NjAy)","Chmonya from Novosibirsk is asking the Russian government to exchange him from captivity for (a赫尔松hamster)[https://t.me/ukrinformator/29321]🤔

[Informator](https://t.me/+LV7tr2_vgu02NjAy) | [Subscribe](https://t.me/+LV7tr2_vgu02NjAy)",,,,,
2015,2015,9016,"**Пожар в центре Москвы. Пишут, что полыхает** **склад в районе Комсомольской площади

**Причина, а так же что было на складе пока не известно, но местные пишут, о едком запахе серы рядом с местом пожара.

Красиво горит.

[Информатор](https://t.me/+LV7tr2_vgu02NjAy) | [Подписаться](https://t.me/+LV7tr2_vgu02NjAy)","**Fire in the center of Moscow. Reports say a warehouse in the Komсomol'skaya Square area is burning.**

The cause and what was stored in the warehouse is unknown, but locals report a pungent sulfur smell near the fire site.

It's burning beautifully.

[Source](https://t.me/+LV7tr2_vgu02NjAy) | [Subscribe](https://t.me/+LV7tr2_vgu02NjAy)",,,,,
2016,2016,9017,"**Подоляк **[перечислил ](https://www.france24.com/en/live-news/20221120-negotiating-with-moscow-would-be-capitulation-ukraine-presidency)**оружие, которое нужно** У**краине для победы в войне

**По его словам, нам нужно:
▪️150-200 танков;
▪️около 300 единиц бронетехники;
▪️100 артиллерийских систем;
▪️50-70 реактивных систем залпового огня, включая американские HIMARS; 
▪️10-15 противоракетных систем;
▪️американские ракеты ATACMS, имеющие дальность действия до 300 километров.

[Информатор](https://t.me/+LV7tr2_vgu02NjAy) | [Подписаться](https://t.me/+LV7tr2_vgu02NjAy)","**Podyalyak listed the weapons Ukraine needs for victory in the war:**

**According to him, we need:**
- 150-200 tanks;
- around 300 pieces of armored vehicles;
- 100 artillery systems;
- 50-70 multiple launch rocket systems, including American HIMARS;
- 10-15 anti-rocket systems;
- American ATACMS missiles with a range of up to 300 kilometers.

[Source](https://t.me/+LV7tr2_vgu02NjAy) | [Subscribe](https://t.me/+LV7tr2_vgu02NjAy)",,,,,
2017,2017,9018,"**Дядя, а вы этих козлов выгнали? – спрашивает где-то на Херсонщине малыш у украинского Защитника

**Ради этого стоит жить, бороться и воевать. 

[Информатор](https://t.me/+LV7tr2_vgu02NjAy) | [Подписаться](https://t.me/+LV7tr2_vgu02NjAy)","**Uncle, did you kick those jerks out? – asks a child somewhere in Kherson Oblast to the Ukrainian Defender.**

**For this, it's worth living, fighting, and fighting.**

[Informant](https://t.me/+LV7tr2_vgu02NjAy) | [Subscribe](https://t.me/+LV7tr2_vgu02NjAy)",,,,,
2018,2018,9019,"**Пропаганда выходит на новый уровень: российский телеканал ""Муз-ТВ"" заглушил слова ""мир"" и ""война"" во время исполнения песни 2004 года

**""Мы голосуем за мир, Но снова в моде война"", — именно эту строчку российские рабы так и не услышали.

[Информатор](https://t.me/+LV7tr2_vgu02NjAy) | [Подписаться](https://t.me/+LV7tr2_vgu02NjAy)","**Propaganda is reaching a new level: the Russian TV channel 'Muz-TV' muted the words ""peace"" and ""war"" during the performance of a 2004 song.**

""The song says, 'We vote for peace, but war is back in style,'—and Russian citizens didn't hear that line.""

[Informant](https://t.me/+LV7tr2_vgu02NjAy) | [Subscribe](https://t.me/+LV7tr2_vgu02NjAy)",,,,,
2019,2019,9020,"**Окрестности Бахмута сейчас выглядят так: повсюду валяются трупы оккупантов

**Ежедневно русня пытается штурмовать позиции ВСУ и наши бойцы превращают это мясо в удобрения.

[Информатор](https://t.me/+LV7tr2_vgu02NjAy) | [Подписаться](https://t.me/+LV7tr2_vgu02NjAy)","The areas around Bachmut now look like this: corpses of occupiers lie everywhere. 

Every day, the Russians attempt to storm the positions of the Ukrainian Armed Forces, and our soldiers turn this meat into fertilizer.

[Source](https://t.me/+LV7tr2_vgu02NjAy) | [Subscribe](https://t.me/+LV7tr2_vgu02NjAy)",,,,,
2020,2020,9021,"**⚡️Россия тайно перевезла из Беларуси в РФ около 100 ракет противовоздушной обороны, чтобы начать новую масштабную атаку против Украины, — **[**Daily Mail**](https://www.dailymail.co.uk/news/article-11444679/Russia-secretly-moves-100-missiles-Belarus.html)** со ссылкой на аналитиков

**Сообщается, что **перемещение ракет С-300 и С-400 является**:
▪️либо признаком того, что Россия принимает меры предосторожности против потенциального украинского удара в ответ на недавние удары Москвы;
▪️либо признаком еще большего злодеяния — **применения грязной бомбы.

**[Информатор](https://t.me/+LV7tr2_vgu02NjAy) | [Подписаться](https://t.me/+LV7tr2_vgu02NjAy)","**⚡️Russia secretly transported about 100 anti-aircraft missiles from Belarus to Russia in order to launch a new large-scale attack on Ukraine, according to the Daily Mail, citing analysts.**

**It is reported that the movement of S-300 and S-400 missiles is:**
- either a sign that Russia is taking precautions against a potential Ukrainian counterstrike in response to recent Moscow strikes;
- or a sign of an even more sinister act—using dirty bombs.

**[Source](https://t.me/+LV7tr2_vgu02NjAy) | [Subscribe](https://t.me/+LV7tr2_vgu02NjAy)**",,,,,
2021,2021,9022,"[**Прогнозы**](https://t.me/ukrinformator/29380)** о возвращении Крыма в декабре и победе этой весной ""звучат как мечта"". Нужно быть более реалистичными, — глава ОП Ермак

**И Донбасс, и Крым, и всё вернём, но чуть позже, чем [заявил](https://t.me/ukrinformator/29380) замминистра обороны Гаврилов.

[Информатор](https://t.me/+LV7tr2_vgu02NjAy) | [Подписаться](https://t.me/+LV7tr2_vgu02NjAy)","The forecasts of the return of Crimea in December and victory in Donbas this spring ""sound like a dream."" We need to be more realistic, — Oleksiy Chernyshenko (Ermak), head of the President's Office.

We will get back Donbas, Crimea, and everything, but later than [announced](https://t.me/ukrinformator/29380) by Deputy Minister of Defense Gavrilov.

[Informer](https://t.me/+LV7tr2_vgu02NjAy) | [Subscribe](https://t.me/+LV7tr2_vgu02NjAy)",,,,,
2022,2022,9023,"**Оккупанты показали краденного херсонского енота и заявили, что не вернут его

**Правда признали, что по ночам пушисты проводит диверсии среди русни😏

[Информатор](https://t.me/+LV7tr2_vgu02NjAy) | [Подписаться](https://t.me/+LV7tr2_vgu02NjAy)","**The occupiers showed a stolen赫尔松松鼠 and claimed they won't return it.

**Pravda admitted that fluffy ones conduct diversions among russians at night 😏

[Informer](https://t.me/+LV7tr2_vgu02NjAy) | [Subscribe](https://t.me/+LV7tr2_vgu02NjAy)",,,,,
2023,2023,9024,"**❗️Воздушная тревога по всей Украине кроме Крыма. В Беларуси взлетел МиГ-31К** **носитель «Кинжалов». Возможны пуски ракет**

[Информатор](https://t.me/+LV7tr2_vgu02NjAy) | [Подписаться](https://t.me/+LV7tr2_vgu02NjAy)","**❗️Air raid alert across Ukraine except Crimea. A MiG-31K carrying Khinzhin missiles took off in Belarus. Missile launches possible.**

[Source](https://t.me/+LV7tr2_vgu02NjAy) | [Subscribe](https://t.me/+LV7tr2_vgu02NjAy)",,,,,
2024,2024,9025,"**Турция нанесла воздушный удар в рамках операции ""Коготь-меч"" по базам курдской вооруженной организации YPG в Ираке и Сирии

**В МО Турции [заявили](https://www.aa.com.tr/en/middle-east/turkiye-conducts-air-operation-against-pkk-ypg-terror-targets-in-northern-syria-northern-iraq/2743027), что операция проводилась в соответствии с правом на самооборону, вытекающим из статьи 51 Устава ООН(самооборона).

[Информатор](https://t.me/+LV7tr2_vgu02NjAy) | [Подписаться](https://t.me/+LV7tr2_vgu02NjAy)","**Turkey conducted an aerial strike as part of the ""Spear Claw"" operation against bases of the Kurdish armed organization YPG in Iraq and Syria.**

**The Turkish Ministry of Defense [announced](https://www.aa.com.tr/en/middle-east/turkiye-conducts-air-operation-against-pkk-ypg-terror-targets-in-northern-syria-northern-iraq/2743027) that the operation was carried out in accordance with the right of self-defense under Article 51 of the UN Charter (self-defense).**

[Source](https://t.me/+LV7tr2_vgu02NjAy) | [Subscribe](https://t.me/+LV7tr2_vgu02NjAy)",,,,,
2025,2025,9026,"**Сегодня в Украине не прогнозируются аварийные отключения с 8:00 до 24:00 — **[Укрэнерго](https://t.me/Ukrenergo/1708)** **

Заявляется, что будут только плановые отключения.

[Информатор](https://t.me/+LV7tr2_vgu02NjAy) | [Подписаться](https://t.me/+LV7tr2_vgu02NjAy)","Today in Ukraine, no emergency power outages are forecasted from 8:00 to 24:00 — [Ukrenergo](https://t.me/Ukrenergo/1708). It is stated that only scheduled outages will occur.

[Informer](https://t.me/+LV7tr2_vgu02NjAy) | [Subscribe](https://t.me/+LV7tr2_vgu02NjAy)",,,,,
2026,2026,9027,"**⚡️Украина начала разработку совместной декларации об украинском воздушном щите вместе с союзниками, — **[**глава ОП Ермак

**](https://www.president.gov.ua/news/ukrayina-razom-iz-soyuznikami-rozpochala-rozrobku-spilnoyi-d-79289)""Поскольку российские удары очевидно будут продолжаться, **Украине крайне необходима эффективная противоракетная оборона. Очень оперативно, до наступления зимы**. Мы хотим **построить комплексную многоуровневую систему противовоздушной и противоракетной обороны Украины**. И это будет вкладом в общую авиационную безопасность всего Европейского континента"", — заявил он.

[Информатор](https://t.me/+LV7tr2_vgu02NjAy) | [Подписаться](https://t.me/+LV7tr2_vgu02NjAy)","**⚡️Ukraine has begun developing a joint declaration on the Ukrainian air shield with allies, — **[**Head of the Presidential Office Dmytro Yermak**

**](https://www.president.gov.ua/news/ukrayina-razom-iz-soyuznikami-rozpochala-rozrobku-spilnoyi-d-79289)""Given that Russian strikes are clearly going to continue, Ukraine urgently needs an effective anti-missile defense. Very soon, before winter sets in. We want to build a comprehensive multi-layered air and missile defense system for Ukraine. This will be a contribution to the overall aviation safety of the entire European continent,""** he stated.

[Informer](https://t.me/+LV7tr2_vgu02NjAy) | [Subscribe](https://t.me/+LV7tr2_vgu02NjAy)",,,,,
2027,2027,9028,"**Разница между армией русни в 2014 году и теперь. Мнение нашего бойца**😏

[Информатор](https://t.me/+LV7tr2_vgu02NjAy) | [Подписаться](https://t.me/+LV7tr2_vgu02NjAy)","The difference between the Russian military in 2014 and now, according to our soldier's opinion. 😏

[Informant](https://t.me/+LV7tr2_vgu02NjAy) | [Subscribe](https://t.me/+LV7tr2_vgu02NjAy)",,,,,
2028,2028,9029,"**⚡️Ещё немного хороших новостей: в Киеве отключать свет могут всего один раз в день, — гендир YASNO

**[Информатор](https://t.me/+LV7tr2_vgu02NjAy) | [Подписаться](https://t.me/+LV7tr2_vgu02NjAy)","**⚡️More good news: In Kyiv, the power can be cut off only once a day, — YASNO CEO**

[Informant](https://t.me/+LV7tr2_vgu02NjAy) | [Subscribe](https://t.me/+LV7tr2_vgu02NjAy)",,,,,
2029,2029,9030,"**Дети Херсонщини. Одновременно страшные и сильные фото

**Автор: András Hajdú

[Информатор](https://t.me/+LV7tr2_vgu02NjAy) | [Подписаться](https://t.me/+LV7tr2_vgu02NjAy)","**Children of Kherson Oblast. Horrifying yet Strong Photos**

**Author: András Hajdú**

[Informant](https://t.me/+LV7tr2_vgu02NjAy) | [Subscribe](https://t.me/+LV7tr2_vgu02NjAy)",,,,,
2030,2030,9031,"**Свет украинцам хотят выключать всего на 1-2 часа: ДТЭК **[**работает**](https://www.rbc.ua/ukr/news/dtek-pratsyue-zmenshennyam-trivalosti-planovih-1668884069.html)** над уменьшением длительности плановых отключений

**Об этом [сообщил](https://www.rbc.ua/ukr/news/dtek-pratsyue-zmenshennyam-trivalosti-planovih-1668884069.html) исполнительный директор ДТЭК Сахарук. Если вы хотите спросить, уменьшится ли уровень аварийных отключений? Да, он уменьшится. Будут ли плановые отключения? Скорее всего, плановые отключения будут. **Наша задача - уменьшить эти плановые отключения, чтобы они были не 4-6 часов, а два или один. Или вообще в какие-то дни не было - на выходных или ночью**. Над этим сейчас работаем"".

[Информатор](https://t.me/+LV7tr2_vgu02NjAy) | [Подписаться](https://t.me/+LV7tr2_vgu02NjAy)","They want to reduce planned power outages for Ukrainians to just 1-2 hours: DTEK is working on shortening the duration of planned power cuts.

This was reported by DTEK's CEO Sakhuruk. If you're wondering if there will be fewer emergency power outages, yes, there will be fewer. Will there still be planned outages? Most likely, there will be planned outages. Our goal is to reduce these planned outages so that they last not 4-6 hours, but two or one hour. Or, ideally, not at all—on weekends or at night. We are currently working on this.

[Source](https://t.me/+LV7tr2_vgu02NjAy) | [Subscribe](https://t.me/+LV7tr2_vgu02NjAy)",,,,,
2031,2031,9032,"**Чудеса российской пропаганды🤡** Чего только не напишешь, лишь бы мясо возвращалось воевать.

[Информатор](https://t.me/+LV7tr2_vgu02NjAy) | [Подписаться](https://t.me/+LV7tr2_vgu02NjAy)","**Russian Propaganda Miracles 🤡** - Anything can be written as long as the meat returns to fighting.

[Informant](https://t.me/+LV7tr2_vgu02NjAy) | [Subscribe](https://t.me/+LV7tr2_vgu02NjAy)",,,,,
2032,2032,9033,"**❗️Иран поможет России создавать беспилотники для войны с Украиной, __— __**[**The Washington Post

**](https://www.washingtonpost.com/national-security/2022/11/19/russia-iran-drones-secret-deal/)По данным издания, Москва втайне договорилась с Тегераном о **начале производства сотен боевых БПЛА на российской территории. **Начать производство могут уже в течение ближайших месяцев.

Это соглашение может углубить сотрудничество РФ с Ираном. Тогда** Россия увеличит свои запасы относительно недорогих, но очень разрушительных систем вооружений**.

[Информатор](https://t.me/+LV7tr2_vgu02NjAy) | [Подписаться](https://t.me/+LV7tr2_vgu02NjAy)","**❗️Iran will help Russia create drones for the war in Ukraine, __—__** [The Washington Post

According to the publication, Moscow secretly agreed with Tehran to begin producing hundreds of combat drones on Russian territory. Production could start within the next few months.

This agreement may deepen Russia's cooperation with Iran. As a result, Russia will increase its stockpiles of inexpensive but highly destructive weapon systems.

[Informer] | [Subscribe]",,,,,
2033,2033,9034,"**""Провел очередное заседание Ставки. Обсудили, как мы планируем увеличить количество украинских флагов в городах на юге и востоке страны. Отдельно обсудили бои в Донецкой области. Готовим значительные международные события – уже в ближайшее время"", — Зеленский

**[Информатор](https://t.me/+LV7tr2_vgu02NjAy) | [Подписаться](https://t.me/+LV7tr2_vgu02NjAy)","Zelensky conducted another meeting of the Headquarters. They discussed plans to increase the number of Ukrainian flags in cities on the south and east of the country. They also separately discussed battles in Donetsk Oblast. We are preparing significant international events—very soon. 

[Source: Informer](https://t.me/+LV7tr2_vgu02NjAy) | [Subscribe](https://t.me/+LV7tr2_vgu02NjAy)",,,,,
2034,2034,9035,"**У ""макеевского родничка"" появился брат-близнец. Его зовут ""донецкий родничок""

**Признавайтесь, кто из вас диверсант?

[Информатор](https://t.me/+LV7tr2_vgu02NjAy) | [Подписаться](https://t.me/+LV7tr2_vgu02NjAy)","The ""Makievo spring"" now has an identical twin brother called the ""Donetsk spring.""

Admit it, who among you is a spy?

[Informant](https://t.me/+LV7tr2_vgu02NjAy) | [Subscribe](https://t.me/+LV7tr2_vgu02NjAy)",,,,,
2035,2035,9036,"**Маскировка наших бойцов как отдельный вид искусства

**[Информатор](https://t.me/+LV7tr2_vgu02NjAy) | [Подписаться](https://t.me/+LV7tr2_vgu02NjAy)","**Camouflage of our soldiers as a separate art form**

**[Informant](https://t.me/+LV7tr2_vgu02NjAy) | [Subscribe](https://t.me/+LV7tr2_vgu02NjAy)**",,,,,
2036,2036,9037,"**Зеленский **[**вместе с премьером Великобритании**](https://t.me/ukrinformator/29398)** Риши Сунаки посетили выставку уничтоженной российской техники

**У Сунаки был обнаружен значок с объединёнными флагами Украины и Великобритании в один.

Маєш гарний значок (на фото).

[Информатор](https://t.me/+LV7tr2_vgu02NjAy) | [Подписаться](https://t.me/+LV7tr2_vgu02NjAy)","**Zelensky, together with British Prime Minister Rishi Sunak, visited an exhibition of destroyed Russian military equipment.**

**Rishi Sunak was spotted wearing a pin with combined flags of Ukraine and the United Kingdom.**

You have a nice pin (in the photo).

[Informer](https://t.me/+LV7tr2_vgu02NjAy) | [Subscribe](https://t.me/+LV7tr2_vgu02NjAy)",,,,,
2037,2037,9038,"**Ничего необычного, просто российская пропаганда живёт в своей параллельной вселенной🤦🏻‍♂️

**[Информатор](https://t.me/+LV7tr2_vgu02NjAy) | [Подписаться](https://t.me/+LV7tr2_vgu02NjAy)","**Nothing unusual, just Russian propaganda lives in its parallel universe🤦🏻‍♂️

**[Informer](https://t.me/+LV7tr2_vgu02NjAy) | [Subscribe](https://t.me/+LV7tr2_vgu02NjAy)",,,,,
2038,2038,9039,"**Окраины Бахмута. Поле усеяно трупами русни

**[Информатор](https://t.me/+LV7tr2_vgu02NjAy) | [Подписаться](https://t.me/+LV7tr2_vgu02NjAy)","**The outskirts of Bachmut. Fields littered with the bodies of Russians.

[Informant](https://t.me/+LV7tr2_vgu02NjAy) | [Subscribe](https://t.me/+LV7tr2_vgu02NjAy)",,,,,
2039,2039,9040,"**❗️Тем, кто может, лучше уехать из Украины до зимы, —**[** глава**](https://www.bbc.com/russian/live/news-63440797)** ДТЭК Тимченко

**""Это не чрезвычайная ситуация, когда нужно немедленно эвакуироваться, но **нам нужно организовать все так, чтобы потребление было максимально эффективным.** Если вы **будете потреблять меньше, то госпитали с ранеными солдатами будут гарантировано получать электричество**"", - сказал он.

[Информатор](https://t.me/+LV7tr2_vgu02NjAy) | [Подписаться](https://t.me/+LV7tr2_vgu02NjAy)","**❗️Those who can, it would be better to leave Ukraine before winter, —** [head of DTEK](https://www.bbc.com/russian/live/news-63440797) Tyumenko

""This is not an emergency situation requiring immediate evacuation, but we need to organize things so that consumption is as efficient as possible. If you consume less, then hospitals with wounded soldiers will definitely receive electricity,"" he said.

[Informant](https://t.me/+LV7tr2_vgu02NjAy) | [Subscribe](https://t.me/+LV7tr2_vgu02NjAy)",,,,,
2040,2040,9041,"**⚡️А вот и первая встреча Зеленского с новым премьер-министром Британии Риши Сунаком. Сегодня он прибыл в Киев 

**[Информатор](https://t.me/+LV7tr2_vgu02NjAy) | [Подписаться](https://t.me/+LV7tr2_vgu02NjAy)","**⚡️Here is the first meeting between Zelensky and the new British Prime Minister Rishi Sunak. Today, he arrived in Kyiv.**

[Informer](https://t.me/+LV7tr2_vgu02NjAy) | [Subscribe](https://t.me/+LV7tr2_vgu02NjAy)",,,,,
2041,2041,9042,"**Питерский губернатор заявил, что полыхает газозаправочная станция

**Полыхает невероятно.

[Информатор](https://t.me/+LV7tr2_vgu02NjAy) | [Подписаться](https://t.me/+LV7tr2_vgu02NjAy)","The governor of Saint Petersburg stated that a gas station is on fire.

It's burning incredibly.

[Informant](https://t.me/+LV7tr2_vgu02NjAy) | [Subscribe](https://t.me/+LV7tr2_vgu02NjAy)",,,,,
2042,2042,9043,"**⚡️Предварительно, под Питером взорвался газопровод (!) 

**Пожар очень сильный. Его видно за несколько километров.

[Информатор](https://t.me/+LV7tr2_vgu02NjAy) | [Подписаться](https://t.me/+LV7tr2_vgu02NjAy)","**⚡️First, a gas pipeline exploded near St. Petersburg (!)

**The fire is very intense. It can be seen from several kilometers away.

[Source](https://t.me/+LV7tr2_vgu02NjAy) | [Subscribe](https://t.me/+LV7tr2_vgu02NjAy)",,,,,
2043,2043,9044,"**⚡️В российском Питере прозвучал сильный взрыв в районе Мурино. После этого начался пожар, — росСМИ

**Бавовнятко балуется?

[Информатор](https://t.me/+LV7tr2_vgu02NjAy) | [Подписаться](https://t.me/+LV7tr2_vgu02NjAy)","**⚡️A strong explosion was heard in the Murino area of St. Petersburg, Russia. This was followed by a fire, according to Russian media.

Bavovnatyko is playing around?

[Informator](https://t.me/+LV7tr2_vgu02NjAy) | [Subscribe](https://t.me/+LV7tr2_vgu02NjAy)",,,,,
2044,2044,9045,"**Литва присоединилась к **[**сбору средств **](https://t.me/ukrinformator/28899)**на флот украинских дронов. На два дрона литовцы уже собрали. Их назовут ""PEACE Да"" и ""PEACE Дец""

**Теперь литовцы собирают на третий морской дрон — **""PEACE Дюк""**.

А нам нравится их креатив😏

[Информатор](https://t.me/+LV7tr2_vgu02NjAy) | [Подписаться](https://t.me/+LV7tr2_vgu02NjAy)","**Lithuania has joined the effort to fund the fleet of Ukrainian drones. They have already raised funds for two drones, which they will name ""PEACE Da"" and ""PEACE Dec"".

Now, Lithuanians are raising funds for a third maritime drone, named ""PEACE Duke"".

We really like their creativity 😏

[Informator](https://t.me/+LV7tr2_vgu02NjAy) | [Subscribe](https://t.me/+LV7tr2_vgu02NjAy)",,,,,
2045,2045,9046,"🦝

[Информатор](https://t.me/+LV7tr2_vgu02NjAy) | [Подписаться](https://t.me/+LV7tr2_vgu02NjAy)",[Rabbit](https://t.me/+LV7tr2_vgu02NjAy) | [Subscribe](https://t.me/+LV7tr2_vgu02NjAy),,,,,
2046,2046,9047,"⚡️""**Война может закончиться к концу весны, а Крым ВСУ смогут вернуть к концу декабря**"", -  [замминистра обороны ](https://news.sky.com/story/ukraine-war-latest-nato-poland-missile-article-4-article-5-putin-12541713?postid=4897852#liveblog-body)Владимир Гаврилов

Переговоры с Кремлем, по мнению замминистра обороны, могут состояться только после того, как российские войска будут готовы оставить всю территорию Украины, **включая Крым и Донбасс.

**[Информатор](https://t.me/+LV7tr2_vgu02NjAy) | [Подписаться](https://t.me/+LV7tr2_vgu02NjAy)","⚡️""War may end by the end of spring, and the Armed Forces of Ukraine could regain Crimea by the end of December,"" - Deputy Minister of Defense Vladimir Gavrilov

According to the deputy minister of defense, negotiations with the Kremlin can only take place after Russian troops are ready to leave all Ukrainian territory, including Crimea and Donbas.

[Source](https://t.me/+LV7tr2_vgu02NjAy) | [Subscribe](https://t.me/+LV7tr2_vgu02NjAy)",,,,,
2047,2047,9048,"**""Это подстава. Нам по телевизору сказали одно, а на деле – другое"", — российские женщины вдруг осознали, что им соврали, когда говорили, что срочников не будут посылать на войну

**Никогда такого не было, и вот оно опять.

[Информатор](https://t.me/+LV7tr2_vgu02NjAy) | [Подписаться](https://t.me/+LV7tr2_vgu02NjAy)","**""This is a scam. They told us one thing on TV but did something else in reality,"" — Russian women suddenly realized they had been lied to when it was said that conscripts would not be sent to war.

**Never has this happened before, and here it is again.

[Informant](https://t.me/+LV7tr2_vgu02NjAy) | [Subscribe](https://t.me/+LV7tr2_vgu02NjAy)",,,,,
2048,2048,9049,"**Впервые с начала войны из Киева в Херсон прибыл украинский поезд

**Возвращаем нормальную жизнь в наши города💪🏻

[Информатор](https://t.me/+LV7tr2_vgu02NjAy) | [Подписаться](https://t.me/+LV7tr2_vgu02NjAy)","For the first time since the start of the war, a Ukrainian train has arrived in Kherson from Kyiv.

Bringing normal life back to our cities💪🏻

[Informant](https://t.me/+LV7tr2_vgu02NjAy) | [Subscribe](https://t.me/+LV7tr2_vgu02NjAy)",,,,,
2049,2049,9050,"**Коротко об украинских реалиях: покупаешь Теслу, к ней генератор, а к нему бензин или дизель🤷🏻‍♂️

UPD: фото сделано не в Украине, **но на 100% отражает наши нынешние реалии.

[Информатор](https://t.me/+LV7tr2_vgu02NjAy) | [Подписаться](https://t.me/+LV7tr2_vgu02NjAy)","**Briefly on Ukrainian realities: you buy a Tesla, then a generator, and for that, you need gasoline or diesel🤷🏻‍♂️

UPDATE: The photo was not taken in Ukraine, but it 100% reflects our current realities.

[Informer](https://t.me/+LV7tr2_vgu02NjAy) | [Subscribe](https://t.me/+LV7tr2_vgu02NjAy)",,,,,
2050,2050,9051,"**Киевские дворы теперь выглядят так😏

**И в чем они не правы**?**

[Информатор](https://t.me/+LV7tr2_vgu02NjAy) | [Подписаться](https://t.me/+LV7tr2_vgu02NjAy)","**Kiev's courtyards now look like this😏

And where are they wrong?**

[Informant](https://t.me/+LV7tr2_vgu02NjAy) | [Subscribe](https://t.me/+LV7tr2_vgu02NjAy)",,,,,
2051,2051,9052,"**База. Пленного руснявого солдата осенило**😏

[Информатор](https://t.me/+LV7tr2_vgu02NjAy) | [Подписаться](https://t.me/+LV7tr2_vgu02NjAy)","**Base. A captured Russian soldier had a realization** 😏

[Informant](https://t.me/+LV7tr2_vgu02NjAy) | [Subscribe](https://t.me/+LV7tr2_vgu02NjAy)",,,,,
2052,2052,9053,"**«Тяжелая ситуация с энергоснабжением сохраняется в 17 регионах и столице. Киевщина и Киев, очень тяжело – Одесщина, а еще Винница и Тернопольщина», — Зеленский**
**
**Он добавил, что на Донбассе сейчас идут тяжелые бои. Все, кто там борется с врагом- герои. Ни на одном участке фронта ВСУ не пасуют, а на некоторых готовятся будущие успехи.

[Информатор](https://t.me/+LV7tr2_vgu02NjAy) | [Подписаться](https://t.me/+LV7tr2_vgu02NjAy)","**""Severe energy supply issues persist in 17 regions and the capital. Kyiv Oblast and Kyiv are particularly hard hit – as are Odessa Oblast, Vinnytsia, and Ternopil Oblast,""** – Zelenskyy said.
He added that heavy battles are currently taking place on the Donbas front. Everyone fighting the enemy there is a hero. The Armed Forces of Ukraine (VSYU) are not retreating on any sector of the front and are preparing for future successes.

[Informer](https://t.me/+LV7tr2_vgu02NjAy) | [Subscribe](https://t.me/+LV7tr2_vgu02NjAy)",,,,,
2053,2053,9054,"**Историческое событие: из** **Киева в Херсон отправился первый поезд

**Завтра на перон в Херсоне сойдут 200 человек, которые несомненно ждали этого момента, как никто.

Нормальная жизнь возвращается, и скоро такой поезд прибудет во все наши оккупированные города.

[Информатор](https://t.me/+LV7tr2_vgu02NjAy) | [Подписаться](https://t.me/+LV7tr2_vgu02NjAy)","**Historical Event: The First Train from Kyiv to Kherson Has Departed**

**Tomorrow, 200 people will arrive in Kherson from the platform, individuals who undoubtedly awaited this moment more than anyone else.**

Normal life is returning, and soon such a train will arrive in all our occupied cities.

[Informant](https://t.me/+LV7tr2_vgu02NjAy) | [Subscribe](https://t.me/+LV7tr2_vgu02NjAy)",,,,,
2054,2054,9055,"**В Запорожской области российские ублюдки расстреляли семью с двумя детьми

**Это [произошло](https://www.pravda.com.ua/rus/news/2022/11/18/7376952/) ночью 18 ноября в поселке Камыш-Заря. Погибшие — Дармобед Александр и Наталья и их сыновья Владислав и Кирилл. 

Пишут, что рядом с семьей заселились мобилизованные из ""днр"" и кадыровцы. Они напились, вломились во двор и начали приставать к женщине. За нее вступился муж, тогда сволочи застрелили его, а затем и Наталью с детьми, чтобы избежать шума.

Все эти животные обязательно понесут наказание.

[Информатор](https://t.me/+LV7tr2_vgu02NjAy) | [Подписаться](https://t.me/+LV7tr2_vgu02NjAy)","**In the Zaporizhzhia region, Russian scumbags massacred a family with two children.**

**This happened on the night of November 18 in the village of Kamys-Zary. The deceased were Alexander and Natalya Darmobed and their sons Vladislav and Kirill.**

It is reported that the family was living next to mobilized soldiers from ""Donetsk People's Republic"" and Chechen fighters. These individuals got drunk, broke into the yard, and started harassing the woman. Her husband came to her defense, then the scum shot him, and subsequently killed his wife and children to avoid making noise.

All these animals will inevitably face justice.

[Source](https://t.me/+LV7tr2_vgu02NjAy) | [Subscribe](https://t.me/+LV7tr2_vgu02NjAy)",,,,,
2055,2055,9056,"**Операторы ДТЭК этой зимой be like 👆🏻

**К слову, завтра во всех регионах Украины опять будут плановые отключения электроэнергии.

[Информатор](https://t.me/+LV7tr2_vgu02NjAy) | [Подписаться](https://t.me/+LV7tr2_vgu02NjAy)","**DT&EK operators this winter will be like 👆🏻

**By the way, tomorrow there will be planned power outages in all regions of Ukraine again.

[Informer](https://t.me/+LV7tr2_vgu02NjAy) | [Subscribe](https://t.me/+LV7tr2_vgu02NjAy)",,,,,
2056,2056,9057,"**В России в этом году стало на 23 тысячи меньше зэков. Это рекорд за 12 лет, — **[**""Медиазона""

**](https://zona.media/article/2022/11/18/navoynu)Причина — вербовка заключённых на войну с Украиной в составе ЧВК ""Вагнера"".

Спады 2015 и 2020 годов были обусловлены амнистией и пандемией (резким снижением числа судов и, соответственно, приговоров).

[Информатор](https://t.me/+LV7tr2_vgu02NjAy) | [Подписаться](https://t.me/+LV7tr2_vgu02NjAy)","In Russia this year, the number of convicts decreased by 23,000, setting a record for 12 years, according to Medizona. The reason is the recruitment of prisoners to the war in Ukraine as part of the Wagner private military company.

Decreases in 2015 and 2020 were due to amnesties and the pandemic (a sharp drop in the number of trials and, consequently, convictions).

[Informer] | [Subscribe]",,,,,
2057,2057,9058,"**В случае блэкаута в Украине, он продлится от трех до десяти дней

**Если вдруг **вся энергосистема выйдет из строя**, ""по благоприятному сценарию понадобится три дня, по отрицательному — 7-10 дней на **восстановление системы и полного потребления в системе""**, — [заявил](https://interfax.com.ua/news/general/873079.html) директор Центра исследований энергетики Александр Харченко.

Но, **такого в мире еще не было**, поэтому давать объективные прогнозы сложно.

[Информатор](https://t.me/+LV7tr2_vgu02NjAy) | [Подписаться](https://t.me/+LV7tr2_vgu02NjAy)","In the event of a blackout in Ukraine, it will last from three to ten days.

If the entire energy system were to fail, according to a favorable scenario, it would take three days to restore the system and ensure full consumption, while an unfavorable scenario could require 7-10 days for restoration — [reported](https://interfax.com.ua/news/general/873079.html) by Alexander Harchenko, director of the Center for Energy Research.

However, such a situation has never occurred before, making it difficult to provide objective forecasts.

[Informant](https://t.me/+LV7tr2_vgu02NjAy) | [Subscribe](https://t.me/+LV7tr2_vgu02NjAy)",,,,,
2058,2058,9059,"**❗️Львов может оказаться в ситуации, когда света и тепла может не быть не один день, а несколько недель (!), — мэр Садовой

**""К этому **нужно готовиться. **Львовянам стоит осознать, что реалии, с которыми мы столкнулись сейчас, **являются обыденностью многих громад** востока и юга Украины уже много месяцев"".

[Информатор](https://t.me/+LV7tr2_vgu02NjAy) | [Подписаться](https://t.me/+LV7tr2_vgu02NjAy)","**❗️Lviv may find itself in a situation where there might be no light or heat for not just one day, but several weeks (!)— Mayor Sadovy

**One needs to prepare for this. **Lviv residents should realize that the realities we are now facing **are the norm for many communities in eastern and southern Ukraine for months**.

[Informer](https://t.me/+LV7tr2_vgu02NjAy) | [Subscribe](https://t.me/+LV7tr2_vgu02NjAy)",,,,,
2059,2059,9060,"**В Одессе своя атмосфера: люди перекрыли дорогу и бунтуют против выключений света🤷🏻‍♂️

**UPD: нам сообщают, что** на протест против электриков вышли те, кто без света уже 3-и сутки**. С 15 ноября в некоторых домах свет не включали ни разу. 

[Информатор](https://t.me/+LV7tr2_vgu02NjAy) | [Подписаться](https://t.me/+LV7tr2_vgu02NjAy)","**Odessa has its own atmosphere: people blocked the road and are rebelling against power outages🤷🏻‍♂️

**UPDATE:** We're told that those without electricity for the past 3 days protested against the electricians. Since November 15, power has been off in some homes without fail. 

[Source](https://t.me/+LV7tr2_vgu02NjAy) | [Subscribe](https://t.me/+LV7tr2_vgu02NjAy)",,,,,
2060,2060,9061,"**⚡️Помощи Украине будет больше. Администрация Байдена добивается от Конгресса выделения дополнительного финансирования для Украины,** — СМИ со ссылкой на Белый дом

Русня, лицо?😏

[Информатор](https://t.me/+LV7tr2_vgu02NjAy) | [Подписаться](https://t.me/+LV7tr2_vgu02NjAy)","**⚡️There will be more assistance for Ukraine. The Biden administration is working to secure additional funding from Congress for Ukraine,** — according to the White House, as reported by the media.

Ridiculous, Ukrainian face? 😏

[Informer](https://t.me/+LV7tr2_vgu02NjAy) | [Subscribe](https://t.me/+LV7tr2_vgu02NjAy)",,,,,
2061,2061,9062,"**⚡️У России, похоже, нет дефицита и ещё достаточно ракет. Более того, производство ""Калибров"" и ""Искандеров"" продолжается до сих пор, — **[**The New York Times

**](https://www.nytimes.com/2022/11/18/us/politics/ukraine-russia-missiles.html)Издание сообщает, что Россия **ещё до вторжения приобрела микрочипы** и другие технология, благодаря которым сейчас изготавливает ракеты. 

Также, Россия **использует ракеты ПВО С-300** для нанесения ударов, **обращается к Ирану и Северной Корее** за помощью, и, возможно, держала некоторое **количество оружия в резерве для войны против НАТО.

**Пока мы не победим — не стоит надеяться, что нас перестанут бомбить.

[Информатор](https://t.me/+LV7tr2_vgu02NjAy) | [Подписаться](https://t.me/+LV7tr2_vgu02NjAy)","**⚡️Russia apparently has no shortage of rockets and still has enough of them. Moreover, the production of Kalibr and Iskander missiles continues to this day, —** [The New York Times](https://www.nytimes.com/2022/11/18/us/politics/ukraine-russia-missiles.html)

The newspaper reports that Russia had already acquired microchips and other technologies before the invasion, thanks to which it is currently producing rockets.

Additionally, Russia is using S-300 air defense missiles for offensive strikes, turning to Iran and North Korea for help, and possibly keeping some weapons in reserve for a potential war with NATO.

**Until we win, don't count on being spared from bombardment.**

[Informer](https://t.me/+LV7tr2_vgu02NjAy) | [Subscribe](https://t.me/+LV7tr2_vgu02NjAy)",,,,,
2062,2062,9063,"**Не фейк🤡

**[Информатор](https://t.me/+LV7tr2_vgu02NjAy) | [Подписаться](https://t.me/+LV7tr2_vgu02NjAy)","**Not fake 🤡

**Informer** ([Subscribe](https://t.me/+LV7tr2_vgu02NjAy)) | [Follow](https://t.me/+LV7tr2_vgu02NjAy)",,,,,
2063,2063,9064,"⚡️**Украина будет производить тяжелое вооружение и военную технику, по меньшей мере, с шестью странами НАТО

**Речь идет о [бронированной технике и РСЗО, ](https://uprom.info/news/vpk/ukrayina-rozroblyatyme-i-vygotovlyatyme-ozbroyennya-ta-vijskovu-tehniku-razom-z-6-krayinamy-nato/)а также разработке новых высокотехнологичных образцов вооружения.

[Информатор](https://t.me/+LV7tr2_vgu02NjAy) | [Подписаться](https://t.me/+LV7tr2_vgu02NjAy)","⚡️Ukraine will produce heavy weaponry and military equipment, at least with six NATO countries.

This involves [armored vehicles and rocket systems,](https://uprom.info/news/vpk/ukrayina-rozroblyatyme-i-vygotovlyatyme-ozbroyennya-ta-vijskovu-tehniku-razom-z-6-krayinamy-nato/) as well as the development of new high-tech weapons.

[Source](https://t.me/+LV7tr2_vgu02NjAy) | [Subscribe](https://t.me/+LV7tr2_vgu02NjAy)",,,,,
2064,2064,9065,"**Шуфрич и Суркис всё. Они покинут НОК. Уже написали заявления😏
**
[Информатор](https://t.me/+LV7tr2_vgu02NjAy) | [Подписаться](https://t.me/+LV7tr2_vgu02NjAy)","Shufrych and Surkis are out. They will leave the NOK. Already submitted their resignations😏
[Informant](https://t.me/+LV7tr2_vgu02NjAy) | [Subscribe](https://t.me/+LV7tr2_vgu02NjAy)",,,,,
2065,2065,9066,"**⚡️Есть риск, что мобильная связь в Украине будет существовать в режиме точечного покрытия, то есть будут ""острова"" со связью и территории без связи, — президент ""Киевстара"" 

**""И это сейчас мы видим на примере Киева, когда отключают целые районы с большим количеством жителей, и через несколько часов исчезает мобильная и фиксированная связь. Но это не значит, что Киев без связи. Это соотношение работающих и неработающих сайтов такое же, как и по всей Украине — около 30%. Если говорить о наиболее уязвимых на сегодняшний день областях — это Киевская, Харьковская, Львовская, Полтавская"", - [заявил](https://biz.nv.ua/tech/massirovannyy-obstrel-ukrainy-posledstviya-dlya-operatorov-i-kak-idet-vosstanovlenie-novosti-ukrainy-50284837.html) Александр Комаров.

При этом он сомневается, что связь может исчезнуть на долгое время по всей Украине.

[Информатор](https://t.me/+LV7tr2_vgu02NjAy) | [Подписаться](https://t.me/+LV7tr2_vgu02NjAy)","**⚡️There is a risk that mobile communication in Ukraine will exist in a patchwork coverage mode, meaning there will be ""islands"" with service and areas without it, — Kievstar's President**

""This is what we are seeing now in Kyiv, where entire districts with large populations are being cut off, and mobile and fixed-line communication disappear within a few hours. But this does not mean that Kyiv is completely without communication. The ratio of working and non-working sites is the same as throughout Ukraine — about 30%. As for the most vulnerable regions today, these are Kyiv, Kharkiv, Lviv, and Poltava,"" — Alexander Komarov stated.

At the same time, he doubts that communication can disappear for a long time across all of Ukraine.

[Informer] | [Subscribe]",,,,,
2066,2066,9067,"**Ничего необычного, просто одесские **[таможенники изъяли ](https://www.facebook.com/ODcustomsUA/posts/pfbid0PhFZtjCXdRREZPiTcsHiGKBY2S6vQ8WFh39dKv3oJeFAs6DLvXKdKV26a3JiK2qXl)**у мужика американский самолет, которой тот пытался протащить в Молдову** 🤔

[Информатор](https://t.me/+LV7tr2_vgu02NjAy) | [Подписаться](https://t.me/+LV7tr2_vgu02NjAy)","**Nothing unusual, just Odessa customs officers seized an American airplane from a guy who was trying to smuggle it into Moldova.** 🤔

[Informant](https://t.me/+LV7tr2_vgu02NjAy) | [Subscribe](https://t.me/+LV7tr2_vgu02NjAy)",,,,,
2067,2067,9068,"**Андрей Шевченко отказался работать в Национальном олимпийском комитете из-за скандального состава** (Шуфрич и Суркис)

""Мы платим слишком большую цену за нашу свободу жизнями лучших украинцев, мы должны быть достойны их"", — объяснил он свое решение.

[Информатор](https://t.me/+LV7tr2_vgu02NjAy) | [Подписаться](https://t.me/+LV7tr2_vgu02NjAy)","**Andriy Shevchenko refused to work in the National Olympic Committee due to its controversial composition (Shufrich and Surkis)**

""We are paying too high a price for our freedom with the lives of our best Ukrainians, we must be worthy of them,"" he explained his decision.

[Informer](https://t.me/+LV7tr2_vgu02NjAy) | [Subscribe](https://t.me/+LV7tr2_vgu02NjAy)",,,,,
2068,2068,9069,"**8 современных автомобилей скорой помощи уже на освобождённой Херсонщине.** 17 ноября Фонд Вадима Новинского и Украинская православная церковь [доставили современные реанимобили](https://fundnovynskyi.org/visim-karet-shvidkoi-ta-gumanitarniy-vantazh-peredani-u-kherson-vid-ukrainskoi-pravoslavnoi-tserkvi-i-fondu-vadima-novinskogo/) в Белозерскую центральную районную больницу, откуда их распределят по другим больницам в Херсоне и Херсонской области. Это очень существенная помощь медикам, так как их автопарк был уничтожен или разграблен во время оккупации. 

Помимо самих скорых, Фонд привёз 4 тонны продуктов питания, медицинского оборудования (дефибрилляторы, складные и вакуумные носилки) и крайне необходимых в Херсоне медикаментов — обезболивающих, жаропонижающих, антибиотиков.  

Начиная с февраля, Фонд Новинского совместно с УПЦ ввёз в Украину более 100 современных европейских автомобилей скорой помощи, которые переданы в прифронтовые города и спасают там жизни людей. Общая сумма, которую Вадим Новинский выделил на гуманитарные проекты после 24 февраля превысила 900 млн грн.

[Информатор](https://t.me/+LV7tr2_vgu02NjAy) | [Подписаться](https://t.me/+LV7tr2_vgu02NjAy)","**There are already 8 modern ambulances in liberated Kherson Oblast.** On November 17, the Vadim Novinsky Fund and the Ukrainian Orthodox Church delivered modern emergency vehicles to the Belozersky Central District Hospital in Kherson, from where they will be distributed to other hospitals in Kherson and Kherson Oblast. This is significant assistance for medical staff, as their vehicle fleet was destroyed or looted during the occupation.

In addition to the ambulances, the fund brought 4 tons of food, medical equipment (defibrillators, folding and vacuum stretchers), and essential medications needed in Kherson—painkillers, fever reducers, antibiotics.

Since February, the Vadim Novinsky Fund, in partnership with the Ukrainian Orthodox Church, has brought over 100 modern European ambulances to Ukraine, which have been distributed to frontline cities and are saving lives there. The total amount allocated by Vadim Novinsky for humanitarian projects since February 24 exceeded 900 million hryvnias.

[Info Channel](https://t.me/+LV7tr2_vgu02NjAy) | [Subscribe](https://t.me/+LV7tr2_vgu02NjAy)",,,,,
2069,2069,9070,"**Немецкие гаубицы, которые были переданы Украине, выходят из строя из-за отсутствия запчастей**, — [Der Spiegel](https://www.spiegel.de/politik/deutschland/ukraine-panzerhaubitzen-2000-wegen-ersatzteilmangels-ausser-gefecht-a-a9056b03-3c01-40cb-b495-611817741b21)

Гаубицы PzH 2000 изнашиваются на фронте и большая часть из 14, которые находятся в Украине уже нуждаются в ремонте. Ремонтируют установки только в Литве и то для этого пришлось разобрать одну рабочую установку для запчастей.

Германия хочет создать в Словакии  центр по техобслуживанию вооружения, но нехватка запчастей также тормозит этот процесс.

[Информатор](https://t.me/+LV7tr2_vgu02NjAy) | [Подписаться](https://t.me/+LV7tr2_vgu02NjAy)","**The German PzH 2000 howitzers sent to Ukraine are breaking down due to a lack of spare parts**, according to Der Spiegel.

The PzH 2000 howitzers are wearing out on the front lines, and most of the 14 currently in Ukraine require repair. Repairs are being done only in Lithuania, which required disassembling one working howitzer for spare parts.

Germany wants to establish a maintenance center for weapons in Slovakia, but the shortage of spare parts is also slowing this process.

[Информатор](https://t.me/+LV7tr2_vgu02NjAy) | [Subscribe](https://t.me/+LV7tr2_vgu02NjAy)",,,,,
2070,2070,9071,"**Ничего необычного, просто экс-глава НБУ Шевченко и экс-депутат Грановский, которых подозревают в коррупции и **[**объявили в розыск**](https://t.me/ukrinformator/28027)**, спокойно пьют кофеёк в Вене

**[Информатор](https://t.me/+LV7tr2_vgu02NjAy) | [Подписаться](https://t.me/+LV7tr2_vgu02NjAy)","Nothing unusual here; former NBU chief Shevchenko and former deputy Granovskiy, who are suspected of corruption and **[have been placed on the wanted list](https://t.me/ukrinformator/28027)**, calmly enjoy coffee in Vienna.

[Informer](https://t.me/+LV7tr2_vgu02NjAy) | [Subscribe](https://t.me/+LV7tr2_vgu02NjAy)",,,,,
2071,2071,9072,"**❗️Почти 50% энергосистемы Украины выведена из строя вследствие ракетных ударов РФ, — **[**Шмыгаль

**](https://www.ukrinform.ru/rubric-economy/3617308-pocti-polovina-energosistemy-ukrainy-vyvedena-iz-stroa-vsledstvie-raketnyh-udarov-rf-smygal.html)[Информатор](https://t.me/+LV7tr2_vgu02NjAy) | [Подписаться](https://t.me/+LV7tr2_vgu02NjAy)","**❗️Almost 50% of Ukraine's energy system has been knocked out by Russian rocket strikes,** — **Shmyhal**

[Source](https://www.ukrinform.ru/rubric-economy/3617308-pocti-polovina-energosistemy-ukrainy-vyvedena-iz-stroa-vsledstvie-raketnyh-udarov-rf-smygal.html) | [Subscribe](https://t.me/+LV7tr2_vgu02NjAy)",,,,,
2072,2072,9073,"**Отступление российских войск из Херсона стало болезненным событием для элит в России – пришло понимание, что ""настоящая война проиграна"", — **[**Медуза

**](https://meduza.io/feature/2022/11/18/nastoyaschuyu-voynu-my-proigrali?fbclid=IwAR0re-e4IqzttnEPhPIVB50JkYQ3n9ya6Tvxmg6_kzgPh0wlG1hrXs2bEL4)""Люди начинают думать о том, **как жить дальше**, какое место в будущем хотели бы занять, какую ставку сделать, на чем играть"".

Однако **в Кремле все еще надеются, что на Западе ""развалится консенсус в области поддержки Украины""** из-за потребности в дешевых энергоносителях.

[Информатор](https://t.me/+LV7tr2_vgu02NjAy) | [Подписаться](https://t.me/+LV7tr2_vgu02NjAy)","The withdrawal of Russian troops from赫尔松 became a painful event for the elites in Russia—they began to realize that ""the real war has been lost.""—[Meduza](https://meduza.io/feature/2022/11/18/nastoyaschuyu-voynu-my-proigrali?fbclid=IwAR0re-e4IqzttnEPhPIVB50JkYQ3n9ya6Tvxmg6_kzgPh0wlG1hrXs2bEL4)

People are starting to think about how to live on, what place they would like to occupy in the future, and what bets to make, on what to rely.

However, in the Kremlin, they still hope that ""consensus in support of Ukraine will fall apart"" on the West due to the need for cheap energy sources.

[Informer](https://t.me/+LV7tr2_vgu02NjAy) | [Subscribe](https://t.me/+LV7tr2_vgu02NjAy)",,,,,
2073,2073,9074,"Годами ранее бывший глава фракции за Януковича агитировал за  “русский язык” 

Ну а сегодня он защищает “украинскую идентичность” и переименование украинских городов (во время полномасштабного вторжения больше же нечем заниматься)...

[Информатор](https://t.me/+LV7tr2_vgu02NjAy) | [Подписаться](https://t.me/+LV7tr2_vgu02NjAy)","Years ago, the former head of the faction supporting Yanukovych advocated for the ""Russian language."" Now, he is defending ""Ukrainian identity"" and renaming Ukrainian cities (there's not much else to do during full-scale invasion).

[Informer](https://t.me/+LV7tr2_vgu02NjAy) | [Subscribe](https://t.me/+LV7tr2_vgu02NjAy)",,,,,
2074,2074,9075,"**В Киеве могут полностью отключить свет

**""Мы готовимся к разным сценариям,** в том числе к полному отключению**. В** связи с понижением температуры электропотребление значительно увеличивается. **Поэтому** нам сейчас, как никогда, надо экономить электроэнергию**"", – заявил Поворозник.

[Информатор](https://t.me/+LV7tr2_vgu02NjAy) | [Подписаться](https://t.me/+LV7tr2_vgu02NjAy)","**Electricity may be completely cut off in Kyiv.

""We are preparing for various scenarios, including a complete power outage. Due to the drop in temperature, electricity consumption has significantly increased. That's why we need to save electricity more than ever,"" stated Pavoroznyk.

[Source: Информатор](https://t.me/+LV7tr2_vgu02NjAy) | [Subscribe](https://t.me/+LV7tr2_vgu02NjAy)",,,,,
2075,2075,9076,"**Лукашенко поблагодарил Бога за уход Макдоналдса с беларусского рынка и выразил надежду, что беларусы сами смогут разрезать булочку пополам ""и впихнуть в эти две половинки кусочек мяса, картошки и салата"", чтобы заместить Мак**😂

[Информатор](https://t.me/+LV7tr2_vgu02NjAy) | [Подписаться](https://t.me/+LV7tr2_vgu02NjAy)","Lukashenko thanked God for McDonald's leaving the Belarusian market and expressed hope that Belarusians would be able to cut a bun in half and stuff each half with meat, potatoes, and salad to replace McDonald's. 😂

[Informer](https://t.me/+LV7tr2_vgu02NjAy) | [Subscribe](https://t.me/+LV7tr2_vgu02NjAy)",,,,,
2076,2076,9077,"**В украинской армии есть в запасе более 200 тыс. бронежилетов** и **более 100 тыс. касок**, **проблем с этим не будет**, — [Резников

](https://www.facebook.com/photo/?fbid=552873773515645&set=a.325425039593854)В следующем году Украина будет способна самостоятельно обеспечить все потребности сил обороны, а импорт может стать точечным дополнением.

[Информатор](https://t.me/+LV7tr2_vgu02NjAy) | [Подписаться](https://t.me/+LV7tr2_vgu02NjAy)","There are over 200,000 body armor vests and over 100,000 helmets in reserve in the Ukrainian army, and there will be no problems with this — Resnikov.

Next year, Ukraine will be able to independently meet all the needs of its defense forces, with imports serving as a point补充说明：

这段话主要讲述了乌克兰军队在装备储备方面的现状以及未来的计划。具体来说，乌克兰军方目前拥有超过20万件防弹背心和超过10万顶头盔作为储备。这表明乌克兰在提高自身军事装备水平方面已经取得了一定的进展。

此外，乌克兰计划在未来一年内能够独立满足其国防部队的所有需求，并且将通过进口来补充一些特定的需求。这意味着乌克兰正在逐步减少对外部供应的依赖，朝着自给自足的方向发展。这不仅有助于提升乌克兰的国防能力，也有助于增强国家的安全保障。
)",,,,,
2077,2077,9078,"**Как хранить продукты и безопасно питаться во время длительных отключений света
**
▪️сделайте запас питьевой воды и узнайте, где есть бюветы поблизости. В случае ЧС бюветы будут питаться от генераторов;
▪️подготовьте запас продуктов длительного хранения (хлеб, печенье, бублики, консервы);
▪️пытайтесь готовить продукты в небольшом количестве, чтобы не хранить их долго;
▪️в магазинах обращайте внимание на продукты, которые можно хранить вне холодильника;
▪️купите и держите под рукой пакеты с хладоэлементом;
▪️при возможности сделайте запас гарячих напитков в термосах;
▪️в случае отключения света, старайтесь реже открывать холодильник, тогда он медленнее нагреется, продукты можно хранить на балконе. Скоропортящиеся продукты лучше хранить при температуре +4.

[Информатор](https://t.me/+LV7tr2_vgu02NjAy) | [Подписаться](https://t.me/+LV7tr2_vgu02NjAy)","**How to Store Food and Safely Eat During Prolonged Power Outages**

- Make a supply of drinking water and find out where nearby water fountains are located. In case of an emergency, water fountains will be powered by generators;
- Prepare a stock of long-lasting food products (bread, cookies, buns, canned goods);
- Try to cook small quantities of food at a time to avoid storing it for long periods;
- Pay attention to products available in stores that can be stored without a refrigerator;
- Buy and keep cold packs handy;
- If possible, store hot beverages in thermoses;
- When the power is off, try to open the refrigerator less frequently to slow down its warming up; you can store non-perishable foods on the balcony. Perishable products should be stored at +4°C.

[Informer](https://t.me/+LV7tr2_vgu02NjAy) | [Subscribe](https://t.me/+LV7tr2_vgu02NjAy)",,,,,
2078,2078,9079,"**Фортификационные работы проводятся в Крыму для гарантированной безопасности жителей полуострова, — гауляйтер Сергей Аксёнов

**Ой, а что случилось?😂

[Информатор](https://t.me/+LV7tr2_vgu02NjAy) | [Подписаться](https://t.me/+LV7tr2_vgu02NjAy)","**Fortification works are being conducted in Crimea to ensure the safety of the peninsula's residents, — Gauleiter Sergey Aksyonov**

**Oh, what's going on?😂**

[Informant](https://t.me/+LV7tr2_vgu02NjAy) | [Subscribe](https://t.me/+LV7tr2_vgu02NjAy)",,,,,
2079,2079,9080,"**""От такого бл*ть х*й спрячешься""**, — русачёк высоко оценил поражающую способность 227-мм ракеты М30А1 для HIMARS😏

[Информатор](https://t.me/+LV7tr2_vgu02NjAy) | [Подписаться](https://t.me/+LV7tr2_vgu02NjAy)","""Such bullshit you can't hide from,"" the guy remarked, highly praising the 227-mm M30A1 rocket's devastating capability for HIMARS. 😏

[Informant] (https://t.me/+LV7tr2_vgu02NjAy) | [Subscribe] (https://t.me/+LV7tr2_vgu02NjAy)",,,,,
2080,2080,9081,"**Россия готовит оборонительные укрепления в 60 километрах (!) от линии фронта. Россияне не исключают дальнейших крупных украинских прорывов**, — [сообщает](https://twitter.com/DefenceHQ/status/1593489142201163777) британская разведка

[Информатор](https://t.me/+LV7tr2_vgu02NjAy) | [Подписаться](https://t.me/+LV7tr2_vgu02NjAy)","**Russia is preparing defensive fortifications 60 kilometers (!) from the front line. Russians do not rule out further major Ukrainian breakthroughs**, — reports the British intelligence.

[Source](https://t.me/+LV7tr2_vgu02NjAy) | [Subscribe](https://t.me/+LV7tr2_vgu02NjAy)",,,,,
2081,2081,9082,"**⚡️К одной из российских** **ракет X-55, сбитой вчера над Киевом, был ""прикручен"" блок, выступавший имитатором ядерной боеголовки,** —[ Defense Express](https://defence-ua.com/weapon_and_tech/rosija_zapuskaje_po_ukrajini_krilati_raketi_z_imitatorom_jadernoji_bojegolovki-9677.html)

Проще говоря: россияне взяли как минимум одну Х-55 из своего ""ядерного арсенала"", ""открутили"" от этой ракеты ядерную боеголовку и вместо нее поставили пустую ""болванку"".

Это значит, что у РФ критически низкие запасы крылатых ракет, если на подходе крылатые ракеты из ""ядерного арсенала"".

[Информатор](https://t.me/+LV7tr2_vgu02NjAy) | [Подписаться](https://t.me/+LV7tr2_vgu02NjAy)","To one of the Russian X-55 cruise missiles shot down over Kyiv yesterday, a block was attached that served as an imitator of a nuclear warhead. —[Defense Express](https://defence-ua.com/weapon_and_tech/rosija_zapuskaje_po_ukrajini_krilati_raketi_z_imitatorom_jadernoji_bojegolovki-9677.html)

In simpler terms: The Russians took at least one X-55 from their ""nuclear arsenal,"" removed the nuclear warhead from this missile, and replaced it with a dummy ""stand-in.""

This suggests that Russia has critically low stocks of cruise missiles in its ""nuclear arsenal,"" with cruise missiles being used as stand-ins. —[Informer](https://t.me/+LV7tr2_vgu02NjAy) | [Subscribe](https://t.me/+LV7tr2_vgu02NjAy)",,,,,
2082,2082,9083,"**Сегодня в Украине не будет аварийных отключений света, только стабилизационные, – ДТЭК

**Максимальное время отключения света будет составлять 4 часа.

Конечно, если русня не устроит новый массированный удар по инфраструктуре.

[Информатор](https://t.me/+LV7tr2_vgu02NjAy) | [Подписаться](https://t.me/+LV7tr2_vgu02NjAy)","**There will be no emergency power cuts in Ukraine today, only stabilization cuts, – DTEK

**The maximum duration of power outages will be 4 hours.

Of course, if the russophones are not satisfied with another massive strike on infrastructure.

[Informer](https://t.me/+LV7tr2_vgu02NjAy) | [Subscribe](https://t.me/+LV7tr2_vgu02NjAy)",,,,,
2083,2083,9084,"**Коротко о ситуации с электроэнергией: в Одессе люди радуются свету и кричат в окна 

**[Информатор](https://t.me/+LV7tr2_vgu02NjAy) | [Подписаться](https://t.me/+LV7tr2_vgu02NjAy)","**Briefly about the electricity situation: In Odessa, people are rejoicing with lights on and shouting through windows.**

[Informant](https://t.me/+LV7tr2_vgu02NjAy) | [Subscribe](https://t.me/+LV7tr2_vgu02NjAy)",,,,,
2084,2084,9085,"**В Киеве хирурги **[**провели операцию**](https://www.facebook.com/photo?fbid=550579160411449&set=a.442243584578341)** на сердце без электричества.** Русня, с кем вы воюете?

[Информатор](https://t.me/+LV7tr2_vgu02NjAy) | [Подписаться](https://t.me/+LV7tr2_vgu02NjAy)","In Kyiv, surgeons performed a heart operation without electricity. Russiya, against whom are you fighting?

[Informant](https://t.me/+LV7tr2_vgu02NjAy) | [Subscribe](https://t.me/+LV7tr2_vgu02NjAy)",,,,,
2085,2085,9086,"⚡️**Война может закончиться до того, как ВСУ освободят все оккупированные территории, — Подоляк

**Это может случиться, например,** с освобождением Луганска, или Донецка, которые под оккупацией более 8 лет.** Падут символы пропаганды, и **российским элитам прийдется в срочном порядке перестраиваться**, или продолжить падение.

[Информатор](https://t.me/+LV7tr2_vgu02NjAy) | [Подписаться](https://t.me/+LV7tr2_vgu02NjAy)","⚡️**The war could end before the Ukrainian Armed Forces liberate all occupied territories,** — Podolyak

**This could happen, for example,** with the liberation of Lugansk or Donetsk, which have been under occupation for over 8 years.** The symbols of propaganda will fall, and **Russian elites will have to urgently restructure,** or continue their decline.

[Informer](https://t.me/+LV7tr2_vgu02NjAy) | [Subscribe](https://t.me/+LV7tr2_vgu02NjAy)",,,,,
2086,2086,9087,"**""Сегодняшнее решение Гааги по сбитому малазийскому Боингу — важный сигнал для восстановления справедливости в мире. Каждое российское военное преступление, каждый их террористический удар получит свой юридический ответ"", — Президент в новом обращении

**[Информатор](https://t.me/+LV7tr2_vgu02NjAy) | [Подписаться](https://t.me/+LV7tr2_vgu02NjAy)","Today's Hague ruling on the downed Malaysian Boeing is a crucial signal for restoring justice in the world. Every Russian military crime, every terrorist strike will receive its legal response,"" — the President said in a new statement.

[Source: Informer](https://t.me/+LV7tr2_vgu02NjAy) | [Subscribe](https://t.me/+LV7tr2_vgu02NjAy)",,,,,
2087,2087,9088,"**❗️Ситуация будет ухудшаться: мэр Франковска **[**призвал**](https://www.facebook.com/zahpolus/videos/3409801969304856)** жителей многоэтажек на зиму переехать в село🤷🏻‍♂️

**""Надо готовиться к худшему. К тому, что **света может не быть днями, а не часами. И я это серьезно говорю. **Есть время, чтобы подготовиться. Мой прогноз – **полторы две недели, для того, чтобы подготовиться к масштабным отключениям**, если враг дальше будет продолжать такие обстрелы"", – отметил Марцинкив.

Приехали.

[Информатор](https://t.me/+LV7tr2_vgu02NjAy) | [Подписаться](https://t.me/+LV7tr2_vgu02NjAy)","**❗️The situation will worsen: the mayor of Frakhiv [urged](https://www.facebook.com/zahpolus/videos/3409801969304856) residents of high-rise buildings to move to the countryside for the winter. 🤷🏻‍♂️

""We need to prepare for the worst. For days without electricity, not just hours. And I am being serious. There is time to prepare. My forecast is two weeks, to prepare for large-scale power outages, if the enemy continues such attacks,"" Marznikiv noted.

That's all.

[Source](https://t.me/+LV7tr2_vgu02NjAy) | [Subscribe](https://t.me/+LV7tr2_vgu02NjAy)",,,,,
2088,2088,9089,"**Донецк**. Жители без воды с 1 мая и треть города сейчас без отопления. Зимой будут умирать от холода

Это всё, что нужно знать о ""русском мире"".

[Информатор](https://t.me/+LV7tr2_vgu02NjAy) | [Подписаться](https://t.me/+LV7tr2_vgu02NjAy)","**Donetsk**. Residents have been without water since May 1st, and a third of the city is currently without heating. People will freeze to death in the winter.

That's all you need to know about the ""Russian world.""

[Informer](https://t.me/+LV7tr2_vgu02NjAy) | [Subscribe](https://t.me/+LV7tr2_vgu02NjAy)",,,,,
2089,2089,9090,"Пишут, что в** декабре-январе в РФ хотят объявить всеобщую мобилизацию. **А куда уже мобилизированные 300 тысяч подевались?😏

[Информатор](https://t.me/+LV7tr2_vgu02NjAy) | [Подписаться](https://t.me/+LV7tr2_vgu02NjAy)","They say that in December-January, Russia plans to declare general mobilization. But where have the already mobilized 300,000 gone? 😏

[Informant] (https://t.me/+LV7tr2_vgu02NjAy) | [Subscribe] (https://t.me/+LV7tr2_vgu02NjAy)",,,,,
2090,2090,9091,"**""Они разделывали маленьких детей, как скотину"", — русня откопала очередного клоуна, который поведал о ""зверствах нацистов"" в Изюме**🤡

А узнал российский вояка эту историю, наверное, от ""украинских боевиков"", которые, конечно же, ""были под наркотиками"".

[Информатор](https://t.me/+LV7tr2_vgu02NjAy) | [Подписаться](https://t.me/+LV7tr2_vgu02NjAy)","""They butchered children like livestock,"" — the Russophile dug up another clown who talked about the ""atrocity of Nazis"" in Izium. The Russian soldier probably learned this story from ""Ukrainian militants,"" who, of course, were ""on drugs.""

[Informer](https://t.me/+LV7tr2_vgu02NjAy) | [Subscribe](https://t.me/+LV7tr2_vgu02NjAy)",,,,,
2091,2091,9092,"**У США заканчивается некоторое вооружение и боеприпасы, которые нужны Украине, — CNN

**По словам [источников](https://edition.cnn.com/europe/live-news/russia-ukraine-war-news-11-17-22/h_640ed97482b5883d3eb7456f7e235696) издания, среди систем вооружений, которые вызывают особую обеспокоенность - 155-мм артиллерийские боеприпасы и переносные зенитные ракеты Stinger.

[Информатор](https://t.me/+LV7tr2_vgu02NjAy) | [Подписаться](https://t.me/+LV7tr2_vgu02NjAy)","**The U.S. is running out of some weaponry and ammunition that Ukraine needs, according to CNN.

**Sources cited by the publication say that among the weapon systems causing particular concern are 155-mm artillery shells and Stinger portable surface-to-air missiles.

[Informer] | [Subscribe]",,,,,
2092,2092,9093,"**Украинцы хотят обменять украденного из Херсона енота на одесский памятник Екатерине II

**Петиция появилась на сайте президента Украины 15 ноября. Она уже набрала 2137 голосов из 25 000 необходимых.

Отдайте енота, одичалые.

[Информатор](https://t.me/+LV7tr2_vgu02NjAy) | [Подписаться](https://t.me/+LV7tr2_vgu02NjAy)","**Ukrainians want to trade the raccoon stolen from Kherson for an Odessa monument to Catherine II.**

**A petition appeared on the President of Ukraine's website on November 15. It has already gathered 2,137 out of 25,000 required signatures.**

Give back the raccoon, feral one.

[Informer](https://t.me/+LV7tr2_vgu02NjAy) | [Subscribe](https://t.me/+LV7tr2_vgu02NjAy)",,,,,
2093,2093,9094,"**На фронте погиб воевавший за Украину герой популярного видео ""Ярік, бачок потік""

**[Информатор](https://t.me/+LV7tr2_vgu02NjAy) | [Подписаться](https://t.me/+LV7tr2_vgu02NjAy)","On the front, a hero who fought for Ukraine in the popular video ""Yarik, the Sock Has Fallen"" has died.

[Informant] (https://t.me/+LV7tr2_vgu02NjAy) | [Subscribe] (https://t.me/+LV7tr2_vgu02NjAy)",,,,,
2094,2094,9095,"**Лукашенко разогнался на тракторе 280км/час**. **А чего добился ты**?🤡

Видео - нарезка. Но смешно.

[Информатор](https://t.me/+LV7tr2_vgu02NjAy) | [Подписаться](https://t.me/+LV7tr2_vgu02NjAy)","**Lukashenko sped off on a tractor at 280 km/h. And what have you achieved?** 🤡

The video is a montage, but it's funny.

[Informer](https://t.me/+LV7tr2_vgu02NjAy) | [Subscribe](https://t.me/+LV7tr2_vgu02NjAy)",,,,,
2095,2095,9096,"**⚡️Нанесенный энергосистеме Украины ущерб приближается к критическому, — **[**еврокомиссар **](https://twitter.com/JanezLenarcic/status/1593248233626615811)**по антикризисному управлению Янез Ленарчич

**[Информатор](https://t.me/+LV7tr2_vgu02NjAy) | [Подписаться](https://t.me/+LV7tr2_vgu02NjAy)","**⚡️The damage inflicted on Ukraine's energy system is approaching critical levels,** — **European Commissioner for Crisis Management Janez Lenarčič**

*[Source: [Informer](https://t.me/+LV7tr2_vgu02NjAy) | [Subscribe](https://t.me/+LV7tr2_vgu02NjAy)]*",,,,,
2096,2096,9097,"**❗️Гаагский суд заочно приговорил Гиркина, Дубинского и Харченко к пожизненным срокам

**[Информатор](https://t.me/+LV7tr2_vgu02NjAy) | [Подписаться](https://t.me/+LV7tr2_vgu02NjAy)","**❗️The Hague Court sentenced Girkin, Dubinko, and Kharchenko in absentia to life sentences.**

[Informant](https://t.me/+LV7tr2_vgu02NjAy) | [Subscribe](https://t.me/+LV7tr2_vgu02NjAy)",,,,,
2097,2097,9098,"⚡️ **Израиль приобрел ""стратегическое оборудование"" для Украины на миллионы долларов и разрешил странам НАТО** **передавать Украине израильские системы вооружения, **— [**Haaretz

**](https://www.haaretz.co.il/blogs/yossimelman/2022-11-17/ty-article/.premium/00000184-8163-d85a-a584-cd6358860000)Сообщается, что **закупленное оборудование будет передано через страну НАТО**, поставляющую оружие Украине и пока будет разовой акцией. Решение о том, продолжать ли такую помощь дальше, **примет уже новое правительство, которое вступает в полномочия.

**Помимо прочего, по данным американских источников, **Израиль тайно помогает Украине в сфере разведки.

**[Информатор](https://t.me/+LV7tr2_vgu02NjAy) | [Подписаться](https://t.me/+LV7tr2_vgu02NjAy)","⚡️ **Israel purchased ""strategic equipment"" for Ukraine in millions of dollars and allowed NATO countries to transfer Israeli weapons systems to Ukraine.** — [Haaretz

**It is reported that the purchased equipment will be transferred through a NATO country supplying weapons to Ukraine, and this will likely be a one-time transaction. The decision on whether to continue such assistance will be made by the new government, which is set to take office.**

**In addition, according to American sources, Israel has secretly assisted Ukraine in intelligence gathering.** 

[Source](https://t.me/+LV7tr2_vgu02NjAy) | [Subscribe](https://t.me/+LV7tr2_vgu02NjAy)",,,,,
2098,2098,9099,"**⚡️Гиркин, Харченко и Дубинский **признаны виновными в крушении гражданского самолёта и в убийстве 298 человек. Пулатова признали **невиновным** (он, к слову, уже умер)

Также,** **суд в Гааге заявил, что **ЗРК ""Бук"", из которого был сбит MH17, привезли из России в ""ДНР"", а потом вывезли обратно, чтобы скрыть доказательства**.

При этом инстанция отметила, что действия экипажа ЗРК установить невозможно, также **непонятно, кто дал команду о запуске ракеты.** Также суд в Гааге считает, что целью запуска ракеты, сбившей «Боинг», был **военный самолет.

UPD: Общая сумма компенсации родственникам погибших при крушении MH17 – 16 млн евро**.

[Информатор](https://t.me/+LV7tr2_vgu02NjAy) | [Подписаться](https://t.me/+LV7tr2_vgu02NjAy)","**⚡️Girkin, Kharchenko, and Dubinsky** were found guilty of the civilian plane crash and the murder of 298 people. Pultova was acquitted (he, by the way, has already passed away).

Also, the court in The Hague stated that the ""Buk"" missile system used to shoot down MH17 was brought from Russia to the ""Donetsk People's Republic"" and then returned to cover up evidence.

Meanwhile, the court noted that the actions of the missile crew cannot be established, and it is unclear who gave the order to launch the rocket. The court in The Hague also believes that the target of the rocket launch that downed the Boeing was a military aircraft.

UPD: The total compensation for the relatives of those killed in the MH17 crash amounts to 16 million euros.

[Source](https://t.me/+LV7tr2_vgu02NjAy) | [Subscribe](https://t.me/+LV7tr2_vgu02NjAy)",,,,,
2099,2099,9100,"**Ударами по критической инфраструктуре Украины Кремль принуждает Зеленского к переговорам, — Песков🤡

**[Информатор](https://t.me/+LV7tr2_vgu02NjAy) | [Подписаться](https://t.me/+LV7tr2_vgu02NjAy)","The Kremlin is forcing Zelensky to the negotiating table by targeting Ukraine's critical infrastructure with attacks, — Peskov 🤡

[Informant](https://t.me/+LV7tr2_vgu02NjAy) | [Subscribe](https://t.me/+LV7tr2_vgu02NjAy)",,,,,
2100,2100,9101,"**⚡️Гаагский суд признал, что боевиков ""ДНР"" с 2014 года контролирует РФ, а значит война на Донбассе квалифицируется как международный вооруженный конфликт 

**Об этом сообщила голландский эксперт по правовым вопросам Мариеке де Хоон.

Таким образом, официально, Украина воюет с Россией с 2014 года.

[Информатор](https://t.me/+LV7tr2_vgu02NjAy) | [Подписаться](https://t.me/+LV7tr2_vgu02NjAy)","**⚡️The Hague court acknowledged that the ""Donetsk People's Republic"" separatists have been controlled by Russia since 2014, which means the war in Donbas is classified as an international armed conflict.

This was reported by Dutch legal expert Mariëke de Hoop.

Thus, officially, Ukraine has been at war with Russia since 2014.

[Source](https://t.me/+LV7tr2_vgu02NjAy) | [Subscribe](https://t.me/+LV7tr2_vgu02NjAy)",,,,,
2101,2101,9102,"**⚡️Историческое событие: Суд в Гааге выносит приговор по делу МН17 - малайзийского Боинга, сбитого в небе над Донбассом в 2014 году

**На данный момент, суд постановил, что **самолет был сбит из ЗРК ""Бук"", ракетой, запущенной со стороны Первомайского**, который тогда контролировали боевики ""ДНР"". В ударе по гражданскому самолёту обвиняется, в том числе, Стрелков-Гиркин.

Тогда **погибли 298 человек.** И только спустя 8 лет проходит суд в Гааге.

[Информатор](https://t.me/+LV7tr2_vgu02NjAy) | [Подписаться](https://t.me/+LV7tr2_vgu02NjAy)","**⚡️Historical Event: The Hague Court Renders Verdict in the MH17 Case - the Downfall of a Malaysian Boeing over Donetsk in 2014**

At this point, the court has ruled that the plane was shot down by a ""Buk"" surface-to-air missile, launched from the area controlled by separatists near Pervomaisky at the time. Among those accused in the civilian aircraft strike is Strelkov-Girkin.

A total of **298 people died**. It took eight years for the trial to take place in The Hague.

[Source](https://t.me/+LV7tr2_vgu02NjAy) | [Subscribe](https://t.me/+LV7tr2_vgu02NjAy)",,,,,
2102,2102,9103,"**❗️Нужно быть готовым к тому, что электроэнергии не будет днями

**Также главное:
▪️плановыми в Украине будут не отключения, а включения;
**▪️Количество часов, когда свет будут включать, короткое - **2,3 часа максимум;
▪️В Украине сейчас остаются **без света 40% потребителей.

**Об этом сообщил исполнительный директор ДТЭК Дмитрий Сахарук. 

[Информатор](https://t.me/+LV7tr2_vgu02NjAy) | [Подписаться](https://t.me/+LV7tr2_vgu02NjAy)","**❗️Be prepared for days without electricity.

**Also, the key points are:
▪️In Ukraine, planned outages will actually be scheduled power-ups;
**▪️The duration of the power-ups when the lights will be on is short - a maximum of 2.3 hours;
▪️Currently, 40% of consumers in Ukraine remain without power.

This was reported by the CEO of DTEK, Dmitry Sakharuk.

[Informant](https://t.me/+LV7tr2_vgu02NjAy) | [Subscribe](https://t.me/+LV7tr2_vgu02NjAy)",,,,,
2103,2103,9104,"**Киевляне, выдыхайте: многие СМИ сейчас пишут, что ""света в Киеве может не быть неделю"" и ссылаются на слова ""гендиректора ДТЭК Григорьева""

**Вот только Григорьев гендир ДТЭК конкретно Одесского филиала и говорил он об Одесской области, а не о Киевщине🤷🏻‍♂️

Читайте проверенные источники.

[Информатор](https://t.me/+LV7tr2_vgu02NjAy) | [Подписаться](https://t.me/+LV7tr2_vgu02NjAy)","Kyiv residents, take a breath: many media outlets are currently reporting that ""there may be no electricity in Kyiv for a week,"" citing statements from ""DTEK CEO Grigoriev.""

However, Grigoriev is the CEO of the DTEK Odessa branch and he was talking about the Odessa region, not Kyiv Oblast. 🤷🏻‍♂️

Read verified sources.

[Informer](https://t.me/+LV7tr2_vgu02NjAy) | [Subscribe](https://t.me/+LV7tr2_vgu02NjAy)",,,,,
2104,2104,9105,"**⚡️Российские войска после отступления с правобережья Херсонщины могут перебросить свои силы на Донбасс, Запорожское направление или попытаться совершить повторное вторжение (!) из Беларуси

**Об этом сообщил замначальника ГОУ Генштаба Громов.

[Информатор](https://t.me/+LV7tr2_vgu02NjAy) | [Подписаться](https://t.me/+LV7tr2_vgu02NjAy)","**⚡️Russian troops, after retreating from the right bank of Kherson Oblast, may redeploy their forces to the Donbas, Zaporizhzhia direction, or attempt a repeat invasion (!) from Belarus.

This was reported by Deputy Chief of the General Staff Gromov.**

[Source](https://t.me/+LV7tr2_vgu02NjAy) | [Subscribe](https://t.me/+LV7tr2_vgu02NjAy)",,,,,
2105,2105,9106,"⚡️**В Украине больше нет коррупции. Все коррупционеры уехали из страны и мы сделаем всё, чтобы они не вернулись, — Зеленский

**Также Президент заявил, что:
▪️Украина может возобновит транзит российского аммиака в случае **обмена военнопленными ""всех на всех"";
**▪️Украина **будет участвовать в расследовании обстоятельств падения ракет** в Польше;
▪️мы будет готовы вести с РФ переговоры, когда **Россия выведет войска и признает, что то, что она сделала — трагедия.

**[Информатор](https://t.me/+LV7tr2_vgu02NjAy) | [Подписаться](https://t.me/+LV7tr2_vgu02NjAy)","⚡️**There is no corruption in Ukraine anymore. All corrupt officials have left the country and we will do everything to ensure they never return, — Zelensky.**

**The President also stated that:**
- **Ukraine may resume the transit of Russian ammonia through the country if there is an exchange of prisoners ""man for man"";**
- **Ukraine will participate in the investigation into the circumstances of the rocket falls in Poland;**
- **We are ready to engage in negotiations with Russia when it withdraws its troops and acknowledges that what it has done is a tragedy.**

**[Informer](https://t.me/+LV7tr2_vgu02NjAy) | [Subscribe](https://t.me/+LV7tr2_vgu02NjAy)**",,,,,
2106,2106,9107,"**Беларусские пограничники показали стену, которую украинская сторона оборудует на границе в Волынской области

**Беларусам почему-то не нравится, что мы от них ограждаемся.

[Информатор](https://t.me/+LV7tr2_vgu02NjAy) | [Подписаться](https://t.me/+LV7tr2_vgu02NjAy)","**Belarussian border guards showed the wall that the Ukrainian side is installing at the border in Volyn Oblast.

For some reason, Belarussians don't like that we are fencing them off.

[Informer](https://t.me/+LV7tr2_vgu02NjAy) | [Subscribe](https://t.me/+LV7tr2_vgu02NjAy)",,,,,
2107,2107,9108,"**❗️Россия сегодня осуществила массированный обстрел газодобывающей инфраструктуры Украины: несколько объектов разрушено, ещё несколько получили повреждения разной степени, — **[""Нафтогаз""

](https://www.naftogaz.com/news/oleksiy-chernyshov-pidtverdyv-poshkodzhennya-ob-ektiv-grupy-naftogaz-vnaslidok-raketnogo-obstrilu)[Информатор](https://t.me/+LV7tr2_vgu02NjAy) | [Подписаться](https://t.me/+LV7tr2_vgu02NjAy)","**❗️Russia today carried out a massive attack on Ukraine's gas infrastructure: several facilities were destroyed, while others sustained varying degrees of damage. — [""Naftogaz""

](https://www.naftogaz.com/news/oleksiy-chernyshov-pidtverdyv-poshkodzhennya-ob-ektiv-grupy-naftogaz-vnaslidok-raketnogo-obstrilu)[Informator](https://t.me/+LV7tr2_vgu02NjAy) | [Subscribe](https://t.me/+LV7tr2_vgu02NjAy)",,,,,
2108,2108,9109,"**Российские оккупанты зафиксировали френдлифайер во время бегства с правого берега Херсонщины

**[Информатор](https://t.me/+LV7tr2_vgu02NjAy) | [Подписаться](https://t.me/+LV7tr2_vgu02NjAy)","Russian-speaking occupiers recorded a friendly fire incident during the evacuation from the right bank of Kherson Oblast.

[Informant](https://t.me/+LV7tr2_vgu02NjAy) | [Subscribe](https://t.me/+LV7tr2_vgu02NjAy)",,,,,
2109,2109,9110,"Кима жалко. Хорошо, что мы можем такое написать😂

[Информатор](https://t.me/+LV7tr2_vgu02NjAy) | [Подписаться](https://t.me/+LV7tr2_vgu02NjAy)","Kima is sad. At least we can write about it😂

[Informant](https://t.me/+LV7tr2_vgu02NjAy) | [Subscribe](https://t.me/+LV7tr2_vgu02NjAy)",,,,,
2110,2110,9111,"Так выглядит пальто сотрудницы мэрии Днепра после ракетного удара. Русня - террористы.

[Информатор](https://t.me/+LV7tr2_vgu02NjAy) | [Подписаться](https://t.me/+LV7tr2_vgu02NjAy)","Here is the translation:

This is how the coat of a Dnipro city employee looks after a rocket strike. Russians - terrorists.

[Source](https://t.me/+LV7tr2_vgu02NjAy) | [Subscribe](https://t.me/+LV7tr2_vgu02NjAy)",,,,,
2111,2111,9112,"❗️**Видео прилета по Днепру. **Видео опубликовал Зеленский. Известно о 14 пострадавших.

[Информатор](https://t.me/+LV7tr2_vgu02NjAy) | [Подписаться](https://t.me/+LV7tr2_vgu02NjAy)","❗️**Video of the flight over the Dnieper.** The video was posted by Zelensky. It is known that 14 people were injured.

[Informant](https://t.me/+LV7tr2_vgu02NjAy) | [Subscribe](https://t.me/+LV7tr2_vgu02NjAy)",,,,,
2112,2112,9113,"**Пошли отбои тревог по областям. **Ракеты, о которых [сообщал Ким](https://t.me/ukrinformator/29297), судя по всему, сбили.

[Информатор](https://t.me/+LV7tr2_vgu02NjAy) | [Подписаться](https://t.me/+LV7tr2_vgu02NjAy)","**Alerts are being reported across the regions.** The rockets mentioned by Kim, according to the available information, were apparently intercepted.

[Informer](https://t.me/+LV7tr2_vgu02NjAy) | [Subscribe](https://t.me/+LV7tr2_vgu02NjAy)",,,,,
2113,2113,9114,"⚡️**""Еще ракеты с Черного моря. Остаемся в укрытиях"", — **глава Николаевской ОВА Ким.

[Информатор](https://t.me/+LV7tr2_vgu02NjAy) | [Подписаться](https://t.me/+LV7tr2_vgu02NjAy)","⚡️**""More rockets from the Black Sea. We remain in shelters,""** — Head of Nikopol Oblast Administration Kim.

[Informant](https://t.me/+LV7tr2_vgu02NjAy) | [Subscribe](https://t.me/+LV7tr2_vgu02NjAy)",,,,,
2114,2114,9115,"**⚡️Дроны-""мопеды"" замечены в Киевской, Винницкой и Николаевской областях. 2 из них уже сбили над Киевским водохранилищем

**[Информатор](https://t.me/+LV7tr2_vgu02NjAy) | [Подписаться](https://t.me/+LV7tr2_vgu02NjAy)","**⚡️Drones resembling mopeds have been spotted in Kyiv, Vinnytsia, and Nikolayev oblasts. Two of them were shot down over Kyiv reservoir.**

[Source: Informer](https://t.me/+LV7tr2_vgu02NjAy) | [Subscribe](https://t.me/+LV7tr2_vgu02NjAy)",,,,,
2115,2115,9116,"**❗️Новые российские ракетные удары по Украине нацелены на объекты газодобычи, — премьер-министр Шмыгаль

**""Сейчас над Киевом пролетают ракеты. Сейчас бомбят нашу газодобычу, бомбят наши предприятия в Днепре, ""Южмаш"", - заявил он.

[Информатор](https://t.me/+LV7tr2_vgu02NjAy) | [Подписаться](https://t.me/+LV7tr2_vgu02NjAy)","**❗️Russian missile strikes on Ukraine target gas extraction facilities, Prime Minister Shmygal said.**

""Right now, rockets are flying over Kyiv. They are bombing our gas extraction sites and our enterprises in Dnipro, such as 'Yuzhmash,' "" he stated.

[Informer](https://t.me/+LV7tr2_vgu02NjAy) | [Subscribe](https://t.me/+LV7tr2_vgu02NjAy)",,,,,
2116,2116,9117,"**⚡️Из-за резкого похолодания в Украине выросло потребление электроэнергии, поэтому 17 ноября по всей стране (!) будут как плановые так и аварийные отключения электричества, — ""Укрэнерго""

**Запаситесь водой, зарядите павербанки.

[Информатор](https://t.me/+LV7tr2_vgu02NjAy) | [Подписаться](https://t.me/+LV7tr2_vgu02NjAy)","**⚡️Due to the sudden cold snap in Ukraine, electricity consumption has increased, so on November 17th, there will be both scheduled and emergency power outages throughout the country (!),— Ukrenergo

Stock up on water, charge your power banks.

[Informant](https://t.me/+LV7tr2_vgu02NjAy) | [Subscribe](https://t.me/+LV7tr2_vgu02NjAy)",,,,,
2117,2117,9118,"**❗️Сообщают о взрывах в Винницкой области. Работает ПВО. 

**[Информатор](https://t.me/+LV7tr2_vgu02NjAy) | [Подписаться](https://t.me/+LV7tr2_vgu02NjAy)","**❗️Explosions reported in Vinnytsia Oblast. Air defense is operating.

[Source](https://t.me/+LV7tr2_vgu02NjAy) | [Subscribe](https://t.me/+LV7tr2_vgu02NjAy)",,,,,
2118,2118,9119,"**⚡️Над Киевской область сейчас сразу несколько ракет. На видео звук пролета ракеты над Киевом. Повышенная опасность сейчас в столице

**[Информатор](https://t.me/+LV7tr2_vgu02NjAy) | [Подписаться](https://t.me/+LV7tr2_vgu02NjAy)","**⚡️Several rockets are currently flying over Kyiv Oblast. There is video of the sound of a rocket passing over Kyiv. The danger level is high in the capital right now.

[Informant](https://t.me/+LV7tr2_vgu02NjAy) | [Subscribe](https://t.me/+LV7tr2_vgu02NjAy)**",,,,,
2119,2119,9120,"**❗️Во Львовской области пишут о взрывах: работает ПВО

**Также,** в Днепре зафиксированы попадания в два объекта инфраструктуры.

UPD: глава ОВА предварительно не подтверждает звуки взрывов на Львовщине.

**[Информатор](https://t.me/+LV7tr2_vgu02NjAy) | [Подписаться](https://t.me/+LV7tr2_vgu02NjAy)","**❗️In Lviv Oblast, explosions are reported: air defense is operating.

Also, in Dnipro, impacts on two infrastructure objects have been recorded.

UPDATE: The head of the OVA preliminarily does not confirm the sounds of explosions in Lviv Oblast.

**[Source](https://t.me/+LV7tr2_vgu02NjAy) | [Subscribe](https://t.me/+LV7tr2_vgu02NjAy)**",,,,,
2120,2120,9121,"**❗️Есть угроза массированного ракетного удара по всей территории Украины, — глава Одесской ОВА

**Идите в укрытия.

[Информатор](https://t.me/+LV7tr2_vgu02NjAy) | [Подписаться](https://t.me/+LV7tr2_vgu02NjAy)","**❗️There is a threat of a massive rocket strike on the entire territory of Ukraine, — the head of the Odessa Oblast Administration.

**Go to shelter.

[Informant](https://t.me/+LV7tr2_vgu02NjAy) | [Subscribe](https://t.me/+LV7tr2_vgu02NjAy)",,,,,
2121,2121,9122,"**⚡️В Беларуси взлетел МиГ-31К ВКС РФ носитель ""Кинжалов"". Это первый взлет во время воздушной тревоги и пусков ракет с других направлений, поэтому могут быть запуски с Беларуси. Будьте в укрытиях

**[Информатор](https://t.me/+LV7tr2_vgu02NjAy) | [Подписаться](https://t.me/+LV7tr2_vgu02NjAy)","**⚡️In Belarus, an MiG-31K from the Russian Air Force took off carrying Kinzhals. This is the first takeoff during a air raid alert, with missile launches from other directions, so there may be launches from Belarus. Seek shelter.

[Source](https://t.me/+LV7tr2_vgu02NjAy) | [Subscribe](https://t.me/+LV7tr2_vgu02NjAy)**",,,,,
2122,2122,9123,"**❗️В Киеве взрыв.Пишут** о работе ПВО в области.

[Информатор](https://t.me/+LV7tr2_vgu02NjAy) | [Подписаться](https://t.me/+LV7tr2_vgu02NjAy)","**❗️An explosion in Kyiv. Reports** mention the operation of air defense systems in the area.

[Source](https://t.me/+LV7tr2_vgu02NjAy) | [Subscribe](https://t.me/+LV7tr2_vgu02NjAy)",,,,,
2123,2123,9124,"Вот такое вот летает в небе над Украиной сейчас.

[Информатор](https://t.me/+LV7tr2_vgu02NjAy) | [Подписаться](https://t.me/+LV7tr2_vgu02NjAy)","Here's what's flying over Ukraine in the sky right now.

[Informant](https://t.me/+LV7tr2_vgu02NjAy) | [Subscribe](https://t.me/+LV7tr2_vgu02NjAy)",,,,,
2124,2124,9125,"**❗️В Днепре 4 взрыва. **Предварительно, работа ПВО. UPD: В некоторых районах пропал свет.

[Информатор](https://t.me/+LV7tr2_vgu02NjAy) | [Подписаться](https://t.me/+LV7tr2_vgu02NjAy)","**❗️Four explosions in Dnipro.** Preliminary report: Air defense work. UPD: Power outages in some areas.

[Source](https://t.me/+LV7tr2_vgu02NjAy) | [Subscribe](https://t.me/+LV7tr2_vgu02NjAy)",,,,,
2125,2125,9126,"⚡️Расчетное время подлета ракет.

[Информатор](https://t.me/+LV7tr2_vgu02NjAy) | [Подписаться](https://t.me/+LV7tr2_vgu02NjAy)","⚡️Estimated rocket flight time.

[Informant](https://t.me/+LV7tr2_vgu02NjAy) | [Subscribe](https://t.me/+LV7tr2_vgu02NjAy)",,,,,
2126,2126,9127,"**⚡️Были пуски ракет. **Точное количество неизвестно. Но, по имеющейся информации, ракет пока не так много.

[Информатор](https://t.me/+LV7tr2_vgu02NjAy) | [Подписаться](https://t.me/+LV7tr2_vgu02NjAy)","**⚡️Rockets were launched.** The exact number is unknown. But, based on available information, there aren't many rockets yet.

[Source](https://t.me/+LV7tr2_vgu02NjAy) | [Subscribe](https://t.me/+LV7tr2_vgu02NjAy)",,,,,
2127,2127,9128,"**Масштабная воздушная тревога**. Есть угроза пуска крылатых ракет.

[Информатор](https://t.me/+LV7tr2_vgu02NjAy) | [Подписаться](https://t.me/+LV7tr2_vgu02NjAy)","**Large-scale air raid alert**. There is a threat of missile launches.

[Informant](https://t.me/+LV7tr2_vgu02NjAy) | [Subscribe](https://t.me/+LV7tr2_vgu02NjAy)",,,,,
2128,2128,9129,"**Стартап дня: мамкины бизнесмены предлагают ""зарезать ваш телефон"", недорого**,** в любое время**😁

Какие времена, такой и бизнес.

[Информатор](https://t.me/+LV7tr2_vgu02NjAy) | [Подписаться](https://t.me/+LV7tr2_vgu02NjAy)","**Daily Startup: Mompreneurs Offer ""Kill Your Phone"" at Affordable Prices, Anytime**😉

When the times change, so does the business.

[Informer](https://t.me/+LV7tr2_vgu02NjAy) | [Subscribe](https://t.me/+LV7tr2_vgu02NjAy)",,,,,
2129,2129,9130,"В Джанкое в Крыму исчез свет после «бавовны».

[Информатор](https://t.me/+LV7tr2_vgu02NjAy) | [Подписаться](https://t.me/+LV7tr2_vgu02NjAy)","In Yanki, Crimea, the power went out after a thunderstorm.

[Informant](https://t.me/+LV7tr2_vgu02NjAy) | [Subscribe](https://t.me/+LV7tr2_vgu02NjAy)",,,,,
2130,2130,9131,"**В Джанкое(Крым) взрывы

**Есть информация, что был прилёт в районе аэропорта, где кучненько стояли 80 единиц техники.

[Информатор](https://t.me/+LV7tr2_vgu02NjAy) | [Подписаться](https://t.me/+LV7tr2_vgu02NjAy)","**In Yanki (Crimea), Explosions**

**There is information that there was a flight in the area of the airport where 80 units of equipment were neatly parked.**

[Source](https://t.me/+LV7tr2_vgu02NjAy) | [Subscribe](https://t.me/+LV7tr2_vgu02NjAy)",,,,,
2131,2131,9132,"**Войска РФ в Запорожской области перешли в атаку

**Замысел российского командования - наступление на Васильково и Павлоград Днепропетровской области, чтобы взять в клещи Донецкую область.

В связи с этим, не исключена новая попытка наступать на Павлоград со стороны Харьковской области.

[Информатор](https://t.me/+LV7tr2_vgu02NjAy) | [Подписаться](https://t.me/+LV7tr2_vgu02NjAy)","**Russian troops in Zaporizhzhia Oblast have launched an attack.

The aim of the Russian command is to advance on Vasylkiv and Pavlograd in Dnipropetrovsk Oblast, in order to encircle Donetsk Oblast.

In light of this, there is a possibility of a new attempt to advance on Pavlograd from the direction of Kharkiv Oblast.

[Source](https://t.me/+LV7tr2_vgu02NjAy) | [Subscribe](https://t.me/+LV7tr2_vgu02NjAy)",,,,,
2132,2132,9133,"**⚡️Из-за **[**вчерашних атак**](https://t.me/c/1457892982/29155)** российских оккупантов, Хмельницкая и Ровенская АЭС были частично обесточены, — **[**МАГАТЭ

**](https://www.iaea.org/newscenter/pressreleases/update-127-iaea-director-general-statement-on-situation-in-ukraine)""**Ситуация с ядерной безопасностью в Украине может внезапно ухудшиться**, увеличивая риск ядерной аварийной ситуации"", — сказано в заявлении.

[Информатор](https://t.me/+LV7tr2_vgu02NjAy) | [Подписаться](https://t.me/+LV7tr2_vgu02NjAy)","**⚡️Due to the **[**Russian occupiers' attacks**](https://t.me/c/1457892982/29155)**, the Khmelnytskyi and Rovno nuclear power plants were partially deprived of power, — **[**IAEA

**](https://www.iaea.org/newscenter/pressreleases/update-127-iaea-director-general-statement-on-situation-in-ukraine)""**The nuclear safety situation in Ukraine may suddenly deteriorate, increasing the risk of a nuclear accident,**""**,** the statement said.

[Informer](https://t.me/+LV7tr2_vgu02NjAy) | [Subscribe](https://t.me/+LV7tr2_vgu02NjAy)",,,,,
2133,2133,9134,"**Ничего необычного, просто глава ЧВК ""Вагнер"" признался, что** **не берет в свои ряды ""петухов"", но дал идею создать из них отдельную ""петушиную дивизию""**, — росСМИ

Пригожин, говоря о заключенных, которых вербует на войну, заявил, что ""опущенным"" в ""Вагнере"" не место, но из них может получится годная ""пацанская гаубичная батарея"".

""Вагнер"", Пригожин, ""петухи"" с пулеметами. С кем мы воюем🤡

[Информатор](https://t.me/+LV7tr2_vgu02NjAy) | [Подписаться](https://t.me/+LV7tr2_vgu02NjAy)","**Nothing unusual here; it's just that the head of the private military company 'Wagner' admitted that they don't take 'roosters' into their ranks, but suggested creating a separate 'rooster division' instead.** — Russian media reported.

Prigozhin, when talking about prisoners he recruits for the war, stated that there is no place for the ""downed"" in 'Wagner,' but they could make a good ""guy battery"" with howitzers.

""Wagner,"" Prigozhin, ""roosters"" with machine guns. Who are we fighting against? 🤡

[Informer](https://t.me/+LV7tr2_vgu02NjAy) | [Subscribe](https://t.me/+LV7tr2_vgu02NjAy)",,,,,
2134,2134,9135,"**В Киеве сегодня выпал первый снег

**Также снегопад прогнозируется в пятницу. Температура воздуха опустится до -2 градусов. На дорогах ожидается гололедица, поэтому необходимо ""переобуть"" свои автомобили и не превышать скоростной режим.

[Информатор](https://t.me/+LV7tr2_vgu02NjAy) | [Подписаться](https://t.me/+LV7tr2_vgu02NjAy)","**Snow has fallen in Kyiv today.

**A snowstorm is also expected on Friday. The air temperature will drop to -2 degrees. Ice formation on roads is anticipated, so it's necessary to winterize your vehicles and adhere to speed limits.

[Informant](https://t.me/+LV7tr2_vgu02NjAy) | [Subscribe](https://t.me/+LV7tr2_vgu02NjAy)",,,,,
2135,2135,9136,"**Зеленский в вечернем обращении прокомментировал инцидент в Польше

**Президент заявил что:
▪️По ситуации в Польше необходимо выяснить,  как российская агрессия пересекла польскую границу;
▪️Украина открыта, и готова предоставить все данные и доказательства, и должна быть вовлечена в процесс расследования;
▪️почтил память всех, чьи жизни унесла эта российская война, минутой молчания.

Также, он сообщил, что восстановительные работы после ракетного удара ведутся в 18 областях и Киеве.

[Информатор](https://t.me/+LV7tr2_vgu02NjAy) | [Подписаться](https://t.me/+LV7tr2_vgu02NjAy)","**Zelensky in an evening address commented on the incident in Poland.

The president stated that:
- Regarding the situation in Poland, it is necessary to clarify how Russian aggression crossed the Polish border;
- Ukraine is open and ready to provide all data and evidence and should be involved in the investigation process;
- He observed a minute of silence in memory of all whose lives were taken by this Russian war.

He also reported that reconstruction efforts following the rocket strike are underway in 18 regions and Kyiv.

[Informant](https://t.me/+LV7tr2_vgu02NjAy) | [Subscribe](https://t.me/+LV7tr2_vgu02NjAy)",,,,,
2136,2136,9137,"❗️Домой возвращаться еще рано.** ""Пока украинские ПВО не будут сбивать хотя бы 90% ракет, власть не будет призывать украинцев возвращаться из-за границы"", — Зеленский

**""Сейчас у нас есть статистика — 70% сбиваем. Если бы сбивали 90-95%, мы бы сказали людям: ""это риск, но мы вам говорим откровенно: экономика государства без вас не может и умрет"", — заявил Президент.

[Информатор](https://t.me/+LV7tr2_vgu02NjAy) | [Подписаться](https://t.me/+LV7tr2_vgu02NjAy)","❗️It's still too early to return home. ""The authorities will not call on Ukrainians to return from abroad until Ukrainian air defenses bring down at least 90% of the rockets,"" said Zelensky.

""At the moment, our statistics show that 70% of rockets are being intercepted. If it were 90-95%, we would tell people: 'There is a risk, but we are being honest with you: the state economy cannot survive without you and will die,' "" the President stated.

[Informer](https://t.me/+LV7tr2_vgu02NjAy) | [Subscribe](https://t.me/+LV7tr2_vgu02NjAy)",,,,,
2137,2137,9138,"**❗️Президент Зеленский предложил западным партнерам ""публичный"" формат переговоров с Путиным

**""Я получил сигналы, что Путин хочет прямых переговоров. Я предложил публичную форму, потому что Россия ведет публичную войну"", – сказал Зеленский.

""Стадион так стадион""?😏

[Информатор](https://t.me/+LV7tr2_vgu02NjAy) | [Подписаться](https://t.me/+LV7tr2_vgu02NjAy)","**❗️President Zelensky offered Western partners a ""public"" format for negotiations with Putin.

""I received signals that Putin wants direct talks. I suggested a public format because Russia is waging a public war,"" said Zelensky.

""Stadium or no stadium""? 😏

[Informer](https://t.me/+LV7tr2_vgu02NjAy) | [Subscribe](https://t.me/+LV7tr2_vgu02NjAy)",,,,,
2138,2138,9139,"❗️**А вот и официальная реакция США на происшествие в Польше

▪️**США **возлагают на Россию ответственность за ракетный инцидент в Польше** вне зависимости от того, какими будут результаты расследования;
▪️США **доверяют польскому расследованию взрыва,** установившему, что инцидент, скорее всего, был вызван украинской ракетой ПВО;
▪️**Украина имела и имеет полное право защищать себя.

**[Информатор](https://t.me/+LV7tr2_vgu02NjAy) | [Подписаться](https://t.me/+LV7tr2_vgu02NjAy)","❗️**Here is the official reaction of the United States to the incident in Poland**

▪️**The United States is placing responsibility for the rocket incident in Poland on Russia, regardless of the outcome of the investigation;**
▪️**The United States trusts the Polish investigation into the explosion,** which concluded that the incident was most likely caused by a Ukrainian air defense missile;
▪️**Ukraine has and continues to have the right to defend itself.**

**[Informant](https://t.me/+LV7tr2_vgu02NjAy) | [Subscribe](https://t.me/+LV7tr2_vgu02NjAy)**",,,,,
2139,2139,9140,"**""Лондон из зе кепитал оф Грейт Британ"": беларусских разведчиков заставляют** **срочно учить английский

**Одна из вонских частей, задача которой ""радиоразведка и подавление линий связи противника"",  [разместила](https://goszakupki.by/marketing/view/914164) тендер на закупку соответствующих курсов.

Заказчики очень торопятся, поэтому ищут, кто бы занимался с ""орлами"" не отрывая их от программы боевой подготовки. Оно и понятно, ""шепот НАТО уже слышен на границе"", а беларусские защитники ничего не могут разобрать😄

[Информатор](https://t.me/+LV7tr2_vgu02NjAy) | [Подписаться](https://t.me/+LV7tr2_vgu02NjAy)","**""London is the capital of Great Britain"": Belarusian intelligence officers are rushing to learn English**

One of the military units, whose task is ""radio reconnaissance and disrupting enemy communication lines,"" has [posted](https://goszakupki.by/marketing/view/914164) a tender for purchasing the relevant courses.

The clients are in a hurry, so they are looking for someone who could teach the ""eagles"" without taking them away from their combat training program. It makes sense, as ""NATO whispers are already heard at the border,"" while Belarusian defenders can't make heads or tails of it 😄

[Informer](https://t.me/+LV7tr2_vgu02NjAy) | [Subscribe](https://t.me/+LV7tr2_vgu02NjAy)",,,,,
2140,2140,9141,"**Харьковского ""Барика"", ""Барабашки"", ""Барабана"" больше не будет: крупнейший промышленно-вещевой рынок Украины **[**снесут

**](https://www.facebook.com/barabashovo/posts/8328593157212315)Он получил огромные повреждения из-за российских обстрелов (первое видео), поэтому торговую часть сделают гораздо меньше, а на месте рынка построят ранее запланированную дорогу, жилые микрорайоны и офисные здания.

[Информатор](https://t.me/+LV7tr2_vgu02NjAy) | [Подписаться](https://t.me/+LV7tr2_vgu02NjAy)","The largest industrial and consumer goods market in Ukraine, ""Barikado,"" ""Babarki,"" and ""Babarna,"" will no longer exist: the market in Kharkiv will be demolished. It suffered massive damage from Russian shelling (see first video), so only a much smaller trading section will remain, with the rest of the land used for previously planned roads, residential areas, and office buildings.

[Informer] (https://t.me/+LV7tr2_vgu02NjAy) | [Subscribe] (https://t.me/+LV7tr2_vgu02NjAy)",,,,,
2141,2141,9142,"**⚡️""Я не сомневаюсь, что это была не наша ракета или не наш ракетный удар"", — заявил Зеленский, комментируя происшествие в Польше

**""Я уверен, что мы должны быть и будем (участвовать в расследовании)... Я хочу, чтобы мы были справедливыми и, **если это было использование нашего ПВО, то я хочу эти доказательства. **Сначала следствие, доступ и данные, которые у вас есть"", - добавил он.

[Информатор](https://t.me/+LV7tr2_vgu02NjAy) | [Подписаться](https://t.me/+LV7tr2_vgu02NjAy)","**⚡️""I have no doubt that this was not our rocket or a rocket strike by us,"" — Zelensky stated, commenting on the incident in Poland.**

""I am certain that we should and will participate in the investigation... I want us to be fair and, if it was the use of our air defense systems, I want to see the evidence. First, the investigation, access, and the data you have,"" he added.",,,,,
2142,2142,9143,"**Сын экс-президента США Трампа предложил прекратить или существенно снизить помощь Украине из-за падения ""украинской"" ракеты в Польше 🤷🏻‍♂️

**[Информатор](https://t.me/+LV7tr2_vgu02NjAy) | [Подписаться](https://t.me/+LV7tr2_vgu02NjAy)","The son of former US President Trump suggested stopping or significantly reducing aid to Ukraine due to the fall of a "" Ukrainian"" rocket in Poland 🤷🏻‍♂️

[Source](https://t.me/+LV7tr2_vgu02NjAy) | [Subscribe](https://t.me/+LV7tr2_vgu02NjAy)",,,,,
2143,2143,9144,"**Мины, ров и забор с колючей проволокой: так теперь выглядит граница с Беларусью в Ровенской области

**Отметим, что[ ранее ](https://t.me/c/1457892982/29168)в Минобороны заявили, что готовятся к отражению возможного вторжения оккупантов из Беларуси и **огневое поражение противника начнется, как только враг пересечет госграницу**.

[Информатор](https://t.me/+LV7tr2_vgu02NjAy) | [Подписаться](https://t.me/+LV7tr2_vgu02NjAy)","**Mines, ditches, and barbed wire fences: this is how the border with Belarus now looks in the Rovno region.**

It should be noted that [previously] (https://t.me/c/1457892982/29168), the Ministry of Defense stated that they are preparing to repel any possible invasion by occupiers from Belarus and that **the enemy will be engaged with fire as soon as they cross the state border**.

[Informer] (https://t.me/+LV7tr2_vgu02NjAy) | [Subscribe] (https://t.me/+LV7tr2_vgu02NjAy)",,,,,
2144,2144,9145,"**Цена победы: это берцы тяжелораненых защитников Украины в госпитале

**""Когда их привозят, санитары снимают их обувь на пороге госпиталя, перекладывают ребят с носилок на каталки, и везут в операционные! А берцы складывают вдоль стены"", - пишет Роман Бочкала.

У некоторых нет пары, вы понимаете, что это значит…

[Информатор](https://t.me/+LV7tr2_vgu02NjAy) | [Подписаться](https://t.me/+LV7tr2_vgu02NjAy)","**The Price of Victory: The Heavy Boots of Wounded Ukrainian Defenders in the Hospital**

""When they are brought in, the medics remove their boots at the hospital entrance, transfer the boys from stretchers to gurneys, and take them to the operating rooms! The boots are then stacked against the wall,"" writes Roman Bokała.

You understand what it means when some don't have a pair, right...

[Informer](https://t.me/+LV7tr2_vgu02NjAy) | [Subscribe](https://t.me/+LV7tr2_vgu02NjAy)",,,,,
2145,2145,9146,"⚡️**Украинские военные передали США информацию о том, что их система ПВО пыталась перехватить ракету неподалеку от места инцидента в Польше**, — CNN 

Как сообщил изданию анонимный источник, точной информации о том, действительно ли в Польше упала именно эта ракета ПВО, нет, но эти данные стали основой для текущей оценки ситуации Вашингтоном.

Украинская сторона информацию не комментирует, но ранее Данилов заявил, что Украина готова [предоставить доказательства ""российского следа](https://t.me/c/1352726486/45769)"" в происшествии в Польше и потребовал постоянного допуска к месту взрыва представителей ОБСЕ, Минобороны и Госпогранслужбы Украины.

[Информатор](https://t.me/+LV7tr2_vgu02NjAy) | [Подписаться](https://t.me/+LV7tr2_vgu02NjAy)","⚡️**Ukrainian military officials have provided the US with information that their air defense system attempted to intercept a missile near the site of the incident in Poland**, CNN reported.

According to an anonymous source cited by the publication, there is no definitive information confirming that the missile in question did indeed fall in Poland, but these data form the basis for Washington's current assessment of the situation.

The Ukrainian side has not commented on the information, but Danilov previously stated that Ukraine is ready to provide evidence of a ""Russian connection"" in the Polish incident and demanded permanent access to the explosion site for representatives of OSCE, the Ministry of Defense, and Ukraine's State Border Service.

[Source](https://t.me/+LV7tr2_vgu02NjAy) | [Subscribe](https://t.me/+LV7tr2_vgu02NjAy)",,,,,
2146,2146,9147,"Помните деда из Херсона, который [поднимал боевой дух местным](https://t.me/c/1457892982/19078)? Он жив. И он в Херсоне.🇺🇦

[Информатор](https://t.me/+LV7tr2_vgu02NjAy) | [Подписаться](https://t.me/+LV7tr2_vgu02NjAy)","Remember the grandfather from Kherson who [boosted the morale of the locals](https://t.me/c/1457892982/19078)? He's alive and he's in Kherson. 🇺🇦

[Informant](https://t.me/+LV7tr2_vgu02NjAy) | [Subscribe](https://t.me/+LV7tr2_vgu02NjAy)",,,,,
2147,2147,9148,"**❗️Рада продлила срок действия военного положения и общей мобилизации продлили на 90 дней до 19 февраля 2023 года

**[Информатор](https://t.me/+LV7tr2_vgu02NjAy) | [Подписаться](https://t.me/+LV7tr2_vgu02NjAy)","**❗️Ukraine has extended the duration of the martial law and general mobilization until February 19, 2023, for an additional 90 days.

**[Informant](https://t.me/+LV7tr2_vgu02NjAy) | [Subscribe](https://t.me/+LV7tr2_vgu02NjAy)",,,,,
2148,2148,9149,"**НАТО пока не будет закрывать небо над Украиной, так как это создаст ""риск непосредственного конфликта между НАТО и РФ""

**Об этом заявил представитель пресс-службы федерального правительства Германии Вольфганг Бюхнер после консультаций с членами альянса.

[Информатор](https://t.me/+LV7tr2_vgu02NjAy) | [Подписаться](https://t.me/+LV7tr2_vgu02NjAy)","**As long as NATO does not close the skies over Ukraine, it will create a ""risk of direct conflict between NATO and Russia,"" according to a spokesperson for Germany's federal government, Wolfgang Bühne, after consultations with alliance members.**

[Source](https://t.me/+LV7tr2_vgu02NjAy) | [Subscribe](https://t.me/+LV7tr2_vgu02NjAy)",,,,,
2149,2149,9150,"**Отакої. Появились фото машины Стремоусова, на которой он **[**попал в ДТП**](https://t.me/c/1457892982/28749)**. По какой-то причине на ней видны следы от пуль🤔

**Русня пишет, что кто-то просто для развлечения обстрелял авто после ДТП. Но все мы знаем, как работает ФСБ😏

[Информатор](https://t.me/+LV7tr2_vgu02NjAy) | [Подписаться](https://t.me/+LV7tr2_vgu02NjAy)","**What's up. Photos of Stremousov's car have appeared, in which he was involved in a car accident. For some reason, bullet traces can be seen on it🤔

The Ukrainian writes that someone just shot at the car for fun after the accident. But we all know how the FSB works😉

[Informer](https://t.me/+LV7tr2_vgu02NjAy) | [Subscribe](https://t.me/+LV7tr2_vgu02NjAy)",,,,,
2150,2150,9151,"**⚡️""Нет никаких доказательств того, что Россия готовит нападение на одну из стран НАТО"", — Генсек Альянса Столтенберг

**Он добавил, что финальных выводов пока нет и расследование продолжается, но Украина в происшествии не виновата. Вина полностью лежит на России.

Итак, итог:
▪️**НАТО не будет воевать с Россией**, забудьте о 5 статье;
▪️не будет даже 4 статьи, Польша отозвала запрос;
▪️**ПВО усилят по границам ЕС**, ну и [обещают работать](https://t.me/c/1457892982/29242) над тем, чтобы предоставить Украине больше таких систем.

[Информатор](https://t.me/+LV7tr2_vgu02NjAy) | [Подписаться](https://t.me/+LV7tr2_vgu02NjAy)","**⚡️""There is no evidence that Russia is preparing an attack on one of the NATO countries,"" — NATO Secretary General Stoltenberg**

He added that final conclusions are not yet drawn and the investigation is ongoing, but Ukraine is not to blame in this incident. The blame lies entirely with Russia.

So, the bottom line:
- **NATO will not be at war with Russia**, forget about Article 5;
- There won't even be Article 4, Poland withdrew its request;
- **Air defense systems will be reinforced along the EU borders**, and they promise to work on providing Ukraine with more such systems.

[Source](https://t.me/+LV7tr2_vgu02NjAy) | [Subscribe](https://t.me/+LV7tr2_vgu02NjAy)",,,,,
2151,2151,9152,"**⚡️Украина готова предоставить доказательства ""российского следа"" и ожидает информации, на основании которой был сделан вывод о том, что в Польше упала ракета украинской ПВО

**Также, Украина требует постоянного допуска к месту взрыва представителей ОБСЕ, Минобороны и Госпогранслужбы Украины. Об этом заявил секретарь СНБО Данилов.

[Информатор](https://t.me/+LV7tr2_vgu02NjAy) | [Подписаться](https://t.me/+LV7tr2_vgu02NjAy)","**⚡️Ukraine is ready to provide evidence of the ""Russian link"" and expects information on which the conclusion was based that a Ukrainian air defense missile fell in Poland.

Additionally, Ukraine demands continuous access to the explosion site for representatives of the OSCE, the Ukrainian Ministry of Defense, and the State Border Service. Secretary of the SNBK Danylov made this statement.**

[Source](https://t.me/+LV7tr2_vgu02NjAy) | [Subscribe](https://t.me/+LV7tr2_vgu02NjAy)",,,,,
2152,2152,9153,"**❗️Топ-приоритет для НАТО сейчас - предоставить больше систем ПВО для Украины, — **[заявил](https://www.eurointegration.com.ua/news/2022/11/16/7150759/)** генсек НАТО Столтенберг

**[Информатор](https://t.me/+LV7tr2_vgu02NjAy) | [Подписаться](https://t.me/+LV7tr2_vgu02NjAy)","**❗️The top priority for NATO now is to provide Ukraine with more air defense systems,** — **Stoltenberg, the NATO Secretary-General, declared.**

**[Source](https://t.me/+LV7tr2_vgu02NjAy) | [Subscribe](https://t.me/+LV7tr2_vgu02NjAy)**",,,,,
2153,2153,9154,"❗️**НАТО сделало заявление по ситуации с ракетой, ударившей вчера по Польше

**Там пришли к выводу, что:
▪️Предварительно, в Польше упала ракета украинской ПВО, но** вины Украины в этом нет;
**▪️Нет подтверждения, что инцидент в Польше стал результатом **преднамеренных действий**;
▪️Союзники по НАТО согласились, что остаются бдительными и спокойными, больше координируем свои действия;
▪️**Дополнительные системы ПВО будут развернуты на восточном фланге НАТО** после инцидента в Польше.

[Информатор](https://t.me/+LV7tr2_vgu02NjAy) | [Подписаться](https://t.me/+LV7tr2_vgu02NjAy)","❗️**NATO made a statement regarding the rocket that fell in Poland yesterday**

**They concluded that:**
- Initially, it was a Ukrainian air defense missile that fell in Poland, but Ukraine is not at fault for this;
- There is no confirmation that the incident in Poland was the result of **intentional actions**;
- NATO allies agreed to remain vigilant and calm, and to better coordinate their actions;
- Additional air defense systems will be deployed on NATO's eastern flank following the incident in Poland.

[Source](https://t.me/+LV7tr2_vgu02NjAy) | [Subscribe](https://t.me/+LV7tr2_vgu02NjAy)",,,,,
2154,2154,9155,"⚡️**После инцидента с ракетой нет необходимости применять статью 4 договора НАТО, — премьер Польши Моравецкий

**[Информатор](https://t.me/+LV7tr2_vgu02NjAy) | [Подписаться](https://t.me/+LV7tr2_vgu02NjAy)","⚡️**There is no need to apply Article 4 of the NATO treaty after the rocket incident, — Polish Prime Minister Morawiecki said.

**[Source](https://t.me/+LV7tr2_vgu02NjAy) | [Subscribe](https://t.me/+LV7tr2_vgu02NjAy)",,,,,
2155,2155,9156,"**⚡️Ракета, которая ударила вчера по Польше, с высокой вероятностью принадлежала к украинской ПВО, — Президент Польши Дуда

**Он добавил, что:
▪️ничто не указывает на то, что падение ракеты на территорию Польши было намеренной атакой;
▪️скорее всего, это была ракета С-300 российского производства, но** у нас нет доказательств того, что это была ракета, запущенная российской стороной**.

Это первое официальное заявление о **возможной украинской принадлежности снаряда.

**[Информатор](https://t.me/+LV7tr2_vgu02NjAy) | [Подписаться](https://t.me/+LV7tr2_vgu02NjAy)","**⚡️The rocket that hit Poland yesterday most likely belonged to Ukraine's air defense system, according to Polish President Duda.**

He added that:
▪️nothing indicates that the rocket's fall on Polish territory was an intentional attack;
▪️it was probably a Russian-made S-300 missile, but we don't have evidence that it was launched by the Russian side.

This is the first official statement suggesting **possible Ukrainian ownership of the projectile.**

**[Source](https://t.me/+LV7tr2_vgu02NjAy) | [Subscribe](https://t.me/+LV7tr2_vgu02NjAy)**",,,,,
2156,2156,9157,"**Київстар віддячить всім абонентам, які долучаться до підтримки ЗСУ

**Завдяки підтримці армії звичайними українцями та волонтерами – наші захисники успішно відвойовують у окупантів міста та села. Повертають їх жителям надію на світле майбутнє в Україні. Щоб звільнених населених пунктів було ще більше – військовим треба постійна підтримка. Тому Київстар разом з фондом компетентної допомоги армії «Повернись живим» запустив збір на пікапи для ЗСУ #ДоброПереможе та вже виділив 25 000 000 гривень на транспорт для гуманітарних потреб захисників. 

Абоненти передплати Київстар можуть долучитися до нього та системно підтримувати наших захисників просто користуючись мобільним зв’язком та інтернетом. Для цього  треба підключити додаткову опцію – Суперсила «Допомога ЗСУ». І до 50 гривень вартості тарифу регулярно буде перераховуватися фонду «Повернись живим». Або відправляйте благодійне SMS на номер 2525.

**Приєднуйтесь до допомоги військовим за **[**посиланням**](https://bit.ly/3DNbUpX)**.

**Всім своїм клієнтам, які долучаться до збору на пікапи до кінця цього року, **Київстар віддячить бонусними послугами**: **25 Гб мобільного інтернету або 250 хвилин на інші мереж**і, якщо у вас і так безлімітний інтернет.

[Информатор](https://t.me/+LV7tr2_vgu02NjAy) | [Подписаться](https://t.me/+LV7tr2_vgu02NjAy)","**Kyivstar thanks all subscribers joining the support for the Armed Forces of Ukraine (AZS).**

Thanks to the support from ordinary Ukrainians and volunteers – our defenders are successfully liberating cities and villages from occupiers. They are restoring hope for a bright future in Ukraine to their residents. To have more liberated populated areas, military support needs to be constant. Therefore, Kyivstar, together with the competent military aid fund ""Return Alive,"" has launched a collection for AZS #GoodWillWin, and has already allocated 25,000,000 hryvnias for transportation needs of the defenders.

Kyivstar prepaid subscribers can join this initiative and systematically support our defenders by simply using mobile communication and internet. To do this, you need to activate the additional option – Superforce ""Support AZS."" And up to 50 hryvnias worth of the tariff will be credited to the ""Return Alive"" fund regularly. Or you can send a charitable SMS to number 2525.

Join the support for the troops at **[link](https://bit.ly/3DNbUpX)**.

**To all clients who join the collection for pick-ups until the end of the year, Kyivstar will reward",,,,,
2157,2157,9158,"**⚡️""Германии неважно чья ракета упала в Польше, в любом случае виновата Россия, потому что напала на Украину"", — заявил канцлер ФРГ Олаф Шольц

**[Информатор](https://t.me/+LV7tr2_vgu02NjAy) | [Подписаться](https://t.me/+LV7tr2_vgu02NjAy)","**⚡️""It doesn't matter to Germany whose rocket fell in Poland; in any case, Russia is to blame because it attacked Ukraine,""** Chancellor Olaf Scholz stated.

**[Source](https://t.me/+LV7tr2_vgu02NjAy) | [Subscribe](https://t.me/+LV7tr2_vgu02NjAy)**",,,,,
2158,2158,9159,"**❗️Все страны Евросоюза** **возлагают ответственность за ракетный инцидент в Польше на Россию**, — посол Польши при ЕС

[Информатор](https://t.me/+LV7tr2_vgu02NjAy) | [Подписаться](https://t.me/+LV7tr2_vgu02NjAy)","**❗️All EU countries attribute the rocket incident in Poland to Russia**, according to the Polish ambassador to the EU.

[Informer](https://t.me/+LV7tr2_vgu02NjAy) | [Subscribe](https://t.me/+LV7tr2_vgu02NjAy)",,,,,
2159,2159,9160,"**⚡️Вчерашний ракетный удар по Украине обошёлся России в $700–900 млн: большинство ракет сбили ПВО

**Всего орки выпустили 96 ракет, из которых 75 сбили. Для расчета стоимости использовались следующие оценки: **стоимость ракеты Х-101 – $13 млн, ""Калибр"" – $6,5 млн, Х-555 – $4 млн.** 

Потратить их на благо своей страны? Нет. Лучше вырубим свет украинцам🤡

[Информатор](https://t.me/+LV7tr2_vgu02NjAy) | [Подписаться](https://t.me/+LV7tr2_vgu02NjAy)","**⚡️The rocket strike on Ukraine yesterday cost Russia $700–900 million: most of the rockets were shot down by Ukrainian air defenses.

A total of 96 missiles were launched, with 75 being intercepted. The cost estimates used were as follows: the price of a Kh-101 missile is $13 million, a Kalibr is $6.5 million, and a Kh-555 is $4 million.

Should they have spent this money for the benefit of their own country? No. Better to cut off power to Ukrainians 🤡

[Informer](https://t.me/+LV7tr2_vgu02NjAy) | [Subscribe](https://t.me/+LV7tr2_vgu02NjAy)",,,,,
2160,2160,9161,"⚡️**Новое фото с места падения ракеты в польском Пшеводуве. Работают криминалисты

**Ждём официальную информацию и реакцию, так как заявления разных стран до сих пор разнятся.

[Информатор](https://t.me/+LV7tr2_vgu02NjAy) | [Подписаться](https://t.me/+LV7tr2_vgu02NjAy)","⚡️**New photo from the site where a rocket fell in Polish Świętochłowice. Crime scene investigators are working there.

**We await official information and reactions, as statements from different countries still vary.

[Source](https://t.me/+LV7tr2_vgu02NjAy) | [Subscribe](https://t.me/+LV7tr2_vgu02NjAy)",,,,,
2161,2161,9162,"**⚡️""Ничего из этого не произошло бы, если бы не вторжение России в Украину"", — Премьер Великобритании Риши Сунак о ситуации в Польше

**База.

[Информатор](https://t.me/+LV7tr2_vgu02NjAy) | [Подписаться](https://t.me/+LV7tr2_vgu02NjAy)","**⚡️""None of this would have happened if it weren't for Russia's invasion of Ukraine,"" — UK Prime Minister Rishi Sunak on the situation in Poland**

**Base.

[Informer](https://t.me/+LV7tr2_vgu02NjAy) | [Subscribe](https://t.me/+LV7tr2_vgu02NjAy)**",,,,,
2162,2162,9163,"**❗️Президент США Байден сообщил G7 и партнерам по НАТО, что взрыв в Польше был вызван ракетой украинской ПВО, — **[**Reuters**](https://www.reuters.com/world/europe/russia-says-its-strikes-ukraine-were-no-closer-than-35km-polish-border-2022-11-16/)** со ссылкой на источник в НАТО

**[Информатор](https://t.me/+LV7tr2_vgu02NjAy) | [Подписаться](https://t.me/+LV7tr2_vgu02NjAy)","**❗️US President Biden informed the G7 and NATO partners that the explosion in Poland was caused by a Ukrainian air defense missile,** according to a NATO source—[Reuters](https://www.reuters.com/world/europe/russia-says-its-strikes-ukraine-were-no-closer-than-35km-polish-border-2022-11-16/).

**[Informant](https://t.me/+LV7tr2_vgu02NjAy) | [Subscribe](https://t.me/+LV7tr2_vgu02NjAy)**",,,,,
2163,2163,9164,"**⚡️Минобороны России отрицает бомбардировки Киева

Разбомбили жилые дома и отрицают 🤷🏻‍♂️
**
[Информатор](https://t.me/+LV7tr2_vgu02NjAy) | [Подписаться](https://t.me/+LV7tr2_vgu02NjAy)","**⚡️The Russian Ministry of Defense denies bombing Kyiv.

They bombed residential homes and are denying it 🤷🏻‍♂️
**
[Source](https://t.me/+LV7tr2_vgu02NjAy) | [Subscribe](https://t.me/+LV7tr2_vgu02NjAy)",,,,,
2164,2164,9165,"**Рашистам начали выдавать бронежилеты и каски иранского производства**

Думают, это им поможет 🤡

[Информатор](https://t.me/+LV7tr2_vgu02NjAy) | [Подписаться](https://t.me/+LV7tr2_vgu02NjAy)","**Racists are starting to receive body armor and helmets made in Iran.**

They think this will help them 🤡

[Informant](https://t.me/+LV7tr2_vgu02NjAy) | [Subscribe](https://t.me/+LV7tr2_vgu02NjAy)",,,,,
2165,2165,9166,"**⚡️Статья 5 устава НАТО не была бы запущена, даже если бы была доказана вина России. Никто не хочет дальнейшей военной эскалации, — **[**Bloomberg**](https://www.bloomberg.com/news/articles/2022-11-16/g-20-latest-leaders-react-to-polish-probe-on-russia-made-rocket)** со ссылкой на французского чиновника

**Также, что известно на данный момент об инциденте в Польше:
▪️Дуда заявил, что в настоящий момент **нет однозначных доказательств того, кто запустил ракету в Польшу;
**▪️Эрдоган считает, что **факты указывают на непричастность России** к инциденту в Польше;
▪️Ясно одно: э**того бы не произошло, если бы не ужасающие ракетные удары России по Украине** — премьер Нидерландов;
▪️На сегодняшний день запланирован ряд встреч и консультаций между лидерами стран ЕС и НАТО. Несколько из них уже сделали **разные заявления,** но мнение одно — нужно дождаться результатов расследования.

[Информатор](https://t.me/+LV7tr2_vgu02NjAy) | [Подписаться](https://t.me/+LV7tr2_vgu02NjAy)","**⚡️Article 5 of NATO's charter would not have been triggered even if Russia's guilt was proven. No one wants further military escalation, —** [Bloomberg](https://www.bloomberg.com/news/articles/2022-11-16/g-20-latest-leaders-react-to-polish-probe-on-russia-made-rocket), citing a French official.

**Also, what is known so far about the incident in Poland:
- Duda stated that at this point, there are no clear indications of who launched the rocket into Poland;
- Erdogan believes that the facts point to Russia's innocence regarding the incident in Poland;
- It is clear that this would not have happened without Russia's horrifying missile strikes on Ukraine — Dutch Prime Minister;
- So far, several meetings and consultations are planned among EU and NATO leaders. They have made various statements, but the consensus is to wait for the investigation results.**

[Source](https://t.me/+LV7tr2_vgu02NjAy) | [Subscribe](https://t.me/+LV7tr2_vgu02NjAy)",,,,,
2166,2166,9167,"**❗️В Беларуси взлетел МиГ-31К носитель ""Кинжалов"". Масштабная воздушная тревога по всей территории Украины, кроме Крыма

**[Информатор](https://t.me/+LV7tr2_vgu02NjAy) | [Подписаться](https://t.me/+LV7tr2_vgu02NjAy)","**❗️In Belarus, a MiG-31K carrying ""Kinzhals"" took off. A large-scale air defense alert was activated across all of Ukraine, excluding Crimea.

[Source](https://t.me/+LV7tr2_vgu02NjAy) | [Subscribe](https://t.me/+LV7tr2_vgu02NjAy)",,,,,
2167,2167,9168,"**⚡️Украинцам стоит подготовится к нескольким ""тяжелым дням"" из-за вчерашнего **[обстрела инфраструктуры](https://t.me/c/1457892982/29155)**, — Укрэнерго**

Перерывы в энергоснабжении могут быть долгими, необходимо запастись водой и заряженными павербанками.

Наиболее **сложная ситуация на западе Украины, а также центральном и северо-восточных регионах.

**[Информатор](https://t.me/+LV7tr2_vgu02NjAy) | [Подписаться](https://t.me/+LV7tr2_vgu02NjAy)","**⚡️Ukrainians should prepare for several ""difficult days"" due to the attack on infrastructure from yesterday,** — Ukrenergo

Power outages may be prolonged, so it's advisable to stock up on water and fully charged power banks.

The most challenging situation is in western Ukraine, as well as in central and northeastern regions.

**[Source](https://t.me/+LV7tr2_vgu02NjAy) | [Subscribe](https://t.me/+LV7tr2_vgu02NjAy)**",,,,,
2168,2168,9169,"**Упавшая на территории Польши ракета все же могла быть выпущена украинской ПВО

**По крайней мере, так утверждает Associated Press со ссылкой на трех американских чиновников. Также Байден назвал «маловероятным» запуск российской ракеты по Польше.

Впрочем, расследование еще ведут.

[Информатор](https://t.me/+LV7tr2_vgu02NjAy) | [Подписаться](https://t.me/+LV7tr2_vgu02NjAy)","**A rocket that fell on Polish territory may still have been fired by Ukrainian air defense forces.

At least that's the claim made by Associated Press citing three American officials. Additionally, Biden described the launch of a Russian rocket at Poland as ""unlikely.""

However, the investigation is still ongoing.

[Informer](https://t.me/+LV7tr2_vgu02NjAy) | [Subscribe](https://t.me/+LV7tr2_vgu02NjAy)",,,,,
2169,2169,9170,"[❗️](https://ibb.co/Hng1fnz)[**МИД Польши**](https://www.gov.pl/web/dyplomacja/komunikat-w-zwiazku-z-wezwaniem-ambasadora-federacji-rosyjskiej-do-msz)**: на территорию Польши упала ракета российского производства.**[ ](https://ibb.co/2dT4GVk)**Посол России вызван в МИД

**[Информатор](https://t.me/+LV7tr2_vgu02NjAy) | [Подписаться](https://t.me/+LV7tr2_vgu02NjAy)","[❗️](https://ibb.co/Hng1fnz)[**Polish Ministry of Foreign Affairs**](https://www.gov.pl/web/dyplomacja/komunikat-w-zwiazku-z-wezwaniem-ambasadora-federacji-rosyjskiej-do-msz): A rocket of Russian production fell onto Polish territory. [](https://ibb.co/2dT4GVk)**The Russian ambassador was summoned to the Ministry of Foreign Affairs**

**[Source](https://t.me/+LV7tr2_vgu02NjAy) | [Subscribe](https://t.me/+LV7tr2_vgu02NjAy)**",,,,,
2170,2170,9171,"❗️**Осколки ракеты на месте взрыва принадлежат российской ракете Х-101, — сообщает польский журналист после контакта с военным экспертом**

[Информатор](https://t.me/+LV7tr2_vgu02NjAy) | [Подписаться](https://t.me/+LV7tr2_vgu02NjAy)","❗️**The rocket fragments at the explosion site belong to the Russian Kh-101 missile, reports a Polish journalist after contacting a military expert.**

[Source](https://t.me/+LV7tr2_vgu02NjAy) | [Subscribe](https://t.me/+LV7tr2_vgu02NjAy)",,,,,
2171,2171,9172,"**И хорошие новости на ночь: 8 из 10 миллионов украинцев уже со светом, — Зеленский**

Русня потратила миллионы долларов, чтобы на несколько часов оставить нас без света.

[Информатор](https://t.me/+LV7tr2_vgu02NjAy) | [Подписаться](https://t.me/+LV7tr2_vgu02NjAy)","**And good news for the night: 8 out of 10 million Ukrainians already have electricity, — Zelensky**

The Russians spent millions of dollars to leave us without electricity for a few hours.

[Informer](https://t.me/+LV7tr2_vgu02NjAy) | [Subscribe](https://t.me/+LV7tr2_vgu02NjAy)",,,,,
2172,2172,9173,"**❗️Украинские службы остановили движение на пограничных переходах с Польшей. Никто не может ни въехать, ни уехать из Польши. Украинская сторона прекратила проверки, — Gazeta Rzeszow-Wyborcza
** 
Это произошло в 21:40. Закрыты ли погранпереходы сейчас — неизвестно.

**UPD: **нам пишут, что границы действительно закрыты.

UPD2: сообщают, что движение возобновили.

[Информатор](https://t.me/+LV7tr2_vgu02NjAy) | [Подписаться](https://t.me/+LV7tr2_vgu02NjAy)","**❗️Ukrainian border services have halted traffic at border crossings with Poland. No one can enter or leave Poland. The Ukrainian side has stopped checks. — Gazeta Rzeszow-Wyborcza**
This happened at 9:40 PM. It is unclear if the border crossings are still closed now.

**UPD:** We are being told that the borders are indeed closed.

**UPD2:** It is reported that traffic has resumed.

[Source](https://t.me/+LV7tr2_vgu02NjAy) | [Subscribe](https://t.me/+LV7tr2_vgu02NjAy)",,,,,
2173,2173,9174,"**❗️Появилось видео, как утверждается, момента сегодняшнего ракетного удара по Польше

**[Информатор](https://t.me/+LV7tr2_vgu02NjAy) | [Подписаться](https://t.me/+LV7tr2_vgu02NjAy)","**❗️Video has emerged claiming to show the moment of today's rocket strike on Poland.

**[Source](https://t.me/+LV7tr2_vgu02NjAy) | [Subscribe](https://t.me/+LV7tr2_vgu02NjAy)",,,,,
2174,2174,9175,"⚡️**НАТО завтра проведет встречу по просьбе Польши по поводу Article 4 альянса, — Reuters

**Вот завтра и решат, как реагировать.

[Информатор](https://t.me/+LV7tr2_vgu02NjAy) | [Подписаться](https://t.me/+LV7tr2_vgu02NjAy)","⚡️**NATO will hold a meeting at Poland's request regarding Article 4 of the alliance tomorrow,** — Reuters

**They'll decide how to react tomorrow anyway.**

[Informant](https://t.me/+LV7tr2_vgu02NjAy) | [Subscribe](https://t.me/+LV7tr2_vgu02NjAy)",,,,,
2175,2175,9176,"**На место взрыва в польский Пшеводув прибыла группа военных экспертов

**Поскольку там есть остатки ракеты, специалисты смогут с уверенностью сказать, что это была за ракета и являлась ли она российской.

Расходимся. До утра точно НАТО русне войну не объвит.

[Информатор](https://t.me/+LV7tr2_vgu02NjAy) | [Подписаться](https://t.me/+LV7tr2_vgu02NjAy)","**A group of military experts has arrived in Polish Pshewodув where the explosion occurred.**

**Since there are remnants of a rocket at the site, specialists will be able to confidently determine what type of rocket it was and whether it was Russian.**

We'll see tomorrow. NATO won't declare war on Russia by morning.

[Informer](https://t.me/+LV7tr2_vgu02NjAy) | [Subscribe](https://t.me/+LV7tr2_vgu02NjAy)",,,,,
2176,2176,9177,"**❗️Президент Польши после **[**разговора**](https://t.me/c/1457892982/29214)** с Байденом проводит переговоры с Зеленским

**[Информатор](https://t.me/+LV7tr2_vgu02NjAy) | [Подписаться](https://t.me/+LV7tr2_vgu02NjAy)","**❗️The President of Poland, after speaking with Biden, is meeting with Zelensky.

**[Source](https://t.me/+LV7tr2_vgu02NjAy) | [Subscribe](https://t.me/+LV7tr2_vgu02NjAy)**",,,,,
2177,2177,9178,"**⚡️Дуда проведет заседание Совета нацбезопасности завтра в 12:00

**[Информатор](https://t.me/+LV7tr2_vgu02NjAy) | [Подписаться](https://t.me/+LV7tr2_vgu02NjAy)","**⚡️Duda will hold a meeting of the National Security Council at 12:00 tomorrow.

[Informant](https://t.me/+LV7tr2_vgu02NjAy) | [Subscribe](https://t.me/+LV7tr2_vgu02NjAy)**",,,,,
2178,2178,9179,"**⚡️Байдена проинформировали о ситуации в Польше. Прямо сейчас идут совместные переговоры с Дудой

**[Информатор](https://t.me/+LV7tr2_vgu02NjAy) | [Подписаться](https://t.me/+LV7tr2_vgu02NjAy)","**⚡️Biden was informed about the situation in Poland. Joint negotiations with Duda are ongoing right now.

[Informant](https://t.me/+LV7tr2_vgu02NjAy) | [Subscribe](https://t.me/+LV7tr2_vgu02NjAy)**",,,,,
2179,2179,9180,"**❗️Будет военный ответ НАТО, если провокация была умышленной, — советник Сената Польши Марчин Заборовский

**[Информатор](https://t.me/+LV7tr2_vgu02NjAy) | [Подписаться](https://t.me/+LV7tr2_vgu02NjAy)","**❗️There will be a military response from NATO if the provocation was intentional, — Polish Senate Advisor Marcin Zaborski**

[Informant](https://t.me/+LV7tr2_vgu02NjAy) | [Subscribe](https://t.me/+LV7tr2_vgu02NjAy)",,,,,
2180,2180,9181,"❗️**Варшава проверяет, нужно ли активировать статью 4 НАТО**, — **Представитель польского правительства Мюллер

Статья** 4 — созыв всех членов Альянса для консультации по вопросам безопасности.

[Информатор](https://t.me/+LV7tr2_vgu02NjAy) | [Подписаться](https://t.me/+LV7tr2_vgu02NjAy)","❗️**Warsaw is considering whether to activate Article 4 of NATO**, — **Polish government representative Müller said.

Article 4 —召集所有盟国进行安全咨询的条款。

[Informer](https://t.me/+LV7tr2_vgu02NjAy) | [Subscribe](https://t.me/+LV7tr2_vgu02NjAy)",,,,,
2181,2181,9182,"**❗️Повышена боеготовность некоторых воинских частей Польши, — власти Польши

**РосСМИ публикуют фото якобы стягивания польской бронетехники** **к Пшеводуву бронетехнику, но **эти фото сделаны в 2021 году.

**[Информатор](https://t.me/+LV7tr2_vgu02NjAy) | [Подписаться](https://t.me/+LV7tr2_vgu02NjAy)","**❗️Some military units in Poland have increased their combat readiness, — Polish authorities

**Russian media publish photos allegedly showing the deployment of Polish armored vehicles towards Pshewodów, but these photos were taken in 2021.**

[Informant](https://t.me/+LV7tr2_vgu02NjAy) | [Subscribe](https://t.me/+LV7tr2_vgu02NjAy)",,,,,
2182,2182,9183,"**Очередной теракт в Стамбуле. Взорвался заминированный автомобиль 

**Кто-то старается раскачать там ситуацию.

Тяжёлый день.

[Информатор](https://t.me/+LV7tr2_vgu02NjAy) | [Подписаться](https://t.me/+LV7tr2_vgu02NjAy)","**Another bombing in Istanbul. A car bomb exploded.**

**Someone is trying to destabilize the situation there.

It's been a tough day.

[Informant](https://t.me/+LV7tr2_vgu02NjAy) | [Subscribe](https://t.me/+LV7tr2_vgu02NjAy)",,,,,
2183,2183,9184,"**Так вот, куда на самом деле целилась российская ракета

**[Информатор](https://t.me/+LV7tr2_vgu02NjAy) | [Подписаться](https://t.me/+LV7tr2_vgu02NjAy)","Here's where the Russian missile actually aimed, according to the informant.

[Informant](https://t.me/+LV7tr2_vgu02NjAy) | [Subscribe](https://t.me/+LV7tr2_vgu02NjAy)",,,,,
2184,2184,9185,"**⚡️Реакции на обстрел польской территории от НАТО не будет, — Арестович

**Пауза, которую объявили в Пентагоне по вопросу падения ракеты в Польше нужна для того, ""чтобы не поднимать градус""

[Информатор](https://t.me/+LV7tr2_vgu02NjAy) | [Подписаться](https://t.me/+LV7tr2_vgu02NjAy)","**⚡️There will be no NATO reactions to the attack on Polish territory, — Arrestovich

There is a pause declared by the Pentagon regarding the rocket fall in Poland to ""not raise the temperature.""

[Informer](https://t.me/+LV7tr2_vgu02NjAy) | [Subscribe](https://t.me/+LV7tr2_vgu02NjAy)",,,,,
2185,2185,9186,"**⚡️Для США важно определить, было ли падение ракет в Польше случайностью или намеренным действием. США не стремятся к эскалации ситуации, — Госдепартамент

**[Информатор](https://t.me/+LV7tr2_vgu02NjAy) | [Подписаться](https://t.me/+LV7tr2_vgu02NjAy)","**⚡️The US needs to determine whether the rocket falls in Poland were an accident or intentional action. The US does not seek to escalate the situation, — State Department**

[Source](https://t.me/+LV7tr2_vgu02NjAy) | [Subscribe](https://t.me/+LV7tr2_vgu02NjAy)",,,,,
2186,2186,9187,"**⚡️""Инцидент в Польше - первый случай за всю войну, когда российское оружие обрушилось на страну НАТО"", — пишет Associated Press

**Ждём реакцию Альянса.

[Информатор](https://t.me/+LV7tr2_vgu02NjAy) | [Подписаться](https://t.me/+LV7tr2_vgu02NjAy)","**⚡️""The incident in Poland is the first case of Russian weapons falling on a NATO country during the entire war,"" reports the Associated Press.

We await the Alliance's reaction.

[Informant](https://t.me/+LV7tr2_vgu02NjAy) | [Subscribe](https://t.me/+LV7tr2_vgu02NjAy)",,,,,
2187,2187,9188,"**❗️Террор России не ограничивается нашими государственными границами. Российские ракеты ударили по Польше, — Зеленский

**Чем дольше Россия чувствует безнаказанность, тем больше будет угроз для всех, к кому могут достать российские ракеты. 

Бить ракетами на территории НАТО. Это российский ракетный удар по коллективной безопасности. Это очень существенная эскалация. **Надо действовать.

**[Информатор](https://t.me/+LV7tr2_vgu02NjAy) | [Подписаться](https://t.me/+LV7tr2_vgu02NjAy)","**❗️Russian terrorism does not stop at our state borders. Russian rockets hit Poland, — Zelensky

The longer Russia feels impunity, the greater the threat to all those within reach of Russian rockets.

Attacking NATO territory with rockets. This is a Russian missile strike on collective security. This is a very significant escalation. **We must act.

**[Informer](https://t.me/+LV7tr2_vgu02NjAy) | [Subscribe](https://t.me/+LV7tr2_vgu02NjAy)",,,,,
2188,2188,9189,"**⚡️Безрассудство России выходит из-под контроля**, — Министр обороны Словакии

[Информатор](https://t.me/+LV7tr2_vgu02NjAy) | [Подписаться](https://t.me/+LV7tr2_vgu02NjAy)","**The recklessness of Russia is getting out of control**, — Slovak Minister of Defense

[Informer](https://t.me/+LV7tr2_vgu02NjAy) | [Subscribe](https://t.me/+LV7tr2_vgu02NjAy)",,,,,
2189,2189,9190,"**⚡️В Минобороны РФ назвали ""провокацией в целях эскалации"" заявления из Польши о падении ""российских"" ракет🤡

**""Никаких ударов по целям вблизи украинско-польской государственной границы российскими средствами поражения не наносилось"".

[Информатор](https://t.me/+LV7tr2_vgu02NjAy) | [Подписаться](https://t.me/+LV7tr2_vgu02NjAy)","**⚡️The Russian Ministry of Defense called the statements from Poland about the fall of ""Russian"" missiles a ""provocation aimed at escalation"" 🤡

""No strikes on targets near the Ukrainian-Polish state border using Russian weapons systems were carried out.""**

[Source](https://t.me/+LV7tr2_vgu02NjAy) | [Subscribe](https://t.me/+LV7tr2_vgu02NjAy)",,,,,
2190,2190,9191,"**⚡️В Брюсселе ожидают обращения Польши к НАТО. Реакция НАТО будет зависеть от заявлений Варшавы о принадлежности упавших ракет, — СМИ со ссылкой на дипломатический источник в Брюсселе

**Также в Пентагоне заявили, что смогут выяснить истину про ракеты в Польше, постараются скорее дать информацию, так как хотят работать с фактами, а не домыслами.

[Информатор](https://t.me/+LV7tr2_vgu02NjAy) | [Подписаться](https://t.me/+LV7tr2_vgu02NjAy)","**⚡️In Brussels, they expect Poland's appeal to NATO. NATO's reaction will depend on Warsaw's claims about the归属地：波兰的坠落导弹身份，——据布鲁塞尔的一名外交消息人士报道。

此外，五角大楼也表示，他们能够查明波兰境内坠落导弹的真实情况，并将尽快提供信息，因为他们希望基于事实而非猜测进行合作。**

[Informant](https://t.me/+LV7tr2_vgu02NjAy) | [Subscribe](https://t.me/+LV7tr2_vgu02NjAy)",,,,,
2191,2191,9192,"**⚡️Видео последствий ракетного удара РФ по Польше

**[Информатор](https://t.me/+LV7tr2_vgu02NjAy) | [Подписаться](https://t.me/+LV7tr2_vgu02NjAy)","**⚡️Video of the Consequences of Russia's Rocket Strike on Poland

**[Informant](https://t.me/+LV7tr2_vgu02NjAy) | [Subscribe](https://t.me/+LV7tr2_vgu02NjAy)",,,,,
2192,2192,9193,"⚡️""**Попадание российских ракет на территорию члена НАТО — это очень опасная эскалация со стороны Кремля**..**Россия будет нести полную ответственность за все последствия**"", — глава МИД Латвии

[Информатор](https://t.me/+LV7tr2_vgu02NjAy) | [Подписаться](https://t.me/+LV7tr2_vgu02NjAy)","⚡️""The impact of Russian rockets on the territory of a NATO member is a very dangerous escalation by the Kremlin... Russia will bear full responsibility for all consequences,"" said Latvia's Foreign Minister.

[Informer](https://t.me/+LV7tr2_vgu02NjAy) | [Subscribe](https://t.me/+LV7tr2_vgu02NjAy)",,,,,
2193,2193,9194,"**⚡️""Моей первой реакцией после того, как россияне ударили по территории Польши, была бы 4 статья: закрытие и оборона воздушного пространства над Украиной"", — министр обороны Латвии Пабрикс

**Уже через 20 минут в Варшаве **начнется заседание правительства.

**[Информатор](https://t.me/+LV7tr2_vgu02NjAy) | [Подписаться](https://t.me/+LV7tr2_vgu02NjAy)","**⚡️""My immediate reaction after the Russians struck Polish territory would have been Article 4: closing and defending the airspace over Ukraine,"" — Latvian Minister of Defense Pabriks**

**A government meeting is set to begin in Warsaw within 20 minutes.**

**[Informant](https://t.me/+LV7tr2_vgu02NjAy) | [Subscribe](https://t.me/+LV7tr2_vgu02NjAy)**",,,,,
2194,2194,9195,"**Реакция ""простых россиян"" на убийство 2 граждан Польши 

**Но ""нацисты"" по-прежнему мы🤦🏻‍♂️

[Информатор](https://t.me/+LV7tr2_vgu02NjAy) | [Подписаться](https://t.me/+LV7tr2_vgu02NjAy)","**The Reaction of ""Ordinary Russians"" to the Murder of 2 Polish Citizens**

**But the ""Nazis"" are still in denial🤦🏻‍♂️**

[Informant](https://t.me/+LV7tr2_vgu02NjAy) | [Subscribe](https://t.me/+LV7tr2_vgu02NjAy)",,,,,
2195,2195,9196,"**⚡️Министр обороны Латвии тоже подтвердил падение российских ракет в Польше

**В то же время Пентагон пока инфу не подтверждает, но и не опровергает.

[Информатор](https://t.me/+LV7tr2_vgu02NjAy) | [Подписаться](https://t.me/+LV7tr2_vgu02NjAy)","**⚡️The Latvian Minister of Defense also confirmed the fall of Russian rockets in Poland.

At the same time, the Pentagon has not yet confirmed the information but also has not denied it.

[Source](https://t.me/+LV7tr2_vgu02NjAy) | [Subscribe](https://t.me/+LV7tr2_vgu02NjAy)",,,,,
2196,2196,9197,"**❗️""Мы тесно консультируемся с Польшей и другими союзниками. Эстония готова защищать каждый сантиметр территории НАТО. Мы полностью солидарны с нашим близким союзником Польшей"", — **МИД Эстонии

Первый пошел.

[Информатор](https://t.me/+LV7tr2_vgu02NjAy) | [Подписаться](https://t.me/+LV7tr2_vgu02NjAy)","**❗️""We are closely consulting with Poland and other allies. Estonia is ready to defend every inch of NATO territory. We fully stand with our close ally, Poland,""** — Estonian Ministry of Foreign Affairs

First one out.

[Informant](https://t.me/+LV7tr2_vgu02NjAy) | [Subscribe](https://t.me/+LV7tr2_vgu02NjAy)",,,,,
2197,2197,9198,"**❗️Акции российских компаний падают на фоне сообщений **[**об упавших ракетах**](https://t.me/ukrinformator/29172)** в Польше

**[Информатор](https://t.me/+LV7tr2_vgu02NjAy) | [Подписаться](https://t.me/+LV7tr2_vgu02NjAy)","**❗️Stocks of Russian companies are falling amid reports of **[fallen rockets](https://t.me/ukrinformator/29172)** in Poland

**[Informer](https://t.me/+LV7tr2_vgu02NjAy) | [Subscribe](https://t.me/+LV7tr2_vgu02NjAy)",,,,,
2198,2198,9199,"**""Взрыв зерновой пыли"": всё, русня раскрыла причину инцидента в Польше🤷🏻‍♂️

**[Информатор](https://t.me/+LV7tr2_vgu02NjAy) | [Подписаться](https://t.me/+LV7tr2_vgu02NjAy)","**""Explosion of grain dust"": Ukraine revealed the cause of the incident in Poland🤷🏻‍♂️**

**[Informant](https://t.me/+LV7tr2_vgu02NjAy) | [Subscribe](https://t.me/+LV7tr2_vgu02NjAy)**",,,,,
2199,2199,9200,"**Симоньян подтвердила российский удар по Польше🤷🏻‍♂️

**Потом не нойте, что воюете с НАТО.

[Информатор](https://t.me/+LV7tr2_vgu02NjAy) | [Подписаться](https://t.me/+LV7tr2_vgu02NjAy)","**Simonyan confirmed a Russian strike on Poland🤷🏻‍♂️

Stop complaining that you're fighting NATO.

[Informant](https://t.me/+LV7tr2_vgu02NjAy) | [Subscribe](https://t.me/+LV7tr2_vgu02NjAy)",,,,,
2200,2200,9201,"**⚡️""В связи с чрезвычайной ситуацией Моравецкий по согласованию с Дудой распорядился созвать встречу Комитета по нацбезопасности и вопросам обороны"", — Пресс-секретарь правительства Польши

**""Информация, которая будет представлена на комитете, будет позже, если это будет возможно, в максимальной степени доведена до сведения общественности"".

[Информатор](https://t.me/+LV7tr2_vgu02NjAy) | [Подписаться](https://t.me/+LV7tr2_vgu02NjAy)","**⚡️""In connection with the emergency situation, Morawiecki, in agreement with Duda, ordered to convene a meeting of the National Security and Defense Committee,""** — said the Press Secretary of the Polish Government.

""The information presented at the committee will be, if possible, made available to the public in the greatest possible degree later.""

[Source](https://t.me/+LV7tr2_vgu02NjAy) | [Subscribe](https://t.me/+LV7tr2_vgu02NjAy)",,,,,
2201,2201,9202,"**❗️Высокопоставленный представитель американской разведки подтвердил агентству AP, что российские ракеты пересекли территорию Польши и убили 2 поляков

**[Информатор](https://t.me/+LV7tr2_vgu02NjAy) | [Подписаться](https://t.me/+LV7tr2_vgu02NjAy)","**❗️A high-ranking representative of the American intelligence agency confirmed to the AP agency that Russian rockets crossed through Polish territory and killed two Poles.**

[Source](https://t.me/+LV7tr2_vgu02NjAy) | [Subscribe](https://t.me/+LV7tr2_vgu02NjAy)",,,,,
2202,2202,9203,"**⚡️Местные жители присылают фото, сделанное в 16:35 недалеко от города Пшеводув, где, предположительно, упали российские ракеты, которые убили 2 поляков

**Нам пишут, что около 15-16 часов произошло попадание ракеты.

Информация требует подтверждения.

[Информатор](https://t.me/+LV7tr2_vgu02NjAy) | [Подписаться](https://t.me/+LV7tr2_vgu02NjAy)","**⚡️Local residents have sent a photo taken at 16:35 near the city of Pshewoduv, where, according to them, Russian rockets fell, killing two Poles.

They report that around 15:00-16:00 a rocket hit.

The information requires verification.

[Source](https://t.me/+LV7tr2_vgu02NjAy) | [Subscribe](https://t.me/+LV7tr2_vgu02NjAy)",,,,,
2203,2203,9204,"**⚡️Польские ВВС подняли в воздух истребители с аэродрома Томашув-Любельский. На место прибыли армия и прокуратура, — **[**Visegrad

**](https://twitter.com/visegrad24/status/1592585048972472322?s=46&t=_fQobbWiDac6z56YdEDuRA)Сообщения о ракетной атаке неофициальны, но исходят от известной радиостанции Radio Zet.

5 статья НАТО заработает?

[Информатор](https://t.me/+LV7tr2_vgu02NjAy) | [Подписаться](https://t.me/+LV7tr2_vgu02NjAy)","**⚡️Polish Air Force scrambled fighters from the Tomaszów Lubelski airbase. Army and procuratorate personnel have arrived on site.** 

There are unconfirmed reports of a rocket attack from the known radio station Radio Zet.

Will Article 5 of NATO be triggered?

[Informant](https://t.me/+LV7tr2_vgu02NjAy) | [Subscribe](https://t.me/+LV7tr2_vgu02NjAy)",,,,,
2204,2204,9205,"**⚡️На карте приблизительно указано место, где упали российские ракеты

**Ждём реакции НАТО.

[Информатор](https://t.me/+LV7tr2_vgu02NjAy) | [Подписаться](https://t.me/+LV7tr2_vgu02NjAy)","**⚡️The map roughly marks the location where Russian rockets fell.

**We await NATO's reaction.

[Source](https://t.me/+LV7tr2_vgu02NjAy) | [Subscribe](https://t.me/+LV7tr2_vgu02NjAy)",,,,,
2205,2205,9206,"**❗️Россия **[**атаковала**](https://twitter.com/visegrad24/status/1592583021911330816)** Польшу. В стране НАТО упала минимум 1 ракета, известно о 2 погибших**, — [польские СМИ

](https://twitter.com/visegrad24/status/1592583021911330816)Премьер Польши Моравецкий созывает экстренное заседание Комитета Совета министров по вопросам национальной безопасности и обороны. Ракет было 2 или 1, падение зафиксировано в Люблинском воеводстве на границе с Украиной.

[Информатор](https://t.me/+LV7tr2_vgu02NjAy) | [Подписаться](https://t.me/+LV7tr2_vgu02NjAy)","**❗️Russia attacked Poland. At least one rocket fell in NATO country, with at least 2 deaths reported**, — Polish media reported. Polish Prime Minister Morawiecki is convening an emergency meeting of the Committee on National Security and Defense. The number of rockets was 2 or possibly 1, with the fall confirmed in Lublin Voivodeship near the Ukrainian border.

[Source](https://t.me/+LV7tr2_vgu02NjAy) | [Subscribe](https://t.me/+LV7tr2_vgu02NjAy)",,,,,
2206,2206,9207,"**Важное наблюдение: за несколько часов до массированного обстрела Украины, Лавров быстренько завершил дела на саммите G20 на Бали и срочно вылетел в Россию

**Он встретился лишь с главой МИД КНР и генсеком ООН, так как больше никто из участников общаться с ним не захотел.

Русский мир"" это: приехать, рассказать как им нужны ""переговоры"", трусливо убежать перед пусками ракет, чтобы не терпеть осуждения в свою сторону. 

[Информатор](https://t.me/+LV7tr2_vgu02NjAy) | [Подписаться](https://t.me/+LV7tr2_vgu02NjAy)","**Important observation: Just a few hours before the massive bombardment of Ukraine, Lavrov quickly concluded his business at the G20 summit in Bali and urgently flew back to Russia.

He only met with the Chinese Foreign Minister and the UN Secretary-General, as no one else among the participants wanted to talk to him.

""Russkii mir"" is: to come, say how much they need ""negotiations,"" cowardly flee before missile launches to avoid being condemned in their direction.

[Informer](https://t.me/+LV7tr2_vgu02NjAy) | [Subscribe](https://t.me/+LV7tr2_vgu02NjAy)",,,,,
2207,2207,9208,"**⚡️Сегодня за 3,5 часа было сбито 73 из более 90 крылатых ракет и 10 шахидов

**Россияне запускали ""Калибры"" с Черного моря, а Х-101, Х-555 из Каспия и Ростовской области.

[Информатор](https://t.me/+LV7tr2_vgu02NjAy) | [Подписаться](https://t.me/+LV7tr2_vgu02NjAy)","**⚡️In just over 3.5 hours, 73 out of more than 90 cruise missiles and 10 drones were shot down today.

**The Russians launched ""Calibers"" from the Black Sea, and Kh-101 and Kh-555 missiles from the Caspian Sea and Rostov Oblast.**

[Source](https://t.me/+LV7tr2_vgu02NjAy) | [Subscribe](https://t.me/+LV7tr2_vgu02NjAy)",,,,,
2208,2208,9209,"**⚡️Силы обороны Украины готовятся к отражению возможного вторжения оккупантов из Беларуси. Огневое поражение противника начнется, как только враг пересечет госграницу, — **[Минобороны Украины

](https://www.facebook.com/MinistryofDefence.UA/videos/541788641131261/)Сообщается, что для обороны и отпора вооруженной агрессии будут задействованы все возможные силы и средства.

[Информатор](https://t.me/+LV7tr2_vgu02NjAy) | [Подписаться](https://t.me/+LV7tr2_vgu02NjAy)","**⚡️Ukraine's defense forces are preparing to repel a possible invasion by occupiers from Belarus. Firepower against the enemy will begin as soon as the aggressors cross the state border. — [Ukrainian Ministry of Defense](https://www.facebook.com/MinistryofDefence.UA/videos/541788641131261/)

It is reported that all available forces and means will be mobilized for defense and resistance to armed aggression.**

[Informer](https://t.me/+LV7tr2_vgu02NjAy) | [Subscribe](https://t.me/+LV7tr2_vgu02NjAy)",,,,,
2209,2209,9210,"**⚡️Враг выпустил по Украине больше 90 ракет. Наши ПВО сбили 70. Повреждено **[**15 объектов**](https://t.me/ukrinformator/29155)** энергетической инфраструктуры, — Тимошенко

**Сейчас продолжаются аварийные отключения абонентов с целью стабилизации работы системы.

Из-за ракетного обстрела Россией **около 500 шахтеров застряли под землей в Кривом Роге**.

[Информатор](https://t.me/+LV7tr2_vgu02NjAy) | [Подписаться](https://t.me/+LV7tr2_vgu02NjAy)","**⚡️The enemy launched over 90 rockets at Ukraine. Our air defense systems shot down 70. Fifteen energy infrastructure objects were damaged,** — Timoшенко

**Currently, there are planned power outages to stabilize the system.**

Due to the rocket attack by Russia, **about 500 miners are trapped underground in Kryvyi Rih.**

[Informer](https://t.me/+LV7tr2_vgu02NjAy) | [Subscribe](https://t.me/+LV7tr2_vgu02NjAy)",,,,,
2210,2210,9211,"❗️**Сегодня был самый массированный удар по энергетике Украины с начала** **вторжения, — министр Галущенко**

Он сообщил, что ситуация критическая и эта атака может повлиять не только на энергосистему Украины, но и на энергосистемы некоторых наших соседей.

Отметим, что перебои с электроэнергией были и в Молдове.

[Информатор](https://t.me/+LV7tr2_vgu02NjAy) | [Подписаться](https://t.me/+LV7tr2_vgu02NjAy)","❗️**Today was the most intense attack on Ukraine's energy sector since the invasion began,** — Minister Galushchenko reported.

He stated that the situation is critical, and this attack could affect not only Ukraine's power system but also those of some neighboring countries.

Note that power outages were also reported in Moldova.

[Informer](https://t.me/+LV7tr2_vgu02NjAy) | [Subscribe](https://t.me/+LV7tr2_vgu02NjAy)",,,,,
2211,2211,9212,"**По Украине, спустя где-то 4, а где-то 6 часов, начались отбои тревог. Русня обстреляла большинство областей Украины. Во многих городах и сёлах сейчас проблемы со светом, теплом, водой

**Призываем всех сделать запасы воды, выключить лишнюю технику из розеток и если у вас ещё есть электричество — зарядить павербанки.

[Информатор](https://t.me/+LV7tr2_vgu02NjAy) | [Подписаться](https://t.me/+LV7tr2_vgu02NjAy)","**Throughout Ukraine, alarms began to sound after about 4 hours in some places and 6 hours in others. Russian forces have shelled most Ukrainian regions. Currently, there are power outages, heating issues, and water supply problems in many cities and villages.**

We urge everyone to stock up on water, unplug unnecessary electronics, and if you still have electricity, charge your power banks.

[Informer](https://t.me/+LV7tr2_vgu02NjAy) | [Subscribe](https://t.me/+LV7tr2_vgu02NjAy)",,,,,
2212,2212,9213,"**США решительно осуждают массированные ракетные удары России по Украине, — СМИ со ссылкой на советника Байдена Салливана

**[Информатор](https://t.me/+LV7tr2_vgu02NjAy) | [Подписаться](https://t.me/+LV7tr2_vgu02NjAy)","The United States firmly condemns Russia's massive rocket strikes on Ukraine, according to a source citing Biden's advisor Sullivan.

[Informer](https://t.me/+LV7tr2_vgu02NjAy) | [Subscribe](https://t.me/+LV7tr2_vgu02NjAy)",,,,,
2213,2213,9214,"**⚡️Львов. Ситуации очень сложная. 80% города остается без света. Временно приостановлена подача тепла. Горячей воды нет, — Садовой

**[Информатор](https://t.me/+LV7tr2_vgu02NjAy) | [Подписаться](https://t.me/+LV7tr2_vgu02NjAy)","**⚡️Lviv. The situation is very complex. 80% of the city remains without power. The supply of heat has been temporarily suspended. There is no hot water — Sadovyi**

[Informant](https://t.me/+LV7tr2_vgu02NjAy) | [Subscribe](https://t.me/+LV7tr2_vgu02NjAy)",,,,,
2214,2214,9215,"**❗️В Украине серьезные сбои в работе интернета. Он работает только на 67% от предыдущих показателей

**[Информатор](https://t.me/+LV7tr2_vgu02NjAy) | [Подписаться](https://t.me/+LV7tr2_vgu02NjAy)","**❗️Internet service is severely disrupted in Ukraine. It is currently operating at only 67% of previous levels.

[Informant](https://t.me/+LV7tr2_vgu02NjAy) | [Subscribe](https://t.me/+LV7tr2_vgu02NjAy)",,,,,
2215,2215,9216,"**❗️Новые взрывы в Киеве

**[Информатор](https://t.me/+LV7tr2_vgu02NjAy) | [Подписаться](https://t.me/+LV7tr2_vgu02NjAy)","**❗️New Explosions in Kyiv

**[Informer](https://t.me/+LV7tr2_vgu02NjAy) | [Subscribe](https://t.me/+LV7tr2_vgu02NjAy)",,,,,
2216,2216,9217,"**❗️85 ракетных ударов врага по Украине. Впереди может быть ещё около 20 ударов. Сегодня берегите себя, — Зеленский

**[Информатор](https://t.me/+LV7tr2_vgu02NjAy) | [Подписаться](https://t.me/+LV7tr2_vgu02NjAy)","**❗️85 rocket strikes by the enemy on Ukraine. There may be another 20 strikes ahead. Stay safe today, — Zelensky

[Informant](https://t.me/+LV7tr2_vgu02NjAy) | [Subscribe](https://t.me/+LV7tr2_vgu02NjAy)",,,,,
2217,2217,9218,"**⚡️Киевстар предупреждает о проблемах со связью из-за отключения электричества

**[Информатор](https://t.me/+LV7tr2_vgu02NjAy) | [Подписаться](https://t.me/+LV7tr2_vgu02NjAy)","**⚡️Kyivstar warns of communication issues due to power outage

**[Informant](https://t.me/+LV7tr2_vgu02NjAy) | [Subscribe](https://t.me/+LV7tr2_vgu02NjAy)",,,,,
2218,2218,9219,"**❗️РФ выпустила по территории Украины около 100 ракет Х-101 и Х-555. Выпущено около 80, ещё 20 летит, — спикер воздушных сил ВСУ

**Они превзошли 10 октября, когда было выпущено 84 ракеты. **Сегодня была самая массированная атака с начала войны.

**[Информатор](https://t.me/+LV7tr2_vgu02NjAy) | [Подписаться](https://t.me/+LV7tr2_vgu02NjAy)","**❗️Russia launched about 100 Kh-101 and Kh-555 missiles into Ukrainian territory. About 80 were launched, with another 20 in flight, according to a spokesperson for Ukraine's air forces.

This exceeds the 84 missiles launched on October 10. Today was the most widespread attack since the start of the war.

[Source](https://t.me/+LV7tr2_vgu02NjAy) | [Subscribe](https://t.me/+LV7tr2_vgu02NjAy)",,,,,
2219,2219,9220,"**⚡️В украинских городах, где не отключили свет, сильно скачет напряжения. Специалисты советуют отключить электроприборы из розеток.

**[Информатор](https://t.me/+LV7tr2_vgu02NjAy) | [Подписаться](https://t.me/+LV7tr2_vgu02NjAy)","**⚡️In Ukrainian cities where the power is not out, the voltage is fluctuating significantly. Experts advise unplugging electrical appliances from outlets.**

[Informant](https://t.me/+LV7tr2_vgu02NjAy) | [Subscribe](https://t.me/+LV7tr2_vgu02NjAy)",,,,,
2220,2220,9221,"**⚡️В некоторых населенных пунктах Молдовы исчезла электроэнергия. В Кишиневе на фоне отключений света встали троллейбусы, — сообщают местные СМИ

**Отключилась линия Исакча-Вулканешты. По ней страна получает почти всю электроэнергию из Румынии.

[Информатор](https://t.me/+LV7tr2_vgu02NjAy) | [Подписаться](https://t.me/+LV7tr2_vgu02NjAy)","**⚡️In some Moldovan settlements, electricity has been cut off. In Chisinau, trolleybuses stopped running against the backdrop of power outages, according to local media.

The Isaccea-Vulcanesti line has gone dark. It supplies almost all of Moldova's electricity from Romania.

[Informant](https://t.me/+LV7tr2_vgu02NjAy) | [Subscribe](https://t.me/+LV7tr2_vgu02NjAy)",,,,,
2221,2221,9222,"⚡️**Предварительные последствия массированного ракетного обстрела рашистами территории Украины**:

**▪️Киев ** — попадания в жилые дома, город и область частично без электроснабжения, введены экстренные отключения;
**▪️Житомир** — две ракеты попали в объект критической инфраструктуры, город  обесточен;
**▪️Львов** — был прилет, электричества нет в части города, мобильные операторы** **ограничили работу части сервисов, чтобы сэкономить электроэнергию;
**▪️Ровно** — прилет по объекту инфраструктуры, перебои со светом;
**▪️Винниччина**  — несколько прилетов по инфраструктуре;
**▪️Черкащина** — работало ПВО;
**▪️Кривой Рог** — попал под ракетную атаку;
**▪️Одесская область **— частично без света;
**▪️Волынская област**ь — подтвержден прилет в Ковеле по объекту энергетической инфраструктуры, частично нет света;
**▪️Хмельницкая область** — два прилета, регион частично обесточен;
**▪️Ивано-Франковская область** — были звуки взрывов, пишут о проблемах со светом и водой;
**▪️Полтавская область** — есть попадание в Кременчуге;
**▪️Харьков **— несколько прилетов, город без света, остановлено метро;
**▪️ Сумы и область** — из-за прилетов ввели экстренное отключение электроэнергии;
**▪️Тернопольщина** — работало ПВО;
**▪️Кировоградская область** — два прилета по энергетической инфраструктуре;
**▪️Черниговская область** — работало ПВО.

❗️Угроза не миновала.

[Информатор](https://t.me/+LV7tr2_vgu02NjAy) | [Подписаться](https://t.me/+LV7tr2_vgu02NjAy)","⚡️**Preliminary Consequences of an Intensive Rocket Attack by the Russian-Speaking Forces on Ukrainian Territory**:

**▪️Kyiv** — hits in residential buildings, city and region partially without electricity, emergency power cuts implemented;
**▪️Zhytomyr** — two rockets hit critical infrastructure, city is without power;
**▪️Lviv** — an impact, no electricity in part of the city, mobile operators limited service operations to save energy;
**▪️Rivne** — impact on infrastructure, power outages;
**▪️Vinnytsia Region** — several impacts on infrastructure;
**▪️Cherkasy Region** — air defense was active;
**▪️Kryvyi Rih** — subjected to rocket attack;
**▪️Odessa Region** — partially without power;
**▪️Volyn Region** — confirmed impact on energy infrastructure in Kovel, partial power outage;
**▪️Hmelnytskyi Region** — two impacts, region partially without power;
**▪️Ivano-Frankivsk Region** — explosions heard, issues with power and water reported;
**▪️Poltava Region** — hit in Kremenchuk;
**▪️Kharkiv",,,,,
2222,2222,9223,"**❗️Ситуация критическая. Больше всего попаданий зафиксировано в центре и на севере страны. В столице ситуация крайне тяжелая, — Тимошенко

**[Информатор](https://t.me/+LV7tr2_vgu02NjAy) | [Подписаться](https://t.me/+LV7tr2_vgu02NjAy)","**❗️The situation is critical. The highest number of incidents has been recorded in the center and north of the country. The capital is in extremely difficult circumstances. — Timoшенко**

[Source](https://t.me/+LV7tr2_vgu02NjAy) | [Subscribe](https://t.me/+LV7tr2_vgu02NjAy)",,,,,
2223,2223,9224,"**❗️Из-за массированной ракетной атаки энергетики начали экстренные отключения света по всей Украине (!). Графики не действуют

**[Информатор](https://t.me/+LV7tr2_vgu02NjAy) | [Подписаться](https://t.me/+LV7tr2_vgu02NjAy)","**❗️Due to a massive rocket attack, energy companies have started emergency power cuts across Ukraine (!). Schedules are not in effect.

[Informant](https://t.me/+LV7tr2_vgu02NjAy) | [Subscribe](https://t.me/+LV7tr2_vgu02NjAy)",,,,,
2224,2224,9225,"**❗️В воздухе еще около 20 ракет. Направление: Киев и запад Украины

**[Информатор](https://t.me/+LV7tr2_vgu02NjAy) | [Подписаться](https://t.me/+LV7tr2_vgu02NjAy)","**❗️About 20 rockets are still in the air. Target: Kiev and western Ukraine.

[Informant](https://t.me/+LV7tr2_vgu02NjAy) | [Subscribe](https://t.me/+LV7tr2_vgu02NjAy)",,,,,
2225,2225,9226,"**❗️Повторные взрывы на Львовщине, Тернопольщине, Хмельниччине. Опасность до сих пор остается

**Часть Луцка и Одессы без света.

[Информатор](https://t.me/+LV7tr2_vgu02NjAy) | [Подписаться](https://t.me/+LV7tr2_vgu02NjAy)","**❗️Recurring explosions in Lviv Oblast, Ternopil Oblast, and Chernivtsi Oblast. Danger still persists.

Part of Lutsk and Odessa are without power.**

[Informant](https://t.me/+LV7tr2_vgu02NjAy) | [Subscribe](https://t.me/+LV7tr2_vgu02NjAy)",,,,,
2226,2226,9227,"**❗️Сообщают о взрывах в Ивано-Франковской области

**[Информатор](https://t.me/+LV7tr2_vgu02NjAy) | [Подписаться](https://t.me/+LV7tr2_vgu02NjAy)","**❗️Explosions reported in Ivano-Frankivsk Oblast

**[Source](https://t.me/+LV7tr2_vgu02NjAy) | [Subscribe](https://t.me/+LV7tr2_vgu02NjAy)",,,,,
2227,2227,9228,"**⚡️Взрывы в Ковеле Волынской области подтверждаются

**Орки сегодня натворили много беды.

[Информатор](https://t.me/+LV7tr2_vgu02NjAy) | [Подписаться](https://t.me/+LV7tr2_vgu02NjAy)","**⚡️Explosions in Kovel, Volyn Oblast, Confirmed

**Orcs caused a lot of trouble today.

[Informant](https://t.me/+LV7tr2_vgu02NjAy) | [Subscribe](https://t.me/+LV7tr2_vgu02NjAy)",,,,,
2228,2228,9229,"**❗️Взрывы в Тернопольской области: работает ПВО. Также, слышны новые взрывы в Ровно, Кривом Роге и Запорожье

**[Информатор](https://t.me/+LV7tr2_vgu02NjAy) | [Подписаться](https://t.me/+LV7tr2_vgu02NjAy)","**❗️Explosions in Ternopil Oblast: Air defense is operating. Also, new explosions are heard in Rovno, Kryvyi Rih, and Zaporizhzhia.

[Source](https://t.me/+LV7tr2_vgu02NjAy) | [Subscribe](https://t.me/+LV7tr2_vgu02NjAy)",,,,,
2229,2229,9230,"**⚡️Два прилета в Хмельницком, город частино без света — глава ОВА

**[Информатор](https://t.me/+LV7tr2_vgu02NjAy) | [Подписаться](https://t.me/+LV7tr2_vgu02NjAy)","**⚡️Two visits in Hmelnytskyi, where part of the city is without power — Head of OVA

[Informer](https://t.me/+LV7tr2_vgu02NjAy) | [Subscribe](https://t.me/+LV7tr2_vgu02NjAy)",,,,,
2230,2230,9231,"**⚡️Житомир. Ровно. Харьков. Удары по объектам критической инфраструктуры, — мэры

**[Информатор](https://t.me/+LV7tr2_vgu02NjAy) | [Подписаться](https://t.me/+LV7tr2_vgu02NjAy)","**⚡️Zhytomyr. Rovno. Kharkiv. Bombings of critical infrastructure sites, — mayors**

[Informer](https://t.me/+LV7tr2_vgu02NjAy) | [Subscribe](https://t.me/+LV7tr2_vgu02NjAy)",,,,,
2231,2231,9232,"**❗️В части Киева нет света. Проблемы с электроэнергией также в Хмельницком, Ровно, Ковеле, Львове, Житомире, Харькове

**[Информатор](https://t.me/+LV7tr2_vgu02NjAy) | [Подписаться](https://t.me/+LV7tr2_vgu02NjAy)","**❗️Power outages in parts of Kyiv. Electricity issues also in Chernivtsi, Rovno, Kovel, Lviv, Zhytomyr, Kharkiv.

[Informant](https://t.me/+LV7tr2_vgu02NjAy) | [Subscribe](https://t.me/+LV7tr2_vgu02NjAy)",,,,,
2232,2232,9233,"**❗️Львов частично обесточен

**[Информатор](https://t.me/+LV7tr2_vgu02NjAy) | [Подписаться](https://t.me/+LV7tr2_vgu02NjAy)","**❗️Lviv is partially without power

**[Informant](https://t.me/+LV7tr2_vgu02NjAy) | [Subscribe](https://t.me/+LV7tr2_vgu02NjAy)",,,,,
2233,2233,9234,"**❗️Сообщают о звуках взрывов в Ковеле Волынской области

**[Информатор](https://t.me/+LV7tr2_vgu02NjAy) | [Подписаться](https://t.me/+LV7tr2_vgu02NjAy)","**❗️Reports of explosion sounds in Kovel, Volyn Oblast

**[Source](https://t.me/+LV7tr2_vgu02NjAy) | [Subscribe](https://t.me/+LV7tr2_vgu02NjAy)",,,,,
2234,2234,9235,"**❗️Сообщают о взрывах в Винницкой области

**В то же время на Хмельниччине отработало ПВО.

[Информатор](https://t.me/+LV7tr2_vgu02NjAy) | [Подписаться](https://t.me/+LV7tr2_vgu02NjAy)","**❗️Explosions reported in Vinnytsia Oblast

**At the same time, air defense systems were activated in Chernivtsi Oblast.

[Source](https://t.me/+LV7tr2_vgu02NjAy) | [Subscribe](https://t.me/+LV7tr2_vgu02NjAy)",,,,,
2235,2235,9236,"**⚡️Мэр города Садовой подтверждает взрывы во Львове. Предварительно, отработало ПВО. Также повторные взрывы звучат на Киевщине

**[Информатор](https://t.me/+LV7tr2_vgu02NjAy) | [Подписаться](https://t.me/+LV7tr2_vgu02NjAy)","**⚡️The mayor of Sadovyi city confirms explosions in Lviv. Preliminary reports indicate it was the air defense system that responded. Also, repeated explosions are heard on Kyiv Oblast.**

[Source](https://t.me/+LV7tr2_vgu02NjAy) | [Subscribe](https://t.me/+LV7tr2_vgu02NjAy)",,,,,
2236,2236,9237,"**❗️Сообщают о взрывах во Львове

**[Информатор](https://t.me/+LV7tr2_vgu02NjAy) | [Подписаться](https://t.me/+LV7tr2_vgu02NjAy)","**❗️Explosions reported in Lviv

**[Source](https://t.me/+LV7tr2_vgu02NjAy) | [Subscribe](https://t.me/+LV7tr2_vgu02NjAy)",,,,,
2237,2237,9238,"**❗️Сообщают о взрывах в Ровенской области

**[Информатор](https://t.me/+LV7tr2_vgu02NjAy) | [Подписаться](https://t.me/+LV7tr2_vgu02NjAy)","**❗️Explosions reported in Rivne Oblast

**[Source](https://t.me/+LV7tr2_vgu02NjAy) | [Subscribe](https://t.me/+LV7tr2_vgu02NjAy)",,,,,
2238,2238,9239,"⚡️**Сообщают, о пролёте ракеты над Калиновкой Винницкой обл в сторону Хмельницка 3 минуты назад

**[Информатор](https://t.me/+LV7tr2_vgu02NjAy) | [Подписаться](https://t.me/+LV7tr2_vgu02NjAy)","⚡️**Reports of a rocket flying over Kalynivka in Vinnytsia Oblast towards HMELNITSKY 3 minutes ago.

**[Source](https://t.me/+LV7tr2_vgu02NjAy) | [Subscribe](https://t.me/+LV7tr2_vgu02NjAy)",,,,,
2239,2239,9240,"**❗️В столице еще одно попадание в многоэтажку в Печерском районе, — Кличко

**[Информатор](https://t.me/+LV7tr2_vgu02NjAy) | [Подписаться](https://t.me/+LV7tr2_vgu02NjAy)","**❗️Another apartment building hit in the Pechersk district of the capital, — Klitschko

[Informant](https://t.me/+LV7tr2_vgu02NjAy) | [Subscribe](https://t.me/+LV7tr2_vgu02NjAy)",,,,,
2240,2240,9241,"**⚡️В Житомире после взрывов частично пропал свет. Также сообщают о взрывах в Одессе и Харькове

**[Информатор](https://t.me/+LV7tr2_vgu02NjAy) | [Подписаться](https://t.me/+LV7tr2_vgu02NjAy)","**⚡️In Zhytomyr, partial power outages occurred following explosions. Reports also mention explosions in Odessa and Kharkiv.

[Source](https://t.me/+LV7tr2_vgu02NjAy) | [Subscribe](https://t.me/+LV7tr2_vgu02NjAy)**",,,,,
2241,2241,9242,"**❗️Нам сообщают о пролёте ракеты над Каменец-Подольским в сторону Черновицкой области

**[Информатор](https://t.me/+LV7tr2_vgu02NjAy) | [Подписаться](https://t.me/+LV7tr2_vgu02NjAy)","**❗️Reports of a rocket flying over Kamieniec Podolski towards Chernivtsi Oblast.

**[Source](https://t.me/+LV7tr2_vgu02NjAy) | [Subscribe](https://t.me/+LV7tr2_vgu02NjAy)",,,,,
2242,2242,9243,"**❗️Повторные взрывы на Киевщине. Также группа ракет летит на запад Украины

**[Информатор](https://t.me/+LV7tr2_vgu02NjAy) | [Подписаться](https://t.me/+LV7tr2_vgu02NjAy)","**❗️Recurring explosions in Kyiv Oblast. Additionally, a group of rockets is heading towards western Ukraine.

[Source](https://t.me/+LV7tr2_vgu02NjAy) | [Subscribe](https://t.me/+LV7tr2_vgu02NjAy)",,,,,
2243,2243,9244,"**❗️Пошёл запуск 3 волны ракет, — Ким

**[Информатор](https://t.me/+LV7tr2_vgu02NjAy) | [Подписаться](https://t.me/+LV7tr2_vgu02NjAy)","**❗️The launch of the third wave of rockets is underway, — Kim

[Informant](https://t.me/+LV7tr2_vgu02NjAy) | [Subscribe](https://t.me/+LV7tr2_vgu02NjAy)",,,,,
2244,2244,9245,"**❗️Сообщают о взрывах в Хмельницкой, Житомирской, Черкасской областях. Предварительно, работает ПВО

**[Информатор](https://t.me/+LV7tr2_vgu02NjAy) | [Подписаться](https://t.me/+LV7tr2_vgu02NjAy)","**❗️Explosions reported in Hmelnytskyi, Zhytomyr, and Chernihiv regions. Air defense is reportedly active.

[Source](https://t.me/+LV7tr2_vgu02NjAy) | [Subscribe](https://t.me/+LV7tr2_vgu02NjAy)",,,,,
2245,2245,9246,"**❗️Киев. Зафиксировано два попадания российских ракет. Атаковано 2 жилых дома. На месте уже работают спасатели и врачи, — Кирилл Тимошенко

**[Информатор](https://t.me/+LV7tr2_vgu02NjAy) | [Подписаться](https://t.me/+LV7tr2_vgu02NjAy)","**❗️Kiev. Two hits from Russian rockets have been recorded. Two residential buildings were attacked. Emergency services and medical personnel are already at the scene. — Kirill Timoшенко**

[Source: Informer](https://t.me/+LV7tr2_vgu02NjAy) | [Subscribe](https://t.me/+LV7tr2_vgu02NjAy)",,,,,
2246,2246,9247,"⚡️**Российские СМИ распространяют старое видео прилетов и выдают его за сегодняшний взрыв в Киеве

**Не ведитесь на фейки пропагандонов.

[Информатор](https://t.me/+LV7tr2_vgu02NjAy) | [Подписаться](https://t.me/+LV7tr2_vgu02NjAy)","⚡️**Russian media are circulating old footage of arrivals and presenting it as today's explosion in Kyiv.

**Don't fall for the propaganda disinformation.

[Informer](https://t.me/+LV7tr2_vgu02NjAy) | [Subscribe](https://t.me/+LV7tr2_vgu02NjAy)",,,,,
2247,2247,9248,"**❗️Ракеты долетели до Винницкой области, там работает ПВО

**[Информатор](https://t.me/+LV7tr2_vgu02NjAy) | [Подписаться](https://t.me/+LV7tr2_vgu02NjAy)","**❗️Missiles reached the Vinnytsia Oblast, where air defense is active.

[Source](https://t.me/+LV7tr2_vgu02NjAy) | [Subscribe](https://t.me/+LV7tr2_vgu02NjAy)",,,,,
2248,2248,9249,"**❗️В Киеве прилёт в 2 жилых дома в Печерском районе, — Кличко

**[Информатор](https://t.me/+LV7tr2_vgu02NjAy) | [Подписаться](https://t.me/+LV7tr2_vgu02NjAy)","**❗️In Kyiv, explosions hit two residential buildings in the Pechersk district, — Klitschko

[Source](https://t.me/+LV7tr2_vgu02NjAy) | [Subscribe](https://t.me/+LV7tr2_vgu02NjAy)",,,,,
2249,2249,9250,"**⚡️В столице зафиксировано два взрыва. Предварительно, 4 ракеты сбито, — КГВА

**[Информатор](https://t.me/+LV7tr2_vgu02NjAy) | [Подписаться](https://t.me/+LV7tr2_vgu02NjAy)","**⚡️Two explosions were reported in the capital. Preliminary report: 4 rockets intercepted, — KGV Agency

[Source](https://t.me/+LV7tr2_vgu02NjAy) | [Subscribe](https://t.me/+LV7tr2_vgu02NjAy)",,,,,
2250,2250,9251,"**❗️Повторные взрывы в Киевской области. Также звуки взрывов слышны на Кировоградщине и Полтавщине**: предварительно — ПВО

[Информатор](https://t.me/+LV7tr2_vgu02NjAy) | [Подписаться](https://t.me/+LV7tr2_vgu02NjAy)","**❗️Recurring explosions in Kyiv Oblast. Explosive sounds are also heard in Kirovohrad Oblast and Poltava Oblast**: preliminary report — air defense

[Source](https://t.me/+LV7tr2_vgu02NjAy) | [Subscribe](https://t.me/+LV7tr2_vgu02NjAy)",,,,,
2251,2251,9252,"**❗️Ракеты летят над Черкасской и Полтавской областями

**[Информатор](https://t.me/+LV7tr2_vgu02NjAy) | [Подписаться](https://t.me/+LV7tr2_vgu02NjAy)","**❗️Missiles are flying over the Chernivtsi and Poltava regions

**[Informant](https://t.me/+LV7tr2_vgu02NjAy) | [Subscribe](https://t.me/+LV7tr2_vgu02NjAy)",,,,,
2252,2252,9253,"⚡️**Видео пролёта ракеты над Киевской областью. Жители сообщают, что горит жилой дом

**Ждём официальную информацию.

[Информатор](https://t.me/+LV7tr2_vgu02NjAy) | [Подписаться](https://t.me/+LV7tr2_vgu02NjAy)","⚡️**Video of a rocket flying over Kyiv Oblast. Residents report that a residential building is on fire.

**Waiting for official information.

[Source](https://t.me/+LV7tr2_vgu02NjAy) | [Subscribe](https://t.me/+LV7tr2_vgu02NjAy)",,,,,
2253,2253,9254,"**❗️Повторные взрывы в Киеве

**[Информатор](https://t.me/+LV7tr2_vgu02NjAy) | [Подписаться](https://t.me/+LV7tr2_vgu02NjAy)","**❗️Recurring Explosions in Kyiv

**[Informant](https://t.me/+LV7tr2_vgu02NjAy) | [Subscribe](https://t.me/+LV7tr2_vgu02NjAy)",,,,,
2254,2254,9255,"❗️**Сообщают о взрывах в Киеве и в Киевской области

**[Информатор](https://t.me/+LV7tr2_vgu02NjAy) | [Подписаться](https://t.me/+LV7tr2_vgu02NjAy)","❗️**Explosions reported in Kyiv and Kyiv Oblast

**[Source](https://t.me/+LV7tr2_vgu02NjAy) | [Subscribe](https://t.me/+LV7tr2_vgu02NjAy)",,,,,
2255,2255,9256,"**⚡️Кулеба предупреждает об угрозе обстрела Киевщины

**[Информатор](https://t.me/+LV7tr2_vgu02NjAy) | [Подписаться](https://t.me/+LV7tr2_vgu02NjAy)","**⚡️Kuleba warns of a threat of shelling in Kyiv Oblast

**[Informant](https://t.me/+LV7tr2_vgu02NjAy) | [Subscribe](https://t.me/+LV7tr2_vgu02NjAy)",,,,,
2256,2256,9257,"**⚡️Сообщают, что 3 ракеты, которые видели над Конотопом, летят в направлении Киева

**[Информатор](https://t.me/+LV7tr2_vgu02NjAy) | [Подписаться](https://t.me/+LV7tr2_vgu02NjAy)","**⚡️Reports that 3 rockets seen over Konotop are heading towards Kyiv

[Source](https://t.me/+LV7tr2_vgu02NjAy) | [Subscribe](https://t.me/+LV7tr2_vgu02NjAy)",,,,,
2257,2257,9258,"**❗️Сообщают о взрывах в Сумской области. Предварительно, силы ПВО сбили вражескую ракету. Также сообщают о пролетах ракет над Харьковом и Конотопом

**[Информатор](https://t.me/+LV7tr2_vgu02NjAy) | [Подписаться](https://t.me/+LV7tr2_vgu02NjAy)","**❗️Explosions reported in Sumy Oblast. Preliminary reports suggest air defense forces shot down an enemy missile. Also, reports of missile flybys over Kharkiv and Konotop.

[Source](https://t.me/+LV7tr2_vgu02NjAy) | [Subscribe](https://t.me/+LV7tr2_vgu02NjAy)**",,,,,
2258,2258,9259,"**❗️Тревога во всех областях, кроме Крыма. Сегодня рашисты попытаются повторить 10 октября

**Ракеты уже зашли в наше воздушное пространство. Не игнорируйте тревогу.

[Информатор](https://t.me/+LV7tr2_vgu02NjAy) | [Подписаться](https://t.me/+LV7tr2_vgu02NjAy)","**❗️Alert in all areas except Crimea. Today, the Russians will attempt to repeat what happened on October 10.

**Missiles have already entered our airspace. Do not ignore the alert.

[Informer](https://t.me/+LV7tr2_vgu02NjAy) | [Subscribe](https://t.me/+LV7tr2_vgu02NjAy)",,,,,
2259,2259,9260,"**❗️Вот более детальное предварительное время подлета ракет к разным городам по Украине

**[Информатор](https://t.me/+LV7tr2_vgu02NjAy) | [Подписаться](https://t.me/+LV7tr2_vgu02NjAy)","**❗️Here is more detailed preliminary rocket approach time to different cities in Ukraine

**[Informer](https://t.me/+LV7tr2_vgu02NjAy) | [Subscribe](https://t.me/+LV7tr2_vgu02NjAy)",,,,,
2260,2260,9261,"❗️Расчетное время подлета [ракет:](https://t.me/ukrinformator/29110) **14:50-15:30**. Был взлет до 14 вражеских самолетов Ту-95. В 13:35 был первый доклад о пусках с района Волгодонск-Астрахань. Потом был повторный пуск. Суммарный залп может насчитывать **до 70 ракет.** Не 70, до 70.

[Информатор](https://t.me/+LV7tr2_vgu02NjAy) | [Подписаться](https://t.me/+LV7tr2_vgu02NjAy)","❗️Estimated flight time for the missiles: **14:50-15:30**. 14 enemy Tu-95 aircraft took off before 14:00. The first report of launches was at 13:35 from the Volgograd-Astrakhan area, followed by a repeat launch. The total salvo could number **up to 70 missiles**, not exactly 70 but up to 70.

[Informer](https://t.me/+LV7tr2_vgu02NjAy) | [Subscribe](https://t.me/+LV7tr2_vgu02NjAy)",,,,,
2261,2261,9262,"❗️**Массовый пуск ракет Х-101 с Ту-95 из района Волгоград-Астрахань. **Вероятны две волны. Цели в Украине неизвестны.

[Информатор](https://t.me/+LV7tr2_vgu02NjAy) | [Подписаться](https://t.me/+LV7tr2_vgu02NjAy)","❗️**A mass launch of Kh-101 cruise missiles from Tu-95 bombers in the Volgograd-Astrakhan area.** There may be two waves. The targets in Ukraine are unknown.

[Source](https://t.me/+LV7tr2_vgu02NjAy) | [Subscribe](https://t.me/+LV7tr2_vgu02NjAy)",,,,,
2262,2262,9263,"**❗️Оккупанты на Херсонщине отводят войска на 15-20 км от Днепра, — ОК ""Юг"" 

**Русня отходит, чтобы обезопасить себя от обстрелов украинской армии, но логистика врага под огневым контролем ВСУ.

[Информатор](https://t.me/+LV7tr2_vgu02NjAy) | [Подписаться](https://t.me/+LV7tr2_vgu02NjAy)","**❗️Occupiers in Kherson Oblast are withdrawing troops 15-20 km from the Dnipro, — OK ""South""

The Russians are retreating to avoid artillery attacks from the Ukrainian army, but the enemy's logistics are under the fire control of the Ukrainian Armed Forces.

[Source](https://t.me/+LV7tr2_vgu02NjAy) | [Subscribe](https://t.me/+LV7tr2_vgu02NjAy)",,,,,
2263,2263,9264,"**Ой, неудобно как-то**🤔

[Информатор](https://t.me/+LV7tr2_vgu02NjAy) | [Подписаться](https://t.me/+LV7tr2_vgu02NjAy)","**Oh, somehow this feels awkward.**🤔

[Informant](https://t.me/+LV7tr2_vgu02NjAy) | [Subscribe](https://t.me/+LV7tr2_vgu02NjAy)",,,,,
2264,2264,9265,"**Россия не признает резолюции о выплате репараций Украине, и будет относиться к ней как к юридически не обязывающему документу, — Песков

**Кроме этого он заявил, что **Херсон остается столицей области, каких-либо иных решений не принималось**, и, в свою очередь, обвинил Украину в срыве переговоров.

[Информатор](https://t.me/+LV7tr2_vgu02NjAy) | [Подписаться](https://t.me/+LV7tr2_vgu02NjAy)","Russia does not recognize resolutions on reparations to Ukraine and will treat them as a legally non-binding document, — Peskov said.

In addition, he stated that Kherson remains the capital of the region, no other decisions have been made, and, at the same time, accused Ukraine of sabotaging negotiations.

[Source](https://t.me/+LV7tr2_vgu02NjAy) | [Subscribe](https://t.me/+LV7tr2_vgu02NjAy)",,,,,
2265,2265,9266,"**Зеленский не слушает никаких советов Запада о переговорах с Россией, судя из выступления на G20** — Лавров

Кроме того, российский делегат заявил что:
▪️Россия хочет переговоров, но Украина выдвинула нереалистичные условия. 
▪️Конфликт затягивается из-за Украины.
▪️Россия не будет истользовать энергетику как метод давления (но это не точно).

[Информатор](https://t.me/+LV7tr2_vgu02NjAy) | [Подписаться](https://t.me/+LV7tr2_vgu02NjAy)","**Zelensky is not listening to any Western advice about negotiations with Russia, judging from his G20 speech** — Lavrov

Furthermore, the Russian delegate stated that:
- Russia wants negotiations, but Ukraine has put forward unrealistic conditions.
- The conflict is dragging on because of Ukraine.
- Russia will not use energy as a method of pressure (but this is not confirmed).

[Informer](https://t.me/+LV7tr2_vgu02NjAy) | [Subscribe](https://t.me/+LV7tr2_vgu02NjAy)",,,,,
2266,2266,9267,"**⚡️ Одесские чиновники решили подзаработать на ""зерновом коридоре"", — **[**ГБР**](https://dbr.gov.ua/news/dbr-vikrilo-na-odeshhini-masshtabnu-shemu-poboriv-z-eksporteriv-zernovogo-koridoru)**

**Стало известно, что лица при должностях не брезговали просить взятки **за экспорт зерновых культур** через морские порты Одесской области по **""зерновому коридору""**.  Все просто: хочешь получить документы — **плати**.

В ходе обысков уже нашли деньги от подобных сделок и документы, подтверждающие их.

[Информатор](https://t.me/+LV7tr2_vgu02NjAy) | [Подписаться](https://t.me/+LV7tr2_vgu02NjAy)","**⚡️ Odessa officials decided to profit from the ""grain corridor"" — **[**NABU**](https://dbr.gov.ua/news/dbr-vikrilo-na-odeshhini-masshtabnu-shemu-poboriv-z-eksporteriv-zernovogo-koridoru)**

It has been revealed that individuals in official positions were not shy about soliciting bribes for facilitating the export of grain crops through the ports of Odessa region via the **""grain corridor.""** The process is straightforward: want to get the documents? **Pay**.

During the searches, money from such deals and documents confirming them were already found. 

[Source](https://t.me/+LV7tr2_vgu02NjAy) | [Subscribe](https://t.me/+LV7tr2_vgu02NjAy)",,,,,
2267,2267,9268,"**Какие лекарства следует иметь в аптечке каждому украинцу этой тяжелой зимой👆🏻

**[Информатор](https://t.me/+LV7tr2_vgu02NjAy) | [Подписаться](https://t.me/+LV7tr2_vgu02NjAy)","What medications should every Ukrainian have in their medicine kit this harsh winter👇🏻

[Informant](https://t.me/+LV7tr2_vgu02NjAy) | [Subscribe](https://t.me/+LV7tr2_vgu02NjAy)",,,,,
2268,2268,9269,"⚡️**Информация о взятии бойцами ВСУ Кинбурнской Косы и Олешек на левом берегу Херсонщины не соответствует действительности

**В ОК ""Південь"" сегодня сообщили, что из Кинбурнской косы враг из ""Града"" пытался атаковать Очаков, а в Олешках бойцы ВСУ отработали 50 огневых задач, в частности по дислокации вражеских подразделений.

Как мы и [писали вчера](https://t.me/ukrinformator/29093), ждите только официальные данные.

[Информатор](https://t.me/+LV7tr2_vgu02NjAy) | [Подписаться](https://t.me/+LV7tr2_vgu02NjAy)","⚡️**The information about Ukrainian Armed Forces soldiers capturing the Kinburn Peninsula and Oleksandrivka on the left bank of Kherson Oblast does not correspond to reality.

**In OK ""Pridnestrovie"" today, they reported that from the Kinburn Peninsula, the enemy attempted an attack on Ochakiv using Grad rockets, and in Oleksandrivka, Ukrainian Armed Forces soldiers completed 50 firing tasks, including targeting enemy troop positions.

As we wrote yesterday, only official data should be trusted.

[Informant](https://t.me/+LV7tr2_vgu02NjAy) | [Subscribe](https://t.me/+LV7tr2_vgu02NjAy)",,,,,
2269,2269,9270,"**Население Земли сократилось на 82к человек благодаря ВСУ😏

**[Информатор](https://t.me/+LV7tr2_vgu02NjAy) | [Подписаться](https://t.me/+LV7tr2_vgu02NjAy)","The world's population decreased by 82,000 people thanks to the Ukrainian military 😏

[Informant](https://t.me/+LV7tr2_vgu02NjAy) | [Subscribe](https://t.me/+LV7tr2_vgu02NjAy)",,,,,
2270,2270,9271,"**Число людей на Земле сегодня официально достигнет 8 миллиардов человек

**Об этом** **[сообщает](https://www.unfpa.org/8billion) ООН. Чтобы численность увеличилась с 7 до 8 миллиардов, потребовалось всего лишь 12 лет. Однако по прогнозам, 9 миллиардов можно ждать через 15 лет, то есть **в 2037** году. 

[Информатор](https://t.me/+LV7tr2_vgu02NjAy) | [Подписаться](https://t.me/+LV7tr2_vgu02NjAy)","The world's population today will officially reach 8 billion people.

The United Nations reports this. To increase the population from 7 to 8 billion, it took only 12 years. However, according to forecasts, 9 billion people can be expected in 15 more years, that is, in **2037**.

[Informant] (https://t.me/+LV7tr2_vgu02NjAy) | [Subscribe] (https://t.me/+LV7tr2_vgu02NjAy)",,,,,
2271,2271,9272,"**❗️Выступая на G20, Зеленский представил ""формулу мира Украины""

**Предложения Украины:
1. Радиационная и ядерная безопасность.
2. Продовольственная безопасность.
3. Энергетическая безопасность.
4. Освобождение всех пленных и депортированных.
5. Выполнение Устава ООН и восстановление территориальной целостности и мирового порядка.
6. Выведение российских войск и прекращение боевых действий.
7. Возвращение справедливости (репарации, трибунал).
8. Противодействие экоциду (уничтожение животного мира).
9. Недопущение эскалации.
10. Фиксация окончания войны.

**Никакого ""Минска-3"" больше не будет, — добавил Президент.

**[Информатор](https://t.me/+LV7tr2_vgu02NjAy) | [Подписаться](https://t.me/+LV7tr2_vgu02NjAy)","**❗️Zelensky presented ""Ukraine's Formula for Peace"" at the G20 meeting.**

**Ukraine's proposals:**
1. Radiation and nuclear safety.
2. Food security.
3. Energy security.
4. Release of all prisoners and deportees.
5. Fulfillment of the UN Charter and restoration of territorial integrity and global order.
6. Withdrawal of Russian troops and cessation of hostilities.
7. Return of justice (reparations, tribunal).
8. Opposition to ecocide (destruction of wildlife).
9. Prevention of escalation.
10. Fixation of the end of the war.

**There will be no more ""Minsk-3,""** added the President.

**[Informer](https://t.me/+LV7tr2_vgu02NjAy) | [Subscribe](https://t.me/+LV7tr2_vgu02NjAy)**",,,,,
2272,2272,9273,"**Зеленский: ""мы всё вернём. Вернём нормальную жизнь. И знаем, что мир для Украины становится ближе. Для всей нашей страны""

**[Информатор](https://t.me/+LV7tr2_vgu02NjAy) | [Подписаться](https://t.me/+LV7tr2_vgu02NjAy)","Zelensky: ""We will get everything back. We will get normal life. And we know that the world is becoming closer for Ukraine. For our entire country.""

[Informant](https://t.me/+LV7tr2_vgu02NjAy) | [Subscribe](https://t.me/+LV7tr2_vgu02NjAy)",,,,,
2273,2273,9274,"**Немного потерпите. Все всё скоро узнают🤫

**[Информатор](https://t.me/+LV7tr2_vgu02NjAy) | [Подписаться](https://t.me/+LV7tr2_vgu02NjAy)","**Just hold on for a little while. Everyone will find out soon🤫**

**[Informant](https://t.me/+LV7tr2_vgu02NjAy) | [Subscribe](https://t.me/+LV7tr2_vgu02NjAy)**",,,,,
2274,2274,9275,"**❗️Каховка, Новая Каховка, Олешки - 🇺🇦, — написл депутат Херсонского облсовета Сергей Хлань

**Ждём подтверждение от Генштаба.

[Информатор](https://t.me/+LV7tr2_vgu02NjAy) | [Подписаться](https://t.me/+LV7tr2_vgu02NjAy)","**❗️Kakhovka, Nova Kakhovka, Oleksy - 🇺🇦, — wrote Herson Oblast Council deputy Serhiy Khlyan

**We await confirmation from the General Staff.

[Informer](https://t.me/+LV7tr2_vgu02NjAy) | [Subscribe](https://t.me/+LV7tr2_vgu02NjAy)",,,,,
2275,2275,9276,"**Комментарии относительно обстановки на левом берегу Херсонщины от русни😏

**[Информатор](https://t.me/+LV7tr2_vgu02NjAy) | [Подписаться](https://t.me/+LV7tr2_vgu02NjAy)","Comments on the situation on the left bank of Kherson Oblast from the Russian informer 😏

[Informant](https://t.me/+LV7tr2_vgu02NjAy) | [Subscribe](https://t.me/+LV7tr2_vgu02NjAy)",,,,,
2276,2276,9277,"**""Олешки Херсонской области освобождены"", — пишут СМИ со ссылкой на якобы заявление Арестовича

**Но, Арестович озвучил информацию, которую написал мэр Олешек и не более. Сам мэр свои посты об освобождении удалил🤷🏻‍♂️. 

Ждите официальную информацию.

[Информатор](https://t.me/+LV7tr2_vgu02NjAy) | [Подписаться](https://t.me/+LV7tr2_vgu02NjAy)","**The Oleksyi of Kherson Oblast have been liberated**, according to the media, citing what is allegedly a statement by Arrestovich.

However, Arrestovich only shared information that was written by the mayor of Oleksyi and nothing more. The mayor himself has deleted his posts about liberation. 🤷🏻‍♂️

Wait for official information.

[Informer](https://t.me/+LV7tr2_vgu02NjAy) | [Subscribe](https://t.me/+LV7tr2_vgu02NjAy)",,,,,
2277,2277,9278,"**Мэр Олешек уже поздравил жителей с освобождением города, но позже удалил свой пост

**Также, есть информация, что ВСУ уже закрепились в нескольких н.п. на левом берегу Херсонщины. Но она пока не подтверждена.

Ждём официальную информацию.

[Информатор](https://t.me/+LV7tr2_vgu02NjAy) | [Подписаться](https://t.me/+LV7tr2_vgu02NjAy)","The mayor of Oleshky has already congratulated the residents on the city's liberation, but later removed his post.

There is also information that the Ukrainian Armed Forces (ВСУ) have entrenched themselves in several settlements on the left bank of Kherson Oblast. However, this information is not yet confirmed.

We are awaiting official confirmation.

[Source: Informant](https://t.me/+LV7tr2_vgu02NjAy) | [Subscribe](https://t.me/+LV7tr2_vgu02NjAy)",,,,,
2278,2278,9279,"**В Киево-Печерской Лавре действительно **[**пели песню**](https://t.me/ukrinformator/28988)** ""Звон плывет, плывет над Россией"": священник Захарий, во время богослужения которого она звучала, отстранен

**Об этом сообщил Наместник Лавры Павел и добавил, что эта песня не была молебном и что УПЦ молится за Украину и за мир.

[Информатор](https://t.me/+LV7tr2_vgu02NjAy) | [Подписаться](https://t.me/+LV7tr2_vgu02NjAy)","**At the Kiev-Pechersk Lavra, they indeed sang the song ""The Bell Sounds, Sounds Over Russia"": Priest Zakharyi, during whose divine service it was played, has been dismissed.**

This was reported by the Abbot of the Lavra, Pavel, who added that this song was not a prayer and that the Ukrainian Orthodox Church prays for Ukraine and for peace.

[Informer](https://t.me/+LV7tr2_vgu02NjAy) | [Subscribe](https://t.me/+LV7tr2_vgu02NjAy)",,,,,
2279,2279,9280,"**⚡️""Украинские военные не примут никаких переговоров, договоренностей или компромиссов. Мы не остановимся ни при каких условиях. Условие для переговоров одно – Россия должна оставить все захваченные территории"", — главком Залужный в разговоре с генералом США Марком Милли

**[Информатор](https://t.me/+LV7tr2_vgu02NjAy) | [Подписаться](https://t.me/+LV7tr2_vgu02NjAy)","**⚡️""Ukrainian military will not engage in any negotiations, agreements, or compromises. We will not stop under any circumstances. The only condition for negotiations is that Russia must withdraw from all occupied territories,""** — Chief of Staff Zaluzhny in a conversation with US General Mark Milley.

**[Source](https://t.me/+LV7tr2_vgu02NjAy) | [Subscribe](https://t.me/+LV7tr2_vgu02NjAy)**",,,,,
2280,2280,9281,"**Убегая из Херсона, рашисты выпустили всех заключённых из СИЗО

**После деоккупации наши воины обнаружили дела 457 осужденных, из них 15 – пожизненно. Где сейчас находятся заключённые неизвестно. 

[Информатор](https://t.me/+LV7tr2_vgu02NjAy) | [Подписаться](https://t.me/+LV7tr2_vgu02NjAy)","**Fleeing from Kherson, the Russians released all the detainees from the SIZO (pretrial detention center).**

**After the de-occupation, our soldiers found files on 457 convicted individuals, including 15 sentenced to life. It is unknown where the detainees are now located.**

[Source](https://t.me/+LV7tr2_vgu02NjAy) | [Subscribe](https://t.me/+LV7tr2_vgu02NjAy)",,,,,
2281,2281,9282,"⚡️В Голой Пристани, Херсонской области **слышны автоматные выстрелы**, — сообщают местные тг. 

Тревожно...

[Информатор](https://t.me/+LV7tr2_vgu02NjAy) | [Подписаться](https://t.me/+LV7tr2_vgu02NjAy)","⚡️In Goloy Pristani, in the Kherson region, automatic gunfire can be heard, local Telegram sources report.

Alarming...

[Informant](https://t.me/+LV7tr2_vgu02NjAy) | [Subscribe](https://t.me/+LV7tr2_vgu02NjAy)",,,,,
2282,2282,9283,"❗️** Генассамблея ООН приняла резолюцию о «репарациях» Украине от России

**Теперь Запад вскоре может начать тратить замороженные и конфискованные российские резервы.

[Информатор](https://t.me/+LV7tr2_vgu02NjAy) | [Подписаться](https://t.me/+LV7tr2_vgu02NjAy)","❗️The UN General Assembly adopted a resolution on ""reparations"" to Ukraine from Russia.

Now, the West may soon start spending frozen and seized Russian reserves.

[Informer](https://t.me/+LV7tr2_vgu02NjAy) | [Subscribe](https://t.me/+LV7tr2_vgu02NjAy)",,,,,
2283,2283,9284,"**В Беларуси идет подготовка к мобилизации - Генштаб

** «По имеющейся информации, военный комиссариат Брестской области объявил тендер на печать бланков предписаний мобилизованных в количестве 50 000 экземпляров со сроком выполнения заказа до 31 декабря текущего года»

[Информатор](https://t.me/+LV7tr2_vgu02NjAy) | [Подписаться](https://t.me/+LV7tr2_vgu02NjAy)","**Mobilization preparations underway in Belarus - General Staff**

""According to available information, the Brest Region Military Registration Office has announced a tender for printing mobilization orders in quantities of 50,000 copies, with the deadline for fulfilling the order set for December 31 of the current year.""

[Informant](https://t.me/+LV7tr2_vgu02NjAy) | [Subscribe](https://t.me/+LV7tr2_vgu02NjAy)",,,,,
2284,2284,9285,"⚡**Кинбурнская коса перешла под контроль ВС Украины, **пишут руснявые тг-каналы.

[Информатор](https://t.me/+LV7tr2_vgu02NjAy) | [Подписаться](https://t.me/+LV7tr2_vgu02NjAy)","⚡**Kinburn Beach has been taken under the control of Ukraine's Armed Forces**, report Russian-language Telegram channels.

[Informer](https://t.me/+LV7tr2_vgu02NjAy) | [Subscribe](https://t.me/+LV7tr2_vgu02NjAy)",,,,,
2285,2285,9286,"**Городской голова Олешек на Херсонщине на что-то намекает

**Если информация** **подтвердится, то это значит, что ВСУ уже на левом берегу.

[Информатор](https://t.me/+LV7tr2_vgu02NjAy) | [Подписаться](https://t.me/+LV7tr2_vgu02NjAy)","The mayor of Oleshky in Kherson Oblast is hinting at something.

If the information is confirmed, it means that the Ukrainian Armed Forces (VSYU) are already on the left bank.

[Informant](https://t.me/+LV7tr2_vgu02NjAy) | [Subscribe](https://t.me/+LV7tr2_vgu02NjAy)",,,,,
2286,2286,9287,"**Помните **[**бетонные пирамидки**](https://t.me/ukrinformator/27955)**, которые орки раскладывают в Луганской области и БНР в качестве защитных сооружений?

**На видео пример «эффективной» работы таких заграждений. 

[Информатор](https://t.me/+LV7tr2_vgu02NjAy) | [Подписаться](https://t.me/+LV7tr2_vgu02NjAy)","Do you remember the concrete pyramids that orcs spread out in Luhansk Oblast and the self-proclaimed Donetsk People's Republic as defensive structures?

Here is a video example of the ""effective"" operation of such obstacles.

[Информатор](https://t.me/+LV7tr2_vgu02NjAy) | [Subscribe](https://t.me/+LV7tr2_vgu02NjAy)",,,,,
2287,2287,9288,"**Красноречиво

**[Информатор](https://t.me/+LV7tr2_vgu02NjAy) | [Подписаться](https://t.me/+LV7tr2_vgu02NjAy)","**Eloquent

**[Informant](https://t.me/+LV7tr2_vgu02NjAy) | [Subscribe](https://t.me/+LV7tr2_vgu02NjAy)",,,,,
2288,2288,9289,"**⚡️Путин подписал указ, допускающий службу по призыву в ВС РФ лиц с иностранным гражданством

**Таджики и узбеки скоро поедут на Донбасс🤷🏻‍♂️

[Информатор](https://t.me/+LV7tr2_vgu02NjAy) | [Подписаться](https://t.me/+LV7tr2_vgu02NjAy)","**⚡️Putin signed an order allowing conscription into the Russian military for individuals with foreign citizenship.

**Tajikistan and Uzbek citizens will soon be drafted to the Donbas region🤷🏻‍♂️

[Informant](https://t.me/+LV7tr2_vgu02NjAy) | [Subscribe](https://t.me/+LV7tr2_vgu02NjAy)",,,,,
2289,2289,9290,"**Контрабандисты не дремлют: на Закарпатье в автобусе с паломниками **[**обнаружили**](https://www.facebook.com/ZAKcustomsUA/posts/pfbid0e8Ed6ZefcXXdvX1ehxfRN3zp1BQ4dgo9MWkJZQ3cFv4E7v3w4kKAZTVCto1dAYMnl)** сигарет на 6 млн. грн**🤷🏻‍♂️

300 ящиков (**150 480 пачек сигарет**) с фильтром без акцизной марки Украины горе-бизнесмены **спрятали по всему автобусу**: в полу, боковых обшивках салона, потолка и полостях системы подачи воздуха в салон.

Теперь дельцам грозит **штраф в размере 100% стоимости сигарет и их конфискация вместе с автобусом.

**[Информатор](https://t.me/+LV7tr2_vgu02NjAy) | [Подписаться](https://t.me/+LV7tr2_vgu02NjAy)","**Smugglers Are Active: In Zakarpattia, Cigarettes Worth 6 Million UAH Were Found in a Bus with Pilgrims**🤷🏻‍♂️

300 crates (150,480 packs of cigarettes) without Ukraine's excise mark were hidden throughout the bus by the smugglers: in the floor, side panels of the interior, ceiling, and air duct compartments.

Now, the smugglers face a fine of 100% of the cigarette value and their confiscation along with the bus.

**[Informant](https://t.me/+LV7tr2_vgu02NjAy) | [Subscribe](https://t.me/+LV7tr2_vgu02NjAy)",,,,,
2290,2290,9291,"**⚡️А вот и первые переодетые росвояки подъехали: СБУ задержала одетого в гражданку военного РФ в Херсоне

**Мужчина пытался притвориться ""местным"", но после разговора с сотрудниками СБУ **он признался, что является профессиональным военным из 69-й отдельной бригады прикрытия вооруженных сил России.

**Его задачей в освобожденном от рашистов Херсоне** был сбор информации, корректировка огня по ВСУ и проведение диверсий.

**[Информатор](https://t.me/+LV7tr2_vgu02NjAy) | [Подписаться](https://t.me/+LV7tr2_vgu02NjAy)","**⚡️Here come the first disguised Russian military personnel: The SBU detained a Russian military officer dressed as a civilian in Kherson.**

**The man tried to pass himself off as a local, but after talking to SBU officers, he admitted that he is a professional soldier from the 69th Separate Protection Brigade of the Russian Armed Forces.**

**His task in Kherson, which had been liberated from Russian occupiers, was to gather intelligence, adjust artillery fire on Ukrainian forces, and carry out sabotage operations.**

**[Informant](https://t.me/+LV7tr2_vgu02NjAy) | [Subscribe](https://t.me/+LV7tr2_vgu02NjAy)**",,,,,
2291,2291,9292,"**Жесть: В Херсонской области оккупанты ради развлечения повесили краснокнижных хомяков, — **[**сообщает**](https://www.facebook.com/UkrainianNatureConservationGroup/posts/1080761859278642)** Украинская природоохранная группа

**Мертвых животных обнаружили на оставленной российской позиции.

[Информатор](https://t.me/+LV7tr2_vgu02NjAy) | [Подписаться](https://t.me/+LV7tr2_vgu02NjAy)","**Wow: Occupiers in the Kherson region hanged endangered hamsters for entertainment,** — reports the Ukrainian Nature Conservation Group.

Dead animals were found on a deserted Russian position.

[Source](https://t.me/+LV7tr2_vgu02NjAy) | [Subscribe](https://t.me/+LV7tr2_vgu02NjAy)",,,,,
2292,2292,9293,"**Визуализируем

**[Информатор](https://t.me/+LV7tr2_vgu02NjAy) | [Подписаться](https://t.me/+LV7tr2_vgu02NjAy)","**Visualize

**[Informant](https://t.me/+LV7tr2_vgu02NjAy) | [Subscribe](https://t.me/+LV7tr2_vgu02NjAy)",,,,,
2293,2293,9294,"**⚡️Украина уже освободила 52,5% территории, оккупированной Россией с 24 февраля 2022 года

**[Информатор](https://t.me/+LV7tr2_vgu02NjAy) | [Подписаться](https://t.me/+LV7tr2_vgu02NjAy)","**⚡️Ukraine has liberated 52.5% of the territory occupied by Russia since February 24, 2022.**

[Informant](https://t.me/+LV7tr2_vgu02NjAy) | [Subscribe](https://t.me/+LV7tr2_vgu02NjAy)",,,,,
2294,2294,9295,"**Глава МИД страны, которая ненавидит Америку, сидит с Айфоном на столе и в футболке с принтом работы американского чернокожего художника Баския, который умер от передозировки героина в 27 лет

**Без комментариев.

[Информатор](https://t.me/+LV7tr2_vgu02NjAy) | [Подписаться](https://t.me/+LV7tr2_vgu02NjAy)","The foreign minister of the country that hates America is sitting at a desk with an iPhone next to him, wearing a t-shirt featuring a painting by American black artist Basquiat, who died of heroin overdose at 27.

Without comments.

[Informant] (https://t.me/+LV7tr2_vgu02NjAy) | [Subscribe] (https://t.me/+LV7tr2_vgu02NjAy)",,,,,
2295,2295,9296,"**Русня кинула бурятов. Классика

**[Информатор](https://t.me/+LV7tr2_vgu02NjAy) | [Подписаться](https://t.me/+LV7tr2_vgu02NjAy)","**The Russian attacked the Buryats. Classic.

[Informant](https://t.me/+LV7tr2_vgu02NjAy) | [Subscribe](https://t.me/+LV7tr2_vgu02NjAy)",,,,,
2296,2296,9297,"**⚡️Депутаты Европарламента на следующей недели планируют проголосовать по резолюции, в которой Россия будет названа ""террористическим государством""**, — Европейская народная партия

[Информатор](https://t.me/+LV7tr2_vgu02NjAy) | [Подписаться](https://t.me/+LV7tr2_vgu02NjAy)","**⚡️Next week, deputies of the European Parliament plan to vote on a resolution that will refer to Russia as a ""terrorist state,""** — European People's Party

[Informer](https://t.me/+LV7tr2_vgu02NjAy) | [Subscribe](https://t.me/+LV7tr2_vgu02NjAy)",,,,,
2297,2297,9298,"🤫

[Информатор](https://t.me/+LV7tr2_vgu02NjAy) | [Подписаться](https://t.me/+LV7tr2_vgu02NjAy)","🤫

[Informant](https://t.me/+LV7tr2_vgu02NjAy) | [Subscribe](https://t.me/+LV7tr2_vgu02NjAy)",,,,,
2298,2298,9299,"**Соберись, российская тряпка😂

**[Информатор](https://t.me/+LV7tr2_vgu02NjAy) | [Подписаться](https://t.me/+LV7tr2_vgu02NjAy)","**Gather yourself, Russian rag😂

**[Informant](https://t.me/+LV7tr2_vgu02NjAy) | [Subscribe](https://t.me/+LV7tr2_vgu02NjAy)",,,,,
2299,2299,9300,"**⚡️Украина вернет Крым без боя на фоне внутренней борьбы в России, — **[**считает**](https://www.reuters.com/world/europe/exclusive-russian-withdrawal-kherson-take-least-week-kyiv-2022-11-10/)** министр обороны Резников

**[Информатор](https://t.me/+LV7tr2_vgu02NjAy) | [Подписаться](https://t.me/+LV7tr2_vgu02NjAy)","**⚡️Ukraine will return Crimea without a fight amid internal struggles in Russia,** — **Resnikov, the Minister of Defense, believes.**

**[Source](https://www.reuters.com/world/europe/exclusive-russian-withdrawal-kherson-take-least-week-kyiv-2022-11-10/) | [Subscribe](https://t.me/+LV7tr2_vgu02NjAy)**",,,,,
2300,2300,9301,"⚡️**А вот и официальное поднятие государственного флага в освобождённом Херсоне

**Дома🇺🇦

[Информатор](https://t.me/+LV7tr2_vgu02NjAy) | [Подписаться](https://t.me/+LV7tr2_vgu02NjAy)","⚡️**Here is the official raising of the national flag in liberated Kherson.

**Home 🇺🇦

[Informer](https://t.me/+LV7tr2_vgu02NjAy) | [Subscribe](https://t.ua/+LV7tr2_vgu02NjAy)",,,,,
2301,2301,9302,"**Однозначно историческое фото

**[Информатор](https://t.me/+LV7tr2_vgu02NjAy) | [Подписаться](https://t.me/+LV7tr2_vgu02NjAy)","**Definitely historical photo

**Informant** | **Subscribe**",,,,,
2302,2302,9303,"**⚡️В Анкаре проходят переговоры между делегациями России и США. С российской стороны в Анкару прилетел директор СВР Сергей Нарышкин, — росСМИ

**Ранее данная встреча публично не анонсировалась, поэтому тема переговоров неизвестна, но** российские военкоры пишут, что русня будет сдавать позиции.

UPD**: по данным CNN там не будут обсуждать войну в Украине, а обсудят задержанных граждан США и ядерные риски.

[Информатор](https://t.me/+LV7tr2_vgu02NjAy) | [Подписаться](https://t.me/+LV7tr2_vgu02NjAy)","**⚡️Negotiations are underway in Ankara between Russian and US delegations. The head of the SVR, Sergey Naryshkin, flew to Ankara on behalf of Russia, according to Russian media.**

Previously, this meeting was not publicly announced, so the topic of the negotiations is unknown, but Russian military correspondents write that Russia will be giving up positions.

**UPDATE**: According to CNN, they will not discuss the war in Ukraine but will discuss detained American citizens and nuclear risks.**

[Source](https://t.me/+LV7tr2_vgu02NjAy) | [Subscribe](https://t.me/+LV7tr2_vgu02NjAy)",,,,,
2303,2303,9304,"**""Мы оставляем это без комментариев. Вы знаете, что это территория РФ"", **—** первая реакция Кремля на приезд Зеленского в Херсон

**Клоуны😂.

[Информатор](https://t.me/+LV7tr2_vgu02NjAy) | [Подписаться](https://t.me/+LV7tr2_vgu02NjAy)","Here is the translation:

""The Kremlin left this un-commented. You know that this is Russian territory,"" — the first reaction from the Kremlin to Zelensky's visit to Kherson.

""Clowns😂.""

[Informer](https://t.me/+LV7tr2_vgu02NjAy) | [Subscribe](https://t.me/+LV7tr2_vgu02NjAy)",,,,,
2304,2304,9305,"**Русня завыла на болотах на фоне новости о посещении Херсона Зеленским** 😂

[Информатор](https://t.me/+LV7tr2_vgu02NjAy) | [Подписаться](https://t.me/+LV7tr2_vgu02NjAy)","**The Ukrainian crowd wailed on the marshes in response to the news of Zelenskyy's visit to Kherson.** 😂

[Informant](https://t.me/+LV7tr2_vgu02NjAy) | [Subscribe](https://t.me/+LV7tr2_vgu02NjAy)",,,,,
2305,2305,9306,"**Зеленский рассказал, зачем приехал в Херсон**😏

Также, у него спросили куда ВСУ будут наступать дальше, на что он ответил: ""**Не на Москву… Нас не интересуют территории другой страны**"".

[Информатор](https://t.me/+LV7tr2_vgu02NjAy) | [Подписаться](https://t.me/+LV7tr2_vgu02NjAy)","**Zelensky explained why he came to Kherson.**

Also, they asked him where the Ukrainian Armed Forces would advance next, to which he replied: ""Not to Moscow... We are not interested in the territories of another country.""

[Informer](https://t.me/+LV7tr2_vgu02NjAy) | [Subscribe](https://t.me/+LV7tr2_vgu02NjAy)",,,,,
2306,2306,9307,"**Прифронтовой Херсон. 3 день деоккупации. Выходишь на балкон, а под твоими окнами гуляет Зеленский

**Путин, шо ты?

[Информатор](https://t.me/+LV7tr2_vgu02NjAy) | [Подписаться](https://t.me/+LV7tr2_vgu02NjAy)","**Frontline Kherson. Day 3 of Re-liberation. Step onto the balcony, and Zelensky is strolling right below your windows.

Putin, what are you doing?**

[Informant](https://t.me/+LV7tr2_vgu02NjAy) | [Subscribe](https://t.me/+LV7tr2_vgu02NjAy)",,,,,
2307,2307,9308,"**❗️Появились фото Зеленского в освобожденном Херсоне

**На главной площади города он встретился с военными и местными жителями.

""**За несколько минут до его прибытия люди в центре Херсона слышали обстрелы поблизости.** После того, как Зеленский закончил говорить, над городом пронеслось **еще несколько взрывов артиллерийского огня**"", — [Reuters](https://www.reuters.com/world/europe/ukrainian-president-visits-liberated-kherson-thanks-allies-support-2022-11-14/).

Рашисты, а где ваш бункерный дед?

[Информатор](https://t.me/+LV7tr2_vgu02NjAy) | [Подписаться](https://t.me/+LV7tr2_vgu02NjAy)","**❗️Photos of Zelensky in Liberated Kherson Show Up

He met with soldiers and local residents on the main square of the city.

""**Just a few minutes before his arrival, people in the center of Kherson heard nearby artillery fire. After Zelensky finished speaking, several more explosions from artillery fire were heard over the city**,"" — [Reuters](https://www.reuters.com/world/europe/ukrainian-president-visits-liberated-kherson-thanks-allies-support-2022-11-14/).

Russians, where's your bunker-dwelling grandfather?

[Informant](https://t.me/+LV7tr2_vgu02NjAy) | [Subscribe](https://t.me/+LV7tr2_vgu02NjAy)",,,,,
2308,2308,9309,"**Захарова опровергает **[**информацию**](https://t.me/ukrinformator/29043)** о госпитализации Лаврова на Бали

**Но [Bloomberg](https://www.bloomberg.com/news/articles/2022-11-14/ap-newsalert-indonesian-officials-russian-foreign-minister-sergey-lavrov-taken-to-hospital-after-arriving-for-g-20-summit-in?srnd=premium-europe) со ссылкой на официальных лиц Индонезии пишет, что он таки в больничке.

**UPD: Лавров был в больнице на обследовании, но сейчас находится в добром здравии.

**[Информатор](https://t.me/+LV7tr2_vgu02NjAy) | [Подписаться](https://t.me/+LV7tr2_vgu02NjAy)","**Zakharova denies information** [**about Lavrov's hospitalization on Bali**](https://t.me/ukrinformator/29043)

**But Bloomberg**, citing Indonesian officials, writes that he was indeed taken to the hospital after arriving for the G20 summit.

**UPDATE:** Lavrov was in the hospital for an examination but is now doing well.

**[Informer](https://t.me/+LV7tr2_vgu02NjAy) | [Subscribe](https://t.me/+LV7tr2_vgu02NjAy)",,,,,
2309,2309,9310,"**⚡️Глава МИД РФ Сергей Лавров доставлен в больницу после прибытия на саммит G20 на Бали**, — СМИ со ссылкой на индонезийских чиновников

Яка сумна новина (нет).

[Информатор](https://t.me/+LV7tr2_vgu02NjAy) | [Подписаться](https://t.me/+LV7tr2_vgu02NjAy)","**⚡️Russian Foreign Minister Sergei Lavrov was taken to the hospital after arriving at the G20 summit in Bali**, according to media reports citing Indonesian officials.

What a concerning news update.

[Informer](https://t.me/+LV7tr2_vgu02NjAy) | [Subscribe](https://t.me/+LV7tr2_vgu02NjAy)",,,,,
2310,2310,9311,"**⚡️""Мы знаем, откуда координировался теракт в Стамбуле, мы не принимаем соболезнования посольства США""**, — глава МВД Турции

Турция обвиняет в [теракте](https://t.me/insiderUKR/45521) Рабочую партию Курдистана и осуждает Америку за поддержку курдских формирований в Сирии. 

На фото, предварительно, задержанная исполнительница теракта.

[Информатор](https://t.me/+LV7tr2_vgu02NjAy) | [Подписаться](https://t.me/+LV7tr2_vgu02NjAy)","**⚡️""We know where the Istanbul bombing was coordinated from, we do not accept the US embassy's condolences,""** — said the Turkish Interior Minister.

Turkey blames the Kurdistan Workers' Party for the [bombing](https://t.me/insiderUKR/45521) and criticizes the US for supporting Kurdish forces in Syria.

In the photo, allegedly, the bomber who carried out the attack is detained.

[Source](https://t.me/+LV7tr2_vgu02NjAy) | [Subscribe](https://t.me/+LV7tr2_vgu02NjAy)",,,,,
2311,2311,9312,"**❗️Зеленский посетил Херсон, — **[**Reuters

**](https://www.reuters.com/world/europe/ukrainian-president-visits-liberated-kherson-thanks-allies-support-2022-11-14/)[Информатор](https://t.me/+LV7tr2_vgu02NjAy) | [Подписаться](https://t.me/+LV7tr2_vgu02NjAy)","**❗️Zelensky visited Kherson,** — [Reuters](https://www.reuters.com/world/europe/ukrainian-president-visits-liberated-kherson-thanks-allies-support-2022-11-14/) | [Subscribe](https://t.me/+LV7tr2_vgu02NjAy)",,,,,
2312,2312,9313,"**⚡️Китай начал критиковать ядерную риторику России, — **[**The Wall Street Journal

**](https://www.wsj.com/articles/u-s-official-says-china-is-uncomfortable-with-russias-rhetoric-activity-in-ukraine-11668405751)""Мистер Ли довольно много говорил о политике Китая в отношении Украины **с четким акцентом на суверенитет, безответственность ядерных угроз** и необходимость гарантировать, что **ядерное оружие не будет использовано тем способом, как некоторые намекали**"", — сообщил изданию американский чиновник

Ого.

[Информатор](https://t.me/+LV7tr2_vgu02NjAy) | [Подписаться](https://t.me/+LV7tr2_vgu02NjAy)","**⚡️China began criticizing Russia's nuclear rhetoric,** according to **[The Wall Street Journal](https://www.wsj.com/articles/u-s-official-says-china-is-uncomfortable-with-russias-rhetoric-activity-in-ukraine-11668405751)**. ""Mr. Li spoke quite a bit about China's policy toward Ukraine with a clear emphasis on sovereignty, the irresponsibility of nuclear threats, and the need to ensure that **nuclear weapons will not be used in the manner suggested by some**,"" an American official told the publication.

Wow.

[Informant](https://t.me/+LV7tr2_vgu02NjAy) | [Subscribe](https://t.me/+LV7tr2_vgu02NjAy)",,,,,
2313,2313,9314,"**Где купить, подскажите?**

[Информатор](https://t.me/+LV7tr2_vgu02NjAy) | [Подписаться](https://t.me/+LV7tr2_vgu02NjAy)","Where can I buy it? Can you advise?

[Informant](https://t.me/+LV7tr2_vgu02NjAy) | [Subscribe](https://t.me/+LV7tr2_vgu02NjAy)",,,,,
2314,2314,9315,"**Первый снег в Украине выпадет уже на этой неделе.** Автомобилисты, пора переобуваться.

[Информатор](https://t.me/+LV7tr2_vgu02NjAy) | [Подписаться](https://t.me/+LV7tr2_vgu02NjAy)","The first snow in Ukraine will fall this week. Drivers, it's time to change your tires.

[Informant](https://t.me/+LV7tr2_vgu02NjAy) | [Subscribe](https://t.me/+LV7tr2_vgu02NjAy)",,,,,
2315,2315,9316,"**Почти мировой рекорд: украинский снайпер ликвидировал оккупанта на расстоянии 2710 метров 

**Теперь он занимает 2-е место в мировом рейтинге дальних боевых снайперских выстрелов. Это [подтверждено](https://t.me/AFUStratCom/9621) командованием ВСУ.

Для справки: первое место (временно😏) занимает выстрел канадского снайпера на дистанцию 3540 м при выполнении задания в Ираке.

[Информатор](https://t.me/+LV7tr2_vgu02NjAy) | [Подписаться](https://t.me/+LV7tr2_vgu02NjAy)","**Near World Record: A Ukrainian sniper eliminated an occupier from a distance of 2,710 meters.

Now he holds the 2nd place in the world ranking of long-range sniper shots. This [has been confirmed](https://t.me/AFUStratCom/9621) by the command of the Ukrainian Armed Forces.

For reference: The first place (temporarily 😏) is held by a Canadian sniper's shot at a distance of 3,540 meters during a mission in Iraq.

[Source](https://t.me/+LV7tr2_vgu02NjAy) | [Subscribe](https://t.me/+LV7tr2_vgu02NjAy)",,,,,
2316,2316,9317,"**Крым передал эстафету Ростову

**[Информатор](https://t.me/+LV7tr2_vgu02NjAy) | [Подписаться](https://t.me/+LV7tr2_vgu02NjAy)","Crimea has passed the baton to Rostov

[Informer](https://t.me/+LV7tr2_vgu02NjAy) | [Subscribe](https://t.me/+LV7tr2_vgu02NjAy)",,,,,
2317,2317,9318,"**Украинские бабушки непобедимы💪🏻

**[Информатор](https://t.me/+LV7tr2_vgu02NjAy) | [Подписаться](https://t.me/+LV7tr2_vgu02NjAy)","**Ukrainian grandmothers are unbeatable💪🏻

**[Informant](https://t.me/+LV7tr2_vgu02NjAy) | [Subscribe](https://t.me/+LV7tr2_vgu02NjAy)",,,,,
2318,2318,9319,"**Просто Крым, Ялта. Просто люди поют и танцуют под украинские песни

**К освобождению готовы😏

[Информатор](https://t.me/+LV7tr2_vgu02NjAy) | [Подписаться](https://t.me/+LV7tr2_vgu02NjAy)","**Just Crimea, Yalta. Just people singing and dancing to Ukrainian songs.**

Ready for liberation 😏

[Informer](https://t.me/+LV7tr2_vgu02NjAy) | [Subscribe](https://t.me/+LV7tr2_vgu02NjAy)",,,,,
2319,2319,9320,"**Сообщают, что это берег Днепра сегодня. Уже начало прибивать российских ""плавцов"". Видимо, пытались бежать из Херсона вплавь, но что-то пошло не так

**[Информатор](https://t.me/+LV7tr2_vgu02NjAy) | [Подписаться](https://t.me/+LV7tr2_vgu02NjAy)","It is reported that this is the Dnieper shore today. Already, Russian ""swimmers"" are being stranded. Apparently, they tried to flee from Kherson by swimming, but something went wrong.

[Source: Informant](https://t.me/+LV7tr2_vgu02NjAy) | [Subscribe](https://t.me/+LV7tr2_vgu02NjAy)",,,,,
2320,2320,9321,"**⚡️Зеленский выступит на саммите G20 во вторник в онлайн формате

**Об этом Президент сообщил в своём вечернем обращении. Также, он **поблагодарил наших командующих и разведку за разработку следующих шагов** деоокупации украинской территории.

Оркам приготовиться😏

[Информатор](https://t.me/+LV7tr2_vgu02NjAy) | [Подписаться](https://t.me/+LV7tr2_vgu02NjAy)","**⚡️Zelensky will speak at the G20 summit on Tuesday in an online format.

**The President announced this in his evening address. He also thanked our commanders and intelligence services for developing the next steps for de-occupying Ukrainian territory.**

Warriors, get ready 😏

[Informer](https://t.me/+LV7tr2_vgu02NjAy) | [Subscribe](https://t.me/+LV7tr2_vgu02NjAy)",,,,,
2321,2321,9322,"**Нереальные кадры штурма украинскими военными российской огневой позиции

**Несмотря на неудобную местность для атаки, 9 бойцов ВСУ на БМП в ближнем бою выбили взвод из 30 россиян, которые бросились бежать. 

Смотрите до конца.

[Информатор](https://t.me/+LV7tr2_vgu02NjAy) | [Подписаться](https://t.me/+LV7tr2_vgu02NjAy)","**Unbelievable footage of Ukrainian troops storming a Russian artillery position.

**Despite the difficult terrain for an attack, 9 soldiers of the Ukrainian Armed Forces in BTRs engaged in close combat and routed a Russian platoon of 30 men, who fled in panic.

Watch until the end.

[Informant](https://t.me/+LV7tr2_vgu02NjAy) | [Subscribe](https://t.me/+LV7tr2_vgu02NjAy)",,,,,
2322,2322,9323,"**Минобороны Украины **[**обещает **](https://t.me/ministry_of_defense_ua/2914)**(!) обязательно вернуть **[**украденного россиянами енота

**](https://t.me/ukrinformator/29008)Русня не знает с кем связалась, ""боевые комары"" были лишь для отвода глаз😁

[Информатор](https://t.me/+LV7tr2_vgu02NjAy) | [Подписаться](https://t.me/+LV7tr2_vgu02NjAy)","The Ukrainian Ministry of Defense promises (!) to definitely return the raccoon stolen by Russians.

Russians don't know who they've gotten involved with; the ""battle mosquitoes"" were just a distraction 😁

[Informer](https://t.me/+LV7tr2_vgu02NjAy) | [Subscribe](https://t.me/+LV7tr2_vgu02NjAy)",,,,,
2323,2323,9324,"**Многие СМИ распространили информацию о том, что Кинбурнская коса освобождена до населенного пункта Геройское

**Это не соответствует действительности. Идут бои. Ждите информацию от Генштаба.

[Информатор](https://t.me/+LV7tr2_vgu02NjAy) | [Подписаться](https://t.me/+LV7tr2_vgu02NjAy)","Many media outlets reported that the Kinburn Peninsula was liberated up to the settlement of Heroyske.  
This does not correspond to reality. Battles are ongoing. Wait for updates from the General Staff.

[Source](https://t.me/+LV7tr2_vgu02NjAy) | [Subscribe](https://t.me/+LV7tr2_vgu02NjAy)",,,,,
2324,2324,9325,"**""Пошёл нах*й, ты ху*ло, че ты мне сделаешь?"" и кулак в грудачину, — так** **на России мобики общаются с офицерами

**Горе-воякам не понравилось, что их заставляют ""иммитировать"" подготовку к военным действиям, и то, что офицер стоял перед ними с руками в карманах.

Похоже, ""вторая армия мира"" рискует быть первой в истории, которая перебила сама себя🤡

[Информатор](https://t.me/+LV7tr2_vgu02NjAy) | [Подписаться](https://t.me/+LV7tr2_vgu02NjAy)","Here's the translation:

""Go to hell, you scumbag, what are you going to do to me?"" — and a fist in the chest, so this is how mobile phones are used for communication with officers in Russia.

The unlucky soldiers didn't like being forced to ""simulate"" preparations for military actions, especially since the officer stood there with his hands in his pockets.

It seems that ""the second army in the world"" risks becoming the first army in history to wipe itself out itself 🤡

[Informer](https://t.me/+LV7tr2_vgu02NjAy) | [Subscribe](https://t.me/+LV7tr2_vgu02NjAy)",,,,,
2325,2325,9326,"**Советник президента США по нацбезопасности Салливан порекомендовал** **Зеленскому задуматься о ""реалистичных"" позициях на переговорах с РФ —The Wall Street Journal

**Под ""реалистичными позициями"" имелся ввиду вопрос Крыма. Цели касательно него Салливан якобы порекомендовал пересмотреть. Также [издание ](https://www.wsj.com/articles/as-ukraine-retakes-kherson-u-s-looks-to-diplomacy-before-winter-slows-momentum-11668345883?mod=Searchresults_pos6&page=1)пишет, что США в лице Салливана не будут принуждать  Украину к переговорам.

Позиции Украины более чем реалистичны и публично объявлены давно.

[Информатор](https://t.me/+LV7tr2_vgu02NjAy) | [Подписаться](https://t.me/+LV7tr2_vgu02NjAy)","**US President's National Security Advisor Sullivan advised Zelensky to consider ""realistic"" positions in negotiations with Russia —The Wall Street Journal**

**By ""realistic positions,"" it referred to the issue of Crimea. Sullivan reportedly advised revising goals concerning it. The publication also notes that the US, through Sullivan, will not force Ukraine into negotiations.**

Ukraine's positions are more than realistic and have been publicly declared for a long time. 

[Source](https://t.me/+LV7tr2_vgu02NjAy) | [Subscribe](https://t.me/+LV7tr2_vgu02NjAy)",,,,,
2326,2326,9327,"**Судя по всему, скоро и вовсе придется переходить на кнопочные😏

**[Информатор](https://t.me/+LV7tr2_vgu02NjAy) | [Подписаться](https://t.me/+LV7tr2_vgu02NjAy)","It seems we'll have to switch to button-based interfaces entirely soon 😏

[Informant](https://t.me/+LV7tr2_vgu02NjAy) | [Subscribe](https://t.me/+LV7tr2_vgu02NjAy)",,,,,
2327,2327,9328,"**Пропагандисты на болотах начали готовить россиян к объявлению войны Украине и отправке на фронт срочников, иначе ""не победят""**🤡

[Информатор](https://t.me/+LV7tr2_vgu02NjAy) | [Подписаться](https://t.me/+LV7tr2_vgu02NjAy)","The propagandists on the marshes have started preparing Russians for the declaration of war against Ukraine and the sending of conscripts to the front, or else ""they won't win."" 🤡

[Informer](https://t.me/+LV7tr2_vgu02NjAy) | [Subscribe](https://t.me/+LV7tr2_vgu02NjAy)",,,,,
2328,2328,9329,"**⚡️В центре турецкого Стамбула на пешеходной туристической улице прогремел мощный взрыв. Погибли 4 человека. По меньшей мере 11 человек пострадали

**Сообщают, что взрыв произошел на пешеходной туристической улице Истикляль. **Рядом с ней находится консульство РФ.

**По предварительной информации, **бомбу взорвал террорист-смертник.

UPD: уже 6 погибших, ранены 53 человека.

**[Информатор](https://t.me/+LV7tr2_vgu02NjAy) | [Подписаться](https://t.me/+LV7tr2_vgu02NjAy)","**⚡️A powerful explosion occurred on the pedestrian tourist street in the center of Turkish Istanbul. Four people died, and at least 11 were injured.**

The blast happened on İstiklal Avenue, and nearby is the Russian consulate. 

**Initial reports suggest that a suicide bomber detonated a bomb.**

UPDATE: Now there are 6 dead and 53 injured.

**[Source](https://t.me/+LV7tr2_vgu02NjAy) | [Subscribe](https://t.me/+LV7tr2_vgu02NjAy)**",,,,,
2329,2329,9330,"**""Это не честно. Мы не рассчитывали на такую большую войну""**, — пропагандонша Скабеева почему-то разнылась

Что с лицом, русня?

[Информатор](https://t.me/+LV7tr2_vgu02NjAy) | [Подписаться](https://t.me/+LV7tr2_vgu02NjAy)","""This is not fair. We did not expect such a large war,"" — propaganda mouthpiece Skabéeva suddenly complained for some reason.

What's wrong with your face, Russian girl?

[Informer](https://t.me/+LV7tr2_vgu02NjAy) | [Subscribe](https://t.me/+LV7tr2_vgu02NjAy)",,,,,
2330,2330,9331,"**Появилось видео похищения рашистами украинского енота

**В обмен на него Украина предлагает** 10 чмобиков.

**Верните енота, сволочи.

[Информатор](https://t.me/+LV7tr2_vgu02NjAy) | [Подписаться](https://t.me/+LV7tr2_vgu02NjAy)","**Video has emerged of a racists abducting a Ukrainian squirrel.

**In exchange for it, Ukraine is offering** 10 chumiboks.

**Return the squirrel, you bastards.

[Informant](https://t.me/+LV7tr2_vgu02NjAy) | [Subscribe](https://t.me/+LV7tr2_vgu02NjAy)",,,,,
2331,2331,9332,"**«Укрзалізниця» анонсировала запуск первых поездов из Киева в Херсон, Крым, Мариуполь, Донецк и Луганск

**Билет можно приобрести и **хранить как символ веры в ВСУ **и освобождения Украины от захватчиков, а **сразу же после деоккупации воспользоваться им.** Отмечается, как только движение будет восстановлено, **железнодорожники отправят сообщение с датой и местом**. Рейсы будет совершать легендарный «Поезд к победе».

Билетами **«Киев — Херсон» можно будет воспользоваться в ближайшее время.

**[Информатор](https://t.me/+LV7tr2_vgu02NjAy) | [Подписаться](https://t.me/+LV7tr2_vgu02NjAy)","The Ukrainian Railways announced the launch of the first trains from Kyiv to Kherson, Crimea, Mariupol, Donetsk, and Luhansk.

Tickets can be purchased and kept as a symbol of faith in the Armed Forces of Ukraine (AVU) and the liberation of Ukraine from invaders, and immediately after de-occupation, they can be used. It is noted that as soon as the movement is restored, the railway staff will send a message with the date and location.

Soon, tickets for the ""Train to Victory"" from Kyiv to Kherson can be used.

**[Informant](https://t.me/+LV7tr2_vgu02NjAy) | [Subscribe](https://t.me/+LV7tr2_vgu02NjAy)**",,,,,
2332,2332,9333,"**❗️Российский МиГ-31К, который сегодня **[**дважды**](https://t.me/ukrinformator/28992)** **[**взлетал**](https://t.me/ukrinformator/28999)** в Беларуси, проводит полёты не пустым, а с ракетами ""Кинжал"" на подвеске

**Об этом сообщает Беларускі Гаюн. Это значит, что ""тренировочные полёты"" в любой момент **могут превратиться в новый обстрел территории Украины (!). ""Кинжалы"" могут запускать на 2000 км.

**Не игнорируйте тревоги.

[Информатор](https://t.me/+LV7tr2_vgu02NjAy) | [Подписаться](https://t.me/+LV7tr2_vgu02NjAy)","**❗️The Russian MiG-31K, which took off in Belarus today twice, is conducting flights carrying Khinzhel (匕首) missiles.

This is reported by Belaruskii Gayun. This means that the ""training flights"" could at any moment turn into another attack on Ukrainian territory (!). The Khinzhels can be launched up to 2000 km.

Do not ignore these warnings.

[Informer](https://t.me/+LV7tr2_vgu02NjAy) | [Subscribe](https://t.me/+LV7tr2_vgu02NjAy)",,,,,
2333,2333,9334,"**Видео для тех, кто думает, что ВСУ спокойно дают рашистам выйти из населённых пунктов и не кроют их огнём

**Эти удобрения так не считают.

[Информатор](https://t.me/+LV7tr2_vgu02NjAy) | [Подписаться](https://t.me/+LV7tr2_vgu02NjAy)","**Video for those who think that the Ukrainian military quietly allows Russians to leave populated areas without engaging them in fire.

These informers don't think so.

[Informer](https://t.me/+LV7tr2_vgu02NjAy) | [Subscribe](https://t.me/+LV7tr2_vgu02NjAy)",,,,,
2334,2334,9335,"**Херсонский рак вырвался из украинских биолабораторий и ползёт мочить русню🌚

**[Информатор](https://t.me/+LV7tr2_vgu02NjAy) | [Подписаться](https://t.me/+LV7tr2_vgu02NjAy)","The赫erson crab escaped from Ukrainian biolaboratories and is crawling to poison the Russians🌚

[Informant](https://t.me/+LV7tr2_vgu02NjAy) | [Subscribe](https://t.me/+LV7tr2_vgu02NjAy)

Note: ""Херсонский рак"" (Hersonskiy rak) literally translates to ""Herson crab,"" but in this context, it's likely a coded reference to the city of Kherson rather than an actual crab. The translation preserves the intended meaning and tone.",,,,,
2335,2335,9336,"**В Мелитополе сняли руснявую тряпку на главной площади

**К чему бы это?😏

[Информатор](https://t.me/+LV7tr2_vgu02NjAy) | [Подписаться](https://t.me/+LV7tr2_vgu02NjAy)","**In Melitopol, they removed a pro-Russian banner from the main square.**

**What does this mean?😏**

[Informant](https://t.me/+LV7tr2_vgu02NjAy) | [Subscribe](https://t.me/+LV7tr2_vgu02NjAy)",,,,,
2336,2336,9337,"**Украина полным ходом отгораживается от Беларуси: на границе уже поставили железобетонный забор, выкопали ров и заминировали территорию

**Работы почти завершили в Волынской области. Такое же ограждение будет в Ровенской и Житомирской областях.

[Информатор](https://t.me/+LV7tr2_vgu02NjAy) | [Подписаться](https://t.me/+LV7tr2_vgu02NjAy)","Ukraine is fully erecting barriers between itself and Belarus: a concrete fence has already been installed, a ditch dug, and the area mined at the border. 

Almost all work has been completed in Volyn Oblast. Similar fencing will be installed in Rivne and Zhytomyr Oblasts.

[Informer](https://t.me/+LV7tr2_vgu02NjAy) | [Subscribe](https://t.me/+LV7tr2_vgu02NjAy)",,,,,
2337,2337,9338,"**❗️Немного покоя и опять тревога. Снова в Беларуси взлетел Миг-31К носитель «Кинжалов»

**[Информатор](https://t.me/+LV7tr2_vgu02NjAy) | [Подписаться](https://t.me/+LV7tr2_vgu02NjAy)","**❗A little rest and then trouble again. A MiG-31K, the carrier of the ""Kinzhals,"" took off once more in Belarus.**

*[Source: Informant | Subscribe: https://t.me/+LV7tr2_vgu02NjAy]*",,,,,
2338,2338,9339,"**Так жители Херсона во время российской оккупации города прятали украинские флаги**

[Информатор](https://t.me/+LV7tr2_vgu02NjAy) | [Подписаться](https://t.me/+LV7tr2_vgu02NjAy)","During the Russian occupation of Kherson, its residents hid Ukrainian flags.

[Informant](https://t.me/+LV7tr2_vgu02NjAy) | [Subscribe](https://t.me/+LV7tr2_vgu02NjAy)",,,,,
2339,2339,9340,"⚡️**Украина и США построят малый модульный реактор на украинской территории**, — [сообщила](https://www.facebook.com/oksana.markarova/posts/5631885710221504) посол Украины в США Маркарова

Малые модульные реакторы меньше по размеру, чем обычные ядерные реакторы и там, где построить** крупные атомные станции нет возможности**, могут монтировать ММР** для стабильного** и экологически чистого **энергообеспечения потребителей.

**[Информатор](https://t.me/+LV7tr2_vgu02NjAy) | [Подписаться](https://t.me/+LV7tr2_vgu02NjAy)","⚡️**Ukraine and the US will build a small modular reactor on Ukrainian territory**, — Ambassador Oksana Markarova reported on Facebook.

Small modular reactors are smaller than conventional nuclear reactors and can be installed where it is not possible to build large nuclear power stations, providing **stable** and environmentally clean **energy supply** to consumers.

**[Source](https://t.me/+LV7tr2_vgu02NjAy) | [Subscribe](https://t.me/+LV7tr2_vgu02NjAy)",,,,,
2340,2340,9341,"**Венгерский депутат подумал и решил, что хочет аннексировать Закарпатье** **🤷🏻‍♂️

**Тороцкаи поздравлял Польшу с Днем Независимости и опубликовал фотографию польско-венгерской границы в 39-м году, когда Венгрия захватила регион. Депутат надеется, что скоро венгры и поляки ""снова там встретятся"".

Украинский МИД ""оптимизма"" не разделяет и призывает правительство Венгрии осудить Тороцкаи.

[Информатор](https://t.me/+LV7tr2_vgu02NjAy) | [Подписаться](https://t.me/+LV7tr2_vgu02NjAy)","A Hungarian deputy thought about it and decided he wants to annex Zakarpattia.

Torocki congratulated Poland on its Independence Day and posted a photo of the Polish-Hungarian border from 1939, when Hungary occupied the region. The deputy hopes that Hungarians and Poles will ""meet there again soon.""

The Ukrainian MFA does not share this ""optimism"" and urges the Hungarian government to condemn Torocki.

[Informer](https://t.me/+LV7tr2_vgu02NjAy) | [Subscribe](https://t.me/+LV7tr2_vgu02NjAy)",,,,,
2341,2341,9342,"**❗️В Беларуси взлетел Миг-31К носитель «Кинжалов». Ждите тревогу по всей Украине, кроме Крыма**

[Информатор](https://t.me/+LV7tr2_vgu02NjAy) | [Подписаться](https://t.me/+LV7tr2_vgu02NjAy)","**❗️In Belarus, a MiG-31K carrying Kinzhals took off. Expect alerts across Ukraine, except Crimea.**

[Source](https://t.me/+LV7tr2_vgu02NjAy) | [Subscribe](https://t.me/+LV7tr2_vgu02NjAy)",,,,,
2342,2342,9343,"В то время, когда гибнут наши Герои, защищая Украину от российского вторжения, **на территории Киево-Печерской Лавры молятся за россию**. Видео опубликовал священник Михаил Емельян на своей странице в [Facebook](https://www.facebook.com/mykhailo.omelian/videos/1148888719064399).

Что вообще происходит?

[Информатор](https://t.me/+LV7tr2_vgu02NjAy) | [Подписаться](https://t.me/+LV7tr2_vgu02NjAy)","While our Heroes are dying to protect Ukraine from the Russian invasion, **prayers are being said for Russia within the walls of Kiev-Pechersk Lavra**. Priest Mikhail Yemelyan posted this video on his Facebook page.

What is happening here is beyond comprehension.

[Informant] (https://t.me/+LV7tr2_vgu02NjAy) | [Subscribe] (https://t.me/+LV7tr2_vgu02NjAy)",,,,,
2343,2343,9344,"Новое обращение Зеленского после [сегодняшнего факапа](https://t.me/ukrinformator/28967)😏.

[Информатор](https://t.me/+LV7tr2_vgu02NjAy) | [Подписаться](https://t.me/+LV7tr2_vgu02NjAy)","Zelensky's new statement following today's blunder 😏.

Информатор | Подписаться",,,,,
2344,2344,9345,"**⚡️В Черкасах сильные взрывы. В** большинстве областей воздушная тревога.

**UPD: **пошли отбои по областям. Предварительная причина взрывов в Черкассах - ракеты, которые запустили с района Курска.

[Информатор](https://t.me/+LV7tr2_vgu02NjAy) | [Подписаться](https://t.me/+LV7tr2_vgu02NjAy)","**⚡️Strong explosions in Chernihiv. Air raid alerts in most regions.**

**UPDATE:** Air raid sirens have been turned off. The preliminary cause of the explosions in Chernihiv is rockets launched from the Kursk region.

[Source](https://t.me/+LV7tr2_vgu02NjAy) | [Subscribe](https://t.me/+LV7tr2_vgu02NjAy)",,,,,
2345,2345,9346,"**Арахамия** **считает возможным возобновления переговоров с РФ к середине 2023 года

**""Честно, я думаю, что это будет тогда, когда электоральные циклы начнут работать и в России, и в США, это где-то во второй половине следующего года, когда уже будут стартовать и президентские гонки в США. А к тому же, в 2024-м будут выборы у Путина. Я не думаю, что он способен продемонстрировать какие-то военные успехи, поэтому они, возможно, будут пытаться действовать на дипломатическом фроне"",  — [сказал](https://www.youtube.com/watch?v=WY8sDvZdWEA) он.

К тому времени Украина вернет свои территории, и можем все обсудить😏

[Информатор](https://t.me/+LV7tr2_vgu02NjAy) | [Подписаться](https://t.me/+LV7tr2_vgu02NjAy)","**Arakhamiya believes that negotiations with Russia could resume by mid-2023.**

""Frankly, I think this will happen when the electoral cycles start working in both Russia and the USA, which is likely in the second half of next year, when U.S. presidential races will already be underway. Additionally, Putin's elections will take place in 2024. I don't think he can demonstrate any military successes, so they might try to act on the diplomatic front,"" — he said.

By then, Ukraine will have regained its territories, and we can discuss everything. 😏

[Informer] | [Subscribe]",,,,,
2346,2346,9347,"**На авиашоу в США столкнулись два самолета

**Легкомоторный протаранил В-17.

[Информатор](https://t.me/+LV7tr2_vgu02NjAy) | [Подписаться](https://t.me/+LV7tr2_vgu02NjAy)","**Two aircraft collided at an airshow in the USA

**A light plane crashed into a B-17.**

[Source](https://t.me/+LV7tr2_vgu02NjAy) | [Subscribe](https://t.me/+LV7tr2_vgu02NjAy)",,,,,
2347,2347,9348,"⚡️**Экс-командир армии США в Европе уверен, что Мариуполь освободят от русни уже в январе

**[Информатор](https://t.me/+LV7tr2_vgu02NjAy) | [Подписаться](https://t.me/+LV7tr2_vgu02NjAy)","⚡️**Former commander of the US Army in Europe is confident that Mariupol will be liberated from Russians by January**

**[Source](https://t.me/+LV7tr2_vgu02NjAy) | [Subscribe](https://t.me/+LV7tr2_vgu02NjAy)**",,,,,
2348,2348,9349,"**Самое время вспомнить, что русня писала 24 февраля.

**[Информатор](https://t.me/+LV7tr2_vgu02NjAy) | [Подписаться](https://t.me/+LV7tr2_vgu02NjAy)","It's time to remember that the russians wrote on February 24.

[Informant](https://t.me/+LV7tr2_vgu02NjAy) | [Subscribe](https://t.me/+LV7tr2_vgu02NjAy)",,,,,
2349,2349,9350,"**7 украинских регионов в разной степени оккупированы россиянами

**По цифрам:
▪️1,79% – Харьковской обл. 
▪️97,27% – Луганской обл. 
▪️55,43% – Донецкой обл. 
▪️71,83% – Запорожской обл. 
▪️72,02% – Херсонской обл. 
▪️0,56% – Николаевской обл. 
▪️100% - Крым.

Это ненадолго, скоро Украина выйдет на свою законную границу 1991 года.😉

[Информатор](https://t.me/+LV7tr2_vgu02NjAy) | [Подписаться](https://t.me/+LV7tr2_vgu02NjAy)","**7 Ukrainian regions are to varying degrees occupied by Russians.

**By the numbers:
▪️1.79% – Kharkiv Oblast  
▪️97.27% – Luhansk Oblast  
▪️55.43% – Donetsk Oblast  
▪️71.83% – Zaporizhzhia Oblast  
▪️72.02% – Kherson Oblast  
▪️0.56% – Nikolayev Oblast  
▪️100% – Crimea.

This is temporary; soon Ukraine will return to its lawful border of 1991.😉

[Informer](https://t.me/+LV7tr2_vgu02NjAy) | [Subscribe](https://t.me/+LV7tr2_vgu02NjAy)",,,,,
2350,2350,9351,"**⚡️На Херсонщине освобождено более 60 населенных пунктов но состоянию на сейчас. В самом Херсоне продолжаются стабилизационные мероприятия, — Зеленский

**Специалисты уже нашли и обезвредили около 2 тысяч мин и расстяжек в области. Критическая инфраструктура разрушена оккупантами, местных призывають быть максимально осторожными.

[Информатор](https://t.me/+LV7tr2_vgu02NjAy) | [Подписаться](https://t.me/+LV7tr2_vgu02NjAy)","**⚡️More than 60 settlements have been liberated in Kherson Oblast as of now. Stabilization measures are ongoing in Kherson itself, — Zelensky

Specialists have already found and rendered safe approximately 2,000 mines and booby traps in the region. Critical infrastructure was destroyed by the occupiers, so locals are advised to be extremely cautious.

[Source](https://t.me/+LV7tr2_vgu02NjAy) | [Subscribe](https://t.me/+LV7tr2_vgu02NjAy)",,,,,
2351,2351,9352,"**Херсонская бабушка на коленях встречала своего внука, который освобождал город**

Есть еще вопросы?

[Информатор](https://t.me/+LV7tr2_vgu02NjAy) | [Подписаться](https://t.me/+LV7tr2_vgu02NjAy)","The grandmother from Kherson welcomed her grandson on her knees as he liberated the city.

Do you have any other questions?

[Informant](https://t.me/+LV7tr2_vgu02NjAy) | [Subscribe](https://t.me/+LV7tr2_vgu02NjAy)",,,,,
2352,2352,9353,"**""А что он так мало горит?"", — местные из освобожденной Херсонщины реагируют** **на кадры разваленной российской техники**😁

[Информатор](https://t.me/+LV7tr2_vgu02NjAy) | [Подписаться](https://t.me/+LV7tr2_vgu02NjAy)","""What's he burning so little for?"" — locals from liberated Kherson Oblast react to footage of destroyed Russian equipment. 😁

[Informer](https://t.me/+LV7tr2_vgu02NjAy) | [Subscribe](https://t.me/+LV7tr2_vgu02NjAy)",,,,,
2353,2353,9354,"⚡️ **В Херсон вернулась украинская военная администрация

**Тем временем, сотрудники ""администрации"" (оккупанты) Каховского района Херсонской области покидают 15-километровую зону на левом берегу Днепра.

Так что там, русачки, это вы все еще не начинали всерьез, или уже начали?🤔

[Информатор](https://t.me/+LV7tr2_vgu02NjAy) | [Подписаться](https://t.me/+LV7tr2_vgu02NjAy)","⚡️ **Ukrainian military administration has returned to Kherson.

**Meanwhile, the ""administration"" (occupants) of the Kakhovka district in Kherson region are leaving the 15-kilometer zone on the left bank of the Dnieper.

So, Russian speakers, have you finally taken this seriously, or are you still not?🤔

[Informer](https://t.me/+LV7tr2_vgu02NjAy) | [Subscribe](https://t.me/+LV7tr2_vgu02NjAy)",,,,,
2354,2354,9355,"**Российская армия на Херсонском направлении похвасталась успехами: орки украли украинского енота🤷🏻‍♂️

**[Информатор](https://t.me/+LV7tr2_vgu02NjAy) | [Подписаться](https://t.me/+LV7tr2_vgu02NjAy)","The Russian army's success on the Kherson front: orcs stole a Ukrainian ferret 🤷🏻‍♂️

[Informant](https://t.me/+LV7tr2_vgu02NjAy) | [Subscribe](https://t.me/+LV7tr2_vgu02NjAy)",,,,,
2355,2355,9356,"**Ким, видимо, намекает на освобождение Кинбурнской Косы. Это единственная пока оккупированная часть Николаевской области и она находится на левом берегу Днепра😏

**[Информатор](https://t.me/+LV7tr2_vgu02NjAy) | [Подписаться](https://t.me/+LV7tr2_vgu02NjAy)","Kim probably refers to the liberation of Kinburn Peninsula. This is currently the only occupied part of Nikolaev Oblast and it is located on the left bank of the Dnipro 😏

[Informant](https://t.me/+LV7tr2_vgu02NjAy) | [Subscribe](https://t.me/+LV7tr2_vgu02NjAy)",,,,,
2356,2356,9357,"**Ничего необычного, просто на Херсонщине бабуля вооружает наших бойцов😏

**[Информатор](https://t.me/+LV7tr2_vgu02NjAy) | [Подписаться](https://t.me/+LV7tr2_vgu02NjAy)","**Nothing unusual, just grandma arming our fighters in Kherson Oblast 😏**

[Source](https://t.me/+LV7tr2_vgu02NjAy) | [Subscribe](https://t.me/+LV7tr2_vgu02NjAy)",,,,,
2357,2357,9358,"**❗️Взлёт носителя ""Кинжалов"" Миг-31К в Беларуси. Впервые за долгое время воздушная тревога почти по всей территории Украины

**[Информатор](https://t.me/+LV7tr2_vgu02NjAy) | [Подписаться](https://t.me/+LV7tr2_vgu02NjAy)","**❗️MiG-31K interceptors carrying Kinzhals took off in Belarus. Air defense alerts were activated across most of Ukraine for the first time in a long while.

[Informant](https://t.me/+LV7tr2_vgu02NjAy) | [Subscribe](https://t.me/+LV7tr2_vgu02NjAy)",,,,,
2358,2358,9359,"**Тем временем, москвичи таки вышли на митинг. Требуют срочно ""ударить Сарматом по центрам принятия решений врага""**🤡

Жаль, им никто не сказал, что ""Сарматов"" на вооружении у России нет, но кого это волнует?

[Информатор](https://t.me/+LV7tr2_vgu02NjAy) | [Подписаться](https://t.me/+LV7tr2_vgu02NjAy)","Meanwhile, the residents of Moscow did manage to hold a protest. They are demanding an immediate ""strike with Sarmat missiles at the enemy's decision-making centers."" 🤡

Too bad no one told them that Russia doesn't have ""Sarmats"" on its military equipment list, but who cares?

[Informer](https://t.me/+LV7tr2_vgu02NjAy) | [Subscribe](https://t.me/+LV7tr2_vgu02NjAy)",,,,,
2359,2359,9360,"**Новые намеки от главы ОП😏

**[Информатор](https://t.me/+LV7tr2_vgu02NjAy) | [Подписаться](https://t.me/+LV7tr2_vgu02NjAy)","**New hints from the head of OP😉

**[Informant](https://t.me/+LV7tr2_vgu02NjAy) | [Subscribe](https://t.me/+LV7tr2_vgu02NjAy)",,,,,
2360,2360,9361,"**В Херсон заехали британские журналисты из SkyNews и запечатлели, как местные встречают** **свою армию, после 8 месяцев российской оккупации**

Эти кадры войдут в мировую историю❤️

[Информатор](https://t.me/+LV7tr2_vgu02NjAy) | [Подписаться](https://t.me/+LV7tr2_vgu02NjAy)","British journalists from SkyNews arrived in Kherson and captured how locals welcome their army after eight months of Russian occupation.

These scenes will go down in history❤️

[Informant](https://t.me/+LV7tr2_vgu02NjAy) | [Subscribe](https://t.me/+LV7tr2_vgu02NjAy)",,,,,
2361,2361,9362,"**Россия заготавливает на 2023 год очередную партию гиперзвуковых ракет «Циркон»: **речь идёт о нескольких десятках

Это та самая ракета со скоростью полёта 12 тыс. км/ч, которая, по словам Путина, «может достичь Лондона примерно за 5 минут».

[Информатор](https://t.me/+LV7tr2_vgu02NjAy) | [Подписаться](https://t.me/+LV7tr2_vgu02NjAy)","**Russia is preparing another batch of hypersonic missiles ""Zircon"" for 2023: **it's about several dozen.

This is the very missile with a flight speed of 12,000 km/h, which, according to Putin, ""can reach London in about five minutes.""

[Informer](https://t.me/+LV7tr2_vgu02NjAy) | [Subscribe](https://t.me/+LV7tr2_vgu02NjAy)",,,,,
2362,2362,9363,"**Ну всё. Удачи Вам, господин Президент😂

**[Информатор](https://t.me/+LV7tr2_vgu02NjAy) | [Подписаться](https://t.me/+LV7tr2_vgu02NjAy)","**Well, that's it. Good luck, Mr. President😂**

**[Informant](https://t.me/+LV7tr2_vgu02NjAy) | [Subscribe](https://t.me/+LV7tr2_vgu02NjAy)**",,,,,
2363,2363,9364,"**Русня на левом берегу Херсонщины ""эвакуирует"" подальше свои базы, к которым теперь запросто сможет достать HIMARS

**Пишут **о переносе ближе к Крыму вертолетной базы в Чаплинке**, так как теперь она находится в пределах досягаемости HIMARS (от Берислава до неё 55 километров, от Херсона — 80). Это немного усложняет ""оборону левого берега""😏

[Информатор](https://t.me/+LV7tr2_vgu02NjAy) | [Подписаться](https://t.me/+LV7tr2_vgu02NjAy)","**The Ukrainian bases on the left bank of the Dnieper in Kherson Oblast are being relocated further away, now within range of HIMARS.**

It is reported that **a helicopter base in Chaplinka is being moved closer to Crimea**, as it is now within the range of HIMARS (it is 55 kilometers from Berislaw and 80 kilometers from Kherson). This slightly complicates the ""defense of the left bank."" 😏

[Informer](https://t.me/+LV7tr2_vgu02NjAy) | [Subscribe](https://t.me/+LV7tr2_vgu02NjAy)",,,,,
2364,2364,9365,"**❗️Россия может нанести новый массированный ракетный удар по Украине 15-16 ноября, — **[**командование**](https://m.youtube.com/watch?v=WY8sDvZdWEA)** Воздушных сил

**В это время на Бали будет проходить саммит G20, а россияне любят в такие даты делать какие-то провокации.

[Информатор](https://t.me/+LV7tr2_vgu02NjAy) | [Подписаться](https://t.me/+LV7tr2_vgu02NjAy)","**❗️Russia may launch a new massive rocket strike on Ukraine on November 15-16.** According to the **Commander** of the Air Forces, during this time, there will be a G20 summit in Bali, and the Russians often carry out some provocations on such dates.

[Informant] | [Subscribe]",,,,,
2365,2365,9366,"**Российские попы создают собственную частную (!) военную организацию. Это не шутка, если что🤷🏻

**Один из соборов в Петербурге уже начал формировать из своих прихожан ""добровольческие батальоны"". Главная задача ~~одичалых~~ ""православных""  — подготовка вояк, чтобы они могли выжить в трудных условиях военных действий и ""добиться победы любой ценой"".🤡

[Информатор](https://t.me/+LV7tr2_vgu02NjAy) | [Подписаться](https://t.me/+LV7tr2_vgu02NjAy)","**Russian Orthodox priests are creating their own private (!) military organization. This is not a joke, if you didn't know🤷🏻**

One of the cathedrals in St. Petersburg has already begun forming ""volunteer battalions"" from its parishioners. The main goal of these so-called ""Orthodox"" is to prepare soldiers to survive in difficult combat conditions and ""achieve victory at any cost"". 🤡

[Informer](https://t.me/+LV7tr2_vgu02NjAy) | [Subscribe](https://t.me/+LV7tr2_vgu02NjAy)",,,,,
2366,2366,9367,"**Так выглядит актуальный радиус действия ракет GMLRS на юге Украины после освобождения правого берега Херсонщины

**Мы прекрасно достаём до Крыма, оккупанты😏

[Информатор](https://t.me/+LV7tr2_vgu02NjAy) | [Подписаться](https://t.me/+LV7tr2_vgu02NjAy)","**This is the current range of GMLRS rockets in southern Ukraine after liberating the right bank of Kherson Oblast.**

**We have a perfect range to reach Crimea, occupiers 😏**

[Informant](https://t.me/+LV7tr2_vgu02NjAy) | [Subscribe](https://t.me/+LV7tr2_vgu02NjAy)",,,,,
2367,2367,9368,"⚡️**Оккупанты готовятся бежать уже и с левого берега Херсонщины**🤷🏻‍♂️

На сегодня ""освободители"" запланировали** эвакуацию коллаборантов с семьями из временно оккупированной Новой Каховки**. Их будут вывозить из** города в сторону Арабатской стрелки**, [сообщает](https://sprotyv.mod.gov.ua/2022/11/11/okupanty-pochaly-evakujovuvaty-kolaborantiv-z-novoyi-kahovky/) Центр национального сопротивления, созданный ССО Украины. 

Вместе с этим, **местная ""администрация"" рассылает людям соответствующие сообщения**.

[Информатор](https://t.me/+LV7tr2_vgu02NjAy) | [Подписаться](https://t.me/+LV7tr2_vgu02NjAy)","⚡️**The occupiers are preparing to flee even from the left bank of Kherson Oblast**🤷🏻‍♂️

Today, the so-called ""liberators"" have planned the evacuation of collaborators with their families from temporarily occupied New Kakhovka. They will be transported towards the Arabat Spit, reports the Center for National Resistance, established by Ukraine's State Security Service. 

At the same time, **the local ""administration"" is sending out relevant messages to people**.

[Informer](https://t.me/+LV7tr2_vgu02NjAy) | [Subscribe](https://t.me/+LV7tr2_vgu02NjAy)",,,,,
2368,2368,9369,"**❗️Украина не желает останавливаться зимой и продолжит наступление, несмотря на разговоры о затишье. Есть все больше намеков, что украинцы готовятся к новому сухопутному наступлению** **на юг через Запорожскую область в сторону Мелитополя, — **[**The New York Times

**](https://www.nytimes.com/2022/11/12/world/europe/ukraine-war-strategy-russia.html)""Думаю, **будут контратаки и на других направлениях, чтобы противник не успел перебросить резервы и заблокировать удары"",** — командир противотанкового подразделения, обороняющего боевой город Бахмут Михейченко.

[Информатор](https://t.me/+LV7tr2_vgu02NjAy) | [Подписаться](https://t.me/+LV7tr2_vgu02NjAy)","**❗️Ukraine does not intend to halt its advance during winter and will continue its offensive despite talks of a ceasefire. There are growing indications that Ukrainians are preparing for a new ground offensive towards the south through Zaporizhzhia Oblast towards Melitopol.**

Commander of an anti-tank unit defending the besieged city of Bakhmut, Mikhaychenko, said: ""I think there will be counterattacks on other fronts as well, so that the enemy cannot shift reserves and block our strikes.""

[Source: The New York Times](https://www.nytimes.com/2022/11/12/world/europe/ukraine-war-strategy-russia.html)

[Informant](https://t.me/+LV7tr2_vgu02NjAy) | [Subscribe](https://t.me/+LV7tr2_vgu02NjAy)",,,,,
2369,2369,9370,"**Экшен из передовой**. Так выглядит штурм позиций оккупантов

[Информатор](https://t.me/+LV7tr2_vgu02NjAy) | [Подписаться](https://t.me/+LV7tr2_vgu02NjAy)","**Action from the Frontline**. This is how the assault on occupied positions looks.

[Informant](https://t.me/+LV7tr2_vgu02NjAy) | [Subscribe](https://t.me/+LV7tr2_vgu02NjAy)",,,,,
2370,2370,9371,"**Оккупанты не расстраиваются, что потеряли Херсон, они гордо и решительно «переносят» его в Геническ🤡

**Теперь столица Херсонской области находится за 200 км от Херсона, почти в Крыму. 

Переносите сразу в Россию😏

[Информатор](https://t.me/+LV7tr2_vgu02NjAy) | [Подписаться](https://t.me/+LV7tr2_vgu02NjAy)","The occupiers aren't upset about losing Kherson; they proudly and resolutely ""transfer"" it to Genichesk 🤡

Now the capital of the Kherson region is about 200 km from Kherson, almost in Crimea.

Transfer it directly to Russia 😏

[Informant](https://t.me/+LV7tr2_vgu02NjAy) | [Subscribe](https://t.me/+LV7tr2_vgu02NjAy)",,,,,
2371,2371,9372,"**Момент подрыва переправы на Каховской ГЭС

**Орки при отходе** **повзрывали абсолютно все мосты.

[Информатор](https://t.me/+LV7tr2_vgu02NjAy) | [Подписаться](https://t.me/+LV7tr2_vgu02NjAy)","**Bridge Detonation at Kakhovka Hydroelectric Station**

**Orks during their withdrawal** **blew up every single bridge.**

[Informant](https://t.me/+LV7tr2_vgu02NjAy) | [Subscribe](https://t.me/+LV7tr2_vgu02NjAy)",,,,,
2372,2372,9373,"⚡️80 тысяч орков уже ликвидированы🥳

[Информатор](https://t.me/+LV7tr2_vgu02NjAy) | [Подписаться](https://t.me/+LV7tr2_vgu02NjAy)","⚡️80 thousand orcs have already been eliminated🥳

[Informant](https://t.me/+LV7tr2_vgu02NjAy) | [Subscribe](https://t.me/+LV7tr2_vgu02NjAy)",,,,,
2373,2373,9374,"Борщ: существует
Русня: это наше национальное блюдо 
Борщ: признают украинским блюдом
Русня: это пища сатаны🤷🏻‍♂️

[Информатор](https://t.me/+LV7tr2_vgu02NjAy) | [Подписаться](https://t.me/+LV7tr2_vgu02NjAy)","Beet Soup: exists
Russian: this is our national dish
Beet Soup: is recognized as Ukrainian cuisine
Russian: this is food of the devil🤷🏻‍♂️

[Informant](https://t.me/+LV7tr2_vgu02NjAy) | [Subscribe](https://t.me/+LV7tr2_vgu02NjAy)",,,,,
2374,2374,9375,"**❗️Иран приостановил поставку оружия в Россию, **— Арестович

Если это правда, то этот день волшебный.

[Информатор](https://t.me/+LV7tr2_vgu02NjAy) | [Подписаться](https://t.me/+LV7tr2_vgu02NjAy)","**❗️Iran has suspended the supply of weapons to Russia,** — Arестovich

If this is true, then today is magical.

[Informer](https://t.me/+LV7tr2_vgu02NjAy) | [Subscribe](https://t.me/+LV7tr2_vgu02NjAy)",,,,,
2375,2375,9376,"**""Долб*бы, которые его не сожгли, вам из него на головы посыпется"": русня делится душещипательными подробностями истории о том самом трофейном вертолете, который вернулся в родную гавань после оккупации 😏

**[Информатор](https://t.me/+LV7tr2_vgu02NjAy) | [Подписаться](https://t.me/+LV7tr2_vgu02NjAy)","""The sh*t that wasn't burned will fall on your heads"": the russophiles share heart-wrenching details of the story about that very trophy helicopter which returned to its home port after the occupation 😏

[Informant](https://t.me/+LV7tr2_vgu02NjAy) | [Subscribe](https://t.me/+LV7tr2_vgu02NjAy)",,,,,
2376,2376,9377,"**Хороший вопрос🤷🏻‍♂️

**[Информатор](https://t.me/+LV7tr2_vgu02NjAy) | [Подписаться](https://t.me/+LV7tr2_vgu02NjAy)","**Good question🤷🏻‍♂️**

**[Informant](https://t.me/+LV7tr2_vgu02NjAy) | [Subscribe](https://t.me/+LV7tr2_vgu02NjAy)**",,,,,
2377,2377,9378,"**""Запануєм і ми, браття, у своїй сторонці"" в исполнении херсонцев

**Счастливый Херсон сегодня, похоже, не уснет. На центральной площади продолжаются гуляния.

[Информатор](https://t.me/+LV7tr2_vgu02NjAy) | [Подписаться](https://t.me/+LV7tr2_vgu02NjAy)","**""We are holding our own, brothers, on our side"" performed by the residents of Kherson**

Happy Kherson today doesn't seem like it will sleep. Celebrations continue on the central square.

[Informer](https://t.me/+LV7tr2_vgu02NjAy) | [Subscribe](https://t.me/+LV7tr2_vgu02NjAy)",,,,,
2378,2378,9379,"**АТБ уже добралось до Херсона. Молниеносно💪🏻😄

**[Информатор](https://t.me/+LV7tr2_vgu02NjAy) | [Подписаться](https://t.me/+LV7tr2_vgu02NjAy)","ATB has already reached Kherson. Lightning-fast 💪🏻😄

[Informant](https://t.me/+LV7tr2_vgu02NjAy) | [Subscribe](https://t.me/+LV7tr2_vgu02NjAy)",,,,,
2379,2379,9380,"**Вертолет от русни заказывали?😏 Вернулся в родную гавань💪🏻

**[Информатор](https://t.me/+LV7tr2_vgu02NjAy) | [Подписаться](https://t.me/+LV7tr2_vgu02NjAy)","Did you order the helicopter from Russia? 😏 It's back in its home port 💪🏻

[Informant](https://t.me/+LV7tr2_vgu02NjAy) | [Subscribe](https://t.me/+LV7tr2_vgu02NjAy)",,,,,
2380,2380,9381,"**Тут анонсы новостей покруче освобождения Херсона подъехали**😏

[Информатор](https://t.me/+LV7tr2_vgu02NjAy) | [Подписаться](https://t.me/+LV7tr2_vgu02NjAy)","Here, announcements of even more significant news have arrived than the liberation of Kherson 😏

[Informant](https://t.me/+LV7tr2_vgu02NjAy) | [Subscribe](https://t.me/+LV7tr2_vgu02NjAy)",,,,,
2381,2381,9382,"**Ого, маєш класний кавун😂

**[Информатор](https://t.me/+LV7tr2_vgu02NjAy) | [Подписаться](https://t.me/+LV7tr2_vgu02NjAy)","**Wow, you have a great watermelon😂**

**[Informant](https://t.me/+LV7tr2_vgu02NjAy) | [Subscribe](https://t.me/+LV7tr2_vgu02NjAy)**",,,,,
2382,2382,9383,"**Вот что оставили после себя оккупанты в домах и квартирах жителей Херсона

**""Русский мир"" во всей красе🤦🏻‍♂️

[Информатор](https://t.me/+LV7tr2_vgu02NjAy) | [Подписаться](https://t.me/+LV7tr2_vgu02NjAy)","Here is what the occupiers left behind in the homes and apartments of the residents of Kherson:

""Russian world"" in all its glory🤦🏻‍♂️

[Informer](https://t.me/+LV7tr2_vgu02NjAy) | [Subscribe](https://t.me/+LV7tr2_vgu02NjAy)",,,,,
2383,2383,9384,"**⚡️Официально: вся Николаевская область (кроме Кинбурнcкой Косы) освобождена, — Ким

**Кроме того, под контролем Украины водовод из Днепра, а значит скоро в Николаеве появится питьевая вода.

[Информатор](https://t.me/+LV7tr2_vgu02NjAy) | [Подписаться](https://t.me/+LV7tr2_vgu02NjAy)","**⚡️Officially: the entire Nikolayev region (excluding the Kinburn Peninsula) has been liberated, — Kim**

Additionally, a water pipeline from the Dnieper is under Ukrainian control, which means that soon drinking water will be available in Nikolayev.

[Source](https://t.me/+LV7tr2_vgu02NjAy) | [Subscribe](https://t.me/+LV7tr2_vgu02NjAy)",,,,,
2384,2384,9385,"**❗️Шок-контент. ""Киевские войска планируют зимой наступать на Белгородскую и Курскую области"", — росСМИ

**Нас спалили, расходимся🤡

[Информатор](https://t.me/+LV7tr2_vgu02NjAy) | [Подписаться](https://t.me/+LV7tr2_vgu02NjAy)","**❗️SHOCK CONTENT. ""Kyiv's forces plan winter offensives on Belgorod and Kursk regions,"" — Russian media reports

**We've been exposed, dispersing 🤡

[Informer](https://t.me/+LV7tr2_vgu02NjAy) | [Subscribe](https://t.me/+LV7tr2_vgu02NjAy)",,,,,
2385,2385,9386,"**Сегодня хороший день, есть повод радоваться и праздновать, но важно помнить что:

**1. Россия отступила на левый берег, а значит будет доставать и накрывать артой Херсон и область. **Его будут ровнять с землёй**, превращая во второй Мариуполь;
2. Чтобы жители могли спать спокойно — **надо выгнать русню со всей территории Украины**;
3. На деоккупированных территориях **русня минировала всё, что видела.** Уже есть случаи подрыва гражданских, поэтому будьте осторожны.

Также важно помнить, какую цену заплатила Украина за освобождение. **Вечная слава нашим погибших солдатам🇺🇦

**[Информатор](https://t.me/+LV7tr2_vgu02NjAy) | [Подписаться](https://t.me/+LV7tr2_vgu02NjAy)","**Today is a good day to celebrate and be happy, but it's important to remember that:**

1. Russia has retreated to the left bank, which means they will continue to bombard and cover Kherson and the region with artillery. They will level it to the ground, turning it into a second Mariupol.
2. To ensure the residents can sleep peacefully, **we need to expel the Russians from all of Ukraine's territory**.
3. On the de-occupied territories, **the Russians have mined everything they could see**. There are already cases of civilian explosions, so be cautious.

It's also important to remember the price Ukraine paid for liberation. **Eternal glory to our fallen soldiers 🇺🇦

**[Informer](https://t.me/+LV7tr2_vgu02NjAy) | [Subscribe](https://t.me/+LV7tr2_vgu02NjAy)**",,,,,
2386,2386,9387,"**❗️Сегодня – исторический день. Мы возвращаем Херсон. На сегодняшний день наши защитники – на подступах к городу. Но специальные подразделения уже находятся в городе, — Зеленский

**Херсонцы ждали. Никогда не отказывались от Украины и хранили флаги. Так скоро будет на всех украинских территориях.

[Информатор](https://t.me/+LV7tr2_vgu02NjAy) | [Подписаться](https://t.me/+LV7tr2_vgu02NjAy)","**❗️Today is a historic day. We are retaking Kherson. Our defenders are now approaching the city. But special units are already inside the city — Zelensky**

The people of Kherson waited. They never abandoned Ukraine and kept their flags. Soon, this will be true for all Ukrainian territories.

[Source](https://t.me/+LV7tr2_vgu02NjAy) | [Subscribe](https://t.me/+LV7tr2_vgu02NjAy)",,,,,
2387,2387,9388,"**⚡️""Наші. Наш. Херсон. 🇺🇦"", — написал Президент Зеленский

**Дома.

[Информатор](https://t.me/+LV7tr2_vgu02NjAy) | [Подписаться](https://t.me/+LV7tr2_vgu02NjAy)","**⚡️""Our. Our. Kherson. 🇺🇦"", — President Zelensky wrote**

**At home.

[Informant](https://t.me/+LV7tr2_vgu02NjAy) | [Subscribe](https://t.me/+LV7tr2_vgu02NjAy)",,,,,
2388,2388,9389,"**Ничего необычного, просто на росТВ играет песня ""Путин — ху*ло""😏

**[Информатор](https://t.me/+LV7tr2_vgu02NjAy) | [Подписаться](https://t.me/+LV7tr2_vgu02NjAy)","**Nothing unusual, just rostV is playing the song ""Putin — cock"" 😏

**[Informant](https://t.me/+LV7tr2_vgu02NjAy) | [Subscribe](https://t.me/+LV7tr2_vgu02NjAy)",,,,,
2389,2389,9390,"**❗️Генштаб ВСУ **[**опубликовал обращение**](https://www.facebook.com/GeneralStaff.ua/videos/3376029436057447/)** к беларусским военнослужащим 

**Если вас заставят принять участие в войне Путина против Украины и вы не сможете не выполнить этот преступный приказ, то перейдя границу вы должны выполнить следующие шаги: 
1. Остановитесь в составе подразделения и заглушите моторы.  
2. Разрядите оружие и поднимите белые флаги.
3. Дождитесь встречи с командованием ВСУ.
**Беларусским военным предлагают условия намного лучше, чем для ВС РФ**, в ролике сказано, что беларусские военные, которые не станут убивать украинцев, **будут защищены и обеспечены всем необходимым по нормам ВСУ**. 

[Информатор](https://t.me/+LV7tr2_vgu02NjAy) | [Подписаться](https://t.me/+LV7tr2_vgu02NjAy)","**❗️The General Staff of the Ukrainian Armed Forces published an appeal to Belarusian military personnel**

*If you are forced to participate in Putin's war against Ukraine and cannot refuse this criminal order, when crossing the border, you should take the following steps:
1. Stop with your unit and turn off the engines.
2. Disarm and raise white flags.
3. Wait for meeting with the command of the Ukrainian Armed Forces.*

Belarusian soldiers are offered much better conditions than those for the Russian Armed Forces. The video states that Belarusian soldiers who do not kill Ukrainians will be protected and provided with everything necessary according to the standards of the Ukrainian Armed Forces.

[Source](https://t.me/+LV7tr2_vgu02NjAy) | [Subscribe](https://t.me/+LV7tr2_vgu02NjAy)",,,,,
2390,2390,9391,"Херсон радуется освобождению❤️

[Информатор](https://t.me/+LV7tr2_vgu02NjAy) | [Подписаться](https://t.me/+LV7tr2_vgu02NjAy)","Kherson rejoices at its liberation❤️

[Informant] (https://t.me/+LV7tr2_vgu02NjAy) | [Subscribe] (https://t.me/+LV7tr2_vgu02NjAy)",,,,,
2391,2391,9392,"**Херсон сейчас👏

**Местные жители празднуют несмотря на то, что[ в городе нет света, воды и газа.](https://t.me/ukrinformator/28848) Рашисты подорвали телевышку, уничтожили ТЭЦ, облэнерго и водоканал.

[Информатор](https://t.me/+LV7tr2_vgu02NjAy) | [Подписаться](https://t.me/+LV7tr2_vgu02NjAy)","**Kherson now👏

**Local residents are celebrating despite the fact that there is no electricity, water, or gas in the city.** Russian fascists blew up the television tower, destroyed the power plant, Energo, and waterworks.

[Informer](https://t.me/+LV7tr2_vgu02NjAy) | [Subscribe](https://t.me/+LV7tr2_vgu02NjAy)",,,,,
2392,2392,9393,"**⚡️Украина отгораживается стеной от Беларуси

**Работы ведутся в Волынской, Ровенской и Житомирской областях. Фортификационные сооружения появляются также в регионах, которые граничат с Россией.

[Информатор](https://t.me/+LV7tr2_vgu02NjAy) | [Подписаться](https://t.me/+LV7tr2_vgu02NjAy)","**⚡️Ukraine is building a wall separating it from Belarus

Construction is underway in Volyn, Rivne, and Zhytomyr regions. Fortification structures are also appearing in areas bordering Russia.

[Informant](https://t.me/+LV7tr2_vgu02NjAy) | [Subscribe](https://t.me/+LV7tr2_vgu02NjAy)",,,,,
2393,2393,9394,"**На главной улице Херсона развернули огромный сине-желтый флаг, тот самый, с которым херсонцы выходили ""встречать"" русню 8 месяцев назад**🇺🇦

[Информатор](https://t.me/+LV7tr2_vgu02NjAy) | [Подписаться](https://t.me/+LV7tr2_vgu02NjAy)","A huge blue-yellow flag was unfurled on the main street of Kherson. This is the same flag that the residents of Kherson came out with to ""welcome"" the Russians 8 months ago. 🇺🇦

[Informer](https://t.me/+LV7tr2_vgu02NjAy) | [Subscribe](https://t.me/+LV7tr2_vgu02NjAy)",,,,,
2394,2394,9395,"**⚡️Оккупанты готовят массированные удары по правому берегу Херсонщины —**[ спикер ОК ""Юг"" Гуменюк](https://www.youtube.com/watch?v=lhs2JS_f9bI)

Это прогнозированно, укрепления русни на левом берегу расположены довольно близко к территориям, которые они оставили на правом. 

Украинские военные сохраняют информационную тишину вокруг освобождения территорий, так как Сейчас в Херсоне идет тяжелая и мощная боевая работа. Но (!), Все буде Україна.

[Информатор](https://t.me/+LV7tr2_vgu02NjAy) | [Подписаться](https://t.me/+LV7tr2_vgu02NjAy)","**⚡️Occupants are preparing massive strikes on the right bank of Kherson Oblast —** [spokesperson for OK ""South"" Gumenyuk](https://www.youtube.com/watch?v=lhs2JS_f9bI)

This is forecasted; the Russian defenses on the left bank are quite close to the territories they abandoned on the right bank.

Ukrainian military forces are maintaining information silence around the liberation of territories, as heavy and intense combat operations are currently taking place in Kherson. But (!), Everything will be Ukraine.

[Informer](https://t.me/+LV7tr2_vgu02NjAy) | [Subscribe](https://t.me/+LV7tr2_vgu02NjAy)",,,,,
2395,2395,9396,"Новая Почта присоединяется к ребусам😏

Пока разгадываете — готовьте посылки.
**
**[Информатор](https://t.me/+LV7tr2_vgu02NjAy) | [Подписаться](https://t.me/+LV7tr2_vgu02NjAy)","Nova Poshta is joining in on the riddles 😏

While you're figuring it out, get your packages ready.
**
**[Informant](https://t.me/+LV7tr2_vgu02NjAy) | [Subscribe](https://t.me/+LV7tr2_vgu02NjAy)**",,,,,
2396,2396,9397,"**Просто сравните, как херсонцы встречали оккупантов и как теперь встречают ВСУ

Херсон - это Украина.**
**
**[Информатор](https://t.me/+LV7tr2_vgu02NjAy) | [Подписаться](https://t.me/+LV7tr2_vgu02NjAy)","Simply compare how the residents of Kherson welcomed the occupiers and now greet the Ukrainian Armed Forces (VSU).

Kherson is part of Ukraine.
**
**[Informant](https://t.me/+LV7tr2_vgu02NjAy) | [Subscribe](https://t.me/+LV7tr2_vgu02NjAy)",,,,,
2397,2397,9398,"**❗️Россия может решиться нанести по Украине электромагнитный импульсный удар взорвав ядерный заряд в космосе, — **[**The Financial Times 

**](https://www.ft.com/content/d6ecbf62-f26d-401f-936b-e5bd85f25c06)Такой импульс **может вывести из строя всю электронику: как гражданское, так и военное оборудование.** В Херсонской области, в частности, такой взрыв **приведет к выведению из строя систем, управляющих плотинами региона, а также к отключению света, тепла и воды.** Выйти из строя могут и автомобили.

Однако если РФ решится на такой шаг, **то спровоцирует коллективный ответ НАТО.

**[Информатор](https://t.me/+LV7tr2_vgu02NjAy) | [Подписаться](https://t.me/+LV7tr2_vgu02NjAy)","**❗️Russia might decide to launch an electromagnetic pulse (EMP) strike on Ukraine by detonating a nuclear device in space. Such an impulse could disable all electronics, both civilian and military equipment.** In particular, in the Kherson region, such an explosion would lead to the disabling of systems controlling the region's dams, as well as the shutdown of electricity, heating, and water supply. Cars could also be disabled.

However, if Russia takes such a step, it would provoke a collective response from NATO.

[Informer] | [Subscribe]",,,,,
2398,2398,9399,"**А вот ещё видео из центра Херсона. Представьте радость людей, которые ждали возвращение украинских бойцов долгие 8 месяцев

**[Информатор](https://t.me/+LV7tr2_vgu02NjAy) | [Подписаться](https://t.me/+LV7tr2_vgu02NjAy)","Here is another video from the center of Kherson. Imagine the joy of people who waited for the return of Ukrainian soldiers for long 8 months.

[Informant](https://t.me/+LV7tr2_vgu02NjAy) | [Subscribe](https://t.me/+LV7tr2_vgu02NjAy)",,,,,
2399,2399,9400,"**Mood всех украинцев сегодня😏

**[Информатор](https://t.me/+LV7tr2_vgu02NjAy) | [Подписаться](https://t.me/+LV7tr2_vgu02NjAy)","**The mood of all Ukrainians today😉

**[Informant](https://t.me/+LV7tr2_vgu02NjAy) | [Subscribe](https://t.me/+LV7tr2_vgu02NjAy)",,,,,
2400,2400,9401,"**❗️Уже официально: Херсон возвращается под контроль Украины, в город заходят части ВСУ, — заявили в ГУР и обратились к российским воякам, которых бросили на правом берегу
** 
""Ваши командиры призывают вас переодеваться в гражданскую одежду и пытаться самостоятельно бежать из Херсона. Пути отступления – под огневым контролем украинской армии. **Каждый российский военнослужащий, который окажет сопротивление, будет уничтожен""**.

У вас есть единственный шанс избежать гибели – немедленно сдаться в плен. **Вам необходимо позвонить на один из этих номеров **(☎️ +38 066 580 34 98 ☎️ +38 093 119 29 84) (viber, WhatsApp, telegram, signal) или написать на [официальный бот](https://t.me/spasisebyabot) ""Хочу жить"". Вам будет обеспечен **безопасный выход.** 

[Информатор](https://t.me/+LV7tr2_vgu02NjAy) | [Подписаться](https://t.me/+LV7tr2_vgu02NjAy)","**❗️Officially: Kherson is returning under Ukrainian control; units of the Ukrainian Armed Forces are entering the city,** stated the GUR and appealed to Russian soldiers who were left on the right bank.
 
""Your commanders are urging you to change into civilian clothes and try to escape from Kherson on your own. Routes of retreat are under the fire control of the Ukrainian army. **Every Russian soldier who resists will be eliminated.**""

You have one chance to avoid death—surrender immediately. **Please call one of these numbers** (☎️ +38 066 580 34 98 ☎️ +38 093 119 29 84) or send a message to the official bot [Spasisebyabot](https://t.me/spasisebyabot) with the text ""Хочу жить"" (I want to live). You will be provided with a **safe passage.**

[Informant](https://t.me/+LV7tr2_vgu02NjAy) | [Subscribe](https://t.me/+LV7tr2_vgu02NjAy)",,,,,
2401,2401,9402,"**❗️А вот и кадры с нашими бойцами из центра Херсона. Местные жители встречают их радостными криками ""ЗСУ""

**И как тут не плакать?

[Информатор](https://t.me/+LV7tr2_vgu02NjAy) | [Подписаться](https://t.me/+LV7tr2_vgu02NjAy)","**❗️Here are clips of our soldiers from the center of Kherson. Local residents greet them with joyful cries of ""ZSU"" (Ukrainian military formation).

How can one not be moved by this?**

[Informant](https://t.me/+LV7tr2_vgu02NjAy) | [Subscribe](https://t.me/+LV7tr2_vgu02NjAy)",,,,,
2402,2402,9403,"**⚡️Правый берег Херсонщины полностью под контролем Украины

**Привыкайте к новой карте😏

[Информатор](https://t.me/+LV7tr2_vgu02NjAy) | [Подписаться](https://t.me/+LV7tr2_vgu02NjAy)","**⚡️The right bank of Kherson Oblast is fully under Ukrainian control.

**Get used to the new map😏

[Informant](https://t.me/+LV7tr2_vgu02NjAy) | [Subscribe](https://t.me/+LV7tr2_vgu02NjAy)",,,,,
2403,2403,9404,"**А вот это уже интересно🤔 

**[Информатор](https://t.me/+LV7tr2_vgu02NjAy) | [Подписаться](https://t.me/+LV7tr2_vgu02NjAy)","**This is interesting!🤔**

**Informant** | [Subscribe](https://t.me/+LV7tr2_vgu02NjAy)",,,,,
2404,2404,9405,"**⚡️Зеленский **[**объявил сбор**](https://u24.gov.ua/uk/navaldrones)** на первый в мире флот морских дронов

**""Мы должны защитить акватории наших морей и мирные города от российских ракет, которые запускают с кораблей"", — написал Президент.

Надо помочь потопить флот русни — https://u24.gov.ua/uk/navaldrones😏

[Информатор](https://t.me/+LV7tr2_vgu02NjAy) | [Подписаться](https://t.me/+LV7tr2_vgu02NjAy)","**⚡️Zelensky announced the creation of the world's first fleet of maritime drones.**

"" We must protect the waters of our seas and peaceful cities from Russian rockets launched from ships,"" — President Zelensky wrote.

We need to help sink the Russian fleet — [link](https://u24.gov.ua/uk/navaldrones) 😏

[Informant](https://t.me/+LV7tr2_vgu02NjAy) | [Subscribe](https://t.me/+LV7tr2_vgu02NjAy)",,,,,
2405,2405,9406,"**⚡️Подборка кадров освобождения Херсонщины. То, что войдёт в историю

**Берислав, Чернобаевка, Херсон и десятки других населённых пунктов вернулись домой🇺🇦

[Информатор](https://t.me/+LV7tr2_vgu02NjAy) | [Подписаться](https://t.me/+LV7tr2_vgu02NjAy)","**⚡️Selection of footage from the liberation of Kherson Oblast. What will be remembered in history

**Berdyansk, Chernobaevka, Kherson, and dozens of other settlements have returned home 🇺🇦

[Informant](https://t.me/+LV7tr2_vgu02NjAy) | [Subscribe](https://t.me/+LV7tr2_vgu02NjAy)",,,,,
2406,2406,9407,"**❗️ВСУ уже на улицах Херсона. Наши бойцы подняли флаг у здания Нацполиции

**[Информатор](https://t.me/+LV7tr2_vgu02NjAy) | [Подписаться](https://t.me/+LV7tr2_vgu02NjAy)","**❗️Ukrainian Armed Forces (ВСУ) are already in the streets of Kherson. Our soldiers have raised the flag at the National Police building.**

[Source: Informer](https://t.me/+LV7tr2_vgu02NjAy) | [Subscribe](https://t.me/+LV7tr2_vgu02NjAy)",,,,,
2407,2407,9408,"**""Нас попустили украинцы...мне стыдно быть русским""

**На болотах вой в комментариях😂

[Информатор](https://t.me/+LV7tr2_vgu02NjAy) | [Подписаться](https://t.me/+LV7tr2_vgu02NjAy)","**""It was the Ukrainians who spared us... I'm ashamed to be Russian""

**The sound of war in the comments on the swamp😂

[Informer](https://t.me/+LV7tr2_vgu02NjAy) | [Subscribe](https://t.me/+LV7tr2_vgu02NjAy)",,,,,
2408,2408,9409,"**Центр Херсона прямо сейчас. На это можно смотреть вечно

**В свою очередь, мы рекомендуем **предельно быть аккуратными** как минимум пол года и никуда не выходить в неизвестные места. 8 месяцев территория была под оккупацией, 8 месяцев орки пакостили, оставляя растяжки, мины и остальное своё говно. 

[Информатор](https://t.me/+LV7tr2_vgu02NjAy) | [Подписаться](https://t.me/+LV7tr2_vgu02NjAy)","**Center of Kherson right now. You can watch it forever.

**We also recommend being extremely cautious for at least half a year and not going to unknown places. The territory was under occupation for 8 months, during which orcs caused all sorts of trouble, leaving landmines and other filth.

[Informer](https://t.me/+LV7tr2_vgu02NjAy) | [Subscribe](https://t.me/+LV7tr2_vgu02NjAy)",,,,,
2409,2409,9410,"**Херсон сейчас. Наши флаги на каждом шагу. Этого мы ждали долгие 8 месяцев🇺🇦

**Как же ждала этого момента вся Украина вместе с херсонцами. Дождались💪 

[Информатор](https://t.me/+LV7tr2_vgu02NjAy) | [Подписаться](https://t.me/+LV7tr2_vgu02NjAy)","**Kherson now. Our flags are everywhere. We waited for this for 8 long months 🇺🇦**

**How Ukraine, together with the people of Kherson, has been waiting for this moment. We finally made it 💪**

[Informer](https://t.me/+LV7tr2_vgu02NjAy) | [Subscribe](https://t.me/+LV7tr2_vgu02NjAy)",,,,,
2410,2410,9411,"**Херсонщина, дедуля украл у оккупантов парочку гранатометов, и припрятал для ВСУ

**Украинцы непобедимы.

[Информатор](https://t.me/+LV7tr2_vgu02NjAy) | [Подписаться](https://t.me/+LV7tr2_vgu02NjAy)","**Kherson Oblast, the grandfather stole a couple of rocket launchers from the occupiers and hid them for the Ukrainian Armed Forces.**

**Ukrainians are unbeatable.**

[Informant] (https://t.me/+LV7tr2_vgu02NjAy) | [Subscribe] (https://t.me/+LV7tr2_vgu02NjAy)",,,,,
2411,2411,9412,"**❗️Весь правый берег Херсонщины больше не оккупирован — карту показывает сама русня

**Над Херсонской ОВА, впервые за долгое время, опять реет украинский флаг🇺🇦

[Информатор](https://t.me/+LV7tr2_vgu02NjAy) | [Подписаться](https://t.me/+LV7tr2_vgu02NjAy)","**❗️The entire right bank of Kherson Oblast is no longer occupied — the Russians themselves show this on their maps.

**The Ukrainian flag again flies over the Kherson Oblast Administration for the first time in a long while. 🇺🇦

[Informer](https://t.me/+LV7tr2_vgu02NjAy) | [Subscribe](https://t.me/+LV7tr2_vgu02NjAy)",,,,,
2412,2412,9413,"**⚡️ВСУ замедлили продвижение в Херсоне, но есть нюанс😏

**[Информатор](https://t.me/+LV7tr2_vgu02NjAy) | [Подписаться](https://t.me/+LV7tr2_vgu02NjAy)","**⚡️The Ukrainian military has slowed its advance in Kherson, but there's a nuance 😏**

**[Source](https://t.me/+LV7tr2_vgu02NjAy) | [Subscribe](https://t.me/+LV7tr2_vgu02NjAy)**",,,,,
2413,2413,9414,"❗️**Центр Херсона сейчас. Люди вывесили флаги и встречают ВСУ

**[Информатор](https://t.me/+LV7tr2_vgu02NjAy) | [Подписаться](https://t.me/+LV7tr2_vgu02NjAy)","❗️**Center of Kherson now. People have put up flags and are welcoming the Ukrainian Armed Forces**

**[Informer](https://t.me/+LV7tr2_vgu02NjAy) | [Subscribe](https://t.me/+LV7tr2_vgu02NjAy)**",,,,,
2414,2414,9415,"⚡️**11.11.22 станет официальной датой освобождения Херсона**🇺🇦

[Информатор](https://t.me/+LV7tr2_vgu02NjAy) | [Подписаться](https://t.me/+LV7tr2_vgu02NjAy)","⚡️**November 11, 2022 will be the official release date for Kherson**🇺🇦

[Informer](https://t.me/+LV7tr2_vgu02NjAy) | [Subscribe](https://t.me/+LV7tr2_vgu02NjAy)",,,,,
2415,2415,9416,"**❗️ВСУ уже в Херсоне. Появились фото с нашими бойцами в Шуменском районе города

**[Информатор](https://t.me/+LV7tr2_vgu02NjAy) | [Подписаться](https://t.me/+LV7tr2_vgu02NjAy)","**❗️Ukrainian troops are already in Kherson. Photos of our soldiers in the Shumensky district of the city have appeared.

[Informant](https://t.me/+LV7tr2_vgu02NjAy) | [Subscribe](https://t.me/+LV7tr2_vgu02NjAy)",,,,,
2416,2416,9417,"**Глава ГУР Буданов похоже впервые ошибся😏

**[Информатор](https://t.me/+LV7tr2_vgu02NjAy) | [Подписаться](https://t.me/+LV7tr2_vgu02NjAy)","**Budanov, the head of GUR, apparently made his first mistake 😏**

**[Informer](https://t.me/+LV7tr2_vgu02NjAy) | [Subscribe](https://t.me/+LV7tr2_vgu02NjAy)**",,,,,
2417,2417,9418,"**Российские оккупанты, которые не успели эвакуироваться, переодеваются в гражданку в Херсоне и выбрасывают форму в мусор, — пишут местные СМИ

**При этом, в Минклоунады РФ заявили, что ни** одной единицы техники не оставлено, а потерь личного состава не допущено**🤡

[Информатор](https://t.me/+LV7tr2_vgu02NjAy) | [Подписаться](https://t.me/+LV7tr2_vgu02NjAy)","**Russian troops who failed to evacuate are putting on civilian clothes in Kherson and throwing their uniforms in the trash, local media report.**

**Meanwhile, Russian Clown Headquarters claimed not a single piece of equipment was left behind, and no personnel casualties occurred.** 🤡

[Informant](https://t.me/+LV7tr2_vgu02NjAy) | [Subscribe](https://t.me/+LV7tr2_vgu02NjAy)",,,,,
2418,2418,9419,"**Белозёрка, 15 км от Херсона. Местные жители срывают руснявые билборды и жгут их, а также вывешивают украинские флаги

**Херсонщина возвращается домой. Нас там ждут💪🏻

[Информатор](https://t.me/+LV7tr2_vgu02NjAy) | [Подписаться](https://t.me/+LV7tr2_vgu02NjAy)","**Berzhorka, 15 km from Kherson. Local residents tear down Russian propaganda billboards and burn them, and also hang Ukrainian flags.

**Kherson region is returning home. We are counting on you all 💪🏻

[Informant](https://t.me/+LV7tr2_vgu02NjAy) | [Subscribe](https://t.me/+LV7tr2_vgu02NjAy)",,,,,
2419,2419,9420,"**⚡️Украина зимой станет сильнее: из Британии вернутся тысячи солдат, — **[**министр обороны**](https://www.reuters.com/article/ukraine-crisis-reznikov-exclusive/exclusive-russian-withdrawal-from-kherson-to-take-at-least-a-week-kyiv-idUSKBN2S023Q?fbclid=IwAR1_2JDw01m5IU42SewDRah2wx5XaZR2bxPCBcZzI1rK0OWQg7rI5VLHZlE)** Резников

**По его словам, зима замедлит любую активность на поле боя для всех сторон, но **Украина выйдет из паузы в войне сильной и подкрепленной. **Зимой ВСУ проведут **перегруппировки, обновления и ротации, а также подготовка бойцов. 

**При этом, в Институте изучения войны [считают](https://www.understandingwar.org/backgrounder/russian-offensive-campaign-assessment-november-10), что зима **не замедлит, а наоборот, может ускорить контрнаступление ВСУ.

**[Информатор](https://t.me/+LV7tr2_vgu02NjAy) | [Подписаться](https://t.me/+LV7tr2_vgu02NjAy)","**⚡️Ukraine in Winter Will Become Stronger: Thousands of Soldiers from Britain Will Return, — **[**Minister of Defense**](https://www.reuters.com/article/ukraine-crisis-reznikov-exclusive/exclusive-russian-withdrawal-from-kherson-to-take-at-least-a-week-kyiv-idUSKBN2S023Q?fbclid=IwAR1_2JDw01m5IU42SewDRah2wx5XaZR2bxPCBcZzI1rK0OWQg7rI5VLHZlE)** Reznikov

According to him, winter will slow down any military activity for all sides, but Ukraine will emerge from the pause stronger and better equipped. In winter, the Ukrainian Armed Forces (VСУ) will conduct reorganizations, updates, and rotations, as well as training for soldiers.

Meanwhile, at the [Institute for the Study of War](https://www.understandingwar.org/backgrounder/russian-offensive-campaign-assessment-november-10), it is believed that winter may not slow down the counteroffensive but rather accelerate it for VСУ",,,,,
2420,2420,9421,"**Как поменялась риторика на болотах. Теперь они говорят, что терять Херсон не унизительно, и РФ не жалеет, что приняла Херсонщину в свой состав🤡

**Первая позорная армия мира.

[Информатор](https://t.me/+LV7tr2_vgu02NjAy) | [Подписаться](https://t.me/+LV7tr2_vgu02NjAy)","**How the rhetoric on the marshes has changed. Now they say that not losing Kherson is not humiliating, and Russia does not regret incorporating Zaporizhzhia Oblast into its territory 🤡**

**The world's first shameful army.

[Informant](https://t.me/+LV7tr2_vgu02NjAy) | [Subscribe](https://t.me/+LV7tr2_vgu02NjAy)",,,,,
2421,2421,9422,"**И если Антоновский мост разрушила русня, то временную переправу под ним, похоже, накрыли наши во время прохода вражеской колонны. Разбитый КамАЗ орков не даст соврать😏

**[Информатор](https://t.me/+LV7tr2_vgu02NjAy) | [Подписаться](https://t.me/+LV7tr2_vgu02NjAy)","**And if the Antonov Bridge was destroyed by the Russians, then it seems that we covered the temporary crossing underneath it during the passage of the enemy column. The broken KamAZ of the orcs won't let us lie 😏**

[Informant](https://t.me/+LV7tr2_vgu02NjAy) | [Subscribe](https://t.me/+LV7tr2_vgu02NjAy)",,,,,
2422,2422,9423,"**А вот так оккупанты бежали из Херсона. Пешочком по барже

**А техника где?😏

[Информатор](https://t.me/+LV7tr2_vgu02NjAy) | [Подписаться](https://t.me/+LV7tr2_vgu02NjAy)","**Here's how the occupiers fled from Kherson—on foot via a barge.**

**Where's their equipment? 😏

[Informer](https://t.me/+LV7tr2_vgu02NjAy) | [Subscribe](https://t.me/+LV7tr2_vgu02NjAy)",,,,,
2423,2423,9424,"**Российский ""военкор"" публикует видео обрушенных пролетов Антоновского моста под Херсоном

**Мост подорвали отступающие российские войска. Теперь обычные люди не могут попасть к себе домой, а Коц насмехается🤷🏻‍♂️

[Информатор](https://t.me/+LV7tr2_vgu02NjAy) | [Подписаться](https://t.me/+LV7tr2_vgu02NjAy)","A Russian military correspondent has published a video of the collapsed spans of the Antonov Bridge under Kherson.

The bridge was blown up by retreating Russian troops. Now ordinary people cannot get home, while Koц mocks this situation 🤷🏻‍♂️

[Informer](https://t.me/+LV7tr2_vgu02NjAy) | [Subscribe](https://t.me/+LV7tr2_vgu02NjAy)",,,,,
2424,2424,9425,"**На Антоновском мосту, судя по фото, взорвали сразу несколько пролетов. Почти половины моста нет

**Также в городе рашисты повалили телевышку, уничтожили ТЭЦ, облэнерго и водоканал.

[Информатор](https://t.me/+LV7tr2_vgu02NjAy) | [Подписаться](https://t.me/+LV7tr2_vgu02NjAy)","**On Antonov Bridge, according to the photos, several spans were blown up. Almost half of the bridge is gone.**

**Also in the city, the russophobes knocked down the TV tower, destroyed the power plant, Energo, and the water supply.**

[Source: Informant](https://t.me/+LV7tr2_vgu02NjAy) | [Subscribe](https://t.me/+LV7tr2_vgu02NjAy)",,,,,
2425,2425,9426,"**⚡️Антоновский мост - всё. Таки упал

**Фото от местных.

[Информатор](https://t.me/+LV7tr2_vgu02NjAy) | [Подписаться](https://t.me/+LV7tr2_vgu02NjAy)","**⚡️Antonov Bridge - that's it. It finally collapsed

Photo by locals.

[Informant](https://t.me/+LV7tr2_vgu02NjAy) | [Subscribe](https://t.me/+LV7tr2_vgu02NjAy)",,,,,
2426,2426,9427,"**Коллаборант Стремоусова таки приехал в Симферополь, но есть нюанс

**Сегодня там его хоронят😏

[Информатор](https://t.me/+LV7tr2_vgu02NjAy) | [Подписаться](https://t.me/+LV7tr2_vgu02NjAy)","**Collaborator Stremousova finally arrived in Simferopol, but there's a nuance:

Today they are burying him 😏

[Informant](https://t.me/+LV7tr2_vgu02NjAy) | [Subscribe](https://t.me/+LV7tr2_vgu02NjAy)",,,,,
2427,2427,9428,"⚡️**В центре Херсона уже висит украинский флаг

**Его повесили наши партизаны🇺🇦

[Информатор](https://t.me/+LV7tr2_vgu02NjAy) | [Подписаться](https://t.me/+LV7tr2_vgu02NjAy)","⚡️**The Ukrainian flag is already flying in the center of Kherson.

**Our partisans hung it there. 🇺🇦

[Informant](https://t.me/+LV7tr2_vgu02NjAy) | [Subscribe](https://t.me/+LV7tr2_vgu02NjAy)",,,,,
2428,2428,9429,"**Российские СМИ публикуют видео ночного отхода войск РФ на левый берег Днепра**

Пропаганда утверждает, что ночью ""последние части покинули правый берег"". 

Ну-ну.

[Информатор](https://t.me/+LV7tr2_vgu02NjAy) | [Подписаться](https://t.me/+LV7tr2_vgu02NjAy)","Russian media publish videos of the nighttime withdrawal of Russian troops to the left bank of the Dnipro.

Propaganda claims that ""the last units left the right bank at night.""

Hmmm.

[Informer](https://t.me/+LV7tr2_vgu02NjAy) | [Subscribe](https://t.me/+LV7tr2_vgu02NjAy)",,,,,
2429,2429,9430,"⚡️ Украинский конфликт **не будет разрешен, пока ""Путин не уйдет из Украины**"", — Байден

Украина — это границы, признаны в 1991 году. Для всех, кто разводит панику из-за якобы переговоров по ""слитию"" нас.

[Информатор](https://t.me/+LV7tr2_vgu02NjAy) | [Подписаться](https://t.me/+LV7tr2_vgu02NjAy)","⚡️ The Ukrainian conflict will not be resolved as long as ""Putin is in Ukraine,"" — Biden

Ukraine is recognized as the borders established in 1991. For those spreading panic about so-called negotiations for ""merging"" us.

[Informer](https://t.me/+LV7tr2_vgu02NjAy) | [Subscribe](https://t.me/+LV7tr2_vgu02NjAy)",,,,,
2430,2430,9431,"**Ситуация на Херсонском направлении.** Доброе утро.

[Информатор](https://t.me/+LV7tr2_vgu02NjAy) | [Подписаться](https://t.me/+LV7tr2_vgu02NjAy)","**The Situation on the Kherson Direction.** Good morning.

[Informant](https://t.me/+LV7tr2_vgu02NjAy) | [Subscribe](https://t.me/+LV7tr2_vgu02NjAy)",,,,,
2431,2431,9432,"⚡️**НБУ готовит украинские банки к блэкауту - тотальному отключению света на длительный период.** 

Нацбанк дал три рекомендации по обслуживанию людей:
- автоматически продлить сроки действия платежных карт, срок которых истекает в ноябре и декабре минимум на 3 месяца,
- рассмотреть возможность отмены комиссий за снятие наличных с карточек в дежурных отделениях, составляющих сейчас в среднем 0,5-1% суммы. А также ввести ограничения на выдачу наличных в размере, например, 10 тысяч гривен в день на одного человека,
- обеспечить бесплатный доступ к своим сетям Wi-Fi посетителям дежурных отделений.

[Информатор](https://t.me/+LV7tr2_vgu02NjAy) | [Подписаться](https://t.me/+LV7tr2_vgu02NjAy)","⚡️**The National Bank of Ukraine is preparing Ukrainian banks for a blackout—a total power outage for an extended period.**

The National Bank has provided three recommendations for serving customers:
- Automatically extend the validity periods of payment cards that expire in November and December by at least three months.
- Consider eliminating fees for withdrawing cash from teller machines, which currently average 0.5-1% of the transaction amount. Also, introduce limits on cash withdrawals, such as capping daily withdrawals per person at 10,000 hryvnias.
- Ensure free access to Wi-Fi networks for visitors at operational branches.

[Informer](https://t.me/+LV7tr2_vgu02NjAy) | [Subscribe](https://t.me/+LV7tr2_vgu02NjAy)",,,,,
2432,2432,9433,"**Рашисты заявляют, что уничтожили Антоновский мост после отвода своих войск, и публикуют видео

**При этом очевидцы говорят, что разрушенный мост до сих пор стоит. В отличие от многих рашистов.

[Информатор](https://t.me/+LV7tr2_vgu02NjAy) | [Подписаться](https://t.me/+LV7tr2_vgu02NjAy)","The russians claim they destroyed the Antonov Bridge after withdrawing their troops and publish videos to prove it. 

However, witnesses say that the destroyed bridge is still standing. Unlike many russians.

[Informant](https://t.me/+LV7tr2_vgu02NjAy) | [Subscribe](https://t.me/+LV7tr2_vgu02NjAy)",,,,,
2433,2433,9434,"**Эксклюзивное фото бегущей с Херсона русни в хорошем качестве смотреть бесплатно**😏

""Кто с мечом к нам придёт, от меча и погибнет"".

[Информатор](https://t.me/+LV7tr2_vgu02NjAy) | [Подписаться](https://t.me/+LV7tr2_vgu02NjAy)","**Exclusive high-quality photo of a fleeing Russian soldier from Kherson to watch for free**😉

""He who comes with a sword will perish by the sword.""

[Informant](https://t.me/+LV7tr2_vgu02NjAy) | [Subscribe](https://t.me/+LV7tr2_vgu02NjAy)",,,,,
2434,2434,9435,"**Русне понадобится  минимум неделя, для того, чтобы вывести войска из Херсона — **[Резников

](https://www.reuters.com/world/europe/exclusive-russian-withdrawal-kherson-take-least-week-kyiv-2022-11-10/)Вопрос в том, есть ли у русни эта неделя🤷🏻

[Информатор](https://t.me/+LV7tr2_vgu02NjAy) | [Подписаться](https://t.me/+LV7tr2_vgu02NjAy)","It will take Russia at least a week to withdraw its troops from Kherson. 

The question is whether Russia has this week available. 🤷🏻

[Informer] (https://t.me/+LV7tr2_vgu02NjAy) | [Subscribe] (https://t.me/+LV7tr2_vgu02NjAy)",,,,,
2435,2435,9436,"**Писали Стремоусову, он не отвечает. Написали Сосальдо.** Ждем ответ.

[Информатор](https://t.me/+LV7tr2_vgu02NjAy) | [Подписаться](https://t.me/+LV7tr2_vgu02NjAy)","We wrote to Stremousov, but he isn't responding. We also wrote to Sosaldo. We're waiting for a response.

[Informant] (https://t.me/+LV7tr2_vgu02NjAy) | [Subscribe] (https://t.me/+LV7tr2_vgu02NjAy)",,,,,
2436,2436,9437,"Судя по всему, именно так будут выглядеть раки возле Херсона этой весной.

[Информатор](https://t.me/+LV7tr2_vgu02NjAy) | [Подписаться](https://t.me/+LV7tr2_vgu02NjAy)","Judging by the information provided, this is how crabs near Kherson will look like this spring.

[Informant](https://t.me/+LV7tr2_vgu02NjAy) | [Subscribe](https://t.me/+LV7tr2_vgu02NjAy)",,,,,
2437,2437,9438,"⚡️Информация о «прорыве в одном из затворов Каховской ГЭС»,  не соответствует действительности.

[Информатор](https://t.me/+LV7tr2_vgu02NjAy) | [Подписаться](https://t.me/+LV7tr2_vgu02NjAy)","⚡️The information about a ""breakthrough in one of the gates of the Kakhovka Hydroelectric Plant"" does not correspond to reality.

[Informant](https://t.me/+LV7tr2_vgu02NjAy) | [Subscribe](https://t.me/+LV7tr2_vgu02NjAy)",,,,,
2438,2438,9439,"**Аналитика от **🐓. «**Если накроют эти 20 тысяч — конец войне**»

[Информатор](https://t.me/+LV7tr2_vgu02NjAy) | [Подписаться](https://t.me/+LV7tr2_vgu02NjAy)","**Analysis from **♂️. ""If these 20 thousand are taken down — the war is over""

[Informant](https://t.me/+LV7tr2_vgu02NjAy) | [Subscribe](https://t.me/+LV7tr2_vgu02NjAy)",,,,,
2439,2439,9440,"⚡️**Большая часть россиян, дислоцированных на правом берегу Херсонской области, остаётся там, и никуда не уходила — ГУР

**По предварительным оценкам, общая численность оккупантов в этом районе составляет **около 20 тысяч человек**. Скибицкий рассказал, что сначала россияне вывезли мирных жителей, затем военных, которые не участвовали в активных боевых действиях, логистике и боеприпасах.

ВС РФ могут понести рекордные потери с начала войны.

[Информатор](https://t.me/+LV7tr2_vgu02NjAy) | [Подписаться](https://t.me/+LV7tr2_vgu02NjAy)","⚡️**A large portion of Russians stationed on the right bank of the Kherson region remains there and has not fled anywhere — GUR**

**According to preliminary estimates, the total number of occupiers in this area is about 20,000 people.** Skibitsky stated that initially, the Russians evacuated civilians, then military personnel who did not participate in active combat operations, logistics, or ammunition.

The Russian Armed Forces may suffer record losses since the start of the war.

[Informer](https://t.me/+LV7tr2_vgu02NjAy) | [Subscribe](https://t.me/+LV7tr2_vgu02NjAy)",,,,,
2440,2440,9441,"Появилось фото бойца, который прямо сейчас атакует Херсон.

[Информатор](https://t.me/+LV7tr2_vgu02NjAy) | [Подписаться](https://t.me/+LV7tr2_vgu02NjAy)","A photo has emerged of a fighter who is currently attacking Kherson.

[Informant](https://t.me/+LV7tr2_vgu02NjAy) | [Subscribe](https://t.me/+LV7tr2_vgu02NjAy)",,,,,
2441,2441,9442,"⚡️**Пишут, что ВСУ полностью окружили Херсон**. Насколько близко — неизвестно.

[Информатор](https://t.me/+LV7tr2_vgu02NjAy) | [Подписаться](https://t.me/+LV7tr2_vgu02NjAy)","⚡️**It is reported that the Ukrainian Armed Forces (VSU) completely surrounded Kherson.** How close they are to the city is unknown.

[Source](https://t.me/+LV7tr2_vgu02NjAy) | [Subscribe](https://t.me/+LV7tr2_vgu02NjAy)",,,,,
2442,2442,9443,"**⚡️""Вторая армия мира"" уплывает на моторных лодках из Херсона. **Об этом пишут местные тг-каналы.

[Информатор](https://t.me/+LV7tr2_vgu02NjAy) | [Подписаться](https://t.me/+LV7tr2_vgu02NjAy)","**⚡️The ""Second Army of the World"" is leaving motorboats from Kherson.** Local Telegram channels are reporting this.

[Source](https://t.me/+LV7tr2_vgu02NjAy) | [Subscribe](https://t.me/+LV7tr2_vgu02NjAy)",,,,,
2443,2443,9444,"**А ведь еще 8 месяцев назад с парадной формой «шли брать Киев за 3 дня»

**[Информатор](https://t.me/+LV7tr2_vgu02NjAy) | [Подписаться](https://t.me/+LV7tr2_vgu02NjAy)","**Just eight months ago, they were parading their uniformed troops, claiming they would take Kiev in three days.**

**[Informant](https://t.me/+LV7tr2_vgu02NjAy) | [Subscribe](https://t.me/+LV7tr2_vgu02NjAy)**",,,,,
2444,2444,9445,"⚡️""**Сегодня есть хорошие новости с юга.** **41 населенный пункт освобожден. **Благодарю всех наших героев, которые обеспечивают это продвижение"" - Зеленский

[Информатор](https://t.me/+LV7tr2_vgu02NjAy) | [Подписаться](https://t.me/+LV7tr2_vgu02NjAy)","⚡️""Today there are good news from the south. 41 settlement has been liberated."" Thank you to all our heroes who make this advancement possible"" - Zelensky

[Informant](https://t.me/+LV7tr2_vgu02NjAy) | [Subscribe](https://t.me/+LV7tr2_vgu02NjAy)",,,,,
2445,2445,9446,"**❗️В пригороде Херсона идет бой, слышны автоматные очереди**. Также пишут о стрельбе в Новой Каховке.

[Информатор](https://t.me/+LV7tr2_vgu02NjAy) | [Подписаться](https://t.me/+LV7tr2_vgu02NjAy)","**❗️A battle is underway in the suburbs of Kherson, with automatic gunfire heard. Reports also mention shooting in Nova Kakhovka.**

[Source](https://t.me/+LV7tr2_vgu02NjAy) | [Subscribe](https://t.me/+LV7tr2_vgu02NjAy)",,,,,
2446,2446,9447,"**⚡️Около Антоновского моста очень громко. **Пишут о взрывах и на левом берегу Днепра.

Местные паблики обсуждают версию, что огонь ведется россиянами. Российские телеграмм-каналы сообщают, что стреляет Украина.

Не исключено, что огонь ведут обе  стороны.

[Информатор](https://t.me/+LV7tr2_vgu02NjAy) | [Подписаться](https://t.me/+LV7tr2_vgu02NjAy)","**⚡️It's very loud around Antonov Bridge.** They are talking about explosions, and on the left bank of the Dnieper River.

Local pages are discussing the possibility that the gunfire is coming from Russians. Russian Telegram channels report that it is Ukraine firing.

It's possible that both sides are firing.

[Source](https://t.me/+LV7tr2_vgu02NjAy) | [Subscribe](https://t.me/+LV7tr2_vgu02NjAy)",,,,,
2447,2447,9448,"❗️Пентагон огласил подробности нового пакета помощи Украине на **400 миллионов долларов,** **в который войдут**:

▪️ракеты для систем ПВО HAWK;
▪️4 зенитно-ракетных комплекса Avenger и ракеты Stinger;
▪️боеприпасы для HIMARS;
▪️21 000 155-мм артиллерийских снарядов;
▪️500 высокоточных 155-мм артиллерийских снарядов;
▪️10 000 120-мм минометных мин;
▪️100 высокомобильных машин (HMMWV);
▪️400 гранатометов;
▪️ стрелковое оружие, оптику и более 20 млн патронов к нему;
▪️техника и средства защиты от холода.

[Информатор](https://t.me/+LV7tr2_vgu02NjAy) | [Подписаться](https://t.me/+LV7tr2_vgu02NjAy)","❗️The Pentagon announced details of a new aid package for Ukraine worth **$400 million**, which includes:

- Hawk air defense systems missiles
- 4 Avengers surface-to-air missile complexes and Stinger missiles
- Ammunition for HIMARS
- 21,000 155-mm artillery shells
- 500 high-precision 155-mm artillery shells
- 10,000 120-mm mortar bombs
- 100 high-mobility multipurpose wheeled vehicles (HMMWVs)
- 400 grenade launchers
- Small arms, optics, and over 20 million rounds of ammunition
- Vehicles and cold-weather gear

[Source](https://t.me/+LV7tr2_vgu02NjAy) | [Subscribe](https://t.me/+LV7tr2_vgu02NjAy)",,,,,
2448,2448,9449,"Ну вы поняли🌚

[Информатор](https://t.me/+LV7tr2_vgu02NjAy) | [Подписаться](https://t.me/+LV7tr2_vgu02NjAy)","You got it 🌚

[Informant](https://t.me/+LV7tr2_vgu02NjAy) | [Subscribe](https://t.me/+LV7tr2_vgu02NjAy)",,,,,
2449,2449,9450,"**Ким прозрачно намекает

Похоже Чернобаевка наша. Нового сезона не будет 😏

**[Информатор](https://t.me/+LV7tr2_vgu02NjAy) | [Подписаться](https://t.me/+LV7tr2_vgu02NjAy)","**Kim hints transparently

It seems Chernobayevka is ours. There won't be a new season 😏

[Informant](https://t.me/+LV7tr2_vgu02NjAy) | [Subscribe](https://t.me/+LV7tr2_vgu02NjAy)",,,,,
2450,2450,9451,"**""В школе нас*али, а футбольные мячи порезали ножом"".** Без комментариев.

[Информатор](https://t.me/+LV7tr2_vgu02NjAy) | [Подписаться](https://t.me/+LV7tr2_vgu02NjAy)","""We were spied on at school, and the footballs were cut with a knife.""

[Informant] | [Subscribe]",,,,,
2451,2451,9452,"**ВСУ провожают оккупантов на Херсонском направлении, и желают счастливого пути

**[Информатор](https://t.me/+LV7tr2_vgu02NjAy) | [Подписаться](https://t.me/+LV7tr2_vgu02NjAy)","The Ukrainian military is seeing off the occupiers on the Kherson direction, wishing them a safe journey.

[Informant](https://t.me/+LV7tr2_vgu02NjAy) | [Subscribe](https://t.me/+LV7tr2_vgu02NjAy)",,,,,
2452,2452,9453,"❗️Русня пишет, что наши уже в Херсоне

[Информатор](https://t.me/+LV7tr2_vgu02NjAy) | [Подписаться](https://t.me/+LV7tr2_vgu02NjAy)","❗️The Russian informant writes that our troops are already in Kherson.

[Informant](https://t.me/+LV7tr2_vgu02NjAy) | [Subscribe](https://t.me/+LV7tr2_vgu02NjAy)",,,,,
2453,2453,9454,"**⚡️~~Со~~сальдо подписал указ о выходе Херсона из состава Российской Федерации. **Не фотошоп!

[Информатор](https://t.me/+LV7tr2_vgu02NjAy) | [Подписаться](https://t.me/+LV7tr2_vgu02NjAy)","**⚡️~~The~~ social media account posted an order dissolving Kherson from the composition of the Russian Federation. **Not Photoshop!

[Source](https://t.me/+LV7tr2_vgu02NjAy) | [Subscribe](https://t.me/+LV7tr2_vgu02NjAy)",,,,,
2454,2454,9455,"Украинская армия может установить огневой контроль** над тремя главными дорогами в Крым** после освобождения правого берега Херсонщины,  — советник Минобороны Украины Сергей Кузан.

[Информатор](https://t.me/+LV7tr2_vgu02NjAy) | [Подписаться](https://t.me/+LV7tr2_vgu02NjAy)","The Ukrainian army may establish fire control over the three main roads into Crimea after liberating the right bank of Kherson Oblast, according to Serhiy Kuzan, advisor to Ukraine's Ministry of Defense.

[Source](https://t.me/+LV7tr2_vgu02NjAy) | [Subscribe](https://t.me/+LV7tr2_vgu02NjAy)",,,,,
2455,2455,9456,"⚡️**В Херсоне оккупанты взорвали котельные и объект облэнерго, а также телецентр, который находится у телевышки, **— [сообщают](https://most.ks.ua/news/url/rosijski-zagarbniki-pered-vidstupom-pochali-nischiti-infrastrukturu-hersona/) местные СМИ

В городе проблемы со связью.

Эти мрази не могут спокойно уйти.

[Информатор](https://t.me/+LV7tr2_vgu02NjAy) | [Подписаться](https://t.me/+LV7tr2_vgu02NjAy)","⚡️**Occupiers in Kherson blew up heating plants and an oblast energy facility, as well as a television center located near the TV tower,** — local media report.

The city is experiencing communication issues.

These bastards can't leave quietly.

[Informant](https://t.me/+LV7tr2_vgu02NjAy) | [Subscribe](https://t.me/+LV7tr2_vgu02NjAy)",,,,,
2456,2456,9457,"**Кринж дня: дохлого Стремоусова хотят причислить к лику святых🤡

**[Информатор](https://t.me/+LV7tr2_vgu02NjAy) | [Подписаться](https://t.me/+LV7tr2_vgu02NjAy)","**Cringe of the day: they want to canonize dead Stray Cat's Stremousov 🤡**

[Informant](https://t.me/+LV7tr2_vgu02NjAy) | [Subscribe](https://t.me/+LV7tr2_vgu02NjAy)",,,,,
2457,2457,9458,"**Россия готовится испытать торпеды с ядерным зарядом, — **[**CNN

**](https://edition.cnn.com/2022/11/10/politics/us-russia-possible-torpedo-test/index.html)Сообщается, что участие в испытаниях  может принять подлодка ""Белгород"", несущая торпеды ""Посейдон"".

[Информатор](https://t.me/+LV7tr2_vgu02NjAy) | [Подписаться](https://t.me/+LV7tr2_vgu02NjAy)","**Russia Prepares to Test Nuclear-Armed Torpedoes, CNN Reports:**

It is reported that the submarine ""Belgorod"" will participate in the tests of the ""Poseidon"" torpedoes.

[Source](https://edition.cnn.com/2022/11/10/politics/us-russia-possible-torpedo-test/index.html) | [Informant](https://t.me/+LV7tr2_vgu02NjAy) | [Subscribe](https://t.me/+LV7tr2_vgu02NjAy)",,,,,
2458,2458,9459,"**""Какого х*я ты называешь меня полковником?!""** 

Телемарафон ""Єдині новини"" с участием российского оппозиционного политолога Пионтковского смотреть намного веселее😅

[Информатор](https://t.me/+LV7tr2_vgu02NjAy) | [Подписаться](https://t.me/+LV7tr2_vgu02NjAy)","""Whose fucking business is it to call me colonel?!""

Watching the telemarathon ""Єдині новини"" with opposition political analyst Piontkovsky is much more fun 😅

[Informer](https://t.me/+LV7tr2_vgu02NjAy) | [Subscribe](https://t.me/+LV7tr2_vgu02NjAy)",,,,,
2459,2459,9460,"**Фальстарт. В Николаевскую область также входит Кинбурнская Коса, которая находится на левом берегу Днепра и все еще оккупирована

**Видимо Костенко [поспешил с заявлениями](https://t.me/ukrinformator/28807). Дождёмся инфу о полном освобождении от Кима.

[Информатор](https://t.me/+LV7tr2_vgu02NjAy) | [Подписаться](https://t.me/+LV7tr2_vgu02NjAy)","**False Start. The Kinburn Peninsula, which is part of the Nikolayev Oblast, is still occupied and located on the left bank of the Dnieper River.**

Kostenko likely rushed with his statements. We'll wait for information about complete liberation from Kim.

[Informer](https://t.me/+LV7tr2_vgu02NjAy) | [Subscribe](https://t.me/+LV7tr2_vgu02NjAy)",,,,,
2460,2460,9461,"**❗️Всё. Николаевская область полностью освобождена от оккупантов

**Ждем официального подтверждения.

[Информатор](https://t.me/+LV7tr2_vgu02NjAy) | [Подписаться](https://t.me/+LV7tr2_vgu02NjAy)","**❗️All clear. Nikolaev Oblast has been fully liberated from occupiers.

**We await official confirmation.

[Source](https://t.me/+LV7tr2_vgu02NjAy) | [Subscribe](https://t.me/+LV7tr2_vgu02NjAy)",,,,,
2461,2461,9462,"**Николаевско-Херсонское направление: Cтанислав, Павловка, Юрьевка, Афанасьевка, Бобровый Кут, Евгеньевка — под контролем ВСУ **🇺🇦

Там зазвучал украинский гимн.

[Информатор](https://t.me/+LV7tr2_vgu02NjAy) | [Подписаться](https://t.me/+LV7tr2_vgu02NjAy)","**Nicolaev-Herson Direction: Stanislav, Pavlovka, Yurievka, Afanasevka, Bobrovy Kut, Evgenyevka — under control of the Ukrainian Armed Forces (UAHF) 🇺🇦**

The Ukrainian national anthem is being played there.

[Informant](https://t.me/+LV7tr2_vgu02NjAy) | [Subscribe](https://t.me/+LV7tr2_vgu02NjAy)",,,,,
2462,2462,9463,"**В Украине ожидается одна из самых сложных зим. Поэтому ловите советы о том, что делать, если у вас пропало отопление👆🏻

**Пользуйтесь.

[Информатор](https://t.me/+LV7tr2_vgu02NjAy) | [Подписаться](https://t.me/+LV7tr2_vgu02NjAy)","In Ukraine, one of the most challenging winters is expected. Therefore, here are some tips on what to do if your heating goes out👆🏻

Follow for more.

[Informator](https://t.me/+LV7tr2_vgu02NjAy) | [Subscribe](https://t.me/+LV7tr2_vgu02NjAy)",,,,,
2463,2463,9464,"Уже около 3 месяцев проходит беспрецедентный обыск на табачной фабрике «Юнайтед Табако» в г. Желтые Воды Днепропетровской области

По имеющейся информации, блокирование деятельности предприятия, массовое избиение работников завода силовиками, дерзкие нападения на журналистов, уничтожение имущества – это всё, что уже ассоциируется с данным якобы следственным действием. Как следствие – более 1000 семей без средств к существованию в депрессивном прифронтовом регионе, значительные недополучения средств бюджетами разного уровня в виде прямых и косвенных налогов, уничтожение реально работающего предприятия. Однако это не последние странные события, которые вызывают возмущение общественности и не объясняются с точки зрения законности. Так как указывается представителями предприятия из источников, близких к ОП, стало известно, что другие крупные производители табачной продукции пролоббировали полное изъятие и передачу им комплекса производственных мощностей Юнайтед Табако путем использования силовиков, соответствующих управлений АРМА и заангажированного суда. Такими заинтересованными предприятиями могут быть Винниковская табачная фабрика , BAT, JT International, Imperial tobacco, Philipp Morris. 
Сейчас производится полный демонтаж и разборка производственных линий с последующей продажей по частям другим участникам рынка табака по чёрным схемам. По открытой информации не обходится в данном случае без политического влияния.

В любом случае в ближайшее время мы все увидим, остаются ли силовики прислужником крупного бизнеса и готовы ли вопреки предусмотренным законом процедурам быть инструментом захвата капитала и рынков, или все же с назначением нового руководителя ситуация изменится.

[Информатор](https://t.me/+LV7tr2_vgu02NjAy) | [Подписаться](https://t.me/+LV7tr2_vgu02NjAy)","For over 3 months, an unprecedented search has been conducted at the ""United Tobacco"" tobacco factory in Yellow Waters, Dnipropetrovsk region.

According to available information, the blocking of the enterprise's activities, mass beating of factory workers by law enforcement officers, brazen attacks on journalists, and destruction of property are all associated with this so-called investigative action. As a result, more than 1000 families in a depressed frontline region are without means of subsistence, there are significant losses in various levels of budgets due to direct and indirect taxes, and a functioning enterprise is being destroyed. However, these are not the only strange events that have caused public outrage and cannot be explained from a legal standpoint. According to information provided by the company from sources close to the OП (likely an abbreviation for a state or government organization), it was revealed that other major tobacco producers lobbied for the complete seizure and transfer of United Tobacco's production facilities through the use of law enforcement agencies, relevant AРМА (likely an abbreviation for a state security service) bodies, and a biased court. Such interested companies could include Vinnytsia Tobacco Factory, BAT, JT International, Imperial Tobacco, and Philip Morris.

Currently, the dismantling and partial sale",,,,,
2464,2464,9465,"**Вот как наших бойцов встречают жители Херсонщины. До слёз

**[Информатор](https://t.me/+LV7tr2_vgu02NjAy) | [Подписаться](https://t.me/+LV7tr2_vgu02NjAy)","Here is how the residents of Kherson Oblast welcome our soldiers. To tears

[Informant](https://t.me/+LV7tr2_vgu02NjAy) | [Subscribe](https://t.me/+LV7tr2_vgu02NjAy)",,,,,
2465,2465,9466,"⚡️**ВСУ продолжают продвижение на Херсонщине. Брускинское, Борозенське и Киселёвка вернулись домой💪🏻

**Херсон близко.

[Информатор](https://t.me/+LV7tr2_vgu02NjAy) | [Подписаться](https://t.me/+LV7tr2_vgu02NjAy)","⚡️**The Ukrainian Armed Forces continue their advance in Kherson Oblast. Bruskino, Borozenske, and Kiseliovka have returned home.💪🏻

**Kherson is close.

[Informant](https://t.me/+LV7tr2_vgu02NjAy) | [Subscribe](https://t.me/+LV7tr2_vgu02NjAy)",,,,,
2466,2466,9467,"**Конгрессмен-республиканец (!) Майкл Маккол **[**призвал**](https://www.cnsnews.com/article/international/patrick-goodenough/biden-says-its-his-expectation-aid-ukraine-will-continue)** Байдена дать Украине больше оружия, в том числе ракеты ATACMS

**""Администрации Байдена **давно пора предоставить Киеву всё необходимое оружие**, в том числе ATACMS большей дальности. **С правильным оружием Украина может нанести поражение вторгшимся силам России**"", — сказал он.

И это республиканец, да.

[Информатор](https://t.me/+LV7tr2_vgu02NjAy) | [Подписаться](https://t.me/+LV7tr2_vgu02NjAy)","**Congressman Michael McCaul (Republican) called on Biden to provide Ukraine with more weapons, including ATACMS missiles.**

""President Biden's administration should long ago have provided Kyiv with all the necessary weapons, including longer-range ATACMS missiles. With the right weapons, Ukraine can inflict a defeat on the invading Russian forces,"" he said.

And this is a Republican.

[Informer](https://t.me/+LV7tr2_vgu02NjAy) | [Subscribe](https://t.me/+LV7tr2_vgu02NjAy)",,,,,
2467,2467,9468,"**Вывод войск с правого берега Днепра идет «в строгом соответствии с утвержденным планом», — заявили в Минобороны РФ

**Прекрасный план. Распространите его на все временно оккупированные украинские территории😏

[Информатор](https://t.me/+LV7tr2_vgu02NjAy) | [Подписаться](https://t.me/+LV7tr2_vgu02NjAy)","**The withdrawal of troops from the right bank of the Dnieper is proceeding ""in strict accordance with the approved plan,""** — stated in the Russian Ministry of Defense.

**A wonderful plan. Spread it to all temporarily occupied Ukrainian territories😏**

[Informer](https://t.me/+LV7tr2_vgu02NjAy) | [Subscribe](https://t.me/+LV7tr2_vgu02NjAy)",,,,,
2468,2468,9469,"**Соловьев ""абсолютно без паники"" разразился гневом на своих хозяев🤡

**А что с голосом, а? Херсон поперёк горла стал?😏

[Информатор](https://t.me/+LV7tr2_vgu02NjAy) | [Подписаться](https://t.me/+LV7tr2_vgu02NjAy)","**Solovyov, absolutely without panic, unleashed his anger on his hosts 🤡**

**And what about his voice, huh? Has Kherson become a hindrance? 😏**

[Informer](https://t.me/+LV7tr2_vgu02NjAy) | [Subscribe](https://t.me/+LV7tr2_vgu02NjAy)",,,,,
2469,2469,9470,"**⚡️За прошедшие сутки на Херсонщине ВСУ взяли под контроль 12 населенных пунктов и вернули Украине до 264 кв км территории, — Залужный

Всего с начала октября продвижение наших войск в глубину обороны противника составляет до 36,5 км**, восстановлен контроль **над 41 населенным пунктом**, общая площадь отвоеванной территории достигает 1381 кв. км.

""За каждым так называемым ""жестом доброй воли"" противника **стоят колоссальные усилия наших войск.** Непосредственно на Херсонском направлении мы **разрушили логистические пути и систему обеспечения, нарушили систему управления войсками противника.** Тем самым **не оставили врагу другого выхода, чем прибегнуть к бегству**"", — добавил Залужный.

[Информатор](https://t.me/+LV7tr2_vgu02NjAy) | [Подписаться](https://t.me/+LV7tr2_vgu02NjAy)","**⚡️Over the past 24 hours in Kherson Oblast, Ukrainian forces have taken control of 12 settlements and reclaimed up to 264 square kilometers of territory, according to Zahul.**

In total, since the beginning of October, our troops' advance into the depth of the enemy's defense line has reached up to 36.5 km, restoring control over 41 settlements, with the total area of reclaimed territory reaching 1,381 square kilometers.

""Behind each so-called 'gesture of goodwill' by the enemy stand immense efforts on the part of our troops. Directly on the Kherson front, we have destroyed the enemy's logistics routes and supply system, disrupted their command and control system. This left the enemy no choice but to flee,"" Zahul added.

[Informer](https://t.me/+LV7tr2_vgu02NjAy) | [Subscribe](https://t.me/+LV7tr2_vgu02NjAy)",,,,,
2470,2470,9471,"⚡️**США, возможно, уже передали Украине ракеты для HIMARS с дальностью полета 160 миль (257 км)**🤔

Это можно предположить из недавнего [заявления](https://www.whitehouse.gov/briefing-room/speeches-remarks/2022/11/09/remarks-by-president-biden-in-press-conference-8/) Байдена: ""мы предоставляем эти HIMARS. Есть два типа, говоря языком среднего человека, ракеты, которые вы можете вставить в них: **одна пролетает более 600 миль, а другая — около 160 миль**. Мы им не давали тех, которые идут на 600 миль (965 км), потому что я не хочу, чтобы они начали бомбить российскую территорию"".

🤔🤔🤔

[Информатор](https://t.me/+LV7tr2_vgu02NjAy) | [Подписаться](https://t.me/+LV7tr2_vgu02NjAy)","⚡️**The US may have already provided Ukraine with HIMARS rockets capable of traveling 160 miles (257 km)**🤔

This can be inferred from Biden's recent [statement](https://www.whitehouse.gov/briefing-room/speeches-remarks/2022/11/09/remarks-by-president-biden-in-press-conference-8/): ""We are providing these HIMARS systems. In layman's terms, there are two types of rockets you can put in them: one that flies over 600 miles, and the other that is around 160 miles. We did not give them the ones that go for 600 miles because I do not want them starting to bomb Russian territory.""

🤔🤔🤔

[Source](https://t.me/+LV7tr2_vgu02NjAy) | [Subscribe](https://t.me/+LV7tr2_vgu02NjAy)",,,,,
2471,2471,9472,"**""РФ хочет сделать Херсон городом смерти"", — Советник главы ОП Михаил Подоляк о планах оккупантов на Херсон

**Орки не оставят от него ничего.

[Информатор](https://t.me/+LV7tr2_vgu02NjAy) | [Подписаться](https://t.me/+LV7tr2_vgu02NjAy)","**""Russia wants to turn Kherson into a city of death,""** — said Mikhaylo Podolyak, the advisor to the head of the Presidential Office, about the occupiers' plans for Kherson.

**The orcs won't leave a single thing behind.**

[Informant](https://t.me/+LV7tr2_vgu02NjAy) | [Subscribe](https://t.me/+LV7tr2_vgu02NjAy)",,,,,
2472,2472,9473,"**На России детям хотят разрешить работать с 14 лет из-за санкций, которые ввели после вторжения в Украину

**Для устройства на работу не нужны будут письменное согласие родителей и органов опеки.

Закончил 7 классов — иди на работу.

[Информатор](https://t.me/+LV7tr2_vgu02NjAy) | [Подписаться](https://t.me/+LV7tr2_vgu02NjAy)","**Children in Russia may be allowed to work from 14 years old due to sanctions introduced after the invasion of Ukraine.**

No written consent from parents or guardians is required for employment.

Finished 7th grade—go to work.

[Informer](https://t.me/+LV7tr2_vgu02NjAy) | [Subscribe](https://t.me/+LV7tr2_vgu02NjAy)",,,,,
2473,2473,9474,"**❗️Украинские защитники сообщили о полной деоккупации Снигиревки в Николаевской области

**Много месяцев русня строила там оборонительные рубежи, но теперь всё возвращается в родную гавань

[Информатор](https://t.me/+LV7tr2_vgu02NjAy) | [Подписаться](https://t.me/+LV7tr2_vgu02NjAy)","**❗️Ukrainian defenders reported the complete de-occupation of Snihirevka in Nikopol, Nikolayev Oblast.

**For many months, the Russians had built defensive positions there, but now everything is returning to its rightful place.

[Informer](https://t.me/+LV7tr2_vgu02NjAy) | [Subscribe](https://t.me/+LV7tr2_vgu02NjAy)",,,,,
2474,2474,9475,"❗️**Россия, вероятно, готовит новый массированный удар по Украине. Российские заводы работают в три смены, чтобы пополнить запасы крылатых ракет, — командование Воздушных сил

**""Вероятно, они накапливают какой-то запас для того, чтобы бить залпом. Это не исключается, потому что не оставил враг своих намерений рушить нашу критическую инфраструктуру"", — [заявил](https://www.youtube.com/watch?v=CwQl49tDPTk) спикер командования Юрий Игнат.

[Инсайдер UA  ](https://t.me/joinchat/AAAAAFCg99bpFf62A_f3yA)| [Подписатьсяй](https://t.me/joinchat/AAAAAFCg99bpFf62A_f3yA)","❗️**Russia is likely preparing for a new massive strike on Ukraine. Russian factories are working around the clock to replenish their stock of cruise missiles, — the Air Forces Command reported.**

**""They are probably building up some reserves to launch a salvo. This is not ruled out because the enemy has not abandoned its intention to destroy our critical infrastructure,""** — [said](https://www.youtube.com/watch?v=CwQl49tDPTk) the commander's spokesperson Yuri Ignat.

[Insider UA](https://t.me/joinchat/AAAAAFCg99bpFf62A_f3yA) | [Subscribe](https://t.me/joinchat/AAAAAFCg99bpFf62A_f3yA)",,,,,
2475,2475,9476,"**Потери будут огромными: в Генштабе ВСУ **[**пригрозили**](https://www.facebook.com/GeneralStaff.ua/posts/pfbid0ongx6V4BfzzH2JKG1JAaaPn1UYjDgK5cLF61LyBKkErFT1jfp7St9HC6Q3mLBrJl)** оккупантам в случае нового вторжения из Беларуси

**""С момента пересечения государственной границы с Украиной **начнется массированное огневое поражение оккупантов**. Каждая дорога и тропинка, леса и холмы станут для врага **ловушкой или неприятным сюрпризом**. Его потери будут огромными"".

Лукашистам на заметку.

[Информатор](https://t.me/+LV7tr2_vgu02NjAy) | [Подписаться](https://t.me/+LV7tr2_vgu02NjAy)","The losses will be enormous: the General Staff of the Ukrainian Armed Forces threatened the occupiers with massive firepower if there is a new invasion from Belarus.

""From the moment they cross Ukraine's state border, the occupiers will face intense artillery strikes. Every road and trail, forest and hill will become a trap or an unpleasant surprise for the enemy. Their losses will be enormous.""

For Lukashist attention.

[Informant](https://t.me/+LV7tr2_vgu02NjAy) | [Subscribe](https://t.me/+LV7tr2_vgu02NjAy)",,,,,
2476,2476,9477,"**МВД Беларуси признало восклицание ""Жыве Беларусь"" и красно-белый флаг нацистской атрибутикой**🤷🏻‍♂️

Это если бы в Украине нацистской признали ""Слава Украине"" и наш сине-жёлтый.

[Информатор](https://t.me/+LV7tr2_vgu02NjAy) | [Подписаться](https://t.me/+LV7tr2_vgu02NjAy)","The Ministry of Internal Affairs of Belarus acknowledged the exclamation ""Žyve Belarus"" and the red-white flag as Nazi symbols. 

If in Ukraine, ""Slava Ukraini"" and our blue-yellow flag were recognized as Nazi.

[Informer](https://t.me/+LV7tr2_vgu02NjAy) | [Subscribe](https://t.me/+LV7tr2_vgu02NjAy)",,,,,
2477,2477,9478,"**Разведка публикует военные планы русни на ближайшее время. **Ждем официального подтверждения от российского Генштаба🤡

[Информатор](https://t.me/+LV7tr2_vgu02NjAy) | [Подписаться](https://t.me/+LV7tr2_vgu02NjAy)","**Intelligence is publishing Russian military plans for the near future.** We await official confirmation from the Russian General Staff 🤡

[Informant](https://t.me/+LV7tr2_vgu02NjAy) | [Subscribe](https://t.me/+LV7tr2_vgu02NjAy)",,,,,
2478,2478,9479,"**Русня намекает на ответку за Херсон

**Цитата представителя Госдумы: ""Мы готовы посеять хаос и панику...**Добивать энергетическую инфраструктуру**, чтобы ни у кого и шансов не было  подумать, что в период похолодания будут комфортные условия для проживания"".

Мы такое уже видели: когда русне напихивают за воротник  на поле боя — русня хватает свои ракеты и лупит ими по мирным. Безусловно, после новостей по Херсону** нас ждёт очередная ракетная истерика.

**[Информатор](https://t.me/+LV7tr2_vgu02NjAy) | [Подписаться](https://t.me/+LV7tr2_vgu02NjAy)","**Ukrainian forces hint at retaliation for Kherson

**Quotation from a member of the State Duma: ""We are ready to sow chaos and panic... **to destroy energy infrastructure**, so that no one would have any chance to think that during the cold period there would be comfortable living conditions"".

We've seen this before: when Russian forces overextend themselves on the battlefield — Russian forces grab their rockets and hit civilian areas. Unquestionably, after the news from Kherson, **we can expect another rocket mania.**

**[Informer](https://t.me/+LV7tr2_vgu02NjAy) | [Subscribe](https://t.me/+LV7tr2_vgu02NjAy)**",,,,,
2479,2479,9480,"**Западные чиновники все больше склоняются к **[**переговорам Украины и России**](https://bit.ly/3EltRgY)** – СМИ

**Как сообщает NBC News со ссылкой на информированные источники, представители западных оборонных ведомств **ставят под сомнение способность Украины полностью выбить российских оккупантов с захваченных территорий.** Но, при этом, они также не верят в то, что Россия сможет оккупировать больше территорий.

[Информатор](https://t.me/+LV7tr2_vgu02NjAy) | [Подписаться](https://t.me/+LV7tr2_vgu02NjAy)","Western officials are increasingly leaning towards **[Ukraine and Russia negotiations](https://bit.ly/3EltRgY)** – Media

As reported by NBC News citing informed sources, representatives of Western defense departments doubt Ukraine's ability to fully expel Russian occupiers from the seized territories. However, they also do not believe that Russia will be able to occupy more territory.

[Informant](https://t.me/+LV7tr2_vgu02NjAy) | [Subscribe](https://t.me/+LV7tr2_vgu02NjAy)",,,,,
2480,2480,9481,"**Скоро во всех росСМИ. Ждём 😏**

[Информатор](https://t.me/+LV7tr2_vgu02NjAy) | [Подписаться](https://t.me/+LV7tr2_vgu02NjAy)","**It will be in all Russian media soon. Stay tuned 😏**

[Informant](https://t.me/+LV7tr2_vgu02NjAy) | [Subscribe](https://t.me/+LV7tr2_vgu02NjAy)",,,,,
2481,2481,9482,"**Рашисты довоевались до того, что начали подготовку к обороне Крыма**🤷🏻‍♂️

Сообщается, что они** **нарыли окопов на севере полуострова: возле Армянска (снимок за 5 нoября) и Чонгара (за 10 октября).

[Информатор](https://t.me/+LV7tr2_vgu02NjAy) | [Подписаться](https://t.me/+LV7tr2_vgu02NjAy)","The far-right groups have gone so far as to begin preparing for the defense of Crimea. They dug trenches in the north of the peninsula: near Artemsk (a photo from November 5) and Chongar (from October 10).

[Source](https://t.me/+LV7tr2_vgu02NjAy) | [Subscribe](https://t.me/+LV7tr2_vgu02NjAy)",,,,,
2482,2482,9483,"**⚡️Освобождение Херсона нашими войска неизбежно и это будет в ближайшее время: 5-7 дней или 2-3 недели, — Арестович

**По его словам, такой разброс по времени он озвучил из-за того, что пока **планы россиян по обороне неизвестны.

**При этом, он добавил, что **большую часть войск россиянам удастся вывести,** так как у нас не хватает вооружений.

[Информатор](https://t.me/+LV7tr2_vgu02NjAy) | [Подписаться](https://t.me/+LV7tr2_vgu02NjAy)","**⚡️The liberation of Kherson by our troops is inevitable and will happen in the near future: 5-7 days or 2-3 weeks, — Arkhypov

**According to him, he mentioned this range of time because the Russian plans for defense are still unknown.

**At the same time, he added that **the Russians will manage to withdraw the majority of their troops**, as we lack weapons.

[Informer](https://t.me/+LV7tr2_vgu02NjAy) | [Subscribe](https://t.me/+LV7tr2_vgu02NjAy)",,,,,
2483,2483,9484,"⚡️**Калиновское, Правдино, Дудчаны — уже появились видео от наших бойцов

**Херсонщина возвращается в родную гавань💪🏻

[Информатор](https://t.me/+LV7tr2_vgu02NjAy) | [Подписаться](https://t.me/+LV7tr2_vgu02NjAy)","⚡️**Kalinovskoye, Pravdino, Dudchany — videos from our fighters are already available

**Kherson is returning to its home port💪🏻

[Informant](https://t.me/+LV7tr2_vgu02NjAy) | [Subscribe](https://t.me/+LV7tr2_vgu02NjAy)",,,,,
2484,2484,9485,"**⚡️ВСУ немного двигаются и укрепляются на юге, но надо понимать, что враг не делает нам подарков, не делает ""жестов доброй воли"". Мы за все это боремся, — Зеленский 

**""Когда борешься, надо понимать, что каждый шаг – это всегда сопротивление врагу, это всегда потеря жизней наших героев. Поэтому** мы двигаемся очень аккуратно, без эмоций, без лишнего риска.** В интересах освобождения всей нашей земли – и чтобы потерь было меньше. **Именно так мы обеспечим освобождение Херсона, Каховки, Донецка, других городов"".

**[Информатор](https://t.me/+LV7tr2_vgu02NjAy) | [Подписаться](https://t.me/+LV7tr2_vgu02NjAy)","**⚡️The Ukrainian Armed Forces are making some progress and strengthening in the south, but we need to understand that the enemy is not giving us gifts or making gestures of goodwill. We are fighting for all of this, — Zelensky**

""When fighting, you must understand that every step is always resistance against the enemy, always the loss of our heroes' lives. Therefore, we move very carefully, without emotions, without unnecessary risks. For the liberation of all our land and to minimize losses, exactly in this way will we ensure the liberation of Kherson, Kakhovka, Donetsk, and other cities.""

**[Informant](https://t.me/+LV7tr2_vgu02NjAy) | [Subscribe](https://t.me/+LV7tr2_vgu02NjAy)**",,,,,
2485,2485,9486,"**⚡️Русня действительно начала уходить с правого берега Днепра. ВСУ осторожно занимают города и сёла, — Арестович

**Также, он добавил, что:
▪️**на левом берегу у них две новые линии обороны** и непонятен порядок отвода войск;
▪️войска РФ заинтересованы в том, чтобы** дать арьергардные бои;
▪️будет ли РФ оборонять сам Херсон и что будет с дамбой пока не понятно.

**[Информатор](https://t.me/+LV7tr2_vgu02NjAy) | [Подписаться](https://t.me/+LV7tr2_vgu02NjAy)","**⚡️The Russians are indeed starting to withdraw from the right bank of the Dnipro. The Ukrainian forces are cautiously occupying cities and villages, — Arrestovich**

Additionally, he added that:
- **on the left bank, they have two new defense lines,** and the order of withdrawing troops is unclear;
- **Russian forces are interested in fighting rearguard actions;**
- it is not yet clear whether Russia will defend Kherson itself and what will happen with the dam.",,,,,
2486,2486,9487,"**Раскладка по дальнейшим действиям русни на Херсонщине от бойца ВСУ

**Послушайте и если вы ещё в Херсоне — выезжайте.

[Информатор](https://t.me/+LV7tr2_vgu02NjAy) | [Подписаться](https://t.me/+LV7tr2_vgu02NjAy)","**Russian Forces' Plan of Further Actions in Kherson Oblast as Reported by an Ukrainian Military Service Member**

**Listen up, if you're still in Kherson — leave immediately.**

[Informant](https://t.me/+LV7tr2_vgu02NjAy) | [Subscribe](https://t.me/+LV7tr2_vgu02NjAy)",,,,,
2487,2487,9488,"⚡️**Ахаха. Путин подписал указ о награждении Кирилла Стремоусова орденом Мужества посмертно🤡
**
Об этом сообщают росСМИ.

Таки сдох.

[Информатор](https://t.me/+LV7tr2_vgu02NjAy) | [Подписаться](https://t.me/+LV7tr2_vgu02NjAy)","⚡️**Haha. Putin signed an order posthumously awarding Kirill Stremonov the Order of Courage 🤡**
This is reported by Russian media.

He finally died.

[Informant](https://t.me/+LV7tr2_vgu02NjAy) | [Subscribe](https://t.me/+LV7tr2_vgu02NjAy)",,,,,
2488,2488,9489,"**У хохлов лучшая армия в мире, — русня**

Впервые с ними согласны.

[Информатор](https://t.me/+LV7tr2_vgu02NjAy) | [Подписаться](https://t.me/+LV7tr2_vgu02NjAy)","**The Ukrainians have the best army in the world, — the russophones**

For the first time, they agree with them.

[Informant](https://t.me/+LV7tr2_vgu02NjAy) | [Subscribe](https://t.me/+LV7tr2_vgu02NjAy)",,,,,
2489,2489,9490,"**Похоже, Стремоумов сдох из-за столкновения с российской военной техникой

Карма в действии.**

[Информатор](https://t.me/+LV7tr2_vgu02NjAy) | [Подписаться](https://t.me/+LV7tr2_vgu02NjAy)","It seems Strumomourov died due to a collision with Russian military equipment. Karma in action.

[Informant](https://t.me/+LV7tr2_vgu02NjAy) | [Subscribe](https://t.me/+LV7tr2_vgu02NjAy)",,,,,
2490,2490,9491,"Руснявые каналы публикуют видео якобы отвода военной техники РФ из Херсона в сторону переправ на Днепре.

[Информатор](https://t.me/+LV7tr2_vgu02NjAy) | [Подписаться](https://t.me/+LV7tr2_vgu02NjAy)","The Russian channels are publishing videos allegedly showing the withdrawal of Russian military equipment from Kherson towards the crossings on the Dnieper river.

[Source](https://t.me/+LV7tr2_vgu02NjAy) | [Subscribe](https://t.me/+LV7tr2_vgu02NjAy)",,,,,
2491,2491,9492,"**На какую бутылку присесть? **Выхода нет.

[Информатор](https://t.me/+LV7tr2_vgu02NjAy) | [Подписаться](https://t.me/+LV7tr2_vgu02NjAy)","Where to sit by the bottle? No way out.

[Informant] | [Subscribe]",,,,,
2492,2492,9493,"**ВСУ зашли в Правдино на Херсонщине

**Населенный пункт расположен приблизительно **в 27 км от Херсона.** Ждем официального подтверждения от Генштаба.

[Информатор](https://t.me/+LV7tr2_vgu02NjAy) | [Подписаться](https://t.me/+LV7tr2_vgu02NjAy)","**The Ukrainian Armed Forces Entered Privdino in Kherson Oblast

**The settlement is approximately 27 km from Kherson.** We await official confirmation from the General Staff.

[Source](https://t.me/+LV7tr2_vgu02NjAy) | [Subscribe](https://t.me/+LV7tr2_vgu02NjAy)",,,,,
2493,2493,9494,"Жестко. Но смешно.

[Информатор](https://t.me/+LV7tr2_vgu02NjAy) | [Подписаться](https://t.me/+LV7tr2_vgu02NjAy)","Hard, but funny.

[Informant] (https://t.me/+LV7tr2_vgu02NjAy) | [Subscribe] (https://t.me/+LV7tr2_vgu02NjAy)",,,,,
2494,2494,9495,"Татарская тактика - новый вид ведения войны. Инновационная российская разработка.🤡

[Информатор](https://t.me/+LV7tr2_vgu02NjAy) | [Подписаться](https://t.me/+LV7tr2_vgu02NjAy)","Tatar tactics - a new form of warfare. An innovative Russian development. 🤡

[Informant](https://t.me/+LV7tr2_vgu02NjAy) | [Subscribe](https://t.me/+LV7tr2_vgu02NjAy)",,,,,
2495,2495,9496,"Ермак и Ким не особо то верят отступлению российских войск из Херсона.

[Информатор](https://t.me/+LV7tr2_vgu02NjAy) | [Подписаться](https://t.me/+LV7tr2_vgu02NjAy)","Ermat and Kim do not particularly believe in the withdrawal of Russian troops from Kherson.

[Informant] (https://t.me/+LV7tr2_vgu02NjAy) | [Subscribe] (https://t.me/+LV7tr2_vgu02NjAy)",,,,,
2496,2496,9497,"**❗️Кадры с якобы места**[ гибели Стремоусова

](https://t.me/insiderUKR/45222)Виновником ДТП, в котором якобы погиб Стремоусов, предположительно, стал водитель грузовика, совершивший опасный маневр. По его словам, водитель Стремоусова не справился с управлением, пытаясь избежать столкновения.

Внедорожник Стремоусова сильно поврежден: бронекапсулу оторвало от шасси.

[Информатор](https://t.me/+LV7tr2_vgu02NjAy) | [Подписаться](https://t.me/+LV7tr2_vgu02NjAy)","**❗️Footage from what appears to be the scene of Stremousov's death**

In the accident in which Stremousov is allegedly deceased, it is presumed that the culprit was a truck driver who performed an unsafe maneuver. According to his account, Stremousov's driver could not control the vehicle while trying to avoid a collision.

Stremousov's off-road vehicle was severely damaged; the armored capsule was detached from the chassis.

[Source](https://t.me/+LV7tr2_vgu02NjAy) | [Subscribe](https://t.me/+LV7tr2_vgu02NjAy)",,,,,
2497,2497,9498,"**Тонкий троллинг от МВД подъехал😏

**Хотя совет дельный.

[Информатор](https://t.me/+LV7tr2_vgu02NjAy) | [Подписаться](https://t.me/+LV7tr2_vgu02NjAy)","**Light trolling from the Ministry of Internal Affairs has arrived 😏

**Though the advice is sound.

[Informant](https://t.me/+LV7tr2_vgu02NjAy) | [Subscribe](https://t.me/+LV7tr2_vgu02NjAy)",,,,,
2498,2498,9499,"⚡️**Первая официальная реакция Украины на ситуацию в Херсоне

**Советник главы Офиса президента **Михаил Подоляк **в [интервью Reuters](https://www.reuters.com/world/europe/ukraine-presidential-adviser-too-soon-talk-russian-withdrawal-kherson-2022-11-09/):
▪️Украина не обращает внимания на российские заявления, слова и действия отличаются; 
**▪️часть российских войск остается в Херсоне**, и в регион стягивается дополнительная российская рабочая сила;
▪️наши вооруженные силы работают по своему плану: **разведка, оценка риска, эффективная контратака;
**▪️пока украинский флаг не развевается над городом Херсоном, нет смысла говорить об отступлении России.

[Информатор](https://t.me/+LV7tr2_vgu02NjAy) | [Подписаться](https://t.me/+LV7tr2_vgu02NjAy)","⚡️**Ukraine's First Official Response to the Situation in Kherson**

**Mikhail Podolyak, advisor to the head of the Presidential Office, in an [interview with Reuters](https://www.reuters.com/world/europe/ukraine-presidential-adviser-too-soon-talk-russian-withdrawal-kherson-2022-11-09):**
- Ukraine is not paying attention to Russian statements; words and actions do not match;
- **Some Russian troops remain in Kherson,** and additional Russian labor force is being deployed to the region;
- Our armed forces are working according to their plan: reconnaissance, risk assessment, effective counterattack;
- Until the Ukrainian flag is flying over Kherson, there is no point in talking about Russia's withdrawal.

[Informer](https://t.me/+LV7tr2_vgu02NjAy) | [Subscribe](https://t.me/+LV7tr2_vgu02NjAy)",,,,,
2499,2499,9500,"**⚡️Путин не поедет на саммит G20, Россию будет представлять глава МИД Лавров, — Bloomberg со ссылкой на источники

**[Информатор](https://t.me/+LV7tr2_vgu02NjAy) | [Подписаться](https://t.me/+LV7tr2_vgu02NjAy)","**⚡️Putin will not attend the G20 summit; Russia will be represented by Foreign Minister Lavrov, according to Bloomberg citing sources.**

[Informer](https://t.me/+LV7tr2_vgu02NjAy) | [Subscribe](https://t.me/+LV7tr2_vgu02NjAy)",,,,,
