Index,Post,Trans,Label,Type
24001,"В этот день 80 лет назад на совещании в Ровно рейхскомиссар Украины Эрих Кох заявил: **«Нет никакой свободной Украины. Цель нашей работы должна заключаться в том, что украинцы должны работать на Германию, а не в том, чтобы мы делали этот народ счастливым. Украина должна дать то, чего не хватает Германии. Эта задача должна быть выполнена, невзирая на потери. Фюрер потребовал с Украины три миллиона тонн зерна для Германии, и они должны быть поставлены».**
Уверен, спустя годы, когда будут рассекречены материалы совещаний на Западе по украинскому вопросу в 2021-22 гг., мы увидим примерно те же слова",,,
24002,"Разрывы кассетных боеприпасов застали деток прямо в песочнице. В ужасе малыши бросились к родителям. Но пятилетняя Алина не успела добежать до взрослых…

[Подробнее](https://alleyaangelov.ru/)",,,
24003,"Молдавия начала судить своих граждан, воевавших на стороне ДНР, за наемничество.

Обвинение предъявили молодому мужчине, проживающему на Варнице (село граничит с Приднестровьем) и заключили под стражу на 30 суток за то, что он участвовал в боевых действиях на стороне войск ДНР с 2016 по 2020 год. Ему грозит тюремное заключение сроком от 3 до 7 лет, [сообщила](https://sis.md/ro/comunicare/noutati/operatiune-comuna-soldata-retinerea-unui-mercenar) Служба информации и безопасности Молдавии.",,,
24004,"**Украину пора избавить от ""последствий российской оккупации""**. 

Электростанциям — НЕТ! 
Украинец! Бей по проклятому русскому наследию!
Уничтожай АЭС, ТЭЦ, ГЭС!

__Запорожскую АЭС, конечно, больше никогда нельзя подключать к украинской энергосистеме.__",,,
24005,"#эксклюзив
Этой ночью артиллерийская бригада ""Кальмиус"" армии ДНР уничтожала украинские позиции под Авдеевкой.

@NeoficialniyBeZsonoV",,,
24006,"В небе над Херсоном уже во второй раз за день сработала система ПВО. Очевидцы сообщают, что взорвались не менее 20 ракет.

[Подписаться на @truekpru](https://t.me/+p3pOHrMFlcI0NWRi)",,,
24007,"Местные жители поговаривают, что на аэродроме Жетыген (Алматинская область) стоят до 15 летательных аппаратов военного назначения, привезенных туда работниками [«Казспецэкспорта»](https://t.me/hackberegini/1010), среди которых истребители МиГ-, Су- и вертолеты Ми-24.

Но они стоят там не просто так, а в ожидании ремонта, причем не где-нибудь, а в славной своими оружейными традициями и имеющей все возможности для [ремонта авиатехники](https://t.me/Contora_Pishet/4833) советского производства Чехии, куда также направляется и сопровождающий персонал «Казспецэкспорта». Почему в Чехию, а не в Россию, что было бы выгоднее с точки зрения логистики и стоимости ремонта? На ум приходят обещанные поставки восстановленной авиатехники из Чешской республики для ВСУ и лихорадочные сборы советских образцов по всему ближнему и дальнему зарубежью, а Казахстан весьма богат на ее запасы.

Как, впрочем, и славный Узбекистан, который переправил пару МиГов, предназначенных для США, в казахстанский порт Актау. Можно предположить, что ими будет доукомплектована очередная «эскадрилья агрессора» где-нибудь в пустынной Неваде для имитации воздушных боев американских асов со злыми русскими Иванами, но, учитывая заявленную готовность обучения представителей повитрянных сил Украины, весьма вероятно, что  именно эти представители будут участвовать в имитационных боях с целью подготовки.",,,
24008,"Очень показательные цифры на вчерашнем голосовании по антироссийской резолюции в ООН - ее подписали 54 страны из 193.

Теперь сравним с аналогичной резолюцией Генассамблеи ООН от 2 марта. Тогда «за» проголосовало 141 государство. За полгода стран с ярко выраженной антироссийской позицией стало почти втрое меньше.

@sashakots",,,
24009,"Очень рад был увидеть наших добровольцев! 

«Тигр» уже дерётся на передовой плечом к плечу с земляками-морпехами из 155 отдельной гвардейской бригады ТОФ. 
Накануне добровольцы приняли первый бой и отразили атаку диверсионной группы иностранных наемников. Один из них, как вы уже знаете, был гражданином США. Вот чем заканчивается пособничество нацизму.  

Продолжим поддерживать наших бойцов. Ждём дома с победой!",,,
24010,"Внимание, укропы, исполнение «песни» «Батько наш Бандера» опасно для жизни. Доказано. Заспивайте гимн России и выходите с поднятыми руками)

@sashakots",,,
24011,"До чего доводит самоуверенность. Еще в декабре 2021 года командир 28 бригады ВСУ полковник Виталий Гуляев насмешливо отвечал на вопросы журналистов и наверняка был убежден, что никогда его соединение не столкнется в бою с российскими военнослужащими. 

23 июля 2022 года весь командный состав бригады во главе с самим Гуляевым был ликвидирован ударом “Калибра”. 

Не хочется злорадствовать, но почему-то украинское командование не задается вопросом “Где мы будем их хоронить?”, когда речь заходит о погибших солдатах ВСУ. Вот такая трагическая ирония.

@sashakots",,,
24012,"**Параллельно денацификации и демилитаризации Украины пора объявлять и антитеррористическую кампанию  

**Военкор KP.RU @sashakots сравнил, как вели себя родители террористок, которые совершали взрывы в Москве в 2000-х, с тем, что говорит мать убийцы Дарьи Дугиной

[Интервью](https://t.me/truekpru/89200) __наших донецких ребят с матерью Натальи Вовк наводит меня на дежавю. Я все это уже слышал практически один в один в 2000-х. Страну тогда сотрясали кровавые теракты. 

После каждого громкого подрыва с жертвами я садился в самолет и летел на Кавказ — искать родственников очередной террористки. Все эти Заремы Мужихоевы, Зулихан Элихаджиевы, Марьям Шариповы, по словам родни, были девушками исключительной порядочности. И ну никак не могли подорвать невинных людей на концерте в Тушине или в столичном метро…

Сегодня украинский терроризм только набирает обороты. На нашей территории действует организованное бандподполье, исповедующее диверсионные методы. Это новая реальность, с которой нам предстоит долгая война.

Мы закончили ее на Кавказе, уничтожив всех идейных вдохновителей террора. Может, параллельно денацификации и демилитаризации пора объявлять и антитеррористическую кампанию. Со всеми вытекающими. И пока центры принятия решений ждут своего часа, заняться лицами, принимающими решения о террористических атаках.

__[Читать полностью](https://www.kp.ru/daily/27436/4638091/?from=tg) 

[Подписаться на @truekpru](https://t.me/+p3pOHrMFlcI0NWRi)",,,
24013,"Пленный с Херсонского направления обратился к президенту Украины. Я много повидал пленных, вижу, когда человек говорит то, что ты хочешь услышать, а когда выливает то, что накипело. Это - второй вариант.

- Наша страна истребляет нас. Это сложно осознать, но да, мы - пушечное мясо. Владимир Александрович Зеленский, зачем вы отправляете людей, простых граждан на мясо, на убой? Если у вас что-то с головой, полечитесь. Почему вы сами не возьмете в руки автомат? 

Зачем вы прикрываетесь простыми людьми? Там таких много лежит в поле, их даже не забирают. Их мухи едят. Я видел одного в пакете, четыре дня пролежал. Его никто не забрал. 

Нас также отправили, за нами никто не пришел. Мне помогли, как вы говорите, ваши враги. Они мне помогли выбраться оттуда. А вы о правили меня умереть. Я выжил. И не благодаря нашей армии. Меня спасли другие люди, с которыми вы воюете. Обработали раны, лечат, кормят…

@sashakots",,,
24014,"**Слушаем новый альбом **[25/17](https://t.me/official2517)**, который скоро выйдет, на студии вместе с Андреем Бледным и **[Ричем](https://t.me/rich_triphop)** 

**Как сказал Бледный, до выхода альбома его обязательно должны послушать друзья. Поэтому, друзья, мы предлагаем вам посмотреть это видео! Это не совсем интервью, но там есть ответы на все интересующие вас вопросы. 

[**ПОЛНОЕ ВИДЕО НА YOUTUBE**](https://youtu.be/UGRWmFyGBxo)

@elpicahielo

*наш проект существует с вашей помощью.
__5469420024813910____ сбер
____5536914086667288____ тинькофф__",,,
24015,"**В Новокузнецке возведут памятник Герою России Ольге Качуре

**25 августа был заложен памятный камень на месте строительства Площади защитников Донбасса в Новокузнецке. По инициативе главы региона на ней будет установлен памятник Герою России Ольге Качуре. В церемонии приняли участие дочь Ольги Сергеевны Елена Карабет и мэр Горловки Иван Приходько.

—__ Эта площадь была построена в 80-е годы. Мы приняли решение реконструировать ее. Теперь это будет площадь во имя боевого подвига - Площадь всем защитникам Донбасса__, — [рассказал](https://www.kp.ru/online/news/4890985/?from=tg) Губернатор Кузбасса Сергей Цивилев. — __Здесь будет установлен мемориал в честь Ольги Качуры. Сегодня мы заложили камень, символизирующий начало строительства этого парка. Мы постараемся сделать его в кратчайшие сроки, чтобы он открылся до 3 августа следующего года и мог принимать и новокузнечан, и гостей из Горловки - именно там 3 августа погибла Ольга Качура__",,,
24016,"__«Дорогой солдат, моё письмо – это благодарность тебе...»__ — заместитель командира по работе с личным составом 2-й отдельной мотострелковой бригады читает строки от автора, который не оставил своего имени. Обещает всё передать своим бойцам. 

Письма и рисунки от детей из разных уголков России и Донбасса мы привезли бойцам Народной милиции ЛНР вместе с гуманитарным грузом. 

В нём стандартный набор, необходимый на передовой. Каски, бронежилеты, примусы, одежда и обувь куплены в рамках [сбора](https://pobeda.onf.ru/requirements/ryabceva) [Жанны Рябцевой](https://t.me/ryabseva_zhanna). Вместе с руководителем Исполкома Народного фронта Михаилом Кузнецовым она лично передала бойцам всё, что они просили.

#вседляпобеды",,,
24017,"Десантура на Херсонском направлении отследила передвижение группы противника по лесополосе и демилитаризировала ее (группу) артиллерией.

@sashakots",,,
24018,"Этот озорной мужчина на видео – сотрудник посольства США в Москве Наварро Николас Сторми. Наварро напился, хотя в Москву его везли совсем не за этим. 

Задача морпеха Наварро – охранять внешний периметр посольства. Но, судя по видео, ему бы и самому не помешала защита в это тяжелое утро: Сторми чудом добрался живым до родной дипмиссии и не разбил голову об асфальт

[Подписаться на @truekpru](https://t.me/+p3pOHrMFlcI0NWRi)",,,
24019,"А вот еще шикарные видео концерта Агаты Кристи для военных в Джанкое, во время которого прямо над зрителями барражировал вертолет Ка-52. 

Видео (с) [Апполинария Гордиенко](https://t.me/appolinariya_gordienko)

@sashakots",,,
24020,"И еще один пленный с Херсонского направления рассказывает по телефону родне, как резервистов бросают на убой, а русские их спасают.

@sashakots",,,
24021,"⚡️**Супер Акция**🆘

**При покупке многофункционального топора,нож Колумбия получаете бесплатно
Успейте приобрести количество ограниченно 
**
**💵Цена 4.300₽
🚚Доставка по всей России**

**Так же у них в магазине сейчас скидки до 50%**

Перейти в магазин⤵️
https://t.me/nozhi_podarki
https://t.me/nozhi_podarki
https://t.me/nozhi_podarki",,,
24022,"От подписчика по поводу поста о Казахстане:

По поводу вот этого: https://t.me/sashakots/35152. 

Работает национализм здесь достаточно просто, причём на бытовом уровне. Например мой сын учится в гимназии, в его потоке два казахских класса и один русский. Гимназия довольно продвинутая, поэтому туда ломятся всякие агашки и апашки, пропихивая своих внуков и внучек, ну а поскольку количество детей в классе лимитировано, то втыкают плохо говорящих на русском языке детей в русские классы, а потом исподволь давят на учителей, чтобы их детям оказывалось особое внимание.

Или на рынке, например, отдельные продавцы демонстративно не обращают на тебя внимание с улыбкой обслуживая своих.

О профессиональном росте нетитульных в вузах можно и не говорить, - на них сваливают всю работу, а бонусы (ставки, бесплатные публикации, командировки и т.п.) гребут себе. Жена, к.м.н., консультирует периодически по элементарным вопросам бывшую коллегу, д.м.н., член-корра! 🤪

А такого отмороженного нацизма как на Украине, да - нет. Здесь всё значительно иначе, - не явно, но сплошь. Русские здесь никогда не станут начальниками, максимум зам с кучей обязанностей. Ну и клановость никуда не делась, этакий неофеодализм сплошь и рядом, если ты казах и не того рода, что и твой начальник - ты человек второго сорта, ну а если ты не казах - третьего. Примерно так и живём тут. 

Казахстан, Караганда, если что...

@sashakots",,,
24023,"Всякий раз, когда появляются такие новости из Казахстана, мне обязательно пишут оттуда два-три русских человека, которые уверяют, что все это бред и что они никогда не сталкивались с ущемлением по национальному признаку.

На Украине тоже так было. «Да нам даже на майдане никто не запрещает говорить по-русски. Да вы зайдите в ресторан во Львове, там меню на русском. Да у нас нет фашистов, это лишь тоненькая маргинальная прослойка». 

А потом эвон как вышло.

https://t.me/harry_homolsky/1845",,,
24024,"**Реальная сфера для настоящих мужчин? Конечно, железные дороги! 

**Читай [Коварную колею](https://t.me/trickyrails) — главный канал о поездах, шпалах и рельсах. Только тут вся изнанка ж/д, от историй простых работяг до инсайдов о распиленных миллиардах. 

Подпишись — качественные отраслевые каналы здорово расширяют кругозор: @trickyrails",,,
24025,"Убийство Даши Дугиной возымело обратный эффект для Украины. Они хотели напугать, а получилось так, что теперь наши бойцы идут в бой с её именем. И бьют врага с двойной силой.",,,
24026,"**Папа Римский недоволен давлением со стороны Зеленского

**Папа Римский Франциск [недоволен](https://www.kp.ru/online/news/4890051/) давлением, которое на него оказывается со стороны президента Украины Владимира Зеленского. Об этом говорится в статье специалиста по Ватикану Марко Полити.

По оценке журналиста, украинский лидер ""хочет втянуть папу в нарратив"", по которому Киев представляется ""невинной жертвой"", а Москва ""демонизируется"". Однако понтифик не разделяет подобной позиции.

[Подписаться на @truekpru](https://t.me/+p3pOHrMFlcI0NWRi)",,,
24027,"К вопросу зачем нужны коптеры, которые мы покупаем с помощью наших дорогих подписчиков. 

Корректировка и удар по укрывшимся в доме солдатам ВСУ. Вдвойне радует то, что наши бойцы очень хорошо научились и корректировать и бить по данным корректировщиков-дроноводов. Краматорский район ДНР.",,,
24028,"Хорошую традицию завели наши на Херсонском направлении - звонок маме из плена. Этим вообще нажо централизованно заниматься, чтобы сложившие оружие рассказывали той стороне, что сдаваться не страшно - страшно умирать.

- Мама, я в плену.

- Як в плену?

- Ну вот так. Так получилось.

- Як так получилось? Ты хоть с хлопцами там или ты один?

- Нас пять человек в плену. Тут люди хорошие, относятся к нам хорошо. А свои нас взяли, на мясо кинули. А те люди меня спасли.

@sashakots",,,
24029,"🇷🇺☦️**Губернатор Дмитрий Азаров вручает бойцам Самарского добровольческого батальона копию Самарского знамени, 23 августа 2022 года.

**Знамя, вышитое монахинями Иверского монастыря и освященное на мощах небесного покровителя Самары святителя Алексия, было преподнесено в дар болгарским ополченцам в ходе Русско-турецкой войны 1877-1878 гг. В центре красно-бело-синего полотнища в обрамлении золотого креста изображена Богородица с Младенцем, на обратной стороне – святые Кирилл и Мефодий.

Оригинал знамени по сей день хранится в Национальном музее военной истории Болгарии.",,,
24030,"От подписчика:

Военнослужащий 56 бригады ВСУ в разговоре с адвокатом рассказывает о реальном положении дел в подразделении. По словам военного, командование бригады бросает их на мясо. При этом сами командиры не идут на боевые выходы вместе с подчиненными, а отправляют их одних, зачастую только что мобилизованных, у кого даже нет и малейшего опыта. 

__«Ни один взводный, ни ротный, ни один сержант на выезд не выезжает. Тупо первому попавшемуся рацию дают. Человек вчера из военкомата пришел, сегодня он уже старший. Ну как же так. Группа десять человек выходит, возвращается два».

«А командиры сидят за двадцать километров от всего этого. Причем уже на готовых сумках, как только какой-то прорыв они сразу кидают все и убегают».

__А в то время, когда военнослужащие находятся на задании, командиры «эвакуируют» их вещи и военные принадлежности, которые они покупали на свои деньги. По возвращении в расположение на вопрос где вещи, в командовании 56 бригады отвечают: __«Скажи спасибо, что в штанах и футболке стоишь»__.

@sashakots",,,
24031,"Явный признак крепнущей дружбы – это когда можешь пожать человеку руку после того, как почесал зад. Джонсон сегодня в Киеве в гостях у Зеленского. Празднуют День независимости Украины

[Подписаться на Сомали](https://t.me/kppirat)",,,
24032,"Военнослужащие ВСУ [рассказали](https://ctrana.media/news/404519-bojtsy-vsu-rasskazali-kak-prikhoditsja-voevat-na-fronte.html) о своем незавидном положении на Херсонском направлении. Прогнозируют изнурительную позиционную войну.

✔️**Обстрелы на ""нуле"" идут практически беспрерывно: иногда головы поднять невозможно**. Бойцы лежат на дне окопов часами, кто-то броником накрывается, особо бережливые даже куски железа тащат в окопы и делают себе индивидуальные убежища. Наверх, за бруствер окопа, выскакиваем по очереди и только по крайней надобности. **На дне окопов проходит 90 процентов времени.**

✔️ Не все люди выдерживают – некоторые, даже добровольно пришедшие в войска, просидев под сплошными прилетами, просятся в тыл под любым предлогом. К сожалению, иногда **бывают настоящие эпидемии паники – с позиций срываются целые подразделения.** Их называют у нас ""лыжниками"", от выражения ""стали на лыжи""… И оголяют целые участки длиной в километры. Самое печальное, о таких бегствах сразу становится известно россиянам через воздушную разведку дронами и они сразу пытаются вклиниться в пустые участки фронта.

✔️ **Бригады ТРО считаются самими ненадежными среди тех, кто держит позиции. **У них много случайных людей, которые после 24 февраля записались в тероборону, воображая, что эта война будет похожа на Майдан или АТО. А российские танки можно подбить коктейлем Молотова. Это другая война. 

✔️ Наступление на Херсон у нас вообще не обсуждается. Сейчас вопрос неактуален. Пока россиян не будут накрывать артиллерией хотя бы так же, как они нас, ни о каком наступлении не идет и речи. **Сейчас на один наш артиллерийский выстрел – пятьдесят с их стороны.**

✔️ Со снарядами для советских гаубиц, которых много еще на вооружении ВСУ, катастрофически мало, они на вес золота. То же касается минометных выстрелов и самих минометов. **Минометы на позициях – тоже расходный материал, они живут не более недели–двух, их вычисляют дронами и быстро выбивают.** Поэтому минометные расчеты, сделав выстрел–другой, сразу бегут на десятки метров в сторону и прячутся в окопах. Минометы тащить за собой нет ни сил, ни возможностей. Через пару минут прилетит ответка... Так и воюем.",,,
24033,"Друзья, очень важная задача, которой надо заниматься уже сейчас, не дожидаясь окончания СВО. Запущен проект сопровождения ветеранов с тяжелыми ранениями и ампутациями.

М**еста для переобучения новым специальностям в российских ВУЗах (и по зуму тоже), помощь в трудоустройстве, медицинское и юридическое сопровождение, да даже бытовая помощь.**

https://t.me/GrafinyaNegoduet/396",,,
24034,"В день независимости государства, которое в самую последнюю очередь можно было бы заподозрить в самостоятельности, главком ВСУ Залужный делает удивительные признания.

Во-первых, «наша независимость - нам подарена». Во-вторых, на вкус она, «как земля, которая въедается в кожу, как кровь и смерть, которой пронизан воздух». Ну такая себе независимость. Как у Афганистана, например. Или Сомалилэнда. Я бы добавил еще вкус векового рабства, в который Киев загоняет себя ежедневно.

Это и миллиарды финансовой помощи, для поддержания штанов, за которую рано или поздно придется расплачиваться. Той самой независимостью расплачиваться - землями, остатками промышленности, жизнями собственных граждан.

Это и кабала ленд-лиза, на которую Зеленский согласился, не задумываясь о последствиях. По подсчетам соучредителя Института реформ политики безопасности и аналитического центра внешней политики США Стивена Семлера, только военные подрядчики, участвующие в коррупционных схемах Вашингтона, на одобренных Конгрессом США 40,1 миллиардов долларов помощи Украине положат в свой карман не менее 17 миллиардов долларов.

При этом условия поставки военной помощи по ленд-лизу Украине неизвестны. Но Вашингтон вряд ли упустит свою выгоду. Они никогда не дадут столько оружия, чтобы Киев мог победить. Они будут поддерживать тлеющий конфликт, загоняя Украину в долги все глубже и глубже. В итоге Зеленского уже не будет, а Украина поколениями будет расплачиваться за войну, которую он развязал, не выполнив свои предвыборные обещания.

Как бы это парадоксально ни звучало, но единственный шанс избежать десятилетий колониального рабства - это проиграть войну. Не будет Украины в ее нынешнем уродливом виде, некому будет платить по американским счетам.

@sashakots",,,
24035,"Подписчик просит опубликовать свои няшные работы. Есть и такое прочтение исторических событий. (На рисунке с Крымом - разрушенная херсонская дамба, которая не пускала воду на полуостров, а не то, что некоторые могли бы подумать).

@sashakots",,,
24036,"Момент подрыва машины главы Михайловки, Запорожской области Ивана Сушко. В Киеве опять скажут, что подорвали сами себя.

@sashakots",,,
24037,"**Кто командует российскими войсками на Украине, и кто им противостоит со стороны ВСУ

**Военный обозреватель KP.RU, полковник Виктор Баранец выяснил биографии военачальников противоборствующих армий

[Подробнее

](https://www.kp.ru/daily/27436.3/4636462/?from=tg)[Подписаться на @truekpru](https://t.me/+p3pOHrMFlcI0NWRi)",,,
24038,"__(Мальчику, погибшему при обстреле Донецка 14.06.2022, посвящается)
__
***

Миша,
надеюсь, ты слышишь.
Здесь каждая вишня, каждый двор  —
Горем непоправимым дышит:
Расстрелян в упор.
Градами… Город топорщит крыши,
Но не спасает — летит снаряд.
Ты рос под эту музыку, Миша,
Восемь отчаянных лет подряд.
Ничего, Миша,
вечность всё примет…

Небо обнимет 
Крепко его…
«Миши нет дома! Он с мамой вышел…»
Тише.
Работает ПВО.",,,
24039,"Донецк. Пожар в ТЦ Галактика на ул. Шутова

@MakarenkoLive",,,
24040,"Кадры Минобороны: боевая работа экипажей вертолетов Ми-28 и групп огневой поддержки Западного военного округа на Украине

[Подписаться на @truekpru](https://t.me/+p3pOHrMFlcI0NWRi)",,,
24041,"🇷🇺🇺🇸🇺🇦 Всего четыре дня назад в Пентагоне [заявили](https://t.me/milinfolive/89121) об успешной модернизации украинских МиГ-29 для использования противорадиолокационных ракет AGM-88 HARM. 

И вот вам, пожалуйста, обломки от американских ракет под **Енакиево** на Донбассе. 
#Донецк #Россия #США #Украина
@rybar

__*Поддержать нас: __4377 7278 0407 7977",,,
24042,"**Убийство Дарьи Дугиной, Джанкой, обстрелы ЗАЭС и Белгорода: Александр Коц ответит на вопросы читателей и зрителей ****KP.RU****

**Приглашаем на очередную встречу с теми, кто на передовой и собственными глазами видит, как проходит СВО. В этот раз у нас в эфире наш горячо любимый, легендарный военкор @sashakots

Начало — в 19.00 (мск). 

Трансляция — [здесь](https://www.youtube.com/watch?v=1iwU_yynkkE)",,,
24043,https://t.me/aifonline/14435,,,
24044,"Украинские спецслужбы и руководство в Киеве по всей видимости пытаются превзойти по террористической активности ИГИЛ и прочие международные террористические организации. Убивают журналистов, общественных деятелей всеми доступными им методами, а теперь предпринимают попытки массовых убйиств обычных людей, просто за то, что они русские и любят Россию.

https://t.me/aladinhabr/2787?single",,,
24045,"Давайте поддержим отечественного производителя ножей. Кизлярские ножи всегда славились своими качеством и надежностью!

⚔️НА КАНАЛЕ МНОГО АКЦИЙ⚔️
Большой выбор ножей, различные шашлычные наборы, кухонные наборы,
кинжалы, катаны. 

Подписаться можно по ссылке
⬇️⬇️⬇️⬇️⬇️⬇️
[https://t.me/+BKlgMCu1VGAxM2U6](https://t.me/+BKlgMCu1VGAxM2U6)",,,
24046,"На позициях ВСУ появилась новая американская дронобойка** DroneDefender.
**
Ружье работает по принципу ""наведи и веди"". Для запуска нужно меньше 0,1 секунды, а заявленный радиус действия составляет около 2 километров. Время работы заряда одной батареи - около 2 часов.

@sashakots",,,
24047,"- Я попал в плен. Жив-здоров. 

- Ты серьезно?!

- Да. 

- Когда?

- 4 дня назад. Из нашей группы осталось только пять человек. Зато я остался живой.

- Серьезно?

- Я тебе отвечаю. Так оно и есть. 

Боец ВСУ, попавший в плен на Херсонском направлении, рассказал, что происходит на этом участке фронта.

@sashakots",,,
24048,"**Прошел День флага🇷🇺, и как-то в этом году в честь него было огромное количество всяких акций, роликов и флешмобов в Сети

**Давайте вспомним их все:

1. По Сети разошелся невероятно [благолепный ролик про Россиюшку](https://t.me/lu_di_z/10897). Россия — это свобода, мудрость, сила!
Он в нашем личном рейтинге голосованием среди нас же объявлен победителем в номинации __«показываем красивое».

__2. Акция [«Собери флаг»](https://t.me/lu_di_z/10898) в Казани — наш однозначный победитель, мимими и уруру. Мы сразу сказали, что лучше не будет, — лучше и не было!

3. Необычный и загадочный флешмоб [«Свобода. Мудрость. Сила»](https://t.me/lu_di_z/10923), где какие-то изобретательные ребята сначала клеили, потом красили, — наш победитель в номинации __«ах, этот неудержимый креатив».

__4. [Донецкий флешмоб с муралами](https://t.me/lu_di_z/10900) — мы просто сурово жмем ребятам руку. Донецк — это Россия, а мы — победим!

5. [Ролик про Владимира Владимировича и флажки](https://t.me/lu_di_z/10935) — best of the best! 

6. [Фильм Темы Лебедева про историю триколора](https://t.me/lu_di_z/10930) — победитель в номинации __«Умное»__. И нескучное!

7. Ну и Олег Газманов с новой песней [«Артефакты»](https://t.me/lu_di_z/10938) — лучший в номинации __«Наши скрепы»__! Ура! 

🇷🇺 Будущее Zа нами![ Вступай в Люди Z](https://t.me/lu_di_z). Если не боишься и веришь в Россию.",,,
24049,"Открываешь сейчас новости с Украины и просто такой душок ада тебе в лицо. Дни идут, и этот запах все тяжёлый - заложили взрывное устройство, убили человека, ещё и ещё, привязали девушку к позорному столбу за то, что не хотела говорить на украинском, обстреляли дома в Донецке, убили людей. Убили людей - ещё и ещё. И каждый раз, когда это дышит в лицо, вспоминаю, что этот запах и это чувство уже приходили. То была страшная история. Тогда  погиб человек, с которым я лично была незнакома. Девушка, бывший депутат Рады Ирина Бережная. Она просто тихо ставила лайки под моими постами. И, насколько я понимала, бежала в 14-м из Киева в Россию. А родом она была из Донбасса. И, кстати, она - что очень немаловажно в этой истории - была очень красива. 
Я помню, мелькало в ленте ее выступления где-то в эфире наших политических так-шоу. Под ним ее проклинали на украинском. Я почитала, почитала эти проклятия, пока меня от них не продрало как острым холодным когтем по спине. А через несколько дней она погибла в ДТП. И вот я зашла в аккаунт ее матери - Елены Бережной, которая занималась общественной деятельностью и, кажется, протестовала против переименования Киевских улиц, названных в честь героев Великой Отечественной. Я хотела выразить ей соболезнования или как-нибудь иначе ее поддержать. На ее странице висел какой-то последний пост - записанный ещё до смерти дочери. И вот под ним трубил ад. Женщины - в основном женщины - писали ей на русском и украинском - «Не вези свою падаль хоронить в Киев. Вытянем за волосы из земли и выбросим». Я напомню, что Ирина была очень красивой, и это слышалось голосах писавших - там, кроме трубы, был ещё звон зависти. И они трудились и трудились. Трудились и трудились день, ночь, оставляя свои проклятия. Одно подпитывало другое, подстрекало и к полночи там уже был такой разгул, в каком и черти в аду никогда не плясали. Тогда я поняла что будет. В смысле что будет в Донбассе и на самой Украине, и в Киеве. В Киеве - русском городе, подхватившем трупную хуторскую бациллу. 
Мать, конечно, привезла мертвую дочь в Киев и похоронила ее на кладбище, как хотела. Кто-то раздобыл фото - та стоит над гробом, в котором в белом платье лежит ее по-прежнему красивая дочь. Мать сжимает кулаки и кричит. Ее сняли в этом крике и выложили в сеть. Смеялись. Глумились. И холодный коготь так и ходил по спине - скряб-скряб. Кто-то хочет быть в этом и с этим. Но здорового человека, современного прогрессивного человека такое не может и не должно привлекать. А это было только начало, но в этом - вся суть",,,
24050,"Тут глава СНБО Данилов ляпнул, что это ФСБ взорвала Дарью Дугину. А вот вчера в Херсоне подорвали машину замначальника Департамента внутренней политики Херсонской ВГА Игоря Телегина. Это тоже ФСБ? А предыдущие теракты в этом регионе? Вы не палитесь так сильно-то.

@sashakots",,,
24051,"HIMARS и 155мм артиллерия ударили по центру Донецка. В результате обстрела есть погибшие и раненые

@MakarenkoLive",,,
24052,"В Ларнаке во время сбора для автопробега в честь Дня флага России на русскую активистку напала женщина с ножом. Она опознана. Киевлянка, на Кипре уже 20 лет. Со слов россиянки, от прямого нападения с прицелом в область шеи ее защитили наши активистки, отбившие от нападавшей флагами, которые они держали в руках. 

Нападавшую задержали. Полиция просит не распространять это видео - надо ведь уважать «культурные особенности» украинского народа. Вообще, по хорошему, это не просто покушение на убийство. Это террористический акт.

Страна, исповедующая политику государственного терроризма, пускает метастазы по всему миру. И мир этот, который сегодня безоговорочно поддерживает Зеленского (как когда-то Бен Ладена), еще хлебнет лиха со своим подопечным. Рано или поздно он (проект АнтиРоссия) выйдет из-под контроля.

@sashakots",,,
24053,"**Александр Дугин едва сдержал слезы на церемонии прощания с Дашей: ""Она погибла за народ, за Россию""

**__Простите я не могу говорить. Я признателен вам, всему нашему народу, всем кто откликнулся, кто написал...
Она погибла за народ, за Россию. Она погибла на том фронте, который не там, а здесь, в каждом из нас. Она жила во имя победы и погибла во имя победы.

Мы с ее мамой посоветовали ей стать философом. И она стала. Она старалась двигаться в этом направлении;

Одни из её первых слов, которым мы ее научили — ""Россия"", ""наша держава"", ""народ"", ""империя"". Она стала идеальной, проходя через испытания;

У нее не было страха. В последнем разговоре она сказала: ""Папа, я чувствую себя героем и воином, не хочу другой судьбы я хочу быть на стороне света"";

Самая большая цена, которую приходится платить, может быть оправдана только победой. Нашей победой.

__KP.RU ведет прямую [трансляцию церемонии

](https://www.kp.ru/daily/27435/4636409/?from=tg)[Подписаться на @truekpru](https://t.me/+p3pOHrMFlcI0NWRi)",,,
24054,"​​В МИДе Казахстана состоялась встреча замминистра Ермухамбета Конуспаева с Послом Украины в РК Петром Врублевским.

Послу выражен протест в связи с его высказываниями в интервью 21 августа казахстанскому блогеру Диасу Кузаирову. «Дипломат», напомню, заявил: «Собираемся убить как можно их больше. Чем больше мы убьем русских сейчас, тем меньше придется убивать нашим детям».

Казахстанской стороной высказана позиция о неприемлемости и несовместимости подобных заявлений с деятельностью посла иностранного государства. 

Ну так если «неприемлемо» и «несовместимо», почему он еще в Казахстане?

@sashakots",,,
24055,"Посол Украины в Казахстане открыто призвал убивать русских.
Я понимаю, что Казахстан во внешней политике сейчас очень весь такой многовекторный и что национализм там с каждым днём цветёт и пахнет всё чудесатее.
Но Казахстан — член ОДКБ, а посол Украины открыто призывает убивать граждан страны, которая состоит в той же организации. Даже безотносительно того, что ОДКБ помогло Токаеву и компании справиться с госпереворотом.
А ещё в Казахстане больше трети населения — те же самые русские, которых призывает убивать посол Украины.

Где реакция властей Казахстана? Не буду материться, но тут в рифму. По-хорошему, посла уже должны были выслать из страны. В 24 часа.
Нет. Упырь остаётся сидеть на тёпленьком месте в Целинограде.",,,
24056,"Шабан (Вовк) Наталья Павловна до февраля 2022 года, по данным бухгалтерии батальона «Азов»* (в/часть 3057), получала денежное довольствие занимая, должность телефониста ГТЗ ВЗ. 
 
* — запрещен в РФ",,,
24057,"Путин наградил Дарью Дугину орденом Мужества (посмертно) за мужество и самоотверженность, проявленные при исполнении профессионального долга.",,,
24058,"@sashakots, страхом они заткнули рты внутри страны и страхом же пытаются закрыть рты тем, кто действует против них снаружи. 

Это ещё и к вопросу о том, что «информационка вторична». Очевидно, что ни политическое руководство Украины, ни те, кто устроил это Маппет-шоу, так не считают. 

С первых дней они бьют по тем, за кем люди готовы идти. По тем, кто объединяет словом или делом. Одних убивают, других запугивают. 

https://t.me/sashakots/35085",,,
24059,"Держал паузу, ждал какого-то официального комментария, чтобы попытаться осмыслить, [почему Даша](https://t.me/sashakots/35084). Хотя внутренне понимал, что версия, исключающая украинский след, крайне маловероятна. ФСБ последние сомнения развеяла. 

Террористка, военнослужащая Нацгвардии (по некоторым данным, из батальона «Азов»), приехала в Россию со своим ребенком - такое у них прикрытие. Фигурирующие в релизе ФСБ украинские госномера, на которых она пересекала границу, - номера Донецкой области. Косила под беженку с дочкой. 

Фильтрацию мы можем устраивать на освобожденных территориях - мне многие жаловались на ее беспощадность. Почему на границе с Украиной она не срабатывает (причем в обе стороны) - вопрос важный, но я сейчас не об этом.

Почему именно Даша Дугина. Во-первых, безусловно, потому что она дочь своего отца, которого на Западе почему-то называют «главным идеологом Путина». Я с этим не согласен, потому что сегодня никаких попыток формировать идеологию в нашей стране не наблюдается. 

Но тот, кто планировал этот теракт, хотел убить не просто талантливого пассионарного человека, преданного идее Русского мира. Он хотел нанести удар по, как ему казалось, окружению российского лидера.

Во-вторых, - это сигнал тем, кто противостоит Украине на информационном фронте. Не только репортажами с линии фронта, но и формированием смыслов и идеологических посылов, чем без сомнения занималась юный (одаренные люди, часто, немного инфантильны) эрудит Даша Дугина. В этом смысле она давно вышла из тени своего отца, став самодостаточной единицей информационно-интеллектуального фронта.

В-третьих, что могла противопоставить Украина на этом фронте, который не менее важен, чем бои под Северском или Артемовском? Напыщенного Фейгина с нарциссом Арестовичем? Гордона с его раздутым эго? Янину, прости Господи, Соколовскую? Обнюханного коксом вышедшего в тираж бывшего комика? Нет у них оружия соответствующего калибра. Такое из США вместе с Хаймарсами не завезти.

Когда погибла Даша, я сразу вспомнил убийство Павла Шеремета в Киеве. Подрыв машины, женщина-исполнитель. Женщина оставила бомбу и в кабинете Михаила «Гиви» Толстых. В методе исполнения нет ничего нового. Как и в мотивации, которая у нацистов мало изменилась со времен убийства Олеся Бузины. И украинские спецслужбы ее очень умело используют. В незалежной это срабатывает - там заткнули рот всем инакомыслящим, способным идти против «повестки». 

Чего добились украинские террористы на Можайском шоссе? А чего они добились, убив журналистов ВГТРК Антона Волошина и Игоря Корнелюка под Металлистом в 2014-м? Какую победу одержали, расстреляв фотокора РИА Новости Андрея Стенина под Снежным и спалив его тело вместе с машиной? Убийства Захарченко, Мотора и других лидеров Русской весны сделали нас только злее. 

Каждая потеря на алтаре будущей Победы добавляет уверенности в нашей правоте. Если они боятся красивой и умной девушки до такой степени, что ее нужно устранить так показательно подло, значит все мы делаем правильно. И каждый погибший герой стоит за нами немым напоминанием: мы не имеем права отступить. Чтобы их смерть не была напрасной.

Соболезнования Александру Гельевичу.

[Моя колонка](https://www.kp.ru/daily/27434/4636214/)

https://t.me/sashakots/35084

@sashakots",,,
24060,"Даниил Шабан. Судя по всему - родственник террористки, убившей Дарью Дугину. Тоже служил в Азове.

@sashakots",,,
24061,"**Кто убил Дарью Дугину: киллер прикрывалась своей дочерью, чтобы устроить теракт

**[KP.RU](https://www.kp.ru/) разбирается [кто такая Наталья Вовк](https://www.kp.ru/daily/27434/4636185/?from=tg) и как она прикрывалась 12-летней дочерью.

🔻Служит в украинской нацгвардии в войсковой части, к которой относится ""Азов""*****.

🔻Удостоверение выписано на фамилию Шабан (по всей видимости это ее фамилия по мужу).

🔻В социальный сетях Шабан-Вовк - нет. Кроме Одноклассников. Но в последний раз она заходила на свою страницу - 27 марта 2017 года. Родом — из Мариуполя.

🔻Ради слежки и убийства Дарьи Дугиной она взяла в Россию свою 12-летнюю дочь, используя ее для отвода глаз спецслужб. Как прикрытие.

🔻На одном из украинских сайтов по продаже машин — выставлено авто, на которой женщина приехала в Россию. Машину пытался продать Данил Шабан – сын подозреваемой. Сейчас - живет в Киеве и, как и мать является бойцом ""Азова"".

*****__Запрещенная в РФ организация

__[Подписаться на @truekpru](https://t.me/+p3pOHrMFlcI0NWRi)",,,
24062,"[Сань](https://t.me/sashakots/35071), вопрос даже не в том как попала, а как смогла после всего этого сбежать.",,,
24063,"Мой друг Александр Гельевич Дугин благодарит всех, кто высказал соболезнования по поводу гибели его дочери Даши. Он просил меня опубликовать этот текст:

«Как вы все знаете, в результате теракта, осуществленного нацистским украинским режимом, 20 августа при возвращении с подмосковного фестиваля «Традиция» на моих глазах была зверски убита взрывом моя дочь Дарья Дугина. Она была прекрасной православной девушкой, патриоткой, военкором, экспертом центральных каналов, философом. Ее выступления и репортажи всегда были глубоки, обоснованы и сдержаны. Она никогда не призывала к насилию и войне.

Она была восходящей звездой в начале своего пути. Враги России ее подло, исподтишка убили… Но нас, наш народ не сломить даже такими невыносимыми ударами. Они хотели подавить нашу волю кровавым террором против самых лучших и самых уязвимых из нас. Но они своего не добьются.

Наши сердца жаждут не просто мести или возмездия. Это слишком мелко, не по-русски.  Нам нужна только наша Победа. На ее алтарь положила свою девичью жизнь моя дочь. Так победите, пожалуйста!

Мы хотели воспитать ее умницей и героем. Пусть и сейчас она вдохновляет сынов нашей Отчизны на подвиг. Прощание с Дарьей Дугиной (Платоновой) - гражданская панихида - состоится 23 августа в Телецентре «Останкино» в 10 часов утра».",,,
24064,"Служебное удостоверение Натальи Вовк (Шабан в девичестве). [По данным Немезиды](https://nemez1da.ru/naczistskie-podrazdeleniya/polk-azov/shaban-natalya-pavlovna-shaban-natalya-pavlivna/), служила в полку Азов. Как она в Россию-то попала с таким бэкгрундом?…

@sashakots",,,
24065,"Автомобиль, на котором следили за **Дугиной**, прямо сейчас продают на украинском сайте. У продавца та же фамилия, что и у дочери террористки **Вовк**.

Особенно цинично выглядит надпись под логотипом ресурса: __""Россия - террористическое государство""__.",,,
24066,"Немножко коротких выводов в виду приближающегося полугода.

- Ствольная артиллерия остаётся богом войны.
- Танк остаётся самой опасной машиной на поле боя.
- Дроны ничего не значат сами по себе и значат очень многое, будучи приданы нормальной артиллерии.
- Инженеров много не бывает.
- Линейной пехоты бывает только мало и очень мало.
- Все военные автомобили в прифронтовой зоне должны быть бронированными. Но для начала они вообще должны быть в нормальном количестве.
- Новое поколение БМП и БТР опоздало лет на 30 /и продолжает опаздывать/.
- Связь - - -.",,,
24067,"❗️**Массовые проверки в Харькове. Ищут корректировщиков и просто сочувствующих России
** 
Ранее** “Иди и смотри”** [сообщал ](https://t.me/smotri_z/4348)об отправке группы оперативников в Харьков для масштабной проверки граждан. К сожалению, наша информация полностью подтвердилась.
 
__“С самого утра в городе массовые проверки. Особенно в местах массового скопления людей: на остановках, в магазинах и метро”__, — рассказал источник канал.
 
По его словам, традиционно проверяют телефоны в поисках переписок и подписок на российские СМИ и Telegram-каналы. Также украинские силовики останавливают и личный транспорт. 
 
Очевидно, что поймать настоящих корректировщиков такими примитивными методами почти невозможно. Однако это неплохой предлог для подавления любого инакомыслия, чем украинская власть и занимается с момента своего образования.

**__@smotri_z__**",,,
24068,"❗️Канал Восстановлен❗️

Хочу выразить слова благодарности всем телеграмм каналам, которые меня поддержали, вместе мы СИЛА. 

Победа будет за нами

[🇷🇺 Военкор l Z l Лисицын 🇷🇺](https://t.me/evgeniy_lisitsyn)",,,
24069,"**Убийц Дарьи Дугиной ищут по записям с видеокамер

**Силовики изъяли записи с камер видеонаблюдения, установленных на парковке у усадьбы, где проходил фестиваль""Традиция"". Напомним, именно там вчера несколько часов простояла машина Дарьи Дугиной, на которой они приехали с отцом.

Эксперты считают, что взрывное устройство было [прикреплено к внедорожнику именно на стоянке](https://www.kp.ru/daily/27434.5/4635572/?from=tg) фестиваля. Причем, сделать это можно было почти мимоходом - буквально на секунду остановившись у авто. Корреспондент [KP.RU](https://www.kp.ru/) **Александр Рогоза** передает с той самой парковки.

[Подписаться на @truekpru](https://t.me/+p3pOHrMFlcI0NWRi)",,,
24070,"**Кто такая Дарья Дугина 

**При взрыве внедорожника в Подмосковье[ погибла Дарья Дугина (Платонова). ](https://www.kp.ru/daily/27434.5/4635504/?from=tg)Ей было всего 29 лет.

Дарья - дочь российского политолога и общественного деятеля Александра Дугина. Являлась политическим обозревателем Международного евразийского движения, которое возглавляет ее отец.

Некоторое время она вела передачу с Сергеем Марданом на Радио ""Комсомольска правда"". Была частым участником политических телепрограмм. Знала в совершенстве французский язык, часто выступала в качестве эксперта по теме французской политики.

Кандидат философских наук. Одним из ключевых направление исследований Дарьи было изучение влияния идей греческого философа Платона на античный мир. 

Дарья Дугина активно поддерживала проведение российской спецоперации на Украине. Также она была лично знакома с рядом военных корреспондентов и и ополченцами с Донбасса. Британия включила Дарью в санкционный список за ""распространение дезинформации"" о конфликте на Украине.

[Подписаться на @truekpru](https://t.me/+p3pOHrMFlcI0NWRi)",,,
24071,"С [Дашей](https://t.me/rybar/37507) последний раз виделись вживую год назад — на дне рождения главного администратора проекта @rybar.

Подарила книжку. Она всегда дарила книги. Увлечется очередной темой в рамках своих изысканий — и делится. Рассказывает. Может сесть рядом, открыть книгу на нужной странице, прочитать заново понравившуюся мысль и увлечь, затянуть тебя в дискуссию, плавно переходящую в мягкий спор.

Добрая Даша была. Светлая. Умная и в то же время такая простая, без зазнайства. 

Светлая память.",,,
24072,"Одна из последних фотографий Дарьи Дугиной с отцом Александром Дугиным. Снимок был сделан на фестивале ""Традиция"" незадолго до трагической смерти девушки.

Фото: соцсети

[Подписаться на @truekpru](https://t.me/+p3pOHrMFlcI0NWRi)",,,
24073,"**Дочь Александра Дугина **[погибла во взорванном автомобиле](https://www.kp.ru/daily/27434.5/4635492/)**: что известно на данный момент

**- Внедорожник Land Cruiser Prado, за рулем которого была Дарья Дугина, взорвался на Можайском шоссе в районе поселка Большие Вяземы.

- Знакомый Дарьи, общественник Андрей Краснов подтвердил в интервью ТАСС, что автомобиль принадлежит ее отцу, философу Александру Дугину. 

- Вместе с дочерью они должны были  возвращаться на нем с семейного фестиваля ""Традиция"", но в итоге внедорожник повела Дарья, а ее отец поехал пассажиром следом на другом авто.

- По словам очевидцев, взрыв произошел на ходу под днищем автомобиля. Машину моментально охватило пламя, она вылетела с трассы и врезалась в придорожную постройку.

- По предварительной версии, речь может идти о покушении на убийство. В таком случае целью могли быть Александр Дугин, или он и его дочь вместе.

[Подписаться на @truekpru](https://t.me/+p3pOHrMFlcI0NWRi)",,,
24074,"А пока ПВО в небе над Севастополем и Оленевкой сбивают украинские беспилотники, в отеле Крымский бриз для уважаемых гостей показывают бой Джошуа и бойца киевской теробороны Усика. Подписчики пишут, что должны были крутить комедию, но в последний момент решили сменить «репертуар».

@sashakots",,,
24075,"Канал @vysokygovorit пишет, что удары по Крыму - это не столько попытка ВСУ нащупать российское ПВО, сколько стрельба на удачу. Авось, мол, кого-то зацепит. 

Я же продолжаю считать, что это медиа-обстрелы, рассчитанные, в первую очередь, на внутренний рыночек. Это их воодушевляющее «крымчане в панике». 

Именно поэтому любой пустяк украинские СМИ и блогосфере «подсвечивает» так, будто минимум один крупный город с лица Земли стёрли. 

Удары по территории ДНР их радуют, но это дело привычное. Не победы. Обстрелы территории РФ - совсем другая история. 

Каждый эпизод - сигнал обществу: «Мы не только отбились, но уже атакуем». Результат вторичен. Главное - сам факт.",,,
24076,"В небе над Севастополем работает ПВО. Похоже на Панцирь.


@sashakots",,,
24077,"**Поддержите новый сбор Александра Коца!

**К нашему проекту присоединился легендарный **военкор «Комсомольской Правды», Александр Коц**! Это уже Победа!

Пожалуй, не было таких горячих точек в ближнем и дальнем зарубежье, где бы он не побывал: Сирия, Афганистан, Ливия, Египет, Ирак, Чечня, Южная Осетия, где Саша был ранен. И, конечно, Донбасс! 

Александр Коц точно знает, что нужно бойцам на передовой и, поэтому он взял шефство над одним из боевых подразделений Луганской народной республики.

Поддержать сбор Саши Коца можно у нас на сайте уже сегодня!

https://pobeda.onf.ru/requirements/kots_2 

#МыВместе #ВсеДляПобеды",,,
24078,"Евгений Пригожин:

«Не могу точно вспомнить, бываю я на Донбассе или нет. Но могу сказать, что в стране огромное количество людей, имеющих те же деньги, тот же статус, те же возможности, что и я. И если каждый из этих ожиревших скотов оторвёт свою розовую жопу от мягкого кресла на Рублевке, то страна будет в полной гармонии и безопасности».

@sashakots",,,
24079,"❗️**США выделят Украине 15 беспилотников Sky Eagle, ракеты Harm для борьбы с радарами, противотанковые комплексы TOW и 1 тыс. Javelin**

Об этом заявили в Пентагоне.

Также США изучают возможности поставок Киеву новых видов вооружений, которые **""позволят изменить ситуацию на поле боя""** на юге и востоке страны.

@sashakots",,,
24080,"Обстрелы ГЭС со стороны ВСУ затрудняют поставки продовольствия и товаров первой необходимости в районы севернее Днепра.
Минувшей ночью вновь была обстреляна Каховская гидроэлектростанция, являющаяся основной артерией для обеспечения населенных пунктов области.
""В результате постоянных обстрелов страдает исключительно мирное население. По сути, украинские власти ведут войну против мирного населения. Сейчас на въезде в ГЭС образовалась огромная пробка из большегрузных машин"",- прокомментировал ситуацию Глава Новокаховского района Владимир Леонтьев.
Ранее, офицер ВС РФ заявил, что обстрелы производятся из американских систем залпового огня, при этом отметив, что это никак не влияет на логистические возможности российских войск, использующих многочисленные пути подвоза не доступные для мирных граждан ради их безопасности.
ВрИО директора ГЭС Арсений Зеленский сообщил, что повреждение объекта энерго- и гидро обеспечения может привести к катастрофическим последствиям в регионе и нарушить систему охлаждения ЗАЭС.",,,
24081,"Ничего необычного. Просто боевик тактической группы ВСУ в каске с эсэсовскими рунами не вызывает никакого диссонанса у украинских журналистов. Все нормально.

@sashakots",,,
24082,"**Известная российская певица Юлия Чичерина выступила на Запорожской АЭС

**Для работников станции Чичерина исполнила свои самые известные композиции.

Кроме того, она побывала в некоторых населенных пунктах области.

__«Нацистский режим захватил власть в Украине. Убивают своих людей, детей, стариков. Потом все это покрывают ложью, – рассказала певица. – Это просто больное недогосударство, которое надо вылечить. Россия приходит, Россия залечивает раны».

__👉 **Подписывайтесь на **[**Запорожский вестник**](https://t.me/+RbdrStrAUWwwMmQy)** и делитесь каналом с близкими**",,,
24083,"Видео, подтверждающее, что над Бельбеком работала ПВО. В небе сбит объект.

@sashakots",,,
24084,"⚡️В районе аэропорта Бельбек в Севастополе системой ПВО сбит, по предварительной информации, беспилотный летательный аппарат. Об этом сообщил губернатор

[Подписаться на @truekpru](https://t.me/+p3pOHrMFlcI0NWRi)",,,
24085,"🇷🇺🇺🇦 В сети появилось видео из машинного зала **Запорожской АЭС,** где стоят несколько грузовиков с нарисованной буквой Z и лежат ящики. Украинские ресурсы сразу заявили, что это является доказательством размещения ВС РФ __«техники и боеприпасов»__ на территории атомной станции.

**Что же на самом деле можно заметить при анализе ролика:**

▪️Запись действительно сделана на территории ЗАЭС: судя по попавшим в кадр элементам одежды, снимал работник инженерно-технического персонала во время прохода по галерее между реакторным и турбинным залом.

▪️Попавшая в кадр техника — **исключительно грузовики:** никаких артиллерийских систем или танков с боевыми машинами пехоты там нет. Часть автомобилей белого цвета, что указывает на принадлежность к «Росгвардии».

▪️Скорее всего, охраняющие станцию росгвардейцы решили скрыть машины от регулярных артиллерийских обстрелов ЗАЭС со стороны ВСУ, и машинный зал оказался единственным помещением, куда они могли влезть.

▪️Качество видео не позволяет детально рассмотреть лежащие рядом с машинами тары. Однако чисто по габаритам и почти квадратной форме они **не соответствуют ящикам с боеприпасами** для стрелкового или артиллерийского вооружения. С высокой долей вероятности там хранится оборудование или другие подобные грузы.

Забавно, что при этом украинские СМИ регулярно обвиняют Россию в ударах по подконтрольной ей Запорожской АЭС. Теперь же они утверждают, что российская армия, оказывается, хранит там «боеприпасы и технику».

И отсюда логичный вопрос: __зачем тогда ВС РФ обстреливать объект, где находятся собственные подразделения?__
#разбор #Россия #Украина #фейк
@rybar

__*Поддержать нас:__ `4377 7278 0407 7977`",,,
24086,"Сообщают, что в районе Керчи сработала система ПВО. Керчь, на секундочку, находится на востоке полуострова и **примыкает к Крымскому мосту.**

@sashakots",,,
24087,"Военнослужащий 1-й танковой армии ВС РФ рассказал, как передавать привет противнику из РСЗО ""Ураган"".

На кадрах - работа наших артиллеристов на Славянском направлении. В перечне их целей есть французские САУ Ceasar, польские САУ Krab и американские гаубицы M777.

@brussinf",,,
24088,"Забавно наблюдать, как корежит понаУехавших.

Ксения Ларина рубит с плеча – нас, русских, больше нет: «Мы не только вне поля правового, мы вне поля человеческого…»

Из-за границы, конечно, сложно разглядеть, что мы все еще тут. Мы сотнями записываемся в добровольческие отряды, которые отправляются на фронт, мы всей страной отдаем свою трудовую копейку на нужды армии, мы, пробивая стены формализма, тащим «за ленточк»у гуманитарку, встречаем героев в приграничных областях борщами и пирогами, радуемся даже незначительным успехам и скорбим по утратам. У меня вся «личка» в Телеграме забита сообщениями с поддержкой наших бойцов на передовой. Она, поддержка, действительно народная. Или национальная, если угодно.

Или вот Анна Монгайт, сидя в Грузии, сетует: «Не могу смириться с тем, что я – это все граждане России, я – это все русскоязычные, я – это все прописанные в Москве… …И должна отвечать за всех».

«Отвечать за всех нас» - это когда тебе в Тбилиси в обслуживании отказали из-за того, что гражданством не вышла? 

Вот Божена молодец. У пациента стадии торга и депрессии экстерном переходят в принятие:

- И дискриминация русско-паспортных, и вот эта вся история про коллективную ответственность, и тупая агрессия диванных украинских троллей, все это избавляет меня от чувства вины перед украинцами, (а полгода назад оно было огромно), отвращает меня от Украины и приближает меня, вы не поверите, к этому русскому миру. Моя ненависть первых месяцев войны поутихла. А на ее место постепенно приходит желание показать всем кузькину мать и навалять.

[Моя колонка](https://www.kp.ru/daily/27433/4634352/)

@sashakots",,,
24089,"[**Поздравления на каждый день**](https://t.me/+yWMSqGDPlWhhODcy) **- канал, который пригодится каждому**🔥

**Лучшие пожелания и яркие открытки доступны для вас бесплатно** 😉 - @[pozdravlenie_otkrytky](https://t.me/+yWMSqGDPlWhhODcy)",,,
24090,"А в середине февраля, я напомню, НАТО получило запрос Украины о международной помощи на случай чрезвычайных ситуаций ""различного характера"".

Также тогда Украина запросила у Евроатлантического координационного центра более сотни внедорожников, средства разминирования и радиохимической разведки.

Евроатлантический координационный центр реагирования на стихийные бедствия и катастрофы - это основной механизм НАТО по реагированию на гражданские чрезвычайные ситуации в евроатлантическом регионе. Его задача - координировать поступающие запросы и предложения о помощи в случае природных и техногенных катастроф.

Украина запросила тогда в том числе машины радиохимической разведки, костюмы химзащиты, мобильные лаборатории, индивидуальные дозиметры, антибиотики, перчатки, маски, различные медикаменты от ожогов…

@sashakots
https://t.me/epoddubny/11973",,,
24091,"В мае месяце, после того как наши войска взяли село Долгенькое я писал, что на позициях ВСУ было найдено тело убитой и изнасилованной женщины. Сейчас очередная страшная находка в лесах Изюмского фронта. Наши парни недалеко от бывших позиций ВСУ обнаружили захоронение, в котором находятся частично скелетированные останки нескольких женщин, судя по всему местных гражданских. 

А ведь у нас многие до сих пор не верят в то, что всушники абсолютно по скотски ведут себя с жителями юго-востока бывшей Украины. Надеюсь, что следственные органы и разного рода международные организации обратят внимание на данный случай и дадут правильную оценку изуверствам солдат ВСУ.",,,
24092,"ЭКСКЛЮЗИВ

Пленный наёмник из Хорватии [Векослав Пребег](https://t.me/MilitaryCriminal/670), которому может грозить смертная казнь в ДНР, рассказал о зарплате в ВСУ. 

По его словам, военные получали премии во время перемирия.

@MilitaryCriminal",,,
24093,"**Минобороны России представило результаты анализа возможной провокации на Запорожской АЭС

**🔻С 18 июля - станция подвергается регулярному обстрелу со стороны украинской армии из реактивных систем залпового огня;

🔻В ходе обстрелов повреждены вспомогательные системы обеспечения станции и объекты жизнеобеспечения Энергодара;

🔻Украинская сторона вместе с их кураторами из США пытается вызвать, по их мнению, незначительную аварию на АЭС;

🔻США замалчивают данные об обстрелах и ситуации на атомной станции, тем самым поощряя безнаказанность Киевского режима и способствуя возможному развитию ядерной катастрофы на территории Европы"";

🔻Минобороны предупредило, как может развиваться чрезвычайная ситуация на Запорожской АЭС и представило карту возможных последствий;

🔻При продолжении негативного развития ситуации с украинскими обстрелами может быть рассмотрен вопрос о выводе в холодный резерв 5-го и 6-го энергоблоков, что приведет к остановке Запорожской АЭС;

🔻Цель украинской провокации на Запорожской АЭС - создание зоны отчуждения до 30 км, введение международных сил и иностранных наблюдателей на станцию и обвинение российских военных в ядерном терроризме.

[Подписаться на @truekpru](https://t.me/+p3pOHrMFlcI0NWRi)",,,
24094,"Тут самый горячий участок фронта. По ""Пятнашке"" каждый день лупят ствольная артиллерия и минометы, но бойцы держат позиции. С начала спецоперации в бригаде погибли 16 человек. Учитывая масштаб боевых действий, это минимальные потери.

Формально часть находится в тылу — на окраине Донецка. На самом деле она вполне доступна для вэсэушников, вооруженных западной артиллерией. Здесь это понимают: во дворе, задрав четыре ствола в небо, замерла зенитная самоходная установка ""Шилка"". Эти ЗСУ неплохо зарекомендовали себя в борьбе с корректирующими огонь беспилотниками-разведчиками.

Полный репортаж. Читать лучше по ссылке, в телеге верстка слетает:

https://ria.ru/20220818/pyatnashka-1809988024.html",,,
24095,"#эксклюзив
Снайпер спецназа армии ДНР уничтожает живую силу противника под Авдеевкой.

@NeoficialniyBeZsonoV",,,
24096,"**Почему Украина использует запрещенные мины ""Лепесток"" и чем они так опасны

**Эти противопехотные мины можно сеять прямо с воздуха. Человек наступает на ""Лепесток"" — ему отрывает ступню. Взрывному механизму достаточно короткого, легкого сжатия. А благодаря зеленому или коричневому пластику они практически не заметны в траве и на дороге.

В 1998-году парламенты как минимум полусотни стран ратифицировали **__Договор о запрещении применения, накопления, производства и передачи противопехотных мин и их уничтожении.__** Украина была в числе тех, кто подписал договор. С четким обязательством не производить и не разбрасывать ""Лепестки"". Но, утилизировать запасы не спешила, и к 2022 году на украинских складах оставалось не менее 4 млн мин. [Использовать их ВСУ начали в Донбассе. ](https://www.kp.ru/daily/27433.3/4633176/?from=tg)В июле залп рассеял тысячи ""Лепестков"", в том числе в Центральном парке столицы ДНР. Где все эти годы, несмотря на обстрелы, гуляли мамы с детьми.

[Подписаться на @truekpru](https://t.me/+p3pOHrMFlcI0NWRi)",,,
24097,"**❗️Полиция в Харькове вымогает деньги у задержанных. «Иди и смотри» выяснил, сколько стоит свобода на Украине. 

**Намедни одного из жителей Харькова возмутило размещение в его дворе комплексов украинских РСЗО. 

💬__«После приезда полиции мужчину забрали «на подвал» и попросили подумать над своим поведением»__, — рассказал источник канала. 

По его словам, харьковчанин целые сутки находился в закрытом подвале, расположенном под одним из харьковских райотделов. 

Вместо оформления дела полиция предложила «договориться» и отпустить гражданина без оформления в СБУ. 

За 8 тысяч гривен (13,3 тысячи рублей) обещание было выполнено, и задержанный вернулся домой. 

Это далеко не единственный случай вымогательства. Харьковская полиция их поставила на поток.

**__@smotri_z__**",,,
24098,"Литовский портал LRT сообщает, что в среду вечером в стране вынужденно остановят большее количество производств из-за непомерных цен на электроэнергию, которые достигнут 4 евро за киловатт-час.
Не остановятся только предприятия непрерывного цикла, но и они вынуждены будут лишь поддерживать технологический процесс.

В этой новости есть два интересных аспекта. Первый — это то, что в Литве ещё какие-то производства, а второй — ну, ребят, сами виноваты. За что боролись, на то и напоролись. Лютая русофобия обязательно отзывается огромными финансовыми издержками. Когда вы наконец это уже поймёте.",,,
24099,"Скажите, а в нашем Мордоре какое положено наказание за любые мнения, выраженные 'в телефонных разговорах с гражданами', то есть в ЧАСТНЫХ беседах?

Правильно. Никакое.

https://t.me/sashakots/35002",,,
24100,"Украинка выселила семью из квартиры в Москве из-за того, что они русские. Пару выставили вместе с котом, а залог не вернули. Сильнее всего от стресса пострадала двухлетняя кошка Максюша.

 Во всяком случае, именно так история выглядит со слов арендатора — хозяйка квартиры [комментировать ситуацию отказалась.

](https://www.spb.kp.ru/daily/27432/4633512/)[Подписаться на @truekpspbru](https://t.me/truekpspbru)",,,
24101,"Тут в новостях промелькнуло, что поляки начинают предъявлять претензии Германии, мол Берлин строит имперскую политику и вообще Польша ещё до сих пор не получила всех репараций от побеждённого Советским Союзом Третьего Рейха. 

Если уж Германия и правда так хочет загладить свою историческую вину, то пусть делит Польшу. От независимой Польши нет никакой пользы, только вред. Вообще редко какая страна может быть настолько вонючим клопом, каким является Варшава. Пожалуй только Украина может составить ей конкуренцию.",,,
24102,"Друзья, помимо запросов от военных священников, **мне все чаще приходят просьбы о закупке грузов для наших военных**. Скоро выложу одно из видеообращений с фронта, адресованное нам с вами.

А пока поделюсь инициативой [замечательного музыканта и патриота Петра Лундстрема](https://t.me/petrlundstrem/5249), который вместе с двумя другими людьми вызвался собрать крупную сумму на покупку автомобиля для **резервистов из батальонов им. Александра Невского, ""Архангел Михаил"" и ""Русь""**. Именно они штурмали Пески вместе с 11 полком и ""Сомали"" и [водрузили над городом стяг со Спасом Нерукотворным](https://t.me/Andrafanaslive/6699).

Один из трёх людей, вызвавшихся помочь резервистам - я. Мы вместе с вами сделали уже много хорошего - этому в массе своей посвящен мой канал. Теперь прошу  помочь резервистам и добровольцам - **Победа куется всем народом**. Своим именем отвечаю за то, что помощь будет направлена тем, кому она действительно нужна. Низкий поклон каждому из вас, братья и сестры.

**Завел отдельную карту для сбора на нужды военных:

2202 2061 0139 4521
Андрей Сергеевич А.**",,,
24103,"Ого! Жительнице города Ирпень Киевской области сообщено о подозрении **по факту отрицания вооружённой агрессии РФ против Украины**, [сообщает](https://www.facebook.com/kyiv.gp.gov.ua/posts/pfbid0rbbMSxg9s5j6qNFZyamtXQuti8XN8TLQjBfx8ScgYLz2G3H53kC9FCsiYWiFy34Kl)[** пресс-служба**](https://www.facebook.com/kyiv.gp.gov.ua/posts/pfbid0rbbMSxg9s5j6qNFZyamtXQuti8XN8TLQjBfx8ScgYLz2G3H53kC9FCsiYWiFy34Kl) Киевской городской прокуратуры.

«Согласно материалам досудебного расследования, подозреваемая, проживая в Киевской области и осознавая факт временной оккупации вооруженными силами РФ части территорий нашего государства, в том числе Киевщины, в телефонных разговорах с гражданами Украины **отрицала факты убийств и насилия в отношении мирного населения Украины со стороны российских военнослужащих**, а также совершения ими других преступлений на временно оккупированных территориях».

Интересно, а к ней привезут толпу западных журналистов, как когда-то в Бучу?

@sashakots",,,
24104,"Боец киевской теробороны Александр Усик проводит обряд перед контрнаступлением на Херсон.

@sashakots",,,
24105,"Лучшее, что слышал по теме: «Аккредитация ДНР - доказательство предвзятости». Таков уровень «экспертов», комментирующих действия журналистов из сонной Европушки. 

Но я вот думаю, что если накат на медийку пошёл, то дела наши по этому направлению мало-мало выравниваются. Уж очень кучно валят в последнее время. 

https://t.me/sashakots/34997",,,
24106,"Самое интересное в борцах с ""русской пропагандой"" то, что они сами так хорошо рассказывают про неправильную работу русских корров на войне. Но сами на войну совсем не рвутся, чтобы показать как надо. Их на фронте никто никогда не видел. Они о войне предпочитают рассказывать из Лондона. 

https://t.me/sashakots/34997",,,
24107,"**«Зона СВО». Военкор Коц о дальнейшем развитии спецоперации

**Вооруженные силы России продолжают освобождать территории Донбасса. В новом выпуске программы «Зона» ее ведущий Руслан Китайгородский встретился с журналистом Александром Коцем. Военкор рассказал, как союзные силы уничтожают сотни резервистов и что ждет украинскую армию впереди.

[Подробнее на сайте ФАН](https://riafan.ru/23593327)",,,
24108,"Еще один диагноз в анамнез пациента. Ко Дню Независимости Украины в Киеве создали цветник, посвященный беспилотнику ""Байрактар.""

Композицию установили в Оболонском районе на развязке проспекта Степана Бандеры и улицы Богатырской.

Как вяжется турецкий дрон, не шибко проявивший себя за последние пять месяцев, с украинской самостийностью, неясно. Зато красиво. 24 тысячи цветов угрохали.

@sashakots",,,
24109,"По информации главкома ВСУ Валерия Залужного, российские войска выпускают по украинским позициям **от 40 до 60 ТЫСЯЧ снарядов в сутки**.",,,
24110,"**Минобороны РФ на форуме ""Армия-2022"" впервые показало сбитый на Украине БЛА Bayraktar TB-2

**Беспилотный летательный аппарат был практически в разрушенном состоянии, специалисты его восстановили. 

Bayraktar TB2 - ударно-разведывательный средневысотный БЛА большой продолжительности полета.

[Подпишись на Радио КП](http://t.me/radiokp)",,,
24111,"В моем советском детстве во Владивостоке этим «уникальным навыком» обладали почти все дети, игравшие в кубики - они же «плитки». 

Вместо монеток только были элементы облицовки стен - маленькие квадратные плиточки, ценность которых варьировалась в зависимости от расцветки. 

@sashakots

https://t.me/SolovievLive/121617",,,
24112,"Ну вот, собственно, официальное подтверждение Киева: что бы они ни обещали американцам, они будут бить по российской территории.

Украина, напомню, дала Вашингтону обязательства не наносить удары по территории РФ оружием, поставляемым Западом.

""У нас есть договоренности с Соединенными Штатами, что мы не будем использовать оружие, предоставленное нам Соединенными Штатами и партнерами, по территории Российской Федерации. **Но если мы сегодня говорим о деоккупации временно оккупированных территорий Украины, где находится враг, то соответственно у нас таких ограничений нет**"", - заявил министр обороны Алексей Резников.

На вопрос, есть ли у Украины оружие, способное наносить удары по Крыму, он ответил уклончиво:

""Любое оружие имеет соответствующее расстояние поражения. Поэтому в зависимости от того, с какой точки, с какой локации наносится или планируется наносить поражение, означает, можно ли достичь той или иной цели"".

То есть, по Крыму, когда появится возможность,  бить будут, по Донбассу, Запорожью и Херсонщине, когда они станут Россией, тоже будут бить. Американским оружием, британским, немецким. Никаких иллюзий. 

@sashakots",,,
24113,"Сегодня в разговоре задали вопрос: смогут ли пропагандисты быстро настроить население на освобождённых территориях Запорожья и Херсонщины на симпатии и лояльность к нам? Ответил, что пропагандисты - нет, но экономисты - да. Люди словам больше не верят - верят делам. Когда заходят комбайны и помогают убирать урожай - верят. Когда урожай скупается по цене, близкой к рыночной, а не за бесценок - верят. Когда кормят разговорами о будущей счастливой жизни - не верят. 

Они не плохие и не хорошие - они обыватели, которые плывут по течению и приспосабливаются к окружающей действительности. Им бы выжить сейчас. Помогите им выжить - и дальше выстраивайте долгосрочную программу по ликвидации последствий украинизации. Но параллельно с этим украину нужно вытравить из самой России.",,,
24114,"Бюст Герою России Канамату Боташеву установили в Гатчинском аэроклубе Ленинградской области

Канамат Боташев погиб в мае 2022 года во время боевого вылета над Луганщиной. Своим огнем он прикрыл группу товарищей, которая попала в окружение противника, но самолет генерал-майора был подбит зенитной ракетой. 
Посмертно он был удостоен звания Героя России

👉 [Мюсли Лаврова](https://t.me/MuesliLavrova)",,,
24115,"Обстрел укронацистами пивзавода Донецка нанёс серьезный ущерб экосистеме Ботанического сада ДНР.

 Напомню в результате обстрела 10.08 произошла утечка аммиака. В момент утечки концентрация его превысила норму в воздухе в 400 (!!!) раз. Аммиак попал в большой ставок ботанического сада. Сейчас его концентрация в воде превышает пдн в 50 раз. Вымерла вся экосистема ставка- рыбы, водоплавающие. Из за жаркого лета, уровень воды упал на метр, нет перелива - это спасло другие ставки и не позволило попасть аммиаку в Кальмиус. 
 Вот такой экоцид устроил киевский режим Донбассу.",,,
24116,"«Медали всем надо дать»

Новая часть интервью [пленного наёмника хорвата Векослава Пребега](https://t.me/MilitaryCriminal/666), которому может грозить смертная казнь в ДНР.

На видео он похвалил российских военных и рассказал, что, когда сдавался в плен, никто его не бил, не оскорблял и не издевался над ним:

«Просто разоружили. Парни, у кого были религиозные крестики, — [российские военные] — ничего не забирали. Просто руки нам связали и отвезли дальше». 

@MilitaryCriminal",,,
24117,"Британцы готовят украинцев к ведению боев в городской застройке. С этой дисциплиной у корпусов Донецка и Луганска дела обстоят сейчас куда лучше.

@sashakots",,,
24118,"Относительно новой техники для войск, то на ""Армия-2022"" были заключены новые контракты на поставки в войска танков Т-90, бронеавтомобилей ""Тигр"" и ""Тигр-М"", БТР-82А, модернизацию Т-80БВ. Также будут закуплены дополнительные вертолеты Ка-52М и Ми-28НМ, а также БПЛА ""Орлан-10"", ""Орлан-30"", ""Элерон-3"", ""Иноходец"", ""Орион"".

Очевидная необходимость увеличения производства техники для нужд СВО (и не только) обеспечит большое кол-во предприятий заказами на годы вперед.",,,
24119,"**Редакция **[**Украина.ру**](https://t.me/ukraina_ru)** рекомендует telegram-каналы наших друзей военкоров. Эти отважные ребята регулярно отправляются в зону проведения СВО, чтобы рассказать всему миру о том, что там происходит на самом деле: 

**[Ростислав Журавлев](https://t.me/nezhurka) – военкор, журналист и активный участник Русской весны;

[Свидетели Байрактара](https://t.me/bayraktar1070) – авторский канал военкоров РИА Новости Александра Харченко и Сергея Шилова;

[RIA_KotZ ](https://t.me/andrew_kots)– канал военного корреспондента РИА Новости Андрея Коца;

[Глеб Эрвье](https://t.me/gleberve) – военкор-художник;

[Александр Коц](https://t.me/sashakots) – военный корреспондент  с 20-летним стажем. Он всегда там, где горячо;

[Надана Фридрихсон](https://t.me/FridrihShow) – крутейшая телеведущая, журналист и военкор;

[Military photographer](https://t.me/photographermilitary) – канал ведет военный фотограф Виктор Антонюк;

[Никогда Никем Не Изданное](https://t.me/alchemiedeslebens) – канал военкора Украина.ру Филиппа Прокудина; 

[Андрей Казаков](https://t.me/SaintRi0) – военный корреспондент РИА Новости;

[Владлен Татарский](https://t.me/vladlentatarsky) – ополченец, военкор, писатель и бессменный ведущий шоу ""Вечерний ВладлЭн"";

[Регина Орехова](https://t.me/reshka89) – журналист, режиссер, автор документального фильма «Мирные» - снимала его 2 месяца в Донбассе;

[Русский Тарантасъ](https://t.me/DmitriySteshin) – канал легендарного спецкора «Комсомолки» Дмитрия Стешина.",,,
24120,"Дополню Александра: они тогда не просто отрицали потерю контроля над аэропортом, но продолжали направлять в него людей, уверяя, что объект контролируют ВСУ. 

Иными словами, военно-политическое руководство Украины жертвовало солдатами исключительно ради сохранения рейтингов Петра Порошенко. 

https://t.me/sashakots/34968",,,
24121,"Украинские националисты вновь открыли артиллерийский огонь по важным объектам инфраструктуры Новой Каховки. Так, 13 августа от обстрела ВСУ пострадали рабочие цеха завода ""Электромаш"" - одного из ключевых предприятий города. 
 
#сюжет
 
Предложить новость - @Kher_vest_bot",,,
24122,"Когда глава государства увольняет сразу несколько представителей спецслужб высокого ранга – это уже симптом. Когда это делается в разгар боевых действий – это уже диагноз. Владимир Зеленский уволил со своих постов начальников СБУ Львовской, Тернопольской и Киевской областей. 

Незадолго до этого своих кресел лишились начальники СБУ по Сумской, Полтавской, Закарпатской, Днепропетровской и Харьковской областям. В окружении президента говорят, что на этом чистки не закончатся. А то и перекинутся на другие силовые ведомства.

В июле, напомню, Зеленский уволил главу СБУ и генерального прокурора.

О чем могут говорить кадровые решения президента по Службе безопасности Украины? Во-первых, Зеленскому некому доверять. Его западные кураторы убрали уже практически всех близких людей «слуги народа», не оставив в окружении главы государства тех, на кого он мог бы опереться в случае необходимости. Ротацией кадров Зеленский старается избежать возможности появления каких бы то ни было центров силы, кроме его. Особенно это важно в преддверии президентских выборов, на которых бывший комик очень хотел бы победить. Иначе ему могут многое предъявить.

Во-вторых, таким образом президент пытается продемонстрировать населению, кто виноват в неудачах – будь то военные, экономические или социальные. Отвести удар от себя и продемонстрировать жесткую волю. А заодно напомнить о коварной кремлевской агентуре, которая проникла в самые высокие эшелоны украинской силовой машины. Я бы, честно говоря, был только за, но заявления Зеленского больше похожи на паранойю. Или ее имитацию, за которой холодный расчет – лишить политических конкурентов возможностей и влияния. То, что на Украине политика паркетная давно переплетена со спецслужбами, думаю, ни для кого не секрет. Тут еще бывшему артисту придется повоевать с Арсеном Аваковым, вот на это я бы посмотрел.

С кем Зеленскому будет сложно конкурировать, так это с военными. Командующий ВСУ набирает не только внутриполитический вес, но и международный. «Главный атаман Украины», - так его назвали восторженные польские журналисты. А психотип президента Украины не позволяет ему смотреть за ростом популярности генерала. Значит следующих чисток можно ждать в Минобороны Украины. Заодно покажут, кто виноват в неудачах на фронте.

[Моя колонка](https://www.kp.ru/daily/27432/4633320/)
 
@sashakots",,,
24123,"Видно по реакции Киева, насколько там неприятна потеря Песок. Настолько, что они до сих пор устами Арестовича и пресс-релизами Генштаба отрицают сам факт освобождения населенного пункта бойцами 1 армейского корпуса ДНР. А я этот факт видел своими глазами.

Помню, также в 2015 году они отрицали потерю донецкого аэропорта. А сегодня бои уже идут за песками, в направлении Первомайского и Водяного. В украинском Генштабе об этом пока, видимо, не знают.

@sashakots",,,
24124,"⚡️⚡️⚡️  «Российские друзья – настоящие друзья, которые стояли с нами плечом к плечу в борьбе с международными террористами. **Теперь мы хотим в свою очередь стать плечом к плечу рядом с вами**», - заявил министр обороны САР Махмуд Аббас на встрече с Сергеем Шойгу.

@sashakots",,,
24125,"И наша рубрика «Тонкие красные линии»

В Курчатовском районе Курской области 4, 9 и 12 августа украинскими диверсионными группами совершены подрывы шести опор высоковольтных линий электропередачи (110, 330 и 750 кВ), через которые Курской АЭС осуществляется энергоснабжение объектов промышленности, транспорта, жизнеобеспечения, социальной инфраструктуры и населения как региона, так и соседних субъектов страны.

Данные действия диверсантов привели к нарушению технологического процесса функционирования АЭС, - отметили в ФСБ. 

@sashakots",,,
24126,"Херсонская область получила автомобильные номера с кодом 184. 

Встречайте старый новый регион России:)",,,
24127,"❗️**Десятки трупов солдат ВСУ привезли в Харьков. Тела быстро сжигают в крематории и скрывают от родственников

**Ранее “Иди и смотри” [сообщал](https://t.me/smotri_z/4089) о работе передвижного крематория в Харькове. За это время в нем сожгли сотни тел украинских солдат.

Намедни в крематорий возле метро ""Академика Павлова"" поступила свежая партия мертвых солдат ВСУ. По данным источников “Иди и смотри”, они были ликвидированы ВС РФ севернее Золочева.

__“Речь идет о десятках тел, которые скрывают от родственников”, __— рассказал собеседник канала. 

По его словам, сейчас тяжелые бои идут в районе населенного пункта Уды в Харьковской области, где ВСУ несут большие потери.

Параллельно высокие потери ВСУ подтвердили “Иди и смотри” в харьковском госпитале.

Координаты передвижного крематория: 50.011405, 36.319730

**__@smotri_z__**",,,
24128,"❗️Дорогие крымчане! Знаю, вы есть среди подписчиков, этот пост обращён прежде всего к вам.

Здесь многократно сообщалось о попытках совершения терактов и диверсий в Крыму со стороны украинских спецслужб при непосредственной поддержке иностранных специалистов. Например, в [октябре 2019 года](https://t.me/DailyWar/4539). Или в [июне 2020 года](https://t.me/DailyWar/6049). В [декабре 2021 года](https://t.me/DailyWar/7427). И ещё очень много много случаев. Просто вбейте в поисковике канала ""Крым теракт"" и убедитесь в этом сами.

Абсолютное большинство подобных терактов и диверсий было предотвращено ещё на этапе подготовки. Иногда ценой жизни сотрудников. 

Так в 2016 году группа украинских диверсантов при попытке пересечь границу в Крыму была остановлена нашими пограничниками, военными и сотрудниками ФСБ. Завязался ожесточенный бой, в котором, к сожалению, [погибли сотрудник ФСБ Роман Каменев и ефрейтор ВС РФ Семён Сычев](https://t.me/DailyWar/7236).

Глупо было предполагать, что с началом спецоперации на Украине Киев оставит попытки дестабилизации обстановки в регионе. Тем более что Крым – это и важнейший транспортный узел, и ресурсная база, и идеологический символ, и много ещё чего.

Поэтому сегодня вам, крымчане, прежде всего вам необходимо быть во много раз бдительнее. На полуострове есть люди симпатизирующие украинскому режиму, есть потенциальные, а есть и действующие диверсанты. Будьте внимательнее к мелочам и при возникновении малейших сомнений лучше обратиться в правоохранительные органы. 

Потому как любая диверсия или теракт всегда угрожают жизням и здоровью ваших родных и близких. Угрожают потерей вашего имущества и жилья, бытовыми проблемами, как отсутствие света или воды. 

За примером далеко ходить не надо. Рядом Херсон, который Киев называет оккупированным, своим. Но почему-то каждый теракт, устроенный украинскими спецслужбами, уносит жизни простых жителей города. 

Будьте бдительны и берегите себя!",,,
24129,"⚡️**Ветеран АТО признается в военных преступлениях**⚡️

Сегодня у нас в эфире **Костомаров Сергей Александрович**, уроженец г. Изюм, бывший военнослужащий 92 омбр ВСУ. В 2014-15 годах участвовал в АТО. Признался в военном преступлении:

В **мае 2015** года в посёлке **Нижнетёплое** Луганской Народной Республики по приказу командира роты 92 омбр майора **Холода Андрея Евгеньевича** были расстреляны ремонтники, прибывшие в поселок чинить водопровод. Исполняли приказ солдат **Виктор Мартыш** и механик-водитель **Евгений Басенко**. Украинскими боевиками погибшие были выданы за военнослужащих ВС РФ.
Сергей Александрович раскаивается за присутствие на месте преступления и призывает военнослужащих ВСУ сложить оружие и сдаться.

Про минирование города минами ""Лепесток"", как сам говорит __""ну что-то слышал""__. Мнётся.
С гордостью говорит, что__ ""мы (прим. ред. ВСУ) взрывали мосты""__ в Изюме. Упоминает о наградах и поощрениях от МО Украины.

☠️ #тактическая_денацификация доберется до всех украинских боевиков. ☠️

[👔 Тактический галстук](https://t.me/tacticalnecktie)",,,
24130,"**Что творится в мире глазами зарубежных СМИ — говорит и показывает канал «**[**БайБайден**](https://t.me/bye_biden)**»**.

Свежие и актуальные переводы, вдумчивая аналитика. Здесь ты поймешь причины и последствия происходящей мировой суеты. 

Подписывайся — будь предупрежден и вооружен. 

**__🌐__****__https://t.me/bye_biden__**",,,
24131,"**Глава Крыма Сергей Аксенов с места происшествия в воинской части в Джанкойском районе: 

**🔻На данный момент продолжается детонация

🔻Двое гражданских пострадали в результате детонации, их жизни ничего не угрожает

🔻Идет эвакуация жителей, для обеспечения безопасности людей выводят за пятикилометровую зону

🔻Задействованы силы МЧС, Минобороны РФ, Росгвардии, экстренные службы.

Минэнерго сообщает, что пожар на складе уже локализован

[Подписаться на @truekpru](https://t.me/+p3pOHrMFlcI0NWRi)",,,
24132,"Российский доброволец, боец «Пятнашки» с позывным «Камчатка» рассказывает о своей мотивации приехать на войну",,,
24133,"Подписчики спрашивают, кто такой Андрей Богатов, Герой России, который развенчал миф о скоропостижной кончине Пригожина:

Богатов Андрей Михайлович – офицер запаса Вооружённых Сил Российской Федерации.   Родился 14 июня 1964 года в городе Старый Оскол Белгородской области.   Работал электромонтёром цеха окомкования и металлизации на Оскольском электрометаллургическом комбинате имени Л. И. Брежнева Министерства чёрной металлургии СССР.   Срочную службу проходил в воздушно-десантных войсках, принимал участие в боевых действиях на территории Демократической Республике Афганистан в составе ограниченного контингента советских войск. Был награждён орденом Красной Звезды и боевыми медалями.   В 1990-х годах в качестве добровольца принимал участие в гражданской войне в Югославии.   В 2013-2016 годах, находясь в запасе, неоднократно выезжал в Сирийскую Арабскую Республику, где в 2015-2016 годах принимал участие в военной операции против запрещённой в Российской Федерации международной террористической организации «Исламское государство». За мужество и доблесть награждён орденом Мужества. Весной 2016 года в бою под Пальмирой был тяжело ранен, но продолжил руководить подразделением.   Указом Президента Российской Федерации («закрытым») от 17 марта 2016 года за мужество и героизм, проявленные при выполнении специального задания, **Богатову Андрею Михайловичу** присвоено звание Героя Российской Федерации с вручением знака особого отличия – медали «Золотая Звезда».  
@sashakots",,,
24134,"Герой России Андрей Богатов поделился с нами фото, сделанным вчера в Попасной. И подписал ""Ищем с   Пригожиным его тело 😂""",,,
24135,"Ответ на [письмо](https://t.me/sashakots/34947) подписчика из Артемовска:

«Добрый день, пару слов к письму из Артëмовска: с 24.02 по 16.03 были у себя дома в Гостомеле Киевская обл. Прекрасно было видно да и слышно откуда( с. Горегка возле Киева,там стояли ВСУ) выстрел и приходы конечно же по жилым домам, где на то время наших ребят (РФ) ещё не было. 

Мы с мужем, наверное, единственные, кто об этом говорил вслух, а соседи, будто заколдованные, были уверены что это Россия. Хотя включи мозги, уши и всё станет понятно. Но.... Этот народ не убедить, да и стоит ли?

@sashakots",,,
24136,"ФСБ после сообщения о нейтрализации готовивших взрыв на нефтепроводе в Волгоградской области опубликовали оперативное видео с места происшествия.

[Подписаться на @truekpru](https://t.me/+p3pOHrMFlcI0NWRi)",,,
24137,"Вчера выехал через ленту со своим товарищем, который первый раз со времени начала СВО взял отпуск. Более того, перед самым началом войны он добровольно отчислился из Академии, продал плейстейшн ( это не шутка), дабы купить себе полевую форму ( в академии у него полёвки не было). 

Пересекли границу, заехали в Белгород смотрю, на Евгене нет лица. На мой вопрос, что случилось, он ответил следующее: «Чувствую себя е@аным дезертиром, уехал отдыхать, пока все воюют». 

Человек полгода не был в России, все время воевал, получил законный отпуск и расстроился от того, что покинул зону боевых действий. Именно на таких держится армия, сейчас в зоне боевых действий остались самые идейные и мотивированные, и именно они должны составить костяк новых вооружённых сил. 

Те, кто полгода без всяких ротаций, с одним или максимум двумя 15 суточными отпусками воюет и продолжает воевать, те кто возвращается после ранений - соль земли и костяк армии. Со своей стороны я бы очень хотел, что бы денежное довольствие солдат и офицеров было увеличено, тем более страна может себе это позволить.",,,
24138,"От подписчика из Артемовска:

«Привет. 8 день без воды и 6 без света.

Ночью был такой артобстрел, что аж двери чуть не вылетели. Скакали так, что мы руками держали. Окна целые. Но такого ещё не было.

Каждая ночь - это всегда напряженка, так как именно по ночам прилетает по жилым домам. Кое-кто считает себя сильно умным и думает, что не видно, как снаряды летят и откуда. Вот только все знают, что это те же люди, что и 3 месяца подряд. Да и по дыркам видно откуда летело. 

Хотя есть и такие, кто думает, что это русские заезжают в город, который полон ВСУ, и спокойно обстреливают дома и так же спокойно выезжают из него. Не удивляйтесь. Человеческая глупость не знает границ. Иногда удивляюсь, зачем человеку уши, глаза и мозг. 

Для тех кто не понимает зачем это делается: настроить народ против России (люди по-прежнему сдают позиции ВСУ. Это к слову о том, как хорошо жили все эти годы и вот пришли русские и все сломали) , принудить к эвакуации (смотрите обращение президента и законы, которые подписывают), просто месть за деяния, которые я описал выше и ненависть западенцев к восточным украинцам. 

Огромная часть ВСУ - с западной Украины. Конфликт между западом и востоком начался уже очень давно. Мне об этом еще мать рассказывала. Она сама украинка. Да и не только она. Западенцы всегда смотрели на местных как на людей второго сорта. И нет ничего удивительного в том, что восток не захотел жить с западом еще в 14. А теперь и подавно». 

@sashakots",,,
24139,"Беспилотчики Отважных кошмарят противника на Северском направлении [изделием Романтика](https://t.me/sashakots/34752).)

Больше [Романтики](https://t.me/sashakots/34752) в каждый окоп!

@sashakots",,,
24140,"Фантомный глава Луганской «администрации» Гайдай не жалеет вагнеровцев:

«Насчет главы вагнеровцев, наверное, не будет такой замечательной новости, но заместители - да. Больше ста», - похоронил он музыкантов.

Больше ста заместителей - каково?! При том, что в ЧВК максимально упрощена военная бюрократия и удалены промежуточные звенья.

@sashakots",,,
24141,"🇷🇺🇺🇦 На Угледарском направлении ВСУ подбили из ПЗРК российский вертолет Ка-52. Он выполнял огневую поддержку подразделений ВС РФ и НМ ДНР, которые вчера смогли прорвать украинскую оборону и продвинуться в направлении **Угледара.**

До попадания **двух** зенитных ракет вертолет уничтожил две укрепленные позиции украинских формирований. Борт совершил вынужденную посадку, а прибывший экипаж ПСС эвакуировал пилота и штурмана. Их жизни вне опасности.

Пожелаем экипажу скорейшего возвращения в строй и продолжать так же точно накрывать живую силу и технику ВСУ. 
#Донецк #Россия #Угледар #Украина
@rybar

__*Поддержать нас:__ `4377 7278 0407 7977`",,,
24142,"Синоптики Отважных прогнозируют «Ураган» на Северском направлении.

@sashakots",,,
24143,"Фотографировать военные объекты ( с топопривязкой) и тем более выкладывать фото в интернет, конечно же нельзя. За подобное надо бить по рукам или даже по лицу. Но и перекладывать всю ответственность на дурачка, тоже не стоит. 

ВСУ ежедневно лупят Химарсами по предполагаемым складам и штабам ВС РФ. И зачастую их разведданные складываются из того, что люди месяцами не меняют своё местоположение, пренебрегают маскировкой и вообще не слышали о том, что в какой-нибудь Буафенг лучше ничего не говорить. Да и с Азартом стоит быть аккуратнее. 

Идёт война с высокотехнологичным противником, имеющим в своих рядах грамотных офицеров и пользующегося космической, радиотехнической, агентурной  разведкой всего блока НАТО. Поэтому и работать против него стоит соответсвенно.",,,
24144,"**Как я покупал ""Джавелины"" через Даркнет

**В мир даркнета военкора ""КП"" [Александра Коца](https://t.me/sashakots) погружал специалист по этой закрытой сети, который с течением спецоперации начал замечать новую тенденцию на ""черном"" оружейном рынке.

💬 __Здесь всегда продавали оружие. Заходишь на форум, пишешь продавцу, выбираешь товар, оплачиваешь либо биткоином, либо форумной валютой и ствол отправляют частями в разных посылках. В магазинах есть раздел: ""Закажи ствол"". Я, конечно, не стал писать, но, думаю, если ""Джавелин"" у них заказать, проблем не будет,__ - уверяет **Евгений.

**В общем, решили заказать. Вбиваем в поисковую строку название и всплывают десятки объявлений. В описании аккаунта с геотегом ""Киев""  предупреждение: __""Прежде, чем напишешь мне, прочитай это. Доставка до польской границы +4000$ к вашему заказу. Есть 18 штук"".__ Интересно, сколько у него было изначально.

[Продолжение в нашем материале 

](https://www.kp.ru/daily/27431/4632565/?from=tg)[Подписаться на @truekpru](https://t.me/+p3pOHrMFlcI0NWRi)",,,
24145,"Найти Хамви противника и уничтожить. Миссия выполнена Отважными. Северское направление.

@sashakots",,,
24146,"ЭКСКЛЮЗИВ 

Сегодня, 15 августа, в Верховном суде Донецкой Народной Республики начинается рассмотрение дела подданных Великобритании Джона Хардинга, Эндрю Хилла и Дилана Хили, а также граждан Швеции и Хорватии Матиаса Густавссона и Векослава Пребега, принимавших участие в боевых действиях на стороне Вооружённых сил Украины.

В случае признания их вины им может грозить смертная казнь.

Смотрите интервью с Векославом Пребегом, которое он дал накануне.

@MilitaryCriminal",,,
24147,"Казалось бы, прогремевший на прошлой неделе фильм американской компании CBS «Вооружая Украину» должен был стать причиной срочного созыва Совета НАТО или, как минимум, Совбеза ООН. В нем шведский журналист и глава НКО Blue/Yellow Джонас Оман объявил миру, что до фронта доходит лишь 30 процентов отправляемого Западом на Украину «железа». Как выяснилось, у натовских партнеров Киева нет ни малейшего представления о схемах поставок их оружия.

Речь идет о десятках миллиардов долларов, потоки которых в незалежной оседлали решалы всех мастей, прогоняя грузы через фирмы-прокладки. И западное вооружение стало подозрительно часто исчезать где-то в тылу. Оман не понимает, куда девается большая часть грузов после пересечения границы. Рано или поздно «излишки» где-нибудь всплывут. Оптовые партии – в какой-нибудь африканской стране, а вот сбыт в розницу, как выяснилось, уже налажен. В даркнете – закрытой интернет-сети –ассортимент «радует» глаз.

Как я [покупал Джавелин](https://www.kp.ru/daily/27431/4632565/)

@sashakots",,,
24148,"Создали канал про Сочи, а заодно про весь Краснодарский край, там выкладываем самые интересные, красивые и малоизвестные места: **кафе, пляжи, рестораны, креативные пространства, базы отдыха, гостиницы** и многое другое!

А также все самые свежие новости ⚡️

Ссылка⬇️
https://t.me/+9j2PaNjQblE4Mzgy",,,
24149,"Вот многотонная махина выезжает из укрытия и по проложенному маршруту выезжает на позиции перед Песками. Три выстрела, отход назад, в лесополосу, где «зеленка» пока скрывает технику.

- По каким целям сейчас работали? – спрашиваю командира танковой роты 11 полка «Сухого».

- Работаем по плановым целям, откуда ведет корректировку противник. Это для нас сейчас в первую очередь. Ведет корректировку по нашей пехоте, по нашим огневым точкам. Уничтожаем доты.

- Дистанция довольно большая до противника. Как получается доставать?

- Опыт уже, научены, умеем навесом бить. Сейчас уже цели не в Песках, а в Первомайском – следующем селе.

Мой [большой репортаж](https://www.kp.ru/daily/27431.5/4632164/) из-под Песок.

@sashakots",,,
24150,"**Что значит взятие Песок для дальнейшего продвижения армии России на Донбассе

**Взятие союзными силами населенного пункта Пески в Донецкой Народной Республике [является стратегическим успехом российской армии и сил ДНР](https://www.kp.ru/online/news/4874315/?from=tg) и в то же время имеет психологический терапевтический эффект, считает военкор «Комсомольской правды»[ Александр Коц.

](https://t.me/sashakots)__«Дальше наши войска могут развивать наступление как на запад в сторону Карловки, расширяя границы контролируемой территории, так и на север в сторону Водяново – это еще один населенный пункт на подступах к Авдеевке, то есть, постепенно заключать Авдеевку в такое полуокружение, а далее, если помогут коллеги с Горловского направления, можно будет говорить о полной блокировке этого города»__.

[Подписаться на @truekpru](https://t.me/+p3pOHrMFlcI0NWRi)",,,
24151,"Ровно 30 лет назад Грузия вторглась в Абхазию. Боец интербригады «Пятнашка» Малыш свой позывной носит еще с той войны. А сегодня стоит на позициях под Авдеевкой. Ветеран рассказывает о себе и о своем отношении к грузинам, воюющим на той стороне",,,
24152,"👏👏👏👏👏 Друзья, мы рады сообщить Вам, что нас теперь более ПЯТИ тысяч! Мы очень долго ждали этого момента, и вот он настал! Благодарим всех Вас за поддержку, мы будем и дальше прилагать все усилия, чтобы Вам с нами было интересно! 😊

Хотим выразить отдельную благодарность нашим коллегам, которые помогают нам расти, развиваться и вносить свой вклад в приближение нашей общей Победы:

[Kotsnews 
](https://t.me/sashakots)[Оперативные сводки
](https://t.me/opersvodki)[ЧВК Медиа
](https://t.me/chvkmedia)[WarJournal [Z]
](https://t.me/warjournaltg)[Сербский дивергент
](https://t.me/panteri_panteri)[Тройка
](https://t.me/rustroyka1945)[Военное обозрение
](https://t.me/topwar_official)[Направленец по Украине
](https://t.me/ukrainian_guide)[Харьков Z
](https://t.me/Kharkov_Z_news)[Радио Жизнь
](https://t.me/zhizn_fm)[Харьковская народная республика
](https://t.me/KharkovPR)[РаZвед_ДоZор
](https://t.me/razved_dozor)[Рядовой на проводе
](https://t.me/Soldierline)[Склад свидомых перемог
](https://t.me/peremogi)[Интербригады 2022
](https://t.me/interbrigady2022)[VZВОД

](https://t.me/VZBOD)Работаем, братья!

#тактический_успех

[👔](https://t.me/tacticalnecktie) [Тактический галстук](https://t.me/tacticalnecktie)",,,
24153,"🇷🇺🇺🇦**☢️** ВСУ в очередной раз обстреляли **Энергодар,** где находится крупнейшая в Европе **Запорожская АЭС.**

Судя по найденным на месте обломкам, украинские формирования использовали беспилотники-камикадзе. Ранее они [уже применяли](https://t.me/rybar/35391) аппараты этого типа для ударов по атомной станции.

В ходе налета погибла собака: ее хозяин успел скрыться от осколков, но псу повезло меньше.

Целенаправленные обстрелы города проходят в рамках политики Киева по [созданию паники](https://t.me/rybar/37056) на освобожденных территориях и срыве интеграционных процессов с Россией.
#Запорожье #Россия #Украина #Энергодар
@rybar

__*Поддержать нас: __`4377 7278 0407 7977`",,,
24154,"The Washington Post тут посчитали стоимость ресурсов, которые Украина потеряет (а значит Россия приобретет) в ходе боевых действий - 12,4 триллиона долларов. При этом издание подчеркивает, что речь идет об абсолютном большинстве различных металлов и минералов, которые широко применяются в высокотехнологичных областях.

«Худший сценарий заключается в том, что Украина потеряет землю, перестанет иметь сильную сырьевую экономику и станет больше похожей на одну из стран Балтии».

@sashakots",,,
24155,"**Командир ""Кракена"" признал, что у ВСУ нет шансов победить российскую армию

**Попавший в плен командир украинского нацформирования ""Кракен"" Дмитрий Стрельников заявил, что спецоперация РФ завершится [поражением украинских военных](https://www.kp.ru/online/news/4873918/?from=tg). По словам Стрельникова, в целом подавляющее большинство бойцов ВСУ и нацформирований не умеют пользоваться поставляемым на Украину западным оружием.

[Подписаться на @truekpru](https://t.me/+p3pOHrMFlcI0NWRi)",,,
24156,"**«Сегодня я получил счет за электроэнергию за июль - 5128 евро. В прошлом году я заплатил 1371 евро за тот же период, потребляя на 200 кВтч меньше. кВтч в 2021 году стоил 9 центов, сегодня 53, увеличение на 468%!» 

**Итальянский производитель мороженого в слезах рассказывает о счетах за электричество.",,,
24157,"Ааа! Amnesty International проведет проверку своего доклада об использовании украинскими военными гражданских объектов с привлечением внешних экспертов, сообщили немецкое агентство dpa и Deutsche Welle. 

Немецкое бюро правозащитной организации считает, что результаты доклада «не были переданы с той деликатностью и точностью», которых ожидали от организации.

Это что, эксперты будут определять, школа это или располага? Ясли или временный пункт управления? 

@sashakots",,,
24158,"Получасовой документальный фильм про зарождение украинского национализма, смонтированный в 2019 году в кустарных условиях.
Наглядно демонстрирует причины современного отношения украинцев к русским, а также распространия националистических взглядов. 
Последствия наблюдаем прямо сейчас.",,,
24159,"Десантура кошмарит пехоту противника на Херсонском направлении. Раненым повезло доскакать до бусика и умчать в лесопосадку. Остальные остались под мостом.

@sashakots",,,
24160,"Стрелков прокомментировал свою попытку прорваться на фронт. В своих стримах он куда красноречивее.

@sashakots",,,
24161,"Боевик батальона «Кракен», попавший в плен в ЛНР, рассказал, что слухи о непобедимости его подразделения слегка преувеличены. Объяснил, как проходит набор и подготовка в батальоне. И поведал грустную историю о том, как его бросили свои. Просто прислонили к дереву и ушли. Два дня ползал по лесу, просил помощи. Пришли русские, помогли.

@sashakots",,,
24162,"Ночная атака нацистов на Антоновский мост в г Херсоне.

Работало РСЗО “Himars”. Наше ПВО отработало практически все воздушные цели, но всё же части ракет удалось попасть в цель. 

Видео скинули местные жители города. Они пишут, что после таких атак на город, просто ненавидят киевскую власть и желают им гореть в аду. Это дословно.",,,
24163,"**⚡️Комбат Иван, командовавший танковым батальоном 6-го казачьего полка — получил Героя России! 

**Осмелюсь взять на себя функцию Конашенкова и озвучить подвиги нового Героя России[,](https://kazved.ru/images/uploads/27c2dc7f41d9b7787255cd544efc9768.jpg) по совместительству моего друга Ивана Додосова, с которым мы познакомились в Попасной (во взятии которой его бат выполнял основную роль). После он засветился в моем ролике командуя [штурмом](https://t.me/readovkaru/751) Камышевахи, выводя танк из-под огня. Там я снимал его только со спины, но теперь лицо комбата показывают по телевизору, медаль вручает Шойгу. 

Иван не был похож на строгого человека, но когда он говорил — бойцы слушали с открытым ртом. Когда он ругался на совещаниях, дрожь пробегала и у меня, хотя причем здесь я? «Ты ходишь по краю!» — отчитывал комбат провинившегося танкиста. После рассказывал нам про своих животных. 

«В первую командировку я себе кота завел. Звали Персик. Сука, редкостное уебище! Сколько съест — ни хуя не набирает!» 

Перед отъездом Ваня взял себе собаку. Он взял Попасную, Северодонецк, Лисичанск, черт его знает сколько ещё городов он взял! Но в тот момент он взял щенка. Порода стафф. Назвал Тайсон. Повез дочке.

— Как думаешь, почему назвал его Тайсон? 
— Дерется? 
— Да пизда вообще! 

Комбат ездил на совещания на своем Т-80, дрифтуя по луганским дорогам. Свою свадьбу он пропустил из-за срочной командировки. Не застал рождение дочери  — по той же причине. В 33 года майор и готовится получать подполковника. Имеет Орден Мужества и Героя России. Что был здесь в 2014 говорить было нельзя — сейчас это говорят по ТВ. 

Что-то в России определенно меняется, какие-то плиты медленно сдвигаются. А с будущим генералом Иваном не будет стремно и Америку от нацизма полечить. 

@imashevNB",,,
24164,"ВСУ выпустили девять снарядов по территории, прилегающей к ТЭС Энергодара, сообщили в военно-гражданской администрации.

[Подписаться на @truekpru](https://t.me/+p3pOHrMFlcI0NWRi)",,,
24165,"Из-за обстрелов американскими Хаймарсами по Каховской ГЭС остановлены три из шести турбин гидроэлектростанции. Объект работает в предаварийном режиме. Нарушения систем выработки электроэнергии и сброса воды могут нарушить работу объединенной энергосистемы и негативно повлиять на охлаждение реакторов Запорожской АЭС, что повлечет не только сбои в подачи электричества, в том числе на территорию, временно подконтрольную Украине, но и приведет к экологической катастрофе в регионе.",,,
24166,"**Киев продолжает скандалить с Amnesty International

**Скандал с докладом международной организации, в котором правозащитники обвинили ВСУ в нарушении правил ведения военных действий и совершении военных преступлений, давно бы мог утихнуть, но [Киев желает сатисфакции и извинений.
](https://www.kp.ru/daily/27431.5/4632126/?from=tg)Украинские власти, обидевшись, что извинения не такие на которые они рассчитывали, обвинили компанию Amnesty International в использовали для подготовки скандального отчета показания людей, которые находились в лагерях и тюрьмах, а значит, интервью отобраны под  давлением.

💬 __Никто из людей, у которых мы взяли интервью для получения доказательств, не находился в российских тюрьмах или ""фильтрационных лагерях"" или на территориях, контролируемых Россией,__ — ответили в Amnesty International. Но разве это аргумент для Незалежной?

[Подписаться на @truekpru](https://t.me/+p3pOHrMFlcI0NWRi)",,,
24167,"Военкор ""КП"" [Александр Коц](https://t.me/sashakots) пообщался с бойцами ВСУ, которые сдались в плен после освобождения поселка Пески в Донецкой области.

💬 __Нас привезли неизвестно куда и неизвестно зачем, еще и ночью, сказали, держитесь и все,__ - поделились украинские военнопленные.

[Подписаться на @truekpru](https://t.me/+p3pOHrMFlcI0NWRi)",,,
24168,"За две мясных котлеты гриль. **За булочку с кунжутом.** Украинские пропагандисты рассказали, за что воюют солдаты ВСУ. В духоподъемном ролике «герой» Украины честно признался, что **готов умереть за черниговский «Макдональдс».

**__«Мне терять нечего! Я Чернигов люблю, тут «Макдоналдьс» прикольный. Потому что не в наших интересах было пропустить их сюда. Чтобы они «Макдональдс» разрушили? Зачем?»,__ - признался боевой хлопец.",,,
24169,"От подписчиков из Самары. «Здравствуйте, Саша! Передаем поздравленья для летчиков! С любовью из Самары!»

@sashakots",,,
24170,"Русские воины пощадили оставшегося в живых при штурме позиций ВСУ окровавленного укра, вывели его из блиндажа и даже окажут первую помощь.

В этом отличие наше от них - озлобленных и забесовленных, лишенных человеколюбия.

@voenkorKotenok",,,
24171,"Смерть москалям"" - украинец в Европе указывает** **[**русскому мужику**](https://t.me/+nvPtm0Nt7P5iNzgy)**,** где он может отдыхать и куда ездить. Русский пытался объяснить на словах, культурно - но не получилось!
Вырубил украинца с удара, но при этом не стал добивать! А может и нужно было.


**СМОТРЕТЬ ВИДЕО 👇 
****https://t.me/+nvPtm0Nt7P5iNzgy**",,,
24172,"Эксклюзив от воинов-подписчиков.

Обломки американской высокоточной ракеты GMLRS, запущенной украинской армией по одному из объектов в городе Энергодаре, Запорожская область. 

@milinfolive",,,
24173,"Люся «Очень себя люблю» Арестович. И вот этого самовлюбленного павлина на полном серьезе поставили главным засирателем украинских мозгов. Специалист во всем.

@sashakots",,,
24174,"В Черновцах демонтировали памятник советскому солдату. Они еще и братскую могилу под ним планируют перенести. Лишний повод для расширения операции.

@sashakots",,,
24175,"**Очередное подтверждение того, что ВСУ используют гражданский транспорт для перевозки вооружения и боеприпасов. 

**На фоне многочисленных жалоб от родственников военнослужащих о нехватке вооружения и некомпетентности командования один из подписчиков канала [72 бригады ВСУ решил](https://t.me/Brigada_72/295) всех успокоить и развеять этот “слухи”. Только в ходе своего сообщения он совсем немного проговорился и поведал, что еженедельно **боеприпасы им поставляются в фурах компании АТБ (!)**. Тем самым еще раз подтвердил то, о чем уже давно твердит Россия: командование ВСУ целенаправленно нарушает нормы и обычаи войны, перевозя военные грузы гражданским автотранспортом. Поэтому в следующий раз, когда ВС РФ поразят подобную цель и укрпропаганда в один голос будет твердить: __“злые орки опять обстреляли гражданские объекты”,__ знайте, как к этому относится.

Интересно то, что украинские подписчики сразу начали писать в комментариях о том, что не нужно публично обсуждать детали логистики вооружения и боеприпасов. А у большинства родственников украинских военнослужащих возник вопрос, “__если боеприпасы есть, то почему ими не стреляют по противнику, когда русские наших накрывают?”__.

@sashakots",,,
24176,"__Обстрелы Запорожской АЭС привели к тому, что нагрузки минимальные, скоро Украина не будет получать ничего, мы будем спасать АЭС, консервировать__ — член главного совета администрации региона Рогов

[Подписаться на @truekpru](https://t.me/+p3pOHrMFlcI0NWRi)",,,
24177,"Сегодня Дмитрий Медведев посетил Луганскую Народную Республику где встретился с Денисом Пушилиным и Леонидом Пасечником.

@NeoficialniyBeZsonoV",,,
24178,"Кратко о жизни в Донецке, нет воды, а теперь пол города и без света. Постоянные звуки прилётов и отлетов. Никто из живущих здесь не знает когда и какой район окажется под прицелом артиллерии нацистов.

В общем ещё одно адовое лето для жителей столицы ДНР.",,,
24179,"Саперы ДНР обезвредили около 19 000 противопехотных фугасных мин нажимного действия «Лепесток»

Вдумайтесь

@MakarenkoLive",,,
24180,"🇷🇺🇺🇦 Фото с места [удара ВСУ](https://t.me/rybar/37038) по пожарной части около Запорожской АЭС в **Энергодаре.** Судя по всему, именно оттуда поднималось попавшее на видео облако дыма.

Здание объекта получило сильные повреждения. Всего в район части прилетело пять ракет. 
#Запорожье #Россия #Украина
@rybar

__*Поддержать нас:__ `4377 7278 0407 7977`",,,
24181,"ВСУ обстреляли Запорожскую АЭС. Власти региона сообщают, что обстрел велся РСЗО и тяжелой артиллерией. Зафиксировано не менее 10 прилетов. Обошлось без пострадавших

[Подписаться на @truekpru](https://t.me/+p3pOHrMFlcI0NWRi)",,,
24182,"Мое видео о ситуации на Песках. Поселок наш, но остаются небольшие очаги сопротивления на северо-западе населенного пункта.

@sashakots",,,
24183,"**Александр Коц: ВСУ оставляют Пески, но продолжают обстреливать боеприпасами с минами-""лепестками""

**__Украина сдает рубеж, с которого восемь лет терроризировала жителей Донецка. 8 лет они стояли здесь, упершись в передовой рубеж украинской армии. Провокации, ночные перестрелки, позиционное бодание… И все 8 лет, в том числе и из Песок, украинские артиллеристы ""кошмарили"" жителей Донецка и близлежащих городов. У многих в Донбассе чесались кулаки, на штурм Песок шли с особым азартом. 

Каждый оставленный населенный пункт ВСУ ровняли с землей, засыпая снарядами. И Пески не исключение. В поселке еще идут бои. Противник цепляется за небольшой район на северо-западе Песок, оказывая очаговое сопротивление. Он уже отрезан от основных сил, но продолжает упираться. В лучшем случае остатки гарнизона обречены на плен. Где, конечно, внезапно выяснится, что воевать они не хотели, их заставили…

__Подробнее — в [материале](https://www.kp.ru/daily/27430/4630796/?from=tg) @sashakots

[Подписаться на @truekpru](https://t.me/+p3pOHrMFlcI0NWRi)",,,
24184,"**❗️Российская армия ведет наступление в районе Северска, тяжелые бои идут в Соледаре и Бахмуте (Артемовске). 

**По данным «Иди и смотри», ВС РФ и НМ ДНР ведут штурм украинской линии обороны Северск-Соледар-Бахмут (Артемовск). 

Так, российская армия закрепилась на подступах к Северску и развивает наступление. В Бахмуте (Артемовске) добровольцы из группы «Вагнер» ведут уличные бои с украинскими частями. 

В свою очередь бойцы НМ ЛНР наступают в Соледаре в направлении Белокаменского огнеупорного завода. В городе также идут уличные бои. 

Под Донецком российская армия выбивает противника в Песках. В населенном пункте идет зачистка. Также тяжелые бои идут в районе Марьинки. 

Штурм украинских укрепрайонов, которые возводились последние 8 лет, по-прежнему остается нетривиальной задачей. От ее решения зависит судьба всего региона.

**__@smotri_z__**",,,
24185,Объективный контроль работы артиллерии славной 20 армии.,,,
24186,"ВСУ [не хотят так просто оставлять поселок Пески](https://www.kp.ru/daily/27430/4630796/?from=tg) - рубеж, с которого 8 лет терроризировали жителей Донецка. С места событий передает военкор «КП» [Александр Коц.

](https://t.me/sashakots)[Подписаться на @truekpru](https://t.me/+p3pOHrMFlcI0NWRi)",,,
24187,"Минобороны России опубликовало кадры боевой работы Российских десантников, в ходе разведывательно-поисковых действий обнаружили опорный пункт ВСУ.
     
@sashakots",,,
24188,"Первые американские ""Джавелины"" и британские NLAW попали к донецким военным еще в марте.

""Мы уже испытали их на полигоне, — рассказывает офицер армии ДНР с позывным Лютый. — Они хорошие, точные, но в руках наспех обученных теробороновцев бесполезны. Да и характер боев в Донбассе не позволяет раскрыть весь потенциал западных ПТУРов.

https://ria.ru/20220811/trofei-1808621644.html",,,
24189,"В Песках - жара. Населенный пункт наш, но на Северо-Западе поселка остаются разрозненные очаги сопротивления. ВСУ цепляются за любую возможность удержать Пески, которые последние 8 лет были передовым рубежом противника. В поселок даже завели группу украинских Сил специальных операций. 

Сейчас Пески контролируют подразделения 11 полка ДНР  и Сомали. Противник постоянно накрывает поселок артиллерией, ведет огонь из танков. 

Большой репортаж скоро на @truekpru

@sashakots",,,
24190,"**Центр анализа стратегий и технологий (ЦАСТ)** сообщает о выходе [книги ](http://cast.ru/books/chuzhie-voyny-novaya-paradigma.html)«**Чужие войны: новая парадигма»** под редакцией** Михаила Барабанова**. Автор предисловия — начальник Генерального штаба Вооружённых Сил Российской Федерации — первый заместитель Министра обороны Российской Федерации (2004–2008 гг.) генерал армии Юрий Балуевский. Спонсор издания — **АО «Концерн ВКО «Алмаз – Антей».

**Издание представляет собой сборник статей с описанием военно-воздушных аспектов ряда последних локальных вооруженных конфликтов и противоборства в них средств ПВО с новыми средствами воздушного нападения, в первую очередь со стремительно совершенствующимися беспилотными летательными аппаратами и ракетным оружием.

В издание включены материалы о боевом применении авиации, средств воздушного нападения и средств ПВО в ходе гражданских войн в Йемене, Ливии и Сирии, столкновений между Индией и Пакистаном в 2019 г., Второй карабахской войны осени 2020 г., а также о действиях системы противоракетной обороны Израиля.

Сборник будет полезен представителям оборонной промышленности и сотрудникам органов государственного и военного управления — министерств обороны, иностранных дел, а также других силовых ведомств и структур. Работа также представляет значительный интерес для военных экспертов, политологов, журналистов и всех тех, кто профессионально занимается проблемами национальной и военной безопасности, для слушателей и курсантов высших военных учебных заведений, студентов и аспирантов институтов и университетов.",,,
24191,"Отличная [инициатива](http://t.me/solntsepekZ/162) от базы с данными на украинских силовиков [«Солнцепёк»](http://t.me/solntsepekZ). Всегда, а особенно на войне, из-за самодуров в руководстве страдают и погибают подчинённые. Теперь каждый украинский силовик любого ведомства сможет анонимно отправить информацию на своего начальника или коллегу, если тот по жизни мудак или из-за тупости гробит людей. Думаю, что кроме личных данных и фото стоит добавлять и дискредитирующую информацию. Публикация такого рода информации минимум испортит негодяю карьеру.",,,
24192,"Россия высоко оценивает гуманитарную миссию МЧС Абхазии для жителей Донбасса — посол России в Абхазии Михаил Шургалин 

МЧС Абхазии после начала спецоперации России на Украине несколько раз доставляло в Луганск и Донецк гуманитарную помощь - продукты питания и питьевую воду. Кроме того, МЧС организовало приезд в Абхазию беженцев с Донбасса

@sashakots",,,
24193,"Посольство Китая в России:

Китаю известно о распространении США в других странах теории «неопределенного статуса Тайваня»

Принцип «одного Китая» является основным для дальнейшего развития дипломатических отношений Китая и США

Китай и Россия вступили в период самых успешных межгосударственных отношений

@sashakots",,,
24194,"Чтобы быть в курсе важнейших новостей, достаточно подписаться всего на один новостной канал.

СИГНАЛ — самый оперативный и точный. Он публикует свежие проверенные новости, резонансные расследования.

Здесь публикуется аналитика, разоблачения фейков, инсайды и эксклюзивы от репортёров. Наша рекомендация от души.

Подписывайтесь тут @ssigny",,,
24195,"Перед вами на видео реальная артдуэль  воинов-артиллеристов 3 мсд и гаубицы М-777 ВСУ.  Я уже писал, что по сравнению с началом СВО, уровень мастерства нашей артиллерии повысился на порядок. Вот как раз наглядное подтверждение моих слов. «Три топора» уничтожены, русские Боги Войны продолжают свою работу, перемалывая и перемалывая живую силу и технику противника.",,,
24196,"Беспилотник снял на камеру момент своего же уничтожения зенитной ракетой комплекса «Тор». Как утверждают источники, инцидент с уничтожением украинского беспилотного летательного аппарата произошёл несколько дней назад при проведении беспилотником разведки. Речь, по некоторым данным, идёт о беспилотнике R18, который может использоваться не только для проведения разведки и корректировки артиллерийского огня, но и для того, чтобы осуществлять сброс боеприпасов. Благодаря же возможностям комплекса «Тор», беспилотный летательный аппарат был успешно уничтожен ещё до того, как смог предпринять хоть какие-то действия.",,,
24197,"Группу Зверобой покажут в своём документальном фильме «Культурный фронт»  военкор Руслан Гусаров и режиссёр Олег Некишев. Абсолютная премьера ленты — 11 августа на «Красном Октябре». Начало в 19 часов. Мы тоже там будем.

Регистрируйтесь и приходите на закрытый показ киноклуба АRTel.
 Долгарева Анна прочтёт  там свои стихи. Свободных мест почти не осталось.

👉 aRTel.doc |

https://rtevents-org.timepad.ru/event/2086229/",,,
24198,"""- Цель! Завтра сделать больше. Не семь раз, а уже восемь. Какие восемь! Девять! Расти и вставать на ноги. Только так.""
""- Бывает и такое - что мне эта травма, за штанги хватаются, пытаются прыгать бегать... Тогда надо смирить, чтобы не рвали.""
Парни сами восстанавливаются после страшных травм и помогают возвращаться к нормальной жизни другим.
И мне очень хочется, чтобы наша страна наконец стала справедливой и человечной по отношению к тем, кто отдаёт ради неё свои жизни и здоровье. Чтобы статус участника боевых действий реально помогал и защищал, в том числе от бездушных бюрократов, а кровь, пролитая за Родину, не ушла в песок забвения, как бывало...
Пришло время!

Смотрим и слушаем истории - реальные, живые, мои.
Ваша Марьяна Наумова и проект ""МЫ ЖИВЫ"" из Республиканского реабилитационного центра, г. Донецк.",,,
24199,"Начмед 56-ой бригады ВСУ жалуется на критическую ситуацию в Артёмовске.

@NeoficialniyBeZsonoV",,,
24200,"Сегодня очередной день ""всепропальщика"" ! Взрывы в Крыму. Много версий от яркого солнца и бычка , до ударов гарпунами! Так как я мало верю в сказки , ну и вообще отношусь к вещам рельно , оставлю самую болезненую тему ! Удар ракет по аэродрому.Читаю комменты , диву даюсь ! Ребята, если вам не кому объяснить, попробую это сделать я ! Если самая жесткая версия удара ракетами имеет место быть , хочу вам сказать , абсолютно ничего не произошло , сейчас идет СПЕЦИАЛЬНАЯ ВОЕННАЯ ОПЕРАЦИЯ , наша страна , решает свои задачи, поставленные верховным главнокомандующим! Противнику были поставлены самые современные виды вооружения, у него есть возможность доставать по тем или иным военным объектам ! Таких случаев много , где- то пво срабатывает на сто процентов, где- то новые системы противника могут обмануть пво ! Помимо конфликта , идет еще и война технологий. Где- то мы побеждаем, где- то противник! Многие просто живут в своих мирках и думают что конфликт где - то там далеко..
Нет ребята, он у нас дома , не просто так мы ставили ультимаиумы до объявления СВО ! Многим пора проснуться и относится к вещам реально , пока мы не победим , подобные случаи будут повторятся и абсолютно не важно , ракеты это или вспыхнул окурок!",,,
24201,"Подразделениями ВС РФ Херсонской области успешно применяются высокоточные корректируемые артиллерийские боеприпасы «Краснополь», не уступающие в точности американским HIMARS, при стоимости 35 000$ против 1 000 000$. 
Только в подразделения ВДВ ВС РФ действующие в регионе поставлено свыше 5000 таких снарядов. 
На видео, ювелирным попаданием, уничтожена насаждающая мирному населению 155-мм американская гаубица М-777, стоимостью 3 700 000$.💥
Работайте братья!💪",,,
24202,"Стивен Сигал снимает документальный фильм о войне в Донбассе. 

Сегодня он общался с военнопленными в Еленовском СИЗО. Там недавно погибла часть боевиков в результате целенаправленного ракетного удара со стороны украинских вооруженных формирований. 

При встрече Стивен отметил, что 98% тех, кто рассказывает в СМИ о конфликте, никогда здесь не были. Поэтому мир не знает правду. Он хочет изменить взгляд на эту войну.

Задача непростая. Желаю ему успехов и благодарю за приезд в Республику в этот очень небезопасный период.",,,
24203,"Американо-китайская фирма Zero Zero Robotics сочинила дрон нового поколения. У него не только уникальный V-образный дизайн, но и движение винтов — это тоже что-то новое. Не говоря уже о невероятно долгом полете, который составляет 50 минут на одной батареей, для беспилотника с камерой 4K это нечто особенное. Ждём их с нетерпением в Донбассе.

@alpushini_news",,,
24204,"Спустившись с объездной Зарской дороги, первая колонна российских войск медленно втягивалась в цхинвальскую улицу Герцена в районе «Шанхай». 30 боевых машин, кашляя дизелями и озираясь стволами, наощупь, без прикрытия с воздуха и свежих разведданных, шли к батальону миротворцев, который уже вторые сутки утюжили прямой наводкой грузины. Задача - не дать замкнуть кольцо вокруг города, отвлечь на себя огонь и тем самым обеспечить эвакуацию миротворцев и около сотни гражданских, прятавшихся в подвале российской казармы.

Спустя 10 лет сознание вспышками выхватывает из памяти эпизоды боя, в котором погибли 22 человека. Треть наших потерь за всю пятидневную войну.

- Пулеметчик слева! - ору, перекатываясь по броне бэтээра и падая на дорогу.

Майор Денис Ветчинов вскидывает автомат, пули вырывают клочки одежды из натовского камуфляжа пулеметчика. Тот оседает, словно складываясь, на землю. Не по-киношному...

- Инал, вали их! - кричат командиру 3-го батальона югоосетинского спецназа Иналу Базаеву.

Перед ним, на обочине у забора, два оцепеневших грузинских бойца. Один пытается поднять автомат. Короткие очереди в упор. Или ты, или тебя.

- Гранату! - еще двое, вынырнувшие из кустов, грузно падают от глухого взрыва.

Бой в упор. Люди убивают друг друга с 5-10 метров. Нереально...

- Я ранен! - оператор съемочной группы ВГТРК Леня Лосев хватается за руку. Сквозное, маленькая дырочка на входе, маленькая на выходе, тоненькая алая струйка по бледной коже.

По колонне лупят из танков, гранатометов, пулеметов. Грохот боя незаметно превращается в фон, и кажется, что взлетающий на воздух БТР делает это совершенно беззвучно. «Запасные джинсы, два блока сигарет, три бутылки водки», - зачем-то отмечаю про себя содержимое рюкзака, оставленного на броне. Курево и выпивку вез друзьям-журналистам, заблокированным в штабе миротворцев...

Бежим вдоль забора в хвост колонны, продираясь через густые кусты роз. Силуэт солдата в натовском камуфляже. «Я журналист!» - кричу, инстинктивно прикрывая голову руками. Сильный удар, роняющий меня на землю, вывернутое наизнанку предплечье вязкое и липкое... «Будет добивать», - несколько секунд жду выстрелов в спину. Оборачиваюсь - лежит. Денис Ветчинов успел его «снять».

До того, как сам был смертельно ранен.

Трясущийся кузов «КамАЗа» на серпантине, стонущие перебинтованные солдаты, нескончаемый поток техники в обратную сторону. Я уезжал от войны в полной уверенности, что вернуться еще успею, что продолжаться она будет еще долго.

Уже в госпитале я написал репортаж о героизме российских бойцов, честно рассказав и о том, что реактивную артиллерию командующий 58-й армии наводил с моего спутникового телефона (не было связи). И что боезапаса для танков катастрофически не хватало, как и солярки для боевых машин...

Именно после Цхинвала мы начали перестраивать армию. Она ощутила плоды этого очень скоро. Потекли деньги и на восстановление Южной Осетии.

Но тут все было не так оптимистично. Мягко говоря…

Мой [большой текст](https://m.kp.ru/daily/26865/3907882/) из Южной Осетии, который писал к 10-летию.

@sashakots",,,
24205,"**Во время СВО очень важно сохранять достоинство и ещё есть три совета:

**1) Больше анализируйте
2) Изучайте российскую историю
3) Проверяйте данные с помощью [канала «Война с фейками](https://t.me/+dYhZWhIFc64xZWEy)»

Они каждый день разгребают тонны информации и делают разбор украинской и западной пропаганды, которая с каждым днём действует всё изощрённее.

**Сегодня там несколько разборов ситуации в Крыму: разбор фейка о попадании Himars, фейк о введении ЧС в Крыму Путиным и готовится эксклюзивное расследование, **[**не пропустите**](https://t.me/+dYhZWhIFc64xZWEy)**.

**Рекомендую их канал, чтобы не стать жертвой манипуляций и открыть для других объективную информацию. Перейти и кликнуть подписаться:

[**👉Война с фейками**](https://t.me/+dYhZWhIFc64xZWEy)",,,
24206,"Один человек погиб после взрывов в Новофедоровке [–](https://t.me/kpruvideo/998) Аксенов

[Подписаться на @truekpru](https://t.me/+p3pOHrMFlcI0NWRi)",,,
24207,"Источник Военной хроники в авиационном полку Новофёдоровки сообщает, что причиной детонации не был ракетный удар. 

«Прилёта не было сто процентов. Что-то произошло на складе боеприпасов».

@milchronicles",,,
24208,"Аксенов отметил, что общей эвакуации в Сакском районе нет. Принято решение о вывозе людей из домов, находящихся  рядом с воинской частью. Все вопросы размещения и питания будут решены за счет республики

[Подписаться на @truekpru](https://t.me/+p3pOHrMFlcI0NWRi)",,,
24209,"Судя по хлопку сдетонировало несколько боеприпасов.
Несколько десятков скорее всего.
Прилётов никто не видел, да и пока нечем хохлам делать такие прилеты. Хотя после миномёта в Халино чему-то удивляться не приходится.

А ущерб думаю мы уже увидим на американских спутниковых снимках в течении пары дней.

https://t.me/sashakots/34827",,,
24210,"Минобороны:
 
9 августа около 15.20 на территории аэродрома «Саки» в районе населённого пункта Новофёдоровка на обвалованной площадке хранения произошла детонация нескольких авиационных боеприпасов.

В результате взрыва никто не пострадал. Авиационная техника на аэродроме не повреждена.

Принимаются меры по тушению возникшего пожара и выяснению причин взрыва.

По докладу с места никакого огневого воздействия по обвалованной площадке хранения боеприпасов на аэродроме не было.
 
@sashakots",,,
24211,"Еще одно видео из-под Новофедоровки.

@sashakots",,,
24212,"Крым, люди бегут от аэродрома в Новофедоровке. На фоне этого происходит еще один взрыв. Видео от подписчицы.

@sashakots",,,
24213,"Фото от подписчицы из Крыма.

@sashakots",,,
24214,Еще одно видео из Крыма. Свои видео присылайте на @sasha_kots,,,
24215,"Дмитрий Анатольевич, пора!

@sashakots",,,
24216,"**❗️Как вы могли понять – ракеты с дальностью 200-300 км уже у нас на вооружении и применяются, — пишет экс-советник главы МВД Украины Андрусив.

**Это к вопросу о том, что никаким заверениям американцев верить нельзя. Вашингтон решил пойти на обострение. Интересно, чем ответим. (Тут дежурная шутка про центры принятия решений).

@sashakots",,,
24217,"Очевидцы публикуют видео взрывов в районе военного аэродрома в Новофёдоровке в Крыму

[Подписаться на @truekpru](https://t.me/+p3pOHrMFlcI0NWRi)",,,
24218,**❗️Видео из Новофедоровки в Крыму.**,,,
24219,"Несколько взрывов произошли в районе поселка Новофедоровка в Крыму, сообщил советник главы Крыма.

[Подписаться на @truekpru](https://t.me/+p3pOHrMFlcI0NWRi)",,,
24220,"И еще одно видео уничтожения украинского танка экипажем Ка-52 на Херсонском направлении.

@sashakots",,,
24221,История одного немца на русской земле 😉,,,
24222,"Как купить квартиру в Москве за 3,5 млн рублей? Какие унылые ЖК через год будут стоить, как дача олигарха?

В этом [канале](https://t.me/+LqS_MhSOm28yNjQ6) собирают всё что нужно знать, чтобы заработать на недвижимости:
- Старты продаж и брони
- Закрытые акции от застройщиков
- Разборы **всех **московских ЖК с точки зрения инвестиций

**Подпишитесь, чтобы заработать:
**[https://t.me/nedvizhna24](https://t.me/+LqS_MhSOm28yNjQ6)",,,
24223,"**Сотни километров тоннелей и тысячи вагонов с оружием: нацисты окопались в подземном царстве времен СССР под Соледаром

**Соледар сегодня – одна из самых горячих точек Донбасса, где решается судьба наступления на Славянско-Краматорскую агломерацию. Без него не взять в клещи Артемовск, где противник сосредоточил основные оборонительные силы. 

Еще одна особенность района – это возможность укрываться в глубоких соляных рудниках. Сегодня это – 300 километров подземных коммуникаций, по которым, при желании, можно кататься на КамАЗе. Все это подземное царство используется украинскими военными в качестве укрытия от артиллерийских обстрелов. Однако наибольший интерес представляют шахты, которые находятся между Соледаром и Артемовском, в поселке Прасковеевка. Об этом объекте ходят легенды, согласно которым здесь под землей сокрыты несметные горы стрелкового оружия, счет которому идет на миллионы стволов. 

[Подробнее в материале](https://www.kp.ru/daily/27428/4629559/?from=tg) военкора ""КП"" [**Александра Коца 

**](https://t.me/sashakots)[Подписаться на @truekpru](https://t.me/+p3pOHrMFlcI0NWRi)",,,
24224,"За последнюю неделю на Украине и вокруг нее столько всего произошло, что не все успели сложить отдельные кусочки мозаики в общую картину. А картина между прочим складывается очень интересная:

Сначала **Amnesty International открыто обвиняет ВСУ в размещении позиций в жилой застройке**. Потом **CBS News пишет, что, оказывается, на фронт попадает максимум 30 процентов поставленного Киеву западного вооружения**. The Guardian публикует **интервью австралийского ""добровольца"", который откровенно рассказывает о дезертирстве в ""интернациональном легионе""** и признается, что не может вернуться домой - по закону Австралии его приключения на Украине классифицируются как наемничество, а за это предусмотрено наказание вплоть до пожизненного заключения.

Так что же произошло? **Почему вдруг западные СМИ сменили привычную оптику освещения украинского конфликта** с розовых очков на вроде бы трезвый взгляд?

Помните, вокруг чего те же СМИ не так давно раздували скандал? Правильно, вокруг удара по колонии в Еленовке, где содержались пленные ""Азова"". В результате обстрела погибли 53 военнопленных. Киев, разумеется, сразу же попытался во всём обвинить Россию, но что-то пошло не по плану.

После того как **ВС РФ предъявили неопровержимые доказательства применения американских РСЗО HIMARS **для атаки по колонии, **украинские политики, что называется, ""поплыли"". В ход пошли самые разные версии: удар нанесли, но не мы, а может и мы, но по ошибке, и вообще, что за вопросы.** Тем временем американцы отмалчивались, прекрасно понимая осведомленность России о том, что Киев согласовывает все удары HIMARS с Вашингтоном. Последним аргументом, разрушившим больные фантазии украинского правительства, стала **готовность российской стороны провести независимое расследование инцидента с участием представителей ООН**.

Вот тут и понадобилось охладить пыл киевского руководства. **Запад послал Зеленскому недвусмысленный сигнал, или, если говорить откровенно, команду: нельзя.** Вспомнили и про пропадающее на черном рынке оружие, и про преступления ВСУ, и про наемников.

В этот раз украинскому президенту все же позволили сохранить лицо: в CBS отредактировали свой репортаж и сказали, что оружие продавали только в апреле, а сейчас уже не продают. Наверное. Amnesty International тоже извинились за ""страдания и гнев"", вызванные их докладом. Но это все слова. А по факту итогом всей антрепризы стало следующее решение Вашингтона: Украине достаточно уже поставленных систем HIMARS. Хватит, наигрались.

@sashakots",,,
24225,"**Сражающийся на Изюмском направлении батальон «Русский Легион» собирает добровольцев**

Добровольческое подразделение «Русский Легион», ведущее бои с вооруженными формированиями Киевского режима на границе Харьковской области и ДНР, набирает бойцов для продолжения успешных боевых действий на этом направлении.

Подразделение Б.А.Р.С. (Боевой армейский резерв страны) 13 «Русский Легион» не зря носит такое звучное и красивое имя – в составе батальона воюют осознанные патриоты, для которых идеалы Русского мира не пустой звук. 

Командир подразделения – Сергей «Фомич» Фомченков, воюет на Донбассе с 2014-го года, практически с первых дней конфликта, сплотив вокруг себя костяк воинов, прошедших через самые жесткие бои этой войны на фронтах ЛНР и ДНР. При этом в своей общественной и политической деятельности комбат будущего «Русского Легиона» неоднократно делом и действием доказывал личную готовность принять участие в воссоединении раздробленного русского цивилизационного пространства. 

Так, например, в августе 1999 года он с соратниками водрузиьбаннер «Россия» над башней Клуба моряков в еще украинском на тот момент Севастополе, за что впоследствии ему пришлось сидеть в украинской тюрьме.

В ходе нынешней военной операции России на Украине батальон «Русский Легион», зашедший на территорию Слобожанщины (Харьковской области) 12 мая этого года, вел бои в окрестностях Изюма за Шервудский лес (часть природного заповедника «Святые горы»), села Пасека, Студинок и Богородичное в окрестностях Святогорска (ДНР). На территории последнего на сегодняшний день и удерживают позиции бойцы батальона, ежедневно находясь под шквальными обстрелами украинской армии. 

Понятное дело, что спустя три месяца постоянных боев подразделению требуются свежие силы. По этой причине «Русский Легион» объявил очередной набор патриотов Русского Мира для продолжения войны с русофобским режимом Украины и полного освобождения земель Юго-Западной Руси. Останавливаться на этом направлении нельзя, поскольку освобождения ждет сакральное место Донбасса – знаменитая Свято-Успенская Святогорская лавра.

Желающие пополнить ряды батальона должны заполнить анкету: https://forms.yandex.ru/u/62c30374d30f5b2a927d1152/, после чего каждому заполнившему поступит звонок. Сборы претендентов на шеврон РЛ будут происходить на территории Ростовской области, куда необходимо будет самостоятельно прибыть. Узнать дополнительные подробности можно, написав в телеграмм-бот: @PRINUGDENIE_K_MIRU_svyaz_bot ., посетив страницу встречи в  ВК https://vk.com/event214688209, а узнать подробности о жизни «Русского Легиона» можно на его странице https://vk.com/russkiy_opolchenec .",,,
24226,"Сотни километров тоннелей и тысячи вагонов с оружием: ВСУ окопались в подземном царстве времен СССР под Соледаром. Нашел офицера, который служил на знаменитых оружейных складах под Соледаром. 

- Склады со стрелковым вооружением действительно находятся на Прасковеевке, 152 горизонт, - рассказал мне бывший начальник 9 отдела хранения рудника имени Володарского Владимир Шанаев. – Это значит – на глубине 152 метра под уровнем моря.

- Что из себя представляют хранилища?

- Представьте выработки шириной 17 и высотой 50, перегороженные металлическими воротами. Так, друг за другом, в одной выработке находятся несколько хранилищ. Длинна каждого – по 150-200 метров. Есть просто огромные, куда бы влезли 500 вагонов. Всего там тысячи вагонов с оружием.

- Так в вагонах и хранится?

- Нет, в них его привозили. Например, нам доставляли оружие после первой Карабахской войны. Были поставки с расформированных баз, были целые вагоны с немецким барахлом со свастиками – ремни, кобуры, оружие… Сами стволы хранятся в ящиках, уложенных в штабели высотой по 3 метра и шириной 10 метров.

Мой [большой репортаж](https://www.kp.ru/daily/27428/4629559/)

@sashakots",,,
24227,"США считают, что у Украины уже достаточно западных реактивных систем залпового огня типа HIMARS.",,,
24228,"Опубликовано видео нанесения удара беспилотника-камикадзе ""Ланцет"" ВС РФ по блокпосту ВСУ на северной окраине н.п. #Парутино к югу от Николаева (ВИДЕО) ⇢ https://t.me/sashakots/34793

@militarymaps[**место указано точно**]:
📌 militaryMaps.info/mark/id668373
🌐 https://militaryMaps.info?lat=46.7166779&lng=31.8927118&z=12&t=3",,,
24229,"БМПТ «Терминатор» — российская серийная машина поддержки танков. Аналогов этой военной технике в мире нет. Впервые её испытали в Сирии, где она доказала свою эффективность. А в мае 2022 года БМПТ была замечена в районе Северодонецка.

«Терминатор» способен вести бой как в режиме открытого пространства, так и в городских условиях. А на узких улицах населённых пунктов он показывает всё своё преимущество перед противником.

Башни, как в привычном танке, у него нет, на её месте установлен модуль с оружием: два гранатомёта, две 30-мм пушки, пулемёт Калашникова и два блока управляемых ракет «Атака-Т», способных пробить броню до 950 мм.

Пока западные критики спорят, насколько такая техника необходима, российские военные уже модернизировали «Терминатор», накинув ему ещё брони.

За обложку спасибо ребятам из @zlochan.

@milchronicles",,,
24230,"**Мать несколько дней сидела, покачиваясь, над трупом двухлетней девочки: жестокая правда о боли и героизме женщин Донбасса

**Журналист KP.RU **Борис Вишневский** [продолжает рассказывать истории женщин](https://www.kp.ru/daily/27428/4629314/?from=tg), которые восемь лет живут под обстрелами.

💬 __Вот одна из уцелевших мариупольчанок сидит рядом. На переднем месте своей серебристой ""Тойоты"". 
– Я счастливая женщина, – тихо молвит **Аня**. – Бог сохранил мне мужа, дочь и машину, которая сейчас кормит семью. За последние три месяца мы поменяли шесть адресов. С одних нас выгоняли ""прилёты"", из других нацисты. Вот в этом подвале, у спортклуба ""Стимул"", месяц скрывались человек 160. Саша носил сюда всё, что мог, от продуктов до памперсов. Вот здесь, у АТС, был жуткий взрыв. Мужа отнесло взрывной волной, а осколки  чудом – прошли мимо. После того артналёта было много трупов. Они лежали несколько дней. От одного тела не отходила женщина. Она сидела рядом и, обезумев, молча раскачивалась. И так несколько дней и ночей…

__[Подписаться на @truekpru](https://t.me/+p3pOHrMFlcI0NWRi)",,,
24231,"**❗️Россия 8 августа уведомила США, что временно выводит из-под инспекций в рамках договора о СНВ свои объекты. **

МИД РФ",,,
24232,"⚡️ Жёстко, но пока россияне скупали доллар по 120 и теряли иностранные акции, те, кто читал [РынкиДеньгиВласть](http://t.me/AK47pfl), зарабатывали сотни процентов годовых прибыли на росте российских облигаций и акций, например, ДВМП и ГК Самолёт. **До появления РДВ такие возможности** заработка на информации **были открыты только финансовым и политическим элитам**, а сейчас - всем читателям аналитики РДВ.

[РДВ впереди брокеров и банков >>>](http://t.me/AK47pfl)",,,
24233,"**Мамкины диверсанты‼️**

Скажу честно - никогда не видела ваших расклеек в городе. Наверное, где-то они действительно есть. 

Предлагаю рационализаторское предложение: __вы даёте на вашей полиграфической продукции ссылки на сайт Херсонской ВГА, в частности на раздел «социальные выплаты».__

В результате, жители области узнают, что им положены 10 000 рублей в качестве пенсии или 20 000 рублей при рождении ребёнка.

Так будет хоть какой-то результат от вашей подпольной деятельности. Иначе, пустая трата времени и бумаги. 

👌Дополнительно напоминаю, что в Херсоне и области скоро 1 сентября по российской образовательной системе. Это означает, что вы подтянете уровень русского языка и наконец-то получите аттестат о полном среднем образовании.  

__Ваши мамы будут рады! __

🔻P/S Ссылка на раздел «Социальные выплаты»:  https://khogov.ru/deyatelnost-viplati/

@k_gubareva",,,
24234,"Еще одно видео применения БПЛА Ланцет на Херсонском направлении. Уничтожен блокпост противника.

@sashakots",,,
24235,"Иногда критика некоторых процессов со стороны наших военкоров не нравится нашему командованию и это понятно. Тем не менее, мудрое командование понимает важность этой работы и того, что информационная работа, освещение успехов и героизма наших бойцов, позитивно влияют на боевую обстановку, общее дело в целом и важнее личных амбиций. Именно частная инициатива и свободная, а не шаблонная, вылизанная до блеска работа. Народу важна истина и живые эмоции, а не шаблонность и я уверен, что командование это понимает. Поэтому военкоры свободно могут перемещаться по передовой и снимать свои материалы. От себя выражаю благодарность и уважение командованию и надеюсь, что эта ситуация не поменяется. Польза общему делу намного важнее личных неприятностей и понимание этого требует смелости и сил.  

@NeoficialniyBeZsonoV",,,
24236,"Официалка по вчерашнему [обстрелу](https://t.me/sashakots/34773) запорожской АЭС:

7 августа режимом Зеленского совершён новый акт ядерного терроризма на объектах энергетической инфраструктуры Запорожской АЭС для создания гуманитарной катастрофы в Херсонской и Запорожской областях.

Около 12 часов 40 минут украинскими подразделениями 44-й артиллерийской бригады из района населенного пункта МАРГАНЕЦ, на противоположном берегу Каховского водохранилища, осуществлен обстрел Запорожской АЭС.

В результате украинского обстрела была повреждена высоковольтная линия «Каховская», обеспечивавшая подачу электроэнергии в Запорожскую и Херсонскую область.

На Запорожской АЭС произошел скачок напряжения, вызвавший задымление на открытом распределительном устройстве станции. Также сработала система защиты, отключившая подачу электроэнергии.

Прибывшим пожарным расчетом задымление удалось ликвидировать.
Для предотвращения нарушения работы атомной электростанции техническим персоналом станции мощность 5-го и 6-го энергоблоков была снижена до 500 МВт.

@sashakots",,,
24237,"""Мама, бабушка, я в плену, у меня все хорошо"".
Судя по тому, что рассказывают парни, находящиеся на фронте, этим пленным очень, очень сильно повезло. 

Потому что их ""побратимы"", которые не захотели или не успели сдаться, сейчас просто  гниют по канавам и разбитым окопам.
Да, при этом, потери ВСУ и пленные на общее настроение на Украине не влияют никак. Потому что в условиях информационного вакуума граждане Украины уверены в скорой победе. А под Донецком просто спрямляют фронт.

https://t.me/sashakots/34781",,,
24238,"На Херсонском направлении экипажи Ка-52 методично расстреливают украинские танки. Очередное видеоподтверждение.

@sashakots",,,
24239,"На кадрах выложенных одним из нацистских формирований Украины отчетливо видно, как БПЛА скидывает мину на нашу эвакуационную группу, которая пришла за раненым. 

То, что это запрещённый  метод войны я писать не буду, так как это очевидно. Но эти уроды этим ещё и хвастаются в сети. Но когда, к ним жестко относятся эти суки визжат как свиньи на весь мир. 

Не хрюкайте, всё будет Россия.",,,
24240,"**❗️Серия ударов нанесена по Одесской области

**По данным ""Иди и смотри"", ВС РФ наносят удары по объектам ВСУ в области. 

__""Два серьезных прилета в Белгороде-Днестровском. Еще несколько в области"",__ — рассказал источник канала.

Судя по всему, удары наносятся по местам расположения ВСУ.",,,
24241,"Отопительного сезона в Славянске не будет.

""Управляющие компании продолжают подготовку многоэтажного жилищного фонда к зиме. Сливают воду, консервируют систему отопления.

Суть одна – отопительного сезона не будет. И это тоже требует тщательной подготовки"", - заявил мэр города.

@sashakots",,,
24242,"CNN показало репортаж, как через Запорожье люди едут за родителями, бабушками и дедушками в Херсон - на подконтрольную России территорию.

Вот только едут они с кошками, детьми, баулами на багажниках. Так за родителями не ездят. Так ездят, чтобы остаться. 

@sashakots",,,
24243,"В Финляндии демонтировали подаренный Советским Союзом памятник ""Мир во всем мире"" в Хельсинки,  сообщило местное ТВ

[Подписаться на @truekpru](https://t.me/+p3pOHrMFlcI0NWRi)",,,
24244,"**ВСУ уходят из окрестностей Северска**

Не зря из каждого утюга звучит мнение о стратегической значимости для ВСУ Соледара и Бахмута (Артемовска). 

По моей информации, из-за развития там нашего наступления украинские войска небольшими группами покидают населённые пункты в окрестностях Северска, в частности, **Звановку**. Скорее всего, для усиления группировки на Артемовском тактическом направлении. 

В то же время, успех боев за Соледар и Бахмут дается нам нелегко. ВСУ не жалеют артиллерийских и реактивных снарядов от слова совсем.

@brussinf",,,
24245,"Создаётся такое впечатление, что ВСУ подловили  на рубежах атаки. Причём не совсем понятно, где они хотели наносить главный удар, возможно готовили 2 таких удара. 

Артиллерийский манёвр под Донецком и рывок Вагнера под Бахмутом, спутал карты и теперь генеральный штаб ВСУ срочно перерабатывает планы. Достоверно известно о крупных резервах, что хохлы стянули на Изюмский фронт, хотя они показательно пиарили наступление на юге и даже выкидывали якобы слитые видео с достаточно крупными танковыми подразделениями ( как минимум 2 танковые роты). 

Постоянные Зерг-раш атаки украинской пехоты без поддержки бронетехники на южном фронте, тоже должны были убедить наше командование в обязательном ударе под Херсоном. 

Одновременно с этим всушники втихаря закапываются на Харьковском и Изюмском направлениях, подтягивая значительные резервы и проводя ротацию. Ну что же, поглядим на уровень  оперативного искусства ВСУ, может они и правда нас чем-то удивят.",,,
24246,"Артиллерия 7 воздушно-десантной дивизии уничтожает САУ противника. Корректировка ведется с БПЛА Zala. Если присмотреться, то можно увидеть, как вправо вылетает тело из расчета саушки.

@sashakots",,,
24247,"Очень стмволично, что Киев даже во Всемирный день борьбы за запрещение ядерного оружия не прекращает обстрелы Запорожской АЭС. На этот раз - из Реактивной система залпового огня «Ураган». 

Метили в хранилище ядерного топлива. Чтобы что? Обвинить потом Россию в том, что она обстреливает сама себя? Это все еще работает?

Мне тут вспоминаются, к слову, даже не угрозы Зеленского начать разработку ядерного оружия. И даже не предложения альтернативно одаренных украинских политиков создать «грязную бомбу». В конце концов, это только слова.

А вот помните за 9 дней до начала СВО [появился список оборудования](https://t.me/sashakots/28700), которое Украина запросила у НАТО на четырех листах на случай масштабных катастроф. Среди того, что Киев считает необходимым:

Краны, экскаваторы,  пикапы, внедорожники, машины радиохимической разведки, костюмы химзащиты, мобильные лаборатории, системы поиска взрывоопасных предметов на глубине 0,6, 3 и 6 метров, генераторы, обогревательные пушки, баллоны с кислородом, индивидуальные дозиметры, снаряжение для подводных работ, антибиотики, перчатки, маски, различные медикаменты от ожогов…

Зеленский не ждал, а готовился?

@sashakots",,,
24248,"ПВО сегодня активна в Белгородской области.

@sashakots",,,
24249,"Зеленский учредил медаль «За оборону Украины». Тот неловкий момент, когда что бы ты ни делал, получается свастика.

@sashakots",,,
24250,"Умирал солдат, как говорится, 
без ненужных фраз и медных труб. 
И гуляла пьяная столица
и домой разъехалась к утру. 

Облаков плыла по небу вата
от земли до самых райских врат.
И спросил апостол у солдата:
— За кого ты воевал солдат? 

И солдат, убитый под Донецком, 
протянул апостолу в горсти
в крови и поту рисунок детский
и услышал голос: 
— Пропусти. 

2022.",,,
24251,"Очередной танк демилитаризирован в Васильевке (Херсонское направление) экипажем Ка-52.

@sashakots",,,
24252,"#эксклюзив
Точными ударами артиллерии уничтожен узел связи 59 отдельной мотопехотной бригады и центр управления байрактарами националистов в районе н.п. Луч Николаевской области. Отправилось к бандере более 10 боевиков.

Предложить новость - http://t.me/Kher_vest_bot",,,
24253,"[​](https://telegra.ph/file/9d31e71eeb140f3eec8e7.jpg)Сегодня день повитряных сил Украины.
От повитряных сил практически ничего не осталось, и только во влажных местах Арестовича существуют какие-то атаки позиций наших войск десятком самолётов. 
Изредка показывают единичные экземпляры восстановленой из говна и палок, или #купыменилитаковской рухляди, которая лупит куда-то в небеса НАРами.
За всю СВО повитряные силы не смогли завалить ни одного нашего самолёта и не выиграть ни одного воздушного боя. 
Ни один на один, ни четыре на два. Во всех боях, самолёты хохлов в итоге втыкались в землю. Призрак Куева ни на один бой в итоге так и не явился и ЦИПсО решила пристрелить это бессмысленное существо. Нового почему-то создавать не хотят, ибо век призрака недолог.
Пикантности ситуации добавляет и тот момент, что несмотря на декомунизацию, отрицания всего советского и снос памятников советским воинам, повитряные силы имеют флаг, по сути, копию советского флага ВВС и считают себя наследниками Кожедуба. Невероятно, но в башке хохлов разрыв шаблонов не происходит, хотя я уверен, что Кожедуб передушил бы всех этих наследников поочерёдно. 

Самый лучший и результативный самолёт повитряных сил Украины, это ""Бук-М1"", все остальное бесполезно-бессмысленна херня.

Рождённые ползать летать не могут!",,,
24254,"О! Чем ближе референдумы в Л/ДНР и Херсоне тем чаще начал попадаться тейк, который придумали и активно использовали в 2014 году: «Зачем России новые территории, если даже старые не может привести в порядок?» Вопрос сопровождается фото какого-нибудь полумертвого села где-нибудь на Дальнем Востоке. Видимо имеется ввиду, что надо противостоять урбанизации, удерживать людей в маленьких населённых пунктах силой, а в награду строить там аквапарки и небоскребы.

Впрочем, это частность. Как это обычно и бывает, в подобного рода вопросах самым наглым образом подменены понятия. Дело в том, что Дальний Восток, а равно Сибирь и даже Поволжье – это и есть новые русские земли, а вот Украина – чуть ли не самые старые русские земли, которые вообще существуют, старее только Псков и Новгород. Украина – это буквально русский Иль-де-Франс.",,,
24255,"Российские десантники на Херсонщине делятся находками, обнаруженными в одной из школ области.

@sashakots",,,
24256,"**Журналистка ""Комсомольской правды"" Дарья Асламова рассказала, как ее отпустили власти Косово: По дороге я молилась, чтобы никто не отменил приказ

**__- Потом произошел момент, когда я поняла, что наши дела плохи. Нас спросили, не хочу ли я принять таблетки, которые были с собой. Я сказала, что нет. Тогда спросили - может, купить что-то поесть. И мой муж спросил - а что, нам нельзя выйти поесть? Нам сказали - это будет решать Приштина, поэтому - поешьте. Они нам купили сэндвичи. Но я даже не могла есть, была страшная жара. Я узнала только к утру, но в девять вечера накануне полиция Косова заявила, что арестовали русскую шпионку и все соцсети в Косово взорвались истерикой и ликованием. Что меня надо обменять, либо же сдать американцам, чтобы американцы торговали мной. Либо что нужно отправить на Украину. [...]  Мне потом сказали - вас отвезут обратно на границу и я молилась, чтобы этот приказ не отменили__, - рассказала Дарья на [Радио ""Комсомольская Правда""](https://radiokp.ru/proisshestviya/pochemu-sgorel-sklad-ozon-versii-sledkoma_nid643111_au57449au).

[Подписаться на @truekpru](https://t.me/+p3pOHrMFlcI0NWRi)",,,
24257,"😂Amnesty International заявила, что не намерена отказываться от своих выводов о нарушении Украиной законов ведения войны

@MakarenkoLive",,,
24258,"Тормозим у штаба танкового батальона 1-й Славянской бригады, тщательно замаскированном в ""зеленке"". Военные строго предупреждают: технику снимать только ""крупняком"", чтобы в кадр не попали здания, фонарные столбы, заборы — любые элементы пейзажа, по которым можно ""срисовать"" позицию. Не секрет, что украинская разведка активно мониторит российские СМИ и соцсети. И уже бывали случаи, когда донецким военным ""прилетало"" из-за беспечности фотокорреспондентов и видеооператоров.

По этой же причине танкисты соглашаются давать интервью лишь в балаклавах — у многих на контролируемых Киевом территориях Донбасса остались родные.

Полный репортаж - по ссылке

https://ria.ru/20220806/tankisty-1807515650.html",,,
24259,"**❗️На канале ****@marochkolive**** размещаются материалы, призывающие к 💰финансовым операциям.
‼️Это мошенники, которые получили доступ к моему каналу, и пытаются 💵нажиться на подписчиках‼️
☝️Призываю в описании канала ****@marochkolive**** оставлять жалобы на мошенничество❗️ 
📌__Пока идет борьба за восстановление доступа к каналу __****__@marochkolive__****__ создан резервный __****__@Marochko_live__****__. Всю информацию буду размещать на нем.
__**@Marochko_live",,,
24260,"#эксклюзив
На видео, уничтожение хваленого РСЗО «Himars», замаскированного в лесопосадке близ поселка Степное, Николаевской области.
Экипаж РСЗО после совершения обстрела по Антоновскому мосту укрылся в листве, ожидая подвоза боекомплекта.
Чтобы не упустить врага, расчет контрбатарейной борьбы, уничтожил оперативно выявленную цель.
**⚡️Отличный результат совместной работы российских БЛА и артиллерии**⚡️

Предложить новость - http://t.me/Kher_vest_bot",,,
24261,"КА-52 наносит удар по танку противника в Васильевке, Херсонское направление. 

@sashakots",,,
24262,"Операторы БПЛА группировки Отважных тестят новые подвесы для сброса грузов.

«Подходит для многочисленных задач разного рода: от спасательных операций до создания романтических моментов для вашей второй половинки», - говорится на сайте производителя подвеса.

Предлагаю так и назвать изделие - Романтика. Даешь больше «Романтики» в окопы противника!

@sashakots",,,
24263,"**⚡️Байден и Европа в бешенстве: 
**Россия успешно отбивает все санкции, курс рубля признан самый сильной валютой в мире, а инфляция в Европе больше, чем в России. 

И пока вшивые «блумберги» и «эксперты» в очередной раз предсказывают дефолт — простой вам совет: читайте независимые от пропаганды источники. Например, канал [Финанс ревью](https://t.me/+ZyK7ZX8bzK9hZDhi). 

Там честно и доступно обсуждают, что будет с экономикой дальше, какой курс рубля ждать к осени, и каких санкций действительно стоит опасаться населению. 

**Пожалуй, один из самых полезных каналов в телеге.** Подписывайтесь: [Финанс ревью](https://t.me/+ZyK7ZX8bzK9hZDhi)",,,
24264,"Владлен, конкретно в этом случае корректировка ведется с Залы. А к передку гаубицу подтягивают, чтобы нивелировать разницу в дальности стрельбы с «тремя топорами» и повысит точность прямо скажем не снайперской гаубицы «Гиацинт Б».

Но парни и танки из нее уничтожают практически на предельной дальности. Когда корректировка идет в режиме реального времени напрямую между оператором БПЛА и командиром артиллерийского расчета. Без промежуточных звеньев. При этом находятся они в разных местах.

https://t.me/vladlentatarsky/15343",,,
24265,"Какой треш. Альтернативно одаренные деятели в Киеве презентовали постановку: Захистники горят в колонии в Еленовке. Которую сами же и раздолбали Хаймарсами. 

И на этом фоне испуганный детский голос из зрительской толпы: «Ой, что это, мама?!» Ребенок боится по-русски…

@sashakots",,,
24266,"И Карабах, конечно

https://t.me/mig41/19728",,,
24267,"**В Карачаево-Черкессии предотвращён теракт — заявили в ФСБ

**20-летний задержанный под патронажем ""Правого сектора"" (запрещен в России) планировал организовать взрывы в прокуратуре и военкомате и уехать на Украину.

Следователи нашли у него две бомбы по 3 кг в тротиловом эквиваленте, задержанный дает признательные показания.

[Подписаться на @truekpru](https://t.me/+p3pOHrMFlcI0NWRi)",,,
24268,"О ситуации на Соледарском направлении на сегодняшний вечер.

@sashakots",,,
24269,Украина сегодня убила этого ребёнка. И ее бабушку,,,
24270,"**Вам отправлено приглашение в закрытый** **военный канал** 🇷🇺

[С МЕСТА СОБЫТИЯ](https://t.me/+mm7tFwRjgPcwMWYy)[ ](https://t.me/+UkokTiIlshhlN2Vi)-  публикует 
военные медиа фото 
и видео конфликтов
происходящих на Украине

Администрация канала находится в зоне проведения СВО.
Слабонервным не входить 
только 18+

**ФОТО И ВИДЕО
Военной спецоперации

****https://t.me/+mm7tFwRjgPcwMWYy**",,,
24271,"Думаю, что несмотря на все неудачи и потери под Донецком, ВСУ решатся на контрнаступление и скорее всего это будет где-то на Херсонском направлении. Сама логика войны заставляет укроп перейти от обороны к атаке, иначе армия будет перемолота в обороне, а морально-психологическое состояние войск упадёт до той отметки, после которой начнётся повальное дезертирство. 

В связи с чем хочу отметить в 100500 раз. Нет никаких отдельных от ВСУ «нацистов». Любой, абсолютно любой человек в форме збройных сил это преступник, просто с разной степенью вины. Нет никаких насильно призванных в армию, перед всеми ними стоял выбор, воевать или нет. Степень вины каждого из хохлов будет определена после победы, а пока как говорил аббат Арнольд Амальрих: «Убивайте всех, Господь узнаёт своих». А если  кого то возмущает такая жёсткость моих слов ( парней на передовой она конечно не возмущает и они одобрительно кивают), то посмотрите на Донецк или приграничные российские деревни, по которым укроп бьет Точками.",,,
24272,"Внедорожник сворачивает на окраину поля, заросшего травой по пояс. Автомобиль несколько минут движется, скребя днищем по многочисленным буграм и останавливается у ничем не примечательной лесопосадки. Выходим, оглядываемся: а где же артиллерия? Вокруг — ни души. Ни солдат, ни боевой техники. В этом и пытаются убедить разведку ВСУ.

Через пару минут нас окликают. Из ""зеленки"" выходят три бойца и быстро снимают маскировку со 122-миллиметровой РСЗО БМ-21 ""Град"". Четырнадцатитонная махина за маскировочной сетью и нарубленными ветками все это время пряталась в каких-то трех метрах от группы журналистов, совершенно невидимая. С дрона или через бинокль различить ее среди деревьев невозможно. В открытую боевую технику в Донбассе уже давно не размещают.

Репортаж по ссылке

https://ria.ru/20220804/reaktivschiki-1806998654.html",,,
24273,"**Исповедь украинского солдата: ""Это мясорубка. Из 15 человек выживает один...**""

Пока киевская пропаганда сообщает о скорой ""перемоге"", ""захистники"" (защитники) раскрывают страшную окопную правду. Вот откровения украинского бойца – Сергея Гнездилова, воюющего близ Донецка в Песках. 

__💬 ""Что еще терять, что еще могут отнять у меня на шестой день моего персонального ада в Песках? Тела тех, кто был мне дороже родни, валяются на жаре в окопах. Нет, я не скулю. Но это долбанная мясорубка, где батальон просто своими телами сдерживает нашествие. Вы точно желали правду? Вот она, голая правда…""

__Этот отрывок из письма с той стороны фронта, конечно, требует пояснений. Украинский солдат говорит, что им не хватает пушек. Тем не менее, Донецк продолжают обстреливать, заваливать реактивными снарядами с минами ""Лепесток"". Для этого пушек у Украины хватает.

[Подробнее в репортаже военкора ""КП""](https://www.kp.ru/daily/27427/4627769/?from=tg) **Александра Коца** (@sashakots)

[Подписаться на @truekpru](https://t.me/+p3pOHrMFlcI0NWRi)",,,
24274,"Друзья, рекомендую вам подписаться на дружеский канал
✅ **@metametrica****

**Недавно коллеги по цеху приняли участие в мощном проекте ребят из **@metametrica**. Парни красавцы, сделали [отличный материал](https://youtu.be/_IOh9EOE9yw) о **самом важном** сейчас для всех нас. 

**❗️Пока ролик не удалил YouTube подписывайтесь на канал и смотрите

**В [спецвыпуске](https://youtu.be/_IOh9EOE9yw) **вся правда о СВО**.

@**metametrica** – больше, чем телеграм-канал!

↘️ Подписывайтесь на всех площадках!

            [Telegram](https://t.me/Metametrica)              [YouTube](https://www.youtube.com/c/Metametrica)              

[Яндекс.Дзен](https://zen.yandex.ru/metametrica?lang=ru)       [ВКонтакте](https://vk.com/metametrica)       [RuTube](https://rutube.ru/channel/23486857/)",,,
24275,"За что и за кого мы воюем? Вот за этого жителя Николаева Юрия Арбатского и его дочку. Удивительного мужества человек:

«Я считаю, что в стране Украина идет ущемление прав русских и русскоязычных. Моя дочь училась в школе на русском языке и со следующего года преподавания на русском языке не будет…»

Даже на судилище, на котором ему вменяют передачу РФ информации о расположении украинских войск, он не отрекается от своих убеждений. 

Вчера мужчина был арестован. И ради него в том числе надо идти дальше.

@sashakots",,,
24276,"Коллега, это не Хаймарсы. Это тягач от гаубицы М777, который вместе с ней был уничтожен под Лисичанском. Ничего больше в этом укрытии не было. Ну боеприпасы еще. Я его снимал в этом самом разбитом ангаре 13 июля. Гаубицу вывезли, тягач остался.

https://t.me/yurasumy/4431",,,
24277,"Арестович подтверждает успехи русских сил в Песках и Марьинке. Ну как подтверждает… Изворачивается.

В эфире у Фейгина он заявил, что сдвинул бы позиции ВСУ в Песках ""на километра 2-3 назад"". Поскольку там образовался неудобный для обороны выступ. 

А ""в Марьинке немного подвинули наших... Наши войска маневрируют и отступают на более выгодные позиции"".

Арестович сделал бы карьеру в Фелькишер Беобахтер.

@sashakots",,,
24278,"Человек и человечность

Командир танковой роты 1-й Славянской бригады Арсен рассказывает о своей жизни и мотивах пойти воевать. Арсена на днях представили к званию «Героя ДНР». 

Его взвод штурмовал высоту на авдеевском направлении. Танк Арсена был оборудован тралом. Машина, подорвав несколько мин, вырвалась вперед и метким огнем накрыла позиции ВСУ. А потом и пехота подоспела, закрепила успех.

Арсен - россиянин, из Раменского. На Донбасс приехал в 2019-м, боевое крещение принял в Гранитном. Студент МФЮА, воевать научился на фронте. Спокойный, интеллигентный, грамотный парень, который прекрасно понимает, за что воюет",,,
24279,"Киев активно пытается делегитимизировать предстоящий референдум и под предлогом эвакуации выклянчить прекращение огня

https://t.me/sashakots/34723",,,
24280,"**Комик оказался сложнее и серьёзнее множества картонных персонажей из мира однополярных мнений.**

**Стас Старовойтов, которого вы раньше не знали.

**[**ПОЛНОЕ ВИДЕО НА YOUTUBE**](https://youtu.be/_ifHDTS5EzM)**

**[**ПОЛНОЕ ВИДЕО В ВК**](https://vk.com/wall-202879931_962)**

**[**ПОЛНОЕ ВИДЕО НА ЯНДЕКС-ДЗЕН**](https://zen.yandex.ru/video/watch/62e41c1f417ab83ed9b01c08)**

**__*наш проект существует с вашей помощью.
__
__Сбер: 
__**__5469420024813910__**__

Тинькофф:
__**__5536914086667288__**

@elpicahielo",,,
24281,"Кабмин Украины издал распоряжение об обязательной эвакуации населения Донецкой области.

Вывозить людей будут в районы Винницкой, Волынской, Житомирской, Закарпатской, Ивано-Франковской, Кировоградской, Львовской, Полтавской, Ровенской, Тернопольской, Хмельницкой, Черкасской и Черновицкой областей.

@sashakots",,,
24282,"⚡️ Союзные Силы ведут штурм населенного пункта Марьинка. Работают НМ ДНР 1АК при огневой поддержке 
арт дивизиона РФ.
Приходят сообщения,что враг отступает и уже большая часть Марьинки под контролем ДНР",,,
24283,"Судя по всему прорыв обороны в Песках стал для украинского командования неожиданностью. В Киеве наверняка надеялись на то, что данный укрепрайон в лоб штурмануть не получится и потому сконцентрировались на других участках фронта. 

В принципе это было вполне логично. Для ВСУ необходимо было начать контрнаступление и показать хоть какой-то успех, а так как в той же артиллерии ВСУ испытывает нехватку, украинский генштаб решил осуществить манёвр и оставил Пески без артиллерийской поддержки. Тут в частности сыграло ещё и то, что ВСУ наделялись на снарядный голод у союзных сил после ударов Хаймарсами. 

По итогу получилось все совсем наоборот. По Пескам прошлись артиллерийским катком, помножив на ноль украинские укрепления и превратив всушников в фарш, а наша пехота ворвалась в траншеи противника, добив выживших. Все это говорит о существенно возросшем уровне  оперативного искусства  ВС РФ, с чем всех нас и поздравляю.",,,
24284,"Звучит то громко ""ранили"". Даже смешно, но де-факто и де-юре это минно-взрывное, а по правде, прилетела милюзга в ногу, продырявила шкуру и засела. В детстве кидали патроны в костер, иногда кому-то доставалось подобное.  Я в детстве замолчал бы, чтобы мама не наругала. А вот от RT замалчивать нельзя.

Хорошо, что хохлята вчера сами перепугались и не догоняли )))

Сегодня ходил на авиаразведку с 9 полком НМ ДНР. В полной экипировке 7-8 км протопал.

Здоров, в общем.


https://t.me/rt_russian/122416",,,
24285,"Пострадавшие при обстреле колонии в Еленовке азовцы рассказали, что думают о своем бывшем командовании.

@sashakots",,,
24286,Замкомандира танкового батальона 1-й Славянской бригады демонстрирует трофейную американскую гранату M67,,,
24287,"Она любила жизнь! Она любила свою Родину! Она ценила свободу! Эти ценности присущи любому Патриоту! Она погибла за них. 
Мужественная! Стойкая! Красивая женщина!
Памяти нашей Олечки посвящается!",,,
24288,"На самом деле [Юрка Бутусов](https://t.me/vladlentatarsky/15291) описывает реальное положение вещей. Примерно также было и южнее Изюма. Всушники меняли и меняют своих солдат на наши снаряды. При условии, что наша артиллерия стала работать на порядок точнее чем при начале СВО, обменный курс стал очень выгодным. Но несмотря на это, нам до сих пор остро не хватает беспилотной авиации и корректируемых боеприпасов. 

Очень надеюсь, что в скором времени вопрос «беспилотного  и корректируемого голода» будет решён и тогда в паре снаряд/солдат ВСУ, торги для владельцев снарядов  станут еще выгоднее. 

Добавлю ещё про артиллерию. Она до сих пор остаётся «Богом Войны», несмотря на множество куда более современных образцов вооружения.",,,
24289,"Почитайте нытьё от Юрки Бутусова. 

Вот ссылка, чтобы не говорили, что я придумал: https://t.me/censor_net/15014

""Пески. Мясорубка. 

Что терять, что еще могут забрать у меня на шестой день моего персонального ада, в Песках, в километре от первой улицы украинского Донецка? Тела тех, кто был мне дороже родни, валяются под жарой в разрубленных 152 калибром окопах. Как я и писал ранее, 6500 снарядов на гребаное село меньше чем за сутки.

Таких уже шесть суток, и в голове не укладывается, как в этом шквале огня остается в живых хоть какое-то количество нашей пехоты.

Нет, я не скулю.

С нашей стороны работает два миномета 82 и 120.

Иногда просыпается и ""чихает"" в сторону Донецка два ствола артиллерии.

Мы почти не отвечаем. Контрбатарейний огонь отсутствует, от слова совсем, враг без каких-либо проблем для себя кладет артснаряд в наши окопы, разбирает очень крепкие, бетонные позиции за десятки минут, без паузы и минимального отдыха продавливая нашу линию обороны.

Позавчера она сломалась, и полились рекой двухсотые/трехсотые. Я не публиковать никакую статистику, это в нашей стране запрещено, но вы даже не представляете количества и процента потерь.

Это и#бана мясорубка, где батальон просто своими телами сдерживает нашествие.

Почти неделю ждем хоть какую-то подмогу, которая бы ударила по вражеской арте, нас, повторюсь, безнаказанно выжигают всем, чем богата русская военная система, сегодня работала авиация.

Я горжусь руководством батальона, которое осталось здесь, с нами. Комбат с нами, все с нами, контуженные, легкие трехсотые, перевязавшись возвращаются через пару часов на позиции, если можно так назвать эти бездонные воронки.

Идет война.

Но без контрбатарейной борьбы она превращается в бессмысленную мясорубку, где перемалывается за день бешеное количество нашей пехоты.

Вы точно хотели правду? Вот она, голая правда.

Едет резерв на позицию, закрывать прорыв собой, а через пять минут из 15 человек целым остается один.

Тела лежат. Если легкий 300, может, повезет, заныкаешься, и пешком выйдешь, доберешься.

Везли только трохсотого. Он всю дорогу кричал: - Где поддержка? Где артиллерия? Почему нас бросили? Почему нас никто не прикрыл?

Я не знаю, дружище, почему нас никто не прикрыл... он кричит, А мне стыдно, что я до сих пор цел и невредим, лишь пару раз изрядно глухануло.

Проблевался, просрался, извините, и снова в строю.

Все резервы разойдутся, военная техника пылает, враг подходит и безо всяких проблем занимает наши позиции после очередного шквала арты.

Прямо сейчас мы теряем Пески, все человеческие и материальные наши возможности почти исчерпаны.

Денис, мариупольчанин, который говорил мне"" Ну я Арестовичу верю, мы совсем скоро все вернем все обратно "" мертв. Он дважды был ранен, перевязывали прям в окопе, говорили ему, Денчик, иди на эвакуацию, но он отвечал ""Ребята, я вас не брошу"".

И ранен впервые, и после второго ранения он продолжал отстреливаться.

Его тело мы до сих пор не забрали. На развалинах Песков, он лежит, раскинув руки, и его взгляд застыл. Он просит о мести. Как я могу отказать в его последней просьбе? Как мы все можем покинуть Дэна?

Я верю, что все-таки выжил Димка. Потому что он не мог умереть, недавно только вернувшись из госпиталя, только сделав предложение своей девушке. Говорят, после одного из приходов он просто исчез. Засыпало землей. Но, я верю, что это ошибка и он жив. Глупая надежда и упование.

Знаю, мое государство не любит мысли вслух. Но, мне не оставили выбора среди победобесия и арестовщины. Должна звучать правда, а не разговоры в кухне шепотом. Конечно же, за это сообщение отдельно прилетит, потому что как же; так, неужели государство врет собственным гражданам?

Не удивлюсь, если уже сегодня кто - то скажет: ""- агент Кремля Сирожа разболтал о гениальном плане победительницы на Донецком фронте, повесим его на Миротворец"".

Я за#бался говорить, что все под контролем. Сейчас в песках все них#я не под контролем, но почему-то ситуацию замалчивают.

Бейте в набаты разбитые колокола, пока мы закрываем телами Пески"".",,,
24290,"**🔴Российская армия ведет бои уже в Соледаре 

**По данным** «Иди и смотри», **ВС РФ вошли непосредственно в Соледар. Бои идут в самом городе. 

«__Бой идет в самом Соледаре. С украинской стороны участвуют наемники», __— рассказал источник канала. 

Соледар — важный пункт в линии обороны ВСУ в Донбассе. Его взятие имеет большое стратегическое значение.

**__@smotri_z__**",,,
24291,"🛡Вот эту новость надо максимально распространить, а ещё лучше – донести до украинского читателя. Особенно тех, что в рядах ВСУ. 

Участника нападения на колонну пермского ОМОНа в Чечне в марте 2000 года [приговорили к пожизненному сроку](https://t.me/rabotaembrat/3919). Он причастен к гибели 36 милиционеров и 7 военнослужащих, 10 из которых попали в плен к боевикам и после жестоких пыток были убиты. 

В феврале прошлого года силовики выявили и задержали Понарьина и ещё двоих бывших членов вооруженной банды под руководством Басаева и Хаттаба. Задержанные жили, полные уверенности, что за события 20-летней давности им ничего не грозит. Однако, пришли. Год следствия и остаток своих поганых жизней они проведут за решеткой.

Без срока давности. 

С СВО на Украине всё будет точно также. Вся нечисть будет зачищена или осуждена. Лучше сдавайтесь сейчас!",,,
24292,"Наша рубрика «Вечерний Ройзман») И ведь подписан, читает. Приятно.

@sashakots",,,
24293,"🔥Видео уничтожения понтонной переправы ВСУ барражирующим боеприпасом. От первого лица - как вам нравится.

@sashakots",,,
24294,"Герой нашего сюжета пережил восемь контузий, но всё так же рвётся в бой.

Позывной Чечен — 23-летний командир штурмового взвода батальона 26/34 6-го казачьего полка. Воевал на линии огня в Попасной — одной из самых горячих точек ЛНР. В боях под Камышевахой со своим боевым товарищем Топалом ([мы вам о нём уже рассказывали](https://t.me/milchronicles/871)) сумел выбраться из окружения, в которое их взяли украинские боевики. Было непросто, но так как они служат вместе с самого начала, то научились действовать сообща. А дома, в Ростове, его ждёт невеста. Аделина любит, когда он берёт гитару и поёт песни.

«Тогда была одна из самых тяжёлых контузий. Следующая мина упала в 1,5 м от меня. Я не помню, как добрался во двор, но, когда открыл глаза, уже сидел под стеной, меня приводили в себя. Потом лечение, но, как бы там ни было, за месяц не удалось закрыть диагноз. Ну и лечиться долго вредно, ведь кто-то должен работать», — с улыбкой рассказывает Чечен нашему военкору [Владу Андрице](https://t.me/vandrytsa).

За обложку спасибо ребятам из @zlochan

@milchronicles",,,
24295,"Единственный, кто выиграл от сегодняшнего авиа-шоу над Тайваньским проливом – Кремль.

В отличии от Китая, Россия не побоялась вступить в ожесточенное геополитическое и военное сражение с Соединенными Штатами Америки. Весь мир воспринимает украинскую войну именно так. 

В долгосрочном плане Россия выиграет при любом развитии Тайваньского сюжета. 

Если Китай снова отступит, а это более чем вероятно, Россия получает статус безусловного лидера «альтернативного» мира, способного, и что еще важнее – готового применять силу там, где он считает это принципиальным и важным для себя. Тридцать лет это могли себе позволить только Соединенные Штаты. 

Вокруг этого укрепившегося лидерства Россия будет выстраивать новые геополитические конфигурации и балансы сил в самых разных регионах мира – от Центральной Европы, Закавказья до Западной и Центральной Африки. 

Если же Китай не отступит и начнет открытую политическую и экономическую конфронтацию с США, это позволит ослабить давление на Россию. «Хаймарсов на всех не хватит».",,,
24296,"По данным на сегодняшний вечер, подразделения 2 армейского корпуса ЛНР зацепились за восточную окраину Соледара и удерживают позиции под плотным артиллерийским огнем противника.

На Бахмутском направлении враг огромными силами пытался контратаковать и отбить Покровское. Силами 2 АК и ЧВК «Вагнер» попытка была пресечена на корню. А также проведена «профилактическая беседа», в ходе которой противник потерял 362 человека, 6 танков, 4 БМП и один БТР.

Продолжаем наблюдение.

@sashakots",,,
24297,"Очень теплый ролик смонтировали наши монтажеры о простых русских мужиках, которые на себе вывозят все тяжести СВО.

Посмотрите в эти лица, послушайте их простые и в то же время глубокие рассуждения, почувствуйте их мощную мотивацию. Горжусь знакомством!

И подписывайтесь на мой канал в Рутубе, буду выкладывать то, что не входит в репортажи.

https://rutube.ru/video/0f3facf64ff89f7aef65c53fe9d090a5/",,,
24298,"⚡️⚡️⚡️**Немецкие неправительственные организации отправляют сирийских беженцев на Украину 

**Как сообщается в [статье](https://www.europeantimes.news/2022/07/for-a-syrian-in-europe-its-either-migrant-or-mercenary/), европейские страны все больше недовольны мигрантами из ближнего востока и начинают их цинично утилизировать. Дальше всего, как ни странно, зашла Германия, где некоммерческие организации отправляют сирийских [беженцев на](https://www.facebook.com/direzzornews/videos/785761869268012/) Украину. Один из таких [мигрантов заявил](https://www.facebook.com/direzzornews/videos/785761869268012/), что их заставляют становиться наемниками под угрозой депортации.

@sashakots",,,
24299,"Ну и, по традиции, в день ВДВ старый текст для новых подписчиков. 

- Упор лежа принять! 200 отжиманий!

Мой взводный был неумолим, когда речь касалась курения возле купола на укладке парашюта. Он был строгим противником рукоприкладства. Но наказать «по физо» - только дай повод.

На 50-м отжимании я понял, что больше не могу.

- Можешь, ты же десантник! - настаивал взводный голосом, не терпящим возражения. Лучшего стимула и не сыскать.

Истекая потом в упоре лежа на кулаках я корежился еще минут 20, пока не выполнил всю штрафную норму. Странно, но, рухнув без сил на пол, я не испытывал ненависти к взводному. Я вообще ничего не испытывал, пока не осознал, что если бы не сигаретка на укладке, я бы вряд ли узнал о скрытых резервах организма.

Каждый раз, когда у меня в жизни складывалась какая-то тяжелая ситуация, я вспоминал своего взводного, учившего меня азам десантного эгоцентризма. В это слово в нашем контексте я не вкладываю негативного смысла. Физически подготовить бойца к выполнению задачи можно в любых войсках. Но вбить психологию победителя, осознание того, что ты лучший, что «никто кроме нас» и «нет задач невыполнимых» - для этого нужны особые навыки, психологические. 

Именно в этом десантном «шовинизме» (помноженном, конечно, на подготовку), в этих, если хотите, десантных «понтах» кроется секрет жертвенного героизма - будь то 9 рота в Афганистане, или 6 рота в Чечне. Ты же десантник, ты не можешь иначе.

...9 августа 2008 года, уже будучи журналистом, я валялся, истекая кровью, под забором на улице Героев в Цхинвале. Развороченное пулей предплечье, осколки от гранаты в ноге... Ожесточенный бой шел часа полтора. Когда он начал утихать, из боя стали выходить боевые машины. Одну из них остановил мой коллега, тоже десантник, Виктор Сокирко: «Здесь раненые!».

- Саня, давай в БМП, - крикнул он мне.
Сил хватило лишь покачать головой.

- Соберись! Ты же мужик!

«Ты же десантник!» - промелькнул перед глазами в полузабытьи взводный. Пару десятков метров я преодолел на морально-волевых. 

Сослуживцы рассказывали, что взводный в Чечне умудрился в одиночку удержать высоту, отослав своих бойцов в тыл и разложив на бруствере несколько автоматов. Ползая между ними он изображал десантный взвод. И боевики решили просто не связываться. Это на него очень похоже. И сегодня, в день Воздушно-десантных войск я говорю: «Спасибо за школу, товарищ лейтенант». И слава ВДВ!

@sashakots",,,
24300,"**❗️Мужики нашёл канал с крутыми ножами ручной работы от кузницы Svarog⚔️🔥
****https://t.me/nozhi_svarog****

Обязательно подпишитесь, чтобы не потерять❗️
Здесь вы найдёте более 500 моделей ножей, топоров и тяпок ручной работы на любой вкус и кошелёк⚔️👇

****https://t.me/nozhi_svarog****
****https://t.me/nozhi_svarog****

У них собственное производство в Нижегородской области. Стаж работы мастеров более 15 лет. Высокое качество изделий и доступные цены. Доставка по всему Миру!**",,,
24301,"Из заявления Шойгу:

✔️В июле сбито 34 самолёта противника, перехвачено 39 ракет оперативно-тактического комплекса (ОТРК) «Точка-У».

✔️В результате ударов российских войск по военным объектам ВСУ уничтожены 33 американские гаубицы М777, пять пусковых установок противокорабельного ракетного комплекса «Гарпун». А также - шесть пусковых установок и более двухсот ракет реактивных систем залпового (РСЗО) огня «Хаймарс».

✔️За последние 2 недели ВСУ лишились 396 комплексов «Джавелин» и «ЭнЛо», 125 ПЗРК типа «Стингер».

@sashakots",,,
24302,"Представитель ГУР Минобороны Украины Вадим Скибицкий фактически признал, что американцы утверждают удары ""Хаймарсами"" по каждой отдельной цели. 

По его словам, ""официальные лица США не предоставляют прямой информации о нацеливании, чтобы не подорвать доводы в пользу того, что они не являются непосредственными участниками войны"".

При этом Скибицкий заявил, что перед запуском ракет между представителями разведки обеих стран проводились консультации, **которые позволили бы Вашингтону остановить любые потенциальные атаки, если они ""недовольны намеченной целью"".**

То есть, удар по колонии в Еленовке был согласован с Вашингтоном. ЧТД.

@sashakots",,,
24303,"В день Воздушно-десантных войск публикую, наверно, один из самых важных репортажей в моей жизни. В гостях у десантуры на Гостомеле. Как бы все ни повернулось, но этого подвига у ВДВ никто не отнимет. 

Беспрецедентная выброска в самом сердце противника, героическое удержание и ожидание подмоги, которое вместо запланированных нескольких часов растянулось на двое суток. Настоящий пример русской ратной доблести.

Горжусь, что был с вами хотя бы один день и жал ваши мужественные руки. С праздником! Слава ВДВ!!!

@sashakots",,,
24304,"Друзья, рекомендую вам подписаться на дружеский канал
✅ **@metametrica** 

[**На ютуб-канале новый выпуск**](https://youtu.be/_IOh9EOE9yw) – в гостях мои товарищи - военкоры : **Семён Пегов, Максим Фомин (Владлен Татарский), Дмитрий Стешин, Евгений Поддубный и Александр Сладков🔥

**Парни красавцы, собрали моих коллег по цеху (__до меня дозвониться не смогли - был недоступен__) и сделали отличный материал **о самом важном** сейчас для всех нас.
**
**В [спецвыпуске](https://youtu.be/_IOh9EOE9yw) **вся правда о СВО**: 

Как население освобожденных территорий относится к россиянам? Какова реальная мощность поставляемого Западом Украине вооружения по сравнению с российскими аналогами? Какую поддержку оказывают военным государство и простые граждане? 

И **инсайты** о следующих целях российских вооруженных сил на Украине после освобождения Донбасса: Киев, Николаев, Одесса, Харьков?⚡️

@**metametrica** – больше, чем телеграм-канал!

↘️ Подписывайтесь на всех площадках!

            [Telegram](https://t.me/Metametrica)              [YouTube](https://www.youtube.com/c/Metametrica)              

[Яндекс.Дзен](https://zen.yandex.ru/metametrica?lang=ru)       [ВКонтакте](https://vk.com/metametrica)       [RuTube](https://rutube.ru/channel/23486857/)",,,
24305,"Ну и в этот день, как всегда, викторина для новых подписчиков. Найди админа канала на фотографии.

@sashakots",,,
24306,"«Умелые и решительные действия героев-десантников в полной мере проявились в ходе специальной военной операции».

Президент поздравил личный состав и ветеранов ВДВ с профессиональным праздником.

@sashakots",,,
24307,"**Герой ЛНР ""Мирон"": Деды не добили, значит мы добьем ""немцев""

**Военкор KP.RU **Александр Коц** (@sashakots) [поговорил с бойцами, которые бьются](https://www.kp.ru/daily/27425.5/4625714/?From=tg) на рубеже Северск-Артемовск.

Вместо лихого разведчика 2 армейского корпуса ЛНР, меня встретил скромный интеллигентный офицер, я не сразу понял, что это и есть легендарный ""Мирон"", Герой ЛНР. Высшего звания он был удостоен после взятия Рубежного, где его рота понесла первые за 8 лет потери – семь человек. Сейчас разведчики ""Мирона"" бьются на рубеже Северск-Артемовск и планирую дойти до Киева.

Нам надо дойти до самого верха. Потому что все оттуда пошло. Деды наши воевали за что? Чтобы у нас было все хорошо, чтобы мы жили в нормальном государстве, нормальной стране. А получилось так, что деды наши не добили, добьем мы, значит, ""немцев"".

[Подписаться на @truekpru](https://t.me/+p3pOHrMFlcI0NWRi)",,,
24308,"Ролик «Китай, Россия с тобой!» на Останкинской башне — фейк, сообщила пресс-служба Российской телевизионной и радиовещательной сети.

«Надпись не транслировалась и не могла транслироваться по техническим причинам — в данный момент верхний медиафасад отключен на плановый ремонт», — говорится в заявлении.

@sashakots",,,
24309,"Ещё немного информации происходящем подконтрольном ВСУ Краматорске. 

Местная администрация буквально выдавливает население из города. Так, в частности, мой собеседник слышал, как чиновник возмущался, что город отключили от газа, воды и электричества, но люди все равно не выезжают. «Нормальные уехали, а это не люди», - отвечал другой. 

При этом ехать людям особо и некуда. Обещания Верещук - фейк. Люди уезжают, но быстро возвращаются, поскольку нигде их не ждут, а кое где очень сильно не любят. 

В центральных и западных областях, к примеру, за жильё просят 10-15 тысяч гривен в месяц. Плюс - оплата коммуналки. При этом трудоустройство возможно исключительно через военкомат, а местные жители всегда рады указать военным, где проживает беженец. 

Есть ли социальное жилье? Для примера рассказали историю беременной женщины, которую поселили в детском саду, но через месяц попросили на выход. 

Тем временем «освободившееся» жильё в городе занимают военные. Люди возвращаются, а дом или квартира уже размародерена и живут в ней служивые люди. Чаще ситуацию удаётся разрешить с помощью местной полиции, которая худо-бедно держит украинских вояк под контролем. 

Она же гасит конфликты, которые то и дело затевают военнослужащие из западных регионов. По большей части - из нацбатов. Они цепляют людей, провоцируют, а после бьют. 

Военкоматы в городе трудятся без сна и отдыха. Повестки вручают у банкоматов, в магазинах и даже в церкви. Залужному нужно «мясо». 

Настроения в городе оригинальностью не блещут. Люди боятся и хотят, чтобы все поскорее закончилось. В Россию хотят, да. В ДНР - нет. Оно и понятно. 

Ах, да! Те беженцы, что поумнее, пытаются самоорганизовываться и вместе переживать все тяготы и лишения, но власть в регионов подобное не одобряет и всячески препятствует. Разобщёнными проще управлять.",,,
24310,"**Утверждены 27 новых гуманитарных миссий ****#МЫВМЕСТЕ**** с Донбассом.

**В Мариуполе волонтеры будут оказывать психологическую и медицинскую помощь пострадавшим, искать пропавших людей, обеспечат жителей горячем питанием, питьевой водой и гуманитарными наборами. А также организуют спортивный досуг для детей.

В Волновахе и окрестностях добровольцы проведут аварийно-восстановительные работы, разберут ветхие сооружения, откачают воду из подвальных помещений и просушат здания тепловыми пушками. Жители также получат наборы гуманитарной помощи.

В Донецке для воспитанников интерната волонтеры проведут развивающие спортивные и творческие мероприятия. Жителям выдадут гуманитарную помощь. Еще добровольцы позаботятся о бездомных животных в приютах.

Миссии будут осуществляться и в других городах: Мелитополь, Луганск, Волчанск, Херсон, Новоазовск, также в их окрестностях — поселках и селах ЛДНР.

**С момента Указа Президента были реализованы уже 25 гуманитарных миссий. В них приняли участие сегодня более 700 добровольцев.** Все они обеспечиваются проездом, питанием, проживанием, страхованием и всем необходимым для работы.

С расширением освобождённых территорий растёт и запрос - на учебники, продукты, воду, квалифицированные кадры. **Ассоциация волонтерских центров совместно с Росмолодежью, Единой Россией и партнерами продолжит и будет наращивать гуманитарную помощь жителей Донбасса, пока она будет нужна.**

Больше новостей и возможностей стать волонтером [на сайте](https://xn--b1agazb5ah1e.xn--p1ai/helpdonbass).

#МыВместеСДонбассом

@artemmetelev",,,
24311,"""Кино"" и ""Сектор Газа"" с нами на фронтовых дорогах Украины, в располагах, БТРах и военкорских Тахах.
На наших глазах рождается новая классика военных лет, песни войны, песни Победы...
Одну из новых подводных лодок, способных зажечь на западе новое Солнце надо непременно назвать ""Виктор Цой"". И, конечно же, ""Юрий Клинских"".
Цой, безусловно, наш. И Хой. Они и мы это заслужили.
Владимир Владимирович, вы слышите меня?

Сводный оркестр ЗВО Санкт-Петербургского гарнизона.
Виктору Робертовичу, уверена, понравилось бы.
Ваша Марьяна Наумова",,,
24312,"Противник минирует «Лепестками» подступы к Артемовску и Соледару. 12 барс фиксирует применение РСЗО с кассетными боеприпасами для дистанционного минирования дорог, ведущих в эти города. По нашей информации, северная часть Соледара уже усыпана этим типом мин.

@sashakots",,,
24313,"⚡️**Думаете, в России больше нет возможности зарабатывать и остается лишь подсчитывать убытки?

**Не согласен.

**Евгений Коган:

**▪️Инвестбанкир
▪️Дважды «Финансист года» (2008 и 2020)
▪️Профессор НИУ ВШЭ
▪️Контрибьютор Forbes
▪️Частый гость РБК, Бизнес ФМ, Россия24 и других популярных СМИ.
▪️Автор Telegram-канала [@bitkogan](https://t.me/+GuhRjJs7XMBkOGVi) – о деньгах и всем, что с ними связано.

❗️Читайте [@bitkogan](https://t.me/+GuhRjJs7XMBkOGVi), чтобы понимать, куда сегодня движутся деньги в России и мире, и как на этом заработать.

👉 [Подписаться](https://t.me/+GuhRjJs7XMBkOGVi)",,,
24314,"«Сейчас может быть обменяют, но я бы этого не хотел», - очень красноречивые слова от украинского резервиста.

Взятый десантниками на Херсонщине в плен мобилизант был брошен своими раненый и четверо суток лазил по подвалам, пока не наткнулся на наших. 

Получил необходимое лечение и теперь рассуждает о том, как Зеленский уничтожает своих же солдат Хаймарсами в Еленовке. 

@sashakots",,,
24315,"Суд в ДНР рассмотрит новое дело об иностранных наемниках, воевавших на стороне Украины. 

Подсудимые - Густавссон Матиас, Пребег Векослав, Хардинг Джон, Хил Дилан и Хилл Эндрю. Они являются гражданами Швеции, Хорватии и Великобритании.

Все они были взяты в плен в Мариуполе.

@sashakots",,,
24316,"В Киеве публикуют кадры выхода из порта Одессы судна «Разони» под флагом Съерра-Лионе в рамках реализации «Инициативы по безопасной транспортировке зерна и продовольствия из портов Украины».

Любителям зрад и перемог я бы напомнил, что вывоз зерна с Украины происходит на основе двух взаимосвязанных документов, идущих в едином пакете. Первый предполагает обязательства ООН **по снятию различных ограничений на экспорт российской сельхозпродукции и удобрений на мировые рынки.**

Вторым уже определён алгоритм вывоза украинской сельхозпродукции.

@sashakots",,,
24317,"50-летний мобилизант из Черновицкой области, взятый в плен десантниками на Херсонщине, рассказывает о нравах, царящих в оборонительных порядках ВСУ. И обращается к бывшим сослуживцам, а также к землякам с западенщины.

Это они будут контрнаступать по открытым пространствам?

@sashakots",,,
24318,"Слышали? Жители Артемовска (хохл. Бахмут), **вы **— **нелюди. **Так считает вот это вот животное из ВСУ

Главное, что гражданские на той стороне массово сливают позиции украинской армии. Там не просто люди, там наши люди

@MakarenkoLive",,,
24319,"Официальный бот обратной связи армии ДНР. На него могут писать как местные мирные жители, которые хотят помочь нашим войскам с информацией о местах дислокации ВСУ и т.п., так и украинские военные, которые хотят сдаться или продать иностранное вооружение - @nmdnr_bot

По стоимости иностранного вооружения цена договорная. Всё конфиденциально!

@NeoficialniyBeZsonoV",,,
24320,"На Харьковщине ВСУ ударами Хаймарса уничтожают склады с зерном и сельскохозяйственной техникой. Видео от подписчика.

@sashakots",,,
24321,"Наша рубрика «Лица армии ЛНР». 

Максим в прошлом – ветеринар. Работал на мясокомбинате, птицефабриках. В 2014 году пошел помогать раненым, стал военно-полевым хирургом, дослужился до начальника медслужбы подразделения.

- Удивительные у нас люди, - говорит. - Есть такие, что у него нога отлетела, висит на коже, а он говорит: «Нормально все. А можно попить, покурить?» Стойкие пацаны. Другого в общей куче к нам привезли, а он говорит: «Да на фиг вы меня сюда притащили, перебинтуйте, обезбольте, я пошел обратно». 

Таких много, и они в первую очередь покидают наши ряды безвозвратно. Есть ребята, которые по три раза были уже ранены, возвращаются и опять получают травмы, более серьезные уже. Не успел восстановиться, бросает лечение, не долечившись, возвращается. Таких ребят надо как-то отмечать.

[Мой репортаж](https://www.kp.ru/daily/27425.5/4625714/)

@sashakots",,,
24322,"О нем говорили как о самом лихом разведчике 2 армейского корпуса ЛНР. Первым – и в огонь, и в воду, всегда в авангарде, со своими бойцами. Ранения, контузии… Хотя как командир разведроты 7 бригады мог бы руководить подразделением на расстоянии. 

Воображение рисовало разбитного сорви-голову, увешанного оружием. И когда меня встретил скромный интеллигентный офицер, я не сразу понял, что это и есть легендарный «Мирон», Герой Луганской народной республики. Высшего звания он был удостоен после взятия Рубежного, где его рота понесла первые за 8 лет потери – семь человек.

Сейчас разведчики «Мирона» бьются на рубеже Северск-Артемовск, и, по признанию командира, с каждым этапом противостояния приходится осваивать новую тактику.

Мой [большой репортаж](https://www.kp.ru/daily/27425.5/4625714/) с линии Северск-Артемовск

@sashakots",,,
24323,"**Обострение ситуации на границе Сербии и Косово: что известно на данный момент**:

🔻В районе погранперехода Яринье огнестрельное ранение получил гражданин Сербии

🔻Пункты пропуска Яринье и Брняк закрыты

🔻С перебоями работает погранпереход Рудница

🔻Мост, соединяющий северную и южную половины города Косовска-Митровица, заблокирован автомобилями

🔻В ближайшее время президент Сербии планирует обратиться к нации с экстренным заявлением

🔻В Минобороны Сербии опровергли распространившуюся информацию о том, что сербские военные перешли административную границу и находятся на территории Косово
 
[Подробнее

](https://www.kp.ru/daily/27425.5/4625731/?from=tg)[Подписаться на @truekpru](https://t.me/+p3pOHrMFlcI0NWRi)",,,
24324,"Никогда еще парад ВМФ, наверно, не был таким символичным. Праздник, пришедшийся на шестой месяц специальной военной операции, в которой принимают участие многие, кто отмечал сегодня этот день.

Не случайно президент сказал, что в воскресенье «мы чествуем бесстрашные экипажи боевых кораблей разных эпох, благодарим действующих матросов и офицеров за высочайшее ратное мастерство, мужество, отвагу и за преданность Отчизне и нашему народу».

Это дань уважения как нашим предкам, так и современникам, которые сегодня несут по-настоящему боевое дежурство. 

Давно обсуждаемая идея, что на примере героев СВО можно и нужно строить новую идеологию и новую общественную элиту. Каковой военное сословие было многие века. 

С праздником всех причастных!

@sashakots",,,
24325,"Видео атаки на штаб ЧФ в Севастополе.

@sashakots",,,
24326,"**❗️ВСУ в Харькове понесли огромные потери. Речь может идти о нескольких сотнях трупов

**Ранее Минобороны РФ заявило, что российская армия нанесла удар по расположению нацистов из ""Кракена"". По данным ведомства, уничтожены до 350 украинских боевиков. 

**Источники ""Иди и смотри"" **в городе нашли прямое подтверждение этой информации. В Харькове установили передвижной морг. 

💬""__Накануне появился передвижной морг на улице академика Павлова (направление на Циркуны). Морг состоит из десятка белых транспортных контейнеров, возле которых работают холодильные установки. Все это под флагом Красного Креста__"", - рассказал источник канала. 

По его словам, морг вмещает несколько сотен тел ВСУшников. Наблюдатели ""Иди и смотри"" подтверждают выгрузку из армейских грузовиков тел в пакетах. 

**Координаты места: **50.011405, 36.319730

@smotri_z",,,
24327,"Укры не могли удержаться от соблазна испортить праздник, и атаковали мелким дроном штаб Черноморского флота, шесть человек пострадали.

Что можно сказать о происходящем? Военный смысл у акции отсутствует – управление боевыми действиями флота ведется с защищенного командного пункта, а не из известного всем здания штаба. Так что атаку можно смело определять как теракт – действие, направленное на устрашение, с целью изменения настроений в обществе и правительстве.

Знаете, в какой-то мере инициаторы своего добьются. Все большее количество граждан России, в том числе тех, что поначалу относился к операции на Украине неодобрительно и с подозрением, склоняются к тому, что действующие киевское руководство и командование ВСУ надо вкопать в грунт по жопу. Авиацией. А выживших – артой (с). Этот дрон не первый и точно не последний, но учитывая настроения, каждая такая попытка укров вбивает дополнительный гвоздь в гроб надежд на сохранение украинской государственности. Кто будет терпеть рядом с собой агрессивного настроенное террористическое образование? Никто? Вот и мы не будем.

К нашим претензий, в общем, немного. Отловить в крупном городе с массой лесных массивов и частной застройки диверсионную группу – практически нереально. А агентура у Украины в Крыму, в том числе и Севастополе, конечно, есть. И ей надо заниматься – чтобы следующим было сложнее.",,,
24328,"Российские саперы и спасатели ДНР уже 15-й час ведут разминирование центральной части Донецка после того, как украинская армия дистанционно забросила туда запрещенные противопехотные мины ""Лепесток"". Тысячи смертоносных предметов лежат просто на центральных улицах города

[Сергей Макаренко](https://t.me/MakarenkoLive) специально для Соловьёв Live из Донецка",,,
24329,"В ХАРЬКОВЕ высокоточным оружием ВКС России нанесен удар по пункту временной дислокации националистического формирования «Кракен» на территории механического техникума имени Морозова. В результате удара безвозвратные и санитарные потери противника составили до 350-ти националистов. Также, уничтожено 11 единиц военной техники.

Минобороны.

@sashakots",,,
24330,"Глава Николаевской ОВА подтверждает смерть спонсировавшего карателей олигарха. Он еще и герой Украины был, оказывается. 

Вот это и есть денацификация в действии. 

Жаль только, что информацию о том, что денацификация идет и идет правильно, мы снова получаем из украинских источников.",,,
24331,"Вот такие кассеты находят у себя во дворах жители Донецка и его пригородов. Эта не до конца раскрылась и не успела раскидать «Лепестки» по округе. В чем тактический смысл минирования мирных кварталов - вопрос риторический.

В чем смысл любого теракта, совершаемого террористами? Устрашение, запугивание, раскачивание политической ситуации, попытка через насилие достичь определенных целей. 

У Киева это все возведено в ранг государственного терроризма, который пестуется и поощряется. А для западных партнеров всегда заготовлен шаблон: они сами себя обстреляли.

Вот и по поводу штаба Черноморского флота уже звучат отмазки - это русские сами себя взорвали. Ага. В праздник. Чтобы отменить все назначенные мероприятия. 

@sashakots",,,
24332,"Территорию штаба Черноморского флота в Севастополе атаковали с помощью маломощного взрывного устройства, прикрепленного к самодельному беспилотнику, сообщили в пресс-службе ЧМ. Пострадавшим от осколков разбившегося стекла уже оказали медицинскую помощь.

[Подписаться на @truekpru](https://t.me/+p3pOHrMFlcI0NWRi)",,,
24333,"Лепестки, центр Донецка прямо сейчас, колёса машин взрываются на минах.",,,
24334,"Противник подло ударил по центру Донецка кассетным снарядом, снаряжённым ПФМ-миной «Лепесток»

@MakarenkoLive",,,
24335,"Когда в Кемерово сгорели заживо русские дети, боевик из ""Азова"" Ярослав Байс писал, что это ""бумеранг"". И вообще, писал очень много. Например, что перемирие настанет, когда все русские ""сдохнут"". 

Потом его взяли в плен и даже подлечили. А вчера к нему прилетела ракета от ""Хаймарса"", и теперь он сам в списке сгоревших заживо под номером 30. Вот так выглядит ""бумеранг"" на самом деле.

@voenkorKotenok",,,
24336,"Наш герой. С серьёзным ранением руки вытащил боевого товарища с простреленным лицом из пекла. Позывной — Маршал, замкомандира 9-й роты, 3-й батальон НМ ЛНР.

Прошёл Рубежное и Сиротино, ранение получил от экспансивной пули — её ещё называют «розочка», она раскрывается при попадании. По счастью, она не раскрылась. Но даже с ранением намерен идти до конца.

«Нет, так просто уйти я не смогу. Как потом дочери в глаза смотреть? Долг до конца не выполнен, там мои люди. И пока это всё не закончится, пока у меня будет возможность сохранить жизнь парням, я это сделаю», — рассказывает Маршал нашему военкору [Владу Андрице](https://t.me/vandrytsa).

@milchronicles",,,
24337,"Сообщают, что наши официальные органы прорабатывают реакцию на гнусную выходку норвежского консула Элизабет Эллингсен. Напомним, её в мурманском  отеле попросили подождать, пока закончат уборку номера. 

Товарищ конусул выдала следующее. 
""Я ненавижу русских! Я привыкла к чистым номерам, я из Скандинавии. Не какая-нибудь русская женщина, которая убирает кое-как, — это не уборка. Я вообще смогу спать в этой кровати?""

Так вот о реакции. Есть ситуации, которые невозможно трактовать двояко. Если тебе в лицо говорят ""пошёл на х..й, и да, кстати, твоя мать проститутка"", то искать скрытые смыслы в этом невозможно, равно как и думать, как бы отреагировать.

В таких случаях у приличных людей принято бить собеседнику в нос, и желательно добавить в челюсть. В случае же с норвежской фашисткой её просто следует выслать к чертям из страны. И отчего это до сих пор не случилось  не ясно.

Пусть едет в Осло. Там, если что, она за hate speech о геях, ЛГБТ, неграх, арабах, и вы не поверите, даже русских, отхватит срок. Сразу. Но это Норвегия, там свобода и демократия.

А вот в тоталитарной России норвежской фашистке можно говорить гнусности про русских.
Удивительно, конечно.",,,
24338,"Если делать общий вывод из попыток украинской стороны объяснить казнь  собственных военнопленных в Еленовке, то возникает следующая картина. ВС РФ украли/купили у ВСУ установку Химарс, перед этим расхитив средства выделеные на содержание колонии. После чего нанесли этим самым Химарсом удар и скрыли преступление. Чем дальше, тем более стремительным домкратом, укропропаганда летит в наполненную психоделиками параллельную реальность.",,,
24339,"Запад не определился с методичкой по обстрелу Еленовки.

🤡 Глава евродипломатии Боррель ценой собственной репутации [впрягается](https://t.me/dimsmirnov175/35885) за киевский режим и пытается представить ситуацию с[ ракетным ударом ВСУ ](https://t.me/rlz_the_kraken/51635)по своим же пленным за ""преступление РФ"".

🤡 А вот байденовские чиновники [стыдливо говорят, ](https://t.me/vityzeva/64347)что__ ""пока недостаточно данных чтобы говорить точно""__ и__ ""даже если ударили украинцы, они не хотели этого делать"".__ 
Очень похоже на признание, причём от лиц, имеющих гораздо больше военных сведений, чем Боррель.

Как и в случае с ""удачно"" повоевавшим против абхазов и осетин Саакашвили, инициативные дурачки на подсосе у США эффективнее всех борются с репутацией Штатов.",,,
24340,"Нашим героям нужна ваша поддержка 🇷🇺

В поддержку военнослужащих-участников СВО Ведомство запускает проект «Письма Героям».
 
Напиши письмо бойцу! Тёплые слова сейчас очень нужны нашим защитникам. 

Это может быть обычное письмо, которые можно отправить через почтовый ящик в Петербурге. Сегодня стенд до 20:00 будет находиться на Площади Александра Невского. О том, куда завтра можно будет принести письмо, сообщим дополнительно.

Также можно отправить письмо через                                                                                                                                                              —[ Телеграм](https://t.me/LetterstoHeroes_bot) или
—  [Яндекс

](https://forms.yandex.ru/u/62d6bceac8804e4e439a3091/)Ведомство лично передаст все эти письма нашим военным.                                                                                                                Бойцам сейчас важно знать, что в них верят, их ждут! 
                                                                                                                                                                                                                                                                      👉🏻 [Ведомство](https://t.me/+hC6fbyI08H9iYzVi)",,,
24341,"Разогревшись под суровым донецким солнышком, всякий автомобиль превращается в душегубку. 

А тут ещё пальба эта и вообще обстановка нервная, но так-сяк едем. 

В соседнем переулке скучает «Урал». Прямо в кунге обедают бойцы, прячась под тентом от лютого полуденного солнца. 

А в районе Семашко почти идиллия. Грохот стоит неимоверный, а местные собрались и магазинчика и беседы ведут. Кто-то забор чинит, кто-то собаку выгуливает. Жизнь. 

 ⁃ Это от нас или по нам? 
 ⁃ От нас. 
 ⁃ Пофиг людям. Россиянин с улицы ушёл бы, а нашим хоть кол на голове теши. 
 ⁃ What is love? Baby, don’t hurt me. No more. Чего-чего? 
 ⁃ ЛЮДИ! 
 ⁃ Так это не пофиг, а знаменитый донбасский фатализм. Устал народ, а там будь, что будет. 
 ⁃ А фатализм - это не пофиг? 

Из вспаханного дорожного покрытия торчит ветка с красной тряпкой на ней. Объезжаем. 

 ⁃ Ремонт или придёт? 
 ⁃ Прилёт, а там уж ремонт. Или нет? 
 ⁃ Да вон хвост из дырки торчит. О! От нас? 
 ⁃ Угу. 

Много разбитых стёкол, много воронок и следов от осколков. Все, что чинили и конопатили все эти годы, приводя улицы в божеский вид, снова разбито. 

А примерно час назад снаряд угодил прямо во двор моей любимой тетушки. Аккурат в детскую площадку прилетало. Благо, что на улице в ту пору ни души не было. 

Тем не менее, как-то живем.",,,
24342,"В Генштабе ВСУ заявили, что колонию в Еленовке обстреляла Россия, чтобы скрыть пытки и убийства украинских заключенных.

Ну, кто бы сомневался.

@sashakots",,,
24343,"Кадры из колонии в Еленовке (ДНР), где после артиллерийского обстрела ВСУ погибли, по меньшей, мере **40** украинских же пленных.",,,
24344,"Минобороны РФ подтверждает удар ВСУ по колонии в Еленовке, в которой содержались пленные азовцы.

«Сегодня ночью украинские силовики** ударили ракетами HIMARS** по следственному изолятору у Еленовки в Донбассе, где содержатся военнопленные украинские военные, в том числе боевики формирования ""Азов"", **погибли 40 и ранены 75 военнопленных украинцев, **ранены также 8 сотрудников изолятора».

@sashakots",,,
24345,"Федеральной службой безопасности на территории Липецкой области предотвращен террористический акт в местах массового пребывания людей. В селе Горицы Добровского района области задержаны ранее прибывшие в Российскую Федерацию трое граждан Украины - мужчина 1988 года рождения (главарь, ранее неоднократно судимый за педофилию) и две женщины 1986 года рождения и 1978 года рождения"", - сообщили в ФСБ. 

По информации спецслужбы, ""они входили в состав диверсионно-разведывательной группы, созданной организацией ""Правый сектор"" под патронажем Службы безопасности Украины"".

В ФСБ сообщили, что участники группы проникли на территорию России с целью совершения теракта. Они должны были совершить подрыв самодельного взрывного устройства большой мощности в местах скопления людей на одном из объектов транспортной инфраструктуры Липецка.

В тайнике диверсантов обнаружили составные части самодельного взрывного устройства, а в их средствах связи - переписку с активными участниками организации ""Правый сектор"".

@sashakots",,,
24346,"40 тысяч рыбаков по всей России могут остаться без работы. По новым поправкам в Федеральный закон «О рыболовстве» 117 рыбопромышленных компаний потеряют квоты на вылов рыбы. У сотрудников остался единственный выход — обратиться к президенту.

Рыбаки написали десятки писем с просьбой о помощи и запустили акцию
#остановитеквотныйбеспредел",,,
24347,"Интересно, что удар по колонии в Еленовке, в ходе которого погибли, по предварительным данным, 40 «узников Азовстали, украинцы нанесли на фоне многочисленных интервью пленных «азовцев», которые появились в разных СМИ в последние дни. Боевики «Азова» много рассказывали о своих преступлениях против мирного населения, внесудебных казнях, пытках… А также о том, что к террору против гражданских причастно высшее руководство страны.

Конечно, удар Хаймарсом по своим бывшим захистникам - это и попытка закрыть рот навсегда, и запугать тех, кто выжил. Ну и я даже не сомневаюсь, что убийство пленных боевиков повесят на Россию. Или уже повесили?

@sashakots",,,
24348,"Ночью укры ударили предположительно Хаймерсом по тюрьме в Еленовке. Прямое попадание в Барак с пленными. Результат по состоянию на сейчас: 40 погибших, 130 раненных. Пока разбирают завалы. Цифры могут увеличиться. 

Военно-политическое руководство Украины, видимо решило избавиться от ненужного бвласта. Теперь этих ублюдуов ещё от обстрелов защищать придётся.

@NeoficialniyBeZsonoV",,,
24349,"По поводу видео с ""пытками/кастрацией пленного украинца"".

На войне бывает всякое. Бывает, что пытают пленных. От этого не избавлена ни одна армия мира. 

По видео, которое распространяется сегодня в Телеграме есть несколько вопросов.
Первый. Откуда видео на украинской стороне?
Второй. Случайно ли видео появилось прямо перед планируемым наступлением ВСУ?
Вопрос третий. Почему видео синхронно разгоняют украинские ТГ каналы и российские оппозиционеры? Это случайно или это методичка?

Четвёртый вопрос. Кто на самом деле на видео? У людей нет никакого специфического акцента, этнического или регионального. Учитывая количество наёмников с украинской стороны, снимать видео могли где угодно. 

Тут стоит напомнить вот что. У Киева есть очевидная  проблема: прежде в публичном поле были только видео, где украинские военные пытают русских. Простреливают ноги, режут головы, убивают ножом в глаз. Сжигают заживо, приковав к противотанковому ежу. 

[А теперь очень удачно (с точки зрения накачки мнения перед наступлением) появилось вот это видео с ""украинским пленным"".](https://t.me/rybar/36310) 

В кавычки беру потому что слишком много вопросов и совпадений. А как известно, совпадений не существует. Это просто признак некой схемы. В данном случае, я смотрю на все, через призму инфовойны.

Прежде  у Киева были попытки - весьма неудачные - показать миру ""зверства русских"". Сотни изнасилованных женщин и детей в Буче оказались больной фантазией чиновницы-извращенки. Удар по мариупольскому роддому оказался фейковой фотосессией, удар ракетой по Краматорску в котором обвинили русских, оказался преступлением ВСУ, которые применили тогда Точку-У.

[То есть необходимость хоть какого-то видео, где зафиксированы ""зверства москалей"", для продолжения Киевом инфовойны, более, чем очевидна.
](https://t.me/RVvoenkor/21255?single)
В целом же, видео должны внимательно разобрать следственные органы. Военная прокуратура и военная полиция. Если имело место военное преступление  с нашей стороны, виновных надо наказать. 

А если это наш пленный, а российская форма палачей  это типичный бандеровский ход? Ну когда бандеровцы, в форме сотрудников НКВД убивали мирных крестьян? Тогда ответ ещё более очевиден. Палачей найти и наказать. Желательно, по законам военного времени",,,
24350,"Чтоб вы понимали, что такое одиночный окоп. Вот так барсы, закрепившиеся под Покровским, укрываются от артиллерийских обстрелов.

@sashakots",,,
24351,"**Друзья запускаем вновь нашу супер акцию!
**Успейте приобрести по супер цене 🔥**

**Также в нашем магазине вы можете найти подарки для вас и ваших близких **

**[Ножи, кинжалы, шашлычные наборы и многое другое ](https://t.me/+OrBP3Xu7cHU5ZjIy)**

**Поэтому оставляю для вас ссылку на телеграм-канал** ⤵️⤵️⤵️

**https://t.me/+OrBP3Xu7cHU5ZjIy
**
**https://t.me/+OrBP3Xu7cHU5ZjIy**

**❗️ЗАКАЗАТЬ СЕЙЧАС ⬇️
[https://t.me/noji_kizlyara1](https://t.me/noji_kizlyara1)",,,
24352,"Бойцы ЧВК Вагнера на Углегорской ТЭС и в ее окрестностях.

@sashakots",,,
24353,"Весь фронт со вчерашнего утра активизировался. Есть успехи на некоторых направлениях, но об этом позже. Наше командование готовит противнику ещё несколько неприятных сюрпризов на нескольких участках фронта.  

Если бы я хотел что-то советовать украинским воякам, то посоветовал бы заранее договариваться о плене. Рассчитывать на возможность сдаться в плен, когда наши бойцы вас окружат, может не получится. К вам на позиции могут зайти сперва не наши бойцы, а очень тяжёлые штуки. После которых даже трупа не останется. 

@NeoficialniyBeZsonoV",,,
24354,"Тут директор СВР Сергей Нарышкин (по совместительству - председатель Российского исторического общества) призвал изучать исторические объекты, связанные с засечными чертами на территории Донецкой и Луганской народных республик и на освобожденных территориях Украины.

На карте, к примеру, Изюмская черта, созданная в 1679—1680 гг. для защиты Русского государства от ногайско-татарских набегов. Многие города той линии сегодня являются фронтовыми или прифронтовыми.

А ведь нам придется формировать свою засечную черту после окончания спецоперации. Если мы, конечно, не дойдем до польской границы. А сегодня это кажется очень призрачной перспективой.

@sashakots",,,
24355,"А вот еще одно видео применения дрона-камикадзе «Ланцет» нашими десантниками на Херсонском направлении. По БМП.

@sashakots",,,
24356,"Сегодня великий праздник, день, когда Новгородский князь Владимир Святой, крестил  Киев и Русь. 

Как тысячу с лишним лет назад новгородские князья вернули Киев в родную гавань, отбив его у сепаратистов Аскольда и Дира, так и нам придётся возвращать обратно Мать городов Русских.",,,
24357,"Подписчик ловко заметил, что в [видео](https://t.me/voenacher/25942) Саши Коца станция очень похожа на пункт управления байрактаром.",,,
24358,"«На Украине музыка играла…»

Большая видеоэкскурсия по Углегорской ТЭС от виртуозов известного оркестра:

- Если примитивно идти в лоб, то у них тут все точки были пристреляны. Сразу наваливали и из минометов, и из реактивной артиллерии. Приходилось сначала забирать у них все высоты, выдавливать из посадок, в ночное время ползти со всех направлений в буквальном смысле.

Мой собеседник имел за плечами службу в спецназе внутренних войск, работу в одной из российских силовых структур. Окончил вуз по несвойственной для такого ремесла специальности (она скорее подошла бы для телевизионных ток-шоу), чтобы получить офицерскую должность, но так ее и не дождался. 

Зато реализовал себя во «фрилансерах». О штурме станции он рассказывает как-то буднично. Мы прошли по следам его группы уже несколько километров, пот льет ручьем, и я представляю, каково это было под огнем, в полной боевой выкладке.

Кто пропустил, мой [большой репортаж](https://www.kp.ru/daily/27424/4624048/) с кучей фоток о работе ЧВК Вагнера в Донбассе. 

@sashakots",,,
24359,"Видео от десантуры с Херсонского направления. Дроном-камикадзе «Ланцет» уничтожена то ли РЛС, то ли станция раздачи интернета - этакий большой роутер. Пусть бог электроники в электронном аду разбирается.

Десантники регулярно кошмарят противника барражирующими боеприпасами Куб и Ланцет.

@sashakots",,,
24360,"Что-то сбили над центром Белгорода.

@sashakots",,,
24361,"Помните этого нациста с «азова», который рассказывал про убийства мирных ?

Пилявский Андрей Евгеньевич, 22.04.1973. Сержант в/ч 3057, полк «Азов».  Он словно петух запел. Каждый день вспоминает по несколько преступлений против мирных. Практически все они тяжкие, а именно убийства людей.

Вот и сейчас он рассказал о новых преступлениях , подробно описал  как убивали мирных. Просто ублюдки.",,,
24362,"**""Я обучил более 2000 украинских солдат, и, думаю, по меньшей мере половина из них уже мертвы”. 

**Американская журналистка посетила Украину и [взяла интервью](https://ishgal.com/a-chance-to-kill-some-russians/) у иностранных наемников, принимающих участие в боевых действиях на Украине. [Линдси Снелл](https://twitter.com/LindseySnell/status/1551510390357594115) в своем материале подтверждает очень слабое материальное обеспечение в ВСУ, и приходит к выводу, что зашкаливающий уровень коррупции в украинской армии определит исход противостояния с Россией. 

**Сэм из Великобритании** признается, что большинство наемников находятся в тылу и не принимают активного участия в боевых действиях: “Сначала иностранцев использовали в качестве мяса. Думаю, к тому времени, как я пришел, они поняли, что посылать группу парней без военного опыта в бой против русских — довольно дерьмовая идея”.

**Ветеран канадской армии по имени Шон** шокирован тем, как ВСУ распределяют ресурсы. По его словам, __подразделения, которым нужно противотанковое оружие, его не имеют, а у подразделений, которым оно не нужно, оно есть__. Подтверждает его слова военный медицинский инструктор Стив из США: «Я воевал на Ближнем Востоке и в Африке **__и никогда не видел такого уровня коррупции__**. Стальные листы [кустарного производства] выдавались солдатам, прошедшим трехдневную подготовку. Их отправили с одной винтовкой на двоих и дали 120 патронов. Я обучил более 2000 украинских солдат, и, думаю, по меньшей мере половина из них уже мертвы».

“Пропадает как гражданская, так и военная помощь”, — **Майк, военный инструктор-волонтер из Великобритании**. «__В этой стране существует проблема коррупции, которая неизбежно повлияет на исход войны__. __Абсолютно все — ракеты «Джавелин», другие ракеты, автомобили, винтовки, боеприпасы, гранаты — все украдено. И это происходит по обе стороны границы. Много крадут в Польше, но эти случаи постоянны и на Украине».__",,,
24363,"Уважаемые дончане и жители ДНР!!!

Участились случаи кассетных бомбардировок территории ДНР ""Лепестками"" В** **частности,  в Донецке ""Лепестки"" были найдены на ул. Путиловская, 114а и в соседних домах. Также на ул. Светличная в поселке Застанционный.


Напоминаем - ""Лепесток"" - мина, которая не убьет, но ноги и руки отрывает легко.. К НИМ НИ В КОЕМ СЛУЧАЕ НЕЛЬЗЯ ПРИКАСАТЬСЯ!!!!

БУДЬТЕ БДИТЕЛЬНЫ САМИ И НЕ ОТПУСКАЙТЕ ОТ СЕБЯ СВОИХ ДЕТЕЙ!!!!

✅Предложить новость в наш бот @chpdonetskdnr_bot

[Подписаться на канал](https://t.me/joinchat/UlcsPyBurk6zsscu)✅",,,
24364,"Военкор Саша Коц сделал отличный [репортаж](https://www.kp.ru/daily/27424/4624048/) о работе ""вагнеров"" при штурме **Углегорской ТЭС.

**Саше - респект за материал и кадры. Подробный рассказ о взятии станции из первых уст. Рекомендуем к прочтению 👍🏻 

[Оркестр Вагнера | Подпишись](https://t.me/+UercNDqusYUxN2Ni)",,,
24365,"Поселок Спартак (спутник Донецка) — настоящие ворота в Авдеевку, для нас. Для противника - ворота в Донецк. Отсюда Союзные силы будут врываться в город.

Оборону на этом участке фронта держит 185-й стрелковый батальон армии ДНР. Весь личный состав - мобилизованные. Еще вчера эти мужики работали на самых обычных гражданских специальностях. Сегодня у них на позициях перманентная арт-дуэль — наши орудия бьют по врагу, противник огрызается по городу. Подробнее с окраины Авдеевки в репортаже корреспондента Соловьев Live [Сергея Макаренко](http://t.me/MakarenkoLive)",,,
24366,"Бойцы ЧВК «Вагнера» рассказали нам, как брали Углегорскую ГЭС:

- Вот там, по посадке, у них была задействована зона окопов, наблюдательные пункты друг от друга метрах в 200, очень плотно тут сидели. Численность на каждом НП – от пяти до десяти стрелков, - ведет меня боец «Группы Вагнера» по бывшим украинским укреплениям.

Дорога, ведущая к теплоэлектростанции, в шахматном порядке усыпана кучами земли – по такой «змейке» захочешь на скорости прорваться – не выйдет. Тем более под перекрестным огнем. 

Об этом подразделении ходят легенды. ЧВК «Вагнера», как принято называть этих профессиональных военных, уже давно стала российским брендом, который известен по всему миру. Они выполняли задачи и в Сирии, и В Африке. Наравне с российскими войсками и корпусами народной милиции ЛДНР они воют сегодня в Донбассе. 

Углегорская ТЭС – очередная точка, которую «вагнеровцы» могут записать себе в актив.

[Мой репортаж](https://www.kp.ru/daily/27424/4624048/) с Углегорской ГЭС.

@sashakots",,,
24367,"Углегорская ТЭС. Репортаж об участниках штурма - бойцах ЧВК «Вагнера» - скоро.

@sashakots",,,
24368,"**В рамках всеобщего информирования россиян было поручено организовать информпункты в социальных сетях.

**Уже начали появляться первые официальные телеграм-каналы городов, выберите свой:

🇷🇺 Москва - [https://t.me/moscow
](https://t.me/+hEMJt1BaNGJhOGVi)🇷🇺 Питер - [https://t.me/saint-petersburg
](https://t.me/+o_mtEU0TSxc2ZmRi)🇷🇺 Екатеринбург - [https://t.me/yekaterinburg
](https://t.me/+SENeuC_tbwE2M2Uy)🇷🇺 Краснодар - [https://t.me/krasnodar
](https://t.me/+cG0J671xXlM5N2M6)🇷🇺 Новосибирск - [https://t.me/novosibirsk](https://t.me/+QhF1xDNINbI0ZjEy)[
](https://t.me/+UlD8eShf20c5N2Ni)🇷🇺 Ростов-на-Дону - [https://t.me/rostov-on-don
](https://t.me/+NTbzPb4Um5wxYmQy)🇷🇺 Волгоград - [https://t.me/volgograd
](https://t.me/+21bCAWRO-UdmNGJi)🇷🇺 Курск - [https://t.me/kursk
](https://t.me/+vWSb7SIiIf4xNDY6)🇷🇺 Белгород - [https://t.me/belgorod

](https://t.me/+S50nWl8Cpx44ZTYy)**Если ты из другого города, тебе сюда **👉🏻 [https://t.me/russia](https://t.me/+LAKzMgQrLP0xODFi)",,,
24369,"Углегорская ТЭС - наша. Стратегический объект, вокруг которого противник выстроил эшелонированную оборону, был взят штурмом музыкантами известного оркестра под аккомпанемент артиллерии 2 армейского корпуса ЛНР. 

Как и в случае с Азовсталью, оборонявшихся было больше наступавших. Но выучка и военная смекалка сделала свое дело. Противник отошел в Семигорье, понеся потери. И оставив много ништяков.

Побывали с @epoddubny на месте. Подробности штурма Углегорской ТЭС от ее музыкальных участников - скоро.

@sashakots",,,
24370,"И снова дезертиры! 
Теперь 54 бригада ВСУ. Говорят не пойдём на передовую, там убивают.

И правильно делают. Езжайте домой, скоро все вместе Украину отстраивать будем. Ваши смерти никому ненужны.",,,
24371,"К вопросу о том, что фронт стоит. Не стоит, просто движется не кавалерийскими наскоками, как многим бы хотелось.

Вот за сегодня сразу два подтвержденных успеха на юге дуги Северск-Артемовск. Подразделения музыкантов во взаимодействии со 2 корпусом ЛНР взяли Покровское. Теперь Артемовск, который пока по недоразумению называется Бахмутом, стал еще немного ближе. 

Фрилансеры и луганчане сегодня также окончательно заняли важнейший объект, который ВСУ превратили в мощный узел обороны, - Углегорскую ТЭС. 

Бои идут уже на подступах к Соледару - в ближайшие дни подразделения 2 корпуса, скорее всего, подберутся у его окраинам. 

Продвижение тормозится как артиллерией противника, так и агрессивным минированием, к которому прибегают ВСУ. Как наземным, так и дистанционным - с помощью реактивной артиллерией. «Лепестками» буквально завалено все вокруг. Но тем не менее движение потихоньку идет. 

Важно сломить полюса этой дуги, чтобы вся линия обороны посыпалась. 

@sashakots",,,
24372,"Молодая, дружная, счастливая семья Булаевых из Горловки собиралась ужинать. Когда в их квартиру попал снаряд… 

Погибли все: и мама, и папа, и двое детей — 4 и 9 лет.

О семье горловчанам теперь напоминает мемориальная доска. И имена Дани и Сони, увековеченные на ""Аллее ангелов""

[Подробнее](https://alleyaangelov.ru/)",,,
24373,"**❗️Российские части взяли Углегорскую ТЭС

**По данным **«Иди и смотри», **добровольцы из группы «Вагнера» взяли под контроль всю территорию Углегорской ТЭС в Донбассе. 

__«Углегорская ТЭС взята под контроль вагнеровцами», – __рассказал источник канала.

Углегорская ТЭС – это стратегически важный объект. Она является одной из крупнейших электростанций в Европе.

**__@smotri_z__**",,,
24374,"**NYT: методы пополнения военного контингента на Украине вызывают много вопросов**

 Для пополнения рядов Вооружённых сил на Украине вербовщикам всё чаще приходится «вылавливать» потенциальных кандидатов прямо на улице или в общественных местах. При этом стандарты и критерии относительно того, как и кого забирают в армию, не всегда ясны, и [это вызывает всё больше вопросов и недовольства](https://ru.rt.com/Iz9eh), пишет The New York Times. 

 Более 25 тыс. украинцев недавно подписали петицию с обращением к президенту Владимиру Зеленскому, требуя от него запретить принудительное вручение повесток на контрольно-пропускных пунктах, заправках и в других общественных местах. Правозащитники обвиняют власти в том, что подобные действия нарушают закон, поскольку носят «скрытный и произвольный характер». 

 Это также приводит к игре в кошки-мышки между вербовщиками и украинцами, пытающимися избежать участия в военных действиях. По словам командиров, это также приводит к тому, что те, кто таким образом попадает на службу, подрывают моральный дух сослуживцев. Также всё чаще встречаются случаи, когда алкоголизм или другие серьёзные проблемы у новобранцев угрожают жизни других солдат, говорится в статье",,,
24375,"Реактивная артиллерия к востоку от Славянска демилитаризирует позиции противника. Обратите внимание, как быстро после отстрела сворачиваются расчеты. Контрбатарейная обстановка обязывает.

@sashakots",,,
24376,"Трофейное богатство 7 бригады.

@sashakots",,,
24377,"Типичный пример, как неподготовленного гражданского человека Киев бросил в жерло войны. За все время он не видел ни ротного, ни комбата, зато получал самоубийственные задачи. Потому и плен воспринял как избавление.

@sashakots",,,
24378,"**__""Характер действий изменился: мы стали действовать малыми маневренными группами, начали больше использовать средства беспилотной разведки..."": __**последние новости с фронта в эксклюзивном интервью военного корреспондента Александра Коца на радио ""Комсомольская правда"". 

**Полную версию смотрите уже сейчас на нашем YouTube-канале:** https://youtu.be/j9_7OJCdy9Q

[Подпишись на Радио КП](http://t.me/radiokp)",,,
24379,"**Лектор из МГУ создал необычный канал в Телеграм с бесплатными курсами

**По его словам, даже самый ленивый сможет легко и быстро обучиться новой профессии или повысить уровень квалификации. Профессор Черняк отыскивает лучшие  курсы и лекции, вебинары и мастер-классы от специалистов и выкладывает у себя [на канале](https://t.me/+cc6dFP5jkEJhOWRi).

**Здесь публикуются курсы, которые сделают вас лучше:** [@erudit](https://t.me/+cc6dFP5jkEJhOWRi)",,,
24380,Возгорание в результате попадания снарядов по нефтебазе в Буденовском районе г Донецка локализовано силами МЧС ДНР.,,,
24381,"""Мы смотрим на Херсон так, как будто это следующая Фаллуджа"", - оценил широко анонсируемое контрнаступление ВСУ американский наемник Майкл Мальдонадо, бывший морской пехотинец США из Канзаса, который воюет на западной границе Херсонской области. 

Иракскую Фаллуджу, напомню, США штурмовали почти два месяца, понеся огромные потери, после чего город называли ""кладбищем американцев"". 

По мнению New York Times, для контратаки потребуется огромное количество войск и гораздо больше систем наступательного вооружения, чем Украина имеет в настоящее время. В целом Украина расходует от 6000 до 8000 снарядов в день. При активном наступлении на Херсон их потребовалось бы в три-четыре раза больше. 

@sashakots",,,
24382,"Во-первых, это красиво. Вертолеты Ка-52 разбирают опорники противники и демилитаризируют его технику.

@sashakots",,,
24383,"Сегодня, в 22:40, канал ""Россия"".",,,
24384,"Женщины на улице освобождённого Мелитополя, Запорожская область. Стоят и крестят нашу технику и наших бойцов. 

Мы - русские. С нами Бог!",,,
24385,"Наша рубрика «Лица армии ЛНР». Бывший украинский участковый, ныне - Начштаба батальона 6 казачьего полка Виктор о том, почему луганские подразделения воюют на территории ДНР:

- Не вижу никакой разницы. Это все наша родина, мы рождены в СССР, поэтому для меня нет разницы – то ли это Донецкая, то ли это Луганская, то ли какие-либо другие области Украины, я их считаю все Родиной. Для меня это все едино. Так же как и Белгородская, Ростовская и все остальные области.

А также о мотивации, антинародной киевской власти и личных целях в спецоперации. Очень трезвый и рассудительный офицер.

@sashakots",,,
24386,"**⚡️📣Умственно Отсталый Мужчина Говорит, Что Украина Пытала Его Под Лисичанском⚡️📣

**В дни, предшествовавшие тому, что Россия и силы ЛНР полностью взяли под контроль Лисичанск, мы встретили человека с психическими отклонениями, который был арестован, и Он утверждает, что Украинские военные пытали его, воздействуя психологически. В этом репортаже мы покажем вам его историю

__Я независимый журналист, финансируемый только за счет пожертвований моих зрителей.
Вы можете поддержать мою работу через Сбербанк, номер карты ____4817760356637581____

__**⚡️📣Умственно Отсталый Мужчина Говорит, Что Украина Пытала Его Под Лисичанском⚡️📣

**https://www.youtube.com/watch?v=lsit9hXtej4&feature=youtu.be",,,
24387,"Бойцы 72 бригады ВСУ снова жалуются на командиров, которые бросают их с голым задом на ежа. И оправдывают свое отступление тем, что от мертвого солдата пользы не будет. Здраво)

@sashakots",,,
24388,"**Угнать танк и выжить: как российские военные уводят украинскую технику прямо с поля боя

**Военкор КП **Александр Коц** (@sashakots) показал, [как солдаты ЛНР угнали украинский танк](https://www.kp.ru/daily/27422.5/4622362/?from=tg) Т-72 из-под носа врага.

Многотонную махину в ""серой зоне"" — на территории между противоборствующими сторонами, которую не контролируют ни наши силы, ни ВСУ — заметили с беспилотника. А в армии ЛНР такими подарками разбрасываться не привыкли.

Работа бойцов ремонтной роты — сродни задачам разведчиков спецназа. Убедившись, что машина в рабочем состоянии ребята под покровом ночи затащили к танку бронированный тягач, чтобы выдернуть его из воронки. Под утро только начали вытягивать трофей, как в воздухе послышался знакомый свист. Через секунду 120-мм мины разрываются метрах в 200 в поле, а эвакуационная команда словно и не слышит их. Выглянув из-за бруствера, наблюдаю, как мимо нас на тросе проезжает ""угнанный"" прямо из-под носа у украинцев танк. У них тоже есть эвакуационные команды, но наша оказалась расторопнее.

[Подписаться на @truekpru](https://t.me/+p3pOHrMFlcI0NWRi)",,,
24389,"ЭКСКЛЮЗИВ

«По копейке люди помогали»

**Жительница Горловки **[**Вера Калмыкова**](https://t.me/MilitaryCriminal/602)** рассказала, как люди из разных стран помогали военным Донбасса:**

«Кто с пенсии 500 рублей [пришлёт], кто с зарплаты тысячу, кто пять, кто десять, кто 20 [тыс.]. По-разному бывало. Кто-то и 100 тыс. присылал.

И из Германии помогали, и из Америки помогали, когда переводы были не заблокированы.

Из Европы люди писали: «Мы вас любим».

@MilitaryCriminal",,,
24390,"Вот такие мины немецкого производства противник ставит на Славянском направлении. Два датчика: один сейсмический, второй - на прерывания луча. Проехал мимо - и получил в борт кумулятивный заряд.

@sashakots",,,
24391,"А сегодня в нашем автоблоге - тестдрайв трофейного «Казака». Прокатился за рулем украинской бронемашины и пообщался с героическими парнями из ремроты 7 бригады ЛНР, которые зачастую прямо под обстрелами выдергивают технику с поля боя.

[Мой репортаж](https://www.kp.ru/daily/27422.5/4622362/) с восточных подступов к Славянску.

@sashakots",,,
24392,"⚡️Федеральной службой безопасности вскрыта и пресечена курируемая спецслужбами НАТО операция Главного управления разведки Министерства обороны Украины по угону боевых самолетов ВКС России"", - отметили в ЦОС.

В ФСБ сообщили, что ""сотрудники украинской военной разведки, действуя от имени политического руководства своей страны, пытались завербовать за денежное вознаграждение и гарантии получения гражданства одной из стран Евросоюза российских военных летчиков, склонить их осуществить перелет и посадку воздушных судов на контролируемые ВСУ аэродромы"".

Как отметили в спецслужбе, выявление этих планов контрразведкой ФСБ позволило также нанести удары по ряду украинских военных объектов. ""В ходе оперативной игры российскими контрразведчиками были получены сведения, которые помогли нашим вооруженным силам нанести огневое поражение ряда украинских военных объектов"", - сообщили в ФСБ. 

Кроме того, установлены сотрудники украинских спецслужб, задействованные в операции, и их пособники. 

@sashakots",,,
24393,"⚡️**ФСБ пресекла** курируемую спецслужбами НАТО операцию украинской военной разведки по угону боевых самолетов ВКС России

[Подписаться на @truekpru](https://t.me/+p3pOHrMFlcI0NWRi)",,,
24394,"⚡️Как мы угоняли украинский танк прямо из-под носа противника.

Работа бойцов ремонтной роты 7 бригады 2 армейского корпуса – сродни задачам настоящих разведчиков спецназа. Сначала они добрались до танка и убедились, что он в рабочем состоянии. Даже боекомплект целый, только аккумуляторы сели. 

Затем под покровом ночи затащили к танку бронированный тягач, чтобы выдернуть его из воронки. 

Под утро только начали медленно тянуть трофей мощной лебедкой, как в воздухе послышался знакомый свист. Тот звук, когда мышечная память срабатывает быстрее головы, бросая тело в ту самую воронку, к танку. 120-мм мина разрывается метрах в 200 в поле. Снова этот нарастающий свист…

- По нам, - хладнокровно констатирует Антон.

Следующая мина ложится ближе, за лесопосадкой. С коллегами укрываемся в одиночных окопах, вырытых еще украинцами. Взрывы выворачивают почву в 200 метрах от украинского танка, а эвакуационная команда словно и не слышит их. 

Выглянув из-за бруствера, наблюдаю, как бойцы быстренько вытягивают лебедкой многотонную махину и готовят ее к вывозу...

Мой [большой репортаж](https://www.kp.ru/daily/27422.5/4622362/) из «серой зоны» на линии Северск-Артемовск.

@sashakots",,,
24395,Последствия обстрела Кировского района г Донецка. На месте работают военные следователи  СК РФ 🇷🇺.,,,
24396,"🔥Дерзкая вылазка технарей 7 бригады ЛНР в «серую зону», где прямо из-под носа противника был затрофеен украинский танк. Стали свидетелями работы ремроты в прямом смысле слова под обстрелом. 

Ремонтники - они и разведчики, и танкисты, и саперы в одном флаконе. Хотя казалось бы, тыловая специальность. Ан нет. В этом мы убедились лично, пробравшись с ними прямо под позиции ВСУ.

Подробности через час на @truekpru . Эксклюзивные видео и леденящие душу детали. А также тест-драйв украинской бронемашины «Казак» от нашего автоблога. Не переключайтесь.

@sashakots",,,
24397,"**Воевавший за ВСУ польский боец Томаш Валентек ликвидирован в Украине
**
Спортсмен отправился в горячую точку как наемник. Ранее Валентек выступал в любительских турнирах ММА, а в 2021 году он стал победителем Второго турнира ММА в Гливице.

[**Читать подробнее 
**
](https://www.kp.ru/sports/smeshannye-edinoborstva-mma/polskij-boecz-mma-ubit-na-ukraine/)[Подписаться на @kpru_sport](https://t.me/kpru_sport)",,,
24398,"Переправа, переправа, берег левый, берег правый. Фронтовыми дорогами.

@sashakots",,,
24399,"«Европа в шоке. Россия выстояла под самыми жесткими санкциями в истории». Группа **российских экономистов** открыла [канал](https://t.me/+rFSoeUUrgns3ZGQ0) в Telegram, где доступно рассказывает, что реально происходит с экономикой России. 

По словам экономистов, они **устали от лжи западных СМИ,** а в российских видят только бравады импортозамещению. Нужен честный ресурс, где можно узнать правду. 

Они простым языком объясняют важные темы. Как **рубль стал самой крепкой валютой** 2022 года, почему Набиуллина — лучший глава ЦБ в мире, почему профицит бюджета **не страшен для экономики.

**Подписывайтесь, это** единственный такой канал **в Telegram: [https://t.me/+rFSoeUUrgns3ZGQ0](https://t.me/+miJxmRqA25FhNmQ0)",,,
24400,"Новое секретное оружие ВС РФ. Видео от подписчика)

@sashakots",,,
24401,"Мелитопольцы, вдруг вы там не в курсе, так вы уже давно не украинцы. И нет, это не кремлевская пропаганда, так считают официальные украинские медиа. Вы теперь орки и кацапы. Welcome to the club

Ну, вы поняли, куда ставить галочку на референдуме, да?

@MakarenkoLive",,,
24402,"❗️Тут пару дней киевские кловуны вещали об окружении тысяч-миллионов русской армии, об ""успешных наступательных действиях"" на Херсонском направлении вещают уже какой месяц. Мы вчера побывали в этом самом ""окружении"" и все своими глазами увидели. Что на самом деле произошло: до 50 человек личного состава ВСУ, под прикрытием минометов с трёх сторон, без бронетехники, выдвинулись в сторону одного из наших опорников. Хохлов запустили размотали артой и забрали опорник обратно. Это все ""наступательные действия"", которые ВСУ предприняли за последние дни.",,,
24403,"Где-то на Луганщине.

@sashakots",,,
24404,"**Захарова рассказала, что удар ""Калибром"" по порту Одессы разрушил военный объект

**Официальный представитель МИД РФ ответила на обвинения Зеленского, который назвал удар по порту Одессы ""вопиющим российским варварством"".

💬 __Ракеты ""Калибр"" уничтожили объект военной инфраструктуры одесского порта, высокоточным ударом отправив украинский военный катер по любимому киевским режимом адресу__, - [написала](https://www.kp.ru/online/news/4844450/?from=tg) Захарова в своем телеграм-канале.

[Подписаться на @truekpru](https://t.me/+p3pOHrMFlcI0NWRi)",,,
24405,"А вот так участников СВО встречали на Кубани, в станице Елизаветинской.

@sashakots",,,
24406,"Появились данные о погибших на Донбассе американцах, о которых ранее сообщал Госдеп.

Они уничтожены на этой неделе, 18 июля, огнем российского танка. Вместе с гражданами США были убиты канадец и швед. 

По его словам, убитыми американцами были Люк ""Скайуокер"" Люцишин и Брайан Янг. Канадца звали Эмиль-Антуан Руа-Сируа, шведа - Эдвард Селандеро Патриньяни. Их тела отвезли в Днепр.

Наемники уничтожены при обороне села Григорьевка под Северском. 

@sashakots",,,
24407,"Так в Крыму,  у базы ОМОН «Беркут» в Симферополе, встречали сотрудников сводного подразделения Южного округа Росгвардии, принимавших участие в специальной военной операции на территории Украины.

@sashakots",,,
24408,"Я думаю, что после окончания войны на Украине, как раз в перерыве между следующей войной, ООН необходимо расформировать, а ее председателя Гуттериша сдать в цирк Дю Соллей, там он будет смотреться очень органично. 

Сегодня это забавное существо выразило озабоченность ударом по Одесскому порту, но его озабоченность  с особым цинизмом парировало МО Турции которое заявило, что Россия никакого отношения к данному удару не имеет.",,,
24409,"Ехали из Горского, собирались повернуть направо, в сторону Алчевска. На перекрестке стояла пожилая пара с тележкой. Притормозили.

- Вы в Лисичанск не едете?

- Мы в другую сторону.

Пара поковыляла к понтонному мосту, мы с @epoddubny поехали к себе. Притормозили, развернулись, догнали.

- Садитесь, довезем.

По дороге оказалось, что им надо под Северодонецк. Довезли прямо до дома, где совсем недавно квартировали нацики. Это мы поняли по граффити, оставленным на стенах. Естественно, все разграблено.

- Вы себя берегите, а мы как-нибудь выживем, - сказала на прощание женщина, безуспешно попытавшись заплатить за проезд. - Вы сегодня третьи, кто отказывается. С этим всем народ стал как-то… добрее что ли.

@sashakots",,,
24410,"🇷🇺🇺🇦 **Поражение техники ВСУ на Николаевско-Криворожском направлении **

Военкор **Александр Коц** **@sashakots** [**опубликовал видео**](https://t.me/sashakots/34487) удара по украинскому грузовику в Николаевской области. Для поражения транспортной техники ВСУ был использован барражирующий боеприпас «Ланцет». 

В настоящее время на **Николаевско-Криворожском** направлении украинское командование ведёт подготовку к контрнаступлению. 

Сам грузовик находился в нескольких километрах от **Явкино**, где находится склад боеприпасов ВСУ. Вероятно, транспортным средством осуществлялся подвоз боекомплекта для украинской группировки войск на линии соприкосновения.

**Координаты**: `47.199961,32.638006`

#Николаев #Россия #Украина #Херсон
@rybar 

*__Поддержать нас:__ `4377 7278 0407 7977`",,,
24411,"Окраины Северодонецка сегодня. Город разбит артиллерией противника.

@sashakots",,,
24412,"**В Херсоне сформирована Одесская бригада из украинских добровольцев

**После прошедшего боевого слаживания бойцы готовятся к освобождению Николаева и Одессы. Как особо подчеркнул представитель соединения (очень похоже, что он сам не просто родом из Одессы, а был там известным и популярным политиком), бригада сформирована исключительно из добровольцев – граждан Украины. В ее составе уроженцы и жители не только самой Одессы, но и Николаева, Херсона, Киева, Измаила, Белгород-Днестровского, других украинских городов, даже западных.

Внешний вид и экипировка бойцов этой бригады показывает, что этим вопросом занимались не ДНР и ЛНР, а, видимо, [в российском Минобороны](https://www.kp.ru/daily/27422.5/4621932/from=tg). 

[Подписаться на @truekpru](https://t.me/+p3pOHrMFlcI0NWRi)",,,
24413,"Новая переправа между Северодонецком и Лисичанском.

@sashakots",,,
24414,"Когда выбирать не из чего)

@sashakots",,,
24415,"[❗️](https://t.me/+_UjZ41SNh7xhZmIy)**ВСУ начали штурм в сторону** **Херсона**.

Сегодня военные ВС РФ разбили колонну ВСУ под Херсоном! 
Уничтоженная НАТОвская техника и много трупов. Людям со слабой психикой [не смотреть!](https://t.me/+2q_aDp3TjgMxNzQy) 

Кадры тяжелого боя [без цензуры](https://t.me/+2q_aDp3TjgMxNzQy) в приватном канале: [Операция Z](https://t.me/+2q_aDp3TjgMxNzQy)",,,
24416,"💬 **Что происходит под Соледаром: Украинские войска еще упираются, но мы их огорчаем

**Вокруг Соледара сегодня проходят одни из самых напряженных боев на Донбассе. По сути, это последняя линия перед Славянском и Краматорском, за которые и развернется генеральная битва за Донбасс. Военкор kp.ru **Александр Коц** (@sashakots) рассказал, [что происходит в штабе казачьего полка.

](https://www.kp.ru/daily/27422.5/4621407/?from=tg)__Мы сейчас в двух километрах от Соледара, – __обрисовывает картину начальник штаба полка.__ – Наступление идет. Оно непростое. Противник занимает более выгодное положение.

**Известно, что нас ждет в Соледаре?

**Есть информация разведки, что город сильно минируется. Воюют там однозначно не резервисты, поскольку они реагируют очень быстро на любые перемещения наших войск. Сразу начинают открывать прицельный огонь. Но мы наносим эффективное огневое поражение. Они, естественно, огорчаются. И отвечают. Но у нас будет все хорошо, я в этом не сомневаюсь.

__[Подписаться на @truekpru](https://t.me/+p3pOHrMFlcI0NWRi)",,,
24417,"А вот и видео применения барражирующего боеприпаса «Ланцет» по грузовику с бк, буксирующему гаубицу. Десантура кошмарит противника на Херсонском направлении, южнее Явково, дронами-камикадзе.

@sashakots",,,
24418,"По этой трассе я ехал тогда в Соледар. Там неравнодушные граждане блокировали въезд на крупные военные склады, не давая только что созданной Нацгвардии Украины вооружиться. Вот тот же пост, на котором я еще украинским гаишникам соврал, что еду на свадьбу. Только теперь здесь стоят военные 2-го армейского корпуса ЛНР. А дорога под тяжестью прошедших по ней за 8 лет тяжелых боевых машин превратилась в крупную стиральную доску с метровыми выбоинами от снарядов и мин. Да и по прямой до Соледара сегодня не доехать.

Вокруг этого города сегодня проходят одни из самых напряженных боев на Донбассе. Противник протянул прямой рубеж обороны с севера на юг - от Северска до Артемовска, рядом с которым и стоит Соледар.

Петляем объездными дорогами, здесь это особый вид издевательства над благами цивилизации - навигаторы стонут от бессилия, истошно констатируя, что водитель сбился с пути. Откуда им знать, что впереди взорвана переправа или поперек дороги лежит рухнувший железнодорожный мост. Объезды появляются сами собой – вслед за колоннами танков, самоходных гаубиц, установок залпового огня, которые снуют по дороге в разные стороны, наполняя артерии войны смертоносным железом. По обочинам – мертвые деревни и города, в которых, кажется, не осталось жизни - отступающие украинские войска буквально стирают с лица земли населенные пункты.

- Вот на этом участке надо ехать быстро, - подсказывает сопровождающий меня сапер 6-го казачьего полка имени Платова армии ЛНР.

Притапливаю педаль газа.

- Еще быстрее, - не доволен мой спутник. – И обочину не цепляй. Мины.

Открытое пространство по ухабам пролетаем на неприличной для таких мест скорости, успевая заметить, как справа, всего в паре сотен метров нас обогнали летящие ниже деревьев два штурмовика Су-25. «Грачи» задрали носы в небо, выпустили ракеты и, отстреливая тепловые ловушки, резко ушли влево прямо перед нашим носом. «Интересное ДТП могло бы получиться», - подумал я, влетая в очередную освобожденную деревню. 

Мой [большой репортаж](https://www.kp.ru/daily/27422.5/4621407/) из-под Соледара

@sashakots",,,
24419,"Уникальное видео. Десантура на Херсонском направлении устроила массированный налет на место расположения противника дронами-камикадзе Куб-БЛА.

Только на этих кадрах сразу четыре барражирующих боеприпаса атаковали предположительно лагерь наемников и БМП у населенного пункта Доброе.

@sashakots",,,
24420,"**Дело нацбата ""Медведи SS"" Верховный суд ДНР рассматривает в закрытом режиме

**После того, как будет вынесен приговор, будет объявлено, сколько человек на скамье подсудимых и по каким статьям их судили.

На счету боевиков нацбата более ста убитых.

[Подробнее

](https://www.kp.ru/online/news/4841924/)[Подписаться на @truekpru](https://t.me/+p3pOHrMFlcI0NWRi)",,,
24421,"**Не спи под луной**

Командир подразделения СпН с позывным «Вуду» и его Пиплы уничтожают бандеровскую БМП где-то в украинских лесах.",,,
24422,"#РусскийШепот

После каждой публикации подобных писем я чувствую себя немножко психологом, которому, в общем-то, и делать ничего не надо, просто слушать. Слушать людей, которые могут доверить это лишь анонимно, как на исповеди - жителей Украины, которых лишили голоса, загнав русофобским террором на кухни и в закрытые Телеграм-чаты. А им хочется, чтобы их слышали и с ними считались.

Или хотя бы просто слышали.

«Если не включать новости и не обращать внимания на блокпосты, то почти не чувствуется, что в стране война. Людей и машин стало больше, по сравнению с мартом-апрелем, но намного меньше, чем было до февраля. Одна радость от этого - наконец-то в городе нет пробок и воздух чище стал.

Все стройки многоэтажек встали. Неизвестно, будут ли их достраивать в будущем.

В продуктовых магазинах изменился ассортимент. Некоторых украинских товаров нет, а появилось больше импортных. Часть из них — явно гуманитарка (на упаковках нет наклейки с информацией на украинском.). То есть, ей вовсю торгуют.

Появились смешные ""патриотические"" товары. Багеты ""Стингер"" и ""Джавелин"", булочки ""Слава ПВО"".

В сознании большинства людей царит та дурь, которая льется из телевизора и интернета - о всяких ""перемогах"" типа возможного ""контрнаступлениях"" и американском чудо-оружии.

Но есть и разочарование, так как война затягивается (обещали же быструю победу над Россией) и будущее очень туманное.

На улице стало больше украинской речи. Особенно забавно, когда некоторые сначала стараются говорить на мове, но потом невольно все равно переходят на русский.

Вал дикой русофобии, агрессии и нацистских лозунгов (причем люди даже не подозревают, что такие лозунги кричали в гитлеровской Германии). Они стали нормой».

[Подборка писем](https://www.kp.ru/daily/27421/4621308/), которые я получаю из внутренней Украины.

@sashakots",,,
24423,"Кажется, они начали о чем-то догадываться. Антироссийские санкции возвращаются бумерангом.  

Генсек ООН Антониу Гутерриш призвал сообща выработать политические меры для возвращения на мировые рынки продуктов из Украины и России, а также российских удобрений. Иначе уже в этом году многие регионы мира столкнутся с голодом.

«Мы можем избежать этой катастрофы, если будем действовать сейчас и если мы будем действовать сообща, чтобы выработать смелые и скоординированные политические меры,— заявил генсек ООН. - Это подразумевает немедленную реинтеграцию производства продуктов питания Украины, а также продуктов питания и удобрений России в мировые рынки».

А кто больше всех хотел на зло мамке отморозить уши? Не будем показывать пальцем.

@sashakots",,,
24424,"❗️18+ Старшина Козырь Ю.Г. с товарищем пытался скрытно заминировать подходы к ППУ 69 обрпр. Ползли долго и упорно, правда разведчики группировки «V» их обнаружили, но решили подождать, когда поближе подползут… 

В общем, ребята к успеху шли, но не получилось – не удалось.
Долго ждали может кто придет за ними…не пришли.

На фото - американские мины с инструкцией.

@sashakots",,,
24425,"Лисичанск перекрашивают в российский триколор. Во всех смыслах.

@sashakots",,,
24426,"Еще немного работы российских минометчиков в Харьковской области.

Видео от подписчика.

@sashakots",,,
24427,"Наш канал История Москвы @moshistory подготовил подборку новых интересных фактов из истории нашего города

1. Почему Цветной бульвар называется цветным? https://t.me/moshistory/2720

2. Что было раньше на месте памятника Пушкину на Пушкинской площади? https://t.me/moshistory/2722

3. Какое место в Москве чаще всего затапливалось? https://t.me/moshistory/2723

4. Какая улица самая короткая в Москве? https://t.me/moshistory/2719

5. Какая станция метро открылась самой первой? https://t.me/moshistory/2718

6. Что было раньше на месте Нового Арбата? https://t.me/moshistory/2717

7. Какие тайны хранила Сухарева башня? https://t.me/moshistory/2712

8. Зачем до 18 века москвичи держали фонари у лица? https://t.me/moshistory/2710

9. Кто из  животных полетел в космос до Белки и Стрелки? https://t.me/moshistory/2707

10. Почему Сталин не одобрил первый Москвич? https://t.me/moshistory/2706

А также много других невероятных фактов из истории Вы можете найти в канале История Москвы @moshistory",,,
24428,"- Выстрел! С…бываемся!

Кадры работы российских минометчиков на Балаклейском направлении в Харьковской области. Быстро, модно, молодежно. Как того требует сложное контрбатарейное время.

Видео от подписчика. Свои видео присылайте на @sasha_kots

@sashakots",,,
24429,"**Заграница — закрыта. Путешествия умерли**. В Европу не улететь, визы не дают, сотни ограничений, рейсы постоянно отменяют.

**Но это ложь.** И чтобы это понять — достаточно читать [Travel Media](https://t.me/joinchat/EAID727t8lthMDli). Там рассказывают все об ограничениях и получении виз.

**Внутри: **как попасть в любую страну __(даже США)__, где проще всего получить шенген и как купить билеты с 50-70% скидками.

Подписывайтесь, такие каналы на вес золота: [Travel Media](https://t.me/joinchat/EAID727t8lthMDli)",,,
24430,"Вокруг СВО развернута настоящая информационная война. Огромное количество фейков и дезинформации требуют от нас осмотрительности при выборе источников новостей. 
 
Поэтому рекомендую подписаться на [канал Вячеслава Володина](https://t.me/vv_volodin), где самый высокопоставленный политик телеграма делится собственным мнением о ходе спецоперации и анализирует действия запада. 
 
Переходите и подписывайтесь 👉 @vv_volodin",,,
24431,"**Байден может не дожить до конца второго президентского срока из-за деменции

**Такое мнение[ высказал](https://www.kp.ru/online/news/4840110/) врач Бейкер, который определяет как «национальную трагедию» то, что президентом США является страдающий деменцией пожилой человек. Специалист заострил внимание на частых падениях президента, которые у пожилых людей могут быть признаком приближающегося летального исхода - а значит, в случае переизбрания на второй срок, Байден не доживет до его окончания.

[Подписаться на @truekpru](https://t.me/+p3pOHrMFlcI0NWRi)",,,
24432,"Заура знаю с 2014 года. Когда он пришёл к нам в подразделение мы восприняли это скептически. Не многие шли на войну и оставались. Человек с высшим образованием, отец троих детей. Нет, он точно передумает — подумалось тогда. 

Заур пришёл и остался. Я ушёл и многие мои боевые товарищи тех времён тоже ушли, а он остался и оказался очень талантливым командиром и храбрым бойцом. 

Сейчас Заур находится на лечении в Москве после тяжёлого ранения головы. Все эти годы мы жили за спинами таких, как он. Каждый из нас имел возможность ходить на работу, в рестораны и кино, даже просто в магазины благодаря таким мужикам, как Заур. Которые в жару и холод, слякоть и метель несли службу примерзая к окопам или по пояс в воде. Мы могли себе позволить остаться дома, когда на улице непогода, пока эти парни жили в окопах и были нашим щитом.

Теперь Зауру очень нужна наша поддержка. Ему предстоит непростое и дорогое лечение и реабилитация. Кто хочет и может посильно помочь, вот карта жены Заура Анастасии: 
2202 2016 5531 2854",,,
24433,"Директор ЦРУ дал диагноз Владимиру Путину:

«Ходит много слухов о здоровье президента Путина, и, насколько мы можем судить, он слишком здоров».

@sashakots",,,
24434,"**Президенту Украины Владимиру Зеленскому отказали в возможности выступления на саммите крупнейшего в Южной Америке торгово-экономического объединения МЕРКОСУР.** 

О возможности выступить на мероприятии Зеленский ранее просил президента Парагвая, где пройдет саммит.

«Не было единого мнения о возможности такого общения», - объяснили свое решение организаторы форума.

[Подробнее

](https://www.kp.ru/online/news/4840091/)[Подписаться на @truekpru](https://t.me/+p3pOHrMFlcI0NWRi)",,,
24435,"**Что известно о командующем российской группировкой ""Запад"" на Украине

**Kp.ru уже [рассказывал](https://t.me/truekpru/82265) о  военачальниках Российской армии на Донбассе. Это генерал-полковник Александр Лапин ( ""Центр""), генерал армии Сергей Суровикин (""Юг""), и генерал-лейтенант [Рустам Мурадов](https://t.me/truekpru/84532) (""Восток""). И вот [что известно](https://www.kp.ru/daily/27421/4620602/?from=tg) о командующем группировкой ""Запад"" генерал-лейтенанте Андрее Сычевом.

🔻Родился 16 мая 1969 года в станице Троицкой Крымского района Краснодарского края;

🔻Служил в танковых и мотострелковых частях; 

🔻Участник боевых действий в Чечне и в Сирии;

🔻Окончил Ульяновское гвардейское высшее танковое командное училище, Общевойсковую академию, академию Генштаба;

🔻Награды: Орден ""За военные заслуги"", Два ордена Мужества, Медали ордена ""За заслуги перед Отечеством"" I и II степени;

🔻С 28 февраля 2022 года Евросоюз объявил, что генерал - под персональными санкциями;

🔻Под его руководством были взяты Мариуполь и Мелитополь.

[Подписаться на @truekpru](https://t.me/+p3pOHrMFlcI0NWRi)",,,
24436,"Саратов, Пермь, Урал, принимайте приветы с фронтовых дорог. 

Вообще, конечно, небывалое ощущение Страны, когда перемещаешься по трассам Донбасса. Реально воюют парни из всех уголков нашей Родины.

@sashakots",,,
24437,"Еще кадры работы наших десантников дроном-камикадзе Куб-БЛА на херсонском направлении. Уничтожение противника в лесопосадке. Кадры «от первого лица» - все, как вы любите.

@sashakots",,,
24438,"Сергей Шойгу проинспектировал российскую группировку войск (сил) «Запад».

Глава российского военного ведомства на командном пункте заслушал доклад командующего группировкой генерал-лейтенанта Андрея Сычевого по текущей обстановке и выполняемых в зоне ответственности боевых задачах.

По итогам заслушивания генерал армии Сергей Шойгу дал указания по дальнейшему повышению оперативности уничтожения над приграничными с Россией районами беспилотных летательных аппаратов противника, а также жесткому пресечению, с учетом поступления новых средств контрбатарейной борьбы, обстрелов националистами жилых кварталов освобожденных населенных пунктов. 

@sashakots",,,
24439,"Эксклюзивные кадры применения российскими десантниками барражирующего боеприпаса Куб-БЛА на Херсонском направлении от нашего военкора Александра Коца @sashakots.

[Подписаться на @truekpru](https://t.me/+p3pOHrMFlcI0NWRi)",,,
24440,"**Министр обороны Украины хочет сделать из незалежной полигон для тестирования нового западного оружия.

**Резников заявил, что польская артиллерийская система Krab уже прошла тестирование на территории Украины и пригласил «производителей вооружения тестировать их новые продукты здесь».

@sashakots",,,
24441,"🇷🇺🇺🇦 **Кадры ракетного удара ВКС РФ по мосту в Затоке**

Военкор **Александр Коц ****@sashakots** опубликовал видео [вчерашнего огневого поражения](https://t.me/rybar/35753) моста через Днестровский Лиман в Одесской области. Запись была сделана камерой головки самонаведения боеприпаса.

Судя по траектории и скорости изделия, можно предположить, что удар был нанесен управляемой авиационной ракетой Х-59М2 с бомбардировщика Су-34. Она точно поразила пилон подъемного механизма моста.

В начале ролика можно заметить **плавучие краны** в левой части кадра. Это наглядно свидетельствует, что украинское командование **стремится как можно быстрее восстановить стратегически важный объект** после предыдущих ударов.

Поэтому периодические атаки на выведенное из строя сооружения с целью не допустить его ремонт выглядят логично и обоснованно.

**Координаты:** `46.076569, 30.470093`

#Одесса #Россия #Украина
@rybar

__*Поддержать нас:__ `4377 7278 0407 7977`",,,
24442,"Забавно читать в украинских пабликах про поездку Путина в Иран. Воистину безумие владеет этими  землями и народом, проживающим на них. 

Оскорбления, требования не продавать беспилотники и одновременные насмешки над иранской военной промышленностью, лозунги - «Америка с нами» и поклонение фаллосу святого Химарса. 

Абсолютно сумасшедшее и больное общество, которое ещё очень долго и сложно придётся лечить, в том числе с использованием технологии кровопускания. Пока дурная кровь не выйдет, болезнь не пройдёт.",,,
24443,"Товарищи! Поддержим нашего [отечественного производителя ножей🔪 ](https://t.me/+MaKy5Ms-vVU1Yjdi)

Пока все западные компании уходят с нашего рынка, наши компании наращивают и [улучшают свои производства. ](https://t.me/+MaKy5Ms-vVU1Yjdi)

[Кизлярские ножи](https://t.me/+MaKy5Ms-vVU1Yjdi) всегда славились своим качеством и надежностью!

На данный момент в продаже: 
[Ножи специальных войск](https://t.me/+MaKy5Ms-vVU1Yjdi), охотничьи ножи, топоры. Наборы для охоты, рыбалки и шашлыков. 

 [Очень большой выбор](https://t.me/+MaKy5Ms-vVU1Yjdi) с антикризисными ценами. Поддержим https://t.me/+MaKy5Ms-vVU1Yjdi",,,
24444,"Владимир Путин прибыл в Тегеран

[Подписаться на @truekpru](https://t.me/+p3pOHrMFlcI0NWRi)",,,
24445,"ЭКСКЛЮЗИВ

«ЛНР зачистили — русскую землю от фашистов, и ребята придут к нам на помощь и помогут нам здесь в борьбе»

**Жительница Горловки Вера Калмыкова служила в артиллерии, воевала против ВСУ. Недавно у неё погиб старший сын. Об этом она узнала только из публикаций в соцсетях.

Из-за взрыва Вера потеряла ногу, но продолжает помогать военным. Она рассказала, как получила ранение:

**«Я служила в артиллерии радиотелефонистом. В один прекрасный день на позиции просто накрыли нас, я получила ранение. Они [ВСУ] накрывали каждый день, но ранение я получила вот так вот. Было и похуже, но осколок прилетел.

Первые минуты я не почувствовала ничего абсолютно, пока не увидела это глазами. Когда увидела, думаю: «Ой, это, наверное, больно» — и начала кричать. Болевой шок [был], чуть не умерла, меня спасли.

Привезли в больницу, я кровью истекла: срезало коленный сустав. Врачи не думали, что я выживу. Меня привезли, говорят: «Вера, это ампутация. Держись, сейчас будем тебе наркоз делать».

Очнулась от дикой боли и говорю: «Я чувствую ногу: она болит. Вы, наверное, не ампутировали ногу: она очень сильно болит». Они [врачи] говорят: «Вер, не переживай, всё нормально, ампутировали, ты живая, жить будешь»

@MilitaryCriminal",,,
24446,"Эксклюзивное видео недавнего удара по мосту в Затоке. Как это выглядело глазами ракеты.

@sashakots",,,
24447,"**❗️Серия ударов нанесена по Славянску

**По данным «Иди и смотри», в Славянске мощные взрывы.

💬__«Прилеты в Славянске. Бьют по инфраструктуре ВСУ»__, — рассказал источник канала. 

По его словам, также удары нанесены по позициям ВСУ в Краматорске.

**__@smotri_z__**",,,
24448,"В Лисичанске тем временем на месте взорванного моста, соединявшего две части города, сделали насыпную переправу. Объезд муторный был, но теперь в центральную часть можно попасть намного быстрее.

@sashakots",,,
24449,"**❗️Обращение ко всем, кто живет в Москве или Питере 

**Нашли для вас закрытые городские каналы, в которых выкладывают самые необычные места для прогулок, заведения для любителей вкусно покушать и самые горячие новости из жизни городов. 

**Обязательно подпишитесь: 

❤️** [Канал для Москвы](https://t.me/+yZZSMC06bNEyOTAy) 

❤️ [Канал для Питера](https://t.me/+CJLglK5qd8syZWQy)",,,
24450,"Пленные всушники на освобожденных территориях красят заборы в цвет триколора. Перекрашивает точнее жовто-блакитные, от которых тут в глазах рябит. 

Такая трудотерапия, которую, кстати, ввели еще в 2014. Тогда пленные артиллеристы разбирали завалы домов, по которым они били. В принципе, пленных у нас столько, что можно восстановительные стройотряды формировать.

@sashakots",,,
24451,"**О детях Донецка, Мариуполя и других городов Донбасса **[в репортаже спецкора ""КП""](https://www.kp.ru/daily/27419/4619591/?from=tg)** Дины Карпицкой. 

**💬 __Если слышишь ""бабах"", значит, это наши — можно не бояться, —__ учит меня журналист из Донецка Мая Пирогова.__ — А если свист, который нарастает, вот тогда бойся. Лучше всего эти простые правила схватывают дети. 

Сейчас я в Донецке, в центре города. Рядом команда детского омбудсмена России Марии Львовой-Беловой, пакует по пакетам гречку и подгузники, подсолнечное масло и цветные карандаши… Вот – вот мы отправимся в школу № 60, где нас ждут дети. А потом, перед самым выездом из Донецка, отправимся в детское отделение травматологической больницы, чтобы забрать раненых детей. 

Можно миллион раз прочитать про то, что такое жить под страхом ракетных ударов, пересмотреть тысячи видео и фото. Но стоит только один раз выйти на пустынную улицу полуразрушенного города, глотнуть тяжелый, напряженный воздух и осознать, что ты на самом-то деле ничего не понимал. Не понимал, насколько это СТРАШНО.

__[Подписаться на @truekpru](https://t.me/+p3pOHrMFlcI0NWRi)",,,
24452,"Десантники на Херсонском направлении атакуют позиции противника барражирующим боеприпасом «Куб-БЛА».

@sashakots",,,
24453,"Спецотряд охотников за «тремя топорами» за работой. Российский спецназ совместно с луганскими артиллеристами уничтожает западные типы вооружений.

@sashakots",,,
24454,"Мой сюжет с Соледарского направления. Артиллерия ЛНР перемалывает позиции противника.

@sashakots",,,
24455,"Во-первых, это красиво! Артиллерия 2 армейского корпуса ЛНР демилитаризирует позиции противника на Артемовском направлении.

@sashakots",,,
24456,"НЕ РЕКЛАМА 

Парни находятся на СВО
1 из немногих каналов на которые я [подписан](https://t.me/+2JSDMSwdCxczNzhi) давно, наши камрады, весь контент от первого лица с [места](https://t.me/+2JSDMSwdCxczNzhi) событий, качественный материал, поддержите парней 🇷🇺🤙🏻 

https://t.me/+2JSDMSwdCxczNzhi
https://t.me/+2JSDMSwdCxczNzhi
https://t.me/+2JSDMSwdCxczNzhi",,,
24457,"Последние новости с Артемовского направления. Наше включение с позиций артиллерии ЛНР под Соледаром.

@sashakots",,,
24458,"Только что вернулись с Северского направления. Я бы не спешил с заявлениями о взятии Северска. Бои на подступах к городу продолжаются. Артиллерия активно окучивает высоты за Северском, реактивка наваливает по лесным массивам вокруг него. Группировка Отважных продолжает наступление с востока и юго-востока.

@sashakots",,,
24459,"**Украинский самолет, разбившийся в Греции, вез оружие НАТО на продажу ""Хезболле**""

Напомним, украинский Ан-12 авиакомпании ""Меридиан"" разбился вечером 16-го июля после пожара, возникшего в двигателе. Как сообщалось официального, на его борту было примерно 12 тонн ""вероятно, опасного"" груза. 

Но никаких признаков остатков химического оружия или ядерных материалов обнаружить не удалось. Ан-12 вез не оружие массового поражения, но и не учебные мины, как заявили официальные власти, а совсем другой груз.

По сведениям, опубликованным в весьма информированным Телеграм-каналом НЕЗЫГАРЬ, самолет перевозил вооружения, которые Украина перепродала из своих полученных от стран Запада запасов (стингеры, джавелины, АК с боекомплектами и др.) военному крылу ближневосточной ""Хезболлы"" через сербскую ОПГ, длинным маршрутом через Сирию и Иорданию (чтобы улизнуть от внимания российских ВКС). Стоимость контракта — 9 млн долларов США, из которых 3 миллиона были в качестве аванса уже перечислены на счета в ОАЭ.

Как пишет НЕЗЫГАРЬ, информацией о рейсе с оружием для Хезболлы ЦРУ поделилось с Моссадом. А дальше это было уже делом техники одной из самых грозных спецслужб современности…

Выходит, что, во-первых, Украина перепродает оружие НАТО, а во-вторых, ЦРУ имеет доступ к самым глубоким тайнам украинской разведки, в том числе — и об этих перепродажах. Не исключено, что США и сами имеют с этого долю, пишет наш журналист Александр Гришин 

[Подробнее

](https://www.kp.ru/daily/27419/4619181/?from=tg)[Подписаться на @truekpru](https://t.me/+p3pOHrMFlcI0NWRi)",,,
24460,"Выжившие белорусские наемники рассказали, как их раздолбал российский спецназ. Об этом бое мне [рассказывали](https://t.me/sashakots/34327) его непосредственные участники.

""25 июня из ВСУ поступила боевая тревога, что **нужна помощь для прикрытия отхода украинских войск из Лисичанска.** Чтобы противник не отрезал группировку, которая отступает, и не взял их в ""тиски"". Мы должны были сдерживать противника на одном из направлений, недалеко от Лисичанского нефтеперерабатывающего завода.

Мы приехали туда 25 июня. Там уже активо шли боевые действия. По НПЗ работали танки противника, велись обстрелы. С нами также были грузины из Иностранного легиона, мы вместе должны были удерживать рубежи.

Командир принял решение, что занятая позиция невыгодная и необходимо двигаться вперед. В итоге мы оказались достаточно далеко от союзных сил, фактически наша группа была в тылу противника. Мы совершили облет с помощью беспилотника, но ничего не нашли, так как там была очень густая растительность, а технику старательно спрятали. Также техника была спрятана в ангарах в населенном пункте. Когда попробовали отступить, то зашли в ""зеленку"" (лесистая местность), где столкнулись с ротой противника, которая готовилась к атаке на НПЗ. Завязался очень тесный бой, дистанция до противника была всего около 15 метров. Все начали стрелять, падать, отползать. Меня ранило в ногу, пуля прошла между пальцев. У меня была одна граната с собой. Думал, кинуть в противников, но они были далеко, собирался даже подорваться на ней. Было такое состояние на адреналине, решения принимались и менялись каждые три секунды. Я прополз метров шестьсот и пробежал три километра с раненой ногой. На месте эвакуации встретил других побратимов, которые выжили.

**Когда бойцы грузились в машину, по месту начала работать артиллерия**. После этого беларусы отошли на ближайшую высоту. При этом никто не был ранен. Уже на высоте на нас выехала российская техника — танки, а также бронеавтомобили ""Тигр"". Техника была спрятана в ""зеленке"" и завелась, когда начался бой. После обстрелов из танка и пулеметных очередей с ""Тигров"" у нас появились первые тяжело раненые. Эвакуировать их оттуда не было никакой возможности, так как там открытая местность.

По словам белорусского наемника, первый ранение получил Брест:

""**Он попробовал выстрелить из гранатомета в танк. Как только встал в полный рост, его сразу расстреляли**. Непонятно до конца, из чего именно стреляли, но ранения были пулевые. Шёл очень плотный огневой контакт. Было задействовано много пулеметов. Я видел краем глаза, как на дороге кто-то лежал. Скорее всего, это был Брест. Он был в очень тяжёлом состоянии: ни вести бой, ни самостоятельно отходить он уже не мог"".

По словам собеседника, **российские войска превосходили их в силе в пять-десять раз:**

""Если смотреть по снимках, которые выложили россияне, то видно, что у Сябро много пулевых: и в ногу, и в руку, и в лицо. Что касается Атома, то другой парень, который выжил в бою, видел его. Атом был в самом тяжёлом состоянии среди всех нас: у него не было половины спины, что-то сделать было невозможно. **И Брест, и Сябро, и Атом, скорее всего, погибли вскоре после полученных ранений.**""

@sashakots",,,
24461,"Со старым знакомым, командиром пушечного дивизиона «Тоболом» поговорили о том, как изменился характер боевых действий за последние пару месяцев.

[Мой репортаж ](https://www.kp.ru/daily/27419.5/4618975/)

@sashakots",,,
24462,"Лица армии ЛНР. Простой русский мужик (в прошлом - слесарь-ремонтник) с простым древнегреческим позывным Абарис рассказывает, как «Гиацинтами» расправляется с «тремя топорами» М777.

[Мой репортаж. ](https://www.kp.ru/daily/27419.5/4618975/)

@sashakots",,,
24463,"Подразделения группировки ""Victory"", выполняющие боевые задачи на Славянском направлении демонстрируют блестящую работу по уничтожению украинского БТР ""Казак""🇷🇺💪💣

Посмотрите до конца. Неожиданное качество картинки.

@sashakots",,,
24464,"Примерно 2 недели назад в Изюме российские власти начали выдавать  единовременные выплаты в 10 тысяч рублей, наиболее социально незащищенным категориям граждан ( пенсионеры, инвалиды, многодетные родители и т.д). Для получения выплаты граждане должны придти в Пенсионный фонд, предоставить документы и получить деньги. 

Люди начали собираться, занимать очереди и получать выплаты. Про все это проведало командование ВСУ и уже три дня по местам скопления гражданских, наносятся удары кассетными боеприпасами Урагана. ВСУ, особенно учитывая агентурную и космическую разведку прекрасно известно, что данный объект и те люди, что стоят в очереди на улице, это не то, что не российские военные, это до сих пор формальные граждане Украины, причем наиболее обездоленные. 

Потому в очередной раз констатирую, ВСУ и Киевские власти, ничем не отличаются от известных террористических организаций, с которыми как известно переговоров не ведут, а мочат в сортире. 

Вот краткий список раненых  среди гражданских за 14 июля возле Пенсионного фонда:Роман Зеленский 1976 г.р ( ампутация ступни), Анатолий Запорожский 1989 г.р, Владимир Чегринец 1969 г.р, Сергей Дубинский 1974 г.р, Виктор Пархоменко 1969 г.р, Владимир Бобров 1954 г.р,Зоя Чуб 1952 г.р, Юрий Мартынов 1962 г.р, Фёдор Шилобоков 1948 г.р,Любовь Боброва 1957 г.р,Андрей Литвинов 1976 г.р. Три человека получили ранения на улице Гагарина: Галина Волкова 1962 г.р,Дмитрий Мануйло 1950 г.р,Валентина Головченко. 1943 г.р. На улице Соборная осколочные ранения получили Светлана Фролова 1959 г.р, Александр Шилин 1971 г.р и Антонина Краева 1956 г.р. 

16 июля семь человек получили ранения около банка и Пенсионного фонда. Помимо раненых, с 14 по 16 июля погибло 6 мирных граждан. Опознаны Людмила Троицкая и Алексей Толкачев. 

Как видите, год рождения пострадавших указывает на то, что в основной своей массе это люди предпенсионного и пенсионного возраста, то есть наиболее социально незащищенные. Логично объяснить, зачем ВСУ целенаправленно убивает стариков, я не могу. Хотя могу, это просто месть всему юго-востоку бывшей Украины, тому самому населению, которое Киев считает врагами и людьми второго сорта.",,,
24465,"❗️**НАЦИСТ заснял свою смерть в прямом эфире

**Украинский нацист сидел в окопе и снимал сам себя. В это время, ему на голову **прилетел снаряд.** Слабонервным просьба не смотреть. Сюда выложить не можем, видео посмотреть можно в приватном канале: [Операция Z](https://t.me/+xUHEXsDyUJ9mNDky)",,,
24466,"⚡️Высокоточными ракетами большой дальности воздушного базирования в одном из корпусов промышленного предприятия города Одесса уничтожен склад хранения противокорабельных ракет «Harpoon», переданных Украине странами НАТО.

@sashakots",,,
24467,"Украина Хаймарсами зачем-то раздолбала троллейбусное депо в Алчевске.

@sashakots",,,
24468,"[Сань](https://t.me/sashakots/34398), да это вообще мягко говоря странно. Я с удивлением смотрел, как вчера новость о «письменных гарантиях Киева» не бить по территории России Химарсами, форсили по всем новостным лентам. Противно было читать. И ты прав, Крым американцы российским не считают. Самые лучшие гарантии, это уничтожения самих Химарсов, а не разного рода филькины грамоты.",,,
24469,"⚡️ПВО работает над Алчевском. Сбиты две ракеты.

@sashakots",,,
24470,"Активный трафик на Артемовском направлении.

@sashakots",,,
24471,"Российская делегация в июне и в июле посещала аэродром Кашан в Иране, чтобы изучить беспилотники ""Шахид-191"" и ""Шахид-129"", заявил советник президента США по национальной безопасности Джейк Салливан.

Белый дом предоставил телеканалу CNN спутниковые снимки, на которых, как утверждается, видны эти беспилотники в Кашане в день визита российской делегации.

Иран собирается поставить России сотни дронов, как разведывательных, так и тех, что могут нести боеприпасы, утверждает Салливан.

Хочется, чтобы он не ошибся.

@sashakots",,,
24472,"Уникальное видео вчерашнего удара по объекту в Днепропетровске, на котором видно, как украинская ракета ПВО вылетела для перехвата нашей ракеты, но не успела.

@NeoficialniyBeZsonoV",,,
24473,"Очень показательное видео, как российские крылатые ракеты прорывают ПВО противника на подлете к Днепропетровску.

@sashakots",,,
24474,"Ночью вновь сыпались снаряды нацистов по центру Донецка. 

Удару подверглась автостанция «Центр». Сугубо мирное место, вокруг жилая застройка. Ещё одно доказательство, что эти уроды просто нелюди.",,,
24475,"Денис Мантуров, назначенный вчера на должность вице-премьера курирующего ВПК озвучил вполне простые, но архиважные вещи: развитие беспилотной авиации, развитие собственной электроники и т.д. Посмотрим, насколько теперь получится реализовать эти жизненно важные для страны направления. 

Подкупает в данном случае то, что Мантуров еще вполне себе молодой человек и живет в информационной эре, а не во временах пишущих машинок и компьютеров на перфокартах. Мы обязаны догнать передовые страны в сфере технологий, хотя бы военного назначения, иначе просто превратимся в индейцев Мезоамерики, эпохи Великих Географических Открытий.",,,
24476,"Тот неловкий момент, когда российский штурмовик решил поучаствовать в интервью «захистника». Собственно, все у него (захистника) на лице.

@sashakots",,,
24477,"Коллеги из ЦАСТ подготовили перевод и опубликовали эпохальный труд Роберта Джервиса про роль неверного восприятия в международных отношениях: https://t.me/bmpd_cast/12413

Тема т.н. misperception очень занимает авторов Ватфора, причем не только в любимом жанре #стратдела. На высшем, ядерном уровне мы эту проблематику через ""паритет восприятия"" частично затрагивали вот в этой статье: https://t.me/vatfor/6095

Возвращаясь к книге Джервиса, который не так давно покинул наш мир, подчеркнем его статус патриарха в сфере исследования международной безопасности. Подробнее можно, например, послушать в подкасте на известной площадке War on the Rocks с участием действующих сотрудников Пентагона, Совета нацбезопасности и Госдепа: https://warontherocks.com/2022/07/remembering-robert-jervis-part-i/

#ватфорценит",,,
24478,Как прекрасен наш Днепр с высоты птичьего полёта!,,,
24479,"**«Демилитаризация»

**«На своей земле» – серия 11

В заключительной серии проекта «На своей земле» мы покажем , как сегодня проходит демилитаризация Украины. Её основная задача – нейтрализовать военный потенциал Украины. Киев ежедневно теряет десятки стратегических объектов – заводы, склады с вооружением, хранилища топлива. Чтобы предотвратить поставку вооружения от НАТО, ежедневно наносятся удары по транспортным узлам, железнодорожным путям и мостам. Наглядные примеры демилитаризации – в новом выпуске! Смотрим!

[1 серия](https://t.me/novosti_voinaa/6292)   [2 серия
](https://t.me/kremlinprachka/19154)[3 серия](https://t.me/vityzeva/59447)   [4 серия
](https://t.me/vityzeva/59615)[5 серия](https://t.me/voenacher/22399)   [6 серия
](https://t.me/sheyhtamir1974/21142)[7 серия](https://t.me/wargonzo/7367)   [8 серия
](https://t.me/savanichi/34200)[9 серия](https://t.me/sashakots/34182)   [10 серия](https://t.me/expensive_hurma/3808)",,,
24480,"⚡️Супер Акция🆘

**При покупке многофункционального топора,нож Колумбия получаете бесплатно 
**
💵Цена 4.300₽
🚚Доставка по всей России

Перейти в магазин⤵️ 
https://t.me/nozhi_podarki
https://t.me/nozhi_podarki
https://t.me/nozhi_podarki",,,
24481,"**В США предрекли неожиданную победу России после визита Байдена в Саудовскую Аравию

**Подписание договора об увеличении добычи нефти между США и Саудовской Аравией может [обернуться хорошим доходом для России. ](https://www.kp.ru/online/news/4833317/?from=tg)Такое мнение в Washington Times высказал обозреватель **Бен Вольфганг.** Между прочим, Саудовская Аравия уже более чем в два раза увеличила импорт топлива из России для производства электроэнергии.

Журналист уверен, что если **Байдену** удастся убедить Эр-Рияд нарастить добычу, а также закупки энергоносителей для США, то Москва и дальше сможет зарабатывать на продаже топлива странам Ближнего Востока. Вот такой дефолт.

[Подписаться на @truekpru](https://t.me/+p3pOHrMFlcI0NWRi)",,,
24482,"Наш канал [История Москвы](http://t.me/moshistory) собрал уникальные факты из истории города

За всю историю московского метро он не работал один день. Когда? 
https://t.me/moshistory/2672

Правда ли что Мавзолей был деревянный и какие ещё тайны он хранит? 
https://t.me/moshistory/2667

Зачем построили Ростокинский акведук и как это связано с чумой?
https://t.me/moshistory/2668

Ходил ли трамвай Аннушка, описанный в романе Мастер и Маргарита?
https://t.me/moshistory/2666

Правда ли, что первое здание МГУ было на Красной площади?
https://t.me/moshistory/2663

Что означало слово хам, от которого пошло название Хамовники?
https://t.me/moshistory/2660

Почему раньше в домах москвичей не было стекол?
https://t.me/moshistory/2655

В каком году ураган осушил Москва реку?
https://t.me/moshistory/2654

Какоц транспорт был первым в Москве?
https://t.me/moshistory/2650

Какая станция метро сменила 5 названий?
https://t.me/moshistory/2669

Почему Китай-город назван Китай-городом?
https://t.me/moshistory/2671

В каком году в Москве заработал первый лифт?
https://t.me/moshistory/2673",,,
24483,"У скончавшегося в плену британского наемника Пола Джонсона Энтони Доминика Ури выявлены инсулинозависимый диабет, поражение дыхательной системы, почек и ряд заболеваний сердечно-сосудистой системы. 

«Кроме того, он находился в подавленном психологическом состоянии из-за безразличия к его судьбе на Родине. Понимал, что представители Великобритании проигнорировали даже возможность проведения переговоров о его возвращении в рамках процедуры обмена пленными. Более того, не предоставили необходимые медицинские препараты по линии МККК. 

С нашей стороны, несмотря на тяжесть вменяемого преступления, Полу Ури была оказана соответствующая медицинская помощь. Тем не менее, учитывая диагнозы и стресс, 10 июля он скончался», - сообщила омбудсмен ДНР Дарья Морозова.

@sashakots",,,
24484,"Юрий Борисов назначен генеральным директором ""Роскосмоса"" — указ Путина

[Подписаться на @truekpru](https://t.me/+p3pOHrMFlcI0NWRi)",,,
24485,"Главное из выступления Дениса Мантурова, который назначен вице-премьером, отвечающим за оборонку: 

✔️ Производство современных БПЛА и новейших вооружений станет приоритетом для ВПК.

✔️ Россия должна отказаться от рыночной промышленной политики и перейти на путь обеспечения «технологического суверенитета».

✔️ Возрождение производства в электронном машиностроении. 

✔️ Локализация производства российских самолетов.

@sashakots",,,
24486,"Надеюсь, тот, кому положено по должности, фиксирует лица этих уродов, которые бьют из американских гаубиц по мирным кварталам Донбасса. А потом преображаются в «поваров» и «писарей». Они, конечно, даже суда не заслуживают. Сердечная недостаточность или гипертонический криз. Как у преставившегося британского наемника.

@sashakots",,,
24487,"Противник действительно вывел из Северска до 500 человек живой силы, но это не отход. Это усиление группировки в Соледаре и Артемовске. Также по трассе Северск-Соледар переброшено до 50 единиц различной артиллерии, чтобы усилить Соледарскую группировку. Гаубицы и РСЗО располагаются в жилом секторе и в огородах. В Северске остается противник. Он также контролирует часть высот за городом.

@sashakots",,,
24488,"Если украинское командование действительно отдало приказ на поэтапный вывод своих подразделений из Северска, я бы не спешил радоваться.

Вообще сопротивление противника по линии Северск - Соледар - Бахмут сейчас подчинено одной цели. С мест сообщают, что ВСУ сейчас активно возводят новый рубеж обороны с восточной стороны линии Славянск-Авдеевка. Да, укрепления там находились и раньше. Но сейчас этот рубеж превращается в одну сплошную линию.

И упираются украинцы в Северске и Соледаре, чтобы дать возможность создать эту линию. Если они уходят из Северска, значит как минимум агломерация Славянск-Краматорск к длительной обороне готова. Как только уйдут из Соледара и Бахмута, можно будет говорить о начале генерального сражения за Донбасс. 

Но с уходом из Северска можно говорить о начале битвы за Славянск.

@sashakots",,,
24489,"❗**Серия мощных ударов нанесена по Николаеву
**
По данным **""Иди и смотри"",** всего нанесено не менее десяти ударов. 

__""Ракетный удар по Национальному университету кораблестроения в Николаеве. В здании располагалась нацгвардия Украины"",__ — рассказал источник канала.

@smotri_z",,,
24490,"Киберполиция Одесской области разоблачила группу, которая в обход запретов настраивала жителям региона российские каналы, сообщил глава Одесской ОВА Максим Марченко .

Он с прискорбием рассказал, что этой услугой в области воспользовалась «не одна тысяча людей», и дал понять, что клиентов, воспользовавшихся этим сервисом, тоже будут искать.

@sashakots",,,
24491,"Читаю периодически прогнозы. что ситуация на Украине приведет мир к Третьей мировой войне. 
Хочу расстроить читателей. Война, строго говоря, идёт уже давно. Ну та, которая Третья, и даже мировая. 

Для этого просто надо уйти от классического понимания, что война это конфликт ограниченный временными рамками - ну повоевали несколько лет и кто-то один победил. Современная война во-первых  процесс перманентный, и даже условная капитуляция одной и сторон не означает конца войны. 
Во-вторых война сегодня это противостояние экономик, идеологий, армий экономик и даже психики воюющих народов и стран. Таким образом, можно считать, что Третья мировая началась с крушением СССР, объявлением ""конца истории"" и ""21 века, как века американского доминирования"". 

В этот момент война была объявлена России, то есть нас надо быдло добить, и всем остальным - им надо было не дать усилиться.  Ну а все, что было в промежутке между 1991 годом и сегодняшним днём - это и есть Третья мировая. Просто фазы разные. Сначала холодная - экономическая. Как бы интеграция с Западом, мир-дружба, на самом деле слияние и поглощение, в том числе и через контроль элит. 

Первый шаг к горячей фазе это 1999-й и бросок на Приштину, когда Россия показала Западу зубы. Дальше Вторая чеченская, при информационной поддержке боевиков Западом. Потом Майдан 2004. А окончательный переход Запада к активным антироссийским действиям начался после Мюнхенской речи. 
Все последующий события - Грузия, Сирия, Ливия, Украина, ""Белая лента"" в Москве, работа с региональными элитами в России - стоит рассматривать исключительно как этапы горячей фазы Третьей мировой. То, что в события на Украине вроде бы вовлечены  не так много стран, не имеет значения. Косвенно все равно эти события касаются большинства стран, потому что они затрагивают выстроенные годами экономические связи и логистические цепочки. 

Ну вот собственно не стоит бояться какой-то Третьей мировой, потому что мы давно в ней.",,,
24492,"**Если вы разберётесь в экономике — вас возненавидят банки и налоговая**

Оформить кредит и законно не платить за него, **вернуть** уплаченные налоги с зарплаты (ст. 218 НК) или даже **получить** безвозмездно __260.000__ руб от государства

**Лазеек сотни, и не нужно тратить 5 лет на ВШЭ**, чтобы знать их. Просто читайте таких ребят, как [Азат Валеев](https://t.me/+Sdgvv5dDN5ZmMjY6)

Он делится, как дешево купить доллар без комиссии, почему держать деньги в банках — глупая затея и как вообще работает экономика?

**Подписывайтесь**, в наше время такие знания на вес **золота**: [@Azatmale02](https://t.me/+Sdgvv5dDN5ZmMjY6)",,,
24493,"Как часто граждане Украины приходят к своим ЛОМам и требуют обозначить позицию по гражданским, убитым на Донбассе? За восемь лет не видывал ни разу. Люди, потребляющие контент оставшихся ломов, привыкли радоваться чьим-то смертям, а нормальные украинцы подобное читать не готовы. 

У меня же другая проблема. «Как нам относиться к гибели украинских гражданских?», - спрашивают дончане, россияне и белорусы. Боюсь, друзья, что ничего принципиально нового по этой скользкой теме вам не скажу. 

Тут ведь как? Ни в 2014-м, ни в 2018-м, ни в 2021-м году призывы «стереть Киев с лица земли» у нас не только не поощрялись, но строго порицались. Порицаются и теперь. И это хорошо. Потому, что никакого будущего озверевший народ не имеет. 

Если вы не трясётесь, глядя на фото детских ножек, торчащих из под простынки, то вас уже нет. Знаю, что лучше бы не испытывать ничего, но все в этом мире имеет цену. Человечность - в том числе. 

Но давайте не забывать о том, с кем нам приходится иметь дело. Мы знаем, с какой легкостью они убивали собственных граждан в Одессе и Донбассе, мы видели, как то же самое прямо сейчас они проделывают в Херсонской и Запорожской областях. А ещё у нас за спиной Волноваха, Мариуполь и ещё десятки населенных пунктов Донбасса, население которых использовали как живой щит. 

Вот уже и украинские журналисты начинают спрашивать, почему военный объект прятали среди гражданских. Потому, что издали рассуждать легко, но когда твои собственные окна разлетаются на сотни осколков, появляется нестерпимое желание задавать вопросы. 

Почему раньше не спрашивали? Да потому, что всякому плевать на всякого и каждый сам за себя. Так до войны и дошло. 

А сегодня в Донецке обстреляли автостанцию и молчуны сориентировались быстро. Это, мол, вы сами обстреляли, чтоб от Винницы внимание отвлечь. Да ну? А за час до этого мы от чего отвлекали внимание? А за два? А вчера и позавчера? А все эти восемь проклятых лет? 

Может Киев хоть раз сменил тактику, чтобы гражданские больше не гибли? Может перестал науськивать молодёжь после того, как юные дураки с коктейлями Молотова напали на бронетехнику? Может запретил трепаться о «метках» и «фонариках» после того, как людей стали отстреливать прямо на улицах?

Может перестал размещать военные объекты среди гражданских? Или населенные пункты Донбасса теперь не разрушают под ноль, используя гражданские дома как огневые точки? А с обстрелами населенных пунктов ДНР и ЛНР чего? Перестали может? 

Трагедия произошла в Винницу? Безусловно. Так ведь каждый день, начиная с ноября 2013-го, трагедией был. Все это - одна большая трагедия. И виновные прекрасно известны. Мы тут, знаете ли, скорбим о каждом. 

Я только одного не понимаю. Почему нас ваши жертвы волнуют, а вас наши - нет? Хотя стоп! Почему вас самих не волнуют ваши жертвы? Почему вопросы к украинской власти робко-робко лишь теперь зазвучали? В Мариуполе не ваши были? Не ваши в Херсоне? 

А по факту выходит, что всюду наши. Даже если не знают об этом и знать не хотят. Даже если против нас воюют. Их-то где? Выходит, что в Лондоне. Или куда там «зелёные» жён и деток своих отправили? Только эти для них свои.",,,
24494,"Утренний прилет по объекту ВСУ в Константиновке.

@sashakots",,,
24495,Очень крутые кадры спецназа ВДВ — как наши бойцы брали аэропорт в Гостомеле. Полное видео в канале [Военная Хроника](https://t.me/+md5ZKADfcXFlYzZi).,,,
24496,"«Мы что должны своих мужей в «Опознай хохла по чубу» искать?!»

Матери, жены и дочери военнослужащих 24 бригады ВСУ жалуются, что командованию плевать на пропажу их мужиков. Оно не занимается ни обменом пленными, ни поиском тел погибших или пропавших без вести. И так не только в 24 бригаде. Так по всей украинской армии.

@sashakots",,,
24497,"Стихотворение: «Антинацист»
Читает автор: #АнатолийБрагин

#ВДВ #ВДВРоссии #ГероиZ
@zvdvru",,,
24498,"ОБСТАНОВКА НА СЛАВЯНСКОМ НАПРАВЛЕНИИ 13.07.22-14.07.22 от группы Поддубного

Активные боевые действия идут на линии Северск - Артемовск. В целом союзным силам удалось разгромить позиции противника и уничтожить личный состав подразделений ВСУ в лесополосах у Северска. Артиллерия НМ ДНР и группировки ВС РФ 🅾️ активно перемалывает противника уже в течении недели на линии обороны Артемовск - Солидар - Северск. На карте показаны основные направления ударов мотострелковых частей союзных сил. 

Формирования киевского режима не жалеют силы и средства, чтобы замедлить продвижение наших бойцов. Несут большие потери, но продолжают насыщать оборону резервами. Происходит активное минирование местности (ТМ, ПФМ, растяжки). 

В районе Соледара и Северска по-прежнему активно действуют иностранные наемники и западные военные специалисты, которые курируют использование американских и европейских артиллерийских систем. В небе работают тактические беспилотники противника. Вновь зафиксировано применение барражирующий боеприпасов «Switchblade 300». 

Усилия союзников направлены на то, чтобы подойти в плотную к Славянску и Краматорску с севера, востока и юга. Негативно на темпах сказывается дефицит БПЛА и других средств разведки. 

За карту обстановки спасибо друзьям из @militarymaps. 

Наша группа наблюдает за наступлением на месте. 

@epoddubny",,,
24499,"Дорогами войны: десантура группировки Отважных на марше - под Знаменем Победы. Все чаще замечаю это «тактическое обозначение». Внуки и правнуки Победителей в Великой Отечественной войне по праву причисляют себя к продолжателям славного военного дела своих предков. 

@sashakots",,,
24500,"**Как незаметно управлять поведением других людей?

**Ты произносишь речи. Пишешь тексты. Только слова появились 40 тысяч, письменная речь - 10 тысяч лет назад. А нашему мозгу примерно 450 млн лет. Эволюция приучила нас полагаться на иные сигналы. 

Учитывай психологию. В вендинговом аппарате помещены две одинаковых по стоимости, но разных по размеру банки Coca-Cola. Купил бутылку газировки 0,5 по той же цене, что банка 0.33, и думаешь, что обманул систему? На самом деле все немного наоборот.

Видеть уловки, на которые мы ведёмся каждый день, научит Николай Молчанов — выпускник МГУ и INSEAD, кандидат психологических наук и автор канала [""Психология Маркетинга""](https://t.me/marketpsy/1384).

Там же ты узнаешь о ловушках мышления, ошибках органов чувств и техниках манипуляции поведением. А ещё — [как поймать удачу](https://t.me/marketpsy/1562). Не медли и подписывайся, лишним не будет.",,,
24501,"**Американская гаубица М777 стала трофеем

**Военкор ""КП"" Александр Коц передает, что ее охранял батальон спецназа, но орудие все равно попало в руки российских ВС и сил ЛНР. Гаубица была уничтожена. 

Маленькая деталь: среди украинских военных был чернокожий инструктор, который заведовал ее применением 

@sashakots 

[Подписаться на @truekpru](https://t.me/+p3pOHrMFlcI0NWRi)",,,
24502,"От подписчика: как Украина торгует западным оружием через Даркнет.

«Добрый день снова! Я вам когда-то скидывал инфу про продажу джавелинов в торе. Наша история продолжилась!! 

6 дней назад там появился первый отзыв на польском, где продавца благодарят за продажу! Но самое смешное, продавец добавил описание, в котором подробно описал, как доставляют и куда доставляют джавелины – оказывается по всей европе за 14 дней (сначала до границы с Польшей) без проблем в бочках из-под моторного масла. 

Сначала нужно внести депозит 4 тысячи. У него осталось всего 18 штук… Всего. Это ж сколько он продал?! 

Я с ним списался в тг. Притворился бизнесменом-перекупом из Франции, на что он мне скинул фотку и уверил что они профессионалы! А в конце написал, что они даже гарантию дают, заменят бесплатно, если неработающий придёт! Все заскринил как в прошлый раз. Ссылку на оригинальное описание тоже скину. Удачи ребят, разнесите этих чертей!»

@sashakots",,,
24503,"То, что украинские СМИ кормят свою аудиторию говном, уже давно не секрет. Фейк на фейке. Но этот сюжет прямо отдельный вид налюбилова — показывают удар градов по Горловке под комментарий ведущего, что это, якобы, детонация на складах

Ага, склады. По одному снаряду в каждом складе

@MakarenkoLive",,,
24504,"**Живешь в Москве или Питере?**

Нашли для тебя секретные каналы, которые выкладывает малоизвестные интересные места: кафе, креативные пространства, коворкинги и многое другое! Будет полезно как туристу, так и жителю МСК и СПБ. 

**Приглашаем: **

❤️ [Канал для Москвы](https://t.me/+x4Xbyo35TUsxY2Zi)

❤️ [Канал для Питера](https://t.me/+KyvlLC7gH8UxNTYy)",,,
24505,"Как была затрофеена первая гаубица М777. 

В огромный бетонный ангар стекольного завода, что на пути от Лисичанска к Северску, влетело точно в крышу, разбив перекрытия и обрушив тонны бетона на стоявший внутри американский бронированный тягач с гаубицей. Расчет ВСУ был обнаружен аэроразведкой на позициях, с которых украинские артиллеристы обстреливали Рубежное и Северодонецк. Было принято решение проследить маршрут движения М777, который и вывел наши средства поражения на этот ангар.

[Мой репортаж](https://www.kp.ru/daily/27418/4617369/)

@sashakots",,,
24506,"**Война дронов: Как квадрокоптеры спасают жизни российских военных в Донбассе

**Рассказал и показал военный корреспондент ""Комсомольской правды"" **Александр Коц** (@sashakots). 

Беспилотники активно используются обеими сторонами на Украине. А после 24 февраля на них принудительно включается транспондер. Это средство, по которому противник может засечь дрон и его оператора. Но мы то свои квадрокоптеры научились перепрошивать. Неделю назад благодаря такому дрону на северском направлении была уничтожена целая группа грузинских и белорусских наемников.

[Подробнее 
](https://www.kp.ru/daily/27417/4616799/?from=tg) 
[Подписаться на @truekpru](https://t.me/+p3pOHrMFlcI0NWRi)",,,
24507,"Когда думаешь, что бетонный ангар - это хорошее укрытие. Здесь была уничтожена американская гаубица М777. Виден остов ее тягача. 

@sashakots",,,
24508,"[⚡️](https://t.me/bugfeature) Оказывается в **WhatsApp** и **Viber** можно читать удаленные сообщения, а в **Instagram** и **Vkontakte** доступен просмотр информации с закрытых профилей пользователей.

Эти уязвимости доступны уже давно. Но такой информацией никто не делится в открытую. Но видимо канал [""Не баг, а фича""](https://t.me/+OOvuMAhIXoE4YzJi) является исключением!

Там огромное количество **секретной информации**, о которой знают лишь сами **разработчики приложений** либо **опытные хакеры**.

__«Скрытые возможности приложений, секреты безопасности в интернете, лайфхаки операционных систем и уязвимости популярных сайтов»__ — это лишь малая часть тем, которые затрагиваются на канале [@bugfeature

](https://t.me/+OOvuMAhIXoE4YzJi)Но имейте в виду, что у канала появилось много поддельных клонов, но я нашел **оригинальный**. Поэтому держите ссылку, чтобы не потерять его: [t.me/bugfeature](https://t.me/+OOvuMAhIXoE4YzJi)",,,
24509,"⚡️⚡️⚡️Расчетами 155-мм гаубиц М777 командуют американские инструкторы. Об этом стало известно после того, как военные ЛНР затрофеили уничтоженное орудие под Лисичанском.

Расчет был накрыт в зоне ожидания, где украинские артиллеристы пополняли боезапас. Местные жители рассказали, что гаубицы охраняли около 100 спецназовцев ВСУ. А курировал расчеты чернокожий инструктор.

По данным разведки, это - гражданин США. Являлся ли он кадровым военным или отставным инструктором - неизвестно.

@sashakots",,,
24510,"По поводу важности перепрошивки коптеров. Вот пример из реальной боевой работы - когда дрон не перепрошит:

 - Накануне переправы думали, как «загасить» артиллерию противника, - рассказал разведчик одного из спецподразделений Отважных. - Помогли Росгвардейцы, которые разместили у нас в отряде свой расчет «Аэроскопа». Мы четко видели местонахождение операторов врага, передавали их координаты нашей артиллерии, и в артбригаде тут же принимали цели к поражению. «Загасив» их накануне взятия Лимана, мы лишили арту противника глаз, а дальше было дело техники.

Военные на передовой сегодня признаются: арта противника – это главное, что сдерживает темп нашего наступления. Можно долго гоняться за мобильными гаубицами и ракетными системами залпового огня, а можно просто «выключить им свет», ударив по воздушным корректировщикам. Впрочем, в рамках контрбатарейной борьбы одно другого не отменяет.

[Мой репортаж](https://www.kp.ru/daily/27417/4616799/)

@sashakots",,,
24511,"⚡️**Радиоперехват разговора украинских боевиков.**

""– Да я уже и сам за****ся жить с этой семейкой.
– А что с ними не так?
– Да они каждый день, каждый день звонят родственникам из России. Как это так, я не знаю.
– Ну будем уходить, при****ишь [убьешь] их.
– Скорее всего.""

Наличие родственников в России — достаточное основание для убийства в понимании украинских нацистов.

@opersvodki",,,
24512,"Боец спецназа группировки Отважных рассказал, как демилитаризировали группу иностранных наемников, среди которых были грузины и белорусы.

Мой [свежий репортаж](https://www.kp.ru/daily/27417/4616799/)

@sashakots",,,
24513,"Российская десантура демилитаризирует БТР и живую силу противника. Берестовое.

@sashakots",,,
24514,"Наконец-то появился новый канал [ЛАНДШАФТНЫЙ ДИЗАЙН🔥](https://t.me/+bPG5qshhEIRhMTEy) Подписчики  канала находят много крутых идей для своего дома. 

Тебе такое пригодится. 
Подпишись, чтобы не потерять!",,,
24515,"Приметы времени. В Киеве накрыли подпольную типографию, где печатались справки о непригодности к воинской службе.

Пакет фальшивых документов оценивался в 800-2000 долларов, в зависимости от сроков. Услуга пользовалась бешеным спросом.

@sashakots",,,
24516,"**Украина рискует остаться без американского вооружения

**В издание The Washington Times отмечают, что поставки оружия Украине не являются стратегией, а судьба уже поставленного вооружения требует строгого контроля. 

Автор публикации Майк Гленн также обратил внимание на то, что Вашингтон с августа 2021 года отправил уже 15 пакетов военной помощи Киеву, в том числе вертолеты, артиллерийские ракетные системы, гаубицы, боеприпасы, а также противотанковые комплексы и беспилотники.

Отмечается, что с тех пор, как президентом США стал Джо Байден, страна выделила Украине помощь в области безопасности на сумму примерно 8 млрд долларов. По мнению автора статьи, поставки американского вооружения могут быть остановлены.

[Подробнее

](https://www.kp.ru/online/news/4828372/?from=tg)[Подписаться на @truekpru](https://t.me/+p3pOHrMFlcI0NWRi)",,,
24517,"И это при том, что немцы уже передали Киеву:

3000 единиц противотанкового оружия Panzerfaust-3 с 900 пусковыми устройствами;

14 тысяч противотанковых мин;

500 переносных систем противовоздушной обороны STINGER;

2700 переносных зенитно-ракетных комплексов ""СТРЕЛА"";

7 самоходных гаубиц Panzerhaubitze 2000

21,8 млн патронов к огнестрельному оружию;

50 противобункерных ракет;

100 пулеметов MG 3 с 500 запасными стволами и затворами;

10500 снарядов калибра 155 мм; 10 противодроновых пушек.

https://t.me/sashakots/34315",,,
24518,"Среди оружия, которое планируется передать на Украину из Германии, есть 

- 3 самоходные гаубицы

- 43 разведывательных дрона 1 высокочастотное устройство с оборудованием

- 54 БТР М113 с вооружением (системы из Дании, передача финансируется Германией)

**- 30 зенитных танков GEPARD**, в том числе около 6000 зенитных боеприпасов

**- Система ПВО IRIS-T SLM

**- РЛС обнаружения артиллерии COBRA

**- 3 реактивные системы залпового огня MARS** с боезапасом

Немецкое оружие на Украине убивает русских людей. Неужели в Берлине нет никакого диссонанса?

@sashakots",,,
24519,"Ольга Качура, позывной — Корса. Командир подразделения реактивной артиллерии НМ ДНР.

С 2014 года Корса воспитала сотни бойцов, а сейчас в её подчинении 140 артиллеристов. «Самое главное для нас, — улыбается Корса, — время и точность».

«Чем быстрее ты научишься, тем длиннее твоя жизнь. Чем быстрее мы отработаем и поразим противника, тем меньше вероятность того, что мы сами попадём под открытый огонь», рассказывает Корса нашему военкору Арине Сладковой. 

В армии ДНР она стала настоящей легендой. Этот ролик мы посвящаем ей. 

И ещё. [Мы запустили бот](https://t.me/RTWarrior_bot), с помощью которого вы можете присылать свои пожелания и слова поддержки командирам на передовой — Корсе, Струне, Топалу и многим другим. Наши военкоры с ними на связи. А мы, если не возражаете, из этих видеообращений будем тоже монтировать видео.

@milchronicles",,,
24520,"Обнаружен канал, где публикуют топовые находки Aliexpress по очень привлекательным ценам☺️
Каждый день мониторят скидки и делятся с подписчиками 
Вот ссылка, сохраняйте: https://t.me/+J23BV5-Ca5llNWMy",,,
24521,"🇷🇺🇺🇦 Тут нам птички напели, что состоялась сделка по продаже РСЗО **HIMARS** российской стороне. Цена вопроса составила** 800 тысяч долларов**. Дополнительно решается вопрос о передаче боекомплекта за **330 тысяч долларов**.

Способ передачи выбран крайне забавный: оставить пусковую установку в сарае в серой зоне, чтобы на неё «случайно» наткнулись российские военнослужащие при зачистке. Украинские «кладмены» определённо нашли применение своим навыкам на линии боевого соприкосновения.

Ждём в ближайшие пару недель публичный факт подтверждения «находки».
#Россия #Украина
@rybar

__*Поддержать нас: __`4377 7278 0407 7977`",,,
24522,"Из Москвы присылают. Красивое)

@sashakots",,,
24523,"Список похороненных военнослужащих 36 отдельной бригады морской пехоты ВФУ, за один месяц.
Зная, что наш канал просматривают и с Украины, публикуем, впервую очередь, для людей : командование не считает нужным сообщать родственникам, где находятся их солдаты.
Раз военные преступники не говорят о потерях, это делать будем мы.
Насколько циничной смотрится подпись подполковника Духновского — размашистая, лёгкая такая. Будто не людей похоронили, а ненужное имущество списали.

Мы ещё раз предупреждаем всех, вы будете уничтожены если не сложите оружие, не стоит надеятся на Америку, она вас бросит как и Афганистан в свое время...

Продолжение следует...",,,
24524,"От подписчика с оккупированных Киевом территорий. Простое письмо, которое красноречиво говорит об атмосфере страха и прессинге, которому подвергаются обычные люди.

«Пишу вам из прифронтового города, который находится в паре десятков км от линии соприкосновения. Хочу рассказать один случай который со мной произошел буквально на днях. Сидел я возле подъезда на лавочке и ждал гумпомощь. Да, возможно по своей ошибке, я вышел без паспорта, но сидел себе спокойно, и подъехала полицейская машина. Вышли 4 полицая и завязался разговор. Без представления просто:

- Добрый день патрульная полиция, можно ваши документы?

 Я же соотвестно, вот блин я живу в этом подьезде если хотите пройдемте со мной я вам покажу паспорт.

- Понятно, что в сумке? - и здесь началось.

Начал доставать все из сумки, а там были только ключи, деньги, телефон, наушники. 

У ребят глаза загорелись, а что в телефоне? Они начали просить чтобы я показал им телеграмм, где у меня были русские каналы. ( Вы, старше Эдды, Подоляка). 

И вот здесь очень примечательный момент. Один выхватил телефон у меня из рук и ушел. Двое других говорят: «Нам можно, военное время, если у вас ничего нет, вам не о чем беспокоиться».

Я же думаю, ну что здесь такого - пара русских каналов. За паспорт мой они уже и забыли, главный их с моим телефоном начал звонить куда-то, фотографировать и тд. В общем, меня увезли в отдел на трое суток.  

Естественно, когда я приехал, каждый считал своим долгом со мной поговорить. Поспрашивать, расскажи, а зачем, а с какой целью? 
Я говорю: «А может вы скажете вообще, что происходит?»

- Ты тупой? Ты не понимаешь всю серьезность ? Я тебя щас бить начну тогда дойдет? 

Я сижу, понятнее не стало. Спустя время все начали говорить, что я коллаборант.

 Честно я бы и не подумал, что в стране, где есть свобода слова, за то, что читаешь русские новости, могут обвинить в измене родине.  В итоге могут и даже охотно.  Дальше было еще интереснее и стало понятнее. 

Когда меня закрыли мне сказали что если сюда упадет ракета, ты будешь следующим в списке на расстрел. Я не знаю сколко всего людей было, но в камере было трое и конечно же все такие же как и я - коллаборанты.

Патрульная полиция и национальная полиция, а так же ТРО, между собой не общаются. ТРО, если кто не понравился, звонит ПП, те приезжают пакуют и отвозят НП. И патруль действует по такому же принципу. 

На следующий день колаборантов стало больше или другими словами шла настоящая ""охота на ведьм"". Человек шел по дороге разговаривал по телефону с мамой. Его остановили - ""геолокация включена, русские номера есть едешь с нами на допрос». Или вот пример допроса из соседней комнаты, где допрашивали двух наводчиков ракет. ( Два бомжа сидели, водку пили на лавочке, рядом с ними упала ракета.) 

- Зачем ракету навел в дом? На кого ты работаешь? ФСБ ? ГРУ?

Бомжи сидят ни сном ни духом, что вообще происходит не понимают, при чем на вид - реальные Сифон и Борода. 

И так каждый день. По итогу разговора двух полицейских стало понятно, что между собой ребята не общаюся: ""Ну нахера они нам их привозят, нам их девать уже некуда. Пусть сами с ними разбираются"".

Меня отпустили и сказали, что задержали за то, что без паспорта ходил. 

А парень, со мной который был, говорил, что ему сами полицейские новости русские в телефон добавили, за это его избили от души, а по итогу заставили писать, что его никто и пальцем не трогал. 

Вот такие дела происходят в городе».

@sashakots",,,
24525,"В Лисичанске много уничтоженных машин: их ВСУ использовали в качестве заграждений.

По словам местных жителей, украинские военные прятались в банках: сначала грабили, вынося оттуда наличные, а после оставались в здании.

@MilitaryCriminal",,,
24526,"**В Донбассе комбайны ходят вперемешку с танками: как жизнь возрождается из пепла войны

**В ходе спецоперации Донецкая народная республика приросла не только новыми селами и городами, но и десятками тысяч гектаров самого плодородного в мире чернозема. Аграрии продолжали работать даже в разгар боев, а иные, несмотря на обилие мин и подбитых танков в полях, даже рискнули выйти на посевную. 

Придется ли России кормить освобожденные территории Донбасса? Или они сами готовы завалить нас продуктами? 

Спецкор ""КП"" Алексей Овчинников [посмотрел](https://www.kp.ru/daily/27416/4616124/?from=tg), как живут и на что надеются фермеры на освобожденных территориях.

[Подписаться на @truekpru](https://t.me/+p3pOHrMFlcI0NWRi)",,,
24527,"От подписчика: **Не дай Бог свинье рога, а хохлу барства. 

**Именно так можно описать выходку военнослужащих ВСУ в Одессе. Причем такое поведение украинских военнослужащих можно увидеть во многих городах Украины. Излишние привилегии, выданные киевским режимом, вкупе с фронтовыми неудачами и огромными потерями привели «защитников незалежной» к такому самоуправству. 

Только вот что делать рядовым гражданам, которых государство не в состоянии защитить от подобных случаев? Наверное, им стоит либо взять вилы в руки, либо молить о помощи настоящих военных, которые уже навели порядок в Херсонской, Запорожской и Харьковской областях, а также народных респуликах.

@sashakots",,,
24528,"В Киеве свежее пушечное мясо набирают по залам игровых автоматов. Киевская комендатура - спонсор онлайн-казино)

@sashakots",,,
24529,Ситуация с [избиением военного в Судаке ](https://t.me/talipovonline/6123)взята под личный контроль Главой Крыма Сергеем Аксёновым.,,,
24530,"**❗️Серия ракетных ударов нанесена по Одессе

**По данным «Страны V», в городе мощные взрывы.

💬__«Одесса. Не менее двух серьезных прилетов. В городе воздушная тревога»__, — рассказал источник канала. 

Ранее удары были нанесены по инфраструктуре ВСУ в Одесской области.

**__@strana_vvv__**",,,
24531,"Ещё одна прекрасная новость подъехала.
Указом Президента России от 5 июля военлёту, носящему самое красивое имя на планете - Илья, было присвоено высшее звание в стране - Герой Российской Федерации.
Вы помните этого подполковника, вот на этом [видео](https://t.me/fighter_bomber/7526)
он со своего Су-35 разматывает вертолёт с большими украинскими военачальниками.
Всего за период СВО Илья имеет 12 подтвержденных (!!!) воздушных побед и, как я понимаю, на данный момент он является самым результативным истребителем в России. 
Да и в мире, пожалуй, таких истребителей из действующих по пальцам одной руки можно пересчитать. 
Поздравляю! 🍻",,,
24532,"На главу Херсонской области **Владимира Сальдо** пытались совершить новое покушение - его машину планировали подорвать при помощи самодельной бомбы, которую планировали положить на пути ее следования.

[Подписаться на @truekpru](https://t.me/+p3pOHrMFlcI0NWRi)",,,
24533,"В лесных массивах на севере ДНР прямо сейчас идут тяжелейшие бои. Артиллерия работает круглосуточно, выстреливая десятки тонн боеприпасов. 

Если с востока и юга от Славянска группировка Центр продолжает занимать населённые пункты, то на Изюмском фронте идут бои за каждую лесную поляну, лесополосу, участок леса. Противник заменяет выбывшие подразделения новыми, те несут потери и на фронт идет очередная партия пушечного мяса. 

В данном случае взятие села Богородичное, очень большой успех. Укрепрайон защищающий Славянск с севера  буквально прогрызается, какие бы усилия Киев не предпринимал для его стабилизации. 

Я уже не раз про это писал, не грех и повторить. Те бойцы, кто сейчас под непрестанным огнём численно превосходящего  противника наступает на Славянск через усыпанные невероятным количеством мин леса - стальные люди в полном смысле этого слова. И лично я горжусь тем, что очень многие из них, это мои друзья и братья.",,,
24534,"А что если бы вы знали, что покупать доллар дороже 60 рублей не [стоит](https://imageup.ru/img250/3960675/photo_2022-06-23_16-57-12.jpg), если бы прочитали этот текст раньше и подписались на канал «[**Банковская правда**](https://t.me/BankingTruth)»?

**Это не кликбейт**, а реальный факт, вот их пост от 19 мая: https://t.me/BankingTruth/4234

**Аналитики ЦБ, сотрудничающие с админами канала**, еще месяц назад рассказали им по секрету, что скупать доллары дороже 60 рублей - не нужно, так как **доллар будет падать **[**до 50 рублей до конца июня**](https://t.me/BankingTruth/4266), что и произошло. А их друзья, среди руководства трех крупнейших банков страны, заспойлерили им сначала повышение, а потом и понижение ключевой ставки за несколько дней, до того, __как об этом объявила Эльвира Набиуллина.__

Ну что, к концу поста вы уже посчитали  **сколько вы** **потеряли денег** на покупке доллара по 70? Если не хотите дальше терять деньги или теряться на просторах финансового мира, то подпишитесь на «[**Банковскую**](https://t.me/BankingTruth)** **[**правду**](https://t.me/BankingTruth)». 

**Оно того стоит, правда.**",,,
24535,"Артиллерия Отважных выжигает противника тяжелыми огнеметными системами на Северском направлении. Корректировка ведется с коптера.

@sashakots",,,
24536,"Командир 2 взвода 1 роты 1 батальона 24 бригады младший лейтенант Гальченко Сергей Павлович выдал всю правду-матушку об отношении командного состава к своим подчиненным. 

В своем видеообращении он выразил надежду, что руководство соединения предстанет перед судом за то, что они кинули людей как мясо против танков, авиации и артиллерии с одними автоматами в руках. Кроме всего прочего, бойцы, которые были с ним, в настоящий момент находятся в тяжелом психологическом состоянии.

Сам Сергей, закончив лечение, прибыл в расположение своего соединения, чтобы написать рапорт о переводе в другую часть. Спойлер - в других частях то же самое.

@sashakots",,,
24537,"**Если вы разбираетесь в экономике — вы можете что угодно. **Взять кредит и не заплатить его __(спасибо 127 ФЗ)__, купить квартиру за 30% от реальной стоимости или получить халявные 650 000 рублей от государства.

**И для этого не надо быть профессором.** Достаточно читать шарящих людей и следовать их советам. Например, [4BS](https://t.me/+tulJC4HloIIwNDgy).

Там на пальцах объясняют как работает экономика, почему хранить деньги в банках — плохая затея и как получить выплаты по ковиду.

Знание экономики — единственный навык, который сделает любого человека богатым. Не забывайте об этом: [@phorbes](https://t.me/+tulJC4HloIIwNDgy)",,,
24538,"""Мы заходим в Херсон!"" Укуренные захистники жмутся друг к другу под обстрелами и истерично ржут над украинскими СМИ, которые трубят о наступлении на Херсон.

@sashakots",,,
24539,"Из-под завалов ""обычного жилого дома"" в Часов Яре извлекают тела людей в военной форме

Вероятно, здание использовалось как располага и артудар застиг боевиков врасплох

@MakarenkoLive",,,
24540,"В эфире передача ""Вечерний галстук"".
Сегодня у нас в гостях -

**Старший лейтенант
из 25 ОДШБр ВСУ
Триметов Рустам Химраевич

**Молодой человек очень последователен в своём повествовании:

__Личный состав прислали подготовленный.
Готовил сам лично на передовой.
Присылают бойцов без подготовки.

Бойцы усвоили азы обороны.
Требуют контроля.

В глубине души солдаты воевать не хотят.
Задачи выполняют.

__В фильме также снимались:

__""Контракты на военную службу идут, но если заканчиваются, то приостанавливаются"".

__и

__""Начальство видел во время ООС, но сейчас оно не утруждает себя проверками ситуации на позициях своих подчинённых"".

__#тактическая_перемога

[👔](https://t.me/tacticalnecktie) [Тактический галстук](https://t.me/tacticalnecktie)",,,
24541,"⚡️⚡️⚡️Активная работа ПВО в небе над Алчевском. Слышны взрывы.

@sashakots",,,
24542,"Образцы западных вооружений, затрофеенных в Лисичанске. 

@sashakots",,,
24543,"Украина все-таки получит тактические ракеты семейства ATACMS для американских систем HIMARS. Что это значит для нас? Формирования киевского режима получат возможность наносить удары высокоточным оружием на глубину до 300 км. То есть возможности ВСУ по дальности нанесения точных ударов возрастут почти в три раза. На фото наглядно понятно, что это значит. При определенной доле везения и умения неонацистские силы смогут дотянуться до Смоленска, Брянска, Курска, Воронежа, Ростова и Севастополя. Американцы толкают киевский режим к катастрофическим для Украины сценариям. 

На самом деле все это, конечно не повод для паники. Американские ракеты вполне успешно можно щелкать российскими системами ПВО и ПРО. Но, это же дает четкое понимание, что СВО закончится только полным разгромом неонацистов и уничтожением нынешнего киевского режима. Любой другой вариант сохраняет угрозы безопасности для нашей страны и людей нашей страны. Украинским русофобам нельзя оставлять ни метра территории. В противном случае и на этом метре они будут вынашивать планы реванша и угрожать спокойно жизни людей. 

@epoddubny",,,
24544,"Жители Северодонецка и Лисичанска, смотрите внимательно. Особенно, если у вас еще есть какие-то сомнения

@MakarenkoLive",,,
24545,"Министр обороны Украины заявил, что сейчас у Киева  под ружьем более миллиона человек ( армия, полиция, нацгвардия и пограничная служба). Понятно, что не вся эта масса находится на фронте, но полмиллиона штыков Киев вполне может держать как на самой линии соприкосновения, так и в ближайших резервах. 

Несмотря на большие потери Украина ещё не дошла до того уровня, после которого они станут критическими. Думаю, что ещё сто тысяч ВСУ вполне могут потерять без особого ущерба для себя, 150 тысяч убитых, станут критическими. Соревнование большой массы солдат ( Украина) и превосходства в военной технике ( Россия) продолжается.",,,
24546,"Долго не писал. Есть свои основания. На этот раз техника не подвела. Снаряд 155 упал в 2х метрах. Спасибо заводу, ходовку посекло, но в салон не прошло. Теперь в ремонт. Работаем дальше.",,,
24547,"🔥видео от подписчика-реактивщика. Реактивная артиллерия продолжает гнать противника из лесопосадок в сторону Северска. ВСУ несет огромные потери, но продолжает подвозить все новое и новое пушечное мясо, пытаясь затормозить наступление на этом направлении.

По лесам работает и РСЗО, и ствольная артиллерия, сегодня с утра наваливали ТОСами. Поиск противника ведется как штатными средствами БПЛА, так и коптерами. В том числе купленными неравнодушными гражданами из [группы помощи](https://t.me/+5pGa6K25xLs1ZjMy), которую я поддерживаю.

Горжусь такими подписчиками! Работайте, братья! И сестры)

@sashakots",,,
24548,"**Фейк:** Реактивная артиллерия ВСУ атакует позиции российской армии под Лисичанском, сообщают украинские ТГ-каналы.

**Правда: **На видео как раз работа российских артиллеристов против ВСУ. Изначальное видео[ выложил](https://t.me/sashakots/34235) военкор Александр Коц — это видно по водяному знаку со ссылкой на его телеграм-канал. Украинские каналы взяли ролик и убрали в описании слово ""гонит"", сделав из поражения — победу. 

Виртуальные победы в интернете для поддержания боевого духа часто применяется украинскими каналами. Для этого они [используют](https://t.me/warfakes/2753) скриншоты из компьютерных игр или попросту приписывают себе действия ВС РФ.

🤝 [Подписаться на нас](https://t.me/+aS_CVRTyn9c5N2Zi) | [Предложить фейк](http://t.me/military_fakes_bot) | [Наш канал с аналитикой](https://t.me/+qmmrmFr-6Ug2NDcy)",,,
24549,Упыри😡,,,
24550,"Я и британский «Саксон», затрофеенный в Лисичанске.

@sashakots",,,
24551,Попадание по Калининскому району Донецка.,,,
24552,"Пока идет спецоперация на окраине, что происходит в столице?Вчера например был [потоп](https://t.me/official_moscow/14320), а несколько дней назад горела крыша в [Москва-Сити](https://t.me/official_moscow/14289). В [Москве](https://t.me/official_moscow) происходит каждый день события, которые влияют на жизнь 20-и миллионов людей, что бы быть в курсе, подпишитесь на канал [Москва](https://t.me/official_moscow).",,,
24553,"Жителям Лисичанска показали, чем их убивали ВСУ.

- Они ж своей техники понаставили вокруг жилых домов, - вспоминает женщина, обернутая в российский триколор. – Все время стреляют, ужасные бухи-бахи. Мы боялись на глаза им показываться, на улицу лишний раз не выходили. Вот наших защитников мы тут встречали и обнимали.

- Александр, а я вас узнала, - подходит ко мне еще одна жительница Лисичанска, выслушав доклад бойца о тактико-технических характеристиках украинского танка Т-62. – По телевизору видела.

- А что ж у вас, российские каналы здесь были?

- У меня две тарелки, - переходит она на полушепот. – 354 канала. Украинского-то нечего смотреть, там все показывают одно и то же. Мы тут привыкли к российскому телевидению. Тут, конечно, словами не передать, что мы перенесли. Это надо пережить. Тяжело было очень. Но, слава Богу, мы выжили. Потихоньку приходим в себя, привыкаем к тишине, с помощью России будем жить.

[Мой репортаж](https://www.kp.ru/daily/27416.5/4614926/)

@sashakots",,,
24554,"О трофейной украинской беспилотной технике от луганского инженера, специалиста по БПЛА. Ну и о производстве дронов в ЛНР.

Огромный коптер с пятью винтами раскинул свои лопасти на два метра в размахе.

- Это самоделка, - поясняет мне луганский инженер, специалист по БПЛА. – Стоят высокооборотистые двигатели, может нести большую нагрузку – до 16 килограммов. Время полета – до 40 минут. Может быть снаряжен миной или тепловизором. Сбили в районе Лисичанска. Это Лелека-100 с камерой с 30-кратным увеличением – была затрофеена с наземной станцией управления с видеорекордером. На кадрах засветились операторы. Один из них находился в плену и говорил, что он – повар. Как и все они. А вот латвийский дрон с тепловизором. Подавили систему управления и навигации, поэтому удалось посадить практически целым. Вот еще малыш – летает на 3-5 километров – это детская игрушка, которая на Али Экспрессе продается, но спокойно используется тут.

Читать далее [Мой репортаж ](https://www.kp.ru/daily/27416.5/4614926/) Жителям Лисичанска показали, чем их убивали ВСУ.

@sashakots",,,
24555,"Реактивная артиллерия гонит ВСУ к западу от Лисичанска, выкуривая их из лесопосадок. Красивое.

@sashakots",,,
24556,"Во-первых, это красиво! Площадь ЛНР у британского посольства.

@sashakots",,,
24557,"Еще трофейные ништяки, взятые в Лисичанске.

@sashakots",,,
24558,"**Фейк**: Матери погибших на войне российских солдат обвинили в их смерти журналиста «Известий» Валентина Трушнина. После репортажа корреспондента позицию российских военных якобы обстреляли ВСУ. Об этом говорится в письме в адрес астраханского отделения «Комитета солдатских матерей».

**Правда**: Письмо  – грубая подделка, которая, очевидно, принадлежит украинскому ЦИПСО[.](https://telegra.ph/file/896a035fcf745cec543e7.jpg) Это заметно хотя бы по тому, что вместо слова год было использовано украинское слово «рок» и сокращено как «р». А в имени Асылы Дихтярь допущена ошибка.  В астраханском отделении «Комитета солдатских матерей» [опровергли](https://ren.tv/news/v-rossii/997669-komitet-soldatskikh-materei-astrakhani-oproverg-zhalobu-na-voenkorov-rf)  получение фейкового заявления на военкоров «Известий». «Я никаких писем не получала. И я этих людей даже не знаю. И не пойму, кому это нужно было», - подчеркнула Асыла Дихтярь. 

Что касается снятого военкором [видео](https://iz.ru/1358056/video/voenkor-izvestii-snial-na-ekshn-kameru-tankovyi-nalet-na-pozitcii-vsu), то на нем отсутствуют явные ориентиры местности, съемка никак бы не помогла ВСУ в корректировке огня. Это очередная неумелая попытка украинских пропагандистов очернить победу российских войск: почерк ЦИПСО налицо, сотрудники центра уже не в первый раз распространяют [дезинформацию](https://t.me/warfakes/3988).  
 
🤝 [Подписаться на нас](https://t.me/+aS_CVRTyn9c5N2Zi) | [Предложить фейк](http://t.me/military_fakes_bot) | [Наш канал с аналитикой](https://t.me/+qmmrmFr-6Ug2NDcy)",,,
24559,"**Чиновники часто воруют деньги почти у вас из кармана — это ни для кого не секрет. Но знаете, кто конкретно это делает? **Чтобы вы смогли получить ответы на эти вопросы, **источники близкие к Кремлю**, которых достал весь беспредел, завели политканал** **[**ПОЛИТУПРАВА**](https://t.me/+kE04vHc5ld9lMzNi)**. 

**[**ПОЛИТУПРАВА**](https://t.me/+kE04vHc5ld9lMzNi) **ведёт свой антикоррупционный проект в России**, разоблачая вороватых чиновников российской власти, оборотней в погонах, олигархов и банкиров, обманывающих простых россиян. **Жестко разносят тех, кто набивает карманы**, а также выдают верифицированные инсайды из кабинетов **админтстрации президента**.

**Канал постоянно пытаются взломать, чтобы заблокировать. **[**ПОДДЕРЖИТЕ ПОДПИСКОЙ**](https://t.me/+kE04vHc5ld9lMzNi)** за их опасный труд…

**@[polituprava](https://t.me/+kE04vHc5ld9lMzNi)",,,
24560,"⚡️⚡️⚡️ТРОФЕЙНАЯ ТЕХНИКА В ЛИСИЧАНСКЕ

Ну что, спрашивали, где же техника, которую побросали в Лисичанске украинцы? Ловите. Это лишь малая часть собранного по городу и в его окрестностях.

Танки, БМП, британские Саксоны, гаубицы, Грады, ЗРК… многие уже с тактическими знаками Z. 

И тонны оружия. Гранатаметы всех натовских мастей, пулеметы, беспилотники… На многих образцах уже бирки луганских подразделений, в которые переданы трофеи на боевую службу.

@sashakots",,,
24561,"**⚡️⚡️⚡️Луганские аграрии в честь старта уборочной кампании  выразили поддержку бойцам Народной милиции и российским Вооруженным Силам, участвующим в спецоперации по освобождению Донбасса. Поле с символической надписью ""ZOV"" находится в освобожденном Новоайдарском районе.**",,,
24562,"«Доброе утро» от наших подписчиков-реактивщиков. Совместное исполнение группировок «Z» и «О» на Северском направлении. Противника гонят от Лисичанска на Запад адским огнем. А ведь «мы еще даже не начинали».

@sashakots",,,
24563,"🔥 #эксклюзив

Русская артиллерия буквально перемешивает противника в лесах под Северском. Всевидящее око группировки Отважных выискивает цели и корректирует огонь с воздуха.

@sashakots",,,
24564,"📌Эксклюзив

Первые показания жителей  Клинового, что под Бахмутом, об отношении к ним украинских военнослужащих:

**""Начиная с 2014 года был кошмар. Запрещали говорить по-русски. Тех, кто хорошо высказывался о России били или куда-то забирали. В основном, все фашисты. 

Село разбомбили за три дня. 
Они нам так и сказали, ""если будем отходить, сравняем вас с землей"". Это такие твари... 

Они нас еще пытались убедить, что русские солдаты будут нас насиловать, убивать, ногти вырывать. Но мы не верили. Мы рады, что вы пришли, мы вас ждали. Мы хотим наш Донбасс. Свободный. Без нацизма"".**

Люди пока еще сильно напуганы и наотрез отказались говорить на камеру. У многих на Украине остаются родственники.

Прямо во время интервью начался артобстрел, который лишь подтвердил слова сельчан: ВСУ упрямо пытаются оставить после себя выженную землю, не сильно переживая за мирных граждан. Их они за людей не считают.",,,
24565,"**Российские военные пресекли попытку украинских подразделений вырваться из заблокированных городов

**__Вот так вот выглядят эти попытки: разбитые грузовые и легковые машины на дороге из Северодонецка в Лисичанск. Все они попали по огонь и были уничтожены: эти точки уже были пристрелены нашей артиллерией. Позднее был уничтожен и мост, соединявший Северодонецк с Лисичанском__, — передает наш военкор Александр Коц

@sashakots

[Подписаться на @truekpru](https://t.me/+p3pOHrMFlcI0NWRi)",,,
24566,"На страже Лисичанска)

@sashakots",,,
24567,"Очередные захистники жалуются, что их бросают с голым задом на танки. Уверяют, что готовы защищать Неньку, но в другой бригаде, где ценят такие незаменимые кадры.

У меня для вас сюрприз, хлопцы. Нет таких бригад.

@sashakots",,,
24568,"**Бойцы батальона ""Август"" получили амуниции на 10 миллионов рублей!**

И все это, благодаря вам!  
В доставленном нами грузе есть и форма, и бронежилеты. В помощь бойцам мы также привезли прицелы, бинокли, тепловизоры, каски и всё то, что пригодится в предстоящих боях. 

Смотрите наш второй репортаж о доставке сбора Дениса Майданова на передовую!

https://pobeda.onf.ru/News/news_0707

#ВсеДляПобеды #МыВместе",,,
24569,"Жители Лисичанска передают привет родне в Россию. Связи в городе пока нет, может быть с помощью Телеграма удастся донести до родственников - живы.

Тула, Минск, а раскидайте по своим пабликам. Вдруг найдутся родственники.

@sashakots",,,
24570,"Минобороны [опубликовало обезличенные данные](https://t.me/mod_russia/17482) о наличии у украинских военных антител к различным инфекционным заболеваниям: 

**33%** обследованных переболели или больны гепатитом А;
**4% **- лихорадкой с почечным синдромом; 
**20%** - лихорадкой Западной Нила.

Есть основания полагать, что ВСУ привлекались в качестве добровольцев к экспериментам по оценке переносимости опасных инфекционных заболеваний, считают в Минобороне. А то, что личный состав принимал антибиотики для профилактики, от той или иной болезни – свидетельствует об готовящемся биологическом заражении.

[Подписаться на @truekpru](https://t.me/+p3pOHrMFlcI0NWRi)",,,
24571,"«Хоронили в окопах»

**Жительница Лисичанска рассказала, как жил город во время обстрелов ВСУ:

**«Хоронили людей. Из крайнего подъезда двух человек убило у нас на глазах — хоронили в окопах, которые вояки вырыли, под обстрелами.

Стояли за водой, по пять часов стояли за ней — в это время велись обстрелы. Приезжала пресса, нас снимала, как мы боимся и прячемся.

Но живы-здоровы — правда, как из подвала вылезли, вот такой вид, извините».

@MilitaryCriminal",,,
24572,"- А вы долго здесь стоять будете? – подходит ко мне женщина с двумя тяжеленными пакетами. – Вы тут посторожите один, я первый до дома донесу, за вторым вернусь.

- Давайте помогу.

- Что же вы так долго к нам шли, мы вас ждали, а вас все нет и нет, - строго отчитывает Россию в моем лице Екатерина.

- А вы, наверно, учительница?

- Как вы догадались?

- По интонации, - улыбаюсь.

- Ох, чему мы только не учили, - вдруг замыкается она.

Потом рассказывает, что мама ее украинские власти терпеть не могла и уехала к родне на Кубань. А Екатерина верила, что жизнь наладится.

- Когда ВСЕ началось, в городе появились военные. Вроде такие же украинцы, но на нас смотрели как на добычу.

- А вы себя украинкой считаете или русской?

- Ой, семья-то русская, да после этих восьми лет здесь многие привыкли к тому, что русский - значит россиянин. А мы же теперь тоже… Почти.

Мой [большой материал](https://www.kp.ru/daily/27415/4614080/) - разговоры с русскими на осколках бывшей Украины. Вся глубина трагедии последних восьми лет в лицах.",,,
24573,"К вопросу о выборе целей для точечных ударов. Вот Дом культуры. На первом этаже у ВСУ был склад консервов и воды. А жили они глубоко в подвалах - в здании советской постройки было предусмотрено мощное бомбоубежище.

Там же они дербанили гуманитарку, предназначенную для гражданских. Убежище многоуровневое. Первый уровень, где были оборудованы спальные места, выгорел полностью в результате удара. Второй, где захистники, судя по пустым бутылкам, «культурно отдыхали», уцелел.

В нем валяются камуфляж и ботинки и кучи гражданской одежды из гуманитарки. Не удивлюсь, если в ней они и бежали.

@sashakots",,,
24574,"⚡️Раздолбанная колонна грузинских наемников по дороге на Северск. 

Местные рассказали, что несколько десятков легковых машин и пикапов собрались посреди села вечером с дерзко включенными фарами. Пидроздил наемников из солнечной Грузии отступал и держал совет, как это делать эффективнее и с минимальными издержками. 

Удивительно, что при этом не был учтен эффект толпы. Разведка сработала точно, и по скоплению машин  был нанесен точечный удар. В результате полтора десятка машин остались на месте. К слову, дома вокруг не пострадали.

Когда село было освобождено, в машинах нашли выгоревшие образцы западных вооружений, среди которых, к примеру, был пулемет Браунинг.

Гамарджоба, как говорится.

@sashakots",,,
24575,"Очень активный трафик на Северском направлении. Противник, по традиции, отходит из маленьких населенных пунктов и берет их под огневой контроль. Заходить в них, пока не подавлена украинская артиллерия, бессмысленно. По уже пустым деревням тут же накидывают из всех калибров. 

Плюс близлежащие лесопосадки, которые кишат вражеской пехотой. Не очень качественной, но пытаются взять количеством. Ее постоянно крошат, но из Северска подвозят и подвозят еще. 

Думаю те, кто вырвался сначала из Северодонецка, а затем и Лисичанска, завидуют мертвым. Или пленным.

@sashakots",,,
24576,"Наша рубрика «Приветы с фронта». Краснодарский край, принимай!

«Мы в деле, работаем дальше. Дальше - больше!»

@sashakots",,,
24577,"Команда RaHDit передаёт пламенный привет Главному управлению разведки Министерства обороны Украины и [публикует первую тысячу](https://nemez1da.ru/voennye-prestupniki/gur/) лиц, входящих в эту структуру, а также напрямую подчиняющихся ей.

Мы считаем, что украинская военная разведка непосредственно участвует в  развитии национализма, а их диверсанты угрожают нашей стране.

Данные получены благодаря кривым ручкам админов сетей Рыбальского острова (ну, где ГУР расположен). 

На основу добытых штатных расписаний воинских частей, путём анализа больших данных, накинули (а затем проверили и подтвердили) тех, кто уложился в выделенную модель цифрового поведения и немного поковырялись в пенсионных отчислениях.

В ближайшие дни мы подробно осветим тех, кто работает под прикрытием посольств, а также плетёт шпионские сети в разных странах по всему миру.

Итак, ГУР, приехали 😎",,,
24578,"При обстреле ВСУ в центре Макеевки погибли двое детей, еще трое получили ранения, также ранены двое взрослых, сообщили в штабе теробороны ДНР 

[Подписаться на @truekpru](https://t.me/+p3pOHrMFlcI0NWRi)",,,
24579,"Зеленский заявил, что располагает подтверждением о грядущей поставке в Украину от западных союзников мощной противовоздушной обороны.

""Как бы не разворачивалась война на поле боя, приоритет все-таки - безопасность неба. Это приоритетно. Уже никто не ждет той или иной авиации, но мы все рассчитываем и имеем подтверждение, пока что теоретически, на прибытие в Украину мощной противовоздушной обороны"", - заявил Зеленский.

""Это важно. Потому что это даст возможность вернуться домой женщинам, детям. Детям нужно в школы, взрослым - в университеты, на работу и т.д. Можно долго говорить - какие конкретно системы нужны, сколько - все это есть, все это передано очень и очень давно всем нашим партнерам"", - добавил он.

@sashakots",,,
24580,"**На Украине начато расследование в связи с возможной продажей России французских установок CAESAR

**Ранее ряд СМИ и Telegram-каналов сообщили, что украинские военные продали две французские САУ CAESAR российской стороне по $120 тысяч за единицу (при рыночной стоимости в $7 миллионов). Официально эта информация не подтверждена. 

По данным** «Иди и смотри», **СБУ начала проверку из-за возможной продажи России западных вооружений. 

__«На__ __неделе уже назначены выезды на «передок» оперативников. Есть несколько версий, среди которых использование каналов ГУР по обмену пленных», – __рассказал источник канала. 

Несмотря на то, что официальный Киев пока не подтвердил факт продажи, расследование уже ведется. Правда, оно может носить исключительно имитационный характер.

**__@smotri_z__**",,,
24581,"Хотим порекомендовать полезные каналы для каждого из вас!

@moscowtoplive Федеральная лента новостей. Новости на эту минуту

@moscowtop Полезные новости для жителей Москвы. Новости, события, интересные места

@pitertop Полезные новости для жителей Петербурга . Новости, события, интересные места

@wondermoscow Удивительные, тайные и секретные локации для отдыха и прогулок москвичей

@moscowafishi Афиша бесплатных мероприятий в Москве. Концерты, кинопоказы, тренировки под открытым небом и т.д.

@afishapeterburga Афиша бесплатных мероприятий в Питере. Концерты, кинопоказы, тренировки под открытым небом и т.д.

@mscculture, @mostrips, @moscowafishniy, @moscowtopafisha Вся афиша Москвы в четырёх каналах. Тайные локации, лучшие идеи для прогулок и отдыха, концерты под открытым небом и много развлечений на любой вкус и кошелёк 

@afishapitera Вся афиша Петербурга в одном канале. Тайные локации, лучшие идеи для прогулок и отдыха, концерты под открытым небом и много развлечений на любой вкус и кошелёк

@moshistory Канал для тех, кому интересна история

@mosdtp Канал для тех, кому интересна дорожная жизнь

@moskva_tretiy_rim, @news_of_moscow Новостные каналы быстрых новостей для москвичей. Следят за повесткой 24/7",,,
24582,"«Поле, русское поле… Теперь русское», - у наступающих с территории ЛНР на Северск прекрасное настроение, судя по голосу оператора))

@sashakots",,,
24583,"Чего только ни встретишь на фронтовых дорогах. Кинг Конг уже не тот.

@sashakots",,,
24584,"Посольство ДНР будет расположено в центре Москвы по соседству с дипмиссиями Японии, Ирландии и Португалии

Ранее замдиректора департамента информации и печати МИД России Алексей Зайцев сообщил, что посольство ДНР будет находиться по адресу Грохольский переулок, дом 13, строение 2.

Дипмиссия будет расположена в небольшом ""посольском районе"". Буквально в соседнем доме находится ирландская дипмиссия, через дом - португальская, в ста метрах через дорогу - комплекс посольства Японии.

@sashakots",,,
24585,"В Москве есть кондитерская, где готовят Наполеон и медовик по старинному рецепту. 

Коржи здесь выпекаются в специальных печах, а тортики  получаются как домашние - вкусные и натуральные. 

У ребят есть своя доставка, торт можно заказать, получить и попробовать уже сегодня.

Все подробности у них в Telegram: [@varlamovanapoleon](https://t.me/+TV9JupQNkN82MjMy)",,,
24586,Привет далекой Мордовии!,,,
24587,"Трофейная медичка и бойцы БАРСа. 

@sashakots",,,
24588,"Лавров назвал ложью заявления украинской стороны о том, что Россия сама обстреливает свои города для срыва поставок западного вооружения Киеву

""Ну если коротко - врут"", - сказал он отвечая на просьбу прокомментировать соответствующие заявления украинской стороны

""Факты хорошо известны, факты эти предъявляются нашим министерством обороны на ежедневной основе

Западные страны, конечно, должны осознавать свою ответственность, независимо как и что толкует Зеленский и его команда, Запад должен осознавать свою ответственность за гибель мирных жителей, прежде всего, на Донбассе, в других частях Украины, где киевский режим использует эти вооружения против мирного населения""

@sashakots",,,
24589,"Один из бункеров в лисичанской промзоне, в котором жили украинские артиллеристы. Второй Азовсталью он не стал - захистники предпочли ретироваться.

@sashakots",,,
24590,"В Харцызске уже двое раненых с утра. За вчера в Донецке четверо погибли, ещё 14 пострадали. Все гражданские 

@MakarenkoLive",,,
24591,"⚡️Товарищи⚡️Группа молодых офицеров организовала патриотическое движение. Здоровой инициативы в последнее время не так много, поэтому предлагаю поддержать наших товарищей и подписаться на их каналы, оставить  комментарии под видео и сделать репосты. 

https://youtu.be/qXAzpoMiN7A

Ребята планируют проводить патриотические акции в поддержку СВО, а ещё заниматься воспитанием нашего подрастающего поколения.",,,
24592,"**На своей земле – серия 9

**«Разбитые храмы»

За 8 лет военных действий в Донбассе украинской армией было разрушено и повреждено более 90 храмов. Только за лето 2014 года ВСУ уничтожили 12 церквей. Националисты целенаправленно стреляют по храмам, используют помещения соборов для организации огневых точек, а на колокольнях размещают снайперов. В девятой серии проекта «На своей земле» мы покажем истинное отношение украинских властей к православной вере. 

Съемочные группы проекта «На своей земле» работают в самых горячих точках ДНР, ЛНР и Украины, готовя эксклюзивные съемки и интервью. 

Уникальные истории героев военной спецоперации, откровенные рассказы жертв - мирных жителей, подвергнувшихся страшным пыткам и преследованиям со стороны украинских преступников.

[1 серия](https://t.me/novosti_voinaa/6292)   [2 серия
](https://t.me/kremlinprachka/19154)[3 серия](https://t.me/vityzeva/59447)   [4 серия
](https://t.me/vityzeva/59615)[5 серия](https://t.me/voenacher/22399)   [6 серия
](https://t.me/sheyhtamir1974/21142)[7 серия](https://t.me/wargonzo/7367)   [8 серия](https://t.me/savanichi/34200)",,,
24593,"Товарищи! Поддержим нашего отечественного производителя ножей🔪 

Пока все западные компании уходят с нашего рынка, наши компании наращивают и улучшают свои производства. 

Кизлярские ножи всегда славились своим качеством и надежностью!

На данный момент в продаже: 
Ножи специальных войск, охотничьи ножи, топоры. Наборы для охоты, рыбалки и шашлыков. 

 Очень большой выбор с антикризисными ценами. Поддержим:

https://t.me/+mTtEqKfNTtBhNWUy

https://t.me/+mTtEqKfNTtBhNWUy",,,
24594,"Иностранные наёмники, которые сбежали из Лисичанска жалуются в своём чатике:

""Я думаю, что разорву контракт, потому что они напрочь лишены профессионализма. Русские почти полностью окружили нас. Целый взвод сбежал во время боя.  

Все слишком плохо. Это гребанное чудо, что я остался жив. Люди не выполняют приказы, да и приказов, по сути, практически не поступает.""

@NeoficialniyBeZsonoV",,,
24595,"Одна из брошенных украинских позиций под Лисичанском. Бежали так быстро, что оставили развешенными свои портки. 

Удивительно, конечно, - город был подготовлен к длительной обороне, куча фортификаций, укреплений, бункеров в промзонах. Ждали штурма в лоб, а их взяли хитростью. Ответить на нее духу не хватило.

@sashakots",,,
24596,"Небольшой сюжет из Лисичанска - как захистники издевались над мирным населением, почему бежали без боя и где теперь будут обороняться от русских сил.

@sashakots",,,
24597,"Жители Лисичанска об украинских военных.

- В последнее время просто озверели, постоянно пьяные, плохо себя вели, - подключаются обитатели подземелья. - К девчонкам приставали, хотели нас силой вывезти на украинскую территорию. На инвалидов автоматы направляли.

- Не из местных?

- Да не, с западенщины. Даже по разговору это заметно, разговаривают по-западенски.

Нигде это деление на восток и запад Украины не проявлялось так явно, как здесь, в [полутемном подвале](https://www.kp.ru/daily/27414/4612796/). Приехавшие с Тернопольщины и Львовщины захистники никогда не считали этих людей своими. А тут выдалась такая оказия – выместить свои националистические комплексы на беззащитных людях.

@sashakots",,,
24598,"Комбат Леший из 4 бригады Луганского корпуса в одном из бункеров ВСУ в промзоне Лисичанска рассказал, как противник покидал город.

- Когда мы заходили, здесь их уже не было. Они отходили в город, перегруппировывались и колоннами пытались выйти. Не всем это удалось. В результате выхода одного конвоя из 50 машин бронетехники было уничтожено до 20 единиц и до 300 человек личного состава. Но это только одна колонна. Поэтому погибших может быть больше. Выжившие ушли в район Северска. Там они закрепляются, город окопан неплохо, но нас это не остановит.

То есть, судя по всему, луганчане будут помогать освобождать ДНР

Мой [большой репортаж](https://www.kp.ru/daily/27414/4612796/).

@sashakots",,,
24599,"**Военкор ""КП"" Александр Коц передает из ЛНР о будущем наступления после взятия Лисичанска

**__Первым пунктом, который, судя по всему, будут штурмовать дальше – город Северск. Туда были выведены все подразделения нацбатов и ВСУ из Лисичанска. Оборонять Лисичанск им было удобно из-за расположения на возвышенности, но Северск находится в низине, а значит подразделения будут находиться под плотным артконтролем войск РФ. 

__@sashakots

[Подписаться на @truekpru](https://t.me/+p3pOHrMFlcI0NWRi)",,,
24600,"Спасибо [Александру Коцу](https://t.me/sashakots/34164) за интервью у командира 3-го батальона 4-й бригады Лешего. Знаю его с 2014 по Краснодонскому ополчению и совместной службе в бригаде. Грамотный офицер. Нашел видео из горячего августа 14-го. Тогда, казалось, удержать бы Луганск, а сейчас ЛНР полностью освобождена, и самое главное — все кто на видео, живы!",,,
24601,"Неизвестные подробности штурма Лисичанска.

Не случайно говорят: на войне главное – маневры. И Русские силы смогли удивить Киев. 

В короткие сроки незаметно для противника (а читай - для разведки НАТО) с другого направления под Лисичанск были переброшены подразделения Центрального военного округа под командованием генерал-полковника Александра Лапина. Они серьезно помогли луганчанам почти полностью блокировать город, выбить ВСУ из близлежащих сел, зачистить «зеленку». 

Но первыми входить в Лисичанск доверили Луганскому корпусу, которому не занимать в боевом опыте. Ну и, в конце концов, это символично. Вот и комбат «Леший» был здесь в числе первых.

- Как вас встретили?

- Мы зашли ночью. Когда рассвело, увидели человек 400 местных на рынке. То ли за водой собрались, то ли за гуманитаркой. Я отправил разведдозор к ним, и сразу было понятно, что им рады. Нас часов шесть тут обнимали, целовали, проехать не давали.

Мой [большой репортаж](https://www.kp.ru/daily/27414/4612796/) из Лисичанска: почему украинцы предпочитают отступать?

@sashakots",,,
24602,"Комбат Леший из 4 бригады Луганского корпуса рассказал, почему украинцы покинули Лисичанск, не цепляясь за него.

- Я думаю, опыт Северодонецка и Мариуполя. Можно было сидеть, обороняться месяц или два. Но какой ценой? Какие жертвы бы тогда были? Нас ведь тоже и Мариуполь, и Северодонецк много чему научили. Мы не шли напролом. Заходили малыми группами с разных сторон, к вечеру закреплялись, ночь пережидали, с утра продолжали движение, выявляли противника, поражали артиллерией, стрелковым вооружением… 

Мой [большой репортаж](https://www.kp.ru/daily/27414/4612796/)

@sashakots",,,
24603,"**Почему украинские войска бежали из подготовленного к обороне Лисичанска и главное – куда

**Украинскую армию готовили к тому, что ее будут **атаковать в лоб**, убедился военкор ""КП"" [Александр Коц](https://t.me/sashakots). Это отлично видно по тем фортификациям, которые были возведены вокруг города. Целая сеть окопов, которые переходят в бетонные укрытия, встречает прямо на въезде в Лисичанск. Он стоит на возвышенности, а это еще одно преимущество обороняющихся. Минные заграждения продолжают находить до сих пор, противопехотными ""лепестками"" засыпаны целые улицы. А в промзонах – бункеры, немногим уступающие подземельям ""Азовстали"". Союзные силы смогли совершить такой бросок, какого **Киев от них явно не ожидал**.

💬 __Когда мы заходили, здесь их уже не было. Они отходили в город, перегруппировывались и колоннами пытались выйти. Не всем это удалось,__ – командир батальона 4 отдельной мотострелковой бригады ЛНР ""Леший"" пояснил, что **опыт Северодонецка и Мариуполя** научил многому. ВСУ отошли в район Северска, там они закрепляются, город окопан неплохо, но это не остановит.

[Подробнее

](https://www.kp.ru/daily/27414/4612796/?from=tg)[Подписаться на @truekpru](https://t.me/+p3pOHrMFlcI0NWRi)",,,
24604,"По Арестовичу, который пообещал, что Лисичанск - последний город, занятый русскими, бегство украинских подразделений оправдано, ведь они выполнили свою боевую задачу:

- сковать основные силы противника,

- нанести им урон,

- выиграть время для поставки западного вооружения и усовершенствования второй линии обороны,

- создать условия для наших наступательных действий на других участках фронта.

По-моему, ему подсунули старую методичку по Мариуполю. Узники «Азовстали» же уже выполняли эту задачу. 

@sashakots",,,
24605,"Приветы с фронта. Прямиком из Лисичанска. Принимайте)

@sashakots",,,
24606,"Минные заграждения против гражданских. ВСУ усеяли город минами ПФМ-1. 

При бегстве из Лисечанска боевики формирований режима заминировали улицы города  противопехотными фугасными минами. «Лепестки» в парках, клумбах, на асфальте. Мина опасная, ПФМка делает инвалидом человека, который на нее наступает. Лепесток отрывает стопу. Для техники эта мина - не угроза. 

В итоге уже более 10 жителей Лисичанска стали калеками. Встретили мужика, так вот он получил ранение руки, решил отбросить с дороги мину. 

Эти мины в городе - угроза для жителей. Военные перемещаются на технике, к тому же навыки позволяют рассмотреть ПФМки даже в траве.

Мимо лепестков гоняют дети на велосипедах. Просто не замечают ПФМ. 

На месте уже начинают работать инженеры, чтобы обезвредить «подарки» хлопцев.     

@epoddubny",,,
24607,"Не успели остыть пушки защитников Донбасса и освободителей Луганской Народной Республики, как из Москвы прилетела добрая весть: площадь ЛНР появится в столице. Свыше 62 тысяч москвичей выбрали место её появления у посольства Великобритании. Вот это подарок так подарок!

Таким образом в столице Русского Мира будет целых два места встречи и памяти о тех, кто бился за свободу земель Новороссии и мирную жизнь.

https://www.mos.ru/news/item/109372073",,,
24608,"Вернулся в Донбасс. Привет всем, кто писал, что меня отсюда выгнали за якобы какие-то огрехи. Чуть-чуть не успел по объективным причинам на освобождение ЛНР. Сегодня Лисичанск, который реально долго и серьезно готовили к оборонк - символ маленькой победы в большой войне. Подробности и перспективы читайте скоро в моих репортажах здесь и на @truekpru

@sashakots",,,
24609,"На освобожденной Луганщине полным ходом идет восстановление. Понятно, что процесс этот небыстрый, и не до каждого пока дошел, но обязательно дойдет. Российские специалисты восстанавливают дороги в ЛНР.

@sashakots",,,
24610,"В Херсоне свидомые «партизаны» не снижают накала борьбы. Не пойму только, почему нас с Владимиром Рудольфовичем определили в коллабаранты. Просто слово понравилось, двоечники?

@sashakots",,,
24611,"Гляньте-ка, как можно высоко оторваться от земли за три месяца в Германии. Бывшая журналистка 1 канала, выступившая против СВО, возвращается в России - отсудить у экс-мужа дочку. 

По-моему, этим постом она сделала все, чтобы процесс проиграть.

@sashakots",,,
24612,"Пока ВСУшники сражаются, как они думают, за незалежность батькивщины на Донбассе, **предприимчивые украинские бизнесмены делают состояния, пользуясь налоговыми льготами на ввоз автомобилей из США и Европы.

**Так, на днях стало известно, что на Украину ввезли самый дорогой автомобиль за 4 месяца. Многие могли бы подумать, что это был какой-нибидь самый проходимый и защищенный внедорожник для нужд армии, но нет.

Им оказался суперкар Ferrari Roma 2020 года стоимостью более 220 тыс. долл., который явно к укрозахысныкам никакого отношения не имел и иметь не будет. **А благодаря новым таможенным правилам ее владелец еще и сэкономил  (читай – бюджет Украины лишился) около 71 тыс. долларов.

**Как воюется, Мыколы?

@sashakots",,,
24613,"Тут мне передают привет украинские артиллеристы, которые наводятся по моим видеороликам. Пацаны, вас на…бали. Я последний месяц никаких видео не снимал, был в отпуске. И наводились вы на мирные кварталы.

Попытка ЦИПСО отвлечь внимание от факапов нашего агента Юры Бутусова, конечно, хорошая, но нет. 

@sashakots",,,
24614,"Дороги войны. Мощный трафик где-то в Харьковской области.

@sashakots",,,
24615,"Самоходная артиллерийская установка 2С5 «Гиацинт». Спасибо дорогим подписчикам.

https://t.me/sashakots/34136",,,
24616,"Вернулись в Донбасс после небольшого отдыха аккурат в день освобождения ЛНР, с чем я всех жителей республики и всех нас поздравляю.

На дорогах Харьковщины, как обычно, тяжелый трафик. Помогите атрибутировать, что это за машины на тралах. Я предположил, что это «Спрут», но люди разбирающиеся говорят, катков много, скорее что-то на базе Т-72. 

Ракурс неудачный, да.

@sashakots",,,
24617,"На Украине своеобразно подтвердили гибель семьи из Харьковской области в Белгороде, обвинив в трагедии Россию.

""Сегодня ночью в городе Белгород погибла семья Коптеловых из Цуповки. Эта информация поступила к нам от вынужденных переселенцев, - заявил глава Дергачевской громады Вячеслав Задоренко. - Жители Цуповки и других оккупированных населенных пунктов были вынуждены бежать от войны через Россию в страны Европы любыми доступными путями. К сожалению, как видим, Россия уничтожает наших людей и на своей территории"".

Интересно, на чем можно добраться через Россию в Европу. И как Россия уничтожает украинцев в Белгороде, если есть видео запуска Точек У с территории Украины.

@sashakots",,,
24618,"Обломки одной из украинских Точек У, которые были сбиты над Белгородом минувшей ночью.

@sashskots",,,
24619,"🔥На видео попал момент поражения украинской ракеты в небе над Белгородом и ее падение с последующей детонацией.

Это к вопросу о том. Что «русские обстреляли сами себя». Ну да, и свои же ракеты посбивали.

@sashakots",,,
24620,"На видео из Белгорода видна часть ракеты у кондиционера. Но это не остатки украинского боеприпаса. Это разгонный двигатель ракеты «Панциря», который сбивал «Точку У».

@sashakots",,,
24621,"[​​](https://telegra.ph/file/ddcc10e566617ad20aeb2.jpg)⚡️Бывший советник той самой Эльвиры Набиуллиной в своём [закрытом канале](https://t.me/+qrpzPSFzckgwMGFi) честно и доступно рассказывает, что на самом деле происходит в российской экономике, как санкции повлияют на население, и что сейчас делать с деньгами. 

Канал вызвал небывалый резонанс и за несколько дней набрал более 150 тысяч читателей. 

**Подписывайтесь:** @[economik](https://t.me/+qrpzPSFzckgwMGFi)",,,
24622,"Сегодня 3 июля 2022 г. Министр обороны Российской Федерации генерал армии С.К.Шойгу доложил Верховному Главнокомандующему Вооруженными Силами Российской Федерации В.В.Путину об освобождении Луганской Народной Республики.
Как доложил генерал армии Сергей Шойгу, в результате успешных боевых действий Вооруженными Силами Российской Федерации совместно с подразделениями Народной милиции Луганской Народной Республики установлен полный контроль над городом ЛИСИЧАНСК и рядом близлежащих населенных пунктов, наиболее крупные из которых БЕЛОГОРОВКА, НОВОДРУЖЕСК, МАЛОРЯЗАНЦЕВО и БЕЛАЯ ГОРА. Общая площадь освобожденных за последние сутки территорий составила 182 квадратных километра.
 ",,,
24623,"А помните в Киеве украинская ПВО сбила нашу ракету, которая летела на военный объект. В итоге она рухнула на жилой дом и украинцы носились с российским паспортом одной из жертв: посмотрите на эту орду, она обивает собственных граждан.

Теперь Украина, ударив по мирному Белгороду, убила трех своих граждан, бежавших от войны из Харькова. 

@sashakots",,,
24624,"Момент попадания по жилому кварталу Белгорода. (Обсценная лексика).

@sashakots",,,
24625,"Из-под Белгорода под утро ответили на обстрел «Искандерами».

@sashakots",,,
24626,"Также ВСУ нанесли удар по аэродрому Мелитополя. Фото и видео от подписчиков.

@sashakots",,,
24627,"Видео ночного прилета по жилому кварталу Белгорода.

@sashakots",,,
24628,"Последсивия ночных прилетов по Белгороду.

@sashakots",,,
24629,"**Энергетики России совместно с правительством Белгородской области направили гумконвой с крупной партией оборудования в Харьковскую область 
** 
Колонна из 10 автомобилей **доставила 167 тонн грузов**: опоры и провода линий электропередачи, изоляторы, зажимы, высоковольтные вводы и другое энергооборудование, а также автозапчасти и 25 тонн трансформаторного масла.  
 
Все это необходимо **для проведения аварийных работ и восстановления электроснабжения**. Например, масло было необходимо для ремонта трансформаторов на подстанциях в Изюме и Балаклее.  
 
В начале июня был восстановлен **исторический энергомост между системами электроснабжения Белгородской и Харьковской областей**. Благодаря этому электричеством обеспечены 400 тыс. человек.
 
Белгородская область регулярно отправляет гуманитарную помощь жителям Украины. Для этого в регионе **открыт специальный логистический центр**. Совместно с партией ""Единая Россия"" и ОНФ в Харьковскую область поставляются лекарства и донорская кровь.

[Подробнее

](https://www.kp.ru/online/news/4814658/?from=tg)[Подписаться на @truekpru](https://t.me/+p3pOHrMFlcI0NWRi)",,,
24630,"⚡️⚡️⚡️

Специально для Арестовича, украинских СМИ и телеграм каналов. На верхнем фото администрация Лисичанска с трезубцем. На нижнем тоже здание, узнаваемый козырёк и ели за несколько минут до водружения знамени Победы.",,,
24631,"Стал свидетелем исторического момента: водружения Знамени Победы над администрацией Лисичанска.
Украинские боевики перед самым нашим приездом подорвали здание, но это не помешало бойцам полка Ахмат вместе с казаками героического 6-го полка НМ ЛНР водрузить Знамя и тем самым приблизить общую Победу.

Кстати, наш фотограф РИА @photographermilitary Витя  забрался на балкон с знаменосцем и сделал исторический кадр.

Не каждый день выпадает такая возможность.

@nezhurka",,,
24632,"Артиллерия группировки 🅾️тважных в качестве ""жеста доброй воли"" разносит позиции националистов на подступах к Лисичанску.

@sashakots",,,
24633,"Пусть мертвый месяц еле освещает путь.
Пусть звезды давят нам на грудь — не продохнуть.
Пусть воздух ядовит, как ртуть,
И пусть не видно, где свернуть,
Но мы пройдем опасный путь через туман.

Пусть месяц провоцирует нас на обман.
Пусть испарение земли, бьет как дурман.
Пусть каждый пень нам, как капкан,
Пусть хлещет кровь из наших ран,
Но мы пройдем с тобою путь через туман.

Воронежский оркестр дал жару в поддержку СВО, исполнив «Туман» Сектора газа.

@sashakots",,,
24634,"Офицеры 25 одшбр, сдавшиеся в плен вместе с личным составом. Вообще раньше ВСУ предпочитали не оставлять офицеров на передовой. Видимо сейчас моральное состояние подразделений требует нахождения офицеров в передовых порядках. Командир 9 роты 25 ОДШБР ст. лейтенант Риметов Рустам и командир 2 взвода 9 роты лейтенант Залугин Алексей.",,,
24635,"Очень много мата +18
Украинский блогер из Кривого Рога в своём стриме объяснил своё отношение к происходящему в Украине.

 Всё началось с того, что нацик на блокпосту потрогал руками авто хохлоблогеру. Богеме не оправилось это. 
И у него пошёл словарный понос на камеру. 

Ощущение, что это не только настроение этого заморыша, а и большей части Украины. 


Я бы сказал, что у хохлов у всех такое настроение.",,,
24636,"Немецкая САУ Panzerhaubitze 2000 в Донбассе бьет по русским людям. 

@sashakots",,,
24637,"Во-первых, это красиво. Кадры боевой работы штурмовиков Су-25 ВКС России.
Экипажи штурмовой авиации нанесли ракетные авиационные удары по военным объектам и технике подразделений ВСУ. 

@sashakots",,,
24638,"На направлении удара группировки Центр, явственно  видны результаты наступления. Идет зачистка Лисичанска, Северодонецк освобождён. Как я уже говорил ранее, это действительно очень значимый успех, тем более бои проходят на очень сложно для наступления ТВД. Честь и хвала бойцам генерала Лапина и Диким гусям Вагнера. На севере ДНР ( Изюмский фронт) продолжается активный обмен артиллерийскими ударами, рейды групп спецназа по лесам, тактические наступательные действия. 

Наш огонь гораздо сильнее, что дает о себе знать. Потери ВСУ в лесах и населённых пунктах на севере ДНР очень существенны. Многие украинские военнослужащие не могут дальше терпеть артиллерийский огонь, уходят с позиций либо сдаются в плен. Конечно это еще далеко не победа и хребет украинской группировки не сломлен. Их артиллерия достаточно точна, снарядного и топливного голода судя по всему пока не ощущается. Но в любом случае, каждодневные тяжёлые удары дают о себе знать и потери личного состава в рядах ВСУ, очень скоро скажутся на общем состоянии дел на фронте.",,,
24639,"Кадры объективного контроля поражения объектов ВСУ бойцами 🅾️тважных из ТОС ""Солнцепек"" на окраинах Лисичанска. Похоже на желатиновый завод.

@sashakots",,,
24640,"Кстати, взятием Лисичанского нефтеперерабатывающего завода мы не только оформили котел группировки противника. Мы вернули своё. Потому что этот НПЗ с 2013 года принадлежит «Роснефти», которая выкупила его у ТНК BP. И даже затеяла модернизацию, наметив перезапуск на 2014 год, но, как вы понимаете, не срослось.

Восемь лет назад ему доставалось от добробатов. Было даже подозрение, что формирования, спонсируемые владельцем конкурирующего Кременчугского НПЗ Коломойским, обстреливали завод намеренно, чтобы оформить монополию благодетеля.

Как бы то ни было у законсервированного Лисичанского НПЗ есть серьезный потенциал. После перезапуска он сможет снабжать топливом не только весь Донбасс, но и освобожденные территории. Это к вопросу о «ярме», который мы, по мнению людей с хорошими лицами, повесили себе на шею.

@sashakots",,,
24641,"На передовой очень нужны священники. Существующих капелланов не хватает. Военные просят сами - я лично передавал несколько таких запросов.

И отцы поехали - один, два, пять, сейчас уже десятки готовятся к переброске в ЗБД. Простые батюшки, которые не могут остаться в стороне, записываются в **добровольцы** - и едут к солдатам.

Из спонтанной инициативы вырос полноценный проект, и я вызвался собирать деньги - **все согласовано с Синодальным отделом по взаимоотношениям с ВС. 

**Нам** **нужны деньги на транспорт, иконки, крестики, литературу, стяги со Спасом Нерукотворным, размещение священника там,** **где это невозможно сделать на территории в/ч, медицину, лекарства для мирных жителей - на все, чего ждут от батюшки на передовой.

Каждому нужно купить броню, удобную обувь и другие вещи, необходимые для нахождения в полевых условиях. **Они поедут и без этого. Но как мы можем такое допустить?**

__Помогите, пожалуйста, деньгами и репостом. Карта моя. Отчёты будут в этом канале:__

2202 2021 6719 0325
Андрей Сергеевич А.",,,
24642,"**❗️Украина получила от Запада 70 тысяч противотанковых средств. Около трети из них уничтожены или утрачены. 

**По данным «Иди и смотри», все больше этих установок попадают на вооружение ВС РФ в качестве трофейных. 

💬__«Около 70 тысяч ПТУР и ПТРК. Но треть уже утрачена. Либо уничтожена, либо досталась русским»__, — рассказал источник канала. 

По номиналам вооружений и поставок на вооружении украинской армии: 

🔹до 10 тысяч установок Javelin и ракет к ним;
🔹до 7 тысяч установок NLAW;
🔹до 24 тысяч устаревших установок советского и других типов, также боеприпасов к ним. 

Помимо этого, на вооружении ВСУ украинские ПТРК «Стугна». 

Таким образом, украинская армия самая насыщенная ПТУРами и ПТРК в мире. Была.

**__@smotri_z__**",,,
24643,"Топ-20 свежих идей, куда поехать на выходные недалеко от Москвы

💎Полушкинские каменоломни (также Тучковские или Васильевские) в Московской области
Подробнее: https://t.me/wondermoscow/1889 

💎Урочище Введенское-Борисовка в Московской области 
Подробнее: https://t.me/mostrips/14625 

💎Башня-маяк в Троицком
Подробнее:https://t.me/mscculture/8979 

💎""Семь ключей"" в долине реки Протвы
Подробнее: https://t.me/moscowtopafisha/325 

💎Необычные достопримечательности Москвы и Подмосковья 
Подробнее:https://t.me/mscafisha/5197 

💎Малая железная дорога в Кратово
Подробнее: https://t.me/moscowafishniy/842 

💎Славянский кремль Виталия Сундакова.
Подробнее:https://t.me/mscculture/9064 

💎Музей башмака в Домодедово 
Подробнее: https://t.me/mostrips/14577 

💎Ярополецкая ГЭС и окрестности 
Подробнее: https://t.me/wondermoscow/1870 

💎Заброшки Подмосковья с координатами 
Подробнее:https://t.me/mscculture/9123 

💎Катушки Тесла в Истре
Подробнее: https://t.me/moscowafishniy/885 

💎5 атмосферных дач-музеев писателей в Подмосковье.
Подробнее:https://t.me/mscafisha/5358 

💎Томилинский Парк Сказок в Люберцах
Подробнее: https://t.me/moscowtopafisha/264 

💎Интересные идеи для свидания в Подмосковье 
Подробнее:https://t.me/mscculture/9034 

💎Пророческий источник в Зарайском районе 
Подробнее: https://t.me/wondermoscow/945 

💎Необычные музеи Подмосковья
Подробнее: https://t.me/mostrips/14785 

💎Крестьянская усадьба ""Остров"" 
Подробнее:https://t.me/mscculture/9100 

💎Васильевское, Щербатовский замок
Подробнее: https://t.me/wondermoscow/1900 

💎Киногород в ""Горках Ленинских"" в Подмосковье 
Подробнее:https://t.me/mostrips/9225",,,
24644,"Это не просто реклама, а искренняя рекомендация!

Хочу посоветовать вам канал моих друзей🧂[Медиасоль](https://t.me/mediasalt). Это канал профессиональных журналистов,  которые разбираются в информационных потоках и учат других. 

Они мониторят огромное количество российских и зарубежных ресурсов, делают отличную аналитику, много пишут про защиту прав русских за рубежом и внутри России.

Действительно качественный, а главное идеологически правильный ресурс.

Будьте в теме событий и читайте эксклюзивные новости, [подписывайтесь](https://t.me/mediasalt) на 🧂!",,,
24645,"Еще один освобожденный в ходе обмена боец.

@sashakots",,,
24646,"Один из освобожденных в ходе обмена бойцов рассказал, как проходил сам процесс возвращения домой.

@sashakots",,,
24647,"На Донбассе набирает обороты  работа президентской платформы «Россия — страна возможностей». Сегодня она запустила новый проект [«Пишем будущее»](https://t.me/+tqpKs-j3uTBhZGZi). У школьников и студентов из ДНР и ЛНР теперь есть возможность отправиться в путешествие по России в рамках программы «Больше, чем путешествие», стать частью регионального сообщества участников проектов платформы, получить наставника из числа выпускников конкурса управленцев «Лидеры России» и принять участие в молодежных образовательных форумах, а также пройти образовательные курсы. Для этого ребятам нужно написать сочинение-эссе. 

Жители ДНР и ЛНР уже** **несколько лет являются активными участниками конкурсов и проектов президентской платформы «Россия — страна возможностей». За последние годы в разных проектах и конкурсах платформы приняло участие более 80 тыс. человек из республик. И проекты платформы и их участники оказывали помощь местным жителям и раньше — к примеру, «Лидеры России» помогают беженцам найти работу, жилье, передают сотни школьных рюкзаков детям вынужденных переселенцев, собирают информацию о военных преступлениях киевского режима, оказывают гуманитарную помощь народной милиции ЛНР и ДНР.  

Возглавляет Наблюдательный совет платформы «Россия — страна возможностей» лично президент Владимир Путин, а это говорит только об одном: не словом, а делом руководство страны показывает, что мы на Донбассе всерьез и надолго.

Вообще обратите внимание на этот проект, возможностей для россиян там немерено, интересный у них [официальный телеграм-канал](https://t.me/+tqpKs-j3uTBhZGZi).",,,
24648,"Почти все ""азовцы"", которые вернулись на Украину в результате вчерашнего обмена, лишились рук или ног, сообщила сестра пленного Волыны Татьяна Харько.

""Почти все, 99%, без рук, без ног. Кто-то не слышит, кто-то не видит, но глаза счастливы"", - сказала она.

@sashakots",,,
24649,"Первые кадры с нашими ребятами, освобожденными из плена. 

Освобождено 144 человека. Все они сейчас проходят медицинское обследование, многим требуется помощь врачей. 

У всех боевой дух, ни один не  сломлен.",,,
24650,"Очередная партия западной военной помощи попала в руки 🅾️тважных на Лисичанском направлении.

@sashakots",,,
24651,"**Спецкор ""КП"" Александр Коц об обмене пленными, состоявшемся на этой неделе

**Убивать пленных нельзя, какими бы сволочами они ни были, в том числе для накапливания обменного фонда, считает спецкор ""КП"" [Александр Коц](https://t.me/sashakots). Известно, что среди тех героев, которых обменяли на этой неделе в том числе на азовцев, были российские летчики, которые в плену подвергаются самым жестоким издевательствам. 

💬__Теперь они и еще 142 человека вернулись домой. На Украину вернулись нацисты, которых уже вряд ли поставишь в строй. Хорошо это? Плохо? Это данность. Военная дипломатия - это в том числе о принятии непопулярных решений.

__@sashakots

[Подробнее

](https://www.kp.ru/daily/27412/4610822/?from=tg)[Подписаться на @truekpru](https://t.me/+p3pOHrMFlcI0NWRi)",,,
24652,"Казалось бы, за 4 месяца украинская пропаганда должна была сделать все, чтобы настроить против России даже тех, кто ей симпатизировал в начале cпецоперации, но делал это молча, не выдавая свои эмоции. 

Однако, мне продолжают писать люди с еще подконтрольных Киеву территорий, делиться своими страхами и даже пытаются помогать. Десятки людей из Славянска и Краматорска, Авдеевки и Константиновки буквально каждый день присылают координаты украинских подразделений в их городах. И фото последствий ударов по ним – чтобы российская артиллерия могла скорректировать огонь. 

Знают, что если их поймают за руку, то в лучшем случае осудят за госизмену. Но в условиях военного времени вряд ли довезут до суда. И все равно — они пишут о том, чем жили и живут все эти сложные четыре месяца.

Письма с внутренней Украины: «Хочется как-то помогать вашим войскам!» 

Чем живут в Киеве, Харькове, Чернигове, Одессе спустя четыре месяца после начала спецоперации.

Мой [большой материал](https://www.kp.ru/daily/27412/4610445/)",,,
24653,"🤣**ЭТО ШЕДЕВР! 

""Если бы политики пользовались мессенджерами**""

**Обязательно** смотрим полное видео до конца - [смотреть здесь!

](https://t.me/+Ug26j1FK6_41NjI6)Ответ Президента - ТОП)))",,,
24654,"Не понимаю, зачем из российской армии лепят образ рыцаря на белом коне. Кто его оценит, этот образ? Те, кто за ВС РФ, от них в любом случае не отвернутся. Тех, кто против, не переубедить.

Тут вот письмо пришло от матери погибшего российского бойца. Дочитайте до конца.

«Мой сын погиб 28 марта в Малой Рогани. Уже не было никакой надежды,но 4 июня нам сообщили что был обмен и он среди них. 

10 июня мы похоронили своего сына - героя. Он не сбежал, не бросил раненых, он даже не был ранен, но ему не дали шанс на жизнь. Его и двух его подчинённых расстреляли на месте. Это уже нам рассказал его командир, которого взяли в плен и потом обменяли. 

**Для нашей семьи, как и для множества таких же убитых горем семей, сейчас главное одно: чтобы гибель наших сыновей не была напрасной». 

****@sashakots**",,,
24655,"**Саша, при всем моем искреннем уважении в соответствии с принятыми решениями и правилами мы не публикуем НИКАКОЙ оперативной информации нашей орбитальной группировки по территории проведения Специальной военной освободительной операции - вся имеющаяся в нашем распоряжении спутниковая геоаналитика в режиме реального времени передается туда, где она сейчас более всего нужна.

Что касается т.н. центров принятия решений на территории временно пока еще не освобождённой территории Украины, то съёмка по ним ведется, как я уже объяснил, в соответствии с принятыми решениями и правилами. Её результаты ложатся на стол нашим центрам принятия решений. Надеюсь, что Вы меня правильно поняли.

Обязательно организуем для наших мужественных военкорров визит в Научный центр оперативного мониторинга Земли. То, что можно показать и рассказать, покажем и расскажем.

****https://t.me/sashakots/34032**",,,
24656,"Я как-то писал большой текст о том, почему нельзя убивать пленных. Какими бы сволочами они ни были. Там среди аргументов была необходимость накапливания обменного фонда, как количественного, так и качественного. Потому что какого-нибудь спеца хохлы на обычного военного менять не будет.

Известно, что среди тех наших героев, которых обменяли в том числе на азовцев, были наши летчики. Это люди, которые в плену подвергаются самым жестоким издевательствам. Это рассказывают наши бойцы, вызволенные ранее. И от их рассказов зубы от злости крошатся. Летчики в плену круглые сутки живут в аду. В любой момент ожидая конца.

Теперь они и еще 142 человека вернутся домой. На Украину вернутся нацисты, которых уже вряд ли поставишь в строй. Хорошо это? Плохо? Это данность. Военная дипломатия - это в том числе о принятии непопулярных решений. 

Я знаю, к примеру, как думают люди, менявшие Тайру. А там в Россию действительно вернулись в том числе три человека, не мажоры, которые очень важны нашим спецслужбам. А Тайра - нет, не важна. Просто не представляла оперативный интерес. Так вот они думают так: «Мы меняли, меняем и менять будем, не взирая на то, как это будет восприниматься обществом». Такими категориями мыслят.

И это, конечно, не очень здорово. Потому что обществу надо объяснять, почему так происходит: сначала мы говорим, что ни один нацист не уйдет от возмездия, а потом от хохлов узнаем, что все-таки уйдет. Пусть и на одной ноге. Потому что к своим родным вернутся 144 человека. Которых бы не поменяли на обычных мобилизантов. Можно, к примеру, так было объяснить.

А Денису Владимировичу, конечно, сил. И спасибо.

@sashakots",,,
24657,"**⚡️📣Срочно⚡️📣Под Лисичанским котлом найден расстреляный мирный житель ⚡️📣(ЧИСТО УКРАИНСКОЕ ВОЕННОЕ ПРЕСТУПЛЕНИЕ)

**Находясь недалеко от Лисичанска на ""Лисичанском котле"", где тысячи украинских солдат якобы были окружены силами России и ЛНР, мы обнаружили ряд небольших военных позиций рядом с мостом, который Украина взорвала, чтобы попытаться остановить продвижение России. В этом районе мы также обнаружили тело, как оказалось, гражданского лица с тремя пулевыми отверстиями в голове. Рядом с головой мужчины лежал черный пластиковый пакет, обмотанный липкой лентой. Следует отметить, что силы России и ЛНР взяли под контроль этот район только 2 дня назад, и труп явно разлагался в течение нескольких недель, если не месяцев. С учетом всех доказательств, которые мы видели там и задокументировали в этом отчете, логическим выводом является то, что силы Украины арестовали мирного жителя по неизвестной причине, затем надели ему на голову мешок и выстрелили 3 раза в верхнюю часть головы.
Я призываю всех правительственных чиновников и журналистов провести полное расследование этого очевидного военного преступления, совершенного украинскими войсками.

__Я независимый журналист, финансируемый только за счет пожертвований моих зрителей.
Вы можете поддержать мою работу через Сбербанк, номер карты ____4817760356637581____

__https://www.youtube.com/watch?v=OT4HKMuvfC4&feature=youtu.be

** ⚡️📣Срочно⚡️📣Под Лисичанским котлом найден расстреляный мирный житель ⚡️📣(ЧИСТО УКРАИНСКОЕ ВОЕННОЕ ПРЕСТУПЛЕНИЕ)**",,,
24658,"В небе над Макеевкой. Видео от подписчика.

@sashakots",,,
24659,"Не «Панорама»

Джонсон считает, что Россия не стала бы начинать спецоперацию на Украине, если бы Путин был женщиной. По его мнению, действия Путина в отношении Украины стали ""идеальным примером токсичной маскулинности"". 🤦‍♂️

@sashakots",,,
24660,"🔥Уникальное видео. Сначала - кадры поражения артиллерией ЛНР объекта на заводе «Азот» в Северодонецке.

А затем командир пушечного дивизиона 2АК Игорь «Тобол» проводит экскурсию по тому самому объекту - уже после освобождения. И что мы там видим?

Разнообразные ящики с натовской маркировкой. При ближайшем рассмотрении - это реактивные снаряды к БМ-21, поставленные из-за рубежа, цинки с разрывными боеприпасами американского производства, предназначенные для ООН (!), ящики, которые когда-то были поставлены из Германии в Грецию. Мой подписчик, специалист из ОПК, предположил, что это - ящики с 82-мм минами, которые в Салоники когда-то привезли из ГДР. Ну и по мелочи - гранаты натовского образца и проч.

@sashakots",,,
24661,"❗️18+ Большое количество украинских «захистников» в лесопосадке вокруг котла Горское-Золотое не пережило встречу с российскими десантниками. Шевроны дивизии СС «Галичина» в наличии.

Воин ВСУ, у тебя есть альтернатива. Надо просто сложить оружие и прекратить бессмысленное сопротивление.

@sashakots",,,
24662,"**Устали читать сухие новостные сводки? 

**Подписывайтесь на хроники новой русской реальности на канале **«**[**Страна V**](https://t.me/strana_vvv)**»**.

Все самое интересное из жизни России. Новости, которые хочется обсуждать, эксклюзивные экспертные мнения и многое другое.

**__Подпишись, будь в центре событий — __****__@strana_vvv__**",,,
24663,"""**На Украине Россия ведет бои за существование. Если там не победим, нас просто растопчут**""

Месяц мирной жизни после 100 дней на фронте. Что он показал? Об этом военкор kp.ru Александр Коц поговорил с ведущим @radiokp Сергеем Марданом

__Здесь, в столице, ничего не напоминало о том, что всего в 12 часах езды на машине погибают люди, воюют за будущее нашей страны. Я действительно считаю, что на Украине сейчас идут бои вообще за существование российской государственности. А здесь, такое ощущение, этого понимания нет. 

Если едешь по Белгородской области или по Курской, там всё в плакатах с фотографиями героев, с призывами, с пожеланиями. Сюда я вернулся 31 мая и … не увидел вообще ничего такого! 

И когда я начал выяснять, что же происходит, мне огромное число людей написали, что мы хотим Z наклеить на машину, но боимся, что машину поцарапают или сожгут. То есть, мы боимся какой-то своей ""пятой колонны"", которая запрещает нам гордиться нашими героями?! 

__[Читать дальше

](https://www.kp.ru/daily/27411/4609749/?from=tg)@sashakots @mardanaka

[Подписаться на @truekpru](https://t.me/+p3pOHrMFlcI0NWRi)",,,
24664,"СВО продолжается. Старлинк еще не добыл, извиняюсь за отсутствие. Вот уже долгое время противник не забирает своих павших с позиций. Но и не оставляет их. Организована крепкая оборона, правильно используются складки местности, подвижные огневые средства.",,,
24665,"**Масштабы черного рынка оружия на Украине растут в геометрической прогрессии**. В буквальном смысле уже не проходит и недели без сообщений о поимке очередных торговцев при попытке незаконной продажи “сброи”.

На этот раз оружейного барона задержали в Николаеве. В его солидном арсенале обнаружили: несколько автоматов АК-74, РПГ-18, ручные гранаты с запалом, пистолеты и около трех тысяч патронов разного калибра.

@sashakots",,,
24666,"Лавров: Решение по вступлению Аргентины и Ирана в БРИКС будет приниматься консенсусно

""Разумеется, и Аргентина, и Иран являются достойными, уважаемыми кандидатами, как и целый ряд других стран, которые тоже упоминаются в дискуссиях, но решение будет приниматься консенсусом"", - сказал он в ходе пресс-конференции.

По его словам, ""самое главное, что подготовительный процесс запущен и главным критерием здесь будет, прежде всего, обеспечение дальнейшей эффективности, повышения практической отдачи по работе этой структуры"".

@sashakots",,,
24667,"Британский премьер Джонсон сомневается в том, что ситуация в отношениях России и НАТО дойдет до прямого боестолкновения, однако считает необходимым реагировать на якобы растущую угрозу со стороны РФ

«Не думаю, что до этого дойдет. Само собой, мы делаем все, чтобы дело ограничилось Украиной», - сказал Джонсон, отвечая на вопрос о том, готовится ли королевство к войне с РФ

Что ж ты, фраер, сдал назад?😂

@sashakots",,,
24668,"Донецк снова у всех на слуху: после признания Республики её столица открыла новую страницу истории и привлекла всеобщий интерес. [Makarenko 🅉 Donetsk](https://t.me/makarenkolive) — это донецкий взгляд на Спецоперацию и освещение самых ""горячих"" событий с передовой, политическое обозрение ситуации в ДНР и вокруг неё.

Сам автор с первых дней вооружённого конфликта подробно освещает его, приводя собственные суждения и другие мнения из числа самых интересных. [Makarenko 🅉 Donetsk](https://t.me/makarenkolive) — оперативность освещения с донецким акцентом!",,,
24669,"Хаймарсы в зоне проведения СВО.

@sashakots",,,
24670,"ПВО на Луганском направлении не скучает.

@sashakots",,,
24671,"**💻 Хакеры Killnet** блокируют интернет-структуры Литвы в отместку за транспортную блокаду Калининграда. По их словам, сейчас страна отрезана от мировой сети.

[Подписаться на @truekpru](https://t.me/+p3pOHrMFlcI0NWRi)",,,
24672,"Вот соглашусь. Сейчас актуальнее был бы снимок со спутника Роскосмоса торгового центра в Кременчуге и прилегающей территории. Чтобы было наглядно видно, куда был нанесен удар, и как огонь с военного объекта перекинулся на гражданский.

А всем пишущим мне с Украины о том, что негоже бить по центру города средь бела дня - скажите своим захистникам, что не надо размещать военные объекты, которые являются потенциальными целями, в городской застройке. Прикрываясь, по факту, мирными кварталами. 

https://t.me/harry_homolsky/1359",,,
24673,"Эксклюзивные кадры - так артиллерия ЛНР отрезала пути отступления ВСУ из Северодонецка. Синецкий мост в Лисичанск демилитаризировала батарея пушечного дивизиона «Тобола» (2АК).

@sashakots",,,
24674,"Командир «Пятнашки» Абхаз о прорыве нацистов на Угледарском направлении. 

ВСУ запустили в мешок, разбили и мало того забрали большое количество техники.",,,
24675,"Эксклюзивные кадры штурма Камышевахи в Попаснянском районе ЛНР. 

Наш военкор [Влад Андрица](https://t.me/vandrytsa) только что присоединился к батальону 26/34 6-го казачьего полка — это первый материал с этим батальоном для «Военной хроники». 

Казаки сумели выбить противника и взять посёлок под контроль. Это ключевая позиция на пути к главной цели — городу Лисичанску, куда отступили украинские боевики из Северодонецка и откуда они продолжают обстрелы близлежащих населённых пунктов.

@milchronicles",,,
24676,"Удивительное дело, на пятом месяце специальной военной операции на фестивале в Пушкине (под Питером) «День русской славы» из экспозиции, посвященной битве за Мариуполь (город-побратим Санкт-Петербурга) тетеньки из городской администрации потребовали убрать фигурки Гиви и Моторолы. 

А также, по словам [организатора экспозиции](https://t.me/lentv24/5553), снять со входа букву Z, потому что некоторые особо впечатлительные музыкальные коллективы отказываются выступать, когда глаза мозолит знак «русской военщины». Поздравляем администрацию Пушкина с перемогой.

@sashakots",,,
24677,"🔥Штурмовики Су-25 в объективе коптера отрабатывают по Лисичанской нефтебазе. Во-первых, это красиво.

@sashakots",,,
24678,"⚡️Вот что произошло в Кременчуге.

ВКС России нанесен удар высокоточным оружием воздушного базирования по ангарам с поступившим от США и европейских стран вооружением и боеприпасами, в районе Кременчугского завода дорожных машин.

В результате высокоточного удара, оружие и боеприпасы западного производства, сосредоточенные на складской территории для дальнейшей отправки украинской группировке войск на Донбассе, поражены. 

Детонация хранившихся боеприпасов к западному оружию, вызвала пожар в расположенном рядом с территорией завода торговом центре.

Собственно, это объясняет, как чудесным образом в результате «удара по ТЦ» не разбилась ни одна бутылка в алкогольном отделе, куда в первую очередь ломанулась Антонина Геращенко.

@sashakots",,,
24679,"Сухие строки из наградного представления, за которыми вся мощь русского характера.

«Несмотря на численное превосходство врага, взвод старшего лейтенанта Александра Попова под непрекращающимся огнем совершил рывок в направлении главного удара противника. Своими действиями Александр сковал подразделения украинских националистов, грамотно скорректировав огонь артиллерии».

Противник отходит, перегруппировывается, пытается окружить взвод Попова. Тот отстреливается ПТУРом, заставляет врага паниковать, старлей получает первое осколочное ранение, но продолжает командовать. Получает второе тяжелое ранение, но взвод продолжает обороняться. Он выстоит, противник отступит, оставив 20 трупов и семь сгоревших единиц техники.

А старший лейтенант Попов будет представлен к званию Героя России. Посмертно.

«Нет больше той любви, аще кто положит душу свою за други своя».

@sashakots",,,
24680,"❗️В наше время всё надо проверять как следует - согласны, мужики?

Сегодня тестируем нож НКВД обр 1934 г. прямиком из кузницы [BARK](http://t.me/barkknife/354), настоящая кованая сталь 95х18, рукоять из кудрявой карельской березки.

👍 В отличие от китайской подделки, эта финка кость рубит и помидорку продолжает резать!

• Гарантия 5 лет;
• Более 700 отзывов;
• 15 лет работы;
• В комлекте сертификат, что холодным оружием не является.

🔥 Я здесь оставлю контакт мастера, подпишись чтобы не потерять 👉  t.me/barkknife/354",,,
24681,"А помните мы тут телеграмным междусобойчиком месяц назад [поднимали ](https://t.me/sashakots/33054) тему создания базы данных пленных и погибших ВСУ после того, как в Киеве создали ресурс «Оккупант». Через такую базу можно и на общество влиять при грамотном подходе. 

Тут депутаты [спросили](https://t.me/obuhovpro/6840)[ ](https://t.me/obuhovpro/6840) у Минцифры, а паркуа бы и не па. Но глава Минцифры полагает, что 

a) публикация персональных данных возможна только с согласия субъекта (получить его несложно);

b) обнародованные данные могут быть использованы в преступных целях;

с) военнопленные по Женевской конвенции защищены от «любопытства толпы» (так и написано).

А значит создание такого ресурса «считается нецелесообразным».

Ну зато сайт «Оккупант», «на который, предположительно ссылается военкор «КП» Александр Коц», заблокирован по требованию Генпрокуратуры. 

Тоже результ. А родственников украинских бойцов, которые мне пишут, все-таки к кому переадресовывать? Кроме «горячей линии» МО…

PS Не шлите мне ссылки на ресурсы энтузиастов, я о них знаю, но говорю о государственном подходе

@sashakots",,,
24682,"В лесах на Лисичанском направлении по-настоящему жарко! ТОС ""Солнцепек""  🅾️отважных выжигает позиции боевиков, расположенные в лесных массивах.

@sashakots",,,
24683,"[Поговорили](https://www.youtube.com/watch?v=SDgt6SOWNEc) с [Коцем](https://t.me/sashakots) перед отъездом. Про войну и мiръ. 
Саша оптимистичен, многое (в смысле - мiръ), как мы выяснили, меняется буквально на глазах. Даже жирная и равнодушная Москва потихоньку начинает трезветь. Всматривается в портреты героев Украинской кампании и начинает осознавать себя не ""европейским мегаполисом"", а столицей России.

В общем смотрите и подписывайтесь конечно.

https://www.youtube.com/watch?v=SDgt6SOWNEc",,,
24684,"Работа ПВО в небе над Белгородом. Сегодня около 17:00. Летящий объект сбит.

@sashakots",,,
24685,"Спецназ Отважных на водонасосной станции под Волчеяровкой, из которой противник устроил огневую точку. Выжил только один из оборонявшихся украинцев. Остальные [были уничтожены.](https://t.me/sashakots/34016)

@sashakots",,,
24686,"⚡️ Арифметика войны. Результаты работы самарского спецназа группировки Отважных под Волчеяровкой - на насосной станции.

@sashakots",,,
24687,"⚡️**Под Камышевахой полк Кадырова** **взял в котёл 24 бригаду ВСУ. 

**Сдаваться в плен они не захотели, за что и поплатились своими жизнями. 
**24 бригада **полностью уничтожена. Очень жёсткие кадры с Камышевахи в закрытом канале** **[**Башня Кремля**](https://t.me/+iul4UVtVz2U5ZDMy)
Слабонервным просьба не смотреть.

https://t.me/+iul4UVtVz2U5ZDMy",,,
24688,"Снова спайка коптер + артиллерия - на лисичанском направлении. Противник спалился на подвозе БК и был накрыт огнем.

@sashakots",,,
24689,"**❗️ВС РФ нарастили число ракетных и артиллерийских ударов по инфраструктуре ВСУ в несколько раз

**По данным «Иди и смотри», российская армия значительно нарастила число ракетных и артиллерийских ударов. Причем даже на неосновных направлениях. 

💬__«Увеличилось количество ракетных прилетов по инфраструктуре ВСУ. Со стандартных 10 пусков до 50 ракетных и артиллерийских ударов в сутки»__, — рассказал источник канала. 

По его словам, появилась практика «вторых залпов». Речь идет про пуски ракет не только с 22.00 до 00.00, но и с 2 до 5 утра. 

💬__«Мало того, даже дневные ракетные пуски стали обычной практикой»__, — отметил он. 

Над Харьковом все чаще заметна российская авиация.

**__@smotri_z__**",,,
24690,"**Жители Нидерландов начали выселять украинских беженцев из своих домов во время летних отпусков

**Муниципалитеты в Нидерландах [готовятся к новому наплыву](https://www.kp.ru/online/news/4805509/?from=tg) украинских беженцев из принимающих семей, которые не собираются оставлять украинцев одних в своем доме во время летних отпусков.

В районе Центрального и Западного Брабанта проживают около 1200 украинских беженцев. При этом пока неизвестно, сколько людей собирается на время выселить украинцев из своих домов. Муниципалитеты на данный момент не резервируют специальные места для таких беженцев, однако учитывают возможное прибытие в ближайшие недели.

В управлении региона безопасности Брабант-Зюйдост сообщили, что иногда украинцев просто оставляют в приютах.

[Подписаться на @truekpru](https://t.me/+p3pOHrMFlcI0NWRi)",,,
24691,"**⚡️📣Как обстоят дела в контролируемой Россией Харьковской области Украины (специальный репортаж)⚡️📣

**Поскольку в Харьковской области Украины, контролируемой Россией, не было западных журналистов, мы с командой отправились туда, чтобы показать миру, что происходит там на самом деле. Этот репортаж - подробный взгляд на людей, которые живут в этом регионе сейчас, и на то, что они думают о ситуации. Мы говорили со многими людьми и нашли много разных мнений. Некоторые были проукраинскими, а некоторые - пророссийскими. Это репортаж, который необходимо посмотреть, чтобы открыть глаза всему миру. Смотрите до конца

__Я независимый журналист, финансируемый только за счет пожертвований моих зрителей.
Вы можете поддержать мою работу через Сбербанк, номер карты ____4817760356637581____

__**⚡️📣Как обстоят дела в контролируемой Россией Харьковской области Украины (специальный репортаж)⚡️📣

**https://www.youtube.com/watch?v=3iFv5jxInOc&feature=youtu.be",,,
24692,"Есть что-то жуткое и страшно завораживающее в сверхточном оружии.

Ракетой бахнули буквально в ту часть моста, где проложено железнодорожное полотно. Автомобильное же полотно, по которому передвигаются в основном гражданские, цело.

Это еще и к вопросу прилетов по гражданской инфраструктуре. Если точность «Калибра» это квадрат 5 на 5 метров, то и любое обвинение в сознательном обстреле жилых домов беспочвенны. Зачем расходовать дорогую ракету ради сноса половины подъезда многоэтажки?

Любой снаряд падающий на жилую застройку - это результат работы украинских ПВО, которые вполне сознательно сбивают ракеты над городами, зная, что они летят на военные заводы, военные части, в болезненные точки транспортной инфраструктуры.

А над городами они сбивают, потому что между многоквартирными домами  прячут свои позиции, которые, стоя в чистом поле снесли бы в два счета.",,,
24693,"Очередной пример работы коптера в связке с артиллерией от Отважных. Был танк - и нету.

@sashakots",,,
24694,"**Как будет проходить подъём флага в школах и колледжах?**

🇷🇺Исполнение государственного гимна и подъём флага — так с 1 сентября будет начинаться каждая учебная неделя в школах и колледжах.

Минпросвещения опубликовало стандарт [проведения церемонии](https://www.consultant.ru/document/cons_doc_LAW_419958/5337d7a12df1fd044b28e8231dd8f2e1fa90896f/).

❓**Как же она будет проходить?

**Место проведения будет зависеть от погоды: весной и летом — на площадке возле школы или колледжа, осенью и зимой — в холле, актовом или спортивном зале.

■Перед первым уроком все присутствующие построятся в шеренгу. В это время знамённая группа вынесет флаг. В неё войдут ребята с достижениями в учёбе, творчестве и спорте.

■Руководитель церемонии произнесёт команду «флаг поднять», если поднимают на флагшток, или команду «флаг установить» — если устанавливают на специальную подставку.

Поднятие флага будет сопровождаться исполнением гимна.

Дальше выделят время для информационной части. Например, огласят календарь памятных дат общегосударственного и локального значения на грядущую неделю. Если мероприятие приурочено к памятному событию, то после его завершения приглашённые могут выступить с речью, а ученики — с творческим номером.

Для тех, кто не присутствовал на церемонии, преподаватель на первом же уроке расскажет о составе знамённой группы и календаре памятных дат.

@obyasnayemrf",,,
24695,"**Уже больше месяца Мика Бадалян находится под арестом

**Мика ненавистен армянской власти своей решительной борьбой против предателей, благими делами для Армении и Арцаха, а также активной позицией за укрепление российско-армянской дружбы.

Он является ярким примером народного протеста. Не принадлежащий ни к какой политической силе, он боролся и внушал надежду людям даже тогда, когда у всех опускались руки.

Мика обескуражен нескончаемой поддержкой. В тюрьме он получает передачи от совершенно незнакомых людей, а поддержка от армянских и российских коллег показательна и внушает абсолютную уверенность в нашей победе. Сейчас  его пытаются сломать, но будьте уверены, с каждым днем он становится только сильнее, а его борьба станет еще яростнее. 

Судьба нашей Родины в руках каждого из нас и мы обязательно победим!

Обратная связь @badalyanmika

Реквизиты для поддержки:

5484380017892738 (Сбербанк) Vladimir Vikoghosyan

5501 0401 0024 4093 
SONA KAGHZVANTSYAN 
AmeriaBank

ПРОДОЛЖАЕМ БОРОТЬСЯ✊🏼🇦🇲",,,
24696,"Позиции противника на Лисичанском желатиновом заводе выявляются с помощью коптеров и накрываются артиллерией.

@sashakots",,,
24697,"Кадры с трофейных телефонов захистников, которых под Волчеяровкой смели подразделения Отважных. Кто-то загинул, кто-то попал в плен.

@sashakots",,,
24698,"🅾️тважные продолжают свое наступление в направлении Лисичанска, выбивая противника из лесополос артиллерией.

@sashakots",,,
24699,"Сегодня в небе над Киевом.

Свои фото и видео ударов по столице Украины присылайте на @sasha_kots",,,
24700,"- Все нормально, в таком темпе продолжай.

- Еще залп - и домой.

- Дай доработать. Восемь осталось.

- Домой. Домой. Уходим домой.

Российская артиллерия так кошмарит противника на Херсонском направлении, что за уши не оттащишь. Но условия контрбатарейной борьбы диктуют свои правила.

@sashakots",,,
24701,"**Сергей Шойгу проинспектировал российскую группировку войск, задействованную в специальной военной операции на Украине

Также министр обороны вручил государственные награды**: медали «Золотая Звезда» Героя Российской Федерации и Ордена Мужества российским военнослужащим, проявившим героизм и самоотверженность при выполнении боевых задач в ходе проведения специальной военной операции.

@sashakots",,,
24702,"⚡️Официально по Северодонецку

Подразделениями Народной Милиции Луганской Народной Республики при поддержке российских войск **под командованием генерала армии С.В.Суровикина** в результате успешных наступательных действий полностью освобождены города СЕВЕРОДОНЕЦК и БОРОВСКОЕ, населенные пункты ВОРОНОВО и СИРОТИНО Луганской Народной Республики.

Таким образом, попытка противника превратить промышленную зону Северодонецкого предприятия «АЗОТ» в упорный очаг сопротивления сорвана. В настоящее время территория данного предприятия контролируется подразделениями Народной Милиции Луганской Народной Республики.

С освобождением СЕВЕРОДОНЕЦКА и БОРОВСКОЕ вся левобережная территория Северского Донца в границах Луганской Народной Республики перешла под ее полный контроль.

@sashakots",,,
24703,"Центр Донецка. Вечер. Тишина. 

Один раскатистый «бах». Через минуту звучит второй. За ним - третий и четвёртый. 

Из окна в доме напротив заучит женский голос с до боли знакомыми интонациями: «О-о-оля! Оля, до-о-омо-о-ой! 

Писк с детской площадки: «Ну щаааас!» 

Так и живем.",,,
24704,"Работа ПВО в тылу Донбасса

@MakarenkoLive",,,
24705,"А вот вырвавшийся из Северодонецка хлопец обвиняет нашего агента, главреда Цензора Юру Бутусова в том, что он заблаговременно слил операцию по выводу северодонецкого гарнизона, зная, что не все подразделения еще вышли.

«С сегодняшнего дня все потери, которые мы понесем на северодонецком плацдарме - на совести Юрия Бутусова», - говорит он.

Юра, гордимся!)

@sashakots",,,
24706,"Донецкий врач, профессор, Доктор медицинских наук, Эмиль Фисталь о раненых [пленных азовцах](https://www.kp.ru/daily/27410.5/4608073/):

«Не скажу, чтобы работа с ними доставляла какую-то радость. Но врач есть врач, и долг есть долг. И для меня, как врача, эти военнослужащие - прежде всего пациенты, нуждающиеся во врачебной помощи.

Но это особые условия усиленной охраны и всего, что с этим связано. Тут не забалуешь! Так что вот эти термины – «заполонили больницы», «повыбрасывали больных из их коек», «создали угрозу для медперсонала», который якобы «и подходить-то к ним остерегается»... Все эти словесные конструкции – явно из области, очень далёкой от нашей современной медицины.

И, наконец, вы спросили, как «азовцы» себя ведут? Очень тихо и скромно. И все, как один, подчёркивают свои исключительно мирные, а вовсе не боевые профессии в «Азове». Конечно же, по их словам, никто из них никого не убивал, никогда не мучил пленных и гражданских лиц. Все они, якобы, мирно служили водителями и поварами, каптёрщиками, банщиками, хлеборезами...»

@sashakots",,,
24707,"**Замминистра обороны Украины Анна Маляр заявила, что из-за преждевременных публикаций об отходе ВСУ из Северодонецка операция была сорвана.

**По заявлению чиновницы министерства обороны Украины, «этими публикациям, сделанными в соцсетях, просто не дали войскам довести до конца запланированное в Северодонецке».

Юра Бутусов, благодарю [за службу](https://t.me/sashakots/33936)! 

@sashakots",,,
24708,"Украина сообщает о первом применении РСЗО Химарс на Донбассе. Судя по всему ваш покорный слуга со-товарищи и были теми самыми ребятами, кто первыми испытал на себе удар американского комплекса. 

Я долго думал и сомневался, что по нам отработала батарея 155. Слишком странная воронка ( похожа на дыру от сваи), нет характерного воя прилета, сейчас нашли осколки, они не похожи на осколки снарядов ствольной артиллерии, плюс ко всему мгновенно начинающиеся пожары, что тоже служит одним из признаков реактивного снаряда.  

Что могу сказать. Несмотря на крайне неприятные впечатления в тот момент, когда находишься в эпицентре, выжить там вполне себе можно. И не только выжить, но и сохранить здоровье. 

После крайне точного залпа, у нас несколько раненых и двое погибших. Вы ( хохлы) знаете куда вы стреляли, мы знаем, откуда вы это делали. Вопрос простой, зачем вы сделали залп по госпиталю, в котором в том числе оказывают помощь мирному гражданскому населению? 

В связи с чем в очередной раз хочу напомнить. Нет никаких отдельных от ВСУ «украинских нацистов», есть только солдаты ВСУ. Именно они, а не какие то мифические укронцисты стреляют по мирным городам, госпиталям, пытают и убивают наших пленных и мирных жителей. Потому и спрашивать надо с любого, кто надел военную форму.",,,
24709,"Наглядная демонстрация - для чего нужны коптеры. Можно было послать в лес у железной дороги на лисичанском направлении разведку, которая напоролась бы на скрытые позиции в «зеленке». 

А можно поднять коптер, обнаружить с него движение в лесопосадке и распетушить ее артиллерией. Что и сделали подразделения Отважных.

Коптеры для этого подразделения закуплены при содействии [группы помощи](https://t.me/+5pGa6K25xLs1ZjMy), которую я поддерживаю. 

@sashakots",,,
24710,"А вот, похоже, еще один ЛМУР - бьет по объекту в Константиновке. Она находится на линии между Донецком и Славянском.

@sashakots",,,
24711,"Красота-то какая!

https://t.me/fighter_bomber/7723",,,
24712,"⚡️Соединения и воинские части группировки войск «Центр» под командованием генерал-полковника Лапина А.П. прорвав хорошо подготовленную оборону украинских войск, разгромили противостоящего противника, и развивая наступление блокировали город ЛИСИЧАНСК с юга.

В течение пяти дней ими освобождено 11 населенных пунктов, из них наиболее крупные ЛОСКУТОВКА, МИРНАЯ ДОЛИНА, УСТИНОВКА.

Одновременно Южная группировка войск под командованием генерала армии Суровикина С.В. завершила разгром окруженной группировки ВСУ в «Горском котле». Российскими войсками и подразделениями Народной Милиции ЛНР освобождены населенные пункты ГОРСКОЕ и ЗОЛОТОЕ.

(c) Минобороны

@sashakots",,,
24713,"Наш с вами УАЗик пал смертью храбрых, на котором двигался НАШ ДОРОГОЙ БРАТ @vysokygovorit. С Старше Эдды всё хорошо, обошлось.

Это последствия 155мм снарядов.

Целых 4 месяца войны пережил, хороший был, из всех жоп вывозил, трудяга.

Будем собирать на новый, свои добавим, чё делать, а то щас все под прицелы отложено, но если получится собрать, будем рады, отчёт пришлём.

Карта та же на Дмитрия Конаныхина, ведущего Радио России: 2202203207229198",,,
24714,"**Военкор ""КП"" Александр Коц поддержал идею о привлечении пленных к восстановлению городов

**__Зачем привлекать граждан из Средней Азии, если можно привлечь такого же качества рабочую силу за еду. Есть опыт ВОВ, после которой пленные фашисты выстраивали советские города. До сих пор есть эти немецкие кварталы. Появятся, видимо, украинские кварталы в Мариуполе, Рубежном, Славянске и так далее

__[Подписаться на @truekpru](https://t.me/+p3pOHrMFlcI0NWRi)",,,
24715,"Внимание, новая опция!

Официальный бот обратной связи армии ДНР. На него могут писать, как гражданские, которые хотят помочь нашим войскам с информацией, так и украинские военные, которые хотят сдаться, перейти на нашу сторону или продать иностранное вооружение:
@nmdnrbot

По стоимости иностранного вооружения цена договорная. Пишите, не стесняйтесь. Всё конфиденциально!

@NeoficialniyBeZsonoV",,,
24716,"«Донбасс: Путь Жизни» – серия №6

**«Новая семья для Димы»

**В шестой серии документального сериала «Донбасс: Путь Жизни», рассказывается о мальчике Диме. Его родители погибли при обстрелах Мариуполя со стороны украинских националистов и теперь он привыкает к новой жизни без самых близких людей. 

«Донбасс: Путь Жизни» – документальный сериал, в котором съемочная группа путешествует по Донбассу и передает гуманитарную помощь, собранную добровольцами самым нуждающимся семьям, попавшим в сложнейшие условия из-за варварских действий украинских националистических подразделений.

[1 серия
](https://t.me/novosti_voinaa/6317)[2 серия
](https://t.me/kremlinprachka/19159)[3 серия
](https://t.me/vityzeva/59363)[4 серия
](https://t.me/vityzeva/59538)[5 серия](https://t.me/sashakots/33768)",,,
24717,"Новостей стало слишком много. Уведомления из разных социальных сетей приходят на телефон круглосуточно. Часто новости бывают ну очееень негативными и воздействуют на психику и настроение. 

Хорошо, что в Российской медиатусовке есть люди с юмором и уникальным взглядом на картину дня. Четыре друга журналиста, работавших на крупных постах в медиахолдингах, создали канал «[Медиастанция](https://t.me/mediastanciacom)», где рассказывают в непринуждённом формате все то, что обсуждают между собой в баре за бокалом вина. 

Все самые курьёзные и смешные случаи из российских сми и социальных [сетей обсуждают тут](https://t.me/mediastanciacom).",,,
24718,"**Александр Коц ответит на вопросы в прямом эфире: ""Азот"", сдача ""Айдара"", переговоры России и Украины

**Военкор KP.RU с самого начала следил за ходом спецоперации на Украине. Он вел свои репортажи из самых горячих точек и рассказывал нам всю правду о том, что происходит в незалежной. 

Теперь же журналист готов ответить на любые вопросы подписчиков ""КП"".

Начинаем в 18.00 (мск). Трансляция — [здесь](https://www.youtube.com/watch?v=4Fcg8f9Xdes) 

[Подписаться на @truekpru](https://t.me/+p3pOHrMFlcI0NWRi)",,,
24719,"https://t.me/new_militarycolumnist/85793
**- 900 РПГ Panzerfaust 3 и 3000** **выстрелов к ним передано Украине.** 
Большая часть из них была любезно ""передана"" 210 батальоном ""Берлинго"" подразделениям 🅾️тважных, а остальные уничтожены.

@sashakots",,,
24720,"🅾️тважные благодарят жителей Польши Анну Гардоска и Денисенко Свята за предоставленную гуманитарную помощь: 200 наколенников, радиостанции и другая амуниция хорошо послужат на благо наших войск.

@sashakots",,,
24721,"В Горском подняли флаги России, ЛНР и батальона «Призрак», который когда-то создал Алексей Мозговой.

@sashakots",,,
24722,"**💬 ""Все оказалось изначально не так. Нас просто кинули!"", – украинские военные массово сдаются в плен

**Минобороны России показало кадры с украинскими военнослужащими, которые сдались в плен в ""Горском котле"".

[Подписаться на @truekpru](https://t.me/+p3pOHrMFlcI0NWRi)",,,
24723,**❗️Экстренное обращение заместителя руководителя Военно-гражданской администрации Херсонской области Кирилла Стремоусова**,,,
24724,"Российская артиллерия отрезает пути отступления из Лисичанска.

@sashakots",,,
24725,"Некоторое время назад, после массированных артналетов на Донецк, в сети появилось видео с жалобой местной жительницы на закрытый подвал. Каюсь, возмутился этой историей также, как и все. [Опубликовал ее](https://t.me/MakarenkoLive/3699) у себя

Подписчики попросили разобраться, так ли это. Разобрался

Подвал открыт и это вовсе не убежище, это частное предприятие. Что-то вроде швейной фабрики, как говорят жильцы. Но, несмотря на это, укрыться от обстрелов в помещение пускают всех, кто попросится. И пускали все эти годы. Местные жители подтверждают

@MakarenkoLive",,,
24726,"Первое боевое применение РСЗО HIMARS в зоне проведения СВО. Кто там говорил, что на обучение экипажей уйдут месяцы?

@sashakots",,,
24727,"Иностранные наемники в Северодонецке. Были. Успели унести ноги.

@sashakots",,,
24728,"**В США — не поедешь. В Европу теперь — только через Грузию.

**Поэтому если вы планируете попутешествовать в ближайшее время — держите в подписках [Travel Media](https://t.me/+KliUz1ZuSBpmYTYy). Там рассказывают про получение виз в разные страны и особенности въезда.

Как получить банковскую карту за границей всего лишь с помощью 1 документа, где проще всего получить шенген и как переводить деньги за рубеж — [здесь](https://t.me/+KliUz1ZuSBpmYTYy) есть вся необходимая информация.

Если вы путешественник, турист или мигрант — канал мастхэв: [Travel Media](https://t.me/+KliUz1ZuSBpmYTYy)",,,
24729,"⚡️Северодонецк - наш! 

По крайней мере об этом сообщает наш информатор в стане противника, главред Цензора Юрий Бутусов:

«Мы вышли из Северодонецка.  Сегодня ночью украинские подразделения организованно покинули часть промзоны Северодонецка.  На том участке фронта, где я находился, уход прошел под обстрелом, но без потерь.

Уходить горько, но это решение давно уже назрело…»

@sashakots",,,
24730,"📌Эксклюзив

Около недели назад американское издание The Washington Post написало, что украинские военнослужащие [испытывают трудности](https://t.me/vzglyad_ru/56167) с использованием ПТРК Javelin, поставляемых Вашингтоном.

И это, что не всегда свойственно американским СМИ, абсолютная правда. 

**""Привезли нам два ""Джавелина"". Пока мы их несли из машины, один сломали, а со вторым потом пытались понять, как стрелять. Кто по инструкции, кто ютуб смотрел. Английского никто не знает, а нам никто ничего не объяснил. Почухали бошки и разошлись. Вот и все иностранное оружие""** - рассказал один из украинских военнопленных, взятых еще в окрестностях Попасной.

Вот так вот. С одной стороны, очень смешно. А с другой - как-то и не до смеха.",,,
24731,"Долго не мог решиться выставить...
Мы зашли скрытно с фланга, он двигался первым и хотел их взять живыми, хотел что бы они жили..
""Добрый"",брат нам тебя не хватает... ты был лучшим.. не передать словами какая это потеря для нас... вечная тебе память...
В этот день мы сохранили им все таки жизни (6 человек взяли в плен) старший (шл..ха) подорвал себя гранатой (повезло что успел)
P.s. Родом из Грозного, по национальности Чеченец, у него осталось 5 детей... 
Рамзан Ахматович, от всего нашего подразделения, от всей разведки ЮВО, прошу Вас поддержать семью ГЕРОЯ !!!!
P.s. Я помню и всегда буду помнить как на первом выходе ты закрыл меня собой от мины... 😔",,,
24732,"Иногда создается впечатление, что админ незыгаревского @rusbrief - какой-то несмышленыш, который, как ребенок, тянет в рот любую каку, которая попадет в руки. Причем каку очевидную - с жовтоблакитным цветом и резким запахом диареи. Стыдно, товарищи.

@sashakots",,,
24733,"Лисичанск — сложная цель для лобового штурма. Город находится на возвышенности, застройка плотная. К тому же много промышленных зон, удобных для длительной обороны. Пять угледобывающих шахт, с десяток крупных заводов — от машиностроительного до фабрики технических тканей. По последним данным, в группировке ВСУ, дислоцированной тут, от пяти до семи тысяч человек.

Отступать, по сути, некуда. Как сообщил в четверг посол ЛНР в России Родион Мирошник, республиканская армия перерезала трассу Артемовск — Северск — Лисичанск. Это один из двух путей, по которым ВСУ перебрасывали подкрепления, продукты и боекомплект. Вторую трассу — из Артемовска через Соледар — взяли под контроль еще раньше. Положение украинской группировки из тяжелого превратилось в критическое.

https://ria.ru/20220623/lichichansk-1797608129.html",,,
24734,На подходе к противнику.,,,
24735,"От подписчиков: «Гаубичный дивизион передает соболезнования семьям погибших пограничников. Не забудем, не простим».

Накануне ДРГ противника атаковала Джавелином российский БТР в Белгородской области. Погибли четверо наших погранцов. 

«Это вам за пацанов!»

@sashakots",,,
24736,"Многие, увы, привыкли, что отечественный «журналист» — это 666-гендерное существо, поддерживающее террористов и топящее за капитуляцию перед Западом.

Но поколения сменились и в медиа пришла молодёжь!

Подписывайтесь на канал [«Злой пруф»](https://t.me/proofzzz) — его ведут люди, которых, как и вас, достало пораженчество и ультралиберальная пропаганда из дуды Дудя.

А здесь — борьба с русофобской дуростью и нормальные новости 👉 https://t.me/proofzzz",,,
24737,"**Все живы. Все здоровы. Груз передан!**

Продолжение видео с обстрелом. Груз мы передали Тоболу и его ребятам. Сбор был организован **военкором КП Александром Коцем**, за что ему отдельное спасибо!!

https://pobeda.onf.ru/ 

#МыВместе #ВсеДляПобеды",,,
24738,"Неделю назад наш гуманитарный склад в ДНР подвергся нападению. Тогда в складском комплексе постарали 6 человек, 1 погиб.

Сегодня, наши коллеги попали под минометный обстрел в ЛНР.

Они приехали передать гуманитарный груз для Тобола и его парней. Сбор для ребят был организован [Александром Коцем](https://t.me/sashakots), военкором [КП](https://t.me/truekpru).

Спасибо, что живы
Спасибо, что боретесь

Сборы в поддержку бойцов ЛДНР и мирных жителей Донбасса [продолжаются](https://pobeda.onf.ru/) 👈 тут

Видео [ЛИЦ](https://t.me/LIC_LPR) и [НФ](https://t.me/onf_front)",,,
24739,"13 июня 2022 года украинские боевики выпустили по Донецку более 300 снарядов. Это был один из самых мощных обстрелов за последние 8 лет. Военкор «КП» поговорил с отважным врачом Дмитрием Бессоновым, который в тот день своим телом закрывал детей от снарядов.

Это видео теперь [доступно и в английской версии](https://www.youtube.com/watch?v=2UOkwgb_EWY) на канале KP.RU в YouTube, чтобы и наши зарубежные зрители могли составить картину происходящего на Донбассе 

[Подписаться на @truekpru](https://t.me/+p3pOHrMFlcI0NWRi)",,,
24740,"⚡️⚡️⚡️Представители ОНФ попали под обстрел, вручая помощь, собранную для пушечного дивизиона ЛНР.

Для подразделения одного из героев моих репортажей Игоря «Тобола» от моего имени был организован сбор через проект Общероссийского народного фронта. Во время вручения под Северодонецком рядом раздались взрывы.

@sashakots",,,
24741,"В последнее время появляется все больше новостей об украинских котрабандистах, которые занимаются перепродажей вооружения и военной техники покупателям как [на самой Украине](https://t.me/tpnik/8070), так и [за ее пределами](https://t.me/infantmilitario/76802).

На этот раз [отличились](https://usionline.com/odessa-sbu-razoblachila-shemu-hishhenija-komplektujushhih-k-samoletam-vsu-video/) в Одессе, где на одном из оборонных заводов раскрыли схему по хищению комплектующих к авиадвигателям для нужд ВСУ. Оказывается, руководство госпредприятия “списывали” запчасти как непригодные к использованию и складировали их на территории завода с целью дальнейшей реализации. По предварительным оценкам, сумма только конфискованных деталей (без учета уже проданных) составляет 10 млн грн.

Учитывая то, что такие хищения происходят во время активной фазы боевых действий на уровне государственных оборонных предприятий “незалежной”, остается только догадываться, как скоро и в каком месте мира окажется оружие, в том числе западное, бесконтрольно попадающее в батальоны теробороны и другие подразделения ВСУ.

@sashakots",,,
24742,"Вот что значит, когда подразделение оснащено хорошей беспилотной техникой. Оператор группировки «О» наблюдает смену противника у железной дороги за Мирной Долиной, заблаговременно предупреждая наземные силы.

@sashakots",,,
24743,"Говорят, из Золотого голубиной почтой отправлено представление на массовое награждение захистников новой наградой.

@sashakots",,,
24744,"Один из укрепрайонов противника в Лисичанске тщательно изучается с воздуха. Промзона в восточной части города.

@sashakots",,,
24745,"⚡️**Если у вас есть смартфон или ПК, **вы обязаны знать об этом:

**Можно смотреть платный контент без подписки.** Нужно лишь знать как правильно использовать **""баг с точкой""** в адресной строке.

**Пароль Windows обходится при помощи обычной флешки!** Установили программу → вставили USB-носитель. Готово!

**На любом сайте можно зарегаться без пароля и логина.** Нужно лишь знать комбинацию, которую прячут производители.

📌 Автор канала [«Нажми Enter»](https://t.me/+OrcA-XtwL6UyMzJi) уже 5 лет ищет «дыры» в приложениях и веб-сервисах, а все находки публикует  оперативно.

Если вы хотите юзать интернет на 110% ─ **подписка обязательна:** [@PushEnter](https://t.me/+OrcA-XtwL6UyMzJi)",,,
24746,"Окружение украинских группировок в Лисичанске и Золотом, это уже факт. Как факт и массовая сдача в плен бойцов ВСУ. Видео полно. Пачками сдаются мобилизованные, необученные мужики, которые не ели по три дня и которых бросили командиры.

И я даже читаю у некоторых коллег, что это приведёт к перестановкам в военно-политическом руководстве Украины и, возможно,  эффекту домино на фронте. Это иллюзия. Не произойдёт ни того, ни  другого.

Украинская власть не принадлежит сама себе. Кто останется, а кто уйдёт решают в Лондоне и Вашингтоне. За военными и политиками стоят разные внешние кураторы. Поэтому сделать крайним за поражения, скажем, начальника Генштаба, Зеленский может и хотел бы. Но не ему решать. Тут уж как взрослые договорятся, так и будет. 

А эффект домино возможен, только если украинские солдаты узнают о котлах и потерях. Но они этого не узнают никогда. Равно, как и украинцы в целом. Какие котлы? Там более 60 процентов населения уверены в победе над Россией др конца лета. Информационный зонтик над Украиной очень  и очень плотный. 

Да, есть те, кто читает российский сегмент Телеграма или российские новостные сайты. Но их мало, потому что люди просто боятся. 

Пока украинцев кормят пропагандистским дерьмом про то, что русские солдаты мародерят электрочайники без подставок, потому что никогда не видели раньше чайники и не понимают, как они работают, а украинцы это все радостно потребляют, ничего никуда не посыпется.
Так и будут, до последнего украинца.


https://t.me/voenacher/22859",,,
24747,"**А что говорят и - что важнее - КАК МОЛЧАТ о специальной военной операции известные и не очень люди?
**Сделали несколько телеграм-каналов, где учитывают всех и каждого:

[✔️](https://t.me/OniMolchat80)[Инженеры человеческих душ | Спецоперация](https://t.me/IngSVO) - писатели, политологи, политтехнологи и прочие инженеры про СВО

✔️[Кино | Спецоперация](https://t.me/KinoSVO) - что думают о СВО люди, которые делают наше кино

✔️[МОЛЧАНИЕ И ГНЁТ | Спецоперация](https://t.me/OniMolchat80) - деятели культуры, политики, журналисты и прочие, которые ничего не говорят про СВО на Украине

✔️[Рокапоп и шансон | Спецоперация](https://t.me/muzikSVO) - те, кто делает нашу музыку тоже имеют СВО-мнение

✔️[Инсталюди | Спецоперация](https://t.me/InstaSVO) - мнения о СВО из этих ваших инстаграмов. Много красивых женщин",,,
24748,"#эксклюзив

Лисичанский желатиновый завод - противник подвозит боеприпасы и думает, что об этом никто не узнает. Но от всевидящего ока Отважных не скрыться.

@sashakots",,,
24749,"Под солнцем горячим, под ночью слепою 
Немало пришлось нам пройти. 
Мы - мирные люди, но наш бронепоезд 
Стоит на запасном пути! 

Кадры патрулирования спецпоезда «Волга», созданного военными железнодорожниками Западного округа.

@sashakots",,,
24750,"Мариуполь - Сталинград этой войны. И не только по масштабам разрушений. После капитуляции гарнизона Азовстали в рядах ВСУ произошел психологический надлом, как и в гитлеровском войске в январе-феврале 1943-го. И те, и те впервые столкнулись с по-настоящему серьезным поражением. Германия потеряла 6-ю армию и безоговорочную веру в победу, Украина – 400-тысячный город с развитой промышленностью и морским портом. А вместе с ним – и все побережье Азовского моря.

Разумеется, массовая гибель и сдача украинских силовиков в плен не могла не сказаться на морально-психологическом состоянии их братьев по оружию. В соцсетях одно за другим появляются видео, на которых украинские военные целыми подразделениями записывают обращения к своему командованию, жалуясь на некомпетентность и безразличие офицеров, нехватку БК, бронежилетов, сухпайков, медикаментов, топлива.

Конечно, в основном это наспех мобилизованные призывники из войск территориальной обороны, не прошедшие должную подготовку. Они оказались не готовы к повседневной фронтовой мясорубке, в которую их бросил Киев. Многие из теробороновцев сдаются в плен, или бегут. Так 115 бригада, выдернутая на фронт из под Житомира, оставила свои позиции в полном составе. Решили не умирать за этот далекий, непонятный Донбасс. 

В украинской армии еще много профессиональных солдат, обученных воевать западными инструкторами. Их Киев, в отличие от теробороновцев, пока бережет. Это хорошо экипированные и вооруженные специалисты с высокой мотивацией. Но даже их, наверное, проняло, когда на Азовстали оружие массово сдавала элитная 36-я бригада морской пехоты, а более 800 «уберменшей» из «Азова» покорно грузились в автобусы для пленных. 
Даже у профессионала это может вызвать определенные вопросы к своему командованию и руководству своей страны. Которое неделями врало про «город под нашим контролем», «мы деблокируем нашу группировку», «Азовсталь сможет обороняться годами» и лихорадочно придумывало другие виртуальные перемоги.

Именно после полного освобождения Мариуполя, когда очевидный факт потери города признали украинские власти и СМИ, противник дрогнул. А наши наоборот - получили +100 к боевому духу. Сначала на севере ДНР армия за несколько дней срезала «светлодарский выступ» - плацдарм ВСУ, с которого артиллеристы восемь лет обстреливали Дебальцево и окрестности. Под ударами союзных войск украинцы дрогнули и оставили Светлодарск без боя. Затем в ЛНР противника загнали в промзону северодонецкого ""Азота"" и окружили серьезную группировку в Лисичанске. Освобождение этого города, по факту, станет завершающей операцией в деле освобождения всей территории бывшей Луганской области. Возможно, серьезная движуха скоро начнется и на юге. Даже Арестович чот приуныл.

Мариуполь надо обязательно восстановить. На ближайшее десятилетие эта цель должна стать нацпроектом, общим делом огромной страны. Как когда-то всем Союзом строили заново Сталинград.",,,
24751,"**‼️ Пленный из котла: ""Я познакомился с 🅾️тважными, после того как они практически полностью уничтожили мое подразделение""

**Пленный из окруженной в Горском группировки ВСУ рассказывает про встречу с ""Отважными"" и про ненависть к своим командирам. 

Бойцы ВСУ, запомните - увидел 🅾️, значит либо плен, либо смерть.
#эксклюзив с фронта

**t.me/RVvoenkor**",,,
24752,"🇷🇺🇺🇦 Военкор **Александр Коц ****@sashakots** [опубликовал](https://t.me/sashakots/33879) кадры точного поражения укрытий ВСУ российскими барражирующими боеприпасами в окрестностях села **Берестовое** на Соледарском направлении.

Наша команда определила точное место съемки: уничтоженные украинские позиции были расположены у моста путепровода между Белогоровкой и Берестовым.

Видео в очередной раз подтверждает, что снабжение Лисичанской группировки ВСУ по трассе от **Бахмута (Артемовска)** фактически невозможно.

**Координаты:** `48.741669, 38.231049`

#Луганск #Россия #Украина
@rybar

__*Поддержать нас:__ `4377 7278 0407 7977`",,,
24753,"В Лисичанске ВСУ по традиции занимают промзоны, выстроенные еще при Союзе. И, естественно, завязанные когда-то на Россию. 

Вот Лисичанский желатиновый завод. Сухие строки из Википедии как портрет истории всей украинской промышленности.

«До 2014 года 70% сырья завод закупал в России, но после начала боевых действий весной 2014 года закупки сырья в России были запрещены и завод переориентировался на местное сырьё, однако после вспышки африканской чумы свиней в январе 2017 года положение предприятия осложнилось...»

@sashakots",,,
24754,"Вроде солнечно, а ""осадки"" всё равно прилетают. Грибным не назовёшь.",,,
24755,"**""Просим вас вывести нас из вероятного окружения"".

**Очередные нытки подъехали.
На этот раз 3-я тактическая рота батальона оперативного назначения НГУ. Обороняются под Северодонецком. Из их спича можно узнать, что:

1. Ранее действовали под Киевом, а потом их перебросили под Северодонецк.
2. Командование полностью некомпетентно, доверия к командованию нет.
3. Батальон не получает необходимого обеспечения и артиллерийской поддержки.
4. Позиции правильно не обустроены, что мешает выполнению боевых задач.
5. ВС РФ и армия ЛНР имеют превосходство в несколько раз.
6. Рота понесла потери убитыми и ранеными. Моральный дух совсем упал.
7. Просят убрать их с фронта и вывести из образующегося Северодонецкого котла.

Это к вопросу о заявлениях МО РФ о падении морального духа в частях ВСУ под Северодонецком и Артемовском.
Вот и иллюстрация подъехала - фактически тезисами из сводки Конашенкова шпарят. 😀

А все почему? Просто посидели некоторое время под нашей артой.",,,
24756,"Мой брат [Вова](https://vk.com/agranovichvladimir) сделал видео на стихи Дмитрия Мельникова в честь погибших солдат, которые освобождали Мариуполь

«__Я не умер, я сплю 
И к моим сапогам, подступает Азовское море»

__Смерти нет__. __Вечная память.",,,
24757,"Под Лисичанском продолжает затягиваться петля на шее нацбатов и тероборонщиков. 

Отступая вооруженные формирования минируют дороги, поля, лесные тропы. Но саперы 🅾️тважных обеспечивают быстрое продвижение союзных сил, разминируя все ""подарки"" противника.

@sashakots",,,
24758,"**⚡️Друзья, прошу вашего внимания!** 

Очень рекомендую поддержать канал [«Война с фейками»](https://t.me/+isoeDCFk3h5iNjQ6),  который ежедневно [разоблачает](https://t.me/+isoeDCFk3h5iNjQ6) фейки украинской и западной пропаганды. Без них отличить правду от лжи было бы почти невозможно! 

**Благодаря **[**«Войне с фейками»**](https://t.me/+isoeDCFk3h5iNjQ6)** вы узнаете, что сейчас происходит на освобождённых территориях и в России, чей самолёт сбили на самом деле и как двуличны западные политики! 

Поддержите**: [👉Подписаться👈](https://t.me/+isoeDCFk3h5iNjQ6)",,,
24759,"Захистник приехал в Киев после четырех месяцев на фронте, а ему на улице указывают на каком языке говорить. Кажется, они начинают догонять, что не на той стороне воевали)

@sashakots",,,
24760,"**❗️Серия ударов нанесена по Чугуеву в Харьковской области

**💬__«Артиллерийские прилеты в Чугуеве Харьковской области. Начался пожар»__, — рассказал источник «Иди и смотри».

Чугуев — это стратегическая база ВСУ. В городе размещен аэродром, радиолокационные, ракетные части, а также силы ПВО. 

В первый день российской спецоперации большинство военных частей в Чугуеве были выведены из строя, но недавно некоторые объекты были восстановлены.

**__@smotri_z__**",,,
24761,"Глава Первомайска рассказал об обстрелах города, которые приходятся в том числе на пункты раздачи гуманитарной помощи. 

@sashakots",,,
24762,"Фото дня! Площадь ДНР у посольства США в Москве.

@sashakots",,,
24763,"#эксклюзив

Атака позиций нацбатов дронами-камикадзе у моста в районе нп Берестовое.

Видео с самих дронов последует.

@sashakots",,,
24764,"⚡️**Внимание**⚡️
[Народная CyberАрмия](https://t.me/+KXlpQZXFSqo0NWI8) - **группа** **патриотов, которые решили помочь своей стране, борясь с украинской пропагандой в интернете. Они** **организуют DDoS-атаки и взламывают вражеские сайты. Ведется набор в команду, достаточно иметь телефон или компьютер, а дальше обучат.** 

👉**Присоединяйся и поддержи наших ребят
**https://t.me/+KXlpQZXFSqo0NWI8",,,
24765,"После зачистки н.п. Тошковка,  ВС РФ совместно с силами НМ ЛНР, продолжили наступление по направлению к Лисичанску, войдя в населённый пункт Белая Гора - ближайший пригород Лисичанска на юго-востоке. 

Белая Гора, расположенная на относительной возвышенности, имеет важное «физическое» значение для расширения плацдарма союзных сил.

Параллельно с этим бои идут в районе населённого пункта Рай-Александровка. 

Приходят сообщения, что сопротивление украинских формирований по направлению Врубовка – Рай-Александровка сломлено. Взятие Рай-Александровки позволит закрыть «крышку котла» для группировки противника в Горском и Золотом, где могут находится от двух до трёх тысяч украинских боевиков. 

@epoddubny",,,
24766,"Ускоренной процедуры по вступлению Украины в ЕС не будет, заявил министр-делегат по европейским делам при МИД Франции Клеман Бон в интервью радиостанции Europe 1.

""Завтра или послезавтра мы предоставим Украине статус кандидата на вступление в ЕС. Это будет начало долгого переговорного процесса с определёнными условиями… Никакой ускоренной процедуры не будет, никаких исключений"", - заявил Бон.

**Турция, к примеру, кандидат с 1999 года)

****@sashakots**",,,
24767,"«В 4:00 противник начал артиллерийский обстрел восточной окраины гор Бреста. Вскоре огонь был перенесен на крепость и северный городок... ...Поступили сведения о потерях убитыми и ранеными, о потерях материальной части. Точных данных не имеется, так как связи с частями не имеется».

С этого политдонесения началась героическая оборона Брестской крепости - одной из первых принявшей удар фашистов 22 июня 1941 года. Впереди было еще 1418 дней страшной войны, которая унесла жизни более 20 миллионов человек.

@sashakots",,,
24768,"⚡️Новошахтинский нефтеперерабатывающий завод в Ростовской области **атакован дроном-камикадзе. **Кадры взрыва после атаки беспилотника присылают подписчики. Официально не подтверждено.

@sashakots",,,
24769,"⚡️**Под Камышевахой полк Кадырова** **взял в котёл 24 бригаду ВСУ. 

**Сдаваться в плен они не захотели, за что и поплатились своими жизнями. **24 бригада **полностью уничтожена. Очень жёсткие кадры с Попасной в закрытом канале [**Прямой Эфир**](https://t.me/+9jWcYyq_710xNGZi). Слабонервным просьба не смотреть.",,,
24770,"1418 свечей зажгли на площади у главного храма ВС РФ в Подмосковье

[Подписаться на @truekpru](https://t.me/+p3pOHrMFlcI0NWRi)",,,
24771,"Бои за Тошковку, 19 июня. Сейчас она контролируется русскими силами.

@sashakots",,,
24772,"Одному - 46 лет, второму - 55. Вот таких захистников Киев гонит на один из самых сложных участков донбасского фронта, под Лисичанск. Взяты в плен в Мирной Долине бойцами 90-й гвардейской танковой дивизии.

@sashakots",,,
24773,"Кстати, чтоб вы понимали, дым стеной на этих кадрах - это уже Лисичанск.

https://t.me/sashakots/33847",,,
24774,"#эксклюзив
Эпичные панорамные кадры боев на направлении Мирная Долина - Лисичанск.

@sashakots",,,
24775,"В дополнение к https://t.me/boris_rozhin/54502

1. От Устиновки наши войска продвинулись на 2 километра к Белой Горе.
2. Также наши войска закрепились в Мирной Долине.
3. Кроме того, войска продвинулись у железной дороги и зашли в Подлесное.
4. Сопротивление противника было минимальным. Часть сил противника отошла к Лисичанску, часть к Артемовску, где готовятся к обороне. 
5. Передовые позиции ЧВК «Вагнер» на вечер 21 июня находились уже в 5 км от Артемовска.",,,
24776,"Остров Змеиный, Одесса и черноморские нефтегазовые поля.

**Что произошло?

**20 июня были осуществлены ракетно-артиллерийские и ракетно-авиационные обстрелы острова Змеиного с черноморского побережья Одесской области, а также три ракетных удара по буровым вышкам «Черноморнефтегаза», находящимся примерно в 85 км от предполагаемых огневых позиций ВСУ.

Развёрнутые на Змеином батареи зенитных ракетно-артиллерийских комплексов «Панцирь-СМ» и ЗРК «Тор-М2У» смогли парировать удар, перехватив большинство запущенных украинскими формированиями реактивных снарядов. К сожалению, атакованные платформы и обслуживающий персонал постигла более печальная участь: трое раненых и семеро пропавших без вести при выведении из строя как минимум одной платформы.

**Как это произошло?

**Вполне очевидно, что высокоточный удар по удалённым на 85 км от подконтрольной ВСУ береговой линии Одесской области буровым вышкам мог быть нанесён лишь тремя береговыми огневыми средствами. Во-первых, это могут быть береговые противокорабельные ракетные комплексы большой дальности РК-360МЦ «Нептун». Во-вторых, аналогичные комплексы Harpoon с радиусами действия 220 и 280 км соответственно, которые поставляют Дания и США. Возможно также применение ударно-разведывательных БПЛА Bayraktar TB2 c задействованием управляемых боеприпасов MAM-L.

Учитывая тот факт, что ещё за двое суток до инцидента в 150 км южнее Змеиного наблюдалась повышенная активность разведывательных БПЛА Global Hawk и самолётов радиотехнической разведки Rivet Joint ВВС США (об этом говорят данные Flightradar24), нетрудно прийти к выводу, что перед нанесением удара операторы украинских Harpoon и «Нептунов» полагались на предоставляемые этими разведбортами гарантии отсутствия возле буровых вышек фрегатов ПВО класса «Адмирал Григорович», способных отразить удар.

Позднее по позициям участвующих в ударе украинских ПКРК и пункту боевого управления Bayraktar возле аэродрома Школьный в Одесской области был нанесён ответный удар сверхзвуковыми противокорабельными ракетами «Оникс» с западного побережья Крыма, что позволило приступить к эвакуационным и поисково-спасательным работам на объектах.

**Как предотвратить такие атаки в дальнейшем?

**Предупредить и купировать подобные атаки можно, во-первых, благодаря развёртыванию возле буровых платформ пары фрегатов ПВО проекта 11356 «Буревестник», оснащённых шестиканальными ЗРК «Штиль-1». Во-вторых, благодаря регулярному дежурству самолёта радиолокационного дозора А-50У, который бы обнаруживал приближающиеся украинские Harpoon и «Нептуны», а затем выдавал целеуказание истребителям Су-30СМ морской авиации Черноморского флота.

Невзирая на полное выведение из строя надводной части ВМСУ и самолётов морской авиации Украины ещё в первые дни специальной военной операции, их береговая противокорабельная компонента продолжает функционировать и насыщаться современными противокорабельными средствами.

Это и мобильные пусковые установки противокорабельных ракет Harpoon и «Нептун», способные менять позиции сразу после залпа нескольким ракетами, и аналогичные мобильные пусковые установки более перспективных малозаметных британских ПКР Sea Venom («Морской яд»). Для их обнаружения и перехвата на больших дистанциях необходимо задействование истребителей Су-35С, оснащённых более мощными бортовыми радарами «Ирбис-Э».

**Почему важен контроль над островом Змеиным?

**Наличие подразделений морской пехоты и береговых ПКРК на Змеином важно потому, что это даёт возможность оперативного контроля всех морских транспортных путей в северо-западной части Чёрного моря. А кроме того, это позволяет уверенно контролировать нефтегазовые поля одесского и крымского шельфов.

@milchronicles",,,
24777,"📸 **“Донбасс Арена” в дыму**:** фоторепортаж с места событий

Обстрел Киевского района** со стороны ВФУ **продолжается**. Как сообщает **Штаб теробороны**, за полчаса украинские боевики с позиций в Авдеевке **выпустили более 20 снарядов калибра 155 мм.

**В результате обстрела **мирная жительница 67 лет получила осколочные ранения** шеи, бедра и передней брюшной стенки. 

**Повреждены дома по Киевскому проспекту**, разрушены несколько квартир. **Под удар попал и парк у стадиона “Донбасс Арена**”, загорелась трава, сообщает корреспондент “**Донецкого времени**” Давид Худжец с места событий. По его словам, сам стадион цел, но обстрел продолжается.

Предложить новость: @dontime_bot",,,
24778,"Минобороны России публикует кадры объективного контроля уничтожения огневых позиций 155-мм гаубиц М-777

Такими гаубицами производства США с начала лета разбивают Донецк

@MakarenkoLive",,,
24779,"#эксклюзив
Подразделения группировки «О» совместно с силами ЛНР зачистили Тошковку и двигаются в сторону Мирной Долины, демилитаризируя артиллерией позиции противника.

@sashakots",,,
24780,"– Сэр, бунт на корабле!
– По какому поводу?
– Кто-то недоволен отсутствием сахара, кому-то масло не довезли, а некоторые по старинке требуют больше гречки.

Примерно такой расклад сейчас на судне под названием «Земля». Но отставить панику, капитан [Ритейлер Свифт](https://t.me/retailerswift) на опыте разрулит любую ситуацию и достанет из трюмов ответы на вопросы о том, почему европейцам вдруг стало [не хватать](https://t.me/retailerswift/2584?single) масла и муки, а русские внезапно [переключились](https://t.me/retailerswift/2260) на сахар.

Будь у штурвала вместе с @retailerswift, тогда при первом же шторме тебя вряд ли выкинет за борт.",,,
24781,"Накануне очередной годовщины начала Великой Отечественной войны стало известно, что Германия предоставит Украине 30 зенитных самоходных установок Gepard, систему ПВО IRIS-T, РСЗО Mars и еще целый ряд вооружений.

Для обеспечения помощи Украине Германия увеличила бюджет на 2 млрд евро.

Кроме того, в списке 3000 ""Панцерфаустов"", 14900 противотанковых мин, 100 000 ручных гранат, 23 тысячи касок, запчасти к Миг-29, 10 тысяч артснарядов и 53 000 снарядов для зениток.

**Немецкой оружие снова идет на Украину убивать русских солдат.**

@sashakots",,,
24782,"Интересно. 

Освобождённым городам, по сути дела, никакой пропаганды не надо. 

Они сидят в интернете под украинскими обстрелами, читают «наподдаете ещё, там людей не осталось» и тихо звереют. 

Впервые за долгие годы они видят соотечественников такими, какими те на самом деле являются. 

И увиденное даже не плохо. Оно омерзительно. «Как же так? Почему они смеются? Ведь мне же больно!», - недоумевают люди. 

И в этот самый момент они становятся дончанами. Испытав весь спектр эмоций 2014-го, украинцами остаются лишь душевно больные. 

И ладно бы власть! Она бесчеловечна и аморальна. Аморальна и точка, да. Сосед! Практически родственник, а туда же!

Так, ребята, лечится социальный цинизм. Так украинец становится дончанином.

Паршиво, кстати, что именно так.",,,
24783,"«Злые языки» утверждают, что на фото разбитого Россией «продовольственного склада» в Одессе - не сахар и даже не мука. А блоки неуправляемых авиационных ракет УБ-32 и Б-8В20А. Наговаривают наверно 😉

https://t.me/sashakots/33821",,,
24784,"Грачи ВКС России работают на Авдеевском направлении

@MakarenkoLive",,,
24785,"Во-первых, это красиво. Штурмовики Су-25 в небе над Донецком.

@sashakots",,,
24786,"Идёт работа нашей артиллерии по позициям националистов в районе Угледара. 

На первом видео-работа наших  САУ «Акация» по укрепам нацистов.
На втором-съёмки мирных жителей самого города. Где снаряды попали точно в цель в район шахты где засели нацисты.",,,
24787,"Очередная находка 🅾️тважных. Обычная карточная игра для украинских детей...

И в то время пока Киев продолжает заявлять, что на Украине фашизма нет, украинские дети могут почувствовать себя командиром одной из дивизий СС...

@sashakots",,,
24788,"Тем временем вещание российского телевидения полностью налажено на всей территории Херсонской области.

Специалистами подразделений связи Вооружённых Сил РФ подключена и перенастроена на вещание  российских каналов последняя из семи телевизионных вышек в Херсонской области.  

Это подключение позволило охватить вещательной сетью всю область и транслировать 24 российских телеканала по всей ее территории. 

@sashakots",,,
24789,"#эксклюзив
Очередная партия интересных секретных документов СБУ из Мариупольского управления. Речь пойдёт об обороте радиоактивных веществ и источников ионизирующего излучения (далее ИИИ) на Украине. В шифротелеграмме №154 областное СБУ признаёт, что ИИИ попадают в незаконный оборот с ликвидированных предприятий и некоторые материалы были утрачены в связи с нарушениями порядка обращения с ИИИ. Это является угрозой для населения и интересов безопасности государства. В связи с этим СБУ планировали усилить контроль за этими элементами и предприятиями. Вопрос только в том, почему актуальность этого вопроса встала только в 2022-м году? Не связано ли это с интересом офиса Зеленского к восстановлению ядерного потенциала или, хотя бы созданию «грязных» бомб, о чём Зеленский заявлял 19 февраля 2022 года?

Продолжение текста и документы СБУ по [этой ссылке в Телеграф](https://telegra.ph/SHifrotelegrammy-SBU-po-teme-VPK-i-popytok-vyvoza-radioaktivnyh-materialov-06-17).

@NeoficialniyBeZsonoV",,,
24790,"**Устали читать лживые новости и псевдо-аналитику от мусорных каналов и невнятных источников в телеграме?

**Обратите внимание на канал [Подъем](https://t.me/pdmnews) от команды Сергея Доренко. Они работали с легендой российской журналистики на радио РСН и «Говорит Москва». Сейчас свой огромный опыт редакция ежедневно использует, формируя картину дня из главных новостей и данных от первоисточников.  

**Подписаться – ****@pdmnews**",,,
24791,"🇷🇺🇺🇦 Сегодня военкор **Александр Коц ****@sashakots** [опубликовал](https://t.me/sashakots/33773) кадры высокоточного удара ВКС РФ по объектам ВСУ на **Бахмутском направлении.**

Нашей команде удалось найти и геолоцировать уничтоженные украинские позиции с видео. Ракеты поразили строения в селе **Веселое** к северу от трассы Соледар — Лисичанск, около которой продолжаются бои.

**Координаты:**
➖`48.744628, 38.153809`
➖`48.744927, 38.156076`

Судя по индикации на экране, удар был нанесен новым авиационным боеприпасом с наведением от БЛА. Предположительно это могла быть [легкая многоцелевая управляемая ракета (ЛМУР](https://bmpd.livejournal.com/4378732.html)), известная также, как «Изделие 305».
#Донецк #Россия #Украина
@rybar

__*Поддержать нас:__ `4377 7278 0407 7977`",,,
24792,"Украинские СМИ публикуют фото российского удара по «складу продовольствия» в Одессе. Не разберу, у ноги правого пожарного - это мука или сахар?

@sashakots",,,
24793,"Приветы с фронта. 
Артиллеристы русских сил с уверенностью смотрят в будущее и передают привет родственникам и знакомым.

Свои приветы присылайте на @sasha_kots",,,
24794,"Допрос оператора NLAW нашими разведчиками ЮВО.

Вот видно, что человек искренне хочет помочь, рассказать, разъяснить. 
Чуть раньше разведчики публиковали видео, снятое сразу после пленения этого украинского бойца.

Тоже, восхитительное зрелище.
Вообще, не понимаю, отчего у канала совершенно реальных, героических разведчиков так мало подписчиков. Олег странно.

Вам практически в режиме сериала выдают потрясающее, реальное видео с фронта. Причём, у автора (не знаю в каком он звании, но режиссёр он отменный), отличное чуство юмора (местами черного) и с иронией все отлично. 

И вообще, очень хорошо, что все больше боевых подразделений заводят свои ТГ каналы. Мы наконец-то видим реальных людей, рабочих войны. Настоящих профессионалов.

https://t.me/razvedkavpered/52",,,
24795,"НЕ РЕКЛАМА 

Парни находятся на СВО
1 из немногих каналов на которые я [подписан](https://t.me/+2JSDMSwdCxczNzhi) давно, наши камрады, весь контент от первого лица с [места](https://t.me/+2JSDMSwdCxczNzhi) событий, качественный материал, поддержите парней 🇷🇺🤙🏻 

https://t.me/+2JSDMSwdCxczNzhi",,,
24796,"Донецк. Сегодня

@MakarenkoLive",,,
24797,"Воронка от сегодняшнего прилета по Донецку. Фото @truekpru

@sashakots",,,
24798,"Удар по газовым вышкам, к слову, это тоже из истории максимального информационного эффекта при минимальных затратах. И тут, конечно, странно наигранно удивляться и возмущаться. 

Мы накрываем их инфраструктуру по всей стране. Разумеется они будут отвечать туда, куда могут дотянуться. Не критично, но для инфоперемоги пойдет. 

Они и по мосту рано или поздно ударят, поверив, что ответка будет в рамках обычного. Не разрушат, конечно. Может даже не сильно повредят. И тут даже удары по «центрам принятия решений» не решат, хотя они и назрели.

Пока не отодвинется фронт, в том числе и от Донецка, на расстояние, превышающее максимальную дальность полета ракеты, это будет повторяться. Или пока ракеты не кончатся. 

https://t.me/sashakots/33810",,,
24799,"Многие подписчики просят высказаться по поводу Тайры. У меня никаких инсайдов на ее счет нет. И оперировать я могу только версиями, прозвучавшими в Телеграме. 

Если это действительно мутный договорняк с целью вытащить чеченского (или какого бы то ни было другого) мажора , то это свинство. И по отношению к нашим пленным, которые заслужили того, чтобы их вытаскивали в первую очередь. И по отношению к тем, кто Тайру эту брал в плен.

Чеченская сторона эту версию опровергает. Но в любом случае, замалчивание и отсутствие официальной реакции в очередной раз сыграли на руку украинской пропаганде, которая, похоже, научилась достигать максимального информационного эффекта минимальными средствами. Пользуясь «национальными особенностями российской политики».

Подобрали фигуру, которая вызовет взрывной эффект. И не прогадали - те, кто должен объяснять, молчат, в Телеграме праведный гнев, лихие в прошлом командиры полоскают отечественных «пропагандонов» (ну а кто ж еще виноват, до них проще всего дотянуться), хохлы в выигрыше и там, и там.

Это, к слову, не единичный случай. Обо всех обменах мы узнаем исключительно с украинской стороны. И в итоге не знаем, кого вернули домой. И кого отдали.

@sashakots",,,
24800,"**Последствия сегодняшних обстрелов Донецка снял военкор ""КП""** **Алексей Овчинников

**Более 2,5 тысячи жителей Куйбышевского района Донецка остались без электричества из-за обстрелов со стороны ВСУ, сообщили в Штабе теробороны ДНР.

[Подписаться на @truekpru](https://t.me/+p3pOHrMFlcI0NWRi)",,,
24801,"Ещё раз для тех, кто ну совсем не в зуб ногой. Если обстрелы выгодны Киеву и откровенно вредят Москве, то кто ж, блин, обстреливает? 

Это не говоря уж о том, что я прекрасно слышу, что и откуда летит.

https://t.me/sashakots/33801",,,
24802,"#эксклюзив
Наши штурмовики работают по позициям ВСУ с которых ведётся обстрел Донецка. Отлично! Желаю нашим пилотом удачно отработать цели и вернуться домой. Видео снял сотрудник Министерства информации ДНР [Витторио Ранжелони](http://t.me/vn_rangeloni). 

@NeoficialniyBeZsonoV",,,
24803,"💬 __Сегодня украинские войска нанесли удар по буровым платформам ""Черноморнефтегаза"", спасены 5 человек, 3 из них ранены, поиски остальных продолжаются,__ [заявил глава Крыма](https://t.me/kpruvideo/911) **Сергей Аксенов.

**[Подписаться на @truekpru](https://t.me/+p3pOHrMFlcI0NWRi)",,,
24804,"#эксклюзив

Окраины Лисичанска со стороны позиций группировки Отважных.

@sashakots",,,
24805,"Верифицированный канал Украины в Инстаграме сообщает, что это обстрел в Калининском районе Донецка. И это «ад, в котором украинцы живут каждый день». 

Русские, дескать, «обстреливают оккупированные территории региона и возлагают вину на украинские войска».

Г - Говноеды.

@sashakots",,,
24806,"Высокоточной ракетой «Оникс» берегового ракетного комплекса «Бастион» нанесен удар по аэродрому АРЦИЗ Одесской области. Уничтожена станция управления беспилотными летательными аппаратами «Байрактар ТБ2» и два беспилотных аппарата этого комплекса на земле.

Видео от подписчика для привлечения внимания -  «Бастионы» едут по Севастополю.

@sashakots",,,
24807,"**Екатерина Губарева назначена заместителем руководителя ВГА Херсонской области

В четверг, 16 июня, Екатерина Губарева вступила в должность замглавы ВГА Херсонской области. Также она будет курировать цифровое развитие региона, связь и вопросы правового регулирования.** 

Екатерина Юрьевна Губарева – наша землячка, уроженка Каховки. Имеет два высших образования — в области IT и госуправления. 

С 2014 года активно участвовала в событиях Русской весны в Донбассе. Работала министром иностранных дел ДНР (2014), депутатом Народного Совета ДНР I созыва (2014–2018), помощником председателя правительства ДНР (2018–2019). Автор ряда законов и законопроектов ДНР. В 2020–2021 годах руководила проектами в сфере цифровизации в одной из IT-компаний.

Замужем. Мать троих детей. 

За свою общественно-политическую позицию с 2014 года находится в санкционных списках США, ЕС и их сателлитов.

#ВГА_Херсон
@VGA_Kherson",,,
24808,"Институт изучения войны сообщает, что российские силы, ""вероятно, проводят артиллерийские обстрелы под чужим флагом по удерживаемой Россией территории"". 

Так по-английски звучит фраза «обстреляли сами себя».

@sashakots",,,
24809,"Заключительная часть анализа польско-украинских отношений от бойцов Группировки Отважных на основе найденных в школах учебников. 

«И пришли мы к настоящему времени. Что же происходит сейчас?!» [Часть 3](https://telegra.ph/Istoriya-Ukrainy-CHast-3-06-16)

[Начало](https://t.me/sashakots/33780)
[Часть 2.1](https://t.me/sashakots/33783)
[Часть 2.2](https://t.me/sashakots/33789)

@sashakots",,,
24810,"Школа (продолжение, предыдущих постов, в котором бойцы СВО анализируют историю польско-украинских отношений по найденным в школах незалежной учебникам) [Часть 2.2](https://telegra.ph/Istoriya-Ukrainy-CHast-22-06-16)

@sashakots",,,
24811,"Продолжение предыдущего поста, в котором бойцы СВО анализируют польско-украинские отношения на основе найденных учебников. 

Итак, наигравшись в садике в настольные игры идём в школу!  Напоминаю рассматриваем 20 и 21 век. 

Поехали: [Часть 2.1 (школа](https://telegra.ph/Istoriya-Ukrainy-CHast-21-SHkola-06-16))

@sashakots",,,
24812,"За время работы в СВО часто удивляла разносторонняя информированность наших бойцов и их живой интерес к познанию нового. Вот парни из группировки Отважных проанализировали польско-украинские отношения на основе учебников и артефактов, которые находили в ходе операции в садиках и школах.

«Сергей Лавров посоветовал президенту Польши Дуде, сравнившему Владимира Путина с Гитлером - учить историю своей страны. 
А мы хотим помочь президенту Украины Зеленскому с этим нелёгким предметом. Но с одной оговоркой. Будем изучать историю по украинским учебникам. Может поймёт, почему с началом СВО польские дипломаты начали активно осваивать украинскую территорию.

В наше распоряжение попали некоторые учебные пособия, из школ и садиков Украины. Изучая их, можно проследить взаимоотношения Украины и Польши на протяжении 20-го и 21-го веков. Конечно, повествование будет исключительно с украинской точки зрения, и исходя из содержания тех пособий, которые у нас есть.
[Читайте далее](https://telegra.ph/Istoriya-Ukrainy-CHast-1-Sadik-06-16)

[Часть 2.1](https://t.me/sashakots/33783)
[Часть 2.2](https://t.me/sashakots/33789)
[Часть 3](https://t.me/sashakots/33795)

@sashakots",,,
24813,"С удивлением прочитал в некоторых каналах,что вторая фаза операции, а именно генеральное сражение за Донбасс завершилось ( причем с ничейным результатом). 

Весенне-летнее генеральное сражение за Донбасс не только не завершилось, оно еще даже не достигло своей кульминации ( о результате вообще пока писать глупо). Наступление ВС РФ не выдохлось, оно продолжается, причем темпы не снижаются. Да, оно может быть не самое быстрое и проблемы безусловно есть, но если касаться Изюмского фронта, то 20, 35 и 29 армии прошли лесные массивы на юге Харьковской области и бои идут на территории ДНР. 

ВСУ пытаются всячески помешать продвижению российских войск и создают угрозу на правом фланге, действуя на линии Балаклея-Чепель. Оттуда работает вражеская артиллерия ( в основном из лесных массивов), через Северский Донец пытаются  просочиться ДРГ. ВСУ активно подтягивает резервы, в том числе вновь сформированные части и подразделения, такие, как например 4 танковая бригада, созданная только в марте. Очень активно работает артиллерия. 

Естественно, что российская арта бьет на порядок сильнее и в отдельные дни по позициям ВСУ наносятся просто сокрушающие удары из ствольной и реактивной арты, а также по украинским бандформированиям летят полные пакеты ТОСов, также не забываем про действия нашей авиации и ракетных дивизионов. 

В настоящий момент у ВСУ ( несмотря на очень  большие потери) пока нет больших проблем с количеством личного состава. Воронка мобилизации втягивает достаточное количество пушечного мяса, вопрос в качестве материала. Старые и молодые ( от 18 до 60 лет) солдаты прибывают на фронт и мгновенно попадают под на самом деле страшные огневые налёты ВС РФ. Из-за этого у ВСУ очень большой процент как отказников, так и комиссованных ВВК по медицинским причинам. 

Так что как я и говорил в начале поста, оценивать итоги Генерального сражения за Донбасс, пока крайне преждевременно. Особенно учитывая то, что само сражение происходит не в вакууме, с ним связанны боевые действия на всем огромном фронте от севера Харьковской области, до Николаева. Причём итог сражения определит даже не то, на какой точке оно остановится, а количество живой силы и техники ВСУ, уничтоженной в ходе битвы. На данный момент её уничтожение ( по моему субъективному мнению), идет согласно графика.",,,
24814,"**В Молдавии прошел массовый антиправительственный митинг

**Митингующие пришли с плакатами **__""Нет росту цен""__**,**__ ""Долой Майю Санду""__**, **__""Долой правительство""__**. Люди выступали против роста цен и тарифов. А в завершении митинга организаторы призвали все оппозиции к объединению для отставки правительства и президента.

[Подписаться на @truekpru](https://t.me/+p3pOHrMFlcI0NWRi)",,,
24815,"❗️**Требуется человек на стажировку в Австралию. Платят $1900**

Нужно работать в местном зоопарке и писать про кенгуру.

Также требуются: 
— Волонтёр в Мексику (работать воспитателем в детсаде, ЗП $2100) 
— Журналист в Калифорнию 
— Переводчик в Google 

__Все стажировки оплачиваются. Проживание тоже оплачивается. Опыт не нужен. __

Канал [«Профирум»](https://t.me/+zo9wHyO6iVpjYzNk) — лучший инструмент для тех, кто хочет переехать и заработать большие деньги заграницей. Просто переходите на канал, выбираете понравившуюся стажировки или вакансию — и уже сегодня переезжаете. 

**Не упускайте шанс:** [@profroom](https://t.me/+zo9wHyO6iVpjYzNk)",,,
24816,"**⚡️📣Украина дважды обстреляла жилой район в Донецке зная, что там только мирные жители .⚡️📣

**Вчера, в день интенсивного обстрела, мы опубликовали видео, на котором был заснят участок в Куйбышевском районе Донецка, где погибли мирные жители. Фактически один из самых интенсивных обстрелов города Донецка за последние 8 лет этой войны. Спустя 7 часов Украина обстреляла именно это место, убив еще больше мирных жителей. Украина утверждает, что использует социальные сети и журналистские репортажи для обстрела военной инфраструктуры. Как так, они не знали, что вчера утром в результате обстрела территории возле магазина «Молоко» были убиты мирные жители и что это была просто гражданская территория? Если они знали, то это может означать только одно, что это было военное преступление, поскольку через 7 часов после того, как я опубликовал видео, где это место было действительно гражданским мирным районом, Украина обстреляла магазин «Молоко» и фермерский рынок, убив еще больше мирных жителей.

__Я независимый журналист, финансируемый только за счет пожертвований моих зрителей.
Вы можете поддержать мою работу через Сбербанк, номер карты ____4817760356637581____
__**⚡️📣Украина дважды обстреляла жилой район в Донецке зная, что там только мирные жители .⚡️📣

**https://www.youtube.com/watch?v=n82hgiQN97o&feature=youtu.be",,,
24817,"В украинских тг-каналах стала появляться информация о реальном положении дел внутри подразделений ВСУ на Донбассе. Пишут, что в одной из бригад, действующих в районе Соледара, сняли с должности командира и начальника штаба за высокие боевые потери и низких боевой дух военнослужащих, а вместо них пока никого не назначили. Создается впечатление, что украинскую армию скоро настигнет анархия.

@sashakots",,,
24818,"**Центр анализа стратегий и технологий (ЦАСТ) **завершает работу над новой книгой под рабочим названием** «Война в воздухе и противовоздушная оборона в последних локальных конфликтах». **В работе рассматривается противостояние систем ПВО/ПРО и авиации на шести примерах современных конфликтов.

В этой связи объявляется конкурс на лучшее название — более звучное, емкое и информативное. Свои варианты можно присылать на адрес borisov@cast.ru . Победитель конкурса получит бесплатный экземпляр книги.

Для понимания общей структуры книги приводим ее краткое содержание:

Глава 1. ПВО/БЛА: Нагорный Карабах
Глава 2. Беспилотные летательные аппараты и ПВО в Сирии 
Глава 3. Система противоракетной обороны Израиля против обстрелов палестинских и ливанских боевиков 
Глава 4. Гражданская война в Ливии: провостояние авиации и систем ПВО
Глава 5. Война между йеменскими хуситами и коалицией во главе с Саудовской Аравией
Глава 6. Индийско-пакистанская борьба в воздухе в 2019 году",,,
24819,"**⚡️📣Украинская артиллерия бьет по Донецку сильнее, чем когда-либо прежде! Много погибших.⚡️📣

**Вновь украинские силы бьют все рекорды самых мощных обстрелов города Донецка за все 8 лет войны. Есть информация, что было выпущено более 400 артиллерийских снарядов по улицам Донецка с территории, удерживаемой Украиной. Около 7:30 вчера 18-й по счету, интенсивный артиллерийский обстрел шел по городу Донецку. Били преимущественно по центру и другим районам. Около 9:30 я и моя команда выехали в Куйбышевский район Донецка, услышав сообщения про обстрелы там. Когда мы прибыли на место, обстрел продолжился, и следующие 90 минут мы тщательно избегали опасности, пока ""поливали"" из артиллерии этот жилой район, чтобы показать вам и задокументировать атаку. В этом репортаже мы покажем, как находились там и своими глазами видели разрушения и сильный ущерб как минимум 8 многоквартирным домам, заводу электронного оборудования, фермерскому рынку и трем киоскам. Мы наткнулись на группу людей, разбирающих обломки, чтобы найти тела своих друзей (надеюсь, живых) после того, как Украина обстреляла рынок. Когда я подошел, один из пожилых мужчин упал во время поиска, поэтому я помог ему подняться и присоединился к ним в работе. Мы нашли только одного из их разыскиваемых (он не выжил). Мы не смогли найти еще двух. Я молюсь, чтобы они сохранили себя живыми.
Мы видели одного мирного жителя, убитого в результате обстрела, одного раненого и двух пропавших без вести, предположительно погибших.
Чтобы было понятно, это место — одно из МНОГИХ, подвергавшихся сильным обстрелам в течение дня в Донецке.

__Я независимый журналист, финансируемый только за счет пожертвований моих зрителей.
Вы можете поддержать мою работу через Сбербанк, номер карты ____4817760356637581____
__https://www.youtube.com/watch?v=TLXR6pXrzBI&feature=youtu.be

**⚡️📣Украинская артиллерия бьет по Донецку сильнее, чем когда-либо прежде! Много погибших.⚡️📣**",,,
24820,"**В Минобороны Украины **озвучили** потери ВСУ в технике за время спецоперации**.

""__Мы потеряли около 50 процентов. Это около 1300 БМП, 400 танков и 700 артсистем__"", - сказал замминистра обороны Владимир Карпенко в интервью National Defence.

@sashakots",,,
24821,"**«Донбасс: Путь Жизни» – серия 5

**В пятой серии документального сериала «Донбасс: Путь Жизни», рассказывается о том, как сегодня выживают люди, оказавшиеся под обстрелами украинских военных в поселке Сартана (ДНР) и что они на самом деле думают о современном украинском режиме.

«Донбасс: Путь Жизни» – документальный сериал, в котором съемочная группа путешествует по Донбассу и передает гуманитарную помощь, собранную добровольцами самым нуждающимся семьям, попавшим в сложнейшие условия из-за варварских действий украинских националистических подразделений.

[1 серия
](https://t.me/novosti_voinaa/6317)[2 серия
](https://t.me/kremlinprachka/19159)[3 серия
](https://t.me/vityzeva/59363)[4 серия](https://t.me/vityzeva/59538)",,,
24822,"**Путин: Гарантией нашей безопасности может быть исключительно армия и флот.**

@sashakots",,,
24823,"Путин о «красных линиях», ударах по центрам принятия решений и о том, почему противник до сих пор обстреливает Донецк.

@sashakots",,,
24824,"Президент Казахстана на ПМЭФ заявил, что его страна не признает «квазигосударственные образования Донецка и Луганска».

@sashakots",,,
24825,"Путин о вероятности ядерной войны: «Никого мы не пугаем, но все должны знать, что у нас есть для защиты своего суверенитета». 

@sashakots",,,
24826,"Путин дал понять, что с освобожденных территорий мы не уйдем: «Но в конечном итоге свое будущее будут решать сами люди».

@sashakots",,,
24827,"«Какой на фиг цивилизационный выбор. Деньги натырили и разместили в западных банках…» Путин о неверном «украинском пути». 

@sashakots",,,
24828,"**⚡️📣Украина продолжает обстреливать гражданскую инфраструктуру в центре Донецка.⚡️📣

**В результате вчерашних обстрелов объектов инфраструктуры Донецка и его окрестностей украинские военные уничтожили 2 швейных предприятия, повредили тюрьму и водораспределительный пункт города в центре Донецка рядом с металлургическим заводом «ДМЗ».
Какова была цель этого обстрела центра Донецка? Украина пыталась ударить по металлургическому заводу ДМЗ? А может, повредить донецкий водопровод? Может быть, они хотели уничтожить швейное предприятие? Или, может быть, даже все еще пытались убить или освободить военнопленных из тюрьмы. Вот мой полный подробный отчет/расследование всех мест и интервью со свидетелями. Как всегда с полными переводами на английский и русский языки.

__Я независимый журналист, финансируемый только за счет пожертвований моих зрителей.
Вы можете поддержать мою работу через Сбербанк, номер карты ____4817760356637581____

__https://www.youtube.com/watch?v=1HahHddd5UU&feature=youtu.be

**⚡️📣Украина продолжает обстреливать гражданскую инфраструктуру в центре Донецка.⚡️📣**",,,
24829,"8 лет назад на Луганщине погибли журналисты ВГТРК Антон Волошин и Игорь Корнелюк. Пост, который я написал 17 июня 2014 года, сидя в заблокированном Славянске.

«Отсмотрели все съемки оттуда, прочитали все свидетельства очевидцев, искали ошибки, чтобы самим их не совершить. Не было смертельных ошибок, они делали свою работу. Делали хорошо. 

Можно сидеть в отеле, гонять на войну стрингеров и неспешно монтировать репортажи с передовой, на которой никогда не был. Такие сюжеты сразу видно, в них нет нерва, эмоции, сопереживания. 

А можно сидеть в окопе, честно и хорошо делать то, что умеешь. Проживать войну, пропуская через себя чужую боль и собственный страх. И деликатно рассказывая о ней тем, кто, слава Богу, никогда не поймет, какая она, война, по ту сторону объектива.

Риск - это часть работы журналиста в ""горячей точке"". Его можно минимизировать, но не купировать. Небольшая ошибка может многократно увеличить риск. А страх, помогающий обычно избежать неприятностей, перерасти в панику. Но в трагедии телеканала Россия24, нашей общей трагедии, не было ни фатальных просчетов, ни потери рассудка. Была нормальная мужская репортерская работа, которая, увы, стала последней для двух молодых парней. Так, к сожалению, бывает. На всех войнах.

Светлая память Игорю и Антону, И мои соболезнования родным и коллегам».

@sashakots",,,
24830,"Александр Лукашенко на злобу дня:

""Вчера мне задавали этот вопрос, уже негласно: а как, что и прочее, вы зайдете в Украину - ваша армия? Я говорю: мы не собираемся никуда заходить, пока вы не перешли красную линию. Как только вы перейдете нашу границу или будете нацеливать на Мозырский нефтеперерабатывающий завод (у них такая шальная мысль была), мы мгновенно ответим"".

""Они будут понимать: если они ударят по Мозырю, то мы ударим по Киеву, не заходя в Украину. Они это должны понимать. Но для того, чтобы ударить, надо иметь, чем ударить. У нас это есть"".

""Украинцы, Зеленский просят оружие дальнобойное для того, чтобы ударить по городам России: Курск, Ростов, Орел, Белгород - соседние города. Но, я как-то публично сказал, ни в коем случае этого делать нельзя. Потому что Россия уже применит нового уровня оружие. И применит по Киеву, по тем, кто принимает эти решения. Поэтому они еще немножко побаиваются. Но не от них зависит - зависит все от того, насколько американцы будут их подталкивать к этой войне"".

@sashakots",,,
24831,"❗️**ЧВК ""Вагнер"" заливают лютые видео в телеграм

**В ответ на жестокость укронацистов создали канал [**Новый Zавет**](https://t.me/+cf9D3IB_QzY2MDhi), где публикуем контент который снимаем сами:

В ходе ночной вылазки, окружили и уничтожили отряд укров из 50 человек - https://t.me/+cf9D3IB_QzY2MDhi

**Все по делу без воды, цензуры, фейка и байта👆🏻**",,,
24832,"Утренняя калибровка военных объектов в Николаеве.

@sashakots",,,
24833,"Камингаут дня. Зеленский выступил на торговой выставке VivaTech в Париже в виде голограммы в футболке с надписью ""**Переходи на темную сторону**"".

Ну и кто здесь “воины света, воины добра”?

@sashakots",,,
24834,"Донецк снова под огнем.

@sashakots",,,
24835,"Суровый американский наёмник )

@sashakots",,,
24836,"Охота на «русского Ivana» не задалась. Американские наемники Роберт Друке и Энди Хьюин поменялись с «дичью» местами и угодили в плен под Харьковом.

@sashakots",,,
24837,"⚡️Зеленский собрал СНБО по поводу вероятной угрозы  вторжения из Белоруссии, сообщил секретарь Совбеза Данилов.

Президент поручил начать проверку сил в четырех граничащих с Белоруссией областях.

@sashakots",,,
24838,"Тем временем Франция отправляет очередные 155-мм САУ **CAESAR **на Украину. Убивать русских солдат и русских жителей Донбасса.**

****@sashakots**",,,
24839,"Старая гвардия передает привет. Кто помнит Славянск, тот знает «Носа» - Виктора Аносова. В конце мая получил ранение в Долгеньком, на Изюмском направлении, попав под обстрел танка. Но не унывает, благодарит военных врачей и прогнозирует неминуемую победу! 

@sashakots",,,
24840,"Капитан Орлов смог обнаружить три машины пехоты, которые обстреливали наши войска на подступах к железнодорожному узлу. В бою Сергей был ранен, но продолжил командование подразделением

❗️Между тем, видеоролики спецпроекта ""Комсомольской правды"" Герои ""Операции Z"" [собрали](https://www.kp.ru/daily/27406/4603590/?from=tg) больше **100 миллионов просмотров **в социальных сетях! 

С начала марта мы ежедневно узнаем и рассказываем людям о новых примерах мужества и смелости. Героями роликов стали больше 180 российских военнослужащих. 

Посмотреть их можно на всех наших площадках: 

[В ВК 
](https://vk.com/video/playlist/-15722194_10)[В YouTube](https://youtube.com/playlist?list=PL9XjpYQLJGUSmU3LErNNB8tndbrQED3dk) 
[В ОК](https://ok.ru/group/50657161838784/video/c7097792)  
[В Рутьюбе](https://rutube.ru/plst/88947) 
[В ДЗЕН 
](https://zen.yandex.ru/kpru)[В ТикТок

](https://www.tiktok.com/@newskpru)[Подписаться на @truekpru](https://t.me/+p3pOHrMFlcI0NWRi)",,,
24841,"На Питерском Экономическом форуме было подписано соглашение между «Торг-Инвестом» Кемерово и Ясиноватским Машиностроительным Заводом. Может показаться, что это - неинтересная новость. Но если знать, что на территории завода находился самый крупный в Европе приют для животных, который уничтожили в 2014 ВСУ, знать, что заводская территория была поделена линией фронта и по ней ездили танки - с одной стороны бригады «Восток» донецкого ополчения, а с другой - Украины. Знать, что владелец завода Трубчанин не сбежал, как его родной брат в Киев, как другие владельцы крупных предприятий, а остался и пережил 8 тяжёлых лет. Знать, что завод долгое время после 14-го не мог сбыть продукцию - с сепаратистами не хотели сотрудничать. Знать, что ещё в 20-х числах февраля 2022-го руководство завода знало о наступлении ВСУ на Донбасс, и Трубчанин снова не сбежал и даже не снял с заводской стены портрет Путина. И ещё знать, что в Ясиноватую нещадно летят снаряды, люди практически живут в подвалах и недавно сотруднику завода оторвало голову… Если все это знать, тогда вы воспримете эту новость как часть той справедливости, которая восторжествовала",,,
24842,"Одним из двух выпущенных по центру Донецка снарядов калибром 155 мм было уничтожено швейное предприятие.

Очевидно, что в центре города военных объектов нет. Цель- кошмарить мирных жителей. И именно для этого нацистам поставляют оружие их соучастники из Европы и США.",,,
24843,"**В Северодонецке с точностью до деталей повторяется история ""Азовстали""

**По разным оценкам, **до 2,5 тысячи украинских военных** блокированы в промзоне – оставшимся подразделениям просто **отрезали пути к отступлению**, взорвав по приказу Киева последний мост, соединявший Северодонецк с Лисичанском. Между тем в бомбоубежищах предприятия **остаются мирные жители**. Тормозить процесс ""эвакуации"" с предприятия будут находящиеся там **иностранные наемники**, в этом [уверен](https://www.kp.ru/daily/27406/4603375/?from=tg) военкор ""КП"" Александр Коц (@sashakots).

__💬 Украинские военные, в отличие от иностранцев, прекрасно знают, что в плену им ничего не угрожает. В конце концов, даже боевиков ""Азова"" никто не назвал трусами и предателями. А значит сложить оружие – не самый плохой вариант. 

__[Подписаться на @truekpru](https://t.me/+p3pOHrMFlcI0NWRi)",,,
24844,"Реактивная артиллерия ВС РФ демилитаризирует позиции «лесных братьев» на Изюмском направлении.

@sashakots",,,
24845,"**Дети Донбасса – 5 серия

**""Война сквозь года""

В заключительной серии проекта рассказываются истории Маши, Риты, Ангелины, Марины и Ксюши. Эти девочки живут под обстрелами со стороны Украины уже далеко не первый год и знают о боевых действиях не понаслышке. 

Они увидели и почувствовали войну такой, какая она есть – несправедливой, страшной, жестокой и беспощадной. За каждым юным героем стоят воспоминания о том, что никогда не должно было случиться в их жизни. Однако это такие же простые детишки, с простыми детскими мечтами и стремлениями.

[1 серия
](https://t.me/vityzeva/58323)[2 серия
](https://t.me/vityzeva/58411)[3 серия
](https://t.me/vityzeva/59149)[4 серия](https://t.me/vityzeva/59209)",,,
24846,"Прислали подписчики из Кривого Рога. Зеленский готовится призвать на фронт вчерашних школьников:

«В условиях военного положения, чрезвычайной ситуации или чрезвычайного положения нужно составить списки выпускников призывного возраста с характеристиками для оценки военно-патриотического воспитания. 

С учетом особенностей развития каждого отдельного ученика нужно определить у лиц мужского пола наличие чувства верности своему Отечеству, конституционному и воинскому долгу в условиях мирного и военного времени, высокой ответственности и дисциплинированности. 

Поручаем руководствоваться этим письмом и подготовить указанные характеристики в срок до 23 июня 2022 года».

@sashakots",,,
24847,"Просто красивый ролик о работе наших винтокрылых в зоне СВО от подписчика. 

@sashakots",,,
24848,"Красивая серия прилётов по ВСУ.
Харьковская область.

#откалибровано 

[👔](https://t.me/tacticalnecktie) [Тактический галстук](https://t.me/tacticalnecktie)",,,
24849,"Губернатор Сумской области выложил видео разбитой российским ударом школы. Вот он, мол, какой - русский мир.

А на 14 секунде, видимо, ящики с методическими материалами.

Поняв, что накосячил, ящики он вырезал. Но интернет помнит все. Просто в школе устроили склад боеприпасов.

@sashakots",,,
24850,"Удивительно, конечно, что у нас вообще периодически возникают какие-то странные ситуации вокруг «правового статуса» жителей ЛДНР в России. Без пяти минут жителей российских регионов на секундочку.

Кто тот сообразительный чиновник, который в разгар обстрелов Донецка, Ясиноватой, Горловки, Стаханова, Северодонецка решил поговорить об истечении срока пребывания. Зачем? Чтобы пошли разговоры о том, как Россия-Матушка выдворяет своих детей под реактивные снаряды? 

МВД оперативно отыграло назад, но зачем вообще создавать такие ситуации?

https://t.me/SolovievLive/112234",,,
24851,"Побратим Зеленского по 95-му кварталу Евгений Кошевой рассказал, почему не собирается на фронт. У него нет никакой подготовки: «Меня в первый день убьет снайпер. Какую пользу я принесу Украине? Только хейтеры будут радоваться». 

Открою тебе тайну, Кошевой, 100 процентов мобилизованных Мыкол и Дмитро со всей Украины по степени подготовки сегодня мало чем от тебя отличаются, звезда ты нестроевая.

@sashakots",,,
24852,"Глава военно-гражданской администрации Запорожской области подписал распоряжение о списании для всех жителей региона долгов по кредитам в украинских банках и микрофинансовых организациях, а также пени на них.

[Подписаться на @truekpru](https://t.me/+p3pOHrMFlcI0NWRi)",,,
24853,"**Как не переплачивать за лечение зубов детей и взрослых? Лечить** зубы раз и навсегда!

Это и многое другое можно узнать [в блоге Вячеслава Мун, основателя клиники Dr.Mun](https://t.me/+4BlFg0MpxJ1mOGQy).

Вячеслав Мун обладатель премии «Стоматолог года 2019», а его клиника входит в Топ-15 стоматологий России⭐️

Лето – пора отпусков, что может быть хуже испорченного отпуска из-за зубной боли? 🙁

Вячеслав Мун предлагает вам пройти полную диагностику полости рта за один приём + профилактика кариеса. 

Заполните форму и получите ЧЕК-АП полости рта за 3.500₽ вместо 7.000₽

**Москвичи, самое время проверить зубы: ****https://forms.gle/MVwc5WxGbfqMik4f9****

**📍 Проспект мира 16с2
Ⓜ️ Сухаревская / Проспект Мира",,,
24854,"Вниманию добровольцев.

По многочисленным просьбам от ветеранов спецподразделений Главком Росгвардии одобрил краткосрочные контракты в 604 ЦСН Витязь. Контракт на 3 месяца. 

Все желающие подписать контракт чтобы участвовать в СВО в составе отряда будут проходить отборочную комиссию с подписанием всех соответствующих документов в дивизии. После одобрения и подписания документов, три недели военных сборов, тренировок и слаживания в УЦ Витязь с выездом на полигоны. 

С 15 июня начинается первый набор. В контракте будут прописаны все законы и нормативы действующих сотрудников.

Контактный номер - +79689397562. Контактное лицо - Алексей.

@sashakots",,,
24855,"Мой вопрос президенту на Прямую линию-2017, фейсбук напомнил, ровно пять лет назад:

«Вот я читаю сегодняшнюю сводку с Донбасса: «В результате обстрела Петровского района г. Донецка украинской артиллерией  погибло двое мирных жителей: Артемьева Лидия Владимировна, 1937 г.р. и ее сын Артемьев Виктор Владимирович, 1963 г.р». 

Владимир Владимирович, я три года работаю в Донбассе военным корреспондентом, он и его жители стали для меня родными. У меня перед глазами сотни таких сводок. 

Ежедневно здесь погибают люди - это больно. Но есть и другая боль - неизвестность и призрачные перспективы. Здесь всем очевидно, что Киев не собирается и никогда не соберется выполнить свою часть известных обязательств. Более того, здесь никто не хочет строить свое будущее в одном государстве с Украиной. Раскол очень глубокий, слишком много крови пролито с обеих сторон. 

Я не открою Вам секрет, что большинство жителей Донбасса хотели бы присоединиться к России. И на попытки «впихнуть», как здесь говорят, обратно в Украину реагируют крайне болезненно. А Россия с одной стороны их поддерживает гуманитарно и дипломатически, с другой пытается вести диалог с абсолютно недоговороспособным киевским режимом. 

Владимир Владимирович, сколько мы будем позволять издеваться над Донбассом? Давайте заберем его себе».

@sashakots",,,
24856,"Прекрасная половина аудитории нашего канала волнуется, куда пропал «Мистер Глаза СВО». 

Никуда не пропал) В составе группировки Отважных кошмарит противника на Славянском направлении и передает вам горячий привет. 

@sashakots",,,
24857,"РСЗО «Ураган» группировки «О» пакетами демилитаризируют позиции ВСУ на Славянском направлении.

@sashakots",,,
24858,"**Самый красивый и интересный канал о России**🇷🇺

**""**[**Россия это - я**](https://t.me/merussiatg)**!"":**

📸 Уникальные фотографии
🤔 Интересные факты
👑 Яркие моменты истории
🚵‍♀️ Неизвестные туристические места
🎭 Культура и искусство
💎 Герои прошлого и настоящего
❔ Викторины о России
❤️ Всё самое необычное и впечатляющее о нашей любимой стране

**Россия это - я! Россия это - ты! Россия - это мы! 🇷🇺**

**Подпишись на самый необычный канал о России**
**@merussiatg**",,,
24859,"Бойцы группировки Отважных на Славянском направлении.

@sashakots",,,
24860,">Путин проигрывает войну. Не обращайте внимание на Херсон
>Путин проигрывает войну. Не обращайте внимание на Мелитополь
>Путин проигрывает войну. Не обращайте внимание на Бердянск
>Путин проигрывает войну. Не обращайте внимание на Мариуполь
>Путин проигрывает войну. Не обращайте внимание на Изюм
>Путин проигрывает войну. Не обращайте внимание на Балаклею
>Путин проигрывает войну. Не обращайте внимание на Попасную
>Путин проигрывает войну. Не обращайте внимание на Светлодарск
>Путин проигрывает войну. Не обращайте внимание на Святогорск
>Путин проигрывает войну. Не обращайте внимание на Северодонецк
**+++ВЫ НАХОДИТЕСЬ ЗДЕСЬ+++
**>Путин проигрывает войну. Не обращайте внимание на Лисичанск
>Путин проигрывает войну. Не обращайте внимание на Славянск
>Путин проигрывает войну. Не обращайте внимание на Краматорск
>Путин проигрывает войну. Не обращайте внимание на Запорожье
>Путин проигрывает войну. Не обращайте внимание на Николаев
...",,,
24861,"В то время как Зеленский заявляет о тяжелых потерях ВСУ на Донбассе, мужчины призывного возраста пытаются всячески избежать мобилизации и покинуть Украину, чтобы не стать новым пушечным мясом.

Но иногда им не везет и они попадаются в руки мошенников. Вчера одного из них задержали в Одессе. По информации следствия, подозреваемый вместе с подельником обещал двум молодым людям за вознаграждение в сумме 4300 долларов США оформить поддельные документы об их негодности к военной службе и организовать основания для выезда за границу.

Теперь по новому законодательству «Незалежной» горе-мошеннику и его жертвам грозит лишение свободы на срок от семи до девяти лет. Но это в любом случае лучше, чем бессмысленная смерть от огня артиллерии.

@sashakots",,,
24862,"На Славянском направлении у группировки Отважных пополнение. На самом деле, это хороший признак, когда дети не боятся подходить к нашим бойцам. Не видят в них угрозу, как бы киевская пропаганда ни старалась.

@sashakots",,,
24863,"Духоподъемное от Дмитрия «Отлил в Граните» Медведева.

@sashakots",,,
24864,"🔞 **ОСТОРОЖНО, ЖЕСТКИЕ КАДРЫ! 

**[У ТОЙ САМОЙ ЧВК ВАГНЕРА ПОЯВИЛСЯ КАНАЛ ПОКЛОННИКОВ, КУДА РЕАЛЬНЫЕ МУЗЫКАНТЫ ПРИСЫЛАЮТ УНИКАЛЬНЫЕ КАДРЫ

](https://t.me/+JI0dXCVkbNtiNWYy)‼️ Под Светлодарском вагнеровцы беспощадно уничтожили укреп хохлов.

🔞 ОДИН ИЗ УКРОВ С ДЫРКОЙ В БАШКЕ И В ГЛАЗУ!

Мы не можем опубликовать эти кадры здесь, поэтому пацаны из ""Вагнера"" [залили видео на свой закрытый канал.

Подпишись](https://t.me/+JI0dXCVkbNtiNWYy), видео в закрепе.",,,
24865,"Начинаем в 8.00 по Москве. И подписывайтесь конечно.

8.15 - Александр Коц
8.45 - Яков Кедми
9.30 - Елена Ведута

https://www.youtube.com/watch?v=yjCbvQxyBrk",,,
24866,"Детонация склада боеприпасов ВСУ в Прилуках после прилета ""Искандера"".",,,
24867,"Из запасников боев за Лиман. Натуральные, патентованные нацисты, отказавшиеся от добровольной сдачи и решившие, что всех перехитрят, если переоденутся в гражданку. Не фартануло.

@sashakots",,,
24868,"**ЭКСКЛЮЗИВ**

Джордж Буш откровенно о Дональде Трампе: секс, деньги и власть. 

В разговоре с пранкерами 43-й президент США выразился о 45-ом президенте США. Приводим полную цитату: 

З.: А что вы думаете о господине Трампе? Я думаю, он за Путина. Боюсь, что в следующий раз он станет президентом США.

Б.: Я так не думаю. Я так не думаю. И, как вы знаете, он любит мелькать в новостях. Он любит постоянно рассказывать о себе в новостях. Но я так не думаю. Господин президент, это долгий путь, но я не думаю, что он снова станет президентом. Я не знаю, какие у него отношения с Путиным, но я бы не беспокоился о нем. Его поглотили секс, деньги и власть, а поскольку, знаете ли, если таковы ваши интересы в жизни, то вы оказываетесь на очень зыбкой почве. В этих условиях трудно жить позитивной жизнью, потому что никогда не бывает достаточно секса, никогда не бывает достаточно власти, и никогда не бывает достаточно денег. Но он пытается.",,,
24869,"Сегодня хочу порекомендовать вам канал [Полевая кухня](https://t.me/+GH8SLPP35dYzMmY6) — его ведет военный в отставке, моряк и патриот. Тут только живой материал о жизни в армии, новостях в оборонке, военных разработках, технике и тактике, и конечно, о событиях на Украине. 

Не читайте диванных аналитиков, читайте тех, кто в теме. Cоветую [подписаться](https://t.me/+GH8SLPP35dYzMmY6)!",,,
24870,"Украинские журналисты попали под артиллерийский обстрел в центре Лисичанска, сообщают укроСМИ. Их вывезли бойцы ВСУ.

Не разберу, на 40 секунде у «бойца ВСУ» на рукаве флаг Испании или ФРГ?

@sashakots",,,
24871,"**⚡️📣В Донецке обстреляли родильный дом. Роженицы, медсестры и врачи обвиняют Украину⚡️📣

**В последние недели Донецк стал центром обстрелов , особенно вчера, когда, как сообщается, по городу попало более 350 снарядов. Один из главных родильных домов пострадал от снарядов, запущенных с Украины. Вернувшись в Донецк, моя команда сразу же поехала расследовать обстрел больницы. Мы обнаружили сильно повреждённое здание с сотнями будущих матерей, младенцев и молодых матерей, прячущихся в убежище. Один ребенок появился на свет в подвале. Матери, медсестры и врачи обвиняют Украину в обстрелах больницы и других жилых районов Донецка за последние 8 лет. Пожалуйста, досмотрите до конца и послушайте, что говорят эти люди, а ещё задумайтесь о том, в какой ситуации они оказались.

__Я независимый журналист, финансируемый только за счет пожертвований моих зрителей.
Вы можете поддержать мою работу через Сбербанк, номер карты ____4817760356637581____

__https://www.youtube.com/watch?v=Ub2H8mcvmcM&feature=youtu.be

**⚡️📣В Донецке обстреляли родильный дом. Роженицы, медсестры и врачи обвиняют Украину⚡️📣**",,,
24872,"А тем временем в Армении прессуют моего товарища Мику Бадаляна, которого арестовали месяц назад сразу после проведения акции в поддержку России.

Это один из самых политически юных, но искренне пророссийских уличных политиков, который с нуля создал популярное в Армении пророссийское движение, рождение которого я наблюдал своими глазами в Ереване. Свободу Мике Бадаляну!

https://t.me/mikayelbad/16299",,,
24873,"На территории завода ""Азот"" в районе Северодонецка в Луганской Народной Республике ""засели"" около 2,5 тысячи военных, заявил помощник министра внутренних дел Луганской Народной Республики Виталий Киселев:

«Из них где-то 500-600 человек иностранного контингента, с учетом того, что я неоднократно был и в Северодонецке, и в Рубежном, разговаривали с многими жителями, они говорили, что поляков очень много».

Думаю, все-таки, цифра иностранцев будет скорректирована в меньшую сторону. А так налицо подготовка новой «спецоперации СБУ и ГУР» по «эвакуации выполнивших до конца свой воинский долг». Интересно, какая роль будет отведена «узникам «Азота» - от чего они «отвлекают большие силы агрессоров»? Какую песнь нам заспіває Ганна Василівна Маляр?

@sashakots",,,
24874,"⚡️ИЗРАНЕННЫЙ ДОНЕЦК⚡️Часть 4⚡️ РОДДОМ. ЭКСКЛЮЗИВНОЕ ВИДЕО⚡️

Без комментариев...",,,
24875,"Они открыли охоту на наших Военкоров.
**KillNET** открывает охоту на них..

""__Если кто то придет тебя убить, восстань и убей первым""__",,,
24876,"Минобороны предлагает сдаться: 

**Предлагаем** **боевикам националистических батальонов и иностранным наемникам**, находящимся на комбинате «Азот»,** с 08:00 (мск) 15 июня 2022 г. прекратить любые боевые действия и выпустить удерживаемых ими мирных граждан **через данный гуманитарный коридор, а также прекратить бессмысленное сопротивление и сложить оружие.

**Российская Федерация гарантирует сохранение жизни и соблюдение всех норм Женевской конвенции по обращению с военнопленными, как это произошло с ранее сдавшимися в плен в Мариуполе**.

**Еще раз призываем официальные власти Киева проявить благоразумие, отдать соответствующие указания боевикам о прекращении бессмысленного сопротивления и выходе с территории комбината «Азот»**.

@sashakots",,,
24877,"⚡️⚡️⚡️Ну что, Мариуполь-2. Или Азовсталь 2.0.

**Украинская сторона обратилась с просьбой об организации гуманитарного коридора для эвакуации гражданских лиц (женщин, детей и пожилых людей), находящихся на химическом комбинате «Азот» в Северодонецке, на подконтрольную Киеву территорию в город Лисичанск**.

При этом мост в сторону Лисичанска взорван украинцами. Поэтому **с 08:00 (мск) до 20:00 (мск) 15 июня 2022 г. ВС РФ открывают гуманитарный коридор в северном направлении **(в город Сватово Луганской Народной Республики).

Г**арантируется безопасная эвакуация всех, без исключения, мирных людей** и их перемещение в составе гуманитарных колонн в пункты временного размещения.

@sashakots",,,
24878,"**СИГНАЛ** — канал, публикующий самые резонансные расследования происходящего на Украине. Именно они доказали, что авиаудар по мариупольскому роддому — фейк (все части расследования [тут](https://t.me/ssigny/10159), [тут](https://t.me/ssigny/10166), [тут](https://t.me/ssigny/10279) и [тут](https://t.me/ssigny/11481)), после их цитировали в [ООН](https://t.me/ssigny/10552).

Именно СИГНАЛ раскрыл правду о взрыве Драмтеатра, доказал, что провокация в Буче — дело рук украинских силовиков и первыми подтвердили, что Байден — [настоящий военный преступник](https://t.me/ssigny/11620). 

Здесь публикуются самые быстрые новости, аналитика, расследования, разоблачения фейков, инсайды и эксклюзивы от военкоров из зоны боевых действий.

Подписывайтесь @ssigny",,,
24879,"Подсказывают, что в донецком роддоме во время вчерашних обстрелов на 5 этаже оставалось три ребенка подключенных к кислороду. 4го отключили и спустили вниз. Мог обойтись без него уже.

https://t.me/sashakots/33680",,,
24880,"Донецкий роддом во время обстрела и единственный малыш, которого не спустили в подвал. Ребёнок родился недоношенным, его нельзя было отключить от ИВЛ. Завотделением всё время находился рядом. Оба выжили, никто не пострадал, хотя взрывной волной в реанимации выбило все стёкла.",,,
24881,"🔥В Тернопольской, Хмельницкой и Львовской областях в эти минуты взрываются кондиционеры на складах хранения поставленной на Украину западной техники. Не выдерживают жару.

@sashakots",,,
24882,"Какая прелесть. Пишут, что на питерском экономическом форуме показали эту схему административно-территориального деления ОСВОБОЖДЕННОЙ в ходе СВО территории бывшей Украины на переходный период (3-5 лет). Примечательно, что под номером 1 значится Западный территориальный округ  Хмельницкий в составе восьми соответственно западных областей.

@sashakots",,,
24883,Нацисты продолжают бить по г Донецку. Под огнём сразу несколько районов. На кадрах разрывы снарядов в Киевском районе.,,,
24884,"Помните героя одного из моих репортажей красавца-танкиста Дамира Шаймарданова, который позже погиб на Изюмском фронте, возглавив на своем танке атаку на населенный пункт. 

Дамир удостоен звания Героя России, сообщили мне его родственники. На представлении - гриф секретности. А жаль… 

Вечная слава достойному сыну Отечества!

@sashakots",,,
24885,"**Интересуетесь, как в период тотальных ограничений добраться в нужную страну, получить необходимые документы и визы? 

**Телеграм-канал [**Улететь**](https://t.me/uletet2021) вам в помощь!

Здесь вы сможете всегда получать новости про открытие/ закрытие границ, актуальную информацию о правилах въезда в ту или иную страну, быть в курсе тонкостей получения виз.

[Подпишитесь и будьте в курсе!](https://t.me/uletet2021)",,,
24886,"Во-первых, это красиво. Кадры боевой работы штурмовиков Су-25 ВКС России.

Экипажи штурмовой авиации нанесли ракетные авиационные удары по военным объектам и технике подразделений ВСУ. Пуски ракет выполнялись парами с малых высот.

В результате боевого применения авиационных средств поражения уничтожены замаскированные укрепленные полевые позиции и бронированная техника ВСУ.

@sashakots",,,
24887,"#эксклюзив
Наша артиллерия разбирает позиции ВСУ в районе Авдеевки. Точные попадания обеспечиваются корректировкой огня в режиме «онлайн» благодаря «бесполезному» и «бессмысленному» квадрокоптеру «Mavic», которым управляет «наивный непрофессионал».

Если без шуток, то такие технические решения, как квадрокоптеры, на этой войне спасли не одну тысячу жизней, так же, как и отняли не одну тысячу жизней у врага. И это без преувеличений. 

@NeoficialniyBeZsonoV",,,
24888,"Боец невидимого фронта. Боевая работа военных топографов, без которых и «Искандер» - не «Искандер».

@sashakots",,,
24889,"От подписчиков:

«Сегодня мы расскажем о боевом товарище из группировки Отважных 🅾️🇷🇺

Старшина Андрей Ахметшин 🪖
Был настоящим Патриотом и защитником Родины. Всегда первым рвался в бой🔥
Андрей поддерживал боевой дух своих сослуживцев,всегда был позитивным и добрым человеком, настоящим другом и замечательным братом .

Служил в подразделении специального назначения 
Погиб при выполнении служебного долга
У Андрея остались мать и отец,ради которых он сделал все возможное и невозможное

Сослуживцы говорят о нем только добрые и хорошие слова. 
 Его присутствия очень не хватает боевым товарищам, и конечно же семье, но он всегда с нами, в нашей памяти и сердцах. Он продолжает защищать и оберегать наш мир и покой
Вечная память Герою🕯»

@sashakots",,,
24890,"«Это им за Донецк. Привет из Белгорода», - пишет подписчик.

«В Харькове слышны взрывы», - пишут украинские СМИ. 

@sashakots",,,
24891,"А сколько раз вы за 30 секунд можете произнести слово «оружие»? Арестович вот, по моим подсчетам, 24 раза. Пехоту-то вы где брать будете?

@sashakots",,,
24892,"Да, точно. Вернулся из Питера в Москву, еду по проспекту Мира, а наши Герои на билбордах - практически на каждом углу! И это правильно! Надеюсь, не разовая акция к Дню России, а навсегда.

https://t.me/zakharprilepin/11819",,,
24893,"30 мая, когда я писал этот [пост](https://t.me/sashakots/33199), казалось, что хуже для многострадального Донецка быть не может. Оказалось, может. Тормозов у противника нет.

Вслед за нацистами из «Азова» в ВСУ формируется новая «каста неприкасаемых», которых ни в коем случае нельзя рассматривать в качестве обменного фонда. Лучше, честно говоря, их вообще в плен не брать.

Я, разумеется, о тех мразях, которые бьют из артиллерии по Донецку. Применение больших калибров по городу в таких объемах никакой стратегической выгоды принести не может. И по ту сторону линии фронта об этом прекрасно знают. 

Но продолжают лупить по жилым кварталам, убивая мирных жителей. Каждый день. Жестоко и бессмысленно. Чтобы запугать. Заставить роптать на власти. Обозлить и создать ощущение беззащитности. 

Это не противник, с которым ты столкнулся на поле боя и взял его в плен. Это упыри, которые терроризируют детей и женщин с безопасного для себя расстояния. Какой обмен для этих людоедов? Какой плен? Какой суд? 

Только полная демилитаризация. Без всяких сантиментов и «правил ведения войны». Где нашли - там и уничтожили. Чтобы хоронили в закрытых гробах. Как и их жертв.

@sashakots",,,
24894,"Патриоты читают Коца.
Либералы читают Каца.
Над Донецком снаряд несётся,
Чтоб в квартиру мою въебаться.

Призывают мочить фашистов,
Призывают побыть добрее.
Вымой голову, сдохнешь чистой.
Отработала батарея.

Призывают измазать в дёгте,
Просят, чтоб замолчали пушки.
Я накрашу зелёным ногти
И пройдусь по бульвару Пушкина.

Чтоб испуг проступил на мордах,
Сытых мордах - теперь, впервые.
Потому что у Бога мертвых
Не бывает. И мы живые.

@dolgareva",,,
24895,"#эксклюзив
Видео от подписчика. Судя по этим кадрам, некоторые ракеты РСЗО БМ-27 «Ураган», которые били по Киевскому району Донецка, удалось перехватить нашей ПВО.

@NeoficialniyBeZsonoV",,,
24896,"Взгляды у меня достаточно идеалистические - не могу перестать верить в природную человеческую порядочность.

Поэтому есть одно постыдное удовольствие: как хохлы сотворят какую-нибудь людоедскую мерзость, так я сразу иду смотреть всякие Медузы, Дойче Велле или BBC на предмет реакции.

Чаще всего эти организации мою веру в человечество на какое-то время развеивают. Как-то более выпуклей становится природная человеческая мразотность.

И вот сегодня, после массированного обстрела Донецка полез смотреть. Кто-то молчит, как будто ничего не было. Кто-то  отделывается формулировками по типу:  «В самопровозглашенной ДНР заявили о том, что был обстрелян Донецк. Информация требует подтверждения».


И вспомнил я одну тетеньку, которую я долго фолловил в твиттере.  Зовут её Олеся Герасименко, писала она томные импрессионистские очерки для Коммерсанта, преимущественно о том, как она приехала в очередную русскую провинцию, и как ей там стало скучно и тошно. 

До 2014 держалась взглядов в общем нейтральных, ну или никак громко и публично их не заявляла. Вроде как журналистский объективизм. Но 2014, понятное дело, полыхнуло. Дама оказалось достаточно людоедских предпочтений. В качестве небольшой, но доходчивой иллюстрации можно рассказать историю про то, как в августе 2014 украинцы под Снежным сожгли машину с её близким другом фотографом Андреем Стениным. Но у Герасименки её проукраинские настроения не сдвинулись ни на скрупул. Никакого осуждения украинцев со стороны Герасименки озвучено не былр. Друга жалко, но украинцы все равно молодцы - так их всех!

В 2017 Герасименко ушла из Коммерсанта в BBC, вроде как мечта - настоящая, чистая журналистика (Ъ к тому времени в заукраинской тусовке стал нерукопожатым).

И я вот сейчас думаю. Сидит Олеся Герсаминенко, считавшаяся еще недавно великой гуманистической журналисткой, обновляет родной русскоязычный BBC, не видит там информации про обстрел Донецка, ну или видит какую-нибудь отписку, вроде «Сепаратисты из ДНР утверждают» и натурально радуется.
«Таких! Дави сепаров! Жги вату! Никто не узнает! Вот вам настоящая журналистика! Слава Украине!»

А ведь под Снежным до сих пор валяется сожженый остов автомобиля Андрея Стенина. Как вообще такие люди на свете живут? Как вообще после этого верить в человеческую природу?",,,
24897,"А вот и ответочка. Получайте, суки, сдачи

@MakarenkoLive",,,
24898,"Последствия сегодняшнего обстрела Донецка: разрушения на Майском рынке и горящий завод по розливу воды на Таманском проспекте.

После удара ВСУ по городу погибли три человека, пострадали ещё 13.

Фото — спецкор ""КП"" Алексей Овчинников

[Подписаться на @truekpru](https://t.me/+p3pOHrMFlcI0NWRi)",,,
24899,"Прогноз и задача: когда закончится война и когда начнется мир?

Война - это ресурсное противостояние. У Украины нет ресурсов не только для ведения войны, но и для жизни. При этом она сама по себе такой большой кусок, который требует огромных ресурсов для ее поддержания.

2 недели назад глава украинского Минфина Сергей Марченко заявил: «Бюджет сейчас в таком состоянии, что наши доходы мы расцениваем во вторичном контексте, первичный – это международная грантовая и кредитная помощь. Собственные доходы, по оптимистическим оценкам, сейчас покрывают лишь одну треть наших расходов, две трети покрываются за счет заимствований и грантовых средств.»

Ранее премьер Украины Денис Шмыгаль сообщил, что дефицит бюджета Украины составляет 5 млрд USD ежемесячно.

Возьмем эту оптимистичную оценку, 5 млрд USD в месяц, это 35 млрд. USD до конца года. 

Чтобы вы поняли сколько это:

Государственный бюджет Эстонии в 2022 году 13,64 млрд. Евро., то есть нужно 256% бюджета Эстонии.

Бюджет Германии в 2022 году утвержден на уровне 495,8 млрд Евро, то есть, чтобы поддерживать жизнь в Украине немцам нужно отдать 7% бюджета, при том что Штаты не могли заставить платить даже 2% на обороту последние 5 лет.

Иными словами у отдельно взятых союзников нет ресурсов (и желания), чтобы содержать Украину. У Штатов, у Европы и Великобритании вместе - есть. 

Но! 8 ноября в Штатах будут выборы в сенат, и ни у кого нет сомнений, что победят республиканцы. Причем не просто республиканцы, а трамписты.
Это значит, что в США в ноябре поменяется ландшафт и они выпадут из заинтересантов данной войны.

С ними отколется пол Европы, а вторая половина к этому времени замкнется в себе из-за структурного кризиса, который сейчас только начинается.

Одна Великобритания не сможет тянуть Украину. Расчет бритов был, что тянуть ее будут всем миром, а выгода будет в основном у Великобритании. Но в одну каску она это не подпишется, имея и так государственный долг на уровне 104% от ВВП и дефицит бюджета на уровне 15%.

Мне представляется, что к осени Британия будет Украину сдавать России, причем в особо изощренной форме.

Я прогнозирую, что в Украине к осени реально может начнется голод, в котором обвинят кого? Конечно Россию. 

И нам придется в усиленном режиме решать гуманитарные катастрофы на только что освобожденных территориях. 

А это не в Херсоне государственный магазин открывать и не в Мелитополе бензин по 70 рублей продавать!!!

Схема Крыма: захват администрации - референдум о вступлении - вступление в РФ, не работает! Потому что между захватом территории и референдумом должно пройти минимальное кол-во времени! 

Когда мы заняли Херсонскую и Запорожскую области? 3 месяца назад, а референдум даже не начали готовить! Уже 3 месяца - это серая зона, на территории которой уже нет войны, но и нет мира, там территория людей с автоматами и отсутствием законов.

Чтобы в ноябре быстро запустить жизнь на новых территориях, нужно СРОЧНО принять законы по интеграции всей Украины, чтобы за российскими войсками шли МоиДокументы, гос банки, менты, налоговики, а не лихие пацаны из всех видов силовиков и ЧВК.

Чтобы референдум, который будет организован в Херсоне, не нужно было фальсифицировать, нужно, чтобы за войсками шла настоящая Россия. Шел закон и порядок.

А еще это нужно, чтобы в освобождённом Харькове и Киеве люди зимой не голодали. 

Вот тогда начнется мир.",,,
24900,"А еще подчиненные «Рассвета» умудряются в один день сбивать до семи «Точек У». Когда восьмая все-таки прорывается через его противовоздушный кордон, ни у кого не возникает даже мысли предъявить за это. Просто шла дуплетом с другой ракетой и была распознана как одна цель. И эрэсы «Ураганов» и «Смерчей» сбивают на раз. Боги ПВО, подтверждаю!

https://t.me/vysokygovorit/8392",,,
24901,"[​](https://telegra.ph/file/57fe972a087ce1850a349.jpg)Брехня. 
Никаких  самолётов хохлы не сбивали уже очень давно.
И это хорошо.
То, что они брешут, тоже хорошо. 😁",,,
24902,"18+ ⚡️Кадры с места обстрела со стороны ВФУ Майского рынка в Донецке, где погибли женщина и ребёнок.

Присылайте  информацию в наш бот @chpdonetskdnr_bot

[Подписаться на канал](https://t.me/joinchat/UlcsPyBurk6zsscu)✅",,,
24903,"Ещё видео с места удара по рынку в тыловом Будённовский районе Донецка

Тем временем в Ворошиловском районе тоже громко, я насчитал 7-8 тяжелых ударов

@MakarenkoLive",,,
24904,"Очередные трофеи ВС РФ на Изюмском направлении.

@sashakots",,,
24905,"Уничтожен оружейный склад ВСУ.

__Згорів сарай - гори і хата... 😁__

#откалибровано

[👔 Тактический галстук](https://t.me/tacticalnecktie)",,,
24906,"Появилось необрезанное видео на котором видно, как ублюдок из генштаба ВСУ стреляет в сторону детей. Дети убегают. И это не в прифронтовой зоне, а в Киеве.

@NeoficialniyBeZsonoV",,,
24907,"Несколько торговых площадок в даркнете продают военное оружие, предположительно поступившее из западных стран для поддержки украинской армии. Вероятно, оружие было отложено от основных поставок и теперь продается террористам. На одном из рынков под названием **Thief** размещено 9 объявлений от 3-х поставщиков, связанных с Украиной. 

Поставщик под названием Weapons Ukraine продает винтовки, гранаты и бронежилеты по цене от $1 100 до $3 600, обещая доставку по территории Украины. Несмотря на отсутствие отзывов о магазине, 32 человека уже совершили покупку.  

Еще один поставщик Big Discounts on Weapons предлагает американский противотанковый ракетный комплекс Javelin за $30 000. Продавец указал местонахождение товара в Киеве. 

Кроме того, в магазине** Black Market Guns** продаются противотанковые ракеты NLAW за $15 000 и американский БПЛА Switchblade 600 Kamikaze за $7 000.

@sashakots",,,
24908,"Может показаться, что это просто очередной пост Руденко с места событий, но он даёт исчерпывающее представление о реалиях, в которых мы живем. 

Читая о раненых, вы должны понимать, что их ранения, в большинстве своём, примерно такие. Осколочно-взрывное - это почти всегда инвалидность. 

Ещё два года назад моя маменька, всю жизнь отпахавшая в больнице восстановительного лечения, говорила, что не может больше смотреть на ребят и девчонок без рук и ног. 

Встретить потрясающе красивую девушку без ноги и на костылях - обычное дело для Донецка. А протезы и коляски тут всегда в цене. 

Таковы реалии. 

https://t.me/NeoficialniyBeZsonoV/14430",,,
24909,"РСЗО ""Ураган"" Отважных перемалывают позиции украинских националистов на Славянском направлении.

@sashakots",,,
24910,"Тем временем, День России в Херсоне! Особенный день!

@sashakots",,,
24911,"«Работаем, работаем…» 

«…Близко только не подходи…» 

«…Попал…» 

«…Попадание подтверждаю, молодцы, отход…» 

«Все, уходим…» 

«Все, спасибо, ребят, с Богом!»

Ка-52 отрабатывают по технике противника.

@sashakots",,,
24912,"Пришло поздравление от ветерана «Спарты», грузина по национальности. Не могу не перепостить:

«Для части граждан России быть русским стало стыдно (хотя от того, что они русские, не сильно было и гордо за них раньше))).

А я вот не русский, у меня и гражданства-то нет, а мне не стыдно за Россию,  не стыдно за русских. Потому что люблю эту страну, люблю как маму и папу. И русские, которых знаю, - они весёлые, находчивые, причудливые, даже когда ведут себя как сволочи - это наши сволочи.

В этой стране я такой русский, что не понятно - это слово существительное или местоимение в моем случае?) 

Важно что страна у нас есть, большая и красивая, с множеством часовых поясов и климатических зон... Россия прекрасна! С днем России брат!»

@sashakots",,,
24913,"Вчера в Минске прошел концерт посвященный Дню России. 
Концерт длился 6 часов!!! 


С Днём России, братья!
🇷🇺♥️🇧🇾",,,
24914,"В Киеве руководитель одного из управлений Генштаба ВСУ, видимо, перебрал в преддверии Дня России и устроил стрельбу из табельного оружия в спальном районе в присутствии детей.

Ну что тут сказать, с такой культурой обращения с оружием на дуэли у него шансов нет)

@sashakots",,,
24915,Цельнометаллическая оболочка. Студия Изюм Браzzeрс.,,,
24916,"С Днем России!

@sashakots",,,
24917,"Новостное агентство Reuters назвало публикацию фотографии «местного жителя» с татуировкой свастики «корректным освещением» ситуации вокруг Украины. 

«Reuters — это независимая новостная организация, приверженная беспристрастному и корректному освещению событий в соответствии с принципами доверия Thomson Reuters».

Видимо, эти принципы предполагают не акцентировать внимание на мелких незначительных деталях. Просто местный житель, который просто осматривает поврежденный в ходе русской бомбежки автомобиль.

https://t.me/sashakots/33569",,,
24918,"⚡️🇷🇺🇺🇦🏴 На Украине апробировали новый вид терроризма: звонят матерям пленных российских военнослужащих, говорят бегом бежать в военкомат и договариваться об обмене пленными в течение нескольких часов, если они хотят увидеть своего сына. 

А потом, пока у женщин начинаются метания, перезванивают и говорят, что уже поздно. И иногда военнопленных действительно убивают, отправляя матерям фото и видео трупов их сыновей. 

Со своей стороны можем подтвердить, что так терроризируют матерей военнослужащих из Краснодарского края. Но уверены, что в других регионах происходят аналогичные случаи. 
#Россия #Украина #терроризм 
@rybar

__*Поддержать нас:__ `4377 7278 0407 7977`",,,
24919,"Зрада пришла, откуда не ждали.
Норвежская вещательная корпорация NRK называет пять  причин, по которым Украине не светит ЕС прямо сейчас.

✔️ повсеместная коррупция;

✔️ проблемы с верховенством закона и демократией;

✔️ экономику и политику контролируют олигархи;

✔️ нищета и национализм;

✔️ ускоренное вступление Украины в ЕС будет несправедливым по отношению к странам, которые ждут этого годы.

@sashakots",,,
24920,"❗️**Г. Рубежное завален трупами военных ВСУ и НАТОвским оружием**. 

Помощник Главы Чеченской республики по силовому блоку **Апты Алаудинов** выложил видео с жуткими кадрами. Слабонервным просьба не смотреть. Сюда выложить не можем, посмотреть можно в закрытом канале наших друзей: https://t.me/+bq3mavYJocJjMDM6",,,
24921,"Подписчики засылают вот такие агитационные реактивные снаряды в сторону противника)) Подтверждаю написанное. Плен - это не страшно. И не позорно. 

@sashakots",,,
24922,"Обычный садик в Красном Лимане. Хотя нет, это целый укрепрайон украинских боевиков!

Благодаря саперам ⭕️тважных удалось разминировать это учреждение и избежать жертв.

@sashakots",,,
24923,"**Супер АКЦИЯ** 🔥 👉🏻[**МАГАЗИН**](https://t.me/+xoP-MCfWBycxNzFi) **

🔥 **Неубиваемый Топор СССР + ТРИ ножа  и Огниво-вечная спичка пуля в подарок❗️**🎁 

**__Кизлярские Ножи__**🔪 

Также Бесплатная гравировка любой сложности ❗️

**[**ПО ЗАКАЗУ И СОТРУДНИЧЕСТВУ**](https://t.me/noji_kizlyara1)⬇️⬇️⬇️

👉🏻[https://t.me/noji_kizlyara1](https://t.me/noji_kizlyara1)**

👉🏻**[**ТЕСТ**](https://t.me/c/1469884542/3475) на данный набор 🔥**

💣Ножи от производителя❗️

Оптом и в розницу ❗️

🔝Лучшие ножи, шашлычные наборы кинжалы , сабли и многое другое❗️

Отправь другу и получи скидку !🤝
Весь товар сертифицирован 
❗️Принимаем заказы 24/7 
Так же можете написать на 

**[**What’sApp**](https://wa.me/79657611115)** 👈🏻**",,,
24924,"Осколки от НАТОвской артиллерии, которая била по Северодонецку.

@sashakots",,,
24925,"Американская гаубица М777 (три топора), бившая по мирному Рубежному, закончила свой жизненный цикл под Лисичанском.

@sashakots",,,
24926,"❗️❗️❗️

**Бойцы 1117 батальона армии ДНР удерживают позицию, которая находится в подкове противника, но это важная точка на пути к Авдеевке - здесь самый укрепленный район ВСУ. С этого направления украинская армия бьет артиллерией по Донецку, беспощадно разбивая дома и убивая мирных жителей. Репортаж с места корреспондента SolovievLive **[**Сергея Макаренко**](http://t.me/MakarenkoLive)",,,
24927,Наши кадры с места обстрела центра Донецка бул Пушкина. Предварительно три прилёта.,,,
24928,"☝️☝️☝️

Замечу, что, когда я в 2016 году переехал на Донбасс, моей семье в Нижнем неизвестные устроили своеобразный террор: клеили чёрный крест на лобовое стекло машины, били бутылки кетчупа у дверей (крррровь!), погребальные костры у окна зажигали - веселились как могли.

Много у нас ещё всякой мрази в России обитает.",,,
24929,"В Нижнем Новгороде ночью сожгли машину директора одного из фондов, которые помогают нашим бойцам на передовой, собирая средства и закупая необходимые экипировку и девайсы. Хозяйка машины полагает, что поджог связан именно с этой деятельностью. Но обещает продолжить гуманитарную работу.

@sashakots",,,
24930,"Будни войны. Саперы обезвреживают неразорвавшиеся боеприпасы в Изюме.

@sashakots",,,
24931,"Донецк. Сейчас. Последствия артудара

@MakarenkoLive",,,
24932,"#Эксклюзив. Кадры успешной работы средств ПВО группировки ""V"" на Изюмском направлении.
Работайте Братья 🇷🇺

@CheckmateinRussian",,,
24933,"Был Крымский консенсус, стал Украинский консенсус. 

В России выросло число людей, одобряющих действия Путина, по данным ВЦИОМ - до 78,3%.

В первые дни после начала СВО этот показатель был 70,4%.

Рейтинг доверия Путина сейчас - 80,8%, тогда как в первые дни СВО Путину доверяли 73% граждан, сообщает ВЦИОМ.

@sashakots",,,
24934,"Зубодробительное интервью с бойцом армии ДНР, который встретился со своим убийцей - попавшим в плен морпехом 36-й бригады ВСУ. 

«…Били сначала руками и ногами. Потом принесли биты, сломали ребра, руку. Один сказал: «Сейчас испытаешь контузию от 152-го снаряда». Положил мою голову себе на берцу и рукой бил по уху сверху. Из уха кровь. Подняли и снова…

…Открылась дверь, вошел человек и сказал: «Или сотрудничаешь с нами, или пустим в расход». Я отказался: предательством клеймить себя не буду. Это его взбесило, он вытащил штык-нож и начал бить меня им. Первый удар в плечо, потом в ключицу, три удара в спину, два в шею и в голову еще два. Я уже упал, а он пытался мне нож в голову всадить, получились переломы костей черепа. Пошла кровь. Он присел и с улыбкой сказал: «Хочу видеть, как ты умираешь». Это ему нравилось. Потом добавил: «Ты настоящий воин, не скулил. Хочу, чтобы ты знал: тебя убил «Саид». Я попросил умереть самому. Он согласился и ушел.

…Я понял, что это возможность - притвориться мертвым. Через двое суток они зашли и потащили меня на носилках на улицу. Я слышал, кто-то сказал, что надо меня кинуть подальше за котельную: «чтоб не вонял». Мне повезло, что у них не было медика, а они не проверили пульс — иначе добили бы. Выбросили и ушли…

…Я по осколкам стекла полз и на шум выскочили какие-то люди. Оказались ВСУшники. Так я снова попал в плен, в третий раз, получается. Мое удостоверение осталось у украинских морпехов, только форма ДНР, поэтому эти не могли определить, кто я такой. Я это понял и сказал, что мобилизованный, попал под артобстрел, а потом полз, не зная куда. Немного побили, но это ничто, по сравнению с тем, что было. Их медик осмотрел раны и сказал, что похоже на осколки. Они успокоились и заперли меня в каком-то помещении. Пролежал там дня два, они зашли, сказали, что уходят и дают мне шанс, оставляют меня здесь. Но дверь заблокировали. А часа через три услышал, как кто-то ходит, разбирает металл у двери, открыли и спросили: есть кто живой. Я ответил.
Не верил своему счастью, когда на руках вошедших увидел белые повязки…

…Честно? Разорвать его хотелось, сдерживал себя, тяжело очень было, все воспоминания нахлынули сразу. Но понимал — во-первых, он пленный, во-вторых, мы не такие, как они, мы не скоты. Бог ему судья, я ему так и сказал…»

[Читать целиком](https://www.kp.ru/daily/27403/4599861/).

@sashakots",,,
24935,"Одно из ключевых военных орудий сегодня – информация. Прямо на передовой или в тылу – везде достаточно шумихи, разрулить которую помогают заслуживающие доверия каналы. 

Один из таких [ХОЛИВАР](https://t.me/huliwar) – его автор давно и регулярно анализирует важнейшие новости, метко расставляет акценты и практикует искрометный сарказм. 

Подписаться: @huliwar",,,
24936,"Бойцы группировки «О» рассекают по зоне СВО на бронепоездах)

@sashakots",,,
24937,"А можно самую малость поправить федеральные СМИ? Вот я у многих читаю сегодня, что Гребенщикову прилетело за позицию по СВО. 

И всякий раз, когда очередной «совестливый» теряет возможность зарабатывать деньги в стране, которую не уважает, вы пишете о его позиции в отношении спецоперации. 

Простите меня, дорогие коллеги, но хватит плодить «мучеников», цепляя импортные обороты. Они стройненькие и лаконичные, но суть дела не отражают. 

Вас почитать - выходит, что урганты-галкины принимают муки за гражданскую позицию. Серьезно? 

А вот я бы сказал, что их наказывают рублем за отсутствие позиции в отношении многолетней карательной операции против людей Донбасса.

Они ведь не СВО осудили, а прекращение ООС. Чувствуете разницу?

Позиция - это советский магазин. Если ты против СВО, то автоматически поддерживаешь обстрелы Горловки. Нет, можно и в белом пальто красиво рассекать. Смысла никакого, но можно. 

Только на практике в «совестливые» в белых пОльтах не ходють. У них все четко: СВО - плохо, АТО и ООС - хорошо.",,,
24938,"**⚡️📣Люди, выступающие за Россию и  за Украину, живут бок о бок в зоне боевых действий⚡️📣

**В зоне боевых действий в Украине живут люди поддерживающие как Россию, так и Украину. В этом репортаже я пытаюсь выяснить, чего хотят люди в подконтрольной России Херсонской области Украины. Результаты могут вас удивить. Смотреть до конца

__Я независимый журналист, финансируемый только за счет пожертвований моих зрителей.
Вы можете поддержать мою работу через Сбербанк, номер карты ____4817760356637581____

__**⚡️📣Люди, выступающие за Россию и  за Украину, живут бок о бок в зоне боевых действий⚡️📣
**https://www.youtube.com/watch?v=Hhk8r7noUQw&feature=youtu.be",,,
24939,"Не то, чтобы мужики Украины не хотели идти воевать. Просто они хотят за границу работать, а также на роды своих жен. Буквально одним глазком, на 10 дней. 

На сайте президента незалежной публикуют петиции за отмену запрета мужчинам на выезд за кордон.

@sashakots",,,
24940,"**В ближайшие недели нас может ждать морская десантная операция по освобождению острова Первомайский

**Этот искусственный островок насыпали по приказу создателя Черноморского флота князя Потёмкина. 

В имперские годы на нём создали форт для защиты от кебабов входа в Днепро-Бугский лиман. 

Самое время вернуть на остров русский крепостной флаг! 

__Подробнее: 
__https://mashnews.ru/istochnik-kontrol-nad-ostrovom-pervomajskij-pozvolit-obezopasit-vyixod-iz-dnepro-bugskogo-limana.html",,,
24941,"**❗️Около 100 «повесточников» работают в Харькове. СБУ ищет «предателей», но не находит. 

**По данным «Иди и смотри», около 100 «повесточников» пытаются отправить харьковчан на фронт. 

💬__«Повесточники появлялись уже возле всех без исключений ТЦ и крупных транспортных узлов. Работает около 12 групп по 6-8 человек»__, — рассказал источник канала. 

По его словам, также в городе продолжает уменьшаться число военного транспорта и увеличиваться — гражданского. 

💬__«Блокпосты стоят пустые, и даже в укреплениях на Салтовке мы замечаем все меньше всушников»,__ — отмечает собеседник канала. 

Это связано с постоянной российской «калибровкой» позиций ВСУ. Как мы писали ранее, благодаря возвращению многих жителей в город точные попадания по позициям ВСУ значительно выросли. 

Как отмечает харьковчанин, СБУ имитирует деятельность по поиску «предателей» и корректировщиков. Судя по отсутствию отчетов по поимке — имитация идет успешно.

**__@smotri_z__**",,,
24942,"Хитровыдуманный зажиточный одессит нашел способ откосить от службы в ВСУ в условиях повальной мобилизации. Не желая идти на верную гибель, бизнесмен Александр Яковенко решил откупиться своим имуществом. Так, Яковенко выставил на продажу свои автомобили Range Rover и Tesla, а также мотоцикл BMW общей стоимостью на 120 тысяч долларов, которые он планирует передать украинской армии. При этом предприниматель призывает выкупить лоты дороже – в любом случае все деньги уйдут на нужды ВСУ.
Но дело здесь не только в нежелании граждан “незалежной” лежать в окопах – где же 40 миллиардов от США? Да и где остальные средства выделенные армии Украины? Эти вопросы в целом риторические.

Новость от подписчика.

@sashakots",,,
24943,"Очередные кадры работы российской армейской авиации на границе Харьковской области и ДНР. Обратите внесение,как на первом видео вертолеты чуть не попадают под залп артиллерии.",,,
24944,"Приговоренному к смертной казни наемнику Эйдену Айслину дали возможность посредством собственного YouTube-канала привлечь внимание британских властей, вовлекая их в процесс и вынуждая контактировать с ДНР, а главное говорить о том, что их гражданин совершил ряд преступлений в другой стране. 


Что будет делать YouTube? Заблокировать канал Айслина пока его не раскрутили – значит заткнуть рот европейцу, который просит о помощи. Не заблокировать – придать огласке не самую приятную правду о реальном положении дел на Украине. А значит придется что-то предпринимать, как-то оправдываться и искать пути решения. 

Любой из вариантов нам выгоден)

https://youtu.be/MyUo58ZUlGc",,,
24945,"😋 В Москве есть кондитерская, где готовят наполеон и медовик по рецепту, которому 50 лет. 

Как говорят в самой кондитерской: торты пропитываются в специальных условиях в течение 12 часов. 

Вкус получается как в детстве, тот самый, что был в старые добрые времена!

Берите на заметку, они есть в Telegram: [@varlamovanapoleon](https://t.me/+BZ7-wXWmEABmYzIy)",,,
24946,"Где фашисты? Не вижу!

Ничего необычного, просто «местный житель осматривает повреждения микроавтобуса в результате российского удара по Харькову», как пишет Рейтер.

Что тут можно сказать - промахнулись. Рейтер зафиксировал фашизм, которого на Украине нет. Проверил, **это не фотошоп, свастика на руке есть на оригинале снимка на сайте агентства.**

@sashakots",,,
24947,"Если вы еще не устали слушать про зверства украинских нацистов и прочего хохлоотребья, то вот вам еще одна история, которую шепотом пересказывают друг другу жители Славянска весь последний месяц.

Главное правило гражданского человека на войне гласит: «Если война идет к твоему городу, то немедленно убегай. Бросай всё и убегай». Ведь ни одна корова и ни один холодильник не стоит твоей жизни, которая может внезапно оборваться от случайного снаряда или пули.

Именно так и поступила жительница города Славянск по имени Алиса. В середине апреля, испугавшись возможных последствий войны, забрав с собой маленькую дочку и самое необходимое, она отправилась в Днепропетровск, так как украинские власти перекрыли все возможные выезды в сторону России. На подъезде к городу, у блок-поста машину остановили уголовники из территориальной обороны… В ходе проверки документов, бандиты узнали, что Алиса является двоюродной сестрой народного мэра Славянска Вячеслава Пономарева. После этого, упиваясь мнимой властью нацисты, с промытыми киевской пропагандой мозгами, просто и цинично расстреляли её и её малолетнюю дочь из автоматов…

Взрослый сын Алисы, начал поиски, после того как она перестала выходить на связь и спустя, почти месяц нашел тела своей матери и сестренки у того самого блок-поста. Их останки были спрятаны в канаве на обочине дороги…

Думаю, не стоит рассказывать, какими нудными, унизительными и безрезультатными были попытки сына найти виновных в этом чудовищном зверстве. Ни для кого не секрет, что для нынешнего политического режима Украины, жители её востока всегда являлись людьми низшего сорта. В итоге, отчаявшегося, уже было парня вызывали в местное отделение дорожной автоинспекции, где абсолютно буднично сообщили, что его семья погибла в ДТП и даже выдали справку с печатью, на которой красовался державный герб…

Только представьте, что пришлось пережить этому парню… Представьте, что ежедневно испытывают сотни тысяч жителей восточной Украины, осознавая свою беззащитность и полную бесправность перед вооруженными нацистскими формированиями и теми, кто пока еще стоит у власти этого многострадального государства.",,,
24948,"Синоптики ⭕️тважных выезжают на позиции. По прогнозу сегодня - ""Ураган"".

@sashakots",,,
24949,"Наблюдаю странные попытки призвать донецкую Фемиду к гуманности в отношении трех иностранных наемников, осужденных к высшей мере наказания. Дескать, приведенный в исполнение приговор отпугнет в будущем таких же ублюдков от добровольной сдачи в плен.

Так и правильно, не надо дожидаться «эвакуации». Надо собирать свои манатки и оперативно двигать в сторону польской границы, пока карающая длань правосудия не легла на натертое автоматным ремнем плечо. 

Скорый, справедливый и показательный суд над «дикими гусями», приехавшими фактически в Россию на сафари, напротив призван спасти десятки и сотни жизней таких же любителей острых ощущений, еще не приехавших на Украину.

Надеюсь, этот процесс будет широко освещен на Западе и заставит одуматься тех, кто собирается в незалежную убивать русских. 

@sashakots",,,
24950,"**Делимся **[каналом](https://t.me/+NITnWhD-JZliNjhi)**, где** **каждый день подписчики забирают БЕСПЛАТНО:** 

- Подписки на различные Онлайн-кинотеатры;
- Каждый подписчик может забрать 1000₽ или 2000₽ ([вся информация тут](https://t.me/+NITnWhD-JZliNjhi)) 😊
- Скидки на фаст фуд и доставку продуктов!

Рекомендуем подписаться, там каждый день мониторят топовые скидки и сливают их подписчикам - вот ссылка, сохраняйте: https://t.me/+NITnWhD-JZliNjhi",,,
24951,"[Сань](https://t.me/sashakots/33544), в плен Камаз попал в берцах без шнурков). Кстати, все время   просил дать понюхать ему нашатырный спирт, мол от страха кружилась голова.",,,
24952,"⚡️Суд ДНР приговорил иностранных наемников, воевавших против Донбасса и РФ, к смертной казни.

@sashakots",,,
24953,⚡️ В данный момент нацисты ведут обстрел окраин Киевского района г Донецк.,,,
24954,"Последствия ударов по машиностроительному заводу в Артемовске (временно называется Бахмутом). ВСУ по традиции размещают технику и рембазы на промышленных предприятиях.

@sashakots",,,
24955,"Глава ДНР Денис Пушилин и председатель «Промсвязьбанка» Петр Фрадков подписали соглашение о сотрудничестве

Банк уже начал свою работу на территории республики

@MakarenkoLive",,,
24956,"Беженцев из Украины в Болгарии переселяют из прибрежных отелей в лагерь с 10-метровым забором и колючей проволокой, который, похоже, строился как фильирационный пункт для «гостей» с Ближнего Востока. Почему переселяют:

""Еще так стыдно мне не было никогда. В одной из гостиниц нам отказались показать номера, потому что там 3 месяца жили украинские беженцы по программе правительства Болгарии. Оказалось, что номера ""убиты"" и реально нуждаются в реновации, туристов туда поселить не могут. Гостиницы, принимавшие беженцев в ужасном состоянии и не готовы на 100% к летнему сезону. Наши временные переселенцы просто оставили после себя загаженные комнаты"", - написала на своей странице в Facebook представитель туристического агенства Buktravel из Черновцов Наталья Андрусяк, которая побывала в Болгарии с инфотуром.

Андрусяк пишет, что ее ""добили"" фото номера в гостинице, где ""дерьмом"" на стене написали «Слава Украине». 

@sashakots",,,
24957,"**Главный канал о железных дорогах?** 
[Коварная колея](https://t.me/trickyrails)!  

Кто виноват в ж/д-катастрофах, за чей счет страдают люди, почему ущербны оснащение и инфраструктура, чьи головы полетят следующими — вся изнанка железных дорог.

Подписывайтесь и читайте [Коварную колею](https://t.me/trickyrails) — поезда навсегда станут для вас чем-то большим, чем просто транспортом.",,,
24958,"Разбирая трофеи на Николаевском направлении. Колесо генотьбы в миниатюре. Тот неловкий момент, когда от перемоги до зрады всего один взгляд. На циферблат.

@sashakots",,,
24959,"Сегодня к 11 утра на харьковском направлении союзные войска завершили зачистку и взятие под контроль н.п. Терновая и Варваровка.Началась зачистка примерно в 3 часа ночи и полностью завершилась к 11 утра.
Именно с позиций всу в Терновой производились обстрелы Белгородской области и позиций ВС России. 
 Стоит отметить здесь хорошую работу нашей арты, заставившей разбежаться хазар и здорово облегчившей работу нашим штурмовым подразделениям.",,,
24960,"Министр обороны Украины Алексей Резников, походя, унизил все армии Старого Света. Говоря о поставках техники на Украину, он заверил, что **оружия, которое уже поступило в незалежную, хватило бы для победного сопротивления от любой армии Европы, но не от России.**

Также он заявил, что:

✔️ситуация на фронте тяжелая. Кремль пока что имеет силы для продвижения на отдельных участках фронте;

✔️ потери ВСУ каждый день составляют до сотни бойцов убитыми и до 500 ранеными;

✔️ Польские САУ «Краб» 155-калибра уже находятся на фронте (на видео).

@sashakots",,,
24961,"А вот и сам Камаз из роты теробороны «[Голубая устрица](https://t.me/vysokygovorit/8307)» в естественной среде обитания. Радуется обновкам. На униженного и оскорбленного не похож. Интересно, в плен попал уже в новых кроссовках, @vysokygovorit ?

@sashakots",,,
24962,"Видео с телефона бойца роты теробороны «[Голубая устрица](https://t.me/vysokygovorit/8307)» Камаза. В свободное от содомии время он занимался минированием мостов.

@sashakots",,,
24963,"Публикуем полное видео допроса **младшего сержанта Варивода Василия Юрьевича**. 

Традиционно рассказы о низком моральном духе ВСУ, нулевом уровне боевой подготовки и о том, как плохо командиры ВСУ относятся к своим подчинённым...

В конце видео Василий жалобно и чуть ли не со слезами на глазах рассказывает, что его товарищи сделали с пленным военнослужащим ВС РФ.

В очередной раз убеждаемся, что таких людей людьми называть нельзя.

Разговаривать с ними также не о чем...

Денацификация.
Демилитаризация.

Только хардкор.

#тактическая_перемога

[👔](https://t.me/tacticalnecktie) [Тактический галстук](https://t.me/tacticalnecktie)",,,
24964,"Начались бои за Славянск, сообщает штаб территориальной обороны ДНР

[Подписаться на @truekpru](https://t.me/+p3pOHrMFlcI0NWRi)",,,
24965,https://t.me/udjat_eye/95,,,
24966,"Восьмиклассница Лиза Авдеева из станицы Степной Краснодарского края продолжает писать картины в поддержку воинов СВО. На потрёте изображён участник известного [отражения атаки](https://t.me/sashakots/31978) на блокпост в Брянской области.

Другие работы Елизаветы можно посмотреть в виртуальной галерее 
https://my.matterport.com/show/?m=Ay2BXuj9ipP

@sashakots",,,
24967,"Говард Баффет встретился в Киеве с представителями Министерства аграрной политики и продовольствия Украины, где стороны обсудили вопросы продовольственной безопасности, помощи украинским аграриям во время будущей жатвы и посевной кампании озимых культур

Американский бизнесмен на фоне тяжелейшего мирового продовольственного кризиса будет помогать украинцам. Ага. Никаких сомнений 😂

@Sashakots",,,
24968,"⚡️Уникальные кадры удара барражирующего боеприпаса «Куб» по опорнику ВСУ. На Бахмутском направлении работает десантура.

@sashakots",,,
24969,"**90% фишек интернета и гаджетов скрыты от наших глаз

**Например, с помощью WI-FI можно **тайно следить** за экраном компа\телефона

А Ваши удаленные фотки и переписки хранятся в памяти устройства

Об этом молчат все, но рассказывает канал [ITeach](https://t.me/+37CjmlczBRBhNGYy)[
](https://t.me/+dwjyIxpq9DVkZjky)
Ребята обучают пользоваться интернетом/компом/смарфоном на **полную катушку**.

Если вы используете **обычный поиск в яндексе/гугле**, и ваш телефон до сих пор теряет связь в лесу — **точно сохраняйте** [@iteach_tb](https://t.me/+37CjmlczBRBhNGYy)",,,
24970,"⚡️Эксклюзив на канале

Российская реактивная артиллерия денацифицировала САУ «Пион» ВСУ под Артемовском, который, по недоразумению, пока называют Бахмутом. Но это не надолго. 

@sashakots",,,
24971,Вот так они ложатся в окопы своих предшественников и ждут прихода русской артиллерии.,,,
24972,"[​](https://telegra.ph/file/76762f1917ed54c3d8a02.jpg)**❗️Собрали для вас ТОП-12 малоизвестных высказываний Владимира Путина, которые должен знать каждый:

**1. Россия такая страна, которая ничего не боится.

2. Мне в страшном сне не могло присниться, [что я когда-нибудь](https://t.me/+ma01xZ5dEUM2NjZi) [буду](https://t.me/+SazPrGjE4xkzYWEy)...

3. Америке не нужны союзники, [им нужны вассалы](https://t.me/+ma01xZ5dEUM2NjZi), а я долго думал почему они..

4. Мы знаем, где находится штаб, который пытается управлять миром,[ ](https://t.me/+SazPrGjE4xkzYWEy)[и он находится...

](https://t.me/+ma01xZ5dEUM2NjZi)5. Все, что мешает идти вперед, должно быть зачищено, отброшено.

6. Мы что, колония чья-то что ли?[ Зачем мы взяли обязательство](https://t.me/+ma01xZ5dEUM2NjZi) ...

7. Деньги не нужны:[ эти бумажки ](https://t.me/+ma01xZ5dEUM2NjZi)уже в современной экономике...

8. Если человека все устраивает, [то он полный идиот](https://t.me/+ma01xZ5dEUM2NjZi), потому что...

9. Мы враскорячку стоять не умеем, мы твёрдо стоим на ногах и всегда смотрим в будущее.

10. Я голубь, но [у меня очень мощные](https://t.me/+ma01xZ5dEUM2NjZi) ...

11. Есть три пути воздействия на человека: [шантаж, водка и](https://t.me/+ma01xZ5dEUM2NjZi)...

12.  Медведь ни у кого ни чего спрашивать не будет, [он просто возьмет и.](https://t.me/+ma01xZ5dEUM2NjZi)..

**✅ Продолжение всех фраз полностью на канале канале -** ""[ПУТИН в Telegram](https://t.me/+ma01xZ5dEUM2NjZi)""",,,
24973,"Систематические обстрелы Донецка со стороны вооруженных (бандитских, террористических) формирований продолжаются...

Сегодня днём, в час пик, был обстрелян центр Донецка.

Снаряды упали возле донецкой ОГА (Университетская,32), Центра Славянской культуры, по Ватутина - Р.Люксембург (повреждена электроподстанция и обесточен целый микрорайон)...

На Университетской ранение получили работница киоска ""Пресса"" и мама с дочкой...

Все преступления зафиксированы...

Чего добились укронацисты? Одного. Нулевой терпимости к их артиллеристам...",,,
24974,"Снова прилет по центру Донецка. Снаряд разорвался на проезжей части у дома 32 по Университетской улице. Пострадал киоск, автобусная остановка, выбило окна в здании, порвало провода.

Через дорогу - дом областного правительства Донецка. Пока ВСУ пристреливаются. Потом начнут бить по «центрам принятия решений». А мы когда?",,,
24975,"Осколок с места удара по Университетской

Это в пятидесяти метрах от места, куда 14 марта ударила «Точка-У»

@MakarenkoLive",,,
24976,"Канал про культуру, пишущий про Донбасс — это, как минимум, необычно.

Поэтому на «[Бахчисарайские гвоздики](https://t.me/darkmgimo)», один из главных каналов в тг про искусство и культуру, который съездил в [Донецк](https://t.me/darkmgimo/11646) и [Мариуполь](https://t.me/darkmgimo/11741) и написал о своих впечатлениях, точно стоит обратить внимание.

Советую подписаться — https://t.me/darkmgimo",,,
24977,"Редакция нашего канала нашла в Мариуполе квартиру нациста [Давида Касаткина по кличке Химик](https://t.me/MilitaryCriminal/248), где будущий каратель батальона «Азов» жил несколько лет назад.

Сам Касаткин заявлял, что убьёт главу Чечни Рамзана Кадырова. 

Касаткин привлёк внимание СМИ во время сдачи в плен с завода «Азовсталь». На теле нациста набито огромное количество татуировок: на спине — Бафомет, на руке — коловрат. И далее надпись: «Всех убить, всё отнять».

Бафомет — это представитель пантеона сатанинских божеств, ассоциирующийся с дьяволом. Также этот демон является лицензированным символом Церкви Сатаны, одной из официальных религий в США.

Как рассказали соседи нациста, вырос Касаткин в приличной семье, ничем особенным не выделялся.

Интересно, что среди найденных документов и бумаг в квартире присутствует номер газеты, специально созданной для нацистов.

Дом разбит артиллерией. Неудивительно, ведь именно бойцы нацбатов обещали местным жителям оставить город в руинах.

@MilitaryCriminal",,,
24978,"Кулеба иностранных дел Украины: ""Украина не будет воспринимать никакие суррогатные версии или альтернативы (какими бы розовыми они не были) статуса кандидата. Нам нужен статус кандидата в членство в ЕС. Не кандидата в кандидаты, не потенциального кандидата, не другой суррогат, ничего этого. Мы уже давно играем в эту игру, мы знаем, как это все работает""

@sashakots",,,
24979,"Лавров: ""Мы напомнили сегодня, что уже больше месяца, если не два месяца, наш Черноморский военно-морской флот объявляет гуманитарные коридоры от территориальных вод Украины до, по сути дела, пролива Босфор, которые могут использоваться всеми судами, которые желают выйти оттуда и направиться в порты постоянной приписки, порты разгрузки. До недавнего времени украинские власти, включая президента Зеленского, публично отвергали свою готовность разминировать эти территориальные воды, чтобы начать этот процесс

Но если теперь, как нам турецкие друзья говорят, украинская сторона готова обеспечивать проход - либо разминировать, либо обеспечить проход через минные поля, - будем тогда надеяться, что проблема будет решаться. Если созрела киевская власть, мы будем только рады сотрудничать

Доля этого зерна, о котором идет речь, меньше 1% от общемирового производства пшеницы и других злаковых. Поэтому какого-либо отношения к продовольственному кризису нынешняя ситуация с украинским зерном не имеет""

@sashakots",,,
24980,"**⚡️ForeignCombatants.ru**** — наша база данных иностранных наемников и добровольцев, принимающих участие в боевых действиях на стороне Украины

**С первых дней СВО команда** «Рыбаря»** пишет про иностранцев, решивших «поиграть в войну» на Украине. Хотя в «Интернациональном легионе территориальной обороны Украины» хватает ветеранов, подавляющее большинство — это страйкболисты и киберспортсмены. 

Несмотря на огромное количество публикаций в зарубежных СМИ о нелегкой доле наемников на Украине, никто ещё не додумался создать единую публичную базу, чтобы показать масштаб бедствия.

Мы совместно с проектом **@vatfor** это сделали: при помощи волонтёров ведётся сбор, каталогизация и перевод информации на иностранные языки. 

❗️**Цель проекта ****ForeignCombatants.ru**: убедить искателей приключений отказаться от роли «пушечного мяса» и показать, как власти Украины их всех просто используют. 

__Если хотите присоединиться к волонтёрской команде и помочь, милости просим: пишите в __**__@fcomb_bot__**__. 

__**Ваш ****@rybar****

**__*Поддержать нас:__ `4377 7278 0407 7977`",,,
24981,"Норвегия передала Украине 22 155-мм самоходные гаубицы М109 в комплекте с боеприпасами, снаряжением и запчастями.

""Украина специально запросила этот вид оружия. Ход военных действий в Украине в настоящее время диктует необходимость предоставить более тяжелую артиллерию и системы вооружений"", - заявил министр обороны Норвегии Бьёрн Арильд Грам.

Тем временем в Донбассе уже начали уничтожать эти гаубицы. Горят также, как и любые другие.

@sashakots",,,
24982,"«Для тех, кто любит “читать между строк”

Укровояка решил записать духоподъемное видео, где попытался убедить всех, что ВСУ не сдают позиции и у них все хорошо. 

Но на фоне танк очень подло показал реальное направление движения украинских войск».

Юмор от подписчиков:)

@sashakots",,,
24983,"Для журналистов вход на ""Азовсталь"" открыт только с востока — через Левобережный район. У въезда безмолвным стражем замер старенький советский танк Т-55. Еще три недели назад он еле держался на сильно поврежденном от артобстрелов постаменте. Чтобы не грохнулся с бетонного блока окончательно, военнослужащие ДНР подогнали ремонтно-эвакуационную машину и оттащили раритет к своему блокпосту. Теперь прячутся в тени боевой машины от палящего июньского солнца.

Усыпанная осколками и бетонным крошевом дорога ведет на тот самый мост, где гарнизон ""Азовстали"" сдавал личное оружие, грузился в автобусы и отправлялся в плен. Отсюда видна лишь небольшая часть комбината. Но и так ясно: огромный заводской комплекс превратился в месиво из искореженного металла, обгоревших зданий, битой техники — как гражданской, так и военной.

Мой репортаж с Азовстали по ссылке:

https://ria.ru/20220608/azovstal-1793748652.html",,,
24984,"**⚡️📣Артиллерийские дуэли на юге Украины становятся громче (спецрепортаж с российской артиллерией)⚡️📣

**Мы были с российской армией в Херсонской области, и в этом репортаже российская армия ведет артиллерийский огонь по позициям украинской армии в Днепропетровской области Украины.
Мы сопровождали русских артиллеристов весь день. Они рассказали нам, что снаряды будут поражать только украинские военные объекты и почему они не могут поразить мирных жителей.
__Я независимый журналист, финансируемый только за счет пожертвований моих зрителей.
Вы можете поддержать мою работу через Сбербанк, номер карты ____4817760356637581____

__https://www.youtube.com/watch?v=2qaHNioLWp8&feature=youtu.be

**⚡️📣Артиллерийские дуэли на юге Украины становятся громче (спецрепортаж с российской артиллерией)⚡️📣**",,,
24985,"Сегодня войска героической 20 армии, вошли на территорию Донецкой народной республики.",,,
24986,"🔥Взрыв того самого моста через Северский Донец у Святогорской Лавры. Его, по данным Минобороны, уничтожили украинские заградотряды, пытаясь остановить бегство подразделений ВСУ.

Остатки батальонов 95-й десантно-штурмовой бригады и 81-й отдельной аэромобильной бригады ВСУ бросили военную технику вместе с оружием и рассеялись вдоль побережья.__
__
До восьмидесяти украинских военных преодолели реку вплавь. 

@sashakots",,,
24987,"Пока все вокруг кричат, что российской экономике наступил конец, коллега из МГУ в своем [телеграм канале](https://t.me/joinchat/tpe-EIp0Gy42MWU8) не сеет панику, а остроумно и на доступном языке обьясняет что на самом деле происходит сейчас с экономикой, что будет с курсом рубля и как лучше сейчас распоряжаться деньгами

Сейчас кризис, но его советы по управлению деньгами и финансовые лайфхаки помогут вам не только сохранить свои деньги в эти нестабильные времена, но и приумножить. 

**Советую подписаться. **Такие знания сейчас нужны как никогда — [@ifinvest](https://t.me/joinchat/tpe-EIp0Gy42MWU8)",,,
24988,"❗️**Актуальная карта боевых действий на Славянском направлении

**ВС РФ активно зачищают окрестности Святогорска, до Славянска осталось менее 20 километров.

По данным **«Иди и смотри»,** после взятия Святогорска российские войска ведут зачистку лесного массива.

__«Вошли в Богородичное, до Славянска меньше 20 километров»,__ – рассказал источник канала. 

По его словам, бои также идут в Краснополье. 

Восточнее бои идут в промзоне Северодонецка. После ее зачистки российская армия, скорее всего, начнет наступление на Лисичанск, а затем и на сам Славянск. 

Судя по всему, российские части планируют сомкнуться в районе Славянска и Краматорска. Здесь и будет кульминация битвы за Донбасс.

**__@smotri_z__**",,,
24989,"Минобороны РФ показало кадры уничтожения норвежских самоходок на Украине

[Подписаться на @truekpru](https://t.me/+p3pOHrMFlcI0NWRi)",,,
24990,"Народный фронт запустил проект по сбору средств на нужды подразделений Донецкого и Луганского корпусов. На нем будут аккумулироваться заявки и по мере сбора необходимой суммы ОНФ будет закупать и доставлять то, что необходимо бойцам на передовой.

Сейчас есть несколько активных сборов, в том числе - от моего имени для одного из подразделений армии ЛНР. 
https://pobeda.onf.ru/Requirements/kots

@sashakots",,,
24991,"**Военкор ""КП"" Александр Коц рассказал о возможностях обмена украинцев на русских солдат

**💬 __Около 500 наших военнослужащих находятся в плену на Украине. Периодически, конечно происходят обмены, но почему мы их не афишируем я не понимаю. Я конечно за то, что бы наши ребята поскорее вернулись домой, но проблема в украинской стороне, они не идут на контакт по обменам, им не нужны эти люди.

__@sashakots

[Подписаться на @truekpru](https://t.me/+p3pOHrMFlcI0NWRi)",,,
24992,"**Москва, внимание! **Все новости и события столицы — в одном проверенном канале.

[**Москва сейчас**](https://t.me/mosnow)** — это мероприятия, анонсы, прогнозы, вообще все то, чем дышит столица.** Быстро, доступно и ярко. Этот канал жизненно необходим в подписках для каждого, кто живет или планирует посетить Москву!

Подписаться: @mosnow",,,
24993,"**Военкор ""КП"" Александр Коц: Выход на границы республик Донбасса украинской проблемы не решает

**__💬 Я очень много встречаю людей на освобожденных территориях в Рубежном и Изюме, где люди говорят, вы только не останавливайтесь на полпути.

__@sashakots

[Подписаться на @truekpru](https://t.me/+p3pOHrMFlcI0NWRi)",,,
24994,"⚡️Первые кадры освобожденной Святогорской Лавры в ДНР. ВС РФ продолжают наступление на Славянск.

@sashakots",,,
24995,"⚡️⚡️⚡️ Свидетельства местных жителей и монахов в освобожденном Святогорске Донецкой Народной Республики подтверждают факт умышленного поджога 5 июня украинскими националистами деревянного скита Всех Святых Земли Русской.

ВСУ рассчитывали прикрыться православными святынями Святогорской Лавры в качестве своего «щита».

Наглость украинских националистов вызвала возмущение местных жителей. Они потребовали от военных удалиться с территории Лавры, чтобы не допустить ее разрушения.

К 4 июня с.г., в ходе боев в Святогорске, украинская группировка войск утратила контроль уже над большей частью города. По словам местных жителей, из установленного на бронеавтомобиле крупнокалиберного пулемета, очередью зажигательных боеприпасов был подожжён новопостроенный в 2009 году деревянный скит Всех Святых Земли Русской.

Потушить загоревшийся скит безуспешно пытались не только монахи, но и прибывшие к ним на помощь члены местной территориальной обороны. 
Националисты этому препятствовали, открыв огонь на устрашение.

Несмотря на проходившие в Святогорске боевые действия никаких повреждений исторических и православных памятников на территории Свято-Успенской Святогорской Лавры российскими военнослужащими не допущено.

(C) Минобороны

@sashakots",,,
24996,"Дмитрий Анатольевич продолжает отливать в граните.

https://t.me/medvedev_telegram/105",,,
24997,"По мере того, как территории Донбасса постепенно возвращаются к мирной жизни, неоценим вклад саперов 
⭕️тважных 💪

Военнослужащие инженерно-саперного взвода проводят разминирование в районе поселка Лозовое, чтобы жители как можно скорее вернулись к работе на своих бескрайних полях.

@sashakots",,,
24998,"Живешь в Москве или мечтаешь побывать здесь? Нашли для тебя секретный канал, который выкладывает малоизвестные интересные места столицы: кафе, креативные пространства, коворкинги и многое другое! Будет полезно как туристу так и жителю города

Приглашаем ⬇️
https://t.me/+-I4vbDQ_OvQ5YmQy",,,
24999,"Друзья, в 10:00 начинаем стрим на Ютуб канале «Комсомолки». Все, что вы хотели спросить в Телеграме о ходе специальной военной операции, но не достучались. Задавайте вопросы в стриме - в чате и в комментах.

https://www.youtube.com/watch?v=sWP5uGCjoPE",,,
25000,БМП противника после прямого попадания артиллерии и детонации боекомплекта. Район Артемовска.,,,
