Sr.no,Channel ID,Post ID,Date
1,1003313758,41502,2021-11-30 08:13:19+00:00
2,1003313758,41498,2021-11-30 07:33:01+00:00
3,1003313758,41497,2021-11-30 07:27:33+00:00
4,1003313758,41496,2021-11-30 07:15:32+00:00
5,1003313758,41495,2021-11-30 06:35:15+00:00
6,1003313758,41486,2021-11-29 11:16:59+00:00
7,1003313758,41480,2021-11-29 07:30:43+00:00
8,1003313758,41475,2021-11-29 06:30:34+00:00
9,1003313758,41470,2021-11-28 20:35:21+00:00
10,1003313758,41463,2021-11-28 11:44:10+00:00
11,1003313758,41444,2021-11-27 15:26:26+00:00
12,1003313758,41443,2021-11-27 14:48:12+00:00
13,1003313758,41411,2021-11-26 09:22:47+00:00
14,1003313758,41408,2021-11-26 09:06:27+00:00
15,1003313758,41375,2021-11-25 08:52:01+00:00
16,1003313758,41360,2021-11-24 14:26:14+00:00
17,1003313758,41359,2021-11-24 14:05:54+00:00
18,1003313758,41347,2021-11-24 10:39:44+00:00
19,1003313758,41337,2021-11-24 06:03:56+00:00
20,1003313758,41334,2021-11-23 15:17:15+00:00
21,1003313758,41312,2021-11-23 06:53:13+00:00
22,1003313758,41310,2021-11-22 19:37:18+00:00
23,1003313758,41308,2021-11-22 17:45:29+00:00
24,1003313758,41295,2021-11-22 11:27:41+00:00
25,1003313758,41282,2021-11-22 07:16:51+00:00
26,1003313758,41265,2021-11-20 14:17:26+00:00
27,1003313758,41264,2021-11-20 13:45:06+00:00
28,1003313758,41260,2021-11-20 12:53:21+00:00
29,1003313758,41257,2021-11-20 11:53:25+00:00
30,1003313758,41252,2021-11-20 08:32:06+00:00
31,1003313758,41248,2021-11-20 06:45:03+00:00
32,1003313758,41244,2021-11-19 13:08:13+00:00
33,1003313758,41234,2021-11-19 08:43:02+00:00
34,1003313758,41224,2021-11-18 14:05:34+00:00
35,1003313758,41220,2021-11-18 11:45:15+00:00
36,1003313758,41217,2021-11-18 08:54:56+00:00
37,1003313758,41216,2021-11-18 08:47:12+00:00
38,1003313758,41213,2021-11-18 08:06:34+00:00
39,1003313758,41208,2021-11-18 07:17:24+00:00
40,1003313758,41206,2021-11-18 07:05:31+00:00
41,1003313758,41178,2021-11-17 08:27:54+00:00
42,1003313758,41169,2021-11-16 14:21:17+00:00
43,1003313758,41165,2021-11-16 13:32:06+00:00
44,1003313758,41164,2021-11-16 13:00:12+00:00
45,1003313758,41158,2021-11-16 11:59:58+00:00
46,1003313758,41156,2021-11-16 10:22:07+00:00
47,1003313758,41147,2021-11-16 08:05:48+00:00
48,1003313758,41126,2021-11-15 14:08:02+00:00
49,1003313758,41119,2021-11-15 10:47:35+00:00
50,1003313758,41116,2021-11-15 08:47:34+00:00
51,1003313758,41103,2021-11-15 05:52:50+00:00
52,1003313758,41095,2021-11-14 13:07:10+00:00
53,1003313758,41090,2021-11-14 08:40:14+00:00
54,1003313758,41081,2021-11-13 17:06:02+00:00
55,1003313758,41072,2021-11-13 08:17:12+00:00
56,1003313758,41064,2021-11-13 05:48:01+00:00
57,1003313758,41052,2021-11-12 14:40:32+00:00
58,1003313758,41042,2021-11-12 08:58:47+00:00
59,1003313758,41027,2021-11-11 17:04:38+00:00
60,1003313758,41025,2021-11-11 16:33:37+00:00
61,1003313758,41022,2021-11-11 13:32:56+00:00
62,1003313758,41021,2021-11-11 13:20:07+00:00
63,1003313758,41013,2021-11-11 10:46:06+00:00
64,1003313758,41000,2021-11-11 06:45:05+00:00
65,1003313758,40985,2021-11-10 13:53:12+00:00
66,1003313758,40983,2021-11-10 12:09:53+00:00
67,1003313758,40982,2021-11-10 11:16:11+00:00
68,1003313758,40979,2021-11-10 10:16:52+00:00
69,1003313758,40978,2021-11-10 09:55:00+00:00
70,1003313758,40970,2021-11-10 07:38:55+00:00
71,1003313758,40958,2021-11-09 15:26:09+00:00
72,1003313758,40956,2021-11-09 14:27:05+00:00
73,1003313758,40954,2021-11-09 13:37:46+00:00
74,1003313758,40936,2021-11-09 07:48:52+00:00
75,1003313758,40920,2021-11-08 17:30:07+00:00
76,1003313758,40881,2021-11-07 09:57:09+00:00
77,1003313758,40869,2021-11-06 21:19:30+00:00
78,1003313758,40851,2021-11-05 11:45:10+00:00
79,1003313758,40832,2021-11-05 05:41:01+00:00
80,1003313758,40826,2021-11-04 15:04:01+00:00
81,1003313758,40824,2021-11-04 12:23:55+00:00
82,1003313758,40821,2021-11-04 11:16:32+00:00
83,1003313758,40809,2021-11-04 06:51:40+00:00
84,1003313758,40793,2021-11-03 12:09:15+00:00
85,1003313758,40777,2021-11-03 07:47:07+00:00
86,1003313758,40772,2021-11-03 07:10:43+00:00
87,1003313758,40766,2021-11-02 20:21:24+00:00
88,1003313758,40747,2021-11-02 07:41:08+00:00
89,1003313758,40730,2021-11-01 16:08:28+00:00
90,1003313758,40729,2021-11-01 15:29:07+00:00
91,1003313758,40722,2021-11-01 11:22:05+00:00
92,1003313758,40719,2021-11-01 10:39:56+00:00
93,1003313758,40690,2021-10-31 08:12:55+00:00
94,1003313758,40688,2021-10-31 07:29:35+00:00
95,1003313758,40674,2021-10-30 12:38:37+00:00
96,1003313758,40657,2021-10-29 13:53:54+00:00
97,1003313758,40654,2021-10-29 12:14:28+00:00
98,1003313758,40649,2021-10-29 09:26:35+00:00
99,1003313758,40635,2021-10-28 18:26:02+00:00
100,1003313758,40634,2021-10-28 18:21:21+00:00
101,1003313758,40608,2021-10-28 07:01:14+00:00
102,1003313758,40575,2021-10-27 11:23:31+00:00
103,1003313758,40573,2021-10-27 10:39:46+00:00
104,1003313758,40564,2021-10-27 08:40:37+00:00
105,1003313758,40545,2021-10-26 13:15:07+00:00
106,1003313758,40542,2021-10-26 12:13:37+00:00
107,1003313758,40539,2021-10-26 11:17:06+00:00
108,1003313758,40524,2021-10-25 19:52:15+00:00
109,1003313758,40505,2021-10-25 08:15:51+00:00
110,1003313758,40494,2021-10-25 06:01:10+00:00
111,1003313758,40490,2021-10-25 05:27:45+00:00
112,1003313758,40481,2021-10-24 08:43:13+00:00
113,1003313758,40473,2021-10-23 21:14:20+00:00
114,1003313758,40469,2021-10-23 15:43:58+00:00
115,1003313758,40464,2021-10-23 09:45:51+00:00
116,1003313758,40453,2021-10-22 13:45:57+00:00
117,1003313758,40447,2021-10-22 11:46:15+00:00
118,1003313758,40429,2021-10-22 09:28:03+00:00
119,1003313758,40427,2021-10-22 09:24:21+00:00
120,1003313758,40425,2021-10-22 09:08:36+00:00
121,1003313758,40422,2021-10-22 08:00:03+00:00
122,1003313758,40417,2021-10-22 06:41:46+00:00
123,1003313758,40408,2021-10-21 17:32:28+00:00
124,1003313758,40403,2021-10-21 14:30:09+00:00
125,1003313758,40389,2021-10-21 10:24:53+00:00
126,1003313758,40377,2021-10-21 08:39:38+00:00
127,1003313758,40366,2021-10-21 05:32:06+00:00
128,1003313758,40363,2021-10-20 20:10:59+00:00
129,1003313758,40337,2021-10-20 08:43:36+00:00
130,1003313758,40335,2021-10-20 08:26:22+00:00
131,1003313758,40328,2021-10-20 07:37:11+00:00
132,1003313758,40326,2021-10-20 07:14:46+00:00
133,1003313758,40311,2021-10-19 16:03:18+00:00
134,1003313758,40297,2021-10-19 13:32:34+00:00
135,1003313758,40284,2021-10-19 09:31:52+00:00
136,1003313758,40282,2021-10-19 08:31:27+00:00
137,1003313758,40279,2021-10-19 06:48:28+00:00
138,1003313758,40262,2021-10-18 12:09:49+00:00
139,1003313758,40249,2021-10-18 07:47:01+00:00
140,1003313758,40248,2021-10-18 07:44:02+00:00
141,1003313758,40244,2021-10-18 06:51:56+00:00
142,1003313758,40235,2021-10-18 06:31:34+00:00
143,1003313758,40232,2021-10-18 06:08:21+00:00
144,1003313758,40222,2021-10-17 10:18:27+00:00
145,1003313758,40217,2021-10-17 09:02:29+00:00
146,1003313758,40204,2021-10-17 06:06:35+00:00
147,1003313758,40196,2021-10-16 08:13:06+00:00
148,1003313758,40165,2021-10-15 05:23:44+00:00
149,1003313758,40160,2021-10-14 14:45:50+00:00
150,1003313758,40146,2021-10-14 08:35:54+00:00
151,1003313758,40144,2021-10-14 07:55:58+00:00
152,1003313758,40126,2021-10-13 13:21:52+00:00
153,1003313758,40125,2021-10-13 13:16:47+00:00
154,1003313758,40087,2021-10-12 12:56:43+00:00
155,1003313758,40086,2021-10-12 12:48:04+00:00
156,1003313758,40072,2021-10-12 09:05:26+00:00
157,1003313758,40067,2021-10-12 08:14:42+00:00
158,1003313758,40048,2021-10-11 16:16:15+00:00
159,1003313758,40047,2021-10-11 15:45:24+00:00
160,1003313758,40039,2021-10-11 09:39:13+00:00
161,1003313758,40028,2021-10-11 06:49:52+00:00
162,1003313758,40026,2021-10-11 05:55:44+00:00
163,1003313758,40021,2021-10-10 18:15:40+00:00
164,1003313758,40016,2021-10-10 15:48:20+00:00
165,1003313758,39988,2021-10-09 07:17:07+00:00
166,1003313758,39977,2021-10-08 15:04:08+00:00
167,1003313758,39972,2021-10-08 11:33:42+00:00
168,1003313758,39957,2021-10-08 07:16:55+00:00
169,1003313758,39925,2021-10-07 10:49:33+00:00
170,1003313758,39916,2021-10-07 06:55:47+00:00
171,1003313758,39881,2021-10-06 07:05:11+00:00
172,1003313758,39863,2021-10-05 13:16:13+00:00
173,1003313758,39860,2021-10-05 10:10:49+00:00
174,1003313758,39843,2021-10-05 06:52:21+00:00
175,1003313758,39842,2021-10-05 06:22:04+00:00
176,1003313758,39835,2021-10-04 21:37:06+00:00
177,1003313758,39829,2021-10-04 21:08:09+00:00
178,1003313758,39827,2021-10-04 20:56:24+00:00
179,1003313758,39813,2021-10-04 18:58:56+00:00
180,1003313758,39812,2021-10-04 18:40:30+00:00
181,1003313758,39808,2021-10-04 18:07:46+00:00
182,1003313758,39804,2021-10-04 17:01:24+00:00
183,1003313758,39795,2021-10-04 12:49:46+00:00
184,1003313758,39788,2021-10-04 11:11:46+00:00
185,1003313758,39785,2021-10-04 11:08:11+00:00
186,1003313758,39770,2021-10-04 06:41:04+00:00
187,1003313758,39768,2021-10-04 05:37:11+00:00
188,1003313758,39759,2021-10-03 12:26:49+00:00
189,1003313758,39753,2021-10-03 08:27:25+00:00
190,1003313758,39745,2021-10-02 15:47:33+00:00
191,1003313758,39738,2021-10-02 08:46:28+00:00
192,1003313758,39728,2021-10-01 18:03:47+00:00
193,1003313758,39725,2021-10-01 14:19:25+00:00
194,1003313758,39719,2021-10-01 12:40:48+00:00
195,1003313758,39692,2021-09-30 14:38:20+00:00
196,1003313758,39676,2021-09-29 20:06:27+00:00
197,1003313758,39674,2021-09-29 18:40:49+00:00
198,1003313758,39672,2021-09-29 17:43:31+00:00
199,1003313758,39670,2021-09-29 17:00:46+00:00
200,1003313758,39665,2021-09-29 16:17:42+00:00
201,1003313758,39649,2021-09-29 09:49:42+00:00
202,1003313758,39637,2021-09-29 05:51:41+00:00
203,1003313758,39628,2021-09-28 12:48:01+00:00
204,1003313758,39609,2021-09-28 07:44:04+00:00
205,1003313758,39604,2021-09-28 07:03:06+00:00
206,1003313758,39601,2021-09-28 06:05:19+00:00
207,1003313758,39588,2021-09-27 14:29:03+00:00
208,1003313758,39571,2021-09-27 09:39:45+00:00
209,1003313758,39567,2021-09-27 07:30:51+00:00
210,1003313758,39559,2021-09-26 14:18:36+00:00
211,1003313758,39554,2021-09-26 09:08:10+00:00
212,1003313758,39550,2021-09-25 14:45:43+00:00
213,1003313758,39548,2021-09-25 11:45:15+00:00
214,1003313758,39546,2021-09-25 11:24:58+00:00
215,1003313758,39536,2021-09-25 07:55:23+00:00
216,1003313758,39515,2021-09-24 10:05:25+00:00
217,1003313758,39504,2021-09-23 17:16:01+00:00
218,1003313758,39498,2021-09-23 12:44:36+00:00
219,1003313758,39496,2021-09-23 11:29:16+00:00
220,1003313758,39491,2021-09-23 09:59:16+00:00
221,1003313758,39490,2021-09-23 09:54:32+00:00
222,1003313758,39485,2021-09-23 09:13:14+00:00
223,1003313758,39484,2021-09-23 08:19:08+00:00
224,1003313758,39479,2021-09-23 06:44:11+00:00
225,1003313758,39476,2021-09-23 06:38:41+00:00
226,1003313758,39473,2021-09-23 05:41:24+00:00
227,1003313758,39457,2021-09-22 08:37:25+00:00
228,1003313758,39451,2021-09-22 06:51:27+00:00
229,1003313758,39440,2021-09-21 13:43:23+00:00
230,1003313758,39428,2021-09-21 08:41:37+00:00
231,1003313758,39415,2021-09-20 14:13:26+00:00
232,1003313758,39414,2021-09-20 14:11:53+00:00
233,1003313758,39406,2021-09-20 11:21:32+00:00
234,1003313758,39405,2021-09-20 10:50:00+00:00
235,1003313758,39386,2021-09-19 13:44:01+00:00
236,1003313758,39383,2021-09-19 09:46:42+00:00
237,1003313758,39381,2021-09-19 08:53:22+00:00
238,1003313758,39375,2021-09-18 12:41:04+00:00
239,1003313758,39370,2021-09-18 08:55:05+00:00
240,1003313758,39369,2021-09-18 08:18:24+00:00
241,1003313758,39353,2021-09-17 12:53:09+00:00
242,1003313758,39336,2021-09-17 06:18:54+00:00
243,1003313758,39322,2021-09-16 15:57:14+00:00
244,1003313758,39321,2021-09-16 14:51:48+00:00
245,1003313758,39313,2021-09-16 12:54:34+00:00
246,1003313758,39311,2021-09-16 11:52:17+00:00
247,1003313758,39306,2021-09-16 09:31:43+00:00
248,1003313758,39305,2021-09-16 09:16:26+00:00
249,1003313758,39295,2021-09-16 06:40:19+00:00
250,1003313758,39279,2021-09-15 17:52:18+00:00
251,1003313758,39260,2021-09-15 09:00:11+00:00
252,1003313758,39245,2021-09-15 06:27:17+00:00
253,1003313758,39238,2021-09-14 18:10:17+00:00
254,1003313758,39233,2021-09-14 14:23:13+00:00
255,1003313758,39226,2021-09-14 11:41:22+00:00
256,1003313758,39220,2021-09-14 08:26:08+00:00
257,1003313758,39215,2021-09-14 08:10:38+00:00
258,1003313758,39199,2021-09-13 16:54:40+00:00
259,1003313758,39188,2021-09-13 11:55:42+00:00
260,1003313758,39176,2021-09-13 06:43:08+00:00
261,1003313758,39161,2021-09-12 09:29:13+00:00
262,1003313758,39155,2021-09-12 08:17:17+00:00
263,1003313758,39147,2021-09-11 17:39:40+00:00
264,1003313758,39132,2021-09-11 10:07:52+00:00
265,1003313758,39128,2021-09-11 09:03:05+00:00
266,1003313758,39120,2021-09-11 05:59:57+00:00
267,1003313758,39109,2021-09-10 14:01:28+00:00
268,1003313758,39077,2021-09-09 15:50:15+00:00
269,1003313758,39074,2021-09-09 15:13:07+00:00
270,1003313758,39059,2021-09-08 19:24:42+00:00
271,1003313758,39056,2021-09-08 17:15:48+00:00
272,1003313758,39038,2021-09-08 08:58:23+00:00
273,1003313758,39034,2021-09-08 07:23:18+00:00
274,1003313758,38993,2021-09-06 17:36:28+00:00
275,1003313758,38992,2021-09-06 17:10:07+00:00
276,1003313758,38991,2021-09-06 16:11:51+00:00
277,1003313758,38986,2021-09-06 15:39:28+00:00
278,1003313758,38985,2021-09-06 15:33:33+00:00
279,1003313758,38979,2021-09-06 09:52:25+00:00
280,1003313758,38965,2021-09-06 05:45:24+00:00
281,1003313758,38952,2021-09-04 19:18:30+00:00
282,1003313758,38931,2021-09-03 11:19:41+00:00
283,1003313758,38926,2021-09-03 08:50:52+00:00
284,1003313758,38878,2021-09-02 07:21:52+00:00
285,1003313758,38866,2021-09-01 14:16:50+00:00
286,1003313758,38857,2021-09-01 10:28:09+00:00
287,1003313758,38849,2021-09-01 07:03:10+00:00
288,1003313758,38838,2021-08-31 17:40:17+00:00
289,1003313758,38837,2021-08-31 16:38:50+00:00
290,1003313758,38827,2021-08-31 12:59:42+00:00
291,1003313758,38825,2021-08-31 11:30:54+00:00
292,1003313758,38816,2021-08-31 07:13:49+00:00
293,1003313758,38809,2021-08-31 05:32:11+00:00
294,1003313758,38807,2021-08-30 19:22:51+00:00
295,1003313758,38800,2021-08-30 13:12:01+00:00
296,1003313758,38799,2021-08-30 13:05:10+00:00
297,1003313758,38789,2021-08-30 10:14:59+00:00
298,1003313758,38780,2021-08-30 07:04:40+00:00
299,1003313758,38777,2021-08-30 06:41:25+00:00
300,1003313758,38770,2021-08-29 14:50:17+00:00
301,1003313758,38762,2021-08-29 08:36:49+00:00
302,1003313758,38756,2021-08-28 12:57:31+00:00
303,1003313758,38755,2021-08-28 10:32:21+00:00
304,1003313758,38754,2021-08-28 10:08:33+00:00
305,1003313758,38741,2021-08-27 21:00:02+00:00
306,1003313758,38738,2021-08-27 18:30:06+00:00
307,1003313758,38708,2021-08-27 05:44:19+00:00
308,1003313758,38696,2021-08-26 12:58:01+00:00
309,1003313758,38694,2021-08-26 10:52:04+00:00
310,1003313758,38689,2021-08-26 10:45:06+00:00
311,1003313758,38673,2021-08-25 17:34:37+00:00
312,1003313758,38667,2021-08-25 12:30:43+00:00
313,1003313758,38663,2021-08-25 11:26:46+00:00
314,1003313758,38660,2021-08-25 10:45:45+00:00
315,1003313758,38654,2021-08-25 07:16:36+00:00
316,1003313758,38643,2021-08-24 14:30:06+00:00
317,1003313758,38624,2021-08-24 07:50:16+00:00
318,1003313758,38620,2021-08-24 04:45:11+00:00
319,1003313758,38618,2021-08-23 15:25:54+00:00
320,1003313758,38612,2021-08-23 11:56:52+00:00
321,1003313758,38599,2021-08-23 08:39:05+00:00
322,1003313758,38597,2021-08-23 08:17:53+00:00
323,1003313758,38591,2021-08-23 06:48:54+00:00
324,1003313758,38585,2021-08-22 14:27:22+00:00
325,1003313758,38567,2021-08-21 16:10:41+00:00
326,1003313758,38544,2021-08-20 12:36:08+00:00
327,1003313758,38535,2021-08-20 08:55:50+00:00
328,1003313758,38531,2021-08-20 06:50:38+00:00
329,1003313758,38515,2021-08-19 11:41:15+00:00
330,1003313758,38508,2021-08-19 11:06:40+00:00
331,1003313758,38507,2021-08-19 10:45:38+00:00
332,1003313758,38506,2021-08-19 10:37:32+00:00
333,1003313758,38499,2021-08-19 10:19:28+00:00
334,1003313758,38493,2021-08-19 07:22:06+00:00
335,1003313758,38467,2021-08-18 11:11:35+00:00
336,1003313758,38466,2021-08-18 10:55:07+00:00
337,1003313758,38463,2021-08-18 09:33:59+00:00
338,1003313758,38438,2021-08-17 12:38:16+00:00
339,1003313758,38433,2021-08-17 10:28:57+00:00
340,1003313758,38427,2021-08-17 08:53:53+00:00
341,1003313758,38420,2021-08-17 05:57:12+00:00
342,1003313758,38409,2021-08-16 11:10:26+00:00
343,1003313758,38404,2021-08-16 09:37:11+00:00
344,1003313758,38396,2021-08-16 08:17:55+00:00
345,1003313758,38375,2021-08-14 09:03:00+00:00
346,1003313758,38370,2021-08-13 15:13:48+00:00
347,1003313758,38358,2021-08-13 11:29:09+00:00
348,1003313758,38341,2021-08-12 16:13:58+00:00
349,1003313758,38335,2021-08-12 13:42:06+00:00
350,1003313758,38294,2021-08-11 10:45:06+00:00
351,1003313758,38289,2021-08-11 09:20:06+00:00
352,1003313758,38267,2021-08-10 13:14:13+00:00
353,1003313758,38260,2021-08-10 08:55:07+00:00
354,1003313758,38254,2021-08-10 07:17:53+00:00
355,1003313758,38252,2021-08-10 07:00:59+00:00
356,1003313758,38227,2021-08-09 05:54:13+00:00
357,1003313758,38220,2021-08-08 14:45:44+00:00
358,1003313758,38219,2021-08-08 14:00:54+00:00
359,1003313758,38202,2021-08-06 16:33:03+00:00
360,1003313758,38198,2021-08-06 13:19:22+00:00
361,1003313758,38180,2021-08-06 05:26:14+00:00
362,1003313758,38174,2021-08-05 16:47:11+00:00
363,1003313758,38166,2021-08-05 13:04:09+00:00
364,1003313758,38161,2021-08-05 10:55:27+00:00
365,1003313758,38159,2021-08-05 10:26:46+00:00
366,1003313758,38142,2021-08-04 16:42:18+00:00
367,1003313758,38122,2021-08-04 07:48:06+00:00
368,1003313758,38119,2021-08-04 06:02:42+00:00
369,1003313758,38113,2021-08-03 17:04:24+00:00
370,1003313758,38106,2021-08-03 13:58:49+00:00
371,1003313758,38101,2021-08-03 09:12:49+00:00
372,1003313758,38081,2021-08-03 06:26:58+00:00
373,1003313758,38076,2021-08-02 19:48:27+00:00
374,1003313758,38075,2021-08-02 19:40:05+00:00
375,1003313758,38056,2021-08-02 09:26:48+00:00
376,1003313758,38050,2021-08-02 07:08:23+00:00
377,1003313758,38048,2021-08-02 06:57:30+00:00
378,1003313758,38036,2021-08-01 12:58:07+00:00
379,1003313758,38018,2021-07-31 08:11:37+00:00
380,1003313758,38016,2021-07-31 06:32:59+00:00
381,1003313758,38006,2021-07-30 16:14:13+00:00
382,1003313758,37995,2021-07-30 12:44:46+00:00
383,1003313758,37992,2021-07-30 11:13:01+00:00
384,1003313758,37982,2021-07-30 09:15:20+00:00
385,1003313758,37977,2021-07-30 08:47:33+00:00
386,1003313758,37959,2021-07-29 19:17:57+00:00
387,1003313758,37952,2021-07-29 13:17:06+00:00
388,1003313758,37951,2021-07-29 12:14:31+00:00
389,1003313758,37947,2021-07-29 11:07:56+00:00
390,1003313758,37922,2021-07-28 14:06:04+00:00
391,1003313758,37907,2021-07-28 09:26:55+00:00
392,1003313758,37886,2021-07-27 17:16:30+00:00
393,1003313758,37871,2021-07-27 11:56:27+00:00
394,1003313758,37846,2021-07-26 14:07:08+00:00
395,1003313758,37845,2021-07-26 13:35:49+00:00
396,1003313758,37840,2021-07-26 12:16:51+00:00
397,1003313758,37835,2021-07-26 10:21:47+00:00
398,1003313758,37833,2021-07-26 09:22:11+00:00
399,1003313758,37827,2021-07-26 07:51:18+00:00
400,1003313758,37794,2021-07-23 17:05:11+00:00
401,1003313758,37787,2021-07-23 11:10:58+00:00
402,1003313758,37785,2021-07-23 10:39:59+00:00
403,1003313758,37775,2021-07-23 07:02:31+00:00
404,1003313758,37773,2021-07-23 06:57:42+00:00
405,1003313758,37764,2021-07-22 16:43:41+00:00
406,1003313758,37763,2021-07-22 16:16:50+00:00
407,1003313758,37753,2021-07-22 12:46:36+00:00
408,1003313758,37744,2021-07-22 07:46:24+00:00
409,1003313758,37732,2021-07-21 18:09:16+00:00
410,1003313758,37731,2021-07-21 16:12:01+00:00
411,1003313758,37720,2021-07-21 13:50:30+00:00
412,1003313758,37719,2021-07-21 13:28:30+00:00
413,1003313758,37697,2021-07-20 16:19:03+00:00
414,1003313758,37690,2021-07-20 11:10:11+00:00
415,1003313758,37685,2021-07-20 10:15:15+00:00
416,1003313758,37678,2021-07-20 07:46:56+00:00
417,1003313758,37649,2021-07-19 09:39:17+00:00
418,1003313758,37640,2021-07-19 08:00:37+00:00
419,1003313758,37625,2021-07-18 17:16:32+00:00
420,1003313758,37622,2021-07-18 14:32:37+00:00
421,1003313758,37621,2021-07-18 13:53:30+00:00
422,1003313758,37615,2021-07-18 08:40:35+00:00
423,1003313758,37604,2021-07-17 21:02:35+00:00
424,1003313758,37586,2021-07-16 23:11:47+00:00
425,1003313758,37551,2021-07-16 07:07:40+00:00
426,1003313758,37534,2021-07-15 13:29:33+00:00
427,1003313758,37533,2021-07-15 12:59:21+00:00
428,1003313758,37521,2021-07-15 10:08:56+00:00
429,1003313758,37514,2021-07-15 09:23:19+00:00
430,1003313758,37506,2021-07-15 07:27:31+00:00
431,1003313758,37503,2021-07-15 07:18:17+00:00
432,1003313758,37499,2021-07-14 19:48:57+00:00
433,1003313758,37470,2021-07-14 07:56:08+00:00
434,1003313758,37469,2021-07-14 07:41:02+00:00
435,1003313758,37461,2021-07-13 18:01:12+00:00
436,1003313758,37445,2021-07-13 11:34:43+00:00
437,1003313758,37441,2021-07-13 10:34:10+00:00
438,1003313758,37434,2021-07-13 08:20:08+00:00
439,1003313758,37431,2021-07-13 07:46:12+00:00
440,1003313758,37428,2021-07-12 21:39:14+00:00
441,1003313758,37392,2021-07-12 07:13:00+00:00
442,1003313758,37391,2021-07-12 06:56:58+00:00
443,1003313758,37389,2021-07-12 06:03:58+00:00
444,1003313758,37386,2021-07-11 18:56:32+00:00
445,1003313758,37374,2021-07-11 05:35:45+00:00
446,1003313758,37371,2021-07-10 15:32:31+00:00
447,1003313758,37344,2021-07-09 14:31:24+00:00
448,1003313758,37341,2021-07-09 13:49:29+00:00
449,1003313758,37339,2021-07-09 13:34:36+00:00
450,1003313758,37312,2021-07-09 07:50:45+00:00
451,1003313758,37310,2021-07-09 06:51:47+00:00
452,1003313758,37295,2021-07-08 12:52:01+00:00
453,1003313758,37291,2021-07-08 11:35:52+00:00
454,1003313758,37288,2021-07-08 10:07:53+00:00
455,1003313758,37284,2021-07-08 09:18:34+00:00
456,1003313758,37270,2021-07-07 16:11:04+00:00
457,1003313758,37265,2021-07-07 13:36:18+00:00
458,1003313758,37263,2021-07-07 12:57:13+00:00
459,1003313758,37258,2021-07-07 11:19:06+00:00
460,1003313758,37231,2021-07-06 12:12:24+00:00
461,1003313758,37229,2021-07-06 11:58:00+00:00
462,1003313758,37226,2021-07-06 09:58:35+00:00
463,1003313758,37225,2021-07-06 09:23:20+00:00
464,1003313758,37218,2021-07-06 07:16:45+00:00
465,1003313758,37151,2021-07-03 08:25:24+00:00
466,1003313758,37138,2021-07-02 12:49:34+00:00
467,1003313758,37135,2021-07-02 11:30:15+00:00
468,1003313758,37128,2021-07-02 08:51:55+00:00
469,1003313758,37124,2021-07-02 08:41:06+00:00
470,1003313758,37123,2021-07-02 08:38:43+00:00
471,1003313758,37095,2021-07-01 11:53:13+00:00
472,1003313758,37089,2021-07-01 11:07:49+00:00
473,1003313758,37073,2021-07-01 07:09:55+00:00
474,1003313758,37068,2021-06-30 18:57:19+00:00
475,1003313758,37066,2021-06-30 18:03:53+00:00
476,1003313758,37044,2021-06-30 10:40:03+00:00
477,1003313758,37028,2021-06-30 08:28:02+00:00
478,1003313758,37016,2021-06-30 06:01:44+00:00
479,1003313758,37011,2021-06-29 20:48:26+00:00
480,1003313758,37004,2021-06-29 12:25:09+00:00
481,1003313758,36992,2021-06-29 10:04:01+00:00
482,1003313758,36955,2021-06-28 11:09:29+00:00
483,1003313758,36948,2021-06-28 10:41:07+00:00
484,1003313758,36945,2021-06-28 10:33:43+00:00
485,1003313758,36930,2021-06-28 07:38:39+00:00
486,1003313758,36918,2021-06-27 19:03:57+00:00
487,1003313758,36916,2021-06-27 16:26:46+00:00
488,1003313758,36911,2021-06-27 13:35:47+00:00
489,1003313758,36907,2021-06-27 10:13:04+00:00
490,1003313758,36906,2021-06-27 08:47:19+00:00
491,1003313758,36901,2021-06-27 06:21:44+00:00
492,1003313758,36893,2021-06-26 14:00:19+00:00
493,1003313758,36870,2021-06-25 13:11:17+00:00
494,1003313758,36859,2021-06-25 10:14:40+00:00
495,1003313758,36853,2021-06-25 08:17:58+00:00
496,1003313758,36848,2021-06-25 07:51:35+00:00
497,1003313758,36847,2021-06-25 07:15:31+00:00
498,1003313758,36838,2021-06-24 15:16:44+00:00
499,1003313758,36833,2021-06-24 12:41:17+00:00
500,1003313758,36816,2021-06-24 07:52:33+00:00
501,1003313758,36806,2021-06-23 14:52:11+00:00
502,1003313758,36804,2021-06-23 14:15:51+00:00
503,1003313758,36762,2021-06-22 11:36:54+00:00
504,1003313758,36745,2021-06-21 14:09:23+00:00
505,1003313758,36737,2021-06-21 11:11:16+00:00
506,1003313758,36729,2021-06-21 07:25:05+00:00
507,1003313758,36703,2021-06-19 09:07:11+00:00
508,1003313758,36700,2021-06-19 08:18:18+00:00
509,1003313758,36697,2021-06-19 07:59:43+00:00
510,1003313758,36678,2021-06-18 11:07:42+00:00
511,1003313758,36669,2021-06-18 08:01:50+00:00
512,1003313758,36660,2021-06-18 07:04:15+00:00
513,1003313758,36634,2021-06-17 11:51:48+00:00
514,1003313758,36633,2021-06-17 11:43:43+00:00
515,1003313758,36629,2021-06-17 09:18:04+00:00
516,1003313758,36618,2021-06-17 07:22:39+00:00
517,1003313758,36609,2021-06-16 14:48:37+00:00
518,1003313758,36601,2021-06-16 10:57:46+00:00
519,1003313758,36596,2021-06-16 09:21:09+00:00
520,1003313758,36585,2021-06-16 08:02:16+00:00
521,1003313758,36543,2021-06-15 08:04:44+00:00
522,1003313758,36529,2021-06-14 10:15:03+00:00
523,1003313758,36504,2021-06-13 11:27:18+00:00
524,1003313758,36500,2021-06-13 09:09:07+00:00
525,1003313758,36481,2021-06-12 18:17:32+00:00
526,1003313758,36478,2021-06-12 15:36:27+00:00
527,1003313758,36464,2021-06-12 08:57:00+00:00
528,1003313758,36453,2021-06-11 14:59:51+00:00
529,1003313758,36443,2021-06-11 12:54:22+00:00
530,1003313758,36436,2021-06-11 11:09:43+00:00
531,1003313758,36431,2021-06-11 09:13:33+00:00
532,1003313758,36428,2021-06-11 09:02:17+00:00
533,1003313758,36427,2021-06-11 08:39:14+00:00
534,1003313758,36415,2021-06-10 14:41:15+00:00
535,1003313758,36404,2021-06-10 12:41:32+00:00
536,1003313758,36402,2021-06-10 12:01:42+00:00
537,1003313758,36399,2021-06-10 10:48:36+00:00
538,1003313758,36391,2021-06-10 08:09:26+00:00
539,1003313758,36366,2021-06-09 11:31:33+00:00
540,1003313758,36356,2021-06-09 08:57:33+00:00
541,1003313758,36336,2021-06-08 11:27:08+00:00
542,1003313758,36333,2021-06-08 11:11:56+00:00
543,1003313758,36332,2021-06-08 10:59:52+00:00
544,1003313758,36330,2021-06-08 10:20:32+00:00
545,1003313758,36328,2021-06-08 09:44:54+00:00
546,1003313758,36327,2021-06-08 08:48:52+00:00
547,1003313758,36323,2021-06-08 08:16:04+00:00
548,1003313758,36316,2021-06-08 05:49:39+00:00
549,1003313758,36312,2021-06-07 15:25:59+00:00
550,1003313758,36300,2021-06-07 09:54:47+00:00
551,1003313758,36297,2021-06-07 09:27:50+00:00
552,1003313758,36291,2021-06-07 07:37:23+00:00
553,1003313758,36276,2021-06-06 09:43:07+00:00
554,1003313758,36254,2021-06-04 18:14:09+00:00
555,1003313758,36247,2021-06-04 15:31:46+00:00
556,1003313758,36239,2021-06-04 12:19:23+00:00
557,1003313758,36227,2021-06-04 10:33:46+00:00
558,1003313758,36223,2021-06-04 09:03:07+00:00
559,1003313758,36212,2021-06-03 15:56:23+00:00
560,1003313758,36210,2021-06-03 15:10:10+00:00
561,1003313758,36191,2021-06-03 08:37:08+00:00
562,1003313758,36190,2021-06-03 08:27:19+00:00
563,1003313758,36179,2021-06-02 13:41:01+00:00
564,1003313758,36172,2021-06-02 10:30:13+00:00
565,1003313758,36169,2021-06-02 09:38:16+00:00
566,1003313758,36148,2021-06-01 14:38:58+00:00
567,1003313758,36130,2021-06-01 10:46:25+00:00
568,1003313758,36127,2021-06-01 09:44:11+00:00
569,1003313758,36113,2021-06-01 06:44:21+00:00
570,1003313758,36110,2021-05-31 18:21:01+00:00
571,1003313758,36108,2021-05-31 17:00:14+00:00
572,1003313758,36100,2021-05-31 13:03:55+00:00
573,1003313758,36099,2021-05-31 12:37:01+00:00
574,1003313758,36095,2021-05-31 11:22:22+00:00
575,1003313758,36088,2021-05-31 08:22:27+00:00
576,1003313758,36082,2021-05-31 06:19:33+00:00
577,1003313758,36052,2021-05-28 18:59:26+00:00
578,1003313758,36039,2021-05-28 15:28:23+00:00
579,1003313758,36034,2021-05-28 12:07:46+00:00
580,1003313758,36011,2021-05-28 07:12:51+00:00
581,1003313758,36004,2021-05-27 13:54:37+00:00
582,1003313758,35983,2021-05-27 10:02:05+00:00
583,1003313758,35979,2021-05-27 09:51:24+00:00
584,1003313758,35964,2021-05-27 07:26:09+00:00
585,1003313758,35936,2021-05-26 10:32:27+00:00
586,1003313758,35934,2021-05-26 10:13:24+00:00
587,1003313758,35926,2021-05-26 08:00:38+00:00
588,1003313758,35904,2021-05-25 11:03:25+00:00
589,1003313758,35865,2021-05-24 12:40:29+00:00
590,1003313758,35853,2021-05-24 10:20:39+00:00
591,1003313758,35848,2021-05-24 08:04:22+00:00
592,1003313758,35845,2021-05-24 08:01:13+00:00
593,1003313758,35841,2021-05-23 16:41:07+00:00
594,1003313758,35834,2021-05-23 09:10:06+00:00
595,1003313758,35831,2021-05-23 08:37:08+00:00
596,1003313758,35805,2021-05-21 14:48:08+00:00
597,1003313758,35804,2021-05-21 12:57:21+00:00
598,1003313758,35780,2021-05-21 07:25:41+00:00
599,1003313758,35777,2021-05-21 07:17:31+00:00
600,1003313758,35769,2021-05-20 16:29:50+00:00
601,1003313758,35761,2021-05-20 13:10:34+00:00
602,1003313758,35758,2021-05-20 11:32:38+00:00
603,1003313758,35735,2021-05-19 16:31:23+00:00
604,1003313758,35730,2021-05-19 13:22:05+00:00
605,1003313758,35727,2021-05-19 11:56:01+00:00
606,1003313758,35713,2021-05-19 08:59:29+00:00
607,1003313758,35711,2021-05-19 08:17:03+00:00
608,1003313758,35702,2021-05-19 05:11:42+00:00
609,1003313758,35700,2021-05-18 15:11:58+00:00
610,1003313758,35694,2021-05-18 12:01:34+00:00
611,1003313758,35692,2021-05-18 11:07:28+00:00
612,1003313758,35688,2021-05-18 10:35:58+00:00
613,1003313758,35682,2021-05-18 09:57:58+00:00
614,1003313758,35679,2021-05-18 08:40:35+00:00
615,1003313758,35674,2021-05-18 07:47:49+00:00
616,1003313758,35663,2021-05-17 14:15:38+00:00
617,1003313758,35650,2021-05-17 10:32:45+00:00
618,1003313758,35648,2021-05-17 10:01:47+00:00
619,1003313758,35637,2021-05-17 08:04:22+00:00
620,1003313758,35624,2021-05-16 10:36:35+00:00
621,1003313758,35618,2021-05-15 16:23:27+00:00
622,1003313758,35602,2021-05-15 08:01:18+00:00
623,1003313758,35596,2021-05-15 06:59:30+00:00
624,1003313758,35578,2021-05-14 14:19:44+00:00
625,1003313758,35569,2021-05-14 11:34:39+00:00
626,1003313758,35565,2021-05-14 10:19:41+00:00
627,1003313758,35544,2021-05-13 17:30:04+00:00
628,1003313758,35530,2021-05-13 11:05:46+00:00
629,1003313758,35527,2021-05-13 10:17:01+00:00
630,1003313758,35501,2021-05-12 15:16:59+00:00
631,1003313758,35486,2021-05-12 12:04:29+00:00
632,1003313758,35460,2021-05-12 05:39:14+00:00
633,1003313758,35453,2021-05-11 13:10:41+00:00
634,1003313758,35442,2021-05-10 18:32:29+00:00
635,1003313758,35440,2021-05-10 17:41:01+00:00
636,1003313758,35393,2021-05-09 07:06:00+00:00
637,1003313758,35392,2021-05-08 20:23:53+00:00
638,1003313758,35384,2021-05-08 10:41:52+00:00
639,1003313758,35374,2021-05-07 11:54:07+00:00
640,1003313758,35367,2021-05-07 10:25:48+00:00
641,1003313758,35365,2021-05-07 09:51:33+00:00
642,1003313758,35362,2021-05-07 08:19:34+00:00
643,1003313758,35348,2021-05-06 15:45:03+00:00
644,1003313758,35336,2021-05-06 10:20:29+00:00
645,1003313758,35322,2021-05-05 12:51:06+00:00
646,1003313758,35319,2021-05-05 11:37:23+00:00
647,1003313758,35298,2021-05-04 11:57:59+00:00
648,1003313758,35281,2021-05-03 14:23:46+00:00
649,1003313758,35267,2021-05-03 08:17:13+00:00
650,1003313758,35266,2021-05-03 07:12:19+00:00
651,1003313758,35253,2021-05-01 18:17:11+00:00
652,1003313758,35240,2021-05-01 07:24:54+00:00
653,1003313758,35225,2021-04-30 08:54:58+00:00
654,1003313758,35221,2021-04-30 08:06:57+00:00
655,1003313758,35216,2021-04-30 04:36:15+00:00
656,1003313758,35203,2021-04-29 14:17:38+00:00
657,1003313758,35191,2021-04-29 10:06:07+00:00
658,1003313758,35189,2021-04-29 09:17:36+00:00
659,1003313758,35165,2021-04-28 13:29:53+00:00
660,1003313758,35156,2021-04-28 11:11:46+00:00
661,1003313758,35153,2021-04-28 10:41:06+00:00
662,1003313758,35152,2021-04-28 10:29:35+00:00
663,1003313758,35135,2021-04-27 15:42:32+00:00
664,1003313758,35132,2021-04-27 14:14:44+00:00
665,1003313758,35122,2021-04-27 11:52:50+00:00
666,1003313758,35118,2021-04-27 09:56:34+00:00
667,1003313758,35117,2021-04-27 09:51:43+00:00
668,1003313758,35111,2021-04-27 07:52:41+00:00
669,1003313758,35072,2021-04-26 06:24:17+00:00
670,1003313758,35067,2021-04-25 20:26:39+00:00
671,1003313758,35037,2021-04-24 11:36:46+00:00
672,1003313758,35035,2021-04-24 11:18:22+00:00
673,1003313758,35017,2021-04-23 12:45:23+00:00
674,1003313758,35011,2021-04-23 11:19:21+00:00
675,1003313758,34994,2021-04-23 09:02:33+00:00
676,1003313758,34992,2021-04-23 08:19:30+00:00
677,1003313758,34985,2021-04-23 06:38:10+00:00
678,1003313758,34966,2021-04-22 10:29:35+00:00
679,1003313758,34961,2021-04-22 09:23:32+00:00
680,1003313758,34958,2021-04-22 07:28:38+00:00
681,1003313758,34937,2021-04-21 16:41:37+00:00
682,1003313758,34922,2021-04-21 15:11:41+00:00
683,1003313758,34921,2021-04-21 14:10:29+00:00
684,1003313758,34895,2021-04-21 08:29:35+00:00
685,1003313758,34884,2021-04-20 16:29:21+00:00
686,1003313758,34870,2021-04-20 14:08:27+00:00
687,1003313758,34868,2021-04-20 13:17:40+00:00
688,1003313758,34852,2021-04-20 08:33:05+00:00
689,1003313758,34844,2021-04-19 19:05:52+00:00
690,1003313758,34837,2021-04-19 13:35:51+00:00
691,1003313758,34825,2021-04-19 10:29:28+00:00
692,1003313758,34800,2021-04-18 09:54:12+00:00
693,1003313758,34778,2021-04-17 06:39:11+00:00
694,1003313758,34764,2021-04-16 10:58:55+00:00
695,1003313758,34761,2021-04-16 10:25:29+00:00
696,1003313758,34757,2021-04-16 09:39:22+00:00
697,1003313758,34744,2021-04-15 20:06:36+00:00
698,1003313758,34733,2021-04-15 11:13:05+00:00
699,1003313758,34732,2021-04-15 10:30:18+00:00
700,1003313758,34726,2021-04-15 09:31:28+00:00
701,1003313758,34725,2021-04-15 09:20:06+00:00
702,1003313758,34717,2021-04-15 07:39:41+00:00
703,1003313758,34704,2021-04-14 18:38:19+00:00
704,1003313758,34694,2021-04-14 12:10:39+00:00
705,1003313758,34689,2021-04-14 10:22:48+00:00
706,1003313758,34675,2021-04-14 06:36:43+00:00
707,1003313758,34673,2021-04-14 05:36:13+00:00
708,1003313758,34667,2021-04-13 16:55:48+00:00
709,1003313758,34635,2021-04-13 08:07:58+00:00
710,1003313758,34616,2021-04-12 14:26:26+00:00
711,1003313758,34614,2021-04-12 13:13:50+00:00
712,1003313758,34607,2021-04-12 12:19:11+00:00
713,1003313758,34602,2021-04-12 09:05:34+00:00
714,1003313758,34597,2021-04-12 08:24:09+00:00
715,1003313758,34589,2021-04-11 19:51:41+00:00
716,1003313758,34569,2021-04-11 07:35:00+00:00
717,1003313758,34559,2021-04-10 14:10:38+00:00
718,1003313758,34558,2021-04-10 14:08:11+00:00
719,1003313758,34552,2021-04-10 09:36:10+00:00
720,1003313758,34546,2021-04-09 16:45:48+00:00
721,1003313758,34540,2021-04-09 10:49:29+00:00
722,1003313758,34536,2021-04-09 09:11:49+00:00
723,1003313758,34534,2021-04-09 08:16:01+00:00
724,1003313758,34532,2021-04-09 07:26:51+00:00
725,1003313758,34524,2021-04-08 19:32:55+00:00
726,1003313758,34513,2021-04-08 13:18:55+00:00
727,1003313758,34487,2021-04-07 13:41:51+00:00
728,1003313758,34484,2021-04-07 12:02:11+00:00
729,1003313758,34479,2021-04-07 09:34:32+00:00
730,1003313758,34470,2021-04-07 08:02:38+00:00
731,1003313758,34460,2021-04-06 16:19:52+00:00
732,1003313758,34442,2021-04-06 10:06:42+00:00
733,1003313758,34440,2021-04-06 09:36:19+00:00
734,1003313758,34433,2021-04-06 08:07:42+00:00
735,1003313758,34424,2021-04-05 18:20:50+00:00
736,1003313758,34403,2021-04-05 10:39:41+00:00
737,1003313758,34399,2021-04-05 08:42:06+00:00
738,1003313758,34396,2021-04-05 08:12:11+00:00
739,1003313758,34395,2021-04-05 08:06:43+00:00
740,1003313758,34391,2021-04-05 06:44:44+00:00
741,1003313758,34387,2021-04-04 11:11:19+00:00
742,1003313758,34385,2021-04-04 08:26:11+00:00
743,1003313758,34376,2021-04-03 16:14:15+00:00
744,1003313758,34361,2021-04-02 18:21:01+00:00
745,1003313758,34360,2021-04-02 17:08:21+00:00
746,1003313758,34359,2021-04-02 16:16:01+00:00
747,1003313758,34340,2021-04-02 09:56:44+00:00
748,1003313758,34339,2021-04-02 09:27:35+00:00
749,1003313758,34335,2021-04-02 07:38:48+00:00
750,1003313758,34325,2021-04-01 17:39:00+00:00
751,1003313758,34311,2021-04-01 12:49:56+00:00
752,1003313758,34308,2021-04-01 11:55:12+00:00
753,1003313758,34303,2021-04-01 11:16:08+00:00
754,1003313758,34298,2021-04-01 10:40:36+00:00
755,1003313758,34270,2021-03-31 15:30:08+00:00
756,1003313758,34264,2021-03-31 12:32:51+00:00
757,1003313758,34262,2021-03-31 12:06:35+00:00
758,1003313758,34258,2021-03-31 11:15:45+00:00
759,1003313758,34250,2021-03-31 09:51:32+00:00
760,1003313758,34230,2021-03-30 18:16:47+00:00
761,1003313758,34229,2021-03-30 16:34:02+00:00
762,1003313758,34220,2021-03-30 12:44:06+00:00
763,1003313758,34196,2021-03-29 14:48:16+00:00
764,1003313758,34192,2021-03-29 14:09:15+00:00
765,1003313758,34188,2021-03-29 12:29:33+00:00
766,1003313758,34180,2021-03-29 10:44:06+00:00
767,1003313758,34178,2021-03-29 10:19:36+00:00
768,1003313758,34158,2021-03-28 09:03:23+00:00
769,1003313758,34151,2021-03-27 17:47:53+00:00
770,1003313758,34146,2021-03-27 10:50:57+00:00
771,1003313758,34141,2021-03-27 07:07:12+00:00
772,1003313758,34106,2021-03-25 14:07:40+00:00
773,1003313758,34090,2021-03-25 07:39:17+00:00
774,1003313758,34079,2021-03-24 17:46:18+00:00
775,1003313758,34077,2021-03-24 16:31:51+00:00
776,1003313758,34066,2021-03-24 10:57:43+00:00
777,1003313758,34059,2021-03-24 09:26:47+00:00
778,1003313758,34056,2021-03-24 09:05:13+00:00
779,1003313758,34054,2021-03-24 07:42:07+00:00
780,1003313758,34040,2021-03-23 20:09:41+00:00
781,1003313758,34028,2021-03-23 08:49:06+00:00
782,1003313758,34020,2021-03-23 07:52:45+00:00
783,1003313758,34004,2021-03-22 17:24:32+00:00
784,1003313758,33999,2021-03-22 14:58:56+00:00
785,1003313758,33988,2021-03-22 12:30:06+00:00
786,1003313758,33963,2021-03-22 06:39:42+00:00
787,1003313758,33950,2021-03-21 17:33:17+00:00
788,1003313758,33946,2021-03-21 11:50:13+00:00
789,1003313758,33944,2021-03-21 10:22:00+00:00
790,1003313758,33930,2021-03-19 21:12:54+00:00
791,1003313758,33888,2021-03-19 07:09:17+00:00
792,1003313758,33883,2021-03-19 06:14:36+00:00
793,1003313758,33879,2021-03-18 15:23:56+00:00
794,1003313758,33874,2021-03-18 14:15:43+00:00
795,1003313758,33870,2021-03-18 11:12:05+00:00
796,1003313758,33862,2021-03-18 07:40:51+00:00
797,1003313758,33846,2021-03-17 17:00:15+00:00
798,1003313758,33845,2021-03-17 16:39:57+00:00
799,1003313758,33840,2021-03-17 12:54:49+00:00
800,1003313758,33829,2021-03-17 10:25:30+00:00
801,1003313758,33813,2021-03-16 19:06:53+00:00
802,1003313758,33789,2021-03-16 06:39:21+00:00
803,1003313758,33784,2021-03-15 14:44:16+00:00
804,1003313758,33768,2021-03-15 06:42:25+00:00
805,1003313758,33731,2021-03-13 06:50:46+00:00
806,1003313758,33726,2021-03-12 12:14:51+00:00
807,1003313758,33725,2021-03-12 11:37:17+00:00
808,1003313758,33724,2021-03-12 11:32:17+00:00
809,1003313758,33718,2021-03-12 11:01:39+00:00
810,1003313758,33711,2021-03-12 10:20:32+00:00
811,1003313758,33709,2021-03-12 10:18:39+00:00
812,1003313758,33706,2021-03-12 08:54:45+00:00
813,1003313758,33692,2021-03-11 16:27:01+00:00
814,1003313758,33671,2021-03-11 10:22:15+00:00
815,1003313758,33663,2021-03-11 08:23:01+00:00
816,1003313758,33629,2021-03-10 07:28:17+00:00
817,1003313758,33616,2021-03-09 12:24:22+00:00
818,1003313758,33607,2021-03-09 09:42:44+00:00
819,1003313758,33592,2021-03-08 18:54:45+00:00
820,1003313758,33588,2021-03-08 11:36:20+00:00
821,1003313758,33577,2021-03-07 16:17:55+00:00
822,1003313758,33576,2021-03-07 15:37:47+00:00
823,1003313758,33558,2021-03-07 06:24:21+00:00
824,1003313758,33548,2021-03-06 11:15:49+00:00
825,1003313758,33525,2021-03-05 13:41:01+00:00
826,1003313758,33512,2021-03-05 09:34:48+00:00
827,1003313758,33509,2021-03-05 08:53:23+00:00
828,1003313758,33464,2021-03-03 15:37:20+00:00
829,1003313758,33462,2021-03-03 15:10:29+00:00
830,1003313758,33424,2021-03-02 09:15:31+00:00
831,1003313758,33381,2021-03-01 06:41:18+00:00
832,1003313758,33368,2021-02-28 13:53:48+00:00
833,1003313758,33367,2021-02-28 13:39:12+00:00
834,1003313758,33358,2021-02-28 06:41:08+00:00
835,1003313758,33342,2021-02-27 09:19:07+00:00
836,1003313758,33341,2021-02-27 08:50:55+00:00
837,1003313758,33311,2021-02-26 09:10:04+00:00
838,1003313758,33287,2021-02-25 11:50:40+00:00
839,1003313758,33286,2021-02-25 11:02:41+00:00
840,1003313758,33285,2021-02-25 10:53:19+00:00
841,1003313758,33267,2021-02-24 18:37:09+00:00
842,1003313758,33264,2021-02-24 17:10:54+00:00
843,1003313758,33262,2021-02-24 16:33:59+00:00
844,1003313758,33249,2021-02-24 12:33:45+00:00
845,1003313758,33246,2021-02-24 10:15:04+00:00
846,1003313758,33218,2021-02-23 16:39:05+00:00
847,1003313758,33201,2021-02-22 09:55:38+00:00
848,1003313758,33186,2021-02-21 14:42:47+00:00
849,1003313758,33140,2021-02-19 12:19:07+00:00
850,1003313758,33136,2021-02-19 11:22:55+00:00
851,1003313758,33119,2021-02-18 13:45:19+00:00
852,1003313758,33115,2021-02-18 11:56:57+00:00
853,1003313758,33114,2021-02-18 11:17:10+00:00
854,1003313758,33113,2021-02-18 11:00:11+00:00
855,1003313758,33084,2021-02-17 14:47:39+00:00
856,1003313758,33062,2021-02-17 07:58:14+00:00
857,1003313758,33052,2021-02-16 14:41:40+00:00
858,1003313758,33050,2021-02-16 13:15:14+00:00
859,1003313758,33039,2021-02-16 10:57:45+00:00
860,1003313758,33016,2021-02-15 13:14:11+00:00
861,1003313758,33008,2021-02-15 10:46:11+00:00
862,1003313758,33001,2021-02-15 07:08:00+00:00
863,1003313758,32952,2021-02-12 12:45:28+00:00
864,1003313758,32951,2021-02-12 12:18:24+00:00
865,1003313758,32936,2021-02-12 06:42:33+00:00
866,1003313758,32926,2021-02-11 12:29:58+00:00
867,1003313758,32922,2021-02-11 12:04:35+00:00
868,1003313758,32918,2021-02-11 10:44:31+00:00
869,1003313758,32906,2021-02-10 15:32:28+00:00
870,1003313758,32871,2021-02-09 14:19:17+00:00
871,1003313758,32866,2021-02-09 13:37:09+00:00
872,1003313758,32863,2021-02-09 12:11:06+00:00
873,1003313758,32827,2021-02-08 12:00:14+00:00
874,1003313758,32821,2021-02-08 10:35:09+00:00
875,1003313758,32798,2021-02-07 13:53:02+00:00
876,1003313758,32780,2021-02-06 12:12:15+00:00
877,1003313758,32765,2021-02-05 13:47:26+00:00
878,1003313758,32762,2021-02-05 11:54:43+00:00
879,1003313758,32740,2021-02-04 14:41:57+00:00
880,1003313758,32735,2021-02-04 13:49:47+00:00
881,1003313758,32728,2021-02-04 10:42:59+00:00
882,1003313758,32722,2021-02-04 08:52:35+00:00
883,1003313758,32711,2021-02-04 04:58:13+00:00
884,1003313758,32709,2021-02-03 19:30:05+00:00
885,1003313758,32702,2021-02-03 14:12:01+00:00
886,1003313758,32698,2021-02-03 12:03:03+00:00
887,1003313758,32691,2021-02-03 10:43:39+00:00
888,1003313758,32690,2021-02-03 10:16:06+00:00
889,1003313758,32650,2021-02-02 18:34:46+00:00
890,1003313758,32620,2021-02-02 11:21:20+00:00
891,1003313758,32589,2021-02-02 05:57:57+00:00
892,1003313758,32574,2021-02-01 11:52:19+00:00
893,1003313758,32556,2021-02-01 06:17:53+00:00
894,1003313758,32546,2021-01-31 13:40:10+00:00
895,1003313758,32515,2021-01-31 09:49:04+00:00
896,1003313758,32450,2021-01-29 12:55:49+00:00
897,1003313758,32435,2021-01-29 07:58:31+00:00
898,1003313758,32429,2021-01-29 05:38:30+00:00
899,1003313758,32412,2021-01-28 11:01:00+00:00
900,1003313758,32368,2021-01-27 09:57:52+00:00
901,1003313758,32364,2021-01-27 07:48:21+00:00
902,1003313758,32349,2021-01-26 21:52:19+00:00
903,1003313758,32348,2021-01-26 16:35:20+00:00
904,1003313758,32343,2021-01-26 15:09:36+00:00
905,1003313758,32338,2021-01-26 11:51:28+00:00
906,1003313758,32337,2021-01-26 11:36:38+00:00
907,1003313758,32333,2021-01-26 10:25:43+00:00
908,1003313758,32284,2021-01-25 06:19:16+00:00
909,1003313758,32274,2021-01-23 23:06:31+00:00
910,1003313758,32180,2021-01-23 05:24:34+00:00
911,1003313758,32178,2021-01-22 16:59:24+00:00
912,1003313758,32156,2021-01-22 07:50:58+00:00
913,1003313758,32129,2021-01-21 12:29:40+00:00
914,1003313758,32103,2021-01-21 07:09:11+00:00
915,1003313758,32094,2021-01-20 16:05:41+00:00
916,1003313758,32092,2021-01-20 15:54:38+00:00
917,1003313758,32061,2021-01-20 06:20:57+00:00
918,1003313758,32048,2021-01-19 16:34:11+00:00
919,1003313758,32046,2021-01-19 14:18:30+00:00
920,1003313758,32037,2021-01-19 10:51:38+00:00
921,1003313758,32036,2021-01-19 09:52:18+00:00
922,1003313758,32030,2021-01-19 07:33:38+00:00
923,1003313758,32008,2021-01-18 12:05:29+00:00
924,1003313758,31996,2021-01-18 08:36:55+00:00
925,1003313758,31958,2021-01-17 13:18:44+00:00
926,1003313758,31932,2021-01-16 08:03:44+00:00
927,1003313758,31926,2021-01-15 13:16:48+00:00
928,1003313758,31905,2021-01-15 07:32:23+00:00
929,1003313758,31902,2021-01-14 20:03:01+00:00
930,1003313758,31890,2021-01-14 12:26:36+00:00
931,1003313758,31886,2021-01-14 10:41:07+00:00
932,1003313758,31885,2021-01-14 10:34:11+00:00
933,1003313758,31880,2021-01-14 08:11:45+00:00
934,1003313758,31858,2021-01-13 09:04:29+00:00
935,1003313758,31842,2021-01-13 06:31:24+00:00
936,1003313758,31841,2021-01-12 19:26:19+00:00
937,1003313758,31834,2021-01-12 13:14:39+00:00
938,1003313758,31828,2021-01-12 12:13:10+00:00
939,1003313758,31821,2021-01-12 08:28:47+00:00
940,1003313758,31819,2021-01-12 08:22:19+00:00
941,1003313758,31809,2021-01-12 06:07:08+00:00
942,1003313758,31804,2021-01-11 13:36:04+00:00
943,1003313758,31803,2021-01-11 13:02:06+00:00
944,1003313758,31797,2021-01-11 10:44:18+00:00
945,1003313758,31784,2021-01-11 06:47:20+00:00
946,1003313758,31761,2021-01-09 08:55:35+00:00
947,1003313758,31752,2021-01-08 10:47:07+00:00
948,1003313758,31717,2021-01-07 10:11:34+00:00
949,1003313758,31698,2021-01-05 15:22:29+00:00
950,1003313758,31687,2021-01-05 09:36:33+00:00
951,1003313758,31677,2021-01-04 14:20:52+00:00
952,1003313758,31663,2021-01-03 13:17:16+00:00
953,1003313758,31604,2020-12-30 10:17:52+00:00
954,1003313758,31577,2020-12-29 12:51:27+00:00
955,1003313758,31573,2020-12-29 11:49:05+00:00
956,1003313758,31540,2020-12-28 13:41:39+00:00
957,1003313758,31539,2020-12-28 11:38:38+00:00
958,1003313758,31533,2020-12-28 10:30:15+00:00
959,1003313758,31505,2020-12-26 12:07:26+00:00
960,1003313758,31502,2020-12-26 11:50:38+00:00
961,1003313758,31494,2020-12-25 14:55:03+00:00
962,1003313758,31478,2020-12-25 10:48:18+00:00
963,1003313758,31472,2020-12-25 10:23:18+00:00
964,1003313758,31471,2020-12-25 09:46:06+00:00
965,1003313758,31469,2020-12-25 08:48:34+00:00
966,1003313758,31457,2020-12-24 16:34:08+00:00
967,1003313758,31446,2020-12-24 11:39:16+00:00
968,1003313758,31445,2020-12-24 11:20:09+00:00
969,1003313758,31434,2020-12-24 08:21:02+00:00
970,1003313758,31414,2020-12-23 13:13:25+00:00
971,1003313758,31413,2020-12-23 13:11:38+00:00
972,1003313758,31411,2020-12-23 11:38:49+00:00
973,1003313758,31410,2020-12-23 11:14:17+00:00
974,1003313758,31401,2020-12-23 08:14:15+00:00
975,1003313758,31376,2020-12-22 13:18:14+00:00
976,1003313758,31371,2020-12-22 12:00:05+00:00
977,1003313758,31370,2020-12-22 11:58:25+00:00
978,1003313758,31369,2020-12-22 11:50:52+00:00
979,1003313758,31360,2020-12-22 09:04:07+00:00
980,1003313758,31345,2020-12-21 17:54:53+00:00
981,1003313758,31341,2020-12-21 15:35:38+00:00
982,1003313758,31318,2020-12-21 06:39:34+00:00
983,1003313758,31304,2020-12-20 12:39:59+00:00
984,1003313758,31294,2020-12-19 19:41:12+00:00
985,1003313758,31270,2020-12-18 13:14:23+00:00
986,1003313758,31269,2020-12-18 13:07:44+00:00
987,1003313758,31266,2020-12-18 11:09:37+00:00
988,1003313758,31264,2020-12-18 10:47:34+00:00
989,1003313758,31263,2020-12-18 10:19:19+00:00
990,1003313758,31260,2020-12-18 09:44:36+00:00
991,1003313758,31242,2020-12-17 18:28:05+00:00
992,1003313758,31210,2020-12-17 08:27:55+00:00
993,1003313758,31189,2020-12-16 12:11:01+00:00
994,1003313758,31186,2020-12-16 12:02:32+00:00
995,1003313758,31165,2020-12-16 07:41:06+00:00
996,1003313758,31151,2020-12-15 15:49:25+00:00
997,1003313758,31140,2020-12-15 12:52:28+00:00
998,1003313758,31139,2020-12-15 12:08:47+00:00
999,1003313758,31132,2020-12-15 10:40:25+00:00
1000,1003313758,31130,2020-12-15 09:48:23+00:00
1001,1003313758,41502,2021-11-30 08:13:19+00:00
1002,1003313758,41502,2021-11-30 08:13:19+00:00
1003,1003313758,41498,2021-11-30 07:33:01+00:00
1004,1003313758,41497,2021-11-30 07:27:33+00:00
1005,1003313758,41496,2021-11-30 07:15:32+00:00
1006,1003313758,41495,2021-11-30 06:35:15+00:00
1007,1003313758,41486,2021-11-29 11:16:59+00:00
1008,1003313758,41480,2021-11-29 07:30:43+00:00
1009,1003313758,41475,2021-11-29 06:30:34+00:00
1010,1003313758,41470,2021-11-28 20:35:21+00:00
1011,1003313758,41463,2021-11-28 11:44:10+00:00
1012,1003313758,41444,2021-11-27 15:26:26+00:00
1013,1003313758,41443,2021-11-27 14:48:12+00:00
1014,1003313758,41411,2021-11-26 09:22:47+00:00
1015,1003313758,41408,2021-11-26 09:06:27+00:00
1016,1003313758,41375,2021-11-25 08:52:01+00:00
1017,1003313758,41360,2021-11-24 14:26:14+00:00
1018,1003313758,41359,2021-11-24 14:05:54+00:00
1019,1003313758,41347,2021-11-24 10:39:44+00:00
1020,1003313758,41337,2021-11-24 06:03:56+00:00
1021,1003313758,41334,2021-11-23 15:17:15+00:00
1022,1003313758,41312,2021-11-23 06:53:13+00:00
1023,1003313758,41310,2021-11-22 19:37:18+00:00
1024,1003313758,41308,2021-11-22 17:45:29+00:00
1025,1003313758,41295,2021-11-22 11:27:41+00:00
1026,1003313758,41282,2021-11-22 07:16:51+00:00
1027,1003313758,41265,2021-11-20 14:17:26+00:00
1028,1003313758,41264,2021-11-20 13:45:06+00:00
1029,1003313758,41260,2021-11-20 12:53:21+00:00
1030,1003313758,41257,2021-11-20 11:53:25+00:00
1031,1003313758,41252,2021-11-20 08:32:06+00:00
1032,1003313758,41248,2021-11-20 06:45:03+00:00
1033,1003313758,41244,2021-11-19 13:08:13+00:00
1034,1003313758,41234,2021-11-19 08:43:02+00:00
1035,1003313758,41224,2021-11-18 14:05:34+00:00
1036,1003313758,41220,2021-11-18 11:45:15+00:00
1037,1003313758,41217,2021-11-18 08:54:56+00:00
1038,1003313758,41216,2021-11-18 08:47:12+00:00
1039,1003313758,41213,2021-11-18 08:06:34+00:00
1040,1003313758,41208,2021-11-18 07:17:24+00:00
1041,1003313758,41206,2021-11-18 07:05:31+00:00
1042,1003313758,41178,2021-11-17 08:27:54+00:00
1043,1003313758,41169,2021-11-16 14:21:17+00:00
1044,1003313758,41165,2021-11-16 13:32:06+00:00
1045,1003313758,41164,2021-11-16 13:00:12+00:00
1046,1003313758,41158,2021-11-16 11:59:58+00:00
1047,1003313758,41156,2021-11-16 10:22:07+00:00
1048,1003313758,41147,2021-11-16 08:05:48+00:00
1049,1003313758,41126,2021-11-15 14:08:02+00:00
1050,1003313758,41119,2021-11-15 10:47:35+00:00
1051,1003313758,41116,2021-11-15 08:47:34+00:00
1052,1003313758,41103,2021-11-15 05:52:50+00:00
1053,1003313758,41095,2021-11-14 13:07:10+00:00
1054,1003313758,41090,2021-11-14 08:40:14+00:00
1055,1003313758,41081,2021-11-13 17:06:02+00:00
1056,1003313758,41072,2021-11-13 08:17:12+00:00
1057,1003313758,41064,2021-11-13 05:48:01+00:00
1058,1003313758,41052,2021-11-12 14:40:32+00:00
1059,1003313758,41042,2021-11-12 08:58:47+00:00
1060,1003313758,41027,2021-11-11 17:04:38+00:00
1061,1003313758,41025,2021-11-11 16:33:37+00:00
1062,1003313758,41022,2021-11-11 13:32:56+00:00
1063,1003313758,41021,2021-11-11 13:20:07+00:00
1064,1003313758,41013,2021-11-11 10:46:06+00:00
1065,1003313758,41000,2021-11-11 06:45:05+00:00
1066,1003313758,40985,2021-11-10 13:53:12+00:00
1067,1003313758,40983,2021-11-10 12:09:53+00:00
1068,1003313758,40982,2021-11-10 11:16:11+00:00
1069,1003313758,40979,2021-11-10 10:16:52+00:00
1070,1003313758,40978,2021-11-10 09:55:00+00:00
1071,1003313758,40970,2021-11-10 07:38:55+00:00
1072,1003313758,40958,2021-11-09 15:26:09+00:00
1073,1003313758,40956,2021-11-09 14:27:05+00:00
1074,1003313758,40954,2021-11-09 13:37:46+00:00
1075,1003313758,40936,2021-11-09 07:48:52+00:00
1076,1003313758,40920,2021-11-08 17:30:07+00:00
1077,1003313758,40881,2021-11-07 09:57:09+00:00
1078,1003313758,40869,2021-11-06 21:19:30+00:00
1079,1003313758,40851,2021-11-05 11:45:10+00:00
1080,1003313758,40832,2021-11-05 05:41:01+00:00
1081,1003313758,40826,2021-11-04 15:04:01+00:00
1082,1003313758,40824,2021-11-04 12:23:55+00:00
1083,1003313758,40821,2021-11-04 11:16:32+00:00
1084,1003313758,40809,2021-11-04 06:51:40+00:00
1085,1003313758,40793,2021-11-03 12:09:15+00:00
1086,1003313758,40777,2021-11-03 07:47:07+00:00
1087,1003313758,40772,2021-11-03 07:10:43+00:00
1088,1003313758,40766,2021-11-02 20:21:24+00:00
1089,1003313758,40747,2021-11-02 07:41:08+00:00
1090,1003313758,40730,2021-11-01 16:08:28+00:00
1091,1003313758,40729,2021-11-01 15:29:07+00:00
1092,1003313758,40722,2021-11-01 11:22:05+00:00
1093,1003313758,40719,2021-11-01 10:39:56+00:00
1094,1003313758,40690,2021-10-31 08:12:55+00:00
1095,1003313758,40688,2021-10-31 07:29:35+00:00
1096,1003313758,40674,2021-10-30 12:38:37+00:00
1097,1003313758,40657,2021-10-29 13:53:54+00:00
1098,1003313758,40654,2021-10-29 12:14:28+00:00
1099,1003313758,40649,2021-10-29 09:26:35+00:00
1100,1003313758,40635,2021-10-28 18:26:02+00:00
1101,1003313758,40634,2021-10-28 18:21:21+00:00
1102,1003313758,40608,2021-10-28 07:01:14+00:00
1103,1003313758,40575,2021-10-27 11:23:31+00:00
1104,1003313758,40573,2021-10-27 10:39:46+00:00
1105,1003313758,40564,2021-10-27 08:40:37+00:00
1106,1003313758,40545,2021-10-26 13:15:07+00:00
1107,1003313758,40542,2021-10-26 12:13:37+00:00
1108,1003313758,40539,2021-10-26 11:17:06+00:00
1109,1003313758,40524,2021-10-25 19:52:15+00:00
1110,1003313758,40505,2021-10-25 08:15:51+00:00
1111,1003313758,40494,2021-10-25 06:01:10+00:00
1112,1003313758,40490,2021-10-25 05:27:45+00:00
1113,1003313758,40481,2021-10-24 08:43:13+00:00
1114,1003313758,40473,2021-10-23 21:14:20+00:00
1115,1003313758,40469,2021-10-23 15:43:58+00:00
1116,1003313758,40464,2021-10-23 09:45:51+00:00
1117,1003313758,40453,2021-10-22 13:45:57+00:00
1118,1003313758,40447,2021-10-22 11:46:15+00:00
1119,1003313758,40429,2021-10-22 09:28:03+00:00
1120,1003313758,40427,2021-10-22 09:24:21+00:00
1121,1003313758,40425,2021-10-22 09:08:36+00:00
1122,1003313758,40422,2021-10-22 08:00:03+00:00
1123,1003313758,40417,2021-10-22 06:41:46+00:00
1124,1003313758,40408,2021-10-21 17:32:28+00:00
1125,1003313758,40403,2021-10-21 14:30:09+00:00
1126,1003313758,40389,2021-10-21 10:24:53+00:00
1127,1003313758,40377,2021-10-21 08:39:38+00:00
1128,1003313758,40366,2021-10-21 05:32:06+00:00
1129,1003313758,40363,2021-10-20 20:10:59+00:00
1130,1003313758,40337,2021-10-20 08:43:36+00:00
1131,1003313758,40335,2021-10-20 08:26:22+00:00
1132,1003313758,40328,2021-10-20 07:37:11+00:00
1133,1003313758,40326,2021-10-20 07:14:46+00:00
1134,1003313758,40311,2021-10-19 16:03:18+00:00
1135,1003313758,40297,2021-10-19 13:32:34+00:00
1136,1003313758,40284,2021-10-19 09:31:52+00:00
1137,1003313758,40282,2021-10-19 08:31:27+00:00
1138,1003313758,40279,2021-10-19 06:48:28+00:00
1139,1003313758,40262,2021-10-18 12:09:49+00:00
1140,1003313758,40249,2021-10-18 07:47:01+00:00
1141,1003313758,40248,2021-10-18 07:44:02+00:00
1142,1003313758,40244,2021-10-18 06:51:56+00:00
1143,1003313758,40235,2021-10-18 06:31:34+00:00
1144,1003313758,40232,2021-10-18 06:08:21+00:00
1145,1003313758,40222,2021-10-17 10:18:27+00:00
1146,1003313758,40217,2021-10-17 09:02:29+00:00
1147,1003313758,40204,2021-10-17 06:06:35+00:00
1148,1003313758,40196,2021-10-16 08:13:06+00:00
1149,1003313758,40165,2021-10-15 05:23:44+00:00
1150,1003313758,40160,2021-10-14 14:45:50+00:00
1151,1003313758,40146,2021-10-14 08:35:54+00:00
1152,1003313758,40144,2021-10-14 07:55:58+00:00
1153,1003313758,40126,2021-10-13 13:21:52+00:00
1154,1003313758,40125,2021-10-13 13:16:47+00:00
1155,1003313758,40087,2021-10-12 12:56:43+00:00
1156,1003313758,40086,2021-10-12 12:48:04+00:00
1157,1003313758,40072,2021-10-12 09:05:26+00:00
1158,1003313758,40067,2021-10-12 08:14:42+00:00
1159,1003313758,40048,2021-10-11 16:16:15+00:00
1160,1003313758,40047,2021-10-11 15:45:24+00:00
1161,1003313758,40039,2021-10-11 09:39:13+00:00
1162,1003313758,40028,2021-10-11 06:49:52+00:00
1163,1003313758,40026,2021-10-11 05:55:44+00:00
1164,1003313758,40021,2021-10-10 18:15:40+00:00
1165,1003313758,40016,2021-10-10 15:48:20+00:00
1166,1003313758,39988,2021-10-09 07:17:07+00:00
1167,1003313758,39977,2021-10-08 15:04:08+00:00
1168,1003313758,39972,2021-10-08 11:33:42+00:00
1169,1003313758,39957,2021-10-08 07:16:55+00:00
1170,1003313758,39925,2021-10-07 10:49:33+00:00
1171,1003313758,39916,2021-10-07 06:55:47+00:00
1172,1003313758,39881,2021-10-06 07:05:11+00:00
1173,1003313758,39863,2021-10-05 13:16:13+00:00
1174,1003313758,39860,2021-10-05 10:10:49+00:00
1175,1003313758,39843,2021-10-05 06:52:21+00:00
1176,1003313758,39842,2021-10-05 06:22:04+00:00
1177,1003313758,39835,2021-10-04 21:37:06+00:00
1178,1003313758,39829,2021-10-04 21:08:09+00:00
1179,1003313758,39827,2021-10-04 20:56:24+00:00
1180,1003313758,39813,2021-10-04 18:58:56+00:00
1181,1003313758,39812,2021-10-04 18:40:30+00:00
1182,1003313758,39808,2021-10-04 18:07:46+00:00
1183,1003313758,39804,2021-10-04 17:01:24+00:00
1184,1003313758,39795,2021-10-04 12:49:46+00:00
1185,1003313758,39788,2021-10-04 11:11:46+00:00
1186,1003313758,39785,2021-10-04 11:08:11+00:00
1187,1003313758,39770,2021-10-04 06:41:04+00:00
1188,1003313758,39768,2021-10-04 05:37:11+00:00
1189,1003313758,39759,2021-10-03 12:26:49+00:00
1190,1003313758,39753,2021-10-03 08:27:25+00:00
1191,1003313758,39745,2021-10-02 15:47:33+00:00
1192,1003313758,39738,2021-10-02 08:46:28+00:00
1193,1003313758,39728,2021-10-01 18:03:47+00:00
1194,1003313758,39725,2021-10-01 14:19:25+00:00
1195,1003313758,39719,2021-10-01 12:40:48+00:00
1196,1003313758,39692,2021-09-30 14:38:20+00:00
1197,1003313758,39676,2021-09-29 20:06:27+00:00
1198,1003313758,39674,2021-09-29 18:40:49+00:00
1199,1003313758,39672,2021-09-29 17:43:31+00:00
1200,1003313758,39670,2021-09-29 17:00:46+00:00
1201,1003313758,39665,2021-09-29 16:17:42+00:00
1202,1003313758,39649,2021-09-29 09:49:42+00:00
1203,1003313758,39637,2021-09-29 05:51:41+00:00
1204,1003313758,39628,2021-09-28 12:48:01+00:00
1205,1003313758,39609,2021-09-28 07:44:04+00:00
1206,1003313758,39604,2021-09-28 07:03:06+00:00
1207,1003313758,39601,2021-09-28 06:05:19+00:00
1208,1003313758,39588,2021-09-27 14:29:03+00:00
1209,1003313758,39571,2021-09-27 09:39:45+00:00
1210,1003313758,39567,2021-09-27 07:30:51+00:00
1211,1003313758,39559,2021-09-26 14:18:36+00:00
1212,1003313758,39554,2021-09-26 09:08:10+00:00
1213,1003313758,39550,2021-09-25 14:45:43+00:00
1214,1003313758,39548,2021-09-25 11:45:15+00:00
1215,1003313758,39546,2021-09-25 11:24:58+00:00
1216,1003313758,39536,2021-09-25 07:55:23+00:00
1217,1003313758,39515,2021-09-24 10:05:25+00:00
1218,1003313758,39504,2021-09-23 17:16:01+00:00
1219,1003313758,39498,2021-09-23 12:44:36+00:00
1220,1003313758,39496,2021-09-23 11:29:16+00:00
1221,1003313758,39491,2021-09-23 09:59:16+00:00
1222,1003313758,39490,2021-09-23 09:54:32+00:00
1223,1003313758,39485,2021-09-23 09:13:14+00:00
1224,1003313758,39484,2021-09-23 08:19:08+00:00
1225,1003313758,39479,2021-09-23 06:44:11+00:00
1226,1003313758,39476,2021-09-23 06:38:41+00:00
1227,1003313758,39473,2021-09-23 05:41:24+00:00
1228,1003313758,39457,2021-09-22 08:37:25+00:00
1229,1003313758,39451,2021-09-22 06:51:27+00:00
1230,1003313758,39440,2021-09-21 13:43:23+00:00
1231,1003313758,39428,2021-09-21 08:41:37+00:00
1232,1003313758,39415,2021-09-20 14:13:26+00:00
1233,1003313758,39414,2021-09-20 14:11:53+00:00
1234,1003313758,39406,2021-09-20 11:21:32+00:00
1235,1003313758,39405,2021-09-20 10:50:00+00:00
1236,1003313758,39386,2021-09-19 13:44:01+00:00
1237,1003313758,39383,2021-09-19 09:46:42+00:00
1238,1003313758,39381,2021-09-19 08:53:22+00:00
1239,1003313758,39375,2021-09-18 12:41:04+00:00
1240,1003313758,39370,2021-09-18 08:55:05+00:00
1241,1003313758,39369,2021-09-18 08:18:24+00:00
1242,1003313758,39353,2021-09-17 12:53:09+00:00
1243,1003313758,39336,2021-09-17 06:18:54+00:00
1244,1003313758,39322,2021-09-16 15:57:14+00:00
1245,1003313758,39321,2021-09-16 14:51:48+00:00
1246,1003313758,39313,2021-09-16 12:54:34+00:00
1247,1003313758,39311,2021-09-16 11:52:17+00:00
1248,1003313758,39306,2021-09-16 09:31:43+00:00
1249,1003313758,39305,2021-09-16 09:16:26+00:00
1250,1003313758,39295,2021-09-16 06:40:19+00:00
1251,1003313758,39279,2021-09-15 17:52:18+00:00
1252,1003313758,39260,2021-09-15 09:00:11+00:00
1253,1003313758,39245,2021-09-15 06:27:17+00:00
1254,1003313758,39238,2021-09-14 18:10:17+00:00
1255,1003313758,39233,2021-09-14 14:23:13+00:00
1256,1003313758,39226,2021-09-14 11:41:22+00:00
1257,1003313758,39220,2021-09-14 08:26:08+00:00
1258,1003313758,39215,2021-09-14 08:10:38+00:00
1259,1003313758,39199,2021-09-13 16:54:40+00:00
1260,1003313758,39188,2021-09-13 11:55:42+00:00
1261,1003313758,39176,2021-09-13 06:43:08+00:00
1262,1003313758,39161,2021-09-12 09:29:13+00:00
1263,1003313758,39155,2021-09-12 08:17:17+00:00
1264,1003313758,39147,2021-09-11 17:39:40+00:00
1265,1003313758,39132,2021-09-11 10:07:52+00:00
1266,1003313758,39128,2021-09-11 09:03:05+00:00
1267,1003313758,39120,2021-09-11 05:59:57+00:00
1268,1003313758,39109,2021-09-10 14:01:28+00:00
1269,1003313758,39077,2021-09-09 15:50:15+00:00
1270,1003313758,39074,2021-09-09 15:13:07+00:00
1271,1003313758,39059,2021-09-08 19:24:42+00:00
1272,1003313758,39056,2021-09-08 17:15:48+00:00
1273,1003313758,39038,2021-09-08 08:58:23+00:00
1274,1003313758,39034,2021-09-08 07:23:18+00:00
1275,1003313758,38993,2021-09-06 17:36:28+00:00
1276,1003313758,38992,2021-09-06 17:10:07+00:00
1277,1003313758,38991,2021-09-06 16:11:51+00:00
1278,1003313758,38986,2021-09-06 15:39:28+00:00
1279,1003313758,38985,2021-09-06 15:33:33+00:00
1280,1003313758,38979,2021-09-06 09:52:25+00:00
1281,1003313758,38965,2021-09-06 05:45:24+00:00
1282,1003313758,38952,2021-09-04 19:18:30+00:00
1283,1003313758,38931,2021-09-03 11:19:41+00:00
1284,1003313758,38926,2021-09-03 08:50:52+00:00
1285,1003313758,38878,2021-09-02 07:21:52+00:00
1286,1003313758,38866,2021-09-01 14:16:50+00:00
1287,1003313758,38857,2021-09-01 10:28:09+00:00
1288,1003313758,38849,2021-09-01 07:03:10+00:00
1289,1003313758,38838,2021-08-31 17:40:17+00:00
1290,1003313758,38837,2021-08-31 16:38:50+00:00
1291,1003313758,38827,2021-08-31 12:59:42+00:00
1292,1003313758,38825,2021-08-31 11:30:54+00:00
1293,1003313758,38816,2021-08-31 07:13:49+00:00
1294,1003313758,38809,2021-08-31 05:32:11+00:00
1295,1003313758,38807,2021-08-30 19:22:51+00:00
1296,1003313758,38800,2021-08-30 13:12:01+00:00
1297,1003313758,38799,2021-08-30 13:05:10+00:00
1298,1003313758,38789,2021-08-30 10:14:59+00:00
1299,1003313758,38780,2021-08-30 07:04:40+00:00
1300,1003313758,38777,2021-08-30 06:41:25+00:00
1301,1003313758,38770,2021-08-29 14:50:17+00:00
1302,1003313758,38762,2021-08-29 08:36:49+00:00
1303,1003313758,38756,2021-08-28 12:57:31+00:00
1304,1003313758,38755,2021-08-28 10:32:21+00:00
1305,1003313758,38754,2021-08-28 10:08:33+00:00
1306,1003313758,38741,2021-08-27 21:00:02+00:00
1307,1003313758,38738,2021-08-27 18:30:06+00:00
1308,1003313758,38708,2021-08-27 05:44:19+00:00
1309,1003313758,38696,2021-08-26 12:58:01+00:00
1310,1003313758,38694,2021-08-26 10:52:04+00:00
1311,1003313758,38689,2021-08-26 10:45:06+00:00
1312,1003313758,38673,2021-08-25 17:34:37+00:00
1313,1003313758,38667,2021-08-25 12:30:43+00:00
1314,1003313758,38663,2021-08-25 11:26:46+00:00
1315,1003313758,38660,2021-08-25 10:45:45+00:00
1316,1003313758,38654,2021-08-25 07:16:36+00:00
1317,1003313758,38643,2021-08-24 14:30:06+00:00
1318,1003313758,38624,2021-08-24 07:50:16+00:00
1319,1003313758,38620,2021-08-24 04:45:11+00:00
1320,1003313758,38618,2021-08-23 15:25:54+00:00
1321,1003313758,38612,2021-08-23 11:56:52+00:00
1322,1003313758,38599,2021-08-23 08:39:05+00:00
1323,1003313758,38597,2021-08-23 08:17:53+00:00
1324,1003313758,38591,2021-08-23 06:48:54+00:00
1325,1003313758,38585,2021-08-22 14:27:22+00:00
1326,1003313758,38567,2021-08-21 16:10:41+00:00
1327,1003313758,38544,2021-08-20 12:36:08+00:00
1328,1003313758,38535,2021-08-20 08:55:50+00:00
1329,1003313758,38531,2021-08-20 06:50:38+00:00
1330,1003313758,38515,2021-08-19 11:41:15+00:00
1331,1003313758,38508,2021-08-19 11:06:40+00:00
1332,1003313758,38507,2021-08-19 10:45:38+00:00
1333,1003313758,38506,2021-08-19 10:37:32+00:00
1334,1003313758,38499,2021-08-19 10:19:28+00:00
1335,1003313758,38493,2021-08-19 07:22:06+00:00
1336,1003313758,38467,2021-08-18 11:11:35+00:00
1337,1003313758,38466,2021-08-18 10:55:07+00:00
1338,1003313758,38463,2021-08-18 09:33:59+00:00
1339,1003313758,38438,2021-08-17 12:38:16+00:00
1340,1003313758,38433,2021-08-17 10:28:57+00:00
1341,1003313758,38427,2021-08-17 08:53:53+00:00
1342,1003313758,38420,2021-08-17 05:57:12+00:00
1343,1003313758,38409,2021-08-16 11:10:26+00:00
1344,1003313758,38404,2021-08-16 09:37:11+00:00
1345,1003313758,38396,2021-08-16 08:17:55+00:00
1346,1003313758,38375,2021-08-14 09:03:00+00:00
1347,1003313758,38370,2021-08-13 15:13:48+00:00
1348,1003313758,38358,2021-08-13 11:29:09+00:00
1349,1003313758,38341,2021-08-12 16:13:58+00:00
1350,1003313758,38335,2021-08-12 13:42:06+00:00
1351,1003313758,38294,2021-08-11 10:45:06+00:00
1352,1003313758,38289,2021-08-11 09:20:06+00:00
1353,1003313758,38267,2021-08-10 13:14:13+00:00
1354,1003313758,38260,2021-08-10 08:55:07+00:00
1355,1003313758,38254,2021-08-10 07:17:53+00:00
1356,1003313758,38252,2021-08-10 07:00:59+00:00
1357,1003313758,38227,2021-08-09 05:54:13+00:00
1358,1003313758,38220,2021-08-08 14:45:44+00:00
1359,1003313758,38219,2021-08-08 14:00:54+00:00
1360,1003313758,38202,2021-08-06 16:33:03+00:00
1361,1003313758,38198,2021-08-06 13:19:22+00:00
1362,1003313758,38180,2021-08-06 05:26:14+00:00
1363,1003313758,38174,2021-08-05 16:47:11+00:00
1364,1003313758,38166,2021-08-05 13:04:09+00:00
1365,1003313758,38161,2021-08-05 10:55:27+00:00
1366,1003313758,38159,2021-08-05 10:26:46+00:00
1367,1003313758,38142,2021-08-04 16:42:18+00:00
1368,1003313758,38122,2021-08-04 07:48:06+00:00
1369,1003313758,38119,2021-08-04 06:02:42+00:00
1370,1003313758,38113,2021-08-03 17:04:24+00:00
1371,1003313758,38106,2021-08-03 13:58:49+00:00
1372,1003313758,38101,2021-08-03 09:12:49+00:00
1373,1003313758,38081,2021-08-03 06:26:58+00:00
1374,1003313758,38076,2021-08-02 19:48:27+00:00
1375,1003313758,38075,2021-08-02 19:40:05+00:00
1376,1003313758,38056,2021-08-02 09:26:48+00:00
1377,1003313758,38050,2021-08-02 07:08:23+00:00
1378,1003313758,38048,2021-08-02 06:57:30+00:00
1379,1003313758,38036,2021-08-01 12:58:07+00:00
1380,1003313758,38018,2021-07-31 08:11:37+00:00
1381,1003313758,38016,2021-07-31 06:32:59+00:00
1382,1003313758,38006,2021-07-30 16:14:13+00:00
1383,1003313758,37995,2021-07-30 12:44:46+00:00
1384,1003313758,37992,2021-07-30 11:13:01+00:00
1385,1003313758,37982,2021-07-30 09:15:20+00:00
1386,1003313758,37977,2021-07-30 08:47:33+00:00
1387,1003313758,37959,2021-07-29 19:17:57+00:00
1388,1003313758,37952,2021-07-29 13:17:06+00:00
1389,1003313758,37951,2021-07-29 12:14:31+00:00
1390,1003313758,37947,2021-07-29 11:07:56+00:00
1391,1003313758,37922,2021-07-28 14:06:04+00:00
1392,1003313758,37907,2021-07-28 09:26:55+00:00
1393,1003313758,37886,2021-07-27 17:16:30+00:00
1394,1003313758,37871,2021-07-27 11:56:27+00:00
1395,1003313758,37846,2021-07-26 14:07:08+00:00
1396,1003313758,37845,2021-07-26 13:35:49+00:00
1397,1003313758,37840,2021-07-26 12:16:51+00:00
1398,1003313758,37835,2021-07-26 10:21:47+00:00
1399,1003313758,37833,2021-07-26 09:22:11+00:00
1400,1003313758,37827,2021-07-26 07:51:18+00:00
1401,1003313758,37794,2021-07-23 17:05:11+00:00
1402,1003313758,37787,2021-07-23 11:10:58+00:00
1403,1003313758,37785,2021-07-23 10:39:59+00:00
1404,1003313758,37775,2021-07-23 07:02:31+00:00
1405,1003313758,37773,2021-07-23 06:57:42+00:00
1406,1003313758,37764,2021-07-22 16:43:41+00:00
1407,1003313758,37763,2021-07-22 16:16:50+00:00
1408,1003313758,37753,2021-07-22 12:46:36+00:00
1409,1003313758,37744,2021-07-22 07:46:24+00:00
1410,1003313758,37732,2021-07-21 18:09:16+00:00
1411,1003313758,37731,2021-07-21 16:12:01+00:00
1412,1003313758,37720,2021-07-21 13:50:30+00:00
1413,1003313758,37719,2021-07-21 13:28:30+00:00
1414,1003313758,37697,2021-07-20 16:19:03+00:00
1415,1003313758,37690,2021-07-20 11:10:11+00:00
1416,1003313758,37685,2021-07-20 10:15:15+00:00
1417,1003313758,37678,2021-07-20 07:46:56+00:00
1418,1003313758,37649,2021-07-19 09:39:17+00:00
1419,1003313758,37640,2021-07-19 08:00:37+00:00
1420,1003313758,37625,2021-07-18 17:16:32+00:00
1421,1003313758,37622,2021-07-18 14:32:37+00:00
1422,1003313758,37621,2021-07-18 13:53:30+00:00
1423,1003313758,37615,2021-07-18 08:40:35+00:00
1424,1003313758,37604,2021-07-17 21:02:35+00:00
1425,1003313758,37586,2021-07-16 23:11:47+00:00
1426,1003313758,37551,2021-07-16 07:07:40+00:00
1427,1003313758,37534,2021-07-15 13:29:33+00:00
1428,1003313758,37533,2021-07-15 12:59:21+00:00
1429,1003313758,37521,2021-07-15 10:08:56+00:00
1430,1003313758,37514,2021-07-15 09:23:19+00:00
1431,1003313758,37506,2021-07-15 07:27:31+00:00
1432,1003313758,37503,2021-07-15 07:18:17+00:00
1433,1003313758,37499,2021-07-14 19:48:57+00:00
1434,1003313758,37470,2021-07-14 07:56:08+00:00
1435,1003313758,37469,2021-07-14 07:41:02+00:00
1436,1003313758,37461,2021-07-13 18:01:12+00:00
1437,1003313758,37445,2021-07-13 11:34:43+00:00
1438,1003313758,37441,2021-07-13 10:34:10+00:00
1439,1003313758,37434,2021-07-13 08:20:08+00:00
1440,1003313758,37431,2021-07-13 07:46:12+00:00
1441,1003313758,37428,2021-07-12 21:39:14+00:00
1442,1003313758,37392,2021-07-12 07:13:00+00:00
1443,1003313758,37391,2021-07-12 06:56:58+00:00
1444,1003313758,37389,2021-07-12 06:03:58+00:00
1445,1003313758,37386,2021-07-11 18:56:32+00:00
1446,1003313758,37374,2021-07-11 05:35:45+00:00
1447,1003313758,37371,2021-07-10 15:32:31+00:00
1448,1003313758,37344,2021-07-09 14:31:24+00:00
1449,1003313758,37341,2021-07-09 13:49:29+00:00
1450,1003313758,37339,2021-07-09 13:34:36+00:00
1451,1003313758,37312,2021-07-09 07:50:45+00:00
1452,1003313758,37310,2021-07-09 06:51:47+00:00
1453,1003313758,37295,2021-07-08 12:52:01+00:00
1454,1003313758,37291,2021-07-08 11:35:52+00:00
1455,1003313758,37288,2021-07-08 10:07:53+00:00
1456,1003313758,37284,2021-07-08 09:18:34+00:00
1457,1003313758,37270,2021-07-07 16:11:04+00:00
1458,1003313758,37265,2021-07-07 13:36:18+00:00
1459,1003313758,37263,2021-07-07 12:57:13+00:00
1460,1003313758,37258,2021-07-07 11:19:06+00:00
1461,1003313758,37231,2021-07-06 12:12:24+00:00
1462,1003313758,37229,2021-07-06 11:58:00+00:00
1463,1003313758,37226,2021-07-06 09:58:35+00:00
1464,1003313758,37225,2021-07-06 09:23:20+00:00
1465,1003313758,37218,2021-07-06 07:16:45+00:00
1466,1003313758,37151,2021-07-03 08:25:24+00:00
1467,1003313758,37138,2021-07-02 12:49:34+00:00
1468,1003313758,37135,2021-07-02 11:30:15+00:00
1469,1003313758,37128,2021-07-02 08:51:55+00:00
1470,1003313758,37124,2021-07-02 08:41:06+00:00
1471,1003313758,37123,2021-07-02 08:38:43+00:00
1472,1003313758,37095,2021-07-01 11:53:13+00:00
1473,1003313758,37089,2021-07-01 11:07:49+00:00
1474,1003313758,37073,2021-07-01 07:09:55+00:00
1475,1003313758,37068,2021-06-30 18:57:19+00:00
1476,1003313758,37066,2021-06-30 18:03:53+00:00
1477,1003313758,37044,2021-06-30 10:40:03+00:00
1478,1003313758,37028,2021-06-30 08:28:02+00:00
1479,1003313758,37016,2021-06-30 06:01:44+00:00
1480,1003313758,37011,2021-06-29 20:48:26+00:00
1481,1003313758,37004,2021-06-29 12:25:09+00:00
1482,1003313758,36992,2021-06-29 10:04:01+00:00
1483,1003313758,36955,2021-06-28 11:09:29+00:00
1484,1003313758,36948,2021-06-28 10:41:07+00:00
1485,1003313758,36945,2021-06-28 10:33:43+00:00
1486,1003313758,36930,2021-06-28 07:38:39+00:00
1487,1003313758,36918,2021-06-27 19:03:57+00:00
1488,1003313758,36916,2021-06-27 16:26:46+00:00
1489,1003313758,36911,2021-06-27 13:35:47+00:00
1490,1003313758,36907,2021-06-27 10:13:04+00:00
1491,1003313758,36906,2021-06-27 08:47:19+00:00
1492,1003313758,36901,2021-06-27 06:21:44+00:00
1493,1003313758,36893,2021-06-26 14:00:19+00:00
1494,1003313758,36870,2021-06-25 13:11:17+00:00
1495,1003313758,36859,2021-06-25 10:14:40+00:00
1496,1003313758,36853,2021-06-25 08:17:58+00:00
1497,1003313758,36848,2021-06-25 07:51:35+00:00
1498,1003313758,36847,2021-06-25 07:15:31+00:00
1499,1003313758,36838,2021-06-24 15:16:44+00:00
1500,1003313758,36833,2021-06-24 12:41:17+00:00
1501,1003313758,36816,2021-06-24 07:52:33+00:00
1502,1003313758,36806,2021-06-23 14:52:11+00:00
1503,1003313758,36804,2021-06-23 14:15:51+00:00
1504,1003313758,36762,2021-06-22 11:36:54+00:00
1505,1003313758,36745,2021-06-21 14:09:23+00:00
1506,1003313758,36737,2021-06-21 11:11:16+00:00
1507,1003313758,36729,2021-06-21 07:25:05+00:00
1508,1003313758,36703,2021-06-19 09:07:11+00:00
1509,1003313758,36700,2021-06-19 08:18:18+00:00
1510,1003313758,36697,2021-06-19 07:59:43+00:00
1511,1003313758,36678,2021-06-18 11:07:42+00:00
1512,1003313758,36669,2021-06-18 08:01:50+00:00
1513,1003313758,36660,2021-06-18 07:04:15+00:00
1514,1003313758,36634,2021-06-17 11:51:48+00:00
1515,1003313758,36633,2021-06-17 11:43:43+00:00
1516,1003313758,36629,2021-06-17 09:18:04+00:00
1517,1003313758,36618,2021-06-17 07:22:39+00:00
1518,1003313758,36609,2021-06-16 14:48:37+00:00
1519,1003313758,36601,2021-06-16 10:57:46+00:00
1520,1003313758,36596,2021-06-16 09:21:09+00:00
1521,1003313758,36585,2021-06-16 08:02:16+00:00
1522,1003313758,36543,2021-06-15 08:04:44+00:00
1523,1003313758,36529,2021-06-14 10:15:03+00:00
1524,1003313758,36504,2021-06-13 11:27:18+00:00
1525,1003313758,36500,2021-06-13 09:09:07+00:00
1526,1003313758,36481,2021-06-12 18:17:32+00:00
1527,1003313758,36478,2021-06-12 15:36:27+00:00
1528,1003313758,36464,2021-06-12 08:57:00+00:00
1529,1003313758,36453,2021-06-11 14:59:51+00:00
1530,1003313758,36443,2021-06-11 12:54:22+00:00
1531,1003313758,36436,2021-06-11 11:09:43+00:00
1532,1003313758,36431,2021-06-11 09:13:33+00:00
1533,1003313758,36428,2021-06-11 09:02:17+00:00
1534,1003313758,36427,2021-06-11 08:39:14+00:00
1535,1003313758,36415,2021-06-10 14:41:15+00:00
1536,1003313758,36404,2021-06-10 12:41:32+00:00
1537,1003313758,36402,2021-06-10 12:01:42+00:00
1538,1003313758,36399,2021-06-10 10:48:36+00:00
1539,1003313758,36391,2021-06-10 08:09:26+00:00
1540,1003313758,36366,2021-06-09 11:31:33+00:00
1541,1003313758,36356,2021-06-09 08:57:33+00:00
1542,1003313758,36336,2021-06-08 11:27:08+00:00
1543,1003313758,36333,2021-06-08 11:11:56+00:00
1544,1003313758,36332,2021-06-08 10:59:52+00:00
1545,1003313758,36330,2021-06-08 10:20:32+00:00
1546,1003313758,36328,2021-06-08 09:44:54+00:00
1547,1003313758,36327,2021-06-08 08:48:52+00:00
1548,1003313758,36323,2021-06-08 08:16:04+00:00
1549,1003313758,36316,2021-06-08 05:49:39+00:00
1550,1003313758,36312,2021-06-07 15:25:59+00:00
1551,1003313758,36300,2021-06-07 09:54:47+00:00
1552,1003313758,36297,2021-06-07 09:27:50+00:00
1553,1003313758,36291,2021-06-07 07:37:23+00:00
1554,1003313758,36276,2021-06-06 09:43:07+00:00
1555,1003313758,36254,2021-06-04 18:14:09+00:00
1556,1003313758,36247,2021-06-04 15:31:46+00:00
1557,1003313758,36239,2021-06-04 12:19:23+00:00
1558,1003313758,36227,2021-06-04 10:33:46+00:00
1559,1003313758,36223,2021-06-04 09:03:07+00:00
1560,1003313758,36212,2021-06-03 15:56:23+00:00
1561,1003313758,36210,2021-06-03 15:10:10+00:00
1562,1003313758,36191,2021-06-03 08:37:08+00:00
1563,1003313758,36190,2021-06-03 08:27:19+00:00
1564,1003313758,36179,2021-06-02 13:41:01+00:00
1565,1003313758,36172,2021-06-02 10:30:13+00:00
1566,1003313758,36169,2021-06-02 09:38:16+00:00
1567,1003313758,36148,2021-06-01 14:38:58+00:00
1568,1003313758,36130,2021-06-01 10:46:25+00:00
1569,1003313758,36127,2021-06-01 09:44:11+00:00
1570,1003313758,36113,2021-06-01 06:44:21+00:00
1571,1003313758,36110,2021-05-31 18:21:01+00:00
1572,1003313758,36108,2021-05-31 17:00:14+00:00
1573,1003313758,36100,2021-05-31 13:03:55+00:00
1574,1003313758,36099,2021-05-31 12:37:01+00:00
1575,1003313758,36095,2021-05-31 11:22:22+00:00
1576,1003313758,36088,2021-05-31 08:22:27+00:00
1577,1003313758,36082,2021-05-31 06:19:33+00:00
1578,1003313758,36052,2021-05-28 18:59:26+00:00
1579,1003313758,36039,2021-05-28 15:28:23+00:00
1580,1003313758,36034,2021-05-28 12:07:46+00:00
1581,1003313758,36011,2021-05-28 07:12:51+00:00
1582,1003313758,36004,2021-05-27 13:54:37+00:00
1583,1003313758,35983,2021-05-27 10:02:05+00:00
1584,1003313758,35979,2021-05-27 09:51:24+00:00
1585,1003313758,35964,2021-05-27 07:26:09+00:00
1586,1003313758,35936,2021-05-26 10:32:27+00:00
1587,1003313758,35934,2021-05-26 10:13:24+00:00
1588,1003313758,35926,2021-05-26 08:00:38+00:00
1589,1003313758,35904,2021-05-25 11:03:25+00:00
1590,1003313758,35865,2021-05-24 12:40:29+00:00
1591,1003313758,35853,2021-05-24 10:20:39+00:00
1592,1003313758,35848,2021-05-24 08:04:22+00:00
1593,1003313758,35845,2021-05-24 08:01:13+00:00
1594,1003313758,35841,2021-05-23 16:41:07+00:00
1595,1003313758,35834,2021-05-23 09:10:06+00:00
1596,1003313758,35831,2021-05-23 08:37:08+00:00
1597,1003313758,35805,2021-05-21 14:48:08+00:00
1598,1003313758,35804,2021-05-21 12:57:21+00:00
1599,1003313758,35780,2021-05-21 07:25:41+00:00
1600,1003313758,35777,2021-05-21 07:17:31+00:00
1601,1003313758,35769,2021-05-20 16:29:50+00:00
1602,1003313758,35761,2021-05-20 13:10:34+00:00
1603,1003313758,35758,2021-05-20 11:32:38+00:00
1604,1003313758,35735,2021-05-19 16:31:23+00:00
1605,1003313758,35730,2021-05-19 13:22:05+00:00
1606,1003313758,35727,2021-05-19 11:56:01+00:00
1607,1003313758,35713,2021-05-19 08:59:29+00:00
1608,1003313758,35711,2021-05-19 08:17:03+00:00
1609,1003313758,35702,2021-05-19 05:11:42+00:00
1610,1003313758,35700,2021-05-18 15:11:58+00:00
1611,1003313758,35694,2021-05-18 12:01:34+00:00
1612,1003313758,35692,2021-05-18 11:07:28+00:00
1613,1003313758,35688,2021-05-18 10:35:58+00:00
1614,1003313758,35682,2021-05-18 09:57:58+00:00
1615,1003313758,35679,2021-05-18 08:40:35+00:00
1616,1003313758,35674,2021-05-18 07:47:49+00:00
1617,1003313758,35663,2021-05-17 14:15:38+00:00
1618,1003313758,35650,2021-05-17 10:32:45+00:00
1619,1003313758,35648,2021-05-17 10:01:47+00:00
1620,1003313758,35637,2021-05-17 08:04:22+00:00
1621,1003313758,35624,2021-05-16 10:36:35+00:00
1622,1003313758,35618,2021-05-15 16:23:27+00:00
1623,1003313758,35602,2021-05-15 08:01:18+00:00
1624,1003313758,35596,2021-05-15 06:59:30+00:00
1625,1003313758,35578,2021-05-14 14:19:44+00:00
1626,1003313758,35569,2021-05-14 11:34:39+00:00
1627,1003313758,35565,2021-05-14 10:19:41+00:00
1628,1003313758,35544,2021-05-13 17:30:04+00:00
1629,1003313758,35530,2021-05-13 11:05:46+00:00
1630,1003313758,35527,2021-05-13 10:17:01+00:00
1631,1003313758,35501,2021-05-12 15:16:59+00:00
1632,1003313758,35486,2021-05-12 12:04:29+00:00
1633,1003313758,35460,2021-05-12 05:39:14+00:00
1634,1003313758,35453,2021-05-11 13:10:41+00:00
1635,1003313758,35442,2021-05-10 18:32:29+00:00
1636,1003313758,35440,2021-05-10 17:41:01+00:00
1637,1003313758,35393,2021-05-09 07:06:00+00:00
1638,1003313758,35392,2021-05-08 20:23:53+00:00
1639,1003313758,35384,2021-05-08 10:41:52+00:00
1640,1003313758,35374,2021-05-07 11:54:07+00:00
1641,1003313758,35367,2021-05-07 10:25:48+00:00
1642,1003313758,35365,2021-05-07 09:51:33+00:00
1643,1003313758,35362,2021-05-07 08:19:34+00:00
1644,1003313758,35348,2021-05-06 15:45:03+00:00
1645,1003313758,35336,2021-05-06 10:20:29+00:00
1646,1003313758,35322,2021-05-05 12:51:06+00:00
1647,1003313758,35319,2021-05-05 11:37:23+00:00
1648,1003313758,35298,2021-05-04 11:57:59+00:00
1649,1003313758,35281,2021-05-03 14:23:46+00:00
1650,1003313758,35267,2021-05-03 08:17:13+00:00
1651,1003313758,35266,2021-05-03 07:12:19+00:00
1652,1003313758,35253,2021-05-01 18:17:11+00:00
1653,1003313758,35240,2021-05-01 07:24:54+00:00
1654,1003313758,35225,2021-04-30 08:54:58+00:00
1655,1003313758,35221,2021-04-30 08:06:57+00:00
1656,1003313758,35216,2021-04-30 04:36:15+00:00
1657,1003313758,35203,2021-04-29 14:17:38+00:00
1658,1003313758,35191,2021-04-29 10:06:07+00:00
1659,1003313758,35189,2021-04-29 09:17:36+00:00
1660,1003313758,35165,2021-04-28 13:29:53+00:00
1661,1003313758,35156,2021-04-28 11:11:46+00:00
1662,1003313758,35153,2021-04-28 10:41:06+00:00
1663,1003313758,35152,2021-04-28 10:29:35+00:00
1664,1003313758,35135,2021-04-27 15:42:32+00:00
1665,1003313758,35132,2021-04-27 14:14:44+00:00
1666,1003313758,35122,2021-04-27 11:52:50+00:00
1667,1003313758,35118,2021-04-27 09:56:34+00:00
1668,1003313758,35117,2021-04-27 09:51:43+00:00
1669,1003313758,35111,2021-04-27 07:52:41+00:00
1670,1003313758,35072,2021-04-26 06:24:17+00:00
1671,1003313758,35067,2021-04-25 20:26:39+00:00
1672,1003313758,35037,2021-04-24 11:36:46+00:00
1673,1003313758,35035,2021-04-24 11:18:22+00:00
1674,1003313758,35017,2021-04-23 12:45:23+00:00
1675,1003313758,35011,2021-04-23 11:19:21+00:00
1676,1003313758,34994,2021-04-23 09:02:33+00:00
1677,1003313758,34992,2021-04-23 08:19:30+00:00
1678,1003313758,34985,2021-04-23 06:38:10+00:00
1679,1003313758,34966,2021-04-22 10:29:35+00:00
1680,1003313758,34961,2021-04-22 09:23:32+00:00
1681,1003313758,34958,2021-04-22 07:28:38+00:00
1682,1003313758,34937,2021-04-21 16:41:37+00:00
1683,1003313758,34922,2021-04-21 15:11:41+00:00
1684,1003313758,34921,2021-04-21 14:10:29+00:00
1685,1003313758,34895,2021-04-21 08:29:35+00:00
1686,1003313758,34884,2021-04-20 16:29:21+00:00
1687,1003313758,34870,2021-04-20 14:08:27+00:00
1688,1003313758,34868,2021-04-20 13:17:40+00:00
1689,1003313758,34852,2021-04-20 08:33:05+00:00
1690,1003313758,34844,2021-04-19 19:05:52+00:00
1691,1003313758,34837,2021-04-19 13:35:51+00:00
1692,1003313758,34825,2021-04-19 10:29:28+00:00
1693,1003313758,34800,2021-04-18 09:54:12+00:00
1694,1003313758,34778,2021-04-17 06:39:11+00:00
1695,1003313758,34764,2021-04-16 10:58:55+00:00
1696,1003313758,34761,2021-04-16 10:25:29+00:00
1697,1003313758,34757,2021-04-16 09:39:22+00:00
1698,1003313758,34744,2021-04-15 20:06:36+00:00
1699,1003313758,34733,2021-04-15 11:13:05+00:00
1700,1003313758,34732,2021-04-15 10:30:18+00:00
1701,1003313758,34726,2021-04-15 09:31:28+00:00
1702,1003313758,34725,2021-04-15 09:20:06+00:00
1703,1003313758,34717,2021-04-15 07:39:41+00:00
1704,1003313758,34704,2021-04-14 18:38:19+00:00
1705,1003313758,34694,2021-04-14 12:10:39+00:00
1706,1003313758,34689,2021-04-14 10:22:48+00:00
1707,1003313758,34675,2021-04-14 06:36:43+00:00
1708,1003313758,34673,2021-04-14 05:36:13+00:00
1709,1003313758,34667,2021-04-13 16:55:48+00:00
1710,1003313758,34635,2021-04-13 08:07:58+00:00
1711,1003313758,34616,2021-04-12 14:26:26+00:00
1712,1003313758,34614,2021-04-12 13:13:50+00:00
1713,1003313758,34607,2021-04-12 12:19:11+00:00
1714,1003313758,34602,2021-04-12 09:05:34+00:00
1715,1003313758,34597,2021-04-12 08:24:09+00:00
1716,1003313758,34589,2021-04-11 19:51:41+00:00
1717,1003313758,34569,2021-04-11 07:35:00+00:00
1718,1003313758,34559,2021-04-10 14:10:38+00:00
1719,1003313758,34558,2021-04-10 14:08:11+00:00
1720,1003313758,34552,2021-04-10 09:36:10+00:00
1721,1003313758,34546,2021-04-09 16:45:48+00:00
1722,1003313758,34540,2021-04-09 10:49:29+00:00
1723,1003313758,34536,2021-04-09 09:11:49+00:00
1724,1003313758,34534,2021-04-09 08:16:01+00:00
1725,1003313758,34532,2021-04-09 07:26:51+00:00
1726,1003313758,34524,2021-04-08 19:32:55+00:00
1727,1003313758,34513,2021-04-08 13:18:55+00:00
1728,1003313758,34487,2021-04-07 13:41:51+00:00
1729,1003313758,34484,2021-04-07 12:02:11+00:00
1730,1003313758,34479,2021-04-07 09:34:32+00:00
1731,1003313758,34470,2021-04-07 08:02:38+00:00
1732,1003313758,34460,2021-04-06 16:19:52+00:00
1733,1003313758,34442,2021-04-06 10:06:42+00:00
1734,1003313758,34440,2021-04-06 09:36:19+00:00
1735,1003313758,34433,2021-04-06 08:07:42+00:00
1736,1003313758,34424,2021-04-05 18:20:50+00:00
1737,1003313758,34403,2021-04-05 10:39:41+00:00
1738,1003313758,34399,2021-04-05 08:42:06+00:00
1739,1003313758,34396,2021-04-05 08:12:11+00:00
1740,1003313758,34395,2021-04-05 08:06:43+00:00
1741,1003313758,34391,2021-04-05 06:44:44+00:00
1742,1003313758,34387,2021-04-04 11:11:19+00:00
1743,1003313758,34385,2021-04-04 08:26:11+00:00
1744,1003313758,34376,2021-04-03 16:14:15+00:00
1745,1003313758,34361,2021-04-02 18:21:01+00:00
1746,1003313758,34360,2021-04-02 17:08:21+00:00
1747,1003313758,34359,2021-04-02 16:16:01+00:00
1748,1003313758,34340,2021-04-02 09:56:44+00:00
1749,1003313758,34339,2021-04-02 09:27:35+00:00
1750,1003313758,34335,2021-04-02 07:38:48+00:00
1751,1003313758,34325,2021-04-01 17:39:00+00:00
1752,1003313758,34311,2021-04-01 12:49:56+00:00
1753,1003313758,34308,2021-04-01 11:55:12+00:00
1754,1003313758,34303,2021-04-01 11:16:08+00:00
1755,1003313758,34298,2021-04-01 10:40:36+00:00
1756,1003313758,34270,2021-03-31 15:30:08+00:00
1757,1003313758,34264,2021-03-31 12:32:51+00:00
1758,1003313758,34262,2021-03-31 12:06:35+00:00
1759,1003313758,34258,2021-03-31 11:15:45+00:00
1760,1003313758,34250,2021-03-31 09:51:32+00:00
1761,1003313758,34230,2021-03-30 18:16:47+00:00
1762,1003313758,34229,2021-03-30 16:34:02+00:00
1763,1003313758,34220,2021-03-30 12:44:06+00:00
1764,1003313758,34196,2021-03-29 14:48:16+00:00
1765,1003313758,34192,2021-03-29 14:09:15+00:00
1766,1003313758,34188,2021-03-29 12:29:33+00:00
1767,1003313758,34180,2021-03-29 10:44:06+00:00
1768,1003313758,34178,2021-03-29 10:19:36+00:00
1769,1003313758,34158,2021-03-28 09:03:23+00:00
1770,1003313758,34151,2021-03-27 17:47:53+00:00
1771,1003313758,34146,2021-03-27 10:50:57+00:00
1772,1003313758,34141,2021-03-27 07:07:12+00:00
1773,1003313758,34106,2021-03-25 14:07:40+00:00
1774,1003313758,34090,2021-03-25 07:39:17+00:00
1775,1003313758,34079,2021-03-24 17:46:18+00:00
1776,1003313758,34077,2021-03-24 16:31:51+00:00
1777,1003313758,34066,2021-03-24 10:57:43+00:00
1778,1003313758,34059,2021-03-24 09:26:47+00:00
1779,1003313758,34056,2021-03-24 09:05:13+00:00
1780,1003313758,34054,2021-03-24 07:42:07+00:00
1781,1003313758,34040,2021-03-23 20:09:41+00:00
1782,1003313758,34028,2021-03-23 08:49:06+00:00
1783,1003313758,34020,2021-03-23 07:52:45+00:00
1784,1003313758,34004,2021-03-22 17:24:32+00:00
1785,1003313758,33999,2021-03-22 14:58:56+00:00
1786,1003313758,33988,2021-03-22 12:30:06+00:00
1787,1003313758,33963,2021-03-22 06:39:42+00:00
1788,1003313758,33950,2021-03-21 17:33:17+00:00
1789,1003313758,33946,2021-03-21 11:50:13+00:00
1790,1003313758,33944,2021-03-21 10:22:00+00:00
1791,1003313758,33930,2021-03-19 21:12:54+00:00
1792,1003313758,33888,2021-03-19 07:09:17+00:00
1793,1003313758,33883,2021-03-19 06:14:36+00:00
1794,1003313758,33879,2021-03-18 15:23:56+00:00
1795,1003313758,33874,2021-03-18 14:15:43+00:00
1796,1003313758,33870,2021-03-18 11:12:05+00:00
1797,1003313758,33862,2021-03-18 07:40:51+00:00
1798,1003313758,33846,2021-03-17 17:00:15+00:00
1799,1003313758,33845,2021-03-17 16:39:57+00:00
1800,1003313758,33840,2021-03-17 12:54:49+00:00
1801,1003313758,33829,2021-03-17 10:25:30+00:00
1802,1003313758,33813,2021-03-16 19:06:53+00:00
1803,1003313758,33789,2021-03-16 06:39:21+00:00
1804,1003313758,33784,2021-03-15 14:44:16+00:00
1805,1003313758,33768,2021-03-15 06:42:25+00:00
1806,1003313758,33731,2021-03-13 06:50:46+00:00
1807,1003313758,33726,2021-03-12 12:14:51+00:00
1808,1003313758,33725,2021-03-12 11:37:17+00:00
1809,1003313758,33724,2021-03-12 11:32:17+00:00
1810,1003313758,33718,2021-03-12 11:01:39+00:00
1811,1003313758,33711,2021-03-12 10:20:32+00:00
1812,1003313758,33709,2021-03-12 10:18:39+00:00
1813,1003313758,33706,2021-03-12 08:54:45+00:00
1814,1003313758,33692,2021-03-11 16:27:01+00:00
1815,1003313758,33671,2021-03-11 10:22:15+00:00
1816,1003313758,33663,2021-03-11 08:23:01+00:00
1817,1003313758,33629,2021-03-10 07:28:17+00:00
1818,1003313758,33616,2021-03-09 12:24:22+00:00
1819,1003313758,33607,2021-03-09 09:42:44+00:00
1820,1003313758,33592,2021-03-08 18:54:45+00:00
1821,1003313758,33588,2021-03-08 11:36:20+00:00
1822,1003313758,33577,2021-03-07 16:17:55+00:00
1823,1003313758,33576,2021-03-07 15:37:47+00:00
1824,1003313758,33558,2021-03-07 06:24:21+00:00
1825,1003313758,33548,2021-03-06 11:15:49+00:00
1826,1003313758,33525,2021-03-05 13:41:01+00:00
1827,1003313758,33512,2021-03-05 09:34:48+00:00
1828,1003313758,33509,2021-03-05 08:53:23+00:00
1829,1003313758,33464,2021-03-03 15:37:20+00:00
1830,1003313758,33462,2021-03-03 15:10:29+00:00
1831,1003313758,33424,2021-03-02 09:15:31+00:00
1832,1003313758,33381,2021-03-01 06:41:18+00:00
1833,1003313758,33368,2021-02-28 13:53:48+00:00
1834,1003313758,33367,2021-02-28 13:39:12+00:00
1835,1003313758,33358,2021-02-28 06:41:08+00:00
1836,1003313758,33342,2021-02-27 09:19:07+00:00
1837,1003313758,33341,2021-02-27 08:50:55+00:00
1838,1003313758,33311,2021-02-26 09:10:04+00:00
1839,1003313758,33287,2021-02-25 11:50:40+00:00
1840,1003313758,33286,2021-02-25 11:02:41+00:00
1841,1003313758,33285,2021-02-25 10:53:19+00:00
1842,1003313758,33267,2021-02-24 18:37:09+00:00
1843,1003313758,33264,2021-02-24 17:10:54+00:00
1844,1003313758,33262,2021-02-24 16:33:59+00:00
1845,1003313758,33249,2021-02-24 12:33:45+00:00
1846,1003313758,33246,2021-02-24 10:15:04+00:00
1847,1003313758,33218,2021-02-23 16:39:05+00:00
1848,1003313758,33201,2021-02-22 09:55:38+00:00
1849,1003313758,33186,2021-02-21 14:42:47+00:00
1850,1003313758,33140,2021-02-19 12:19:07+00:00
1851,1003313758,33136,2021-02-19 11:22:55+00:00
1852,1003313758,33119,2021-02-18 13:45:19+00:00
1853,1003313758,33115,2021-02-18 11:56:57+00:00
1854,1003313758,33114,2021-02-18 11:17:10+00:00
1855,1003313758,33113,2021-02-18 11:00:11+00:00
1856,1003313758,33084,2021-02-17 14:47:39+00:00
1857,1003313758,33062,2021-02-17 07:58:14+00:00
1858,1003313758,33052,2021-02-16 14:41:40+00:00
1859,1003313758,33050,2021-02-16 13:15:14+00:00
1860,1003313758,33039,2021-02-16 10:57:45+00:00
1861,1003313758,33016,2021-02-15 13:14:11+00:00
1862,1003313758,33008,2021-02-15 10:46:11+00:00
1863,1003313758,33001,2021-02-15 07:08:00+00:00
1864,1003313758,32952,2021-02-12 12:45:28+00:00
1865,1003313758,32951,2021-02-12 12:18:24+00:00
1866,1003313758,32936,2021-02-12 06:42:33+00:00
1867,1003313758,32926,2021-02-11 12:29:58+00:00
1868,1003313758,32922,2021-02-11 12:04:35+00:00
1869,1003313758,32918,2021-02-11 10:44:31+00:00
1870,1003313758,32906,2021-02-10 15:32:28+00:00
1871,1003313758,32871,2021-02-09 14:19:17+00:00
1872,1003313758,32866,2021-02-09 13:37:09+00:00
1873,1003313758,32863,2021-02-09 12:11:06+00:00
1874,1003313758,32827,2021-02-08 12:00:14+00:00
1875,1003313758,32821,2021-02-08 10:35:09+00:00
1876,1003313758,32798,2021-02-07 13:53:02+00:00
1877,1003313758,32780,2021-02-06 12:12:15+00:00
1878,1003313758,32765,2021-02-05 13:47:26+00:00
1879,1003313758,32762,2021-02-05 11:54:43+00:00
1880,1003313758,32740,2021-02-04 14:41:57+00:00
1881,1003313758,32735,2021-02-04 13:49:47+00:00
1882,1003313758,32728,2021-02-04 10:42:59+00:00
1883,1003313758,32722,2021-02-04 08:52:35+00:00
1884,1003313758,32711,2021-02-04 04:58:13+00:00
1885,1003313758,32709,2021-02-03 19:30:05+00:00
1886,1003313758,32702,2021-02-03 14:12:01+00:00
1887,1003313758,32698,2021-02-03 12:03:03+00:00
1888,1003313758,32691,2021-02-03 10:43:39+00:00
1889,1003313758,32690,2021-02-03 10:16:06+00:00
1890,1003313758,32650,2021-02-02 18:34:46+00:00
1891,1003313758,32620,2021-02-02 11:21:20+00:00
1892,1003313758,32589,2021-02-02 05:57:57+00:00
1893,1003313758,32574,2021-02-01 11:52:19+00:00
1894,1003313758,32556,2021-02-01 06:17:53+00:00
1895,1003313758,32546,2021-01-31 13:40:10+00:00
1896,1003313758,32515,2021-01-31 09:49:04+00:00
1897,1003313758,32450,2021-01-29 12:55:49+00:00
1898,1003313758,32435,2021-01-29 07:58:31+00:00
1899,1003313758,32429,2021-01-29 05:38:30+00:00
1900,1003313758,32412,2021-01-28 11:01:00+00:00
1901,1003313758,32368,2021-01-27 09:57:52+00:00
1902,1003313758,32364,2021-01-27 07:48:21+00:00
1903,1003313758,32349,2021-01-26 21:52:19+00:00
1904,1003313758,32348,2021-01-26 16:35:20+00:00
1905,1003313758,32343,2021-01-26 15:09:36+00:00
1906,1003313758,32338,2021-01-26 11:51:28+00:00
1907,1003313758,32337,2021-01-26 11:36:38+00:00
1908,1003313758,32333,2021-01-26 10:25:43+00:00
1909,1003313758,32284,2021-01-25 06:19:16+00:00
1910,1003313758,32274,2021-01-23 23:06:31+00:00
1911,1003313758,32180,2021-01-23 05:24:34+00:00
1912,1003313758,32178,2021-01-22 16:59:24+00:00
1913,1003313758,32156,2021-01-22 07:50:58+00:00
1914,1003313758,32129,2021-01-21 12:29:40+00:00
1915,1003313758,32103,2021-01-21 07:09:11+00:00
1916,1003313758,32094,2021-01-20 16:05:41+00:00
1917,1003313758,32092,2021-01-20 15:54:38+00:00
1918,1003313758,32061,2021-01-20 06:20:57+00:00
1919,1003313758,32048,2021-01-19 16:34:11+00:00
1920,1003313758,32046,2021-01-19 14:18:30+00:00
1921,1003313758,32037,2021-01-19 10:51:38+00:00
1922,1003313758,32036,2021-01-19 09:52:18+00:00
1923,1003313758,32030,2021-01-19 07:33:38+00:00
1924,1003313758,32008,2021-01-18 12:05:29+00:00
1925,1003313758,31996,2021-01-18 08:36:55+00:00
1926,1003313758,31958,2021-01-17 13:18:44+00:00
1927,1003313758,31932,2021-01-16 08:03:44+00:00
1928,1003313758,31926,2021-01-15 13:16:48+00:00
1929,1003313758,31905,2021-01-15 07:32:23+00:00
1930,1003313758,31902,2021-01-14 20:03:01+00:00
1931,1003313758,31890,2021-01-14 12:26:36+00:00
1932,1003313758,31886,2021-01-14 10:41:07+00:00
1933,1003313758,31885,2021-01-14 10:34:11+00:00
1934,1003313758,31880,2021-01-14 08:11:45+00:00
1935,1003313758,31858,2021-01-13 09:04:29+00:00
1936,1003313758,31842,2021-01-13 06:31:24+00:00
1937,1003313758,31841,2021-01-12 19:26:19+00:00
1938,1003313758,31834,2021-01-12 13:14:39+00:00
1939,1003313758,31828,2021-01-12 12:13:10+00:00
1940,1003313758,31821,2021-01-12 08:28:47+00:00
1941,1003313758,31819,2021-01-12 08:22:19+00:00
1942,1003313758,31809,2021-01-12 06:07:08+00:00
1943,1003313758,31804,2021-01-11 13:36:04+00:00
1944,1003313758,31803,2021-01-11 13:02:06+00:00
1945,1003313758,31797,2021-01-11 10:44:18+00:00
1946,1003313758,31784,2021-01-11 06:47:20+00:00
1947,1003313758,31761,2021-01-09 08:55:35+00:00
1948,1003313758,31752,2021-01-08 10:47:07+00:00
1949,1003313758,31717,2021-01-07 10:11:34+00:00
1950,1003313758,31698,2021-01-05 15:22:29+00:00
1951,1003313758,31687,2021-01-05 09:36:33+00:00
1952,1003313758,31677,2021-01-04 14:20:52+00:00
1953,1003313758,31663,2021-01-03 13:17:16+00:00
1954,1003313758,31604,2020-12-30 10:17:52+00:00
1955,1003313758,31577,2020-12-29 12:51:27+00:00
1956,1003313758,31573,2020-12-29 11:49:05+00:00
1957,1003313758,31540,2020-12-28 13:41:39+00:00
1958,1003313758,31539,2020-12-28 11:38:38+00:00
1959,1003313758,31533,2020-12-28 10:30:15+00:00
1960,1003313758,31505,2020-12-26 12:07:26+00:00
1961,1003313758,31502,2020-12-26 11:50:38+00:00
1962,1003313758,31494,2020-12-25 14:55:03+00:00
1963,1003313758,31478,2020-12-25 10:48:18+00:00
1964,1003313758,31472,2020-12-25 10:23:18+00:00
1965,1003313758,31471,2020-12-25 09:46:06+00:00
1966,1003313758,31469,2020-12-25 08:48:34+00:00
1967,1003313758,31457,2020-12-24 16:34:08+00:00
1968,1003313758,31446,2020-12-24 11:39:16+00:00
1969,1003313758,31445,2020-12-24 11:20:09+00:00
1970,1003313758,31434,2020-12-24 08:21:02+00:00
1971,1003313758,31414,2020-12-23 13:13:25+00:00
1972,1003313758,31413,2020-12-23 13:11:38+00:00
1973,1003313758,31411,2020-12-23 11:38:49+00:00
1974,1003313758,31410,2020-12-23 11:14:17+00:00
1975,1003313758,31401,2020-12-23 08:14:15+00:00
1976,1003313758,31376,2020-12-22 13:18:14+00:00
1977,1003313758,31371,2020-12-22 12:00:05+00:00
1978,1003313758,31370,2020-12-22 11:58:25+00:00
1979,1003313758,31369,2020-12-22 11:50:52+00:00
1980,1003313758,31360,2020-12-22 09:04:07+00:00
1981,1003313758,31345,2020-12-21 17:54:53+00:00
1982,1003313758,31341,2020-12-21 15:35:38+00:00
1983,1003313758,31318,2020-12-21 06:39:34+00:00
1984,1003313758,31304,2020-12-20 12:39:59+00:00
1985,1003313758,31294,2020-12-19 19:41:12+00:00
1986,1003313758,31270,2020-12-18 13:14:23+00:00
1987,1003313758,31269,2020-12-18 13:07:44+00:00
1988,1003313758,31266,2020-12-18 11:09:37+00:00
1989,1003313758,31264,2020-12-18 10:47:34+00:00
1990,1003313758,31263,2020-12-18 10:19:19+00:00
1991,1003313758,31260,2020-12-18 09:44:36+00:00
1992,1003313758,31242,2020-12-17 18:28:05+00:00
1993,1003313758,31210,2020-12-17 08:27:55+00:00
1994,1003313758,31189,2020-12-16 12:11:01+00:00
1995,1003313758,31186,2020-12-16 12:02:32+00:00
1996,1003313758,31165,2020-12-16 07:41:06+00:00
1997,1003313758,31151,2020-12-15 15:49:25+00:00
1998,1003313758,31140,2020-12-15 12:52:28+00:00
1999,1003313758,31139,2020-12-15 12:08:47+00:00
2000,1003313758,31132,2020-12-15 10:40:25+00:00
2001,1003313758,31130,2020-12-15 09:48:23+00:00
2002,1394050290,107309,2021-11-30 18:10:45+00:00
2003,1394050290,107305,2021-11-30 17:36:52+00:00
2004,1394050290,107300,2021-11-30 16:55:39+00:00
2005,1394050290,107299,2021-11-30 16:50:16+00:00
2006,1394050290,107295,2021-11-30 16:10:01+00:00
2007,1394050290,107292,2021-11-30 15:45:06+00:00
2008,1394050290,107271,2021-11-30 13:48:26+00:00
2009,1394050290,107267,2021-11-30 13:26:16+00:00
2010,1394050290,107258,2021-11-30 12:29:02+00:00
2011,1394050290,107253,2021-11-30 12:06:09+00:00
2012,1394050290,107251,2021-11-30 11:58:34+00:00
2013,1394050290,107247,2021-11-30 11:38:51+00:00
2014,1394050290,107238,2021-11-30 11:18:09+00:00
2015,1394050290,107222,2021-11-30 10:09:31+00:00
2016,1394050290,107210,2021-11-30 08:40:01+00:00
2017,1394050290,107209,2021-11-30 08:31:17+00:00
2018,1394050290,107207,2021-11-30 08:20:06+00:00
2019,1394050290,107206,2021-11-30 08:10:13+00:00
2020,1394050290,107183,2021-11-29 19:30:06+00:00
2021,1394050290,107157,2021-11-29 14:00:11+00:00
2022,1394050290,107135,2021-11-29 11:52:16+00:00
2023,1394050290,107131,2021-11-29 11:25:06+00:00
2024,1394050290,107122,2021-11-29 10:33:19+00:00
2025,1394050290,107116,2021-11-29 10:05:09+00:00
2026,1394050290,107095,2021-11-29 07:08:24+00:00
2027,1394050290,107078,2021-11-28 19:02:36+00:00
2028,1394050290,107057,2021-11-28 13:27:04+00:00
2029,1394050290,107026,2021-11-28 05:37:50+00:00
2030,1394050290,107016,2021-11-27 17:50:06+00:00
2031,1394050290,106997,2021-11-27 12:20:32+00:00
2032,1394050290,106981,2021-11-27 08:31:39+00:00
2033,1394050290,106953,2021-11-26 17:46:36+00:00
2034,1394050290,106950,2021-11-26 17:19:44+00:00
2035,1394050290,106948,2021-11-26 17:07:18+00:00
2036,1394050290,106941,2021-11-26 16:53:45+00:00
2037,1394050290,106904,2021-11-26 13:35:07+00:00
2038,1394050290,106900,2021-11-26 13:20:14+00:00
2039,1394050290,106894,2021-11-26 12:50:05+00:00
2040,1394050290,106888,2021-11-26 12:10:11+00:00
2041,1394050290,106868,2021-11-26 11:20:06+00:00
2042,1394050290,106859,2021-11-26 10:50:05+00:00
2043,1394050290,106858,2021-11-26 10:45:30+00:00
2044,1394050290,106820,2021-11-26 08:10:44+00:00
2045,1394050290,106816,2021-11-26 07:55:06+00:00
2046,1394050290,106760,2021-11-25 15:03:58+00:00
2047,1394050290,106746,2021-11-25 12:16:28+00:00
2048,1394050290,106737,2021-11-25 11:25:12+00:00
2049,1394050290,106734,2021-11-25 11:15:06+00:00
2050,1394050290,106695,2021-11-25 07:13:01+00:00
2051,1394050290,106676,2021-11-24 18:40:06+00:00
2052,1394050290,106673,2021-11-24 18:15:06+00:00
2053,1394050290,106658,2021-11-24 15:42:25+00:00
2054,1394050290,106644,2021-11-24 13:24:47+00:00
2055,1394050290,106603,2021-11-24 10:10:02+00:00
2056,1394050290,106591,2021-11-24 09:40:01+00:00
2057,1394050290,106580,2021-11-24 08:41:17+00:00
2058,1394050290,106533,2021-11-23 14:17:48+00:00
2059,1394050290,106527,2021-11-23 14:01:33+00:00
2060,1394050290,106521,2021-11-23 13:16:37+00:00
2061,1394050290,106465,2021-11-23 08:41:37+00:00
2062,1394050290,106449,2021-11-23 06:20:14+00:00
2063,1394050290,106423,2021-11-22 16:20:12+00:00
2064,1394050290,106418,2021-11-22 14:35:15+00:00
2065,1394050290,106402,2021-11-22 12:38:38+00:00
2066,1394050290,106391,2021-11-22 11:50:06+00:00
2067,1394050290,106367,2021-11-22 09:40:10+00:00
2068,1394050290,106358,2021-11-22 08:56:12+00:00
2069,1394050290,106357,2021-11-22 08:55:11+00:00
2070,1394050290,106355,2021-11-22 08:47:29+00:00
2071,1394050290,106353,2021-11-22 08:25:06+00:00
2072,1394050290,106341,2021-11-22 06:30:08+00:00
2073,1394050290,106334,2021-11-21 18:44:35+00:00
2074,1394050290,106331,2021-11-21 17:45:17+00:00
2075,1394050290,106329,2021-11-21 17:01:21+00:00
2076,1394050290,106314,2021-11-21 10:45:32+00:00
2077,1394050290,106311,2021-11-21 08:32:39+00:00
2078,1394050290,106296,2021-11-20 17:40:44+00:00
2079,1394050290,106280,2021-11-20 10:30:47+00:00
2080,1394050290,106272,2021-11-20 09:03:03+00:00
2081,1394050290,106270,2021-11-20 08:11:50+00:00
2082,1394050290,106267,2021-11-20 07:01:42+00:00
2083,1394050290,106254,2021-11-19 16:55:17+00:00
2084,1394050290,106246,2021-11-19 15:15:13+00:00
2085,1394050290,106245,2021-11-19 15:08:21+00:00
2086,1394050290,106236,2021-11-19 14:00:06+00:00
2087,1394050290,106226,2021-11-19 12:30:06+00:00
2088,1394050290,106224,2021-11-19 12:15:06+00:00
2089,1394050290,106206,2021-11-19 10:10:29+00:00
2090,1394050290,106197,2021-11-19 09:30:28+00:00
2091,1394050290,106186,2021-11-19 08:15:43+00:00
2092,1394050290,106169,2021-11-19 06:40:14+00:00
2093,1394050290,106148,2021-11-18 15:37:53+00:00
2094,1394050290,106144,2021-11-18 14:55:09+00:00
2095,1394050290,106121,2021-11-18 13:32:27+00:00
2096,1394050290,106120,2021-11-18 13:31:42+00:00
2097,1394050290,106111,2021-11-18 12:21:59+00:00
2098,1394050290,106106,2021-11-18 12:02:54+00:00
2099,1394050290,106090,2021-11-18 10:00:01+00:00
2100,1394050290,106067,2021-11-18 07:15:14+00:00
2101,1394050290,106062,2021-11-18 06:40:13+00:00
2102,1394050290,106061,2021-11-18 06:30:56+00:00
2103,1394050290,106057,2021-11-18 05:30:28+00:00
2104,1394050290,106053,2021-11-17 19:10:02+00:00
2105,1394050290,106045,2021-11-17 17:40:06+00:00
2106,1394050290,106043,2021-11-17 17:20:06+00:00
2107,1394050290,106033,2021-11-17 16:04:23+00:00
2108,1394050290,106032,2021-11-17 15:52:01+00:00
2109,1394050290,106020,2021-11-17 15:15:08+00:00
2110,1394050290,105985,2021-11-17 12:45:41+00:00
2111,1394050290,105972,2021-11-17 11:40:01+00:00
2112,1394050290,105961,2021-11-17 10:50:06+00:00
2113,1394050290,105910,2021-11-16 18:11:00+00:00
2114,1394050290,105904,2021-11-16 17:21:04+00:00
2115,1394050290,105886,2021-11-16 15:05:02+00:00
2116,1394050290,105885,2021-11-16 15:00:02+00:00
2117,1394050290,105883,2021-11-16 14:41:46+00:00
2118,1394050290,105824,2021-11-16 10:14:42+00:00
2119,1394050290,105823,2021-11-16 10:07:11+00:00
2120,1394050290,105822,2021-11-16 10:05:01+00:00
2121,1394050290,105821,2021-11-16 10:00:13+00:00
2122,1394050290,105802,2021-11-16 08:49:14+00:00
2123,1394050290,105788,2021-11-16 08:07:03+00:00
2124,1394050290,105747,2021-11-15 17:55:06+00:00
2125,1394050290,105746,2021-11-15 17:51:12+00:00
2126,1394050290,105739,2021-11-15 17:01:34+00:00
2127,1394050290,105738,2021-11-15 16:50:09+00:00
2128,1394050290,105720,2021-11-15 14:26:58+00:00
2129,1394050290,105719,2021-11-15 14:20:08+00:00
2130,1394050290,105714,2021-11-15 14:05:01+00:00
2131,1394050290,105711,2021-11-15 13:45:01+00:00
2132,1394050290,105683,2021-11-15 11:02:44+00:00
2133,1394050290,105671,2021-11-15 10:25:06+00:00
2134,1394050290,105656,2021-11-15 09:53:42+00:00
2135,1394050290,105655,2021-11-15 09:46:04+00:00
2136,1394050290,105633,2021-11-15 08:24:16+00:00
2137,1394050290,105631,2021-11-15 08:05:47+00:00
2138,1394050290,105617,2021-11-15 06:20:06+00:00
2139,1394050290,105606,2021-11-14 15:21:54+00:00
2140,1394050290,105601,2021-11-14 12:40:01+00:00
2141,1394050290,105590,2021-11-14 10:20:03+00:00
2142,1394050290,105574,2021-11-13 20:02:59+00:00
2143,1394050290,105566,2021-11-13 13:01:41+00:00
2144,1394050290,105530,2021-11-13 06:00:50+00:00
2145,1394050290,105466,2021-11-12 15:39:42+00:00
2146,1394050290,105447,2021-11-12 12:55:30+00:00
2147,1394050290,105446,2021-11-12 12:54:09+00:00
2148,1394050290,105435,2021-11-12 11:45:05+00:00
2149,1394050290,105428,2021-11-12 11:11:18+00:00
2150,1394050290,105425,2021-11-12 11:04:19+00:00
2151,1394050290,105405,2021-11-12 08:31:12+00:00
2152,1394050290,105385,2021-11-11 20:21:56+00:00
2153,1394050290,105380,2021-11-11 19:31:00+00:00
2154,1394050290,105361,2021-11-11 15:23:14+00:00
2155,1394050290,105348,2021-11-11 13:19:36+00:00
2156,1394050290,105341,2021-11-11 12:11:17+00:00
2157,1394050290,105336,2021-11-11 11:45:53+00:00
2158,1394050290,105331,2021-11-11 11:30:12+00:00
2159,1394050290,105325,2021-11-11 11:10:12+00:00
2160,1394050290,105226,2021-11-10 14:04:46+00:00
2161,1394050290,105206,2021-11-10 11:40:11+00:00
2162,1394050290,105176,2021-11-10 09:05:16+00:00
2163,1394050290,105175,2021-11-10 08:52:14+00:00
2164,1394050290,105168,2021-11-10 08:20:46+00:00
2165,1394050290,105165,2021-11-10 08:07:51+00:00
2166,1394050290,105151,2021-11-10 06:50:00+00:00
2167,1394050290,105135,2021-11-09 18:50:21+00:00
2168,1394050290,105134,2021-11-09 18:20:17+00:00
2169,1394050290,105126,2021-11-09 17:03:55+00:00
2170,1394050290,105071,2021-11-09 10:16:31+00:00
2171,1394050290,105070,2021-11-09 10:15:00+00:00
2172,1394050290,105069,2021-11-09 10:14:03+00:00
2173,1394050290,105057,2021-11-09 09:26:19+00:00
2174,1394050290,105051,2021-11-09 08:45:11+00:00
2175,1394050290,105032,2021-11-09 06:30:23+00:00
2176,1394050290,105010,2021-11-08 17:35:28+00:00
2177,1394050290,105006,2021-11-08 16:53:14+00:00
2178,1394050290,105005,2021-11-08 16:32:02+00:00
2179,1394050290,105003,2021-11-08 15:55:06+00:00
2180,1394050290,104993,2021-11-08 14:50:29+00:00
2181,1394050290,104990,2021-11-08 14:20:19+00:00
2182,1394050290,104966,2021-11-08 11:32:12+00:00
2183,1394050290,104939,2021-11-08 08:30:55+00:00
2184,1394050290,104938,2021-11-08 08:27:44+00:00
2185,1394050290,104935,2021-11-08 08:05:06+00:00
2186,1394050290,104915,2021-11-07 17:32:53+00:00
2187,1394050290,104899,2021-11-07 13:26:47+00:00
2188,1394050290,104879,2021-11-07 08:20:02+00:00
2189,1394050290,104876,2021-11-07 08:01:41+00:00
2190,1394050290,104874,2021-11-07 07:50:06+00:00
2191,1394050290,104859,2021-11-06 17:16:25+00:00
2192,1394050290,104857,2021-11-06 16:11:58+00:00
2193,1394050290,104835,2021-11-06 11:45:06+00:00
2194,1394050290,104834,2021-11-06 11:33:58+00:00
2195,1394050290,104833,2021-11-06 11:15:06+00:00
2196,1394050290,104814,2021-11-06 08:33:31+00:00
2197,1394050290,104798,2021-11-05 19:32:54+00:00
2198,1394050290,104769,2021-11-05 13:24:23+00:00
2199,1394050290,104757,2021-11-05 11:52:13+00:00
2200,1394050290,104748,2021-11-05 10:39:29+00:00
2201,1394050290,104746,2021-11-05 10:31:15+00:00
2202,1394050290,104741,2021-11-05 10:02:46+00:00
2203,1394050290,104739,2021-11-05 09:51:46+00:00
2204,1394050290,104730,2021-11-05 08:40:41+00:00
2205,1394050290,104726,2021-11-05 08:02:52+00:00
2206,1394050290,104717,2021-11-05 06:15:09+00:00
2207,1394050290,104715,2021-11-04 20:11:07+00:00
2208,1394050290,104710,2021-11-04 18:10:34+00:00
2209,1394050290,104707,2021-11-04 16:30:12+00:00
2210,1394050290,104682,2021-11-04 12:26:23+00:00
2211,1394050290,104677,2021-11-04 11:05:00+00:00
2212,1394050290,104667,2021-11-04 08:01:40+00:00
2213,1394050290,104646,2021-11-03 18:08:13+00:00
2214,1394050290,104627,2021-11-03 14:35:13+00:00
2215,1394050290,104625,2021-11-03 14:25:06+00:00
2216,1394050290,104611,2021-11-03 13:10:58+00:00
2217,1394050290,104602,2021-11-03 12:48:42+00:00
2218,1394050290,104573,2021-11-03 09:38:51+00:00
2219,1394050290,104534,2021-11-02 19:50:33+00:00
2220,1394050290,104528,2021-11-02 18:00:09+00:00
2221,1394050290,104471,2021-11-02 09:09:30+00:00
2222,1394050290,104457,2021-11-02 07:03:21+00:00
2223,1394050290,104450,2021-11-02 06:00:06+00:00
2224,1394050290,104435,2021-11-01 17:00:06+00:00
2225,1394050290,104414,2021-11-01 13:56:52+00:00
2226,1394050290,104408,2021-11-01 13:34:34+00:00
2227,1394050290,104395,2021-11-01 12:35:14+00:00
2228,1394050290,104366,2021-11-01 10:05:30+00:00
2229,1394050290,104347,2021-11-01 08:57:09+00:00
2230,1394050290,104338,2021-11-01 08:00:06+00:00
2231,1394050290,104318,2021-10-31 19:53:16+00:00
2232,1394050290,104311,2021-10-31 16:40:00+00:00
2233,1394050290,104294,2021-10-31 09:24:49+00:00
2234,1394050290,104286,2021-10-31 07:20:10+00:00
2235,1394050290,104256,2021-10-30 10:45:19+00:00
2236,1394050290,104253,2021-10-30 10:24:18+00:00
2237,1394050290,104251,2021-10-30 10:17:09+00:00
2238,1394050290,104247,2021-10-30 09:08:04+00:00
2239,1394050290,104219,2021-10-29 17:00:06+00:00
2240,1394050290,104200,2021-10-29 15:50:06+00:00
2241,1394050290,104198,2021-10-29 15:35:24+00:00
2242,1394050290,104175,2021-10-29 12:40:03+00:00
2243,1394050290,104173,2021-10-29 12:30:05+00:00
2244,1394050290,104166,2021-10-29 11:44:27+00:00
2245,1394050290,104157,2021-10-29 10:57:27+00:00
2246,1394050290,104126,2021-10-29 08:20:11+00:00
2247,1394050290,104113,2021-10-29 06:40:08+00:00
2248,1394050290,104105,2021-10-29 06:00:16+00:00
2249,1394050290,104091,2021-10-28 18:10:06+00:00
2250,1394050290,104019,2021-10-28 08:02:09+00:00
2251,1394050290,104003,2021-10-28 06:46:26+00:00
2252,1394050290,103976,2021-10-27 16:45:28+00:00
2253,1394050290,103970,2021-10-27 16:15:05+00:00
2254,1394050290,103915,2021-10-27 08:31:12+00:00
2255,1394050290,103882,2021-10-26 17:35:16+00:00
2256,1394050290,103877,2021-10-26 17:07:14+00:00
2257,1394050290,103874,2021-10-26 16:50:18+00:00
2258,1394050290,103845,2021-10-26 11:55:06+00:00
2259,1394050290,103839,2021-10-26 11:31:37+00:00
2260,1394050290,103836,2021-10-26 11:18:53+00:00
2261,1394050290,103816,2021-10-26 09:47:18+00:00
2262,1394050290,103776,2021-10-25 19:15:39+00:00
2263,1394050290,103764,2021-10-25 16:15:20+00:00
2264,1394050290,103733,2021-10-25 11:40:06+00:00
2265,1394050290,103718,2021-10-25 09:06:01+00:00
2266,1394050290,103707,2021-10-25 07:17:15+00:00
2267,1394050290,103674,2021-10-24 12:20:06+00:00
2268,1394050290,103668,2021-10-24 10:46:09+00:00
2269,1394050290,103665,2021-10-24 10:22:17+00:00
2270,1394050290,103628,2021-10-23 11:37:58+00:00
2271,1394050290,103626,2021-10-23 10:09:04+00:00
2272,1394050290,103622,2021-10-23 08:50:06+00:00
2273,1394050290,103618,2021-10-23 07:51:01+00:00
2274,1394050290,103534,2021-10-22 08:32:10+00:00
2275,1394050290,103530,2021-10-22 07:46:01+00:00
2276,1394050290,103515,2021-10-22 06:40:16+00:00
2277,1394050290,103431,2021-10-21 12:30:10+00:00
2278,1394050290,103423,2021-10-21 11:45:06+00:00
2279,1394050290,103420,2021-10-21 11:30:11+00:00
2280,1394050290,103415,2021-10-21 11:00:06+00:00
2281,1394050290,103386,2021-10-21 09:26:55+00:00
2282,1394050290,103384,2021-10-21 09:26:43+00:00
2283,1394050290,103365,2021-10-21 08:00:15+00:00
2284,1394050290,103343,2021-10-20 19:23:21+00:00
2285,1394050290,103342,2021-10-20 19:20:06+00:00
2286,1394050290,103307,2021-10-20 13:20:01+00:00
2287,1394050290,103286,2021-10-20 12:01:20+00:00
2288,1394050290,103267,2021-10-20 11:33:14+00:00
2289,1394050290,103261,2021-10-20 10:10:06+00:00
2290,1394050290,103246,2021-10-20 07:35:01+00:00
2291,1394050290,103244,2021-10-20 07:25:02+00:00
2292,1394050290,103227,2021-10-19 17:20:07+00:00
2293,1394050290,103225,2021-10-19 17:02:28+00:00
2294,1394050290,103222,2021-10-19 16:48:05+00:00
2295,1394050290,103221,2021-10-19 16:46:07+00:00
2296,1394050290,103189,2021-10-19 13:30:04+00:00
2297,1394050290,103180,2021-10-19 12:40:06+00:00
2298,1394050290,103170,2021-10-19 11:50:06+00:00
2299,1394050290,103158,2021-10-19 11:05:54+00:00
2300,1394050290,103148,2021-10-19 10:50:06+00:00
2301,1394050290,103143,2021-10-19 10:22:39+00:00
2302,1394050290,103129,2021-10-19 09:35:06+00:00
2303,1394050290,103113,2021-10-19 08:00:12+00:00
2304,1394050290,103081,2021-10-18 17:47:36+00:00
2305,1394050290,103061,2021-10-18 13:20:05+00:00
2306,1394050290,103052,2021-10-18 12:20:09+00:00
2307,1394050290,103038,2021-10-18 11:14:14+00:00
2308,1394050290,103011,2021-10-18 08:30:40+00:00
2309,1394050290,102991,2021-10-18 06:20:16+00:00
2310,1394050290,102987,2021-10-18 05:50:06+00:00
2311,1394050290,102974,2021-10-17 18:55:58+00:00
2312,1394050290,102972,2021-10-17 18:31:42+00:00
2313,1394050290,102958,2021-10-17 11:20:41+00:00
2314,1394050290,102921,2021-10-16 12:30:06+00:00
2315,1394050290,102914,2021-10-16 10:05:58+00:00
2316,1394050290,102892,2021-10-15 18:07:29+00:00
2317,1394050290,102882,2021-10-15 15:11:06+00:00
2318,1394050290,102877,2021-10-15 14:30:06+00:00
2319,1394050290,102836,2021-10-15 09:26:52+00:00
2320,1394050290,102826,2021-10-15 08:15:59+00:00
2321,1394050290,102823,2021-10-15 07:51:57+00:00
2322,1394050290,102800,2021-10-14 18:17:01+00:00
2323,1394050290,102789,2021-10-14 15:00:06+00:00
2324,1394050290,102782,2021-10-14 14:00:10+00:00
2325,1394050290,102761,2021-10-14 10:30:06+00:00
2326,1394050290,102738,2021-10-14 09:23:24+00:00
2327,1394050290,102727,2021-10-14 08:26:21+00:00
2328,1394050290,102715,2021-10-14 07:15:06+00:00
2329,1394050290,102709,2021-10-14 06:15:06+00:00
2330,1394050290,102707,2021-10-14 06:05:06+00:00
2331,1394050290,102701,2021-10-14 05:15:09+00:00
2332,1394050290,102693,2021-10-13 18:34:51+00:00
2333,1394050290,102666,2021-10-13 13:38:06+00:00
2334,1394050290,102660,2021-10-13 13:11:36+00:00
2335,1394050290,102655,2021-10-13 12:42:36+00:00
2336,1394050290,102634,2021-10-13 10:23:43+00:00
2337,1394050290,102616,2021-10-13 08:48:54+00:00
2338,1394050290,102606,2021-10-13 07:50:05+00:00
2339,1394050290,102574,2021-10-12 18:05:31+00:00
2340,1394050290,102571,2021-10-12 17:35:28+00:00
2341,1394050290,102518,2021-10-12 11:15:12+00:00
2342,1394050290,102513,2021-10-12 10:55:04+00:00
2343,1394050290,102502,2021-10-12 10:22:53+00:00
2344,1394050290,102500,2021-10-12 10:19:07+00:00
2345,1394050290,102499,2021-10-12 10:18:09+00:00
2346,1394050290,102496,2021-10-12 10:13:09+00:00
2347,1394050290,102471,2021-10-12 07:45:06+00:00
2348,1394050290,102470,2021-10-12 07:35:22+00:00
2349,1394050290,102468,2021-10-12 07:20:06+00:00
2350,1394050290,102464,2021-10-12 06:45:11+00:00
2351,1394050290,102461,2021-10-12 06:30:06+00:00
2352,1394050290,102442,2021-10-11 18:20:11+00:00
2353,1394050290,102437,2021-10-11 17:20:11+00:00
2354,1394050290,102436,2021-10-11 17:15:06+00:00
2355,1394050290,102405,2021-10-11 11:25:06+00:00
2356,1394050290,102391,2021-10-11 09:45:24+00:00
2357,1394050290,102357,2021-10-10 20:42:23+00:00
2358,1394050290,102345,2021-10-10 14:36:15+00:00
2359,1394050290,102326,2021-10-10 10:05:05+00:00
2360,1394050290,102319,2021-10-10 09:27:54+00:00
2361,1394050290,102312,2021-10-10 08:23:48+00:00
2362,1394050290,102308,2021-10-10 07:32:10+00:00
2363,1394050290,102306,2021-10-10 07:20:51+00:00
2364,1394050290,102302,2021-10-10 07:10:48+00:00
2365,1394050290,102301,2021-10-10 07:06:49+00:00
2366,1394050290,102300,2021-10-10 07:00:10+00:00
2367,1394050290,102289,2021-10-10 05:15:19+00:00
2368,1394050290,102282,2021-10-09 17:38:50+00:00
2369,1394050290,102279,2021-10-09 16:35:05+00:00
2370,1394050290,102243,2021-10-09 06:45:06+00:00
2371,1394050290,102239,2021-10-08 20:38:05+00:00
2372,1394050290,102228,2021-10-08 16:57:18+00:00
2373,1394050290,102223,2021-10-08 16:06:16+00:00
2374,1394050290,102203,2021-10-08 13:10:06+00:00
2375,1394050290,102188,2021-10-08 11:17:45+00:00
2376,1394050290,102186,2021-10-08 11:00:35+00:00
2377,1394050290,102170,2021-10-08 09:03:21+00:00
2378,1394050290,102158,2021-10-08 07:40:06+00:00
2379,1394050290,102143,2021-10-08 05:50:44+00:00
2380,1394050290,102141,2021-10-08 05:30:08+00:00
2381,1394050290,102140,2021-10-08 05:20:16+00:00
2382,1394050290,102125,2021-10-07 15:09:15+00:00
2383,1394050290,102107,2021-10-07 12:47:32+00:00
2384,1394050290,102082,2021-10-07 10:20:10+00:00
2385,1394050290,102081,2021-10-07 10:10:06+00:00
2386,1394050290,102080,2021-10-07 10:05:06+00:00
2387,1394050290,102078,2021-10-07 09:55:03+00:00
2388,1394050290,102062,2021-10-07 08:40:54+00:00
2389,1394050290,102058,2021-10-07 08:10:38+00:00
2390,1394050290,102055,2021-10-07 07:31:15+00:00
2391,1394050290,102029,2021-10-06 16:52:06+00:00
2392,1394050290,102028,2021-10-06 16:34:28+00:00
2393,1394050290,102016,2021-10-06 15:19:37+00:00
2394,1394050290,101996,2021-10-06 12:28:54+00:00
2395,1394050290,101982,2021-10-06 11:10:22+00:00
2396,1394050290,101972,2021-10-06 09:52:28+00:00
2397,1394050290,101951,2021-10-06 08:10:11+00:00
2398,1394050290,101926,2021-10-05 18:05:49+00:00
2399,1394050290,101919,2021-10-05 16:38:14+00:00
2400,1394050290,101911,2021-10-05 15:18:48+00:00
2401,1394050290,101892,2021-10-05 12:52:25+00:00
2402,1394050290,101881,2021-10-05 12:13:00+00:00
2403,1394050290,101873,2021-10-05 11:08:25+00:00
2404,1394050290,101860,2021-10-05 09:50:02+00:00
2405,1394050290,101858,2021-10-05 09:41:55+00:00
2406,1394050290,101829,2021-10-05 06:45:33+00:00
2407,1394050290,101824,2021-10-05 06:05:06+00:00
2408,1394050290,101823,2021-10-05 06:00:11+00:00
2409,1394050290,101821,2021-10-05 05:45:06+00:00
2410,1394050290,101819,2021-10-05 05:30:06+00:00
2411,1394050290,101788,2021-10-04 19:22:46+00:00
2412,1394050290,101774,2021-10-04 18:53:06+00:00
2413,1394050290,101767,2021-10-04 18:06:33+00:00
2414,1394050290,101759,2021-10-04 17:18:14+00:00
2415,1394050290,101757,2021-10-04 16:45:18+00:00
2416,1394050290,101755,2021-10-04 16:36:11+00:00
2417,1394050290,101754,2021-10-04 16:27:46+00:00
2418,1394050290,101745,2021-10-04 15:28:02+00:00
2419,1394050290,101734,2021-10-04 14:40:06+00:00
2420,1394050290,101729,2021-10-04 14:02:42+00:00
2421,1394050290,101682,2021-10-04 10:10:06+00:00
2422,1394050290,101679,2021-10-04 09:48:27+00:00
2423,1394050290,101676,2021-10-04 09:37:42+00:00
2424,1394050290,101619,2021-10-03 12:57:05+00:00
2425,1394050290,101614,2021-10-03 11:35:06+00:00
2426,1394050290,101612,2021-10-03 11:15:15+00:00
2427,1394050290,101606,2021-10-03 08:46:32+00:00
2428,1394050290,101581,2021-10-02 12:24:50+00:00
2429,1394050290,101554,2021-10-02 07:20:11+00:00
2430,1394050290,101551,2021-10-02 06:45:10+00:00
2431,1394050290,101533,2021-10-01 18:25:07+00:00
2432,1394050290,101522,2021-10-01 17:29:33+00:00
2433,1394050290,101512,2021-10-01 16:50:08+00:00
2434,1394050290,101478,2021-10-01 10:25:06+00:00
2435,1394050290,101456,2021-10-01 08:17:20+00:00
2436,1394050290,101452,2021-10-01 07:48:25+00:00
2437,1394050290,101428,2021-09-30 18:53:16+00:00
2438,1394050290,101387,2021-09-30 12:11:53+00:00
2439,1394050290,101376,2021-09-30 11:55:06+00:00
2440,1394050290,101366,2021-09-30 10:39:15+00:00
2441,1394050290,101364,2021-09-30 10:36:52+00:00
2442,1394050290,101348,2021-09-30 09:25:44+00:00
2443,1394050290,101294,2021-09-29 15:11:43+00:00
2444,1394050290,101289,2021-09-29 14:55:11+00:00
2445,1394050290,101269,2021-09-29 11:50:27+00:00
2446,1394050290,101235,2021-09-29 08:51:07+00:00
2447,1394050290,101233,2021-09-29 08:46:46+00:00
2448,1394050290,101227,2021-09-29 08:05:01+00:00
2449,1394050290,101192,2021-09-28 19:53:56+00:00
2450,1394050290,101177,2021-09-28 16:01:41+00:00
2451,1394050290,101158,2021-09-28 13:15:01+00:00
2452,1394050290,101152,2021-09-28 12:29:32+00:00
2453,1394050290,101136,2021-09-28 11:22:55+00:00
2454,1394050290,101134,2021-09-28 10:56:00+00:00
2455,1394050290,101128,2021-09-28 10:01:22+00:00
2456,1394050290,101100,2021-09-28 07:07:15+00:00
2457,1394050290,101083,2021-09-27 20:25:06+00:00
2458,1394050290,101072,2021-09-27 17:12:25+00:00
2459,1394050290,101031,2021-09-27 11:11:09+00:00
2460,1394050290,101029,2021-09-27 11:00:57+00:00
2461,1394050290,101028,2021-09-27 10:54:14+00:00
2462,1394050290,101023,2021-09-27 10:25:01+00:00
2463,1394050290,101002,2021-09-27 08:51:06+00:00
2464,1394050290,101001,2021-09-27 08:50:06+00:00
2465,1394050290,100953,2021-09-26 16:55:41+00:00
2466,1394050290,100950,2021-09-26 16:08:19+00:00
2467,1394050290,100949,2021-09-26 16:05:57+00:00
2468,1394050290,100942,2021-09-26 14:06:33+00:00
2469,1394050290,100916,2021-09-26 10:00:06+00:00
2470,1394050290,100911,2021-09-26 08:55:59+00:00
2471,1394050290,100908,2021-09-26 08:00:11+00:00
2472,1394050290,100901,2021-09-26 06:15:06+00:00
2473,1394050290,100899,2021-09-25 21:50:06+00:00
2474,1394050290,100879,2021-09-25 14:47:59+00:00
2475,1394050290,100862,2021-09-25 12:55:15+00:00
2476,1394050290,100849,2021-09-25 10:20:01+00:00
2477,1394050290,100838,2021-09-25 08:06:22+00:00
2478,1394050290,100837,2021-09-25 07:55:11+00:00
2479,1394050290,100812,2021-09-24 15:40:06+00:00
2480,1394050290,100797,2021-09-24 14:07:29+00:00
2481,1394050290,100796,2021-09-24 14:00:06+00:00
2482,1394050290,100789,2021-09-24 13:08:16+00:00
2483,1394050290,100776,2021-09-24 11:41:23+00:00
2484,1394050290,100763,2021-09-24 10:30:06+00:00
2485,1394050290,100757,2021-09-24 09:52:09+00:00
2486,1394050290,100718,2021-09-24 06:20:06+00:00
2487,1394050290,100711,2021-09-24 05:09:26+00:00
2488,1394050290,100699,2021-09-23 17:12:04+00:00
2489,1394050290,100694,2021-09-23 16:26:03+00:00
2490,1394050290,100658,2021-09-23 11:43:45+00:00
2491,1394050290,100647,2021-09-23 10:00:01+00:00
2492,1394050290,100645,2021-09-23 09:48:12+00:00
2493,1394050290,100638,2021-09-23 09:35:01+00:00
2494,1394050290,100610,2021-09-23 06:48:11+00:00
2495,1394050290,100606,2021-09-23 06:20:06+00:00
2496,1394050290,100579,2021-09-22 15:26:00+00:00
2497,1394050290,100553,2021-09-22 11:49:17+00:00
2498,1394050290,100551,2021-09-22 11:45:01+00:00
2499,1394050290,100547,2021-09-22 11:25:01+00:00
2500,1394050290,100517,2021-09-22 09:35:01+00:00
2501,1394050290,100514,2021-09-22 09:13:39+00:00
2502,1394050290,100511,2021-09-22 09:08:38+00:00
2503,1394050290,100504,2021-09-22 08:33:53+00:00
2504,1394050290,100499,2021-09-22 08:17:36+00:00
2505,1394050290,100475,2021-09-22 05:40:06+00:00
2506,1394050290,100471,2021-09-22 05:20:10+00:00
2507,1394050290,100467,2021-09-21 19:53:20+00:00
2508,1394050290,100464,2021-09-21 19:08:40+00:00
2509,1394050290,100439,2021-09-21 13:28:04+00:00
2510,1394050290,100424,2021-09-21 11:30:06+00:00
2511,1394050290,100419,2021-09-21 11:09:35+00:00
2512,1394050290,100405,2021-09-21 09:35:06+00:00
2513,1394050290,100388,2021-09-21 07:41:58+00:00
2514,1394050290,100381,2021-09-21 06:55:06+00:00
2515,1394050290,100378,2021-09-21 06:28:51+00:00
2516,1394050290,100333,2021-09-20 13:15:06+00:00
2517,1394050290,100330,2021-09-20 12:50:06+00:00
2518,1394050290,100306,2021-09-20 10:40:06+00:00
2519,1394050290,100301,2021-09-20 10:20:00+00:00
2520,1394050290,100262,2021-09-20 08:46:04+00:00
2521,1394050290,100251,2021-09-20 08:23:54+00:00
2522,1394050290,100224,2021-09-20 07:33:38+00:00
2523,1394050290,100213,2021-09-20 06:58:13+00:00
2524,1394050290,100200,2021-09-20 06:11:32+00:00
2525,1394050290,100199,2021-09-20 06:10:01+00:00
2526,1394050290,100186,2021-09-20 05:01:51+00:00
2527,1394050290,100185,2021-09-20 05:00:06+00:00
2528,1394050290,100184,2021-09-20 04:58:51+00:00
2529,1394050290,100155,2021-09-19 18:34:25+00:00
2530,1394050290,100153,2021-09-19 18:19:39+00:00
2531,1394050290,100128,2021-09-19 15:57:26+00:00
2532,1394050290,100115,2021-09-19 13:52:36+00:00
2533,1394050290,100113,2021-09-19 13:45:51+00:00
2534,1394050290,100100,2021-09-19 12:02:07+00:00
2535,1394050290,100093,2021-09-19 10:50:53+00:00
2536,1394050290,100092,2021-09-19 10:40:06+00:00
2537,1394050290,100091,2021-09-19 10:30:06+00:00
2538,1394050290,100090,2021-09-19 10:25:06+00:00
2539,1394050290,100082,2021-09-19 09:20:17+00:00
2540,1394050290,100078,2021-09-19 08:46:16+00:00
2541,1394050290,100071,2021-09-19 07:49:06+00:00
2542,1394050290,100046,2021-09-18 12:30:12+00:00
2543,1394050290,100045,2021-09-18 12:20:04+00:00
2544,1394050290,100043,2021-09-18 11:20:35+00:00
2545,1394050290,100034,2021-09-18 09:05:06+00:00
2546,1394050290,100030,2021-09-18 08:37:23+00:00
2547,1394050290,100012,2021-09-17 18:35:06+00:00
2548,1394050290,100010,2021-09-17 18:27:42+00:00
2549,1394050290,99993,2021-09-17 15:05:05+00:00
2550,1394050290,99975,2021-09-17 12:50:00+00:00
2551,1394050290,99972,2021-09-17 12:35:11+00:00
2552,1394050290,99959,2021-09-17 11:20:06+00:00
2553,1394050290,99957,2021-09-17 11:03:41+00:00
2554,1394050290,99928,2021-09-17 08:50:01+00:00
2555,1394050290,99924,2021-09-17 08:15:29+00:00
2556,1394050290,99921,2021-09-17 07:50:08+00:00
2557,1394050290,99909,2021-09-17 06:43:11+00:00
2558,1394050290,99900,2021-09-17 05:45:08+00:00
2559,1394050290,99899,2021-09-17 05:40:07+00:00
2560,1394050290,99892,2021-09-17 05:05:06+00:00
2561,1394050290,99883,2021-09-16 16:50:01+00:00
2562,1394050290,99870,2021-09-16 13:30:14+00:00
2563,1394050290,99863,2021-09-16 12:50:05+00:00
2564,1394050290,99839,2021-09-16 09:47:45+00:00
2565,1394050290,99833,2021-09-16 09:16:43+00:00
2566,1394050290,99830,2021-09-16 09:00:06+00:00
2567,1394050290,99820,2021-09-16 08:31:19+00:00
2568,1394050290,99807,2021-09-16 07:20:40+00:00
2569,1394050290,99802,2021-09-16 06:45:01+00:00
2570,1394050290,99787,2021-09-16 05:00:06+00:00
2571,1394050290,99785,2021-09-15 19:35:06+00:00
2572,1394050290,99773,2021-09-15 17:45:01+00:00
2573,1394050290,99766,2021-09-15 16:41:32+00:00
2574,1394050290,99763,2021-09-15 16:20:37+00:00
2575,1394050290,99749,2021-09-15 14:44:43+00:00
2576,1394050290,99743,2021-09-15 13:11:44+00:00
2577,1394050290,99740,2021-09-15 12:35:09+00:00
2578,1394050290,99727,2021-09-15 10:22:11+00:00
2579,1394050290,99693,2021-09-15 08:15:43+00:00
2580,1394050290,99659,2021-09-14 18:16:31+00:00
2581,1394050290,99656,2021-09-14 17:52:52+00:00
2582,1394050290,99649,2021-09-14 17:21:22+00:00
2583,1394050290,99648,2021-09-14 17:10:08+00:00
2584,1394050290,99641,2021-09-14 15:42:46+00:00
2585,1394050290,99622,2021-09-14 12:35:51+00:00
2586,1394050290,99570,2021-09-14 08:10:02+00:00
2587,1394050290,99562,2021-09-14 07:20:06+00:00
2588,1394050290,99545,2021-09-14 05:40:11+00:00
2589,1394050290,99542,2021-09-14 05:00:07+00:00
2590,1394050290,99534,2021-09-13 15:36:26+00:00
2591,1394050290,99529,2021-09-13 14:39:52+00:00
2592,1394050290,99512,2021-09-13 12:51:42+00:00
2593,1394050290,99496,2021-09-13 11:04:27+00:00
2594,1394050290,99494,2021-09-13 10:49:08+00:00
2595,1394050290,99474,2021-09-13 08:31:00+00:00
2596,1394050290,99469,2021-09-13 07:55:06+00:00
2597,1394050290,99468,2021-09-13 07:45:06+00:00
2598,1394050290,99463,2021-09-13 06:50:37+00:00
2599,1394050290,99447,2021-09-12 20:08:33+00:00
2600,1394050290,99408,2021-09-12 15:21:56+00:00
2601,1394050290,99404,2021-09-12 12:21:59+00:00
2602,1394050290,99400,2021-09-12 10:46:47+00:00
2603,1394050290,99399,2021-09-12 10:40:48+00:00
2604,1394050290,99387,2021-09-12 08:50:12+00:00
2605,1394050290,99379,2021-09-12 07:00:12+00:00
2606,1394050290,99373,2021-09-12 06:00:12+00:00
2607,1394050290,99368,2021-09-11 16:46:01+00:00
2608,1394050290,99351,2021-09-11 10:26:17+00:00
2609,1394050290,99346,2021-09-11 09:10:06+00:00
2610,1394050290,99344,2021-09-11 08:31:53+00:00
2611,1394050290,99339,2021-09-11 06:40:06+00:00
2612,1394050290,99303,2021-09-10 13:50:13+00:00
2613,1394050290,99300,2021-09-10 13:30:33+00:00
2614,1394050290,99296,2021-09-10 12:50:06+00:00
2615,1394050290,99295,2021-09-10 12:41:20+00:00
2616,1394050290,99276,2021-09-10 11:11:04+00:00
2617,1394050290,99249,2021-09-10 09:20:17+00:00
2618,1394050290,99246,2021-09-10 09:00:13+00:00
2619,1394050290,99241,2021-09-10 08:38:06+00:00
2620,1394050290,99166,2021-09-09 15:55:04+00:00
2621,1394050290,99125,2021-09-09 09:50:06+00:00
2622,1394050290,99109,2021-09-09 08:31:00+00:00
2623,1394050290,99081,2021-09-08 18:00:06+00:00
2624,1394050290,99048,2021-09-08 12:15:25+00:00
2625,1394050290,99032,2021-09-08 10:53:24+00:00
2626,1394050290,99023,2021-09-08 10:02:12+00:00
2627,1394050290,99017,2021-09-08 09:44:31+00:00
2628,1394050290,99011,2021-09-08 09:02:45+00:00
2629,1394050290,99008,2021-09-08 08:45:59+00:00
2630,1394050290,99001,2021-09-08 08:16:43+00:00
2631,1394050290,98988,2021-09-08 06:25:57+00:00
2632,1394050290,98985,2021-09-08 06:02:53+00:00
2633,1394050290,98975,2021-09-08 04:38:22+00:00
2634,1394050290,98974,2021-09-08 04:34:18+00:00
2635,1394050290,98969,2021-09-07 18:31:40+00:00
2636,1394050290,98965,2021-09-07 17:20:33+00:00
2637,1394050290,98964,2021-09-07 17:16:51+00:00
2638,1394050290,98960,2021-09-07 16:22:24+00:00
2639,1394050290,98956,2021-09-07 15:30:01+00:00
2640,1394050290,98936,2021-09-07 11:50:01+00:00
2641,1394050290,98906,2021-09-07 08:50:06+00:00
2642,1394050290,98874,2021-09-06 15:52:59+00:00
2643,1394050290,98866,2021-09-06 14:10:11+00:00
2644,1394050290,98858,2021-09-06 13:00:32+00:00
2645,1394050290,98854,2021-09-06 12:37:06+00:00
2646,1394050290,98843,2021-09-06 11:30:06+00:00
2647,1394050290,98816,2021-09-06 08:40:10+00:00
2648,1394050290,98811,2021-09-06 08:20:01+00:00
2649,1394050290,98809,2021-09-06 08:13:54+00:00
2650,1394050290,98807,2021-09-06 08:01:58+00:00
2651,1394050290,98794,2021-09-06 06:00:13+00:00
2652,1394050290,98783,2021-09-05 19:39:58+00:00
2653,1394050290,98766,2021-09-05 13:00:10+00:00
2654,1394050290,98742,2021-09-05 08:02:34+00:00
2655,1394050290,98729,2021-09-04 14:45:06+00:00
2656,1394050290,98727,2021-09-04 13:19:13+00:00
2657,1394050290,98712,2021-09-04 08:30:06+00:00
2658,1394050290,98688,2021-09-03 14:35:06+00:00
2659,1394050290,98687,2021-09-03 14:30:05+00:00
2660,1394050290,98658,2021-09-03 09:50:07+00:00
2661,1394050290,98654,2021-09-03 09:10:05+00:00
2662,1394050290,98622,2021-09-03 06:26:50+00:00
2663,1394050290,98596,2021-09-02 14:40:51+00:00
2664,1394050290,98593,2021-09-02 14:17:16+00:00
2665,1394050290,98580,2021-09-02 12:25:06+00:00
2666,1394050290,98577,2021-09-02 12:08:49+00:00
2667,1394050290,98567,2021-09-02 10:45:58+00:00
2668,1394050290,98556,2021-09-02 09:46:26+00:00
2669,1394050290,98554,2021-09-02 09:43:19+00:00
2670,1394050290,98520,2021-09-02 07:15:01+00:00
2671,1394050290,98487,2021-09-01 16:20:06+00:00
2672,1394050290,98474,2021-09-01 14:16:02+00:00
2673,1394050290,98459,2021-09-01 12:16:09+00:00
2674,1394050290,98453,2021-09-01 11:36:35+00:00
2675,1394050290,98410,2021-09-01 07:45:25+00:00
2676,1394050290,98406,2021-09-01 07:30:26+00:00
2677,1394050290,98362,2021-08-31 16:20:11+00:00
2678,1394050290,98354,2021-08-31 15:00:11+00:00
2679,1394050290,98337,2021-08-31 12:01:41+00:00
2680,1394050290,98309,2021-08-31 09:38:03+00:00
2681,1394050290,98308,2021-08-31 09:25:06+00:00
2682,1394050290,98305,2021-08-31 09:10:01+00:00
2683,1394050290,98286,2021-08-31 07:15:06+00:00
2684,1394050290,98244,2021-08-30 13:06:38+00:00
2685,1394050290,98221,2021-08-30 10:35:01+00:00
2686,1394050290,98208,2021-08-30 09:39:25+00:00
2687,1394050290,98170,2021-08-29 17:51:16+00:00
2688,1394050290,98166,2021-08-29 15:55:06+00:00
2689,1394050290,98163,2021-08-29 15:20:16+00:00
2690,1394050290,98105,2021-08-28 17:10:14+00:00
2691,1394050290,98102,2021-08-28 16:29:38+00:00
2692,1394050290,98096,2021-08-28 14:20:06+00:00
2693,1394050290,98091,2021-08-28 12:10:42+00:00
2694,1394050290,98074,2021-08-28 09:20:11+00:00
2695,1394050290,98052,2021-08-28 07:00:16+00:00
2696,1394050290,98033,2021-08-27 16:50:06+00:00
2697,1394050290,98026,2021-08-27 15:56:08+00:00
2698,1394050290,98021,2021-08-27 14:52:56+00:00
2699,1394050290,98010,2021-08-27 13:36:08+00:00
2700,1394050290,98008,2021-08-27 13:10:12+00:00
2701,1394050290,97988,2021-08-27 10:11:05+00:00
2702,1394050290,97983,2021-08-27 09:45:14+00:00
2703,1394050290,97947,2021-08-27 06:00:06+00:00
2704,1394050290,97933,2021-08-26 19:00:11+00:00
2705,1394050290,97932,2021-08-26 18:56:19+00:00
2706,1394050290,97927,2021-08-26 18:19:25+00:00
2707,1394050290,97917,2021-08-26 17:30:06+00:00
2708,1394050290,97851,2021-08-26 10:35:01+00:00
2709,1394050290,97830,2021-08-26 08:35:01+00:00
2710,1394050290,97791,2021-08-25 15:34:48+00:00
2711,1394050290,97786,2021-08-25 14:45:01+00:00
2712,1394050290,97775,2021-08-25 11:45:07+00:00
2713,1394050290,97756,2021-08-25 09:45:02+00:00
2714,1394050290,97751,2021-08-25 08:55:11+00:00
2715,1394050290,97749,2021-08-25 08:45:06+00:00
2716,1394050290,97712,2021-08-24 17:23:50+00:00
2717,1394050290,97711,2021-08-24 17:20:06+00:00
2718,1394050290,97702,2021-08-24 16:15:19+00:00
2719,1394050290,97690,2021-08-24 14:57:31+00:00
2720,1394050290,97681,2021-08-24 14:44:44+00:00
2721,1394050290,97664,2021-08-24 13:55:06+00:00
2722,1394050290,97602,2021-08-23 18:40:11+00:00
2723,1394050290,97538,2021-08-23 08:46:05+00:00
2724,1394050290,97520,2021-08-23 06:45:43+00:00
2725,1394050290,97517,2021-08-23 06:36:39+00:00
2726,1394050290,97505,2021-08-22 15:10:16+00:00
2727,1394050290,97464,2021-08-22 08:27:23+00:00
2728,1394050290,97435,2021-08-21 08:08:03+00:00
2729,1394050290,97434,2021-08-21 08:04:14+00:00
2730,1394050290,97401,2021-08-20 14:59:24+00:00
2731,1394050290,97400,2021-08-20 14:56:57+00:00
2732,1394050290,97398,2021-08-20 14:49:16+00:00
2733,1394050290,97396,2021-08-20 14:45:19+00:00
2734,1394050290,97382,2021-08-20 14:24:35+00:00
2735,1394050290,97353,2021-08-20 11:40:04+00:00
2736,1394050290,97352,2021-08-20 11:35:06+00:00
2737,1394050290,97345,2021-08-20 11:00:17+00:00
2738,1394050290,97305,2021-08-19 15:43:22+00:00
2739,1394050290,97258,2021-08-19 08:55:06+00:00
2740,1394050290,97257,2021-08-19 08:50:09+00:00
2741,1394050290,97218,2021-08-18 17:32:51+00:00
2742,1394050290,97201,2021-08-18 15:25:06+00:00
2743,1394050290,97198,2021-08-18 15:05:06+00:00
2744,1394050290,97197,2021-08-18 15:00:06+00:00
2745,1394050290,97137,2021-08-18 08:34:22+00:00
2746,1394050290,97083,2021-08-17 12:33:45+00:00
2747,1394050290,97055,2021-08-17 09:16:10+00:00
2748,1394050290,97048,2021-08-17 08:50:24+00:00
2749,1394050290,97044,2021-08-17 08:31:12+00:00
2750,1394050290,97035,2021-08-17 07:45:06+00:00
2751,1394050290,97033,2021-08-17 07:31:53+00:00
2752,1394050290,96999,2021-08-16 18:00:01+00:00
2753,1394050290,96991,2021-08-16 17:26:14+00:00
2754,1394050290,96989,2021-08-16 17:04:51+00:00
2755,1394050290,96957,2021-08-16 12:37:36+00:00
2756,1394050290,96928,2021-08-16 08:48:11+00:00
2757,1394050290,96920,2021-08-16 08:07:49+00:00
2758,1394050290,96900,2021-08-16 06:10:06+00:00
2759,1394050290,96849,2021-08-15 11:55:02+00:00
2760,1394050290,96816,2021-08-15 08:16:28+00:00
2761,1394050290,96807,2021-08-15 07:04:04+00:00
2762,1394050290,96776,2021-08-14 12:48:30+00:00
2763,1394050290,96755,2021-08-14 09:40:10+00:00
2764,1394050290,96747,2021-08-14 08:15:39+00:00
2765,1394050290,96699,2021-08-13 11:10:06+00:00
2766,1394050290,96666,2021-08-13 08:20:54+00:00
2767,1394050290,96638,2021-08-12 20:53:14+00:00
2768,1394050290,96632,2021-08-12 20:12:22+00:00
2769,1394050290,96619,2021-08-12 19:02:13+00:00
2770,1394050290,96614,2021-08-12 18:44:21+00:00
2771,1394050290,96605,2021-08-12 17:42:17+00:00
2772,1394050290,96591,2021-08-12 14:44:53+00:00
2773,1394050290,96568,2021-08-12 12:20:06+00:00
2774,1394050290,96543,2021-08-12 08:21:58+00:00
2775,1394050290,96527,2021-08-12 06:15:06+00:00
2776,1394050290,96465,2021-08-11 08:12:38+00:00
2777,1394050290,96459,2021-08-11 07:30:06+00:00
2778,1394050290,96458,2021-08-11 07:23:14+00:00
2779,1394050290,96406,2021-08-10 13:10:06+00:00
2780,1394050290,96373,2021-08-10 08:16:37+00:00
2781,1394050290,96336,2021-08-09 16:21:23+00:00
2782,1394050290,96334,2021-08-09 16:04:03+00:00
2783,1394050290,96310,2021-08-09 12:30:55+00:00
2784,1394050290,96308,2021-08-09 12:11:36+00:00
2785,1394050290,96297,2021-08-09 11:22:22+00:00
2786,1394050290,96287,2021-08-09 09:55:06+00:00
2787,1394050290,96285,2021-08-09 09:48:58+00:00
2788,1394050290,96274,2021-08-09 08:53:40+00:00
2789,1394050290,96272,2021-08-09 08:44:34+00:00
2790,1394050290,96268,2021-08-09 08:16:58+00:00
2791,1394050290,96250,2021-08-09 06:40:47+00:00
2792,1394050290,96242,2021-08-08 16:51:19+00:00
2793,1394050290,96230,2021-08-08 13:02:47+00:00
2794,1394050290,96228,2021-08-08 12:27:55+00:00
2795,1394050290,96223,2021-08-08 10:16:12+00:00
2796,1394050290,96218,2021-08-08 08:21:43+00:00
2797,1394050290,96213,2021-08-08 07:35:01+00:00
2798,1394050290,96196,2021-08-07 13:09:15+00:00
2799,1394050290,96173,2021-08-07 10:27:34+00:00
2800,1394050290,96168,2021-08-07 09:28:02+00:00
2801,1394050290,96146,2021-08-06 17:38:08+00:00
2802,1394050290,96122,2021-08-06 13:32:12+00:00
2803,1394050290,96115,2021-08-06 12:30:01+00:00
2804,1394050290,96104,2021-08-06 10:50:58+00:00
2805,1394050290,96077,2021-08-06 07:55:35+00:00
2806,1394050290,96063,2021-08-06 05:46:40+00:00
2807,1394050290,96060,2021-08-05 20:25:06+00:00
2808,1394050290,96039,2021-08-05 16:25:06+00:00
2809,1394050290,96028,2021-08-05 14:36:13+00:00
2810,1394050290,96024,2021-08-05 14:05:01+00:00
2811,1394050290,95996,2021-08-05 11:08:48+00:00
2812,1394050290,95995,2021-08-05 11:07:56+00:00
2813,1394050290,95988,2021-08-05 09:55:32+00:00
2814,1394050290,95949,2021-08-04 19:17:02+00:00
2815,1394050290,95934,2021-08-04 16:11:08+00:00
2816,1394050290,95920,2021-08-04 13:35:06+00:00
2817,1394050290,95919,2021-08-04 13:25:06+00:00
2818,1394050290,95888,2021-08-04 08:11:07+00:00
2819,1394050290,95860,2021-08-03 16:19:26+00:00
2820,1394050290,95806,2021-08-03 08:20:01+00:00
2821,1394050290,95801,2021-08-03 08:01:55+00:00
2822,1394050290,95778,2021-08-02 17:20:51+00:00
2823,1394050290,95769,2021-08-02 16:43:01+00:00
2824,1394050290,95762,2021-08-02 15:30:08+00:00
2825,1394050290,95733,2021-08-02 10:56:27+00:00
2826,1394050290,95730,2021-08-02 10:39:41+00:00
2827,1394050290,95727,2021-08-02 10:30:08+00:00
2828,1394050290,95718,2021-08-02 09:17:08+00:00
2829,1394050290,95709,2021-08-02 08:12:56+00:00
2830,1394050290,95708,2021-08-02 08:00:41+00:00
2831,1394050290,95683,2021-08-01 19:30:36+00:00
2832,1394050290,95655,2021-08-01 12:05:06+00:00
2833,1394050290,95653,2021-08-01 11:59:33+00:00
2834,1394050290,95652,2021-08-01 11:52:27+00:00
2835,1394050290,95649,2021-08-01 11:34:46+00:00
2836,1394050290,95634,2021-08-01 07:52:58+00:00
2837,1394050290,95620,2021-07-31 19:21:20+00:00
2838,1394050290,95619,2021-07-31 19:10:22+00:00
2839,1394050290,95597,2021-07-31 11:21:45+00:00
2840,1394050290,95587,2021-07-31 07:55:19+00:00
2841,1394050290,95586,2021-07-31 07:54:42+00:00
2842,1394050290,95574,2021-07-30 18:55:51+00:00
2843,1394050290,95549,2021-07-30 12:56:48+00:00
2844,1394050290,95509,2021-07-30 08:45:40+00:00
2845,1394050290,95478,2021-07-29 20:00:41+00:00
2846,1394050290,95430,2021-07-29 12:19:29+00:00
2847,1394050290,95411,2021-07-29 10:07:45+00:00
2848,1394050290,95372,2021-07-29 05:50:05+00:00
2849,1394050290,95371,2021-07-29 05:45:10+00:00
2850,1394050290,95349,2021-07-28 15:58:39+00:00
2851,1394050290,95344,2021-07-28 14:31:28+00:00
2852,1394050290,95341,2021-07-28 14:18:21+00:00
2853,1394050290,95328,2021-07-28 12:47:09+00:00
2854,1394050290,95326,2021-07-28 12:31:17+00:00
2855,1394050290,95308,2021-07-28 09:42:00+00:00
2856,1394050290,95305,2021-07-28 08:53:41+00:00
2857,1394050290,95301,2021-07-28 08:30:42+00:00
2858,1394050290,95286,2021-07-28 07:10:18+00:00
2859,1394050290,95271,2021-07-28 05:40:07+00:00
2860,1394050290,95247,2021-07-27 16:25:37+00:00
2861,1394050290,95227,2021-07-27 13:08:21+00:00
2862,1394050290,95202,2021-07-27 10:00:06+00:00
2863,1394050290,95181,2021-07-27 07:35:06+00:00
2864,1394050290,95176,2021-07-27 06:35:49+00:00
2865,1394050290,95168,2021-07-27 05:45:06+00:00
2866,1394050290,95158,2021-07-26 17:50:05+00:00
2867,1394050290,95084,2021-07-26 08:28:43+00:00
2868,1394050290,95067,2021-07-26 06:28:50+00:00
2869,1394050290,95047,2021-07-25 13:54:07+00:00
2870,1394050290,95045,2021-07-25 12:52:41+00:00
2871,1394050290,95041,2021-07-25 11:09:09+00:00
2872,1394050290,95039,2021-07-25 10:42:58+00:00
2873,1394050290,95037,2021-07-25 10:31:41+00:00
2874,1394050290,95028,2021-07-25 06:00:06+00:00
2875,1394050290,95009,2021-07-24 12:28:28+00:00
2876,1394050290,95006,2021-07-24 12:04:27+00:00
2877,1394050290,94981,2021-07-24 07:26:17+00:00
2878,1394050290,94969,2021-07-23 20:00:11+00:00
2879,1394050290,94931,2021-07-23 12:03:04+00:00
2880,1394050290,94926,2021-07-23 11:32:50+00:00
2881,1394050290,94924,2021-07-23 11:25:40+00:00
2882,1394050290,94882,2021-07-23 08:16:18+00:00
2883,1394050290,94875,2021-07-23 07:30:06+00:00
2884,1394050290,94836,2021-07-22 13:45:08+00:00
2885,1394050290,94815,2021-07-22 09:54:35+00:00
2886,1394050290,94810,2021-07-22 09:04:01+00:00
2887,1394050290,94689,2021-07-21 09:50:08+00:00
2888,1394050290,94672,2021-07-21 08:35:01+00:00
2889,1394050290,94671,2021-07-21 08:31:14+00:00
2890,1394050290,94649,2021-07-20 20:51:10+00:00
2891,1394050290,94635,2021-07-20 16:35:04+00:00
2892,1394050290,94628,2021-07-20 15:40:45+00:00
2893,1394050290,94614,2021-07-20 13:25:31+00:00
2894,1394050290,94609,2021-07-20 13:14:26+00:00
2895,1394050290,94606,2021-07-20 12:31:14+00:00
2896,1394050290,94599,2021-07-20 11:34:30+00:00
2897,1394050290,94596,2021-07-20 11:21:51+00:00
2898,1394050290,94562,2021-07-20 08:15:47+00:00
2899,1394050290,94554,2021-07-20 07:10:06+00:00
2900,1394050290,94513,2021-07-19 14:26:10+00:00
2901,1394050290,94512,2021-07-19 14:23:31+00:00
2902,1394050290,94510,2021-07-19 14:15:05+00:00
2903,1394050290,94504,2021-07-19 13:40:03+00:00
2904,1394050290,94491,2021-07-19 11:45:09+00:00
2905,1394050290,94466,2021-07-19 08:55:06+00:00
2906,1394050290,94461,2021-07-19 08:15:54+00:00
2907,1394050290,94436,2021-07-18 15:32:38+00:00
2908,1394050290,94430,2021-07-18 12:53:48+00:00
2909,1394050290,94421,2021-07-18 09:10:55+00:00
2910,1394050290,94418,2021-07-18 08:30:48+00:00
2911,1394050290,94409,2021-07-18 07:15:11+00:00
2912,1394050290,94399,2021-07-17 17:56:44+00:00
2913,1394050290,94369,2021-07-17 07:50:06+00:00
2914,1394050290,94365,2021-07-17 07:10:11+00:00
2915,1394050290,94301,2021-07-16 10:39:15+00:00
2916,1394050290,94267,2021-07-16 08:17:06+00:00
2917,1394050290,94253,2021-07-15 18:30:06+00:00
2918,1394050290,94242,2021-07-15 15:36:06+00:00
2919,1394050290,94229,2021-07-15 14:09:11+00:00
2920,1394050290,94211,2021-07-15 12:06:42+00:00
2921,1394050290,94194,2021-07-15 10:45:01+00:00
2922,1394050290,94184,2021-07-15 09:50:06+00:00
2923,1394050290,94168,2021-07-15 08:18:58+00:00
2924,1394050290,94167,2021-07-15 08:17:58+00:00
2925,1394050290,94098,2021-07-14 10:25:48+00:00
2926,1394050290,94091,2021-07-14 10:10:06+00:00
2927,1394050290,94084,2021-07-14 08:36:42+00:00
2928,1394050290,94083,2021-07-14 08:35:20+00:00
2929,1394050290,94067,2021-07-14 06:40:10+00:00
2930,1394050290,94050,2021-07-13 17:38:12+00:00
2931,1394050290,94044,2021-07-13 16:21:43+00:00
2932,1394050290,93997,2021-07-13 11:02:26+00:00
2933,1394050290,93961,2021-07-13 08:31:01+00:00
2934,1394050290,93946,2021-07-13 06:57:13+00:00
2935,1394050290,93941,2021-07-13 06:31:17+00:00
2936,1394050290,93932,2021-07-12 18:35:09+00:00
2937,1394050290,93916,2021-07-12 17:00:01+00:00
2938,1394050290,93881,2021-07-12 11:38:51+00:00
2939,1394050290,93851,2021-07-12 08:00:40+00:00
2940,1394050290,93831,2021-07-11 21:56:33+00:00
2941,1394050290,93829,2021-07-11 16:35:52+00:00
2942,1394050290,93821,2021-07-11 12:15:36+00:00
2943,1394050290,93792,2021-07-10 17:32:30+00:00
2944,1394050290,93782,2021-07-10 13:23:13+00:00
2945,1394050290,93699,2021-07-09 12:19:56+00:00
2946,1394050290,93696,2021-07-09 11:57:48+00:00
2947,1394050290,93683,2021-07-09 10:36:28+00:00
2948,1394050290,93678,2021-07-09 09:58:26+00:00
2949,1394050290,93650,2021-07-09 08:15:47+00:00
2950,1394050290,93628,2021-07-08 18:50:11+00:00
2951,1394050290,93611,2021-07-08 16:19:52+00:00
2952,1394050290,93584,2021-07-08 12:53:40+00:00
2953,1394050290,93559,2021-07-08 10:06:45+00:00
2954,1394050290,93537,2021-07-08 08:01:32+00:00
2955,1394050290,93536,2021-07-08 07:55:06+00:00
2956,1394050290,93518,2021-07-07 21:37:34+00:00
2957,1394050290,93516,2021-07-07 20:34:29+00:00
2958,1394050290,93513,2021-07-07 20:13:31+00:00
2959,1394050290,93501,2021-07-07 16:38:38+00:00
2960,1394050290,93468,2021-07-07 13:29:09+00:00
2961,1394050290,93429,2021-07-07 08:54:32+00:00
2962,1394050290,93425,2021-07-07 08:30:11+00:00
2963,1394050290,93424,2021-07-07 08:22:45+00:00
2964,1394050290,93420,2021-07-07 08:01:43+00:00
2965,1394050290,93388,2021-07-07 06:00:06+00:00
2966,1394050290,93325,2021-07-06 10:00:19+00:00
2967,1394050290,93314,2021-07-06 08:50:03+00:00
2968,1394050290,93311,2021-07-06 08:36:47+00:00
2969,1394050290,93306,2021-07-06 08:08:29+00:00
2970,1394050290,93304,2021-07-06 08:00:38+00:00
2971,1394050290,93276,2021-07-05 17:49:33+00:00
2972,1394050290,93273,2021-07-05 16:19:36+00:00
2973,1394050290,93258,2021-07-05 13:53:52+00:00
2974,1394050290,93256,2021-07-05 13:40:03+00:00
2975,1394050290,93238,2021-07-05 11:53:42+00:00
2976,1394050290,93212,2021-07-05 08:49:51+00:00
2977,1394050290,93201,2021-07-05 07:32:11+00:00
2978,1394050290,93185,2021-07-04 18:41:02+00:00
2979,1394050290,93171,2021-07-04 12:50:06+00:00
2980,1394050290,93167,2021-07-04 11:30:14+00:00
2981,1394050290,93160,2021-07-04 10:51:05+00:00
2982,1394050290,93157,2021-07-04 09:51:11+00:00
2983,1394050290,93150,2021-07-04 08:32:17+00:00
2984,1394050290,93146,2021-07-04 07:50:07+00:00
2985,1394050290,93139,2021-07-03 20:51:47+00:00
2986,1394050290,93127,2021-07-03 14:45:10+00:00
2987,1394050290,93104,2021-07-03 08:16:41+00:00
2988,1394050290,93103,2021-07-03 08:15:43+00:00
2989,1394050290,93088,2021-07-02 18:30:46+00:00
2990,1394050290,93056,2021-07-02 14:43:12+00:00
2991,1394050290,93034,2021-07-02 11:20:41+00:00
2992,1394050290,92918,2021-07-01 10:26:07+00:00
2993,1394050290,92910,2021-07-01 09:40:35+00:00
2994,1394050290,92899,2021-07-01 08:34:26+00:00
2995,1394050290,92898,2021-07-01 08:32:07+00:00
2996,1394050290,92837,2021-06-30 13:25:06+00:00
2997,1394050290,92836,2021-06-30 13:21:21+00:00
2998,1394050290,92834,2021-06-30 13:15:35+00:00
2999,1394050290,92823,2021-06-30 12:50:03+00:00
3000,1394050290,92813,2021-06-30 12:36:20+00:00
3001,1394050290,92766,2021-06-30 10:29:44+00:00
3002,1378813139,8869,2021-11-29 15:41:40+00:00
3003,1378813139,8867,2021-11-29 13:36:55+00:00
3004,1378813139,8864,2021-11-29 10:52:19+00:00
3005,1378813139,8858,2021-11-29 07:14:15+00:00
3006,1378813139,8857,2021-11-28 18:45:06+00:00
3007,1378813139,8854,2021-11-28 02:52:50+00:00
3008,1378813139,8852,2021-11-27 12:40:10+00:00
3009,1378813139,8851,2021-11-27 10:40:15+00:00
3010,1378813139,8850,2021-11-27 10:21:55+00:00
3011,1378813139,8848,2021-11-26 17:31:45+00:00
3012,1378813139,8846,2021-11-26 15:44:06+00:00
3013,1378813139,8843,2021-11-26 12:46:35+00:00
3014,1378813139,8839,2021-11-26 11:48:45+00:00
3015,1378813139,8837,2021-11-26 09:50:41+00:00
3016,1378813139,8836,2021-11-26 08:32:06+00:00
3017,1378813139,8833,2021-11-26 07:02:57+00:00
3018,1378813139,8830,2021-11-25 16:40:13+00:00
3019,1378813139,8829,2021-11-25 15:58:17+00:00
3020,1378813139,8828,2021-11-25 13:46:22+00:00
3021,1378813139,8827,2021-11-25 12:36:26+00:00
3022,1378813139,8823,2021-11-25 08:54:18+00:00
3023,1378813139,8820,2021-11-25 07:13:32+00:00
3024,1378813139,8818,2021-11-24 13:19:06+00:00
3025,1378813139,8814,2021-11-24 11:00:46+00:00
3026,1378813139,8813,2021-11-24 09:36:48+00:00
3027,1378813139,8812,2021-11-24 08:44:52+00:00
3028,1378813139,8811,2021-11-24 07:35:41+00:00
3029,1378813139,8808,2021-11-23 14:47:49+00:00
3030,1378813139,8803,2021-11-23 07:27:36+00:00
3031,1378813139,8798,2021-11-22 12:36:29+00:00
3032,1378813139,8797,2021-11-22 12:05:51+00:00
3033,1378813139,8796,2021-11-22 11:08:43+00:00
3034,1378813139,8792,2021-11-22 08:07:53+00:00
3035,1378813139,8790,2021-11-21 19:04:11+00:00
3036,1378813139,8789,2021-11-21 14:41:09+00:00
3037,1378813139,8787,2021-11-21 09:05:09+00:00
3038,1378813139,8785,2021-11-20 14:37:05+00:00
3039,1378813139,8784,2021-11-20 14:20:58+00:00
3040,1378813139,8782,2021-11-20 13:11:14+00:00
3041,1378813139,8779,2021-11-20 07:35:51+00:00
3042,1378813139,8778,2021-11-19 14:39:00+00:00
3043,1378813139,8776,2021-11-19 11:10:52+00:00
3044,1378813139,8775,2021-11-19 10:14:47+00:00
3045,1378813139,8774,2021-11-19 09:33:47+00:00
3046,1378813139,8773,2021-11-19 08:04:34+00:00
3047,1378813139,8768,2021-11-18 15:19:13+00:00
3048,1378813139,8765,2021-11-18 11:28:04+00:00
3049,1378813139,8764,2021-11-18 10:02:20+00:00
3050,1378813139,8762,2021-11-18 05:37:01+00:00
3051,1378813139,8760,2021-11-17 16:30:26+00:00
3052,1378813139,8758,2021-11-17 12:57:25+00:00
3053,1378813139,8751,2021-11-17 07:45:48+00:00
3054,1378813139,8748,2021-11-16 13:45:16+00:00
3055,1378813139,8746,2021-11-16 12:48:19+00:00
3056,1378813139,8745,2021-11-16 10:45:18+00:00
3057,1378813139,8742,2021-11-16 09:46:46+00:00
3058,1378813139,8741,2021-11-16 07:26:39+00:00
3059,1378813139,8737,2021-11-15 11:39:30+00:00
3060,1378813139,8734,2021-11-15 07:43:45+00:00
3061,1378813139,8733,2021-11-14 15:50:25+00:00
3062,1378813139,8732,2021-11-14 12:47:03+00:00
3063,1378813139,8731,2021-11-14 08:14:10+00:00
3064,1378813139,8729,2021-11-13 14:43:55+00:00
3065,1378813139,8727,2021-11-13 10:24:52+00:00
3066,1378813139,8725,2021-11-12 19:27:09+00:00
3067,1378813139,8724,2021-11-12 15:53:00+00:00
3068,1378813139,8723,2021-11-12 14:40:24+00:00
3069,1378813139,8719,2021-11-12 10:04:47+00:00
3070,1378813139,8718,2021-11-12 08:55:55+00:00
3071,1378813139,8714,2021-11-12 07:29:42+00:00
3072,1378813139,8713,2021-11-11 19:16:35+00:00
3073,1378813139,8712,2021-11-11 17:30:40+00:00
3074,1378813139,8709,2021-11-11 15:04:57+00:00
3075,1378813139,8707,2021-11-11 14:25:45+00:00
3076,1378813139,8706,2021-11-11 13:53:01+00:00
3077,1378813139,8703,2021-11-11 10:40:25+00:00
3078,1378813139,8700,2021-11-11 08:10:21+00:00
3079,1378813139,8696,2021-11-10 14:09:33+00:00
3080,1378813139,8691,2021-11-10 07:29:00+00:00
3081,1378813139,8690,2021-11-09 15:03:47+00:00
3082,1378813139,8688,2021-11-09 13:57:07+00:00
3083,1378813139,8685,2021-11-09 10:02:40+00:00
3084,1378813139,8684,2021-11-09 08:49:32+00:00
3085,1378813139,8683,2021-11-09 07:14:53+00:00
3086,1378813139,8673,2021-11-07 22:57:55+00:00
3087,1378813139,8672,2021-11-07 22:16:57+00:00
3088,1378813139,8671,2021-11-07 16:23:45+00:00
3089,1378813139,8670,2021-11-07 13:12:10+00:00
3090,1378813139,8666,2021-11-06 10:56:18+00:00
3091,1378813139,8662,2021-11-05 10:01:55+00:00
3092,1378813139,8659,2021-11-04 16:57:38+00:00
3093,1378813139,8655,2021-11-04 11:48:21+00:00
3094,1378813139,8653,2021-11-03 16:36:31+00:00
3095,1378813139,8652,2021-11-03 14:47:27+00:00
3096,1378813139,8650,2021-11-03 13:14:01+00:00
3097,1378813139,8643,2021-11-03 09:13:46+00:00
3098,1378813139,8638,2021-11-03 06:45:11+00:00
3099,1378813139,8637,2021-11-02 20:05:31+00:00
3100,1378813139,8636,2021-11-02 18:49:38+00:00
3101,1378813139,8634,2021-11-02 15:01:09+00:00
3102,1378813139,8633,2021-11-02 13:04:51+00:00
3103,1378813139,8631,2021-11-02 09:19:50+00:00
3104,1378813139,8630,2021-11-02 08:11:41+00:00
3105,1378813139,8629,2021-11-02 06:41:40+00:00
3106,1378813139,8618,2021-11-01 11:40:26+00:00
3107,1378813139,8614,2021-10-31 15:01:03+00:00
3108,1378813139,8612,2021-10-31 12:36:40+00:00
3109,1378813139,8611,2021-10-31 12:13:24+00:00
3110,1378813139,8610,2021-10-31 09:36:45+00:00
3111,1378813139,8603,2021-10-29 22:01:49+00:00
3112,1378813139,8601,2021-10-29 14:55:42+00:00
3113,1378813139,8600,2021-10-29 13:30:18+00:00
3114,1378813139,8599,2021-10-29 11:37:03+00:00
3115,1378813139,8598,2021-10-29 11:30:44+00:00
3116,1378813139,8587,2021-10-29 08:05:21+00:00
3117,1378813139,8586,2021-10-29 07:35:11+00:00
3118,1378813139,8585,2021-10-29 05:23:23+00:00
3119,1378813139,8584,2021-10-28 18:21:42+00:00
3120,1378813139,8583,2021-10-28 16:36:58+00:00
3121,1378813139,8582,2021-10-28 15:32:57+00:00
3122,1378813139,8581,2021-10-28 14:33:05+00:00
3123,1378813139,8579,2021-10-28 12:18:26+00:00
3124,1378813139,8578,2021-10-28 10:21:20+00:00
3125,1378813139,8576,2021-10-28 08:51:44+00:00
3126,1378813139,8574,2021-10-27 15:01:32+00:00
3127,1378813139,8570,2021-10-27 10:37:13+00:00
3128,1378813139,8569,2021-10-27 09:16:52+00:00
3129,1378813139,8563,2021-10-26 13:38:48+00:00
3130,1378813139,8562,2021-10-26 12:16:12+00:00
3131,1378813139,8561,2021-10-26 11:31:14+00:00
3132,1378813139,8560,2021-10-26 11:16:37+00:00
3133,1378813139,8554,2021-10-26 07:29:26+00:00
3134,1378813139,8553,2021-10-26 07:04:00+00:00
3135,1378813139,8552,2021-10-25 18:58:39+00:00
3136,1378813139,8548,2021-10-25 14:27:58+00:00
3137,1378813139,8547,2021-10-25 13:32:30+00:00
3138,1378813139,8541,2021-10-25 09:33:04+00:00
3139,1378813139,8540,2021-10-25 09:22:55+00:00
3140,1378813139,8539,2021-10-25 08:10:20+00:00
3141,1378813139,8538,2021-10-25 07:24:43+00:00
3142,1378813139,8537,2021-10-25 07:09:19+00:00
3143,1378813139,8536,2021-10-24 15:51:48+00:00
3144,1378813139,8533,2021-10-24 11:47:53+00:00
3145,1378813139,8532,2021-10-24 09:13:05+00:00
3146,1378813139,8530,2021-10-23 09:55:36+00:00
3147,1378813139,8528,2021-10-22 17:31:14+00:00
3148,1378813139,8527,2021-10-22 17:19:49+00:00
3149,1378813139,8526,2021-10-22 16:06:54+00:00
3150,1378813139,8525,2021-10-22 15:03:58+00:00
3151,1378813139,8522,2021-10-22 11:06:08+00:00
3152,1378813139,8521,2021-10-22 10:49:13+00:00
3153,1378813139,8520,2021-10-22 10:30:15+00:00
3154,1378813139,8515,2021-10-22 06:53:27+00:00
3155,1378813139,8513,2021-10-22 03:33:34+00:00
3156,1378813139,8509,2021-10-21 13:30:37+00:00
3157,1378813139,8507,2021-10-21 11:32:37+00:00
3158,1378813139,8502,2021-10-21 08:18:23+00:00
3159,1378813139,8501,2021-10-21 07:09:03+00:00
3160,1378813139,8500,2021-10-20 19:52:35+00:00
3161,1378813139,8499,2021-10-20 19:04:18+00:00
3162,1378813139,8497,2021-10-20 15:00:14+00:00
3163,1378813139,8493,2021-10-20 11:18:17+00:00
3164,1378813139,8492,2021-10-20 09:44:39+00:00
3165,1378813139,8480,2021-10-19 15:26:44+00:00
3166,1378813139,8479,2021-10-19 14:44:23+00:00
3167,1378813139,8473,2021-10-19 09:58:02+00:00
3168,1378813139,8469,2021-10-18 17:27:53+00:00
3169,1378813139,8462,2021-10-18 09:38:12+00:00
3170,1378813139,8457,2021-10-18 05:41:02+00:00
3171,1378813139,8455,2021-10-18 04:38:52+00:00
3172,1378813139,8452,2021-10-17 20:10:23+00:00
3173,1378813139,8451,2021-10-17 17:53:11+00:00
3174,1378813139,8450,2021-10-17 12:03:38+00:00
3175,1378813139,8449,2021-10-17 09:48:17+00:00
3176,1378813139,8448,2021-10-17 08:02:08+00:00
3177,1378813139,8442,2021-10-16 10:33:40+00:00
3178,1378813139,8440,2021-10-15 19:30:20+00:00
3179,1378813139,8436,2021-10-15 14:57:42+00:00
3180,1378813139,8433,2021-10-15 12:34:31+00:00
3181,1378813139,8432,2021-10-15 11:00:20+00:00
3182,1378813139,8431,2021-10-15 10:14:42+00:00
3183,1378813139,8429,2021-10-15 08:01:52+00:00
3184,1378813139,8426,2021-10-14 14:17:28+00:00
3185,1378813139,8422,2021-10-14 09:10:57+00:00
3186,1378813139,8421,2021-10-14 08:20:12+00:00
3187,1378813139,8418,2021-10-13 13:45:25+00:00
3188,1378813139,8415,2021-10-13 10:26:59+00:00
3189,1378813139,8413,2021-10-13 09:12:12+00:00
3190,1378813139,8412,2021-10-13 05:28:33+00:00
3191,1378813139,8408,2021-10-12 15:03:40+00:00
3192,1378813139,8404,2021-10-12 14:13:31+00:00
3193,1378813139,8403,2021-10-12 12:40:09+00:00
3194,1378813139,8402,2021-10-12 11:44:44+00:00
3195,1378813139,8401,2021-10-12 11:12:53+00:00
3196,1378813139,8400,2021-10-12 09:50:26+00:00
3197,1378813139,8399,2021-10-12 08:50:51+00:00
3198,1378813139,8398,2021-10-12 08:37:58+00:00
3199,1378813139,8395,2021-10-11 15:10:46+00:00
3200,1378813139,8394,2021-10-11 13:24:02+00:00
3201,1378813139,8392,2021-10-11 10:09:29+00:00
3202,1378813139,8391,2021-10-11 08:51:33+00:00
3203,1378813139,8390,2021-10-11 07:51:13+00:00
3204,1378813139,8387,2021-10-10 18:09:59+00:00
3205,1378813139,8386,2021-10-10 16:10:12+00:00
3206,1378813139,8384,2021-10-10 12:47:37+00:00
3207,1378813139,8383,2021-10-10 12:16:00+00:00
3208,1378813139,8382,2021-10-10 08:26:58+00:00
3209,1378813139,8381,2021-10-10 08:06:09+00:00
3210,1378813139,8380,2021-10-10 07:16:08+00:00
3211,1378813139,8375,2021-10-09 14:39:05+00:00
3212,1378813139,8374,2021-10-09 13:38:00+00:00
3213,1378813139,8373,2021-10-09 12:50:57+00:00
3214,1378813139,8372,2021-10-09 11:53:08+00:00
3215,1378813139,8371,2021-10-09 09:16:02+00:00
3216,1378813139,8367,2021-10-08 17:28:27+00:00
3217,1378813139,8359,2021-10-08 09:54:32+00:00
3218,1378813139,8358,2021-10-08 09:04:19+00:00
3219,1378813139,8356,2021-10-08 07:09:47+00:00
3220,1378813139,8353,2021-10-07 15:39:35+00:00
3221,1378813139,8349,2021-10-07 11:47:10+00:00
3222,1378813139,8348,2021-10-07 10:35:57+00:00
3223,1378813139,8347,2021-10-07 09:25:16+00:00
3224,1378813139,8346,2021-10-07 08:48:12+00:00
3225,1378813139,8343,2021-10-06 17:42:46+00:00
3226,1378813139,8340,2021-10-06 14:50:55+00:00
3227,1378813139,8337,2021-10-06 11:56:53+00:00
3228,1378813139,8336,2021-10-06 10:55:49+00:00
3229,1378813139,8335,2021-10-06 09:18:24+00:00
3230,1378813139,8334,2021-10-06 08:03:08+00:00
3231,1378813139,8330,2021-10-05 14:18:58+00:00
3232,1378813139,8328,2021-10-05 11:12:06+00:00
3233,1378813139,8326,2021-10-05 07:51:12+00:00
3234,1378813139,8324,2021-10-05 05:30:14+00:00
3235,1378813139,8320,2021-10-04 20:01:19+00:00
3236,1378813139,8317,2021-10-04 18:38:56+00:00
3237,1378813139,8307,2021-10-04 08:37:12+00:00
3238,1378813139,8305,2021-10-03 16:08:18+00:00
3239,1378813139,8303,2021-10-03 11:22:11+00:00
3240,1378813139,8295,2021-10-01 16:08:08+00:00
3241,1378813139,8293,2021-10-01 13:35:25+00:00
3242,1378813139,8292,2021-10-01 11:10:44+00:00
3243,1378813139,8291,2021-10-01 09:39:18+00:00
3244,1378813139,8288,2021-09-30 18:15:59+00:00
3245,1378813139,8287,2021-09-30 14:41:48+00:00
3246,1378813139,8286,2021-09-30 13:13:12+00:00
3247,1378813139,8285,2021-09-30 12:10:59+00:00
3248,1378813139,8284,2021-09-30 11:08:50+00:00
3249,1378813139,8278,2021-09-29 18:09:15+00:00
3250,1378813139,8275,2021-09-29 14:01:36+00:00
3251,1378813139,8273,2021-09-29 10:44:16+00:00
3252,1378813139,8269,2021-09-29 07:53:43+00:00
3253,1378813139,8268,2021-09-29 07:47:17+00:00
3254,1378813139,8267,2021-09-28 18:51:37+00:00
3255,1378813139,8266,2021-09-28 17:50:58+00:00
3256,1378813139,8264,2021-09-28 13:10:28+00:00
3257,1378813139,8261,2021-09-28 10:26:53+00:00
3258,1378813139,8257,2021-09-27 15:12:18+00:00
3259,1378813139,8256,2021-09-27 13:55:13+00:00
3260,1378813139,8253,2021-09-27 10:36:54+00:00
3261,1378813139,8252,2021-09-27 09:58:26+00:00
3262,1378813139,8248,2021-09-26 08:57:59+00:00
3263,1378813139,8247,2021-09-25 13:31:49+00:00
3264,1378813139,8246,2021-09-25 12:09:23+00:00
3265,1378813139,8245,2021-09-25 08:49:13+00:00
3266,1378813139,8244,2021-09-25 08:19:33+00:00
3267,1378813139,8243,2021-09-24 15:27:29+00:00
3268,1378813139,8242,2021-09-24 14:25:28+00:00
3269,1378813139,8241,2021-09-24 13:16:36+00:00
3270,1378813139,8240,2021-09-24 12:34:09+00:00
3271,1378813139,8228,2021-09-24 01:07:37+00:00
3272,1378813139,8227,2021-09-23 20:32:52+00:00
3273,1378813139,8225,2021-09-23 16:09:52+00:00
3274,1378813139,8221,2021-09-23 10:07:18+00:00
3275,1378813139,8218,2021-09-23 06:33:55+00:00
3276,1378813139,8211,2021-09-22 16:51:03+00:00
3277,1378813139,8210,2021-09-22 15:32:08+00:00
3278,1378813139,8209,2021-09-22 14:10:11+00:00
3279,1378813139,8208,2021-09-22 12:26:08+00:00
3280,1378813139,8202,2021-09-22 08:07:47+00:00
3281,1378813139,8199,2021-09-21 14:32:13+00:00
3282,1378813139,8198,2021-09-21 13:33:36+00:00
3283,1378813139,8196,2021-09-21 08:47:06+00:00
3284,1378813139,8186,2021-09-20 19:03:43+00:00
3285,1378813139,8185,2021-09-20 15:58:51+00:00
3286,1378813139,8184,2021-09-20 14:57:23+00:00
3287,1378813139,8183,2021-09-20 14:19:49+00:00
3288,1378813139,8175,2021-09-20 07:55:35+00:00
3289,1378813139,8160,2021-09-19 10:01:13+00:00
3290,1378813139,8159,2021-09-18 15:19:31+00:00
3291,1378813139,8151,2021-09-17 12:59:05+00:00
3292,1378813139,8150,2021-09-17 11:48:30+00:00
3293,1378813139,8149,2021-09-17 10:56:33+00:00
3294,1378813139,8144,2021-09-17 07:27:35+00:00
3295,1378813139,8141,2021-09-16 12:32:38+00:00
3296,1378813139,8139,2021-09-16 10:08:46+00:00
3297,1378813139,8138,2021-09-16 09:04:13+00:00
3298,1378813139,8137,2021-09-16 08:45:33+00:00
3299,1378813139,8136,2021-09-16 08:23:56+00:00
3300,1378813139,8128,2021-09-16 05:42:16+00:00
3301,1378813139,8127,2021-09-16 05:02:33+00:00
3302,1378813139,8125,2021-09-15 19:59:56+00:00
3303,1378813139,8124,2021-09-15 16:00:20+00:00
3304,1378813139,8121,2021-09-15 10:33:36+00:00
3305,1378813139,8120,2021-09-15 09:24:24+00:00
3306,1378813139,8116,2021-09-14 18:02:02+00:00
3307,1378813139,8112,2021-09-14 15:45:28+00:00
3308,1378813139,8105,2021-09-14 11:44:03+00:00
3309,1378813139,8104,2021-09-14 10:11:45+00:00
3310,1378813139,8103,2021-09-14 10:03:15+00:00
3311,1378813139,8102,2021-09-14 09:35:11+00:00
3312,1378813139,8101,2021-09-14 06:31:25+00:00
3313,1378813139,8099,2021-09-13 18:50:59+00:00
3314,1378813139,8098,2021-09-13 14:18:13+00:00
3315,1378813139,8097,2021-09-13 14:06:07+00:00
3316,1378813139,8095,2021-09-13 11:52:52+00:00
3317,1378813139,8094,2021-09-13 11:34:33+00:00
3318,1378813139,8089,2021-09-13 06:29:46+00:00
3319,1378813139,8088,2021-09-12 22:54:25+00:00
3320,1378813139,8087,2021-09-12 22:35:49+00:00
3321,1378813139,8086,2021-09-12 20:40:40+00:00
3322,1378813139,8085,2021-09-12 18:44:39+00:00
3323,1378813139,8077,2021-09-12 14:45:10+00:00
3324,1378813139,8074,2021-09-11 12:46:05+00:00
3325,1378813139,8072,2021-09-11 09:26:44+00:00
3326,1378813139,8070,2021-09-11 00:50:46+00:00
3327,1378813139,8063,2021-09-10 08:24:25+00:00
3328,1378813139,8062,2021-09-09 15:26:00+00:00
3329,1378813139,8054,2021-09-09 06:06:20+00:00
3330,1378813139,8053,2021-09-08 16:49:43+00:00
3331,1378813139,8052,2021-09-08 15:36:12+00:00
3332,1378813139,8048,2021-09-08 11:06:28+00:00
3333,1378813139,8045,2021-09-08 09:38:49+00:00
3334,1378813139,8042,2021-09-08 06:12:32+00:00
3335,1378813139,8036,2021-09-08 04:31:00+00:00
3336,1378813139,8035,2021-09-07 15:25:48+00:00
3337,1378813139,8033,2021-09-07 10:20:25+00:00
3338,1378813139,8032,2021-09-07 09:11:53+00:00
3339,1378813139,8030,2021-09-07 07:44:29+00:00
3340,1378813139,8028,2021-09-07 07:06:35+00:00
3341,1378813139,8025,2021-09-07 05:22:20+00:00
3342,1378813139,8021,2021-09-06 10:24:30+00:00
3343,1378813139,8019,2021-09-06 09:01:17+00:00
3344,1378813139,8018,2021-09-06 07:59:38+00:00
3345,1378813139,8017,2021-09-06 07:21:18+00:00
3346,1378813139,8016,2021-09-05 14:50:45+00:00
3347,1378813139,8011,2021-09-04 11:44:54+00:00
3348,1378813139,8010,2021-09-04 08:40:41+00:00
3349,1378813139,8009,2021-09-04 07:29:45+00:00
3350,1378813139,8007,2021-09-03 20:46:21+00:00
3351,1378813139,8006,2021-09-03 20:04:57+00:00
3352,1378813139,8003,2021-09-03 11:57:44+00:00
3353,1378813139,8002,2021-09-03 10:50:52+00:00
3354,1378813139,7999,2021-09-03 07:46:26+00:00
3355,1378813139,7998,2021-09-02 18:32:38+00:00
3356,1378813139,7997,2021-09-02 16:11:38+00:00
3357,1378813139,7994,2021-09-02 09:59:12+00:00
3358,1378813139,7993,2021-09-02 08:37:16+00:00
3359,1378813139,7992,2021-09-02 06:42:21+00:00
3360,1378813139,7991,2021-09-01 15:59:24+00:00
3361,1378813139,7988,2021-09-01 10:41:02+00:00
3362,1378813139,7986,2021-09-01 07:55:25+00:00
3363,1378813139,7982,2021-08-31 13:37:21+00:00
3364,1378813139,7979,2021-08-31 09:14:02+00:00
3365,1378813139,7978,2021-08-31 07:54:47+00:00
3366,1378813139,7975,2021-08-30 14:20:56+00:00
3367,1378813139,7964,2021-08-29 11:49:01+00:00
3368,1378813139,7963,2021-08-29 09:28:06+00:00
3369,1378813139,7962,2021-08-29 06:50:41+00:00
3370,1378813139,7961,2021-08-28 19:29:45+00:00
3371,1378813139,7960,2021-08-28 17:28:45+00:00
3372,1378813139,7957,2021-08-28 10:57:37+00:00
3373,1378813139,7955,2021-08-28 06:30:07+00:00
3374,1378813139,7954,2021-08-27 20:35:39+00:00
3375,1378813139,7951,2021-08-27 14:42:51+00:00
3376,1378813139,7950,2021-08-27 14:02:34+00:00
3377,1378813139,7945,2021-08-26 18:17:41+00:00
3378,1378813139,7940,2021-08-26 14:13:39+00:00
3379,1378813139,7934,2021-08-26 09:48:55+00:00
3380,1378813139,7932,2021-08-26 07:31:52+00:00
3381,1378813139,7931,2021-08-26 07:22:39+00:00
3382,1378813139,7930,2021-08-25 18:05:16+00:00
3383,1378813139,7928,2021-08-25 12:38:26+00:00
3384,1378813139,7926,2021-08-25 10:05:05+00:00
3385,1378813139,7925,2021-08-25 09:22:11+00:00
3386,1378813139,7922,2021-08-25 08:11:45+00:00
3387,1378813139,7915,2021-08-24 09:43:31+00:00
3388,1378813139,7906,2021-08-23 13:10:46+00:00
3389,1378813139,7904,2021-08-23 11:44:36+00:00
3390,1378813139,7901,2021-08-23 07:52:27+00:00
3391,1378813139,7900,2021-08-23 06:39:36+00:00
3392,1378813139,7898,2021-08-22 14:13:46+00:00
3393,1378813139,7897,2021-08-22 12:37:24+00:00
3394,1378813139,7896,2021-08-22 09:35:02+00:00
3395,1378813139,7894,2021-08-21 16:05:18+00:00
3396,1378813139,7892,2021-08-21 13:33:04+00:00
3397,1378813139,7888,2021-08-21 09:36:09+00:00
3398,1378813139,7884,2021-08-20 14:11:42+00:00
3399,1378813139,7882,2021-08-20 12:36:30+00:00
3400,1378813139,7881,2021-08-20 10:48:59+00:00
3401,1378813139,7879,2021-08-20 07:29:11+00:00
3402,1378813139,7875,2021-08-19 17:15:06+00:00
3403,1378813139,7873,2021-08-19 15:41:38+00:00
3404,1378813139,7870,2021-08-19 13:54:36+00:00
3405,1378813139,7868,2021-08-19 10:10:34+00:00
3406,1378813139,7867,2021-08-19 08:17:34+00:00
3407,1378813139,7866,2021-08-19 07:52:31+00:00
3408,1378813139,7865,2021-08-19 05:02:31+00:00
3409,1378813139,7864,2021-08-18 20:34:48+00:00
3410,1378813139,7863,2021-08-18 15:28:56+00:00
3411,1378813139,7851,2021-08-17 11:27:55+00:00
3412,1378813139,7844,2021-08-17 08:48:56+00:00
3413,1378813139,7841,2021-08-16 17:56:02+00:00
3414,1378813139,7837,2021-08-16 10:18:59+00:00
3415,1378813139,7835,2021-08-16 09:37:28+00:00
3416,1378813139,7833,2021-08-16 08:02:48+00:00
3417,1378813139,7832,2021-08-16 06:42:53+00:00
3418,1378813139,7831,2021-08-15 19:55:23+00:00
3419,1378813139,7829,2021-08-15 13:15:49+00:00
3420,1378813139,7828,2021-08-15 11:52:47+00:00
3421,1378813139,7827,2021-08-15 07:31:39+00:00
3422,1378813139,7824,2021-08-14 12:53:30+00:00
3423,1378813139,7823,2021-08-14 12:43:03+00:00
3424,1378813139,7821,2021-08-14 08:25:42+00:00
3425,1378813139,7820,2021-08-13 18:23:29+00:00
3426,1378813139,7810,2021-08-13 15:00:21+00:00
3427,1378813139,7808,2021-08-13 12:09:55+00:00
3428,1378813139,7802,2021-08-12 21:34:11+00:00
3429,1378813139,7799,2021-08-12 20:26:27+00:00
3430,1378813139,7797,2021-08-12 19:46:39+00:00
3431,1378813139,7796,2021-08-12 19:19:48+00:00
3432,1378813139,7794,2021-08-12 18:52:05+00:00
3433,1378813139,7793,2021-08-12 18:48:18+00:00
3434,1378813139,7792,2021-08-12 18:45:22+00:00
3435,1378813139,7791,2021-08-12 18:16:44+00:00
3436,1378813139,7787,2021-08-12 09:51:37+00:00
3437,1378813139,7785,2021-08-12 06:03:05+00:00
3438,1378813139,7776,2021-08-11 13:36:07+00:00
3439,1378813139,7765,2021-08-11 10:26:20+00:00
3440,1378813139,7764,2021-08-11 08:09:33+00:00
3441,1378813139,7763,2021-08-11 07:31:24+00:00
3442,1378813139,7754,2021-08-09 13:57:02+00:00
3443,1378813139,7752,2021-08-09 09:08:01+00:00
3444,1378813139,7749,2021-08-08 13:48:43+00:00
3445,1378813139,7748,2021-08-08 13:04:23+00:00
3446,1378813139,7747,2021-08-08 11:52:13+00:00
3447,1378813139,7746,2021-08-08 10:22:51+00:00
3448,1378813139,7745,2021-08-08 09:58:31+00:00
3449,1378813139,7744,2021-08-08 09:05:28+00:00
3450,1378813139,7742,2021-08-07 10:14:33+00:00
3451,1378813139,7734,2021-08-06 06:33:52+00:00
3452,1378813139,7728,2021-08-05 15:00:19+00:00
3453,1378813139,7727,2021-08-05 14:42:10+00:00
3454,1378813139,7725,2021-08-05 07:36:37+00:00
3455,1378813139,7722,2021-08-04 19:40:16+00:00
3456,1378813139,7719,2021-08-04 13:29:04+00:00
3457,1378813139,7718,2021-08-04 11:57:22+00:00
3458,1378813139,7715,2021-08-04 08:32:15+00:00
3459,1378813139,7711,2021-08-03 15:32:40+00:00
3460,1378813139,7709,2021-08-03 12:40:10+00:00
3461,1378813139,7707,2021-08-03 09:32:44+00:00
3462,1378813139,7700,2021-08-02 16:24:56+00:00
3463,1378813139,7698,2021-08-02 10:32:17+00:00
3464,1378813139,7696,2021-08-02 09:30:12+00:00
3465,1378813139,7691,2021-08-02 08:15:29+00:00
3466,1378813139,7690,2021-08-02 07:34:36+00:00
3467,1378813139,7686,2021-08-01 11:51:13+00:00
3468,1378813139,7685,2021-08-01 10:00:45+00:00
3469,1378813139,7683,2021-07-31 14:23:13+00:00
3470,1378813139,7681,2021-07-31 08:27:19+00:00
3471,1378813139,7679,2021-07-30 13:50:06+00:00
3472,1378813139,7673,2021-07-30 09:12:24+00:00
3473,1378813139,7670,2021-07-29 14:44:44+00:00
3474,1378813139,7669,2021-07-29 12:43:45+00:00
3475,1378813139,7664,2021-07-28 19:15:50+00:00
3476,1378813139,7663,2021-07-28 16:18:54+00:00
3477,1378813139,7661,2021-07-28 15:21:58+00:00
3478,1378813139,7656,2021-07-28 09:11:09+00:00
3479,1378813139,7654,2021-07-28 07:52:50+00:00
3480,1378813139,7653,2021-07-28 07:16:05+00:00
3481,1378813139,7651,2021-07-28 04:49:26+00:00
3482,1378813139,7647,2021-07-27 13:03:43+00:00
3483,1378813139,7646,2021-07-27 12:23:35+00:00
3484,1378813139,7644,2021-07-27 09:04:34+00:00
3485,1378813139,7639,2021-07-26 12:52:35+00:00
3486,1378813139,7636,2021-07-26 10:38:56+00:00
3487,1378813139,7630,2021-07-26 03:36:01+00:00
3488,1378813139,7628,2021-07-25 12:58:31+00:00
3489,1378813139,7626,2021-07-25 09:37:47+00:00
3490,1378813139,7625,2021-07-25 06:17:28+00:00
3491,1378813139,7623,2021-07-24 17:28:38+00:00
3492,1378813139,7622,2021-07-24 15:32:08+00:00
3493,1378813139,7621,2021-07-24 13:08:23+00:00
3494,1378813139,7616,2021-07-24 07:43:18+00:00
3495,1378813139,7610,2021-07-23 13:03:27+00:00
3496,1378813139,7606,2021-07-23 09:41:02+00:00
3497,1378813139,7605,2021-07-23 07:51:19+00:00
3498,1378813139,7601,2021-07-22 14:39:53+00:00
3499,1378813139,7600,2021-07-22 14:06:39+00:00
3500,1378813139,7599,2021-07-22 13:16:10+00:00
3501,1378813139,7594,2021-07-22 07:23:41+00:00
3502,1378813139,7591,2021-07-21 17:42:47+00:00
3503,1378813139,7590,2021-07-21 16:21:53+00:00
3504,1378813139,7588,2021-07-21 13:11:59+00:00
3505,1378813139,7586,2021-07-21 12:18:48+00:00
3506,1378813139,7582,2021-07-21 08:14:17+00:00
3507,1378813139,7580,2021-07-20 19:54:28+00:00
3508,1378813139,7578,2021-07-20 14:54:24+00:00
3509,1378813139,7574,2021-07-20 12:44:19+00:00
3510,1378813139,7548,2021-07-19 16:18:00+00:00
3511,1378813139,7547,2021-07-19 15:22:10+00:00
3512,1378813139,7544,2021-07-19 12:51:46+00:00
3513,1378813139,7543,2021-07-19 11:09:13+00:00
3514,1378813139,7539,2021-07-18 15:03:50+00:00
3515,1378813139,7535,2021-07-17 12:45:22+00:00
3516,1378813139,7533,2021-07-17 07:13:30+00:00
3517,1378813139,7528,2021-07-16 15:42:27+00:00
3518,1378813139,7527,2021-07-16 14:38:17+00:00
3519,1378813139,7523,2021-07-16 13:08:21+00:00
3520,1378813139,7519,2021-07-16 10:41:06+00:00
3521,1378813139,7517,2021-07-16 10:27:51+00:00
3522,1378813139,7515,2021-07-16 08:38:40+00:00
3523,1378813139,7514,2021-07-16 07:33:53+00:00
3524,1378813139,7513,2021-07-16 06:09:15+00:00
3525,1378813139,7507,2021-07-15 14:05:20+00:00
3526,1378813139,7505,2021-07-15 12:01:23+00:00
3527,1378813139,7503,2021-07-15 09:43:55+00:00
3528,1378813139,7499,2021-07-14 16:15:04+00:00
3529,1378813139,7498,2021-07-14 15:12:57+00:00
3530,1378813139,7497,2021-07-14 14:00:16+00:00
3531,1378813139,7496,2021-07-14 13:37:29+00:00
3532,1378813139,7494,2021-07-14 11:16:06+00:00
3533,1378813139,7493,2021-07-14 09:53:09+00:00
3534,1378813139,7492,2021-07-14 09:01:07+00:00
3535,1378813139,7491,2021-07-14 07:03:46+00:00
3536,1378813139,7490,2021-07-13 18:32:05+00:00
3537,1378813139,7486,2021-07-13 12:57:50+00:00
3538,1378813139,7479,2021-07-13 08:38:57+00:00
3539,1378813139,7477,2021-07-13 07:51:04+00:00
3540,1378813139,7476,2021-07-13 06:12:02+00:00
3541,1378813139,7475,2021-07-13 06:02:31+00:00
3542,1378813139,7474,2021-07-12 21:44:06+00:00
3543,1378813139,7473,2021-07-12 21:31:49+00:00
3544,1378813139,7469,2021-07-12 15:04:35+00:00
3545,1378813139,7467,2021-07-12 12:03:50+00:00
3546,1378813139,7464,2021-07-12 08:34:33+00:00
3547,1378813139,7462,2021-07-11 21:55:02+00:00
3548,1378813139,7461,2021-07-11 18:25:17+00:00
3549,1378813139,7460,2021-07-11 15:17:47+00:00
3550,1378813139,7459,2021-07-11 14:50:53+00:00
3551,1378813139,7458,2021-07-11 13:53:07+00:00
3552,1378813139,7456,2021-07-11 10:02:11+00:00
3553,1378813139,7454,2021-07-10 15:27:09+00:00
3554,1378813139,7452,2021-07-10 10:39:42+00:00
3555,1378813139,7448,2021-07-09 12:13:58+00:00
3556,1378813139,7446,2021-07-09 11:40:20+00:00
3557,1378813139,7444,2021-07-09 10:46:09+00:00
3558,1378813139,7442,2021-07-09 08:50:50+00:00
3559,1378813139,7440,2021-07-09 06:18:12+00:00
3560,1378813139,7439,2021-07-08 17:10:08+00:00
3561,1378813139,7438,2021-07-08 16:50:23+00:00
3562,1378813139,7435,2021-07-08 15:47:16+00:00
3563,1378813139,7431,2021-07-08 13:16:43+00:00
3564,1378813139,7428,2021-07-08 12:06:56+00:00
3565,1378813139,7421,2021-07-07 13:47:57+00:00
3566,1378813139,7416,2021-07-07 12:07:08+00:00
3567,1378813139,7414,2021-07-07 09:17:24+00:00
3568,1378813139,7409,2021-07-06 17:09:41+00:00
3569,1378813139,7404,2021-07-06 11:15:34+00:00
3570,1378813139,7403,2021-07-06 10:30:42+00:00
3571,1378813139,7401,2021-07-06 09:10:40+00:00
3572,1378813139,7400,2021-07-06 08:41:53+00:00
3573,1378813139,7399,2021-07-06 08:23:51+00:00
3574,1378813139,7398,2021-07-06 07:40:42+00:00
3575,1378813139,7397,2021-07-06 07:21:54+00:00
3576,1378813139,7394,2021-07-05 17:52:51+00:00
3577,1378813139,7392,2021-07-05 14:43:10+00:00
3578,1378813139,7391,2021-07-05 12:56:30+00:00
3579,1378813139,7390,2021-07-05 11:55:32+00:00
3580,1378813139,7387,2021-07-05 09:25:19+00:00
3581,1378813139,7386,2021-07-05 08:38:41+00:00
3582,1378813139,7384,2021-07-05 07:46:53+00:00
3583,1378813139,7383,2021-07-05 07:06:08+00:00
3584,1378813139,7382,2021-07-04 16:10:40+00:00
3585,1378813139,7381,2021-07-04 15:10:24+00:00
3586,1378813139,7378,2021-07-04 08:43:03+00:00
3587,1378813139,7377,2021-07-04 05:37:41+00:00
3588,1378813139,7373,2021-07-03 11:33:50+00:00
3589,1378813139,7372,2021-07-03 08:46:11+00:00
3590,1378813139,7369,2021-07-02 20:44:16+00:00
3591,1378813139,7367,2021-07-02 15:56:35+00:00
3592,1378813139,7366,2021-07-02 15:09:56+00:00
3593,1378813139,7363,2021-07-02 11:15:15+00:00
3594,1378813139,7362,2021-07-02 09:47:00+00:00
3595,1378813139,7360,2021-07-02 08:57:01+00:00
3596,1378813139,7358,2021-07-01 17:29:52+00:00
3597,1378813139,7357,2021-07-01 16:40:06+00:00
3598,1378813139,7356,2021-07-01 14:50:05+00:00
3599,1378813139,7355,2021-07-01 14:46:20+00:00
3600,1378813139,7352,2021-07-01 10:49:00+00:00
3601,1378813139,7349,2021-07-01 07:39:24+00:00
3602,1378813139,7348,2021-06-30 18:58:03+00:00
3603,1378813139,7347,2021-06-30 17:31:53+00:00
3604,1378813139,7346,2021-06-30 16:28:26+00:00
3605,1378813139,7344,2021-06-30 13:49:56+00:00
3606,1378813139,7322,2021-06-29 12:06:06+00:00
3607,1378813139,7321,2021-06-29 11:32:59+00:00
3608,1378813139,7314,2021-06-28 16:53:20+00:00
3609,1378813139,7313,2021-06-28 13:51:07+00:00
3610,1378813139,7310,2021-06-28 11:59:15+00:00
3611,1378813139,7309,2021-06-28 11:40:49+00:00
3612,1378813139,7304,2021-06-28 10:47:49+00:00
3613,1378813139,7303,2021-06-28 10:24:02+00:00
3614,1378813139,7302,2021-06-28 09:24:52+00:00
3615,1378813139,7298,2021-06-27 16:56:58+00:00
3616,1378813139,7296,2021-06-27 13:53:09+00:00
3617,1378813139,7294,2021-06-27 10:50:40+00:00
3618,1378813139,7293,2021-06-27 09:22:31+00:00
3619,1378813139,7290,2021-06-26 13:49:56+00:00
3620,1378813139,7288,2021-06-26 10:14:27+00:00
3621,1378813139,7286,2021-06-26 08:28:03+00:00
3622,1378813139,7285,2021-06-26 07:18:52+00:00
3623,1378813139,7284,2021-06-25 15:04:31+00:00
3624,1378813139,7281,2021-06-25 11:16:45+00:00
3625,1378813139,7275,2021-06-24 17:58:15+00:00
3626,1378813139,7273,2021-06-24 10:25:56+00:00
3627,1378813139,7271,2021-06-24 09:59:40+00:00
3628,1378813139,7268,2021-06-23 21:11:20+00:00
3629,1378813139,7266,2021-06-23 15:16:59+00:00
3630,1378813139,7264,2021-06-23 12:26:23+00:00
3631,1378813139,7262,2021-06-23 10:31:21+00:00
3632,1378813139,7261,2021-06-23 10:03:14+00:00
3633,1378813139,7259,2021-06-23 09:15:58+00:00
3634,1378813139,7255,2021-06-23 04:32:15+00:00
3635,1378813139,7254,2021-06-22 15:58:41+00:00
3636,1378813139,7253,2021-06-22 14:38:29+00:00
3637,1378813139,7248,2021-06-22 09:06:10+00:00
3638,1378813139,7247,2021-06-22 07:33:30+00:00
3639,1378813139,7245,2021-06-22 02:36:43+00:00
3640,1378813139,7243,2021-06-21 18:28:41+00:00
3641,1378813139,7239,2021-06-21 11:37:28+00:00
3642,1378813139,7238,2021-06-21 10:50:57+00:00
3643,1378813139,7234,2021-06-20 14:53:40+00:00
3644,1378813139,7228,2021-06-19 16:27:57+00:00
3645,1378813139,7225,2021-06-19 12:29:22+00:00
3646,1378813139,7224,2021-06-19 10:47:38+00:00
3647,1378813139,7223,2021-06-19 10:34:01+00:00
3648,1378813139,7221,2021-06-19 05:03:00+00:00
3649,1378813139,7218,2021-06-19 04:52:46+00:00
3650,1378813139,7215,2021-06-18 18:01:39+00:00
3651,1378813139,7213,2021-06-18 13:57:38+00:00
3652,1378813139,7210,2021-06-18 09:34:19+00:00
3653,1378813139,7206,2021-06-17 16:33:35+00:00
3654,1378813139,7202,2021-06-17 07:14:51+00:00
3655,1378813139,7201,2021-06-16 16:48:25+00:00
3656,1378813139,7199,2021-06-16 14:23:39+00:00
3657,1378813139,7188,2021-06-15 20:26:35+00:00
3658,1378813139,7187,2021-06-15 16:59:55+00:00
3659,1378813139,7185,2021-06-15 12:29:57+00:00
3660,1378813139,7184,2021-06-15 11:20:23+00:00
3661,1378813139,7182,2021-06-15 10:09:28+00:00
3662,1378813139,7181,2021-06-15 07:09:20+00:00
3663,1378813139,7180,2021-06-14 15:53:33+00:00
3664,1378813139,7179,2021-06-14 14:04:28+00:00
3665,1378813139,7178,2021-06-14 11:58:49+00:00
3666,1378813139,7176,2021-06-13 20:39:57+00:00
3667,1378813139,7174,2021-06-13 15:02:50+00:00
3668,1378813139,7172,2021-06-13 13:47:07+00:00
3669,1378813139,7171,2021-06-13 12:57:43+00:00
3670,1378813139,7170,2021-06-13 11:42:51+00:00
3671,1378813139,7158,2021-06-12 08:56:21+00:00
3672,1378813139,7157,2021-06-11 19:06:27+00:00
3673,1378813139,7156,2021-06-11 14:40:33+00:00
3674,1378813139,7155,2021-06-11 13:22:08+00:00
3675,1378813139,7153,2021-06-11 10:54:17+00:00
3676,1378813139,7151,2021-06-11 08:43:25+00:00
3677,1378813139,7148,2021-06-10 17:19:46+00:00
3678,1378813139,7145,2021-06-10 16:09:00+00:00
3679,1378813139,7136,2021-06-10 10:44:47+00:00
3680,1378813139,7135,2021-06-10 09:19:03+00:00
3681,1378813139,7134,2021-06-10 08:44:04+00:00
3682,1378813139,7133,2021-06-10 07:41:16+00:00
3683,1378813139,7132,2021-06-10 07:15:04+00:00
3684,1378813139,7129,2021-06-09 19:12:26+00:00
3685,1378813139,7128,2021-06-09 16:13:10+00:00
3686,1378813139,7127,2021-06-09 15:48:09+00:00
3687,1378813139,7125,2021-06-09 13:21:55+00:00
3688,1378813139,7123,2021-06-09 12:37:34+00:00
3689,1378813139,7119,2021-06-09 09:13:00+00:00
3690,1378813139,7117,2021-06-09 08:49:58+00:00
3691,1378813139,7111,2021-06-09 08:00:26+00:00
3692,1378813139,7110,2021-06-09 07:19:56+00:00
3693,1378813139,7107,2021-06-08 18:25:24+00:00
3694,1378813139,7106,2021-06-08 16:37:02+00:00
3695,1378813139,7104,2021-06-08 13:06:46+00:00
3696,1378813139,7095,2021-06-08 10:05:44+00:00
3697,1378813139,7094,2021-06-08 09:46:27+00:00
3698,1378813139,7092,2021-06-08 07:26:00+00:00
3699,1378813139,7091,2021-06-07 20:28:43+00:00
3700,1378813139,7090,2021-06-07 18:43:08+00:00
3701,1378813139,7089,2021-06-07 16:17:01+00:00
3702,1378813139,7086,2021-06-07 13:27:27+00:00
3703,1378813139,7083,2021-06-07 08:30:00+00:00
3704,1378813139,7078,2021-06-05 19:11:16+00:00
3705,1378813139,7073,2021-06-05 05:57:24+00:00
3706,1378813139,7070,2021-06-04 13:03:28+00:00
3707,1378813139,7069,2021-06-04 11:52:47+00:00
3708,1378813139,7067,2021-06-04 09:22:23+00:00
3709,1378813139,7066,2021-06-04 09:08:25+00:00
3710,1378813139,7064,2021-06-04 07:00:05+00:00
3711,1378813139,7060,2021-06-03 17:17:03+00:00
3712,1378813139,7057,2021-06-03 12:48:30+00:00
3713,1378813139,7055,2021-06-03 10:28:59+00:00
3714,1378813139,7053,2021-06-03 08:28:39+00:00
3715,1378813139,7052,2021-06-03 06:53:58+00:00
3716,1378813139,7051,2021-06-03 06:36:10+00:00
3717,1378813139,7049,2021-06-02 16:09:03+00:00
3718,1378813139,7047,2021-06-02 14:05:07+00:00
3719,1378813139,7042,2021-06-02 06:27:22+00:00
3720,1378813139,7041,2021-06-01 17:35:10+00:00
3721,1378813139,7037,2021-06-01 10:53:58+00:00
3722,1378813139,7035,2021-06-01 07:30:29+00:00
3723,1378813139,7032,2021-05-31 15:32:13+00:00
3724,1378813139,7031,2021-05-31 13:43:49+00:00
3725,1378813139,7030,2021-05-31 11:42:18+00:00
3726,1378813139,7028,2021-05-31 08:22:23+00:00
3727,1378813139,7027,2021-05-31 07:53:00+00:00
3728,1378813139,7024,2021-05-30 16:17:49+00:00
3729,1378813139,7022,2021-05-30 16:02:04+00:00
3730,1378813139,7021,2021-05-30 15:22:37+00:00
3731,1378813139,7019,2021-05-30 11:54:39+00:00
3732,1378813139,7018,2021-05-30 10:35:15+00:00
3733,1378813139,7015,2021-05-29 18:05:40+00:00
3734,1378813139,7014,2021-05-29 11:44:41+00:00
3735,1378813139,7013,2021-05-29 07:02:06+00:00
3736,1378813139,7012,2021-05-28 12:56:27+00:00
3737,1378813139,7009,2021-05-28 09:14:14+00:00
3738,1378813139,7007,2021-05-27 16:19:40+00:00
3739,1378813139,7006,2021-05-27 13:41:00+00:00
3740,1378813139,7005,2021-05-27 12:33:44+00:00
3741,1378813139,7002,2021-05-27 09:30:16+00:00
3742,1378813139,7001,2021-05-27 08:23:16+00:00
3743,1378813139,6999,2021-05-26 18:08:25+00:00
3744,1378813139,6998,2021-05-26 16:04:08+00:00
3745,1378813139,6990,2021-05-26 07:26:55+00:00
3746,1378813139,6988,2021-05-25 17:12:42+00:00
3747,1378813139,6986,2021-05-25 14:24:04+00:00
3748,1378813139,6981,2021-05-25 07:50:55+00:00
3749,1378813139,6980,2021-05-24 18:43:48+00:00
3750,1378813139,6979,2021-05-24 16:01:41+00:00
3751,1378813139,6978,2021-05-24 15:10:21+00:00
3752,1378813139,6977,2021-05-24 14:34:09+00:00
3753,1378813139,6968,2021-05-23 17:50:58+00:00
3754,1378813139,6967,2021-05-23 14:05:50+00:00
3755,1378813139,6966,2021-05-23 13:15:42+00:00
3756,1378813139,6962,2021-05-23 11:51:57+00:00
3757,1378813139,6961,2021-05-23 08:27:34+00:00
3758,1378813139,6959,2021-05-22 18:22:38+00:00
3759,1378813139,6958,2021-05-22 10:41:02+00:00
3760,1378813139,6957,2021-05-22 09:50:04+00:00
3761,1378813139,6955,2021-05-21 21:32:55+00:00
3762,1378813139,6953,2021-05-21 17:05:14+00:00
3763,1378813139,6947,2021-05-21 09:04:24+00:00
3764,1378813139,6943,2021-05-21 07:03:43+00:00
3765,1378813139,6942,2021-05-20 13:25:28+00:00
3766,1378813139,6941,2021-05-20 11:09:16+00:00
3767,1378813139,6940,2021-05-20 09:34:30+00:00
3768,1378813139,6939,2021-05-20 09:11:59+00:00
3769,1378813139,6938,2021-05-20 08:18:46+00:00
3770,1378813139,6937,2021-05-20 07:27:20+00:00
3771,1378813139,6936,2021-05-19 17:15:39+00:00
3772,1378813139,6935,2021-05-19 15:07:45+00:00
3773,1378813139,6933,2021-05-19 13:07:09+00:00
3774,1378813139,6928,2021-05-19 06:50:01+00:00
3775,1378813139,6927,2021-05-18 18:55:28+00:00
3776,1378813139,6920,2021-05-18 15:51:35+00:00
3777,1378813139,6916,2021-05-18 12:14:42+00:00
3778,1378813139,6915,2021-05-18 11:15:58+00:00
3779,1378813139,6914,2021-05-18 10:17:28+00:00
3780,1378813139,6910,2021-05-17 13:28:54+00:00
3781,1378813139,6909,2021-05-17 12:20:01+00:00
3782,1378813139,6905,2021-05-17 07:21:19+00:00
3783,1378813139,6904,2021-05-17 05:46:26+00:00
3784,1378813139,6902,2021-05-16 13:58:33+00:00
3785,1378813139,6901,2021-05-16 13:11:01+00:00
3786,1378813139,6900,2021-05-16 12:11:31+00:00
3787,1378813139,6899,2021-05-16 08:37:33+00:00
3788,1378813139,6896,2021-05-15 13:48:25+00:00
3789,1378813139,6895,2021-05-15 11:38:09+00:00
3790,1378813139,6893,2021-05-14 15:30:11+00:00
3791,1378813139,6890,2021-05-14 09:10:47+00:00
3792,1378813139,6887,2021-05-14 06:54:39+00:00
3793,1378813139,6885,2021-05-13 16:08:27+00:00
3794,1378813139,6884,2021-05-13 12:58:03+00:00
3795,1378813139,6883,2021-05-13 12:47:05+00:00
3796,1378813139,6881,2021-05-13 10:19:21+00:00
3797,1378813139,6878,2021-05-13 07:57:27+00:00
3798,1378813139,6875,2021-05-12 16:54:18+00:00
3799,1378813139,6874,2021-05-12 15:40:58+00:00
3800,1378813139,6871,2021-05-12 11:16:41+00:00
3801,1378813139,6866,2021-05-11 15:47:08+00:00
3802,1378813139,6860,2021-05-11 11:38:34+00:00
3803,1378813139,6852,2021-05-11 08:30:56+00:00
3804,1378813139,6849,2021-05-11 07:52:18+00:00
3805,1378813139,6844,2021-05-11 07:30:33+00:00
3806,1378813139,6843,2021-05-11 07:25:42+00:00
3807,1378813139,6835,2021-05-10 19:44:25+00:00
3808,1378813139,6834,2021-05-10 18:10:46+00:00
3809,1378813139,6831,2021-05-10 07:52:33+00:00
3810,1378813139,6829,2021-05-09 19:23:26+00:00
3811,1378813139,6827,2021-05-09 11:04:43+00:00
3812,1378813139,6826,2021-05-09 11:01:18+00:00
3813,1378813139,6824,2021-05-09 08:50:50+00:00
3814,1378813139,6820,2021-05-08 07:33:53+00:00
3815,1378813139,6814,2021-05-06 13:10:57+00:00
3816,1378813139,6813,2021-05-06 12:50:36+00:00
3817,1378813139,6810,2021-05-06 09:30:38+00:00
3818,1378813139,6809,2021-05-06 09:09:11+00:00
3819,1378813139,6808,2021-05-06 07:09:56+00:00
3820,1378813139,6806,2021-05-05 12:40:36+00:00
3821,1378813139,6803,2021-05-05 10:45:11+00:00
3822,1378813139,6797,2021-05-04 14:33:58+00:00
3823,1378813139,6796,2021-05-04 11:32:11+00:00
3824,1378813139,6788,2021-05-02 16:42:38+00:00
3825,1378813139,6787,2021-05-02 12:19:51+00:00
3826,1378813139,6785,2021-05-02 08:13:15+00:00
3827,1378813139,6778,2021-05-01 08:33:44+00:00
3828,1378813139,6773,2021-04-30 14:34:39+00:00
3829,1378813139,6772,2021-04-30 14:20:18+00:00
3830,1378813139,6771,2021-04-30 11:27:26+00:00
3831,1378813139,6766,2021-04-29 19:08:05+00:00
3832,1378813139,6765,2021-04-29 14:22:28+00:00
3833,1378813139,6764,2021-04-29 13:51:47+00:00
3834,1378813139,6763,2021-04-29 12:02:33+00:00
3835,1378813139,6760,2021-04-29 08:34:26+00:00
3836,1378813139,6758,2021-04-29 07:22:44+00:00
3837,1378813139,6757,2021-04-29 06:16:58+00:00
3838,1378813139,6755,2021-04-28 20:20:53+00:00
3839,1378813139,6753,2021-04-28 20:10:27+00:00
3840,1378813139,6751,2021-04-28 14:12:08+00:00
3841,1378813139,6746,2021-04-28 08:18:14+00:00
3842,1378813139,6745,2021-04-28 07:18:11+00:00
3843,1378813139,6744,2021-04-27 21:11:59+00:00
3844,1378813139,6738,2021-04-27 12:10:20+00:00
3845,1378813139,6735,2021-04-27 07:33:29+00:00
3846,1378813139,6730,2021-04-26 11:11:11+00:00
3847,1378813139,6729,2021-04-26 10:58:52+00:00
3848,1378813139,6728,2021-04-26 09:29:17+00:00
3849,1378813139,6725,2021-04-26 08:23:02+00:00
3850,1378813139,6721,2021-04-25 13:21:20+00:00
3851,1378813139,6720,2021-04-25 11:28:01+00:00
3852,1378813139,6718,2021-04-25 07:51:18+00:00
3853,1378813139,6715,2021-04-24 13:42:20+00:00
3854,1378813139,6699,2021-04-22 15:35:02+00:00
3855,1378813139,6696,2021-04-22 10:24:16+00:00
3856,1378813139,6695,2021-04-22 09:57:23+00:00
3857,1378813139,6693,2021-04-22 07:49:15+00:00
3858,1378813139,6691,2021-04-22 06:46:47+00:00
3859,1378813139,6688,2021-04-21 18:38:14+00:00
3860,1378813139,6685,2021-04-21 18:09:56+00:00
3861,1378813139,6680,2021-04-21 17:30:52+00:00
3862,1378813139,6678,2021-04-21 16:58:09+00:00
3863,1378813139,6675,2021-04-21 16:36:51+00:00
3864,1378813139,6674,2021-04-21 16:31:53+00:00
3865,1378813139,6673,2021-04-21 16:20:20+00:00
3866,1378813139,6672,2021-04-21 16:08:13+00:00
3867,1378813139,6671,2021-04-21 15:51:43+00:00
3868,1378813139,6669,2021-04-21 14:55:00+00:00
3869,1378813139,6667,2021-04-21 12:33:06+00:00
3870,1378813139,6659,2021-04-20 20:43:58+00:00
3871,1378813139,6657,2021-04-20 18:30:55+00:00
3872,1378813139,6647,2021-04-20 09:24:25+00:00
3873,1378813139,6646,2021-04-20 09:10:36+00:00
3874,1378813139,6645,2021-04-20 08:34:31+00:00
3875,1378813139,6643,2021-04-19 19:39:26+00:00
3876,1378813139,6642,2021-04-19 15:49:04+00:00
3877,1378813139,6640,2021-04-19 14:08:12+00:00
3878,1378813139,6639,2021-04-19 12:51:09+00:00
3879,1378813139,6638,2021-04-19 11:15:56+00:00
3880,1378813139,6637,2021-04-19 10:24:26+00:00
3881,1378813139,6633,2021-04-19 08:35:37+00:00
3882,1378813139,6632,2021-04-19 06:36:18+00:00
3883,1378813139,6630,2021-04-18 14:52:47+00:00
3884,1378813139,6626,2021-04-18 10:00:25+00:00
3885,1378813139,6624,2021-04-17 18:53:25+00:00
3886,1378813139,6623,2021-04-17 15:01:54+00:00
3887,1378813139,6622,2021-04-17 13:19:56+00:00
3888,1378813139,6610,2021-04-15 13:45:09+00:00
3889,1378813139,6609,2021-04-15 13:34:56+00:00
3890,1378813139,6606,2021-04-15 07:59:56+00:00
3891,1378813139,6605,2021-04-15 07:07:24+00:00
3892,1378813139,6600,2021-04-14 10:21:48+00:00
3893,1378813139,6598,2021-04-14 08:30:45+00:00
3894,1378813139,6593,2021-04-13 14:55:20+00:00
3895,1378813139,6591,2021-04-13 13:04:37+00:00
3896,1378813139,6590,2021-04-13 12:09:40+00:00
3897,1378813139,6587,2021-04-13 08:45:19+00:00
3898,1378813139,6581,2021-04-12 14:11:20+00:00
3899,1378813139,6578,2021-04-12 11:36:32+00:00
3900,1378813139,6575,2021-04-12 08:37:32+00:00
3901,1378813139,6573,2021-04-12 05:20:06+00:00
3902,1378813139,6570,2021-04-11 15:41:20+00:00
3903,1378813139,6569,2021-04-11 13:17:51+00:00
3904,1378813139,6568,2021-04-11 09:14:22+00:00
3905,1378813139,6566,2021-04-10 12:06:26+00:00
3906,1378813139,6565,2021-04-10 09:05:48+00:00
3907,1378813139,6560,2021-04-09 14:58:27+00:00
3908,1378813139,6559,2021-04-09 13:03:04+00:00
3909,1378813139,6556,2021-04-09 10:52:02+00:00
3910,1378813139,6550,2021-04-08 09:47:54+00:00
3911,1378813139,6549,2021-04-08 08:31:30+00:00
3912,1378813139,6548,2021-04-08 07:40:38+00:00
3913,1378813139,6543,2021-04-07 15:44:22+00:00
3914,1378813139,6541,2021-04-07 13:36:43+00:00
3915,1378813139,6540,2021-04-07 11:31:05+00:00
3916,1378813139,6537,2021-04-07 07:56:56+00:00
3917,1378813139,6536,2021-04-06 17:37:16+00:00
3918,1378813139,6534,2021-04-06 13:02:12+00:00
3919,1378813139,6533,2021-04-06 11:24:37+00:00
3920,1378813139,6530,2021-04-06 08:37:09+00:00
3921,1378813139,6529,2021-04-06 07:24:10+00:00
3922,1378813139,6528,2021-04-05 15:38:28+00:00
3923,1378813139,6526,2021-04-05 13:56:01+00:00
3924,1378813139,6524,2021-04-05 12:19:17+00:00
3925,1378813139,6523,2021-04-05 10:06:08+00:00
3926,1378813139,6522,2021-04-05 09:32:24+00:00
3927,1378813139,6519,2021-04-05 06:20:27+00:00
3928,1378813139,6518,2021-04-04 14:56:52+00:00
3929,1378813139,6517,2021-04-04 12:54:55+00:00
3930,1378813139,6516,2021-04-04 10:54:53+00:00
3931,1378813139,6515,2021-04-04 09:48:20+00:00
3932,1378813139,6514,2021-04-03 13:54:16+00:00
3933,1378813139,6513,2021-04-03 11:54:10+00:00
3934,1378813139,6507,2021-04-02 17:35:41+00:00
3935,1378813139,6506,2021-04-02 16:03:37+00:00
3936,1378813139,6503,2021-04-02 10:17:59+00:00
3937,1378813139,6502,2021-04-02 09:46:29+00:00
3938,1378813139,6501,2021-04-02 08:20:06+00:00
3939,1378813139,6497,2021-04-01 18:25:42+00:00
3940,1378813139,6495,2021-04-01 15:31:08+00:00
3941,1378813139,6489,2021-04-01 10:00:34+00:00
3942,1378813139,6488,2021-04-01 09:38:53+00:00
3943,1378813139,6484,2021-04-01 06:56:43+00:00
3944,1378813139,6483,2021-03-31 20:58:53+00:00
3945,1378813139,6479,2021-03-31 14:19:49+00:00
3946,1378813139,6476,2021-03-31 10:56:10+00:00
3947,1378813139,6475,2021-03-31 09:56:45+00:00
3948,1378813139,6467,2021-03-31 07:04:35+00:00
3949,1378813139,6465,2021-03-30 17:45:27+00:00
3950,1378813139,6464,2021-03-30 16:45:10+00:00
3951,1378813139,6463,2021-03-30 16:21:59+00:00
3952,1378813139,6461,2021-03-30 14:44:27+00:00
3953,1378813139,6455,2021-03-30 12:19:07+00:00
3954,1378813139,6449,2021-03-30 10:09:21+00:00
3955,1378813139,6447,2021-03-30 08:31:38+00:00
3956,1378813139,6445,2021-03-30 01:32:38+00:00
3957,1378813139,6443,2021-03-29 15:45:00+00:00
3958,1378813139,6442,2021-03-29 12:42:40+00:00
3959,1378813139,6441,2021-03-29 11:07:24+00:00
3960,1378813139,6438,2021-03-28 20:49:47+00:00
3961,1378813139,6436,2021-03-28 08:24:38+00:00
3962,1378813139,6434,2021-03-27 14:56:33+00:00
3963,1378813139,6430,2021-03-27 08:32:17+00:00
3964,1378813139,6423,2021-03-26 16:08:07+00:00
3965,1378813139,6416,2021-03-25 19:43:28+00:00
3966,1378813139,6415,2021-03-25 12:43:16+00:00
3967,1378813139,6412,2021-03-25 09:03:14+00:00
3968,1378813139,6411,2021-03-25 07:58:35+00:00
3969,1378813139,6409,2021-03-24 12:59:14+00:00
3970,1378813139,6407,2021-03-24 10:29:43+00:00
3971,1378813139,6406,2021-03-24 08:53:51+00:00
3972,1378813139,6405,2021-03-24 08:36:01+00:00
3973,1378813139,6402,2021-03-23 13:36:05+00:00
3974,1378813139,6399,2021-03-23 10:36:00+00:00
3975,1378813139,6395,2021-03-23 07:00:32+00:00
3976,1378813139,6394,2021-03-23 05:48:12+00:00
3977,1378813139,6392,2021-03-22 16:00:36+00:00
3978,1378813139,6390,2021-03-22 13:59:07+00:00
3979,1378813139,6383,2021-03-21 15:27:35+00:00
3980,1378813139,6380,2021-03-21 10:50:54+00:00
3981,1378813139,6378,2021-03-21 08:28:46+00:00
3982,1378813139,6377,2021-03-21 08:24:32+00:00
3983,1378813139,6375,2021-03-20 13:46:32+00:00
3984,1378813139,6373,2021-03-20 11:13:16+00:00
3985,1378813139,6368,2021-03-20 06:00:45+00:00
3986,1378813139,6367,2021-03-19 17:47:45+00:00
3987,1378813139,6363,2021-03-19 10:18:07+00:00
3988,1378813139,6359,2021-03-19 08:34:40+00:00
3989,1378813139,6358,2021-03-19 07:58:17+00:00
3990,1378813139,6357,2021-03-18 16:29:48+00:00
3991,1378813139,6356,2021-03-18 15:39:25+00:00
3992,1378813139,6353,2021-03-18 10:38:35+00:00
3993,1378813139,6352,2021-03-18 09:19:47+00:00
3994,1378813139,6350,2021-03-18 08:14:02+00:00
3995,1378813139,6349,2021-03-18 07:22:49+00:00
3996,1378813139,6348,2021-03-17 15:15:58+00:00
3997,1378813139,6346,2021-03-17 09:35:40+00:00
3998,1378813139,6345,2021-03-17 09:19:37+00:00
3999,1378813139,6344,2021-03-17 07:03:41+00:00
4000,1378813139,6343,2021-03-17 05:54:49+00:00
4001,1378813139,6342,2021-03-17 05:44:18+00:00
4002,1288481277,9163,2021-11-30 14:15:27+00:00
4003,1288481277,9161,2021-11-30 13:01:02+00:00
4004,1288481277,9153,2021-11-30 09:17:43+00:00
4005,1288481277,9148,2021-11-30 08:27:31+00:00
4006,1288481277,9142,2021-11-30 08:03:41+00:00
4007,1288481277,9141,2021-11-30 07:27:49+00:00
4008,1288481277,9139,2021-11-30 06:40:07+00:00
4009,1288481277,9135,2021-11-30 05:57:57+00:00
4010,1288481277,9133,2021-11-29 20:40:49+00:00
4011,1288481277,9132,2021-11-29 19:24:39+00:00
4012,1288481277,9131,2021-11-29 19:21:39+00:00
4013,1288481277,9128,2021-11-29 18:13:04+00:00
4014,1288481277,9126,2021-11-29 16:27:13+00:00
4015,1288481277,9125,2021-11-29 16:15:05+00:00
4016,1288481277,9123,2021-11-29 15:10:32+00:00
4017,1288481277,9111,2021-11-29 10:12:05+00:00
4018,1288481277,9110,2021-11-29 09:18:06+00:00
4019,1288481277,9096,2021-11-28 20:48:58+00:00
4020,1288481277,9094,2021-11-28 20:40:38+00:00
4021,1288481277,9093,2021-11-28 18:58:15+00:00
4022,1288481277,9092,2021-11-28 18:51:33+00:00
4023,1288481277,9081,2021-11-28 14:16:26+00:00
4024,1288481277,9073,2021-11-28 08:52:58+00:00
4025,1288481277,9069,2021-11-28 06:16:41+00:00
4026,1288481277,9066,2021-11-27 18:48:12+00:00
4027,1288481277,9063,2021-11-27 18:30:41+00:00
4028,1288481277,9062,2021-11-27 17:30:01+00:00
4029,1288481277,9059,2021-11-27 16:56:10+00:00
4030,1288481277,9057,2021-11-27 14:30:33+00:00
4031,1288481277,9055,2021-11-27 13:26:42+00:00
4032,1288481277,9050,2021-11-27 06:48:36+00:00
4033,1288481277,9049,2021-11-26 22:13:54+00:00
4034,1288481277,9048,2021-11-26 21:55:55+00:00
4035,1288481277,9046,2021-11-26 19:31:02+00:00
4036,1288481277,9042,2021-11-26 18:20:01+00:00
4037,1288481277,9041,2021-11-26 15:55:25+00:00
4038,1288481277,9037,2021-11-26 15:18:04+00:00
4039,1288481277,9029,2021-11-26 12:28:31+00:00
4040,1288481277,9027,2021-11-26 12:19:16+00:00
4041,1288481277,9025,2021-11-26 12:08:07+00:00
4042,1288481277,9020,2021-11-26 09:40:43+00:00
4043,1288481277,9013,2021-11-25 20:35:52+00:00
4044,1288481277,9006,2021-11-25 15:01:09+00:00
4045,1288481277,9003,2021-11-25 14:13:20+00:00
4046,1288481277,8999,2021-11-25 12:15:40+00:00
4047,1288481277,8998,2021-11-25 12:03:15+00:00
4048,1288481277,8996,2021-11-25 11:00:50+00:00
4049,1288481277,8992,2021-11-25 10:37:30+00:00
4050,1288481277,8991,2021-11-25 09:52:45+00:00
4051,1288481277,8986,2021-11-25 07:25:19+00:00
4052,1288481277,8985,2021-11-25 06:49:59+00:00
4053,1288481277,8981,2021-11-24 18:10:13+00:00
4054,1288481277,8978,2021-11-24 17:01:16+00:00
4055,1288481277,8973,2021-11-24 14:37:12+00:00
4056,1288481277,8966,2021-11-24 14:00:07+00:00
4057,1288481277,8961,2021-11-24 12:31:15+00:00
4058,1288481277,8959,2021-11-24 11:25:03+00:00
4059,1288481277,8948,2021-11-24 06:37:13+00:00
4060,1288481277,8942,2021-11-23 17:37:52+00:00
4061,1288481277,8941,2021-11-23 16:44:18+00:00
4062,1288481277,8939,2021-11-23 14:57:43+00:00
4063,1288481277,8935,2021-11-23 12:40:27+00:00
4064,1288481277,8928,2021-11-23 11:00:39+00:00
4065,1288481277,8925,2021-11-23 09:30:01+00:00
4066,1288481277,8924,2021-11-23 09:00:21+00:00
4067,1288481277,8918,2021-11-23 06:16:39+00:00
4068,1288481277,8910,2021-11-22 19:09:33+00:00
4069,1288481277,8908,2021-11-22 16:42:25+00:00
4070,1288481277,8907,2021-11-22 15:53:05+00:00
4071,1288481277,8905,2021-11-22 15:29:47+00:00
4072,1288481277,8903,2021-11-22 14:25:13+00:00
4073,1288481277,8897,2021-11-22 13:16:44+00:00
4074,1288481277,8896,2021-11-22 13:04:23+00:00
4075,1288481277,8885,2021-11-21 21:28:53+00:00
4076,1288481277,8883,2021-11-21 20:49:15+00:00
4077,1288481277,8875,2021-11-21 14:00:47+00:00
4078,1288481277,8873,2021-11-21 12:59:26+00:00
4079,1288481277,8872,2021-11-21 12:46:33+00:00
4080,1288481277,8871,2021-11-21 11:09:36+00:00
4081,1288481277,8869,2021-11-21 09:20:41+00:00
4082,1288481277,8864,2021-11-20 18:53:48+00:00
4083,1288481277,8858,2021-11-20 14:19:12+00:00
4084,1288481277,8857,2021-11-20 14:17:42+00:00
4085,1288481277,8856,2021-11-20 13:59:20+00:00
4086,1288481277,8855,2021-11-20 13:35:44+00:00
4087,1288481277,8854,2021-11-20 13:31:23+00:00
4088,1288481277,8852,2021-11-20 13:27:22+00:00
4089,1288481277,8850,2021-11-20 13:12:14+00:00
4090,1288481277,8847,2021-11-20 12:35:53+00:00
4091,1288481277,8845,2021-11-20 11:45:10+00:00
4092,1288481277,8838,2021-11-20 07:40:37+00:00
4093,1288481277,8832,2021-11-19 19:24:17+00:00
4094,1288481277,8830,2021-11-19 18:01:15+00:00
4095,1288481277,8829,2021-11-19 17:49:27+00:00
4096,1288481277,8817,2021-11-19 13:45:00+00:00
4097,1288481277,8816,2021-11-19 13:05:46+00:00
4098,1288481277,8814,2021-11-19 10:48:48+00:00
4099,1288481277,8802,2021-11-18 20:52:54+00:00
4100,1288481277,8801,2021-11-18 20:27:40+00:00
4101,1288481277,8800,2021-11-18 20:19:02+00:00
4102,1288481277,8796,2021-11-18 16:41:00+00:00
4103,1288481277,8788,2021-11-18 13:07:29+00:00
4104,1288481277,8787,2021-11-18 12:52:12+00:00
4105,1288481277,8785,2021-11-18 11:57:02+00:00
4106,1288481277,8784,2021-11-18 11:32:30+00:00
4107,1288481277,8762,2021-11-17 15:22:18+00:00
4108,1288481277,8751,2021-11-17 11:06:47+00:00
4109,1288481277,8740,2021-11-17 05:40:16+00:00
4110,1288481277,8738,2021-11-17 02:06:27+00:00
4111,1288481277,8730,2021-11-16 16:31:20+00:00
4112,1288481277,8729,2021-11-16 16:01:06+00:00
4113,1288481277,8719,2021-11-16 11:55:14+00:00
4114,1288481277,8698,2021-11-15 17:11:01+00:00
4115,1288481277,8693,2021-11-15 15:14:54+00:00
4116,1288481277,8687,2021-11-15 13:42:50+00:00
4117,1288481277,8682,2021-11-15 09:43:09+00:00
4118,1288481277,8674,2021-11-14 20:53:05+00:00
4119,1288481277,8663,2021-11-14 09:33:38+00:00
4120,1288481277,8659,2021-11-13 21:27:39+00:00
4121,1288481277,8657,2021-11-13 17:40:06+00:00
4122,1288481277,8650,2021-11-13 13:04:26+00:00
4123,1288481277,8643,2021-11-13 08:23:18+00:00
4124,1288481277,8641,2021-11-13 06:26:27+00:00
4125,1288481277,8640,2021-11-13 00:45:43+00:00
4126,1288481277,8639,2021-11-12 23:03:20+00:00
4127,1288481277,8631,2021-11-12 15:30:53+00:00
4128,1288481277,8616,2021-11-12 10:06:31+00:00
4129,1288481277,8600,2021-11-11 17:43:30+00:00
4130,1288481277,8598,2021-11-11 17:18:30+00:00
4131,1288481277,8578,2021-11-11 06:26:17+00:00
4132,1288481277,8575,2021-11-10 20:14:28+00:00
4133,1288481277,8571,2021-11-10 18:02:40+00:00
4134,1288481277,8570,2021-11-10 17:01:06+00:00
4135,1288481277,8567,2021-11-10 15:57:56+00:00
4136,1288481277,8563,2021-11-10 13:22:32+00:00
4137,1288481277,8557,2021-11-10 08:48:03+00:00
4138,1288481277,8549,2021-11-09 20:59:25+00:00
4139,1288481277,8548,2021-11-09 19:35:13+00:00
4140,1288481277,8543,2021-11-09 15:24:55+00:00
4141,1288481277,8542,2021-11-09 15:20:22+00:00
4142,1288481277,8541,2021-11-09 15:01:06+00:00
4143,1288481277,8540,2021-11-09 14:01:06+00:00
4144,1288481277,8530,2021-11-09 10:00:44+00:00
4145,1288481277,8529,2021-11-09 09:30:23+00:00
4146,1288481277,8520,2021-11-08 20:17:53+00:00
4147,1288481277,8518,2021-11-08 19:02:38+00:00
4148,1288481277,8516,2021-11-08 17:45:19+00:00
4149,1288481277,8513,2021-11-08 16:42:24+00:00
4150,1288481277,8512,2021-11-08 16:28:06+00:00
4151,1288481277,8511,2021-11-08 15:15:55+00:00
4152,1288481277,8508,2021-11-08 13:06:18+00:00
4153,1288481277,8502,2021-11-08 11:26:49+00:00
4154,1288481277,8492,2021-11-08 08:52:11+00:00
4155,1288481277,8491,2021-11-08 08:40:23+00:00
4156,1288481277,8483,2021-11-07 21:59:16+00:00
4157,1288481277,8478,2021-11-07 15:53:29+00:00
4158,1288481277,8477,2021-11-07 14:30:06+00:00
4159,1288481277,8475,2021-11-07 14:03:53+00:00
4160,1288481277,8473,2021-11-07 10:03:30+00:00
4161,1288481277,8470,2021-11-07 08:08:17+00:00
4162,1288481277,8457,2021-11-06 18:05:16+00:00
4163,1288481277,8450,2021-11-06 16:03:48+00:00
4164,1288481277,8439,2021-11-06 11:25:20+00:00
4165,1288481277,8436,2021-11-06 10:50:18+00:00
4166,1288481277,8433,2021-11-06 10:00:29+00:00
4167,1288481277,8432,2021-11-06 09:00:47+00:00
4168,1288481277,8428,2021-11-05 19:50:03+00:00
4169,1288481277,8410,2021-11-05 10:07:09+00:00
4170,1288481277,8408,2021-11-05 09:52:10+00:00
4171,1288481277,8405,2021-11-05 08:14:56+00:00
4172,1288481277,8401,2021-11-05 07:16:26+00:00
4173,1288481277,8397,2021-11-04 20:13:14+00:00
4174,1288481277,8396,2021-11-04 20:11:42+00:00
4175,1288481277,8386,2021-11-04 16:41:43+00:00
4176,1288481277,8382,2021-11-04 15:40:16+00:00
4177,1288481277,8380,2021-11-04 13:47:00+00:00
4178,1288481277,8379,2021-11-04 13:09:39+00:00
4179,1288481277,8377,2021-11-04 11:19:10+00:00
4180,1288481277,8374,2021-11-04 10:32:55+00:00
4181,1288481277,8371,2021-11-04 09:55:12+00:00
4182,1288481277,8368,2021-11-04 08:25:30+00:00
4183,1288481277,8360,2021-11-03 22:50:53+00:00
4184,1288481277,8358,2021-11-03 19:39:37+00:00
4185,1288481277,8354,2021-11-03 17:18:52+00:00
4186,1288481277,8347,2021-11-03 14:59:43+00:00
4187,1288481277,8344,2021-11-03 13:20:27+00:00
4188,1288481277,8336,2021-11-03 10:13:01+00:00
4189,1288481277,8331,2021-11-03 08:17:16+00:00
4190,1288481277,8325,2021-11-02 20:41:43+00:00
4191,1288481277,8320,2021-11-02 17:59:49+00:00
4192,1288481277,8307,2021-11-02 10:58:31+00:00
4193,1288481277,8289,2021-11-02 04:55:01+00:00
4194,1288481277,8272,2021-11-01 19:19:01+00:00
4195,1288481277,8270,2021-11-01 18:16:15+00:00
4196,1288481277,8266,2021-11-01 17:38:24+00:00
4197,1288481277,8264,2021-11-01 17:11:41+00:00
4198,1288481277,8262,2021-11-01 16:49:20+00:00
4199,1288481277,8260,2021-11-01 15:26:28+00:00
4200,1288481277,8258,2021-11-01 15:10:21+00:00
4201,1288481277,8252,2021-11-01 12:00:09+00:00
4202,1288481277,8248,2021-11-01 10:32:53+00:00
4203,1288481277,8240,2021-10-31 18:39:28+00:00
4204,1288481277,8238,2021-10-31 15:31:48+00:00
4205,1288481277,8237,2021-10-31 15:12:37+00:00
4206,1288481277,8233,2021-10-31 09:30:44+00:00
4207,1288481277,8225,2021-10-30 16:32:24+00:00
4208,1288481277,8222,2021-10-30 14:59:03+00:00
4209,1288481277,8219,2021-10-30 12:32:14+00:00
4210,1288481277,8214,2021-10-30 09:50:19+00:00
4211,1288481277,8209,2021-10-29 21:55:26+00:00
4212,1288481277,8205,2021-10-29 17:23:08+00:00
4213,1288481277,8193,2021-10-29 11:27:55+00:00
4214,1288481277,8191,2021-10-29 10:10:01+00:00
4215,1288481277,8176,2021-10-28 16:40:27+00:00
4216,1288481277,8175,2021-10-28 16:01:06+00:00
4217,1288481277,8173,2021-10-28 15:07:06+00:00
4218,1288481277,8169,2021-10-28 13:00:13+00:00
4219,1288481277,8165,2021-10-28 11:00:51+00:00
4220,1288481277,8164,2021-10-28 10:36:32+00:00
4221,1288481277,8147,2021-10-27 18:00:06+00:00
4222,1288481277,8143,2021-10-27 16:27:11+00:00
4223,1288481277,8138,2021-10-27 13:57:13+00:00
4224,1288481277,8128,2021-10-27 09:47:40+00:00
4225,1288481277,8126,2021-10-27 09:40:11+00:00
4226,1288481277,8123,2021-10-27 08:03:06+00:00
4227,1288481277,8115,2021-10-26 20:09:17+00:00
4228,1288481277,8113,2021-10-26 19:00:38+00:00
4229,1288481277,8107,2021-10-26 16:21:43+00:00
4230,1288481277,8105,2021-10-26 15:26:17+00:00
4231,1288481277,8100,2021-10-26 12:23:30+00:00
4232,1288481277,8096,2021-10-26 10:57:49+00:00
4233,1288481277,8081,2021-10-26 05:49:07+00:00
4234,1288481277,8080,2021-10-26 05:05:36+00:00
4235,1288481277,8075,2021-10-25 22:24:30+00:00
4236,1288481277,8067,2021-10-25 14:01:11+00:00
4237,1288481277,8058,2021-10-25 09:30:06+00:00
4238,1288481277,8056,2021-10-25 08:30:15+00:00
4239,1288481277,8054,2021-10-25 07:26:23+00:00
4240,1288481277,8049,2021-10-24 19:00:14+00:00
4241,1288481277,8044,2021-10-24 14:12:38+00:00
4242,1288481277,8039,2021-10-24 11:04:21+00:00
4243,1288481277,8037,2021-10-24 10:06:26+00:00
4244,1288481277,8027,2021-10-23 21:21:37+00:00
4245,1288481277,8021,2021-10-23 15:42:06+00:00
4246,1288481277,8017,2021-10-23 11:50:18+00:00
4247,1288481277,8016,2021-10-23 10:08:31+00:00
4248,1288481277,8012,2021-10-23 07:30:14+00:00
4249,1288481277,8003,2021-10-22 15:01:19+00:00
4250,1288481277,7992,2021-10-22 12:20:59+00:00
4251,1288481277,7989,2021-10-22 11:50:58+00:00
4252,1288481277,7975,2021-10-22 10:02:16+00:00
4253,1288481277,7974,2021-10-22 09:50:09+00:00
4254,1288481277,7969,2021-10-22 07:19:45+00:00
4255,1288481277,7959,2021-10-21 17:46:51+00:00
4256,1288481277,7957,2021-10-21 17:20:32+00:00
4257,1288481277,7924,2021-10-21 05:12:11+00:00
4258,1288481277,7920,2021-10-20 20:07:50+00:00
4259,1288481277,7916,2021-10-20 18:52:30+00:00
4260,1288481277,7914,2021-10-20 18:24:12+00:00
4261,1288481277,7913,2021-10-20 17:27:10+00:00
4262,1288481277,7907,2021-10-20 13:54:40+00:00
4263,1288481277,7888,2021-10-20 11:16:57+00:00
4264,1288481277,7887,2021-10-20 10:57:32+00:00
4265,1288481277,7879,2021-10-20 08:10:13+00:00
4266,1288481277,7859,2021-10-19 12:08:35+00:00
4267,1288481277,7852,2021-10-19 10:04:34+00:00
4268,1288481277,7838,2021-10-18 18:41:18+00:00
4269,1288481277,7835,2021-10-18 17:41:05+00:00
4270,1288481277,7833,2021-10-18 17:29:03+00:00
4271,1288481277,7832,2021-10-18 17:25:29+00:00
4272,1288481277,7831,2021-10-18 16:52:16+00:00
4273,1288481277,7829,2021-10-18 16:40:51+00:00
4274,1288481277,7828,2021-10-18 16:02:14+00:00
4275,1288481277,7817,2021-10-18 10:23:14+00:00
4276,1288481277,7805,2021-10-18 05:19:34+00:00
4277,1288481277,7804,2021-10-17 18:42:25+00:00
4278,1288481277,7803,2021-10-17 18:07:26+00:00
4279,1288481277,7788,2021-10-17 00:39:02+00:00
4280,1288481277,7787,2021-10-16 20:27:43+00:00
4281,1288481277,7786,2021-10-16 19:01:06+00:00
4282,1288481277,7768,2021-10-15 15:30:19+00:00
4283,1288481277,7765,2021-10-15 14:45:51+00:00
4284,1288481277,7760,2021-10-15 11:33:02+00:00
4285,1288481277,7741,2021-10-14 15:01:00+00:00
4286,1288481277,7738,2021-10-14 13:28:10+00:00
4287,1288481277,7729,2021-10-14 06:44:05+00:00
4288,1288481277,7722,2021-10-13 18:22:09+00:00
4289,1288481277,7718,2021-10-13 14:29:56+00:00
4290,1288481277,7707,2021-10-13 13:06:33+00:00
4291,1288481277,7706,2021-10-13 12:44:56+00:00
4292,1288481277,7705,2021-10-13 12:11:59+00:00
4293,1288481277,7698,2021-10-13 09:08:52+00:00
4294,1288481277,7696,2021-10-13 07:59:20+00:00
4295,1288481277,7690,2021-10-13 00:24:26+00:00
4296,1288481277,7684,2021-10-12 15:50:26+00:00
4297,1288481277,7678,2021-10-12 12:35:17+00:00
4298,1288481277,7677,2021-10-12 12:10:18+00:00
4299,1288481277,7669,2021-10-12 08:59:04+00:00
4300,1288481277,7667,2021-10-12 08:12:08+00:00
4301,1288481277,7661,2021-10-11 23:50:44+00:00
4302,1288481277,7658,2021-10-11 18:26:48+00:00
4303,1288481277,7655,2021-10-11 16:18:02+00:00
4304,1288481277,7651,2021-10-11 13:17:38+00:00
4305,1288481277,7649,2021-10-11 10:46:25+00:00
4306,1288481277,7642,2021-10-11 08:08:44+00:00
4307,1288481277,7640,2021-10-11 07:14:31+00:00
4308,1288481277,7636,2021-10-10 18:50:52+00:00
4309,1288481277,7634,2021-10-10 16:06:28+00:00
4310,1288481277,7625,2021-10-10 10:46:23+00:00
4311,1288481277,7617,2021-10-09 20:39:31+00:00
4312,1288481277,7616,2021-10-09 19:00:35+00:00
4313,1288481277,7612,2021-10-09 18:34:53+00:00
4314,1288481277,7604,2021-10-09 10:53:59+00:00
4315,1288481277,7596,2021-10-08 22:25:20+00:00
4316,1288481277,7592,2021-10-08 18:55:55+00:00
4317,1288481277,7587,2021-10-08 16:13:59+00:00
4318,1288481277,7582,2021-10-08 13:13:22+00:00
4319,1288481277,7577,2021-10-08 10:12:15+00:00
4320,1288481277,7575,2021-10-08 08:24:09+00:00
4321,1288481277,7570,2021-10-08 07:50:58+00:00
4322,1288481277,7568,2021-10-07 19:55:50+00:00
4323,1288481277,7563,2021-10-07 17:34:26+00:00
4324,1288481277,7562,2021-10-07 17:22:47+00:00
4325,1288481277,7557,2021-10-07 10:00:12+00:00
4326,1288481277,7555,2021-10-07 09:01:16+00:00
4327,1288481277,7551,2021-10-07 07:15:34+00:00
4328,1288481277,7547,2021-10-06 20:19:38+00:00
4329,1288481277,7545,2021-10-06 18:30:29+00:00
4330,1288481277,7515,2021-10-05 16:51:58+00:00
4331,1288481277,7511,2021-10-05 15:00:18+00:00
4332,1288481277,7506,2021-10-05 11:34:03+00:00
4333,1288481277,7504,2021-10-05 11:21:31+00:00
4334,1288481277,7501,2021-10-05 09:48:00+00:00
4335,1288481277,7492,2021-10-05 06:26:51+00:00
4336,1288481277,7487,2021-10-05 00:14:42+00:00
4337,1288481277,7486,2021-10-04 23:43:37+00:00
4338,1288481277,7464,2021-10-04 19:24:15+00:00
4339,1288481277,7460,2021-10-04 19:05:40+00:00
4340,1288481277,7455,2021-10-04 18:38:16+00:00
4341,1288481277,7449,2021-10-04 16:56:25+00:00
4342,1288481277,7446,2021-10-04 16:23:00+00:00
4343,1288481277,7427,2021-10-04 10:50:00+00:00
4344,1288481277,7424,2021-10-04 09:20:08+00:00
4345,1288481277,7417,2021-10-04 07:33:27+00:00
4346,1288481277,7406,2021-10-03 14:51:51+00:00
4347,1288481277,7403,2021-10-03 13:45:18+00:00
4348,1288481277,7392,2021-10-02 15:03:52+00:00
4349,1288481277,7386,2021-10-02 09:28:40+00:00
4350,1288481277,7381,2021-10-02 07:04:33+00:00
4351,1288481277,7378,2021-10-01 17:52:59+00:00
4352,1288481277,7370,2021-10-01 12:26:48+00:00
4353,1288481277,7368,2021-10-01 11:31:06+00:00
4354,1288481277,7367,2021-10-01 10:31:11+00:00
4355,1288481277,7358,2021-10-01 08:08:56+00:00
4356,1288481277,7353,2021-09-30 19:59:31+00:00
4357,1288481277,7349,2021-09-30 17:05:13+00:00
4358,1288481277,7343,2021-09-30 12:25:28+00:00
4359,1288481277,7341,2021-09-30 11:17:36+00:00
4360,1288481277,7336,2021-09-30 07:52:51+00:00
4361,1288481277,7329,2021-09-29 19:02:40+00:00
4362,1288481277,7326,2021-09-29 18:13:35+00:00
4363,1288481277,7325,2021-09-29 17:21:42+00:00
4364,1288481277,7320,2021-09-29 15:09:02+00:00
4365,1288481277,7301,2021-09-28 19:29:26+00:00
4366,1288481277,7300,2021-09-28 18:44:54+00:00
4367,1288481277,7287,2021-09-28 12:07:22+00:00
4368,1288481277,7279,2021-09-28 10:31:39+00:00
4369,1288481277,7276,2021-09-28 09:00:27+00:00
4370,1288481277,7261,2021-09-27 14:50:09+00:00
4371,1288481277,7255,2021-09-27 13:00:35+00:00
4372,1288481277,7228,2021-09-26 12:01:11+00:00
4373,1288481277,7225,2021-09-26 09:38:18+00:00
4374,1288481277,7221,2021-09-26 09:17:37+00:00
4375,1288481277,7210,2021-09-25 14:00:08+00:00
4376,1288481277,7204,2021-09-25 13:00:24+00:00
4377,1288481277,7199,2021-09-25 11:45:49+00:00
4378,1288481277,7198,2021-09-25 11:37:59+00:00
4379,1288481277,7195,2021-09-25 10:51:28+00:00
4380,1288481277,7191,2021-09-25 09:31:35+00:00
4381,1288481277,7179,2021-09-24 18:00:26+00:00
4382,1288481277,7176,2021-09-24 16:08:01+00:00
4383,1288481277,7171,2021-09-24 13:05:41+00:00
4384,1288481277,7165,2021-09-24 10:28:40+00:00
4385,1288481277,7154,2021-09-24 07:02:20+00:00
4386,1288481277,7148,2021-09-23 18:46:47+00:00
4387,1288481277,7146,2021-09-23 17:40:07+00:00
4388,1288481277,7145,2021-09-23 17:34:10+00:00
4389,1288481277,7139,2021-09-23 12:15:10+00:00
4390,1288481277,7137,2021-09-23 11:25:44+00:00
4391,1288481277,7136,2021-09-23 11:10:10+00:00
4392,1288481277,7129,2021-09-23 07:35:06+00:00
4393,1288481277,7124,2021-09-23 06:38:49+00:00
4394,1288481277,7122,2021-09-23 00:55:20+00:00
4395,1288481277,7120,2021-09-22 23:23:19+00:00
4396,1288481277,7119,2021-09-22 22:45:49+00:00
4397,1288481277,7117,2021-09-22 18:10:15+00:00
4398,1288481277,7115,2021-09-22 17:01:06+00:00
4399,1288481277,7111,2021-09-22 15:26:14+00:00
4400,1288481277,7093,2021-09-22 09:00:31+00:00
4401,1288481277,7091,2021-09-22 08:24:27+00:00
4402,1288481277,7087,2021-09-22 07:28:10+00:00
4403,1288481277,7086,2021-09-22 06:59:05+00:00
4404,1288481277,7081,2021-09-21 21:00:16+00:00
4405,1288481277,7079,2021-09-21 19:38:26+00:00
4406,1288481277,7076,2021-09-21 18:37:57+00:00
4407,1288481277,7068,2021-09-21 13:10:52+00:00
4408,1288481277,7061,2021-09-21 09:00:16+00:00
4409,1288481277,7053,2021-09-20 19:49:48+00:00
4410,1288481277,7024,2021-09-20 09:14:42+00:00
4411,1288481277,7000,2021-09-19 14:18:15+00:00
4412,1288481277,6999,2021-09-19 13:55:12+00:00
4413,1288481277,6970,2021-09-18 13:24:54+00:00
4414,1288481277,6968,2021-09-18 11:59:10+00:00
4415,1288481277,6966,2021-09-18 11:21:19+00:00
4416,1288481277,6950,2021-09-17 14:55:13+00:00
4417,1288481277,6942,2021-09-17 09:30:06+00:00
4418,1288481277,6925,2021-09-16 10:00:59+00:00
4419,1288481277,6913,2021-09-15 19:00:13+00:00
4420,1288481277,6911,2021-09-15 17:49:31+00:00
4421,1288481277,6895,2021-09-15 08:03:11+00:00
4422,1288481277,6893,2021-09-15 06:13:22+00:00
4423,1288481277,6891,2021-09-14 18:06:09+00:00
4424,1288481277,6889,2021-09-14 16:09:26+00:00
4425,1288481277,6887,2021-09-14 15:04:55+00:00
4426,1288481277,6879,2021-09-14 10:39:50+00:00
4427,1288481277,6877,2021-09-14 09:26:56+00:00
4428,1288481277,6874,2021-09-14 07:20:53+00:00
4429,1288481277,6872,2021-09-14 07:04:17+00:00
4430,1288481277,6868,2021-09-13 21:22:00+00:00
4431,1288481277,6862,2021-09-13 15:25:12+00:00
4432,1288481277,6860,2021-09-13 14:28:51+00:00
4433,1288481277,6859,2021-09-13 14:17:51+00:00
4434,1288481277,6847,2021-09-13 07:39:33+00:00
4435,1288481277,6842,2021-09-12 18:25:14+00:00
4436,1288481277,6840,2021-09-12 16:25:32+00:00
4437,1288481277,6834,2021-09-12 09:44:04+00:00
4438,1288481277,6833,2021-09-12 09:26:05+00:00
4439,1288481277,6830,2021-09-12 07:53:37+00:00
4440,1288481277,6827,2021-09-11 18:16:26+00:00
4441,1288481277,6825,2021-09-11 15:50:48+00:00
4442,1288481277,6821,2021-09-11 11:58:49+00:00
4443,1288481277,6813,2021-09-11 07:40:11+00:00
4444,1288481277,6810,2021-09-11 05:40:43+00:00
4445,1288481277,6806,2021-09-10 18:35:12+00:00
4446,1288481277,6790,2021-09-10 09:01:06+00:00
4447,1288481277,6775,2021-09-09 15:04:22+00:00
4448,1288481277,6774,2021-09-09 13:44:32+00:00
4449,1288481277,6773,2021-09-09 12:03:13+00:00
4450,1288481277,6766,2021-09-09 08:00:10+00:00
4451,1288481277,6764,2021-09-09 07:07:32+00:00
4452,1288481277,6759,2021-09-08 19:50:17+00:00
4453,1288481277,6751,2021-09-08 12:20:06+00:00
4454,1288481277,6734,2021-09-08 05:36:46+00:00
4455,1288481277,6732,2021-09-08 05:09:13+00:00
4456,1288481277,6729,2021-09-07 17:00:13+00:00
4457,1288481277,6721,2021-09-07 12:24:56+00:00
4458,1288481277,6718,2021-09-07 10:32:18+00:00
4459,1288481277,6709,2021-09-06 13:30:10+00:00
4460,1288481277,6689,2021-09-05 19:01:26+00:00
4461,1288481277,6686,2021-09-05 15:56:41+00:00
4462,1288481277,6684,2021-09-05 14:26:11+00:00
4463,1288481277,6680,2021-09-05 09:15:57+00:00
4464,1288481277,6675,2021-09-04 18:59:26+00:00
4465,1288481277,6673,2021-09-04 16:55:05+00:00
4466,1288481277,6670,2021-09-04 12:47:38+00:00
4467,1288481277,6663,2021-09-03 21:40:20+00:00
4468,1288481277,6654,2021-09-03 12:27:59+00:00
4469,1288481277,6643,2021-09-03 08:00:59+00:00
4470,1288481277,6632,2021-09-02 15:25:17+00:00
4471,1288481277,6631,2021-09-02 14:25:30+00:00
4472,1288481277,6625,2021-09-02 10:05:04+00:00
4473,1288481277,6623,2021-09-02 09:00:21+00:00
4474,1288481277,6615,2021-09-01 17:26:42+00:00
4475,1288481277,6614,2021-09-01 16:26:47+00:00
4476,1288481277,6613,2021-09-01 15:40:11+00:00
4477,1288481277,6603,2021-08-31 22:49:12+00:00
4478,1288481277,6599,2021-08-31 17:01:22+00:00
4479,1288481277,6597,2021-08-31 15:18:11+00:00
4480,1288481277,6588,2021-08-31 12:24:39+00:00
4481,1288481277,6577,2021-08-30 14:30:11+00:00
4482,1288481277,6576,2021-08-30 13:20:53+00:00
4483,1288481277,6575,2021-08-30 13:11:16+00:00
4484,1288481277,6569,2021-08-30 10:16:33+00:00
4485,1288481277,6559,2021-08-29 12:40:44+00:00
4486,1288481277,6558,2021-08-29 11:38:49+00:00
4487,1288481277,6556,2021-08-29 08:45:58+00:00
4488,1288481277,6551,2021-08-28 14:37:50+00:00
4489,1288481277,6549,2021-08-28 11:21:27+00:00
4490,1288481277,6544,2021-08-28 08:18:15+00:00
4491,1288481277,6538,2021-08-27 12:27:36+00:00
4492,1288481277,6536,2021-08-27 10:20:10+00:00
4493,1288481277,6535,2021-08-27 10:00:17+00:00
4494,1288481277,6534,2021-08-27 09:10:14+00:00
4495,1288481277,6532,2021-08-27 08:00:20+00:00
4496,1288481277,6530,2021-08-27 07:34:40+00:00
4497,1288481277,6525,2021-08-26 16:21:22+00:00
4498,1288481277,6509,2021-08-25 19:05:38+00:00
4499,1288481277,6507,2021-08-25 16:40:17+00:00
4500,1288481277,6504,2021-08-25 13:33:05+00:00
4501,1288481277,6498,2021-08-25 10:30:19+00:00
4502,1288481277,6492,2021-08-25 07:02:16+00:00
4503,1288481277,6484,2021-08-24 13:50:10+00:00
4504,1288481277,6475,2021-08-24 09:30:30+00:00
4505,1288481277,6474,2021-08-24 09:01:16+00:00
4506,1288481277,6467,2021-08-23 18:00:15+00:00
4507,1288481277,6466,2021-08-23 17:00:22+00:00
4508,1288481277,6465,2021-08-23 15:29:29+00:00
4509,1288481277,6455,2021-08-23 08:00:52+00:00
4510,1288481277,6454,2021-08-23 07:29:24+00:00
4511,1288481277,6451,2021-08-22 18:47:02+00:00
4512,1288481277,6446,2021-08-22 17:20:11+00:00
4513,1288481277,6444,2021-08-22 14:24:23+00:00
4514,1288481277,6441,2021-08-22 13:25:10+00:00
4515,1288481277,6435,2021-08-22 09:38:06+00:00
4516,1288481277,6433,2021-08-22 09:00:09+00:00
4517,1288481277,6424,2021-08-21 12:47:51+00:00
4518,1288481277,6420,2021-08-21 08:20:51+00:00
4519,1288481277,6411,2021-08-20 14:18:05+00:00
4520,1288481277,6407,2021-08-20 13:18:24+00:00
4521,1288481277,6403,2021-08-20 11:00:06+00:00
4522,1288481277,6395,2021-08-19 18:00:14+00:00
4523,1288481277,6393,2021-08-19 16:12:06+00:00
4524,1288481277,6392,2021-08-19 14:43:03+00:00
4525,1288481277,6387,2021-08-19 13:01:06+00:00
4526,1288481277,6386,2021-08-19 12:32:00+00:00
4527,1288481277,6385,2021-08-19 11:38:46+00:00
4528,1288481277,6382,2021-08-19 10:41:41+00:00
4529,1288481277,6381,2021-08-19 10:02:06+00:00
4530,1288481277,6380,2021-08-19 09:02:22+00:00
4531,1288481277,6377,2021-08-19 08:05:12+00:00
4532,1288481277,6375,2021-08-19 07:28:16+00:00
4533,1288481277,6372,2021-08-18 18:25:11+00:00
4534,1288481277,6368,2021-08-18 17:01:45+00:00
4535,1288481277,6366,2021-08-18 15:28:35+00:00
4536,1288481277,6361,2021-08-18 15:10:44+00:00
4537,1288481277,6356,2021-08-18 15:00:12+00:00
4538,1288481277,6355,2021-08-18 14:00:16+00:00
4539,1288481277,6350,2021-08-18 09:25:11+00:00
4540,1288481277,6348,2021-08-18 09:00:05+00:00
4541,1288481277,6336,2021-08-17 18:36:50+00:00
4542,1288481277,6335,2021-08-17 18:30:26+00:00
4543,1288481277,6325,2021-08-17 11:58:28+00:00
4544,1288481277,6316,2021-08-17 09:06:21+00:00
4545,1288481277,6315,2021-08-17 08:07:06+00:00
4546,1288481277,6310,2021-08-16 18:45:07+00:00
4547,1288481277,6309,2021-08-16 17:30:10+00:00
4548,1288481277,6308,2021-08-16 16:25:30+00:00
4549,1288481277,6299,2021-08-16 11:47:21+00:00
4550,1288481277,6298,2021-08-16 10:08:50+00:00
4551,1288481277,6292,2021-08-16 06:55:12+00:00
4552,1288481277,6289,2021-08-15 17:30:52+00:00
4553,1288481277,6283,2021-08-15 12:38:30+00:00
4554,1288481277,6275,2021-08-14 19:00:43+00:00
4555,1288481277,6273,2021-08-14 16:07:10+00:00
4556,1288481277,6272,2021-08-14 13:19:02+00:00
4557,1288481277,6264,2021-08-14 09:04:29+00:00
4558,1288481277,6259,2021-08-13 15:00:06+00:00
4559,1288481277,6257,2021-08-13 13:09:00+00:00
4560,1288481277,6253,2021-08-13 10:45:49+00:00
4561,1288481277,6250,2021-08-13 09:23:06+00:00
4562,1288481277,6241,2021-08-12 16:31:43+00:00
4563,1288481277,6240,2021-08-12 14:53:59+00:00
4564,1288481277,6236,2021-08-12 11:02:19+00:00
4565,1288481277,6227,2021-08-11 21:42:34+00:00
4566,1288481277,6222,2021-08-11 16:47:12+00:00
4567,1288481277,6220,2021-08-11 14:43:08+00:00
4568,1288481277,6213,2021-08-11 10:36:55+00:00
4569,1288481277,6208,2021-08-11 08:20:18+00:00
4570,1288481277,6205,2021-08-11 07:17:25+00:00
4571,1288481277,6199,2021-08-10 15:13:26+00:00
4572,1288481277,6196,2021-08-10 13:04:29+00:00
4573,1288481277,6190,2021-08-10 08:35:05+00:00
4574,1288481277,6186,2021-08-10 06:09:16+00:00
4575,1288481277,6185,2021-08-10 05:12:08+00:00
4576,1288481277,6180,2021-08-09 16:29:18+00:00
4577,1288481277,6178,2021-08-09 13:18:04+00:00
4578,1288481277,6172,2021-08-09 12:16:34+00:00
4579,1288481277,6167,2021-08-09 09:02:43+00:00
4580,1288481277,6164,2021-08-09 06:30:57+00:00
4581,1288481277,6161,2021-08-08 21:29:18+00:00
4582,1288481277,6155,2021-08-08 14:04:05+00:00
4583,1288481277,6153,2021-08-08 12:45:44+00:00
4584,1288481277,6142,2021-08-07 19:12:01+00:00
4585,1288481277,6140,2021-08-07 17:21:50+00:00
4586,1288481277,6136,2021-08-07 15:25:58+00:00
4587,1288481277,6123,2021-08-06 18:37:27+00:00
4588,1288481277,6121,2021-08-06 16:10:14+00:00
4589,1288481277,6118,2021-08-06 14:24:13+00:00
4590,1288481277,6114,2021-08-06 11:43:46+00:00
4591,1288481277,6113,2021-08-06 11:17:33+00:00
4592,1288481277,6103,2021-08-06 07:00:16+00:00
4593,1288481277,6101,2021-08-05 19:01:12+00:00
4594,1288481277,6100,2021-08-05 18:11:01+00:00
4595,1288481277,6098,2021-08-05 16:44:25+00:00
4596,1288481277,6088,2021-08-05 12:06:08+00:00
4597,1288481277,6084,2021-08-05 10:09:41+00:00
4598,1288481277,6067,2021-08-04 15:50:05+00:00
4599,1288481277,6063,2021-08-04 12:23:37+00:00
4600,1288481277,6057,2021-08-04 09:47:00+00:00
4601,1288481277,6056,2021-08-04 08:34:50+00:00
4602,1288481277,6054,2021-08-04 06:38:32+00:00
4603,1288481277,6052,2021-08-04 06:31:08+00:00
4604,1288481277,6050,2021-08-03 19:00:23+00:00
4605,1288481277,6046,2021-08-03 16:35:18+00:00
4606,1288481277,6045,2021-08-03 15:35:18+00:00
4607,1288481277,6041,2021-08-03 13:23:46+00:00
4608,1288481277,6040,2021-08-03 12:34:07+00:00
4609,1288481277,6032,2021-08-03 08:00:17+00:00
4610,1288481277,6029,2021-08-03 07:20:16+00:00
4611,1288481277,6018,2021-08-02 20:20:16+00:00
4612,1288481277,6010,2021-08-02 19:18:14+00:00
4613,1288481277,6009,2021-08-02 19:10:34+00:00
4614,1288481277,6008,2021-08-02 19:00:12+00:00
4615,1288481277,6007,2021-08-02 17:58:44+00:00
4616,1288481277,6005,2021-08-02 16:00:25+00:00
4617,1288481277,5997,2021-08-02 09:47:14+00:00
4618,1288481277,5985,2021-08-01 15:41:00+00:00
4619,1288481277,5974,2021-07-31 20:01:16+00:00
4620,1288481277,5969,2021-07-31 16:28:05+00:00
4621,1288481277,5960,2021-07-31 07:24:48+00:00
4622,1288481277,5954,2021-07-30 18:24:15+00:00
4623,1288481277,5953,2021-07-30 17:40:43+00:00
4624,1288481277,5949,2021-07-30 15:47:13+00:00
4625,1288481277,5948,2021-07-30 14:57:09+00:00
4626,1288481277,5945,2021-07-30 11:45:14+00:00
4627,1288481277,5938,2021-07-30 09:00:31+00:00
4628,1288481277,5933,2021-07-30 08:39:49+00:00
4629,1288481277,5925,2021-07-30 01:56:39+00:00
4630,1288481277,5912,2021-07-29 14:01:13+00:00
4631,1288481277,5902,2021-07-29 07:40:53+00:00
4632,1288481277,5899,2021-07-28 20:17:27+00:00
4633,1288481277,5897,2021-07-28 17:37:19+00:00
4634,1288481277,5896,2021-07-28 17:26:47+00:00
4635,1288481277,5892,2021-07-28 15:04:08+00:00
4636,1288481277,5891,2021-07-28 14:03:42+00:00
4637,1288481277,5883,2021-07-28 09:00:33+00:00
4638,1288481277,5879,2021-07-28 07:46:04+00:00
4639,1288481277,5872,2021-07-27 16:40:18+00:00
4640,1288481277,5868,2021-07-27 15:02:54+00:00
4641,1288481277,5858,2021-07-27 09:00:47+00:00
4642,1288481277,5854,2021-07-27 07:03:42+00:00
4643,1288481277,5848,2021-07-26 19:13:41+00:00
4644,1288481277,5842,2021-07-26 16:13:56+00:00
4645,1288481277,5841,2021-07-26 16:00:09+00:00
4646,1288481277,5839,2021-07-26 14:00:22+00:00
4647,1288481277,5821,2021-07-26 06:41:34+00:00
4648,1288481277,5819,2021-07-25 18:00:10+00:00
4649,1288481277,5818,2021-07-25 17:30:12+00:00
4650,1288481277,5813,2021-07-25 11:58:39+00:00
4651,1288481277,5810,2021-07-25 09:50:09+00:00
4652,1288481277,5805,2021-07-25 08:28:17+00:00
4653,1288481277,5804,2021-07-25 07:56:45+00:00
4654,1288481277,5796,2021-07-24 10:56:58+00:00
4655,1288481277,5795,2021-07-24 10:34:15+00:00
4656,1288481277,5779,2021-07-23 12:04:21+00:00
4657,1288481277,5777,2021-07-23 10:47:25+00:00
4658,1288481277,5774,2021-07-23 10:32:38+00:00
4659,1288481277,5771,2021-07-23 08:51:50+00:00
4660,1288481277,5766,2021-07-23 07:48:34+00:00
4661,1288481277,5763,2021-07-22 20:29:39+00:00
4662,1288481277,5760,2021-07-22 17:44:00+00:00
4663,1288481277,5754,2021-07-22 14:19:11+00:00
4664,1288481277,5750,2021-07-22 12:23:30+00:00
4665,1288481277,5748,2021-07-22 10:58:52+00:00
4666,1288481277,5745,2021-07-22 09:30:23+00:00
4667,1288481277,5743,2021-07-22 08:49:46+00:00
4668,1288481277,5736,2021-07-22 07:23:02+00:00
4669,1288481277,5733,2021-07-22 06:13:28+00:00
4670,1288481277,5729,2021-07-21 17:52:37+00:00
4671,1288481277,5722,2021-07-21 14:12:30+00:00
4672,1288481277,5712,2021-07-21 12:15:05+00:00
4673,1288481277,5711,2021-07-21 11:55:28+00:00
4674,1288481277,5710,2021-07-21 10:52:08+00:00
4675,1288481277,5708,2021-07-21 09:00:09+00:00
4676,1288481277,5704,2021-07-21 07:28:32+00:00
4677,1288481277,5701,2021-07-20 19:59:00+00:00
4678,1288481277,5699,2021-07-20 19:00:24+00:00
4679,1288481277,5697,2021-07-20 17:19:55+00:00
4680,1288481277,5688,2021-07-20 11:59:09+00:00
4681,1288481277,5683,2021-07-20 10:12:14+00:00
4682,1288481277,5677,2021-07-20 06:44:10+00:00
4683,1288481277,5671,2021-07-19 20:00:09+00:00
4684,1288481277,5666,2021-07-19 17:13:55+00:00
4685,1288481277,5665,2021-07-19 16:25:30+00:00
4686,1288481277,5662,2021-07-19 16:02:17+00:00
4687,1288481277,5659,2021-07-19 14:00:17+00:00
4688,1288481277,5647,2021-07-19 09:01:26+00:00
4689,1288481277,5646,2021-07-19 09:00:06+00:00
4690,1288481277,5633,2021-07-18 15:27:49+00:00
4691,1288481277,5630,2021-07-18 13:15:43+00:00
4692,1288481277,5627,2021-07-18 11:48:56+00:00
4693,1288481277,5624,2021-07-18 10:52:25+00:00
4694,1288481277,5615,2021-07-18 08:00:19+00:00
4695,1288481277,5613,2021-07-18 06:46:40+00:00
4696,1288481277,5612,2021-07-17 21:47:06+00:00
4697,1288481277,5603,2021-07-17 14:30:06+00:00
4698,1288481277,5594,2021-07-17 09:03:06+00:00
4699,1288481277,5589,2021-07-16 22:33:37+00:00
4700,1288481277,5588,2021-07-16 22:29:13+00:00
4701,1288481277,5582,2021-07-16 19:00:46+00:00
4702,1288481277,5581,2021-07-16 18:30:10+00:00
4703,1288481277,5576,2021-07-16 17:00:10+00:00
4704,1288481277,5572,2021-07-16 15:31:43+00:00
4705,1288481277,5563,2021-07-16 13:35:16+00:00
4706,1288481277,5561,2021-07-16 12:30:21+00:00
4707,1288481277,5560,2021-07-16 11:33:06+00:00
4708,1288481277,5537,2021-07-15 21:17:00+00:00
4709,1288481277,5534,2021-07-15 18:49:18+00:00
4710,1288481277,5528,2021-07-15 14:38:29+00:00
4711,1288481277,5527,2021-07-15 13:39:57+00:00
4712,1288481277,5518,2021-07-15 11:53:50+00:00
4713,1288481277,5514,2021-07-15 11:01:06+00:00
4714,1288481277,5510,2021-07-15 08:55:33+00:00
4715,1288481277,5503,2021-07-15 06:48:30+00:00
4716,1288481277,5493,2021-07-14 17:00:18+00:00
4717,1288481277,5488,2021-07-14 14:18:34+00:00
4718,1288481277,5473,2021-07-14 09:43:06+00:00
4719,1288481277,5470,2021-07-14 08:17:44+00:00
4720,1288481277,5451,2021-07-13 13:30:20+00:00
4721,1288481277,5450,2021-07-13 13:17:18+00:00
4722,1288481277,5445,2021-07-13 11:10:09+00:00
4723,1288481277,5439,2021-07-13 08:27:41+00:00
4724,1288481277,5437,2021-07-13 07:40:43+00:00
4725,1288481277,5432,2021-07-13 05:16:13+00:00
4726,1288481277,5430,2021-07-12 21:45:50+00:00
4727,1288481277,5421,2021-07-12 15:08:01+00:00
4728,1288481277,5417,2021-07-12 14:04:40+00:00
4729,1288481277,5412,2021-07-12 12:04:44+00:00
4730,1288481277,5404,2021-07-12 09:32:35+00:00
4731,1288481277,5394,2021-07-12 05:03:13+00:00
4732,1288481277,5380,2021-07-11 07:11:48+00:00
4733,1288481277,5375,2021-07-10 21:40:34+00:00
4734,1288481277,5367,2021-07-10 13:04:38+00:00
4735,1288481277,5366,2021-07-10 12:19:01+00:00
4736,1288481277,5365,2021-07-10 11:49:51+00:00
4737,1288481277,5359,2021-07-10 09:25:54+00:00
4738,1288481277,5357,2021-07-10 08:35:38+00:00
4739,1288481277,5340,2021-07-09 16:50:08+00:00
4740,1288481277,5338,2021-07-09 14:30:15+00:00
4741,1288481277,5337,2021-07-09 14:21:38+00:00
4742,1288481277,5334,2021-07-09 13:13:31+00:00
4743,1288481277,5333,2021-07-09 12:35:21+00:00
4744,1288481277,5318,2021-07-08 18:00:13+00:00
4745,1288481277,5316,2021-07-08 15:40:44+00:00
4746,1288481277,5310,2021-07-08 13:38:56+00:00
4747,1288481277,5309,2021-07-08 13:36:41+00:00
4748,1288481277,5304,2021-07-08 12:45:05+00:00
4749,1288481277,5300,2021-07-08 12:07:06+00:00
4750,1288481277,5299,2021-07-08 11:07:11+00:00
4751,1288481277,5295,2021-07-08 09:31:12+00:00
4752,1288481277,5290,2021-07-08 08:00:12+00:00
4753,1288481277,5281,2021-07-07 19:18:59+00:00
4754,1288481277,5280,2021-07-07 18:28:30+00:00
4755,1288481277,5278,2021-07-07 15:39:14+00:00
4756,1288481277,5272,2021-07-07 13:22:39+00:00
4757,1288481277,5266,2021-07-07 11:03:14+00:00
4758,1288481277,5258,2021-07-07 09:15:14+00:00
4759,1288481277,5255,2021-07-07 07:59:12+00:00
4760,1288481277,5208,2021-07-06 04:26:54+00:00
4761,1288481277,5202,2021-07-05 16:26:46+00:00
4762,1260622817,23645,2021-11-30 12:30:23+00:00
4763,1260622817,23636,2021-11-30 08:47:32+00:00
4764,1260622817,23635,2021-11-30 07:17:34+00:00
4765,1260622817,23628,2021-11-29 16:33:00+00:00
4766,1260622817,23623,2021-11-29 14:40:00+00:00
4767,1260622817,23621,2021-11-29 13:41:58+00:00
4768,1260622817,23618,2021-11-29 12:40:05+00:00
4769,1260622817,23617,2021-11-29 12:13:44+00:00
4770,1260622817,23615,2021-11-29 11:01:42+00:00
4771,1260622817,23614,2021-11-29 10:15:22+00:00
4772,1260622817,23602,2021-11-28 17:29:00+00:00
4773,1260622817,23596,2021-11-28 12:54:27+00:00
4774,1260622817,23595,2021-11-28 12:10:03+00:00
4775,1260622817,23590,2021-11-28 10:01:01+00:00
4776,1260622817,23589,2021-11-28 09:35:07+00:00
4777,1260622817,23583,2021-11-28 06:09:57+00:00
4778,1260622817,23577,2021-11-27 13:54:12+00:00
4779,1260622817,23570,2021-11-27 08:02:21+00:00
4780,1260622817,23567,2021-11-26 18:54:00+00:00
4781,1260622817,23565,2021-11-26 18:02:30+00:00
4782,1260622817,23560,2021-11-26 15:39:00+00:00
4783,1260622817,23559,2021-11-26 15:20:00+00:00
4784,1260622817,23553,2021-11-26 12:34:24+00:00
4785,1260622817,23552,2021-11-26 11:56:00+00:00
4786,1260622817,23549,2021-11-26 10:23:32+00:00
4787,1260622817,23548,2021-11-26 09:44:13+00:00
4788,1260622817,23547,2021-11-26 09:25:57+00:00
4789,1260622817,23541,2021-11-26 07:35:13+00:00
4790,1260622817,23539,2021-11-26 06:11:53+00:00
4791,1260622817,23536,2021-11-25 19:08:53+00:00
4792,1260622817,23534,2021-11-25 17:31:17+00:00
4793,1260622817,23526,2021-11-25 14:58:42+00:00
4794,1260622817,23519,2021-11-25 12:35:28+00:00
4795,1260622817,23518,2021-11-25 12:16:27+00:00
4796,1260622817,23509,2021-11-25 09:21:09+00:00
4797,1260622817,23508,2021-11-25 09:09:10+00:00
4798,1260622817,23501,2021-11-25 05:53:15+00:00
4799,1260622817,23493,2021-11-24 16:28:06+00:00
4800,1260622817,23489,2021-11-24 14:40:00+00:00
4801,1260622817,23488,2021-11-24 14:29:16+00:00
4802,1260622817,23484,2021-11-24 12:46:53+00:00
4803,1260622817,23483,2021-11-24 12:17:08+00:00
4804,1260622817,23474,2021-11-24 07:05:08+00:00
4805,1260622817,23469,2021-11-23 17:15:31+00:00
4806,1260622817,23465,2021-11-23 14:39:26+00:00
4807,1260622817,23462,2021-11-23 14:02:30+00:00
4808,1260622817,23458,2021-11-23 13:09:13+00:00
4809,1260622817,23452,2021-11-23 11:02:50+00:00
4810,1260622817,23451,2021-11-23 10:31:44+00:00
4811,1260622817,23448,2021-11-23 08:55:04+00:00
4812,1260622817,23446,2021-11-23 07:35:01+00:00
4813,1260622817,23437,2021-11-22 16:03:12+00:00
4814,1260622817,23436,2021-11-22 15:55:09+00:00
4815,1260622817,23435,2021-11-22 14:36:13+00:00
4816,1260622817,23431,2021-11-22 13:12:01+00:00
4817,1260622817,23429,2021-11-22 12:52:01+00:00
4818,1260622817,23413,2021-11-21 15:59:42+00:00
4819,1260622817,23410,2021-11-21 14:05:01+00:00
4820,1260622817,23409,2021-11-21 12:50:05+00:00
4821,1260622817,23408,2021-11-21 12:07:52+00:00
4822,1260622817,23399,2021-11-20 18:16:16+00:00
4823,1260622817,23398,2021-11-20 17:05:00+00:00
4824,1260622817,23397,2021-11-20 16:38:30+00:00
4825,1260622817,23392,2021-11-20 13:20:08+00:00
4826,1260622817,23390,2021-11-20 12:49:01+00:00
4827,1260622817,23389,2021-11-20 12:35:21+00:00
4828,1260622817,23383,2021-11-20 07:29:48+00:00
4829,1260622817,23382,2021-11-20 06:44:31+00:00
4830,1260622817,23381,2021-11-20 05:55:22+00:00
4831,1260622817,23378,2021-11-19 20:42:26+00:00
4832,1260622817,23377,2021-11-19 19:10:32+00:00
4833,1260622817,23375,2021-11-19 17:35:11+00:00
4834,1260622817,23374,2021-11-19 16:32:48+00:00
4835,1260622817,23373,2021-11-19 14:56:59+00:00
4836,1260622817,23370,2021-11-19 13:39:57+00:00
4837,1260622817,23365,2021-11-19 11:39:28+00:00
4838,1260622817,23363,2021-11-19 10:55:37+00:00
4839,1260622817,23346,2021-11-18 15:05:11+00:00
4840,1260622817,23343,2021-11-18 12:11:04+00:00
4841,1260622817,23341,2021-11-18 11:18:39+00:00
4842,1260622817,23340,2021-11-18 10:52:05+00:00
4843,1260622817,23339,2021-11-18 10:29:08+00:00
4844,1260622817,23328,2021-11-17 16:52:13+00:00
4845,1260622817,23324,2021-11-17 15:05:33+00:00
4846,1260622817,23321,2021-11-17 14:04:38+00:00
4847,1260622817,23318,2021-11-17 13:25:00+00:00
4848,1260622817,23316,2021-11-17 12:35:03+00:00
4849,1260622817,23314,2021-11-17 11:04:49+00:00
4850,1260622817,23307,2021-11-17 09:25:00+00:00
4851,1260622817,23304,2021-11-17 07:25:56+00:00
4852,1260622817,23301,2021-11-16 18:05:11+00:00
4853,1260622817,23298,2021-11-16 16:40:12+00:00
4854,1260622817,23290,2021-11-16 11:00:39+00:00
4855,1260622817,23289,2021-11-16 10:55:14+00:00
4856,1260622817,23283,2021-11-16 09:10:45+00:00
4857,1260622817,23278,2021-11-16 07:33:41+00:00
4858,1260622817,23275,2021-11-15 18:37:56+00:00
4859,1260622817,23270,2021-11-15 16:04:38+00:00
4860,1260622817,23268,2021-11-15 14:10:00+00:00
4861,1260622817,23267,2021-11-15 13:55:31+00:00
4862,1260622817,23264,2021-11-15 13:09:10+00:00
4863,1260622817,23263,2021-11-15 12:51:17+00:00
4864,1260622817,23261,2021-11-15 12:15:15+00:00
4865,1260622817,23258,2021-11-15 10:09:00+00:00
4866,1260622817,23256,2021-11-15 09:34:00+00:00
4867,1260622817,23253,2021-11-15 08:25:00+00:00
4868,1260622817,23252,2021-11-15 08:07:11+00:00
4869,1260622817,23247,2021-11-14 20:35:38+00:00
4870,1260622817,23242,2021-11-14 17:05:11+00:00
4871,1260622817,23241,2021-11-14 16:35:00+00:00
4872,1260622817,23231,2021-11-14 11:14:06+00:00
4873,1260622817,23230,2021-11-14 10:46:58+00:00
4874,1260622817,23227,2021-11-14 08:44:01+00:00
4875,1260622817,23217,2021-11-13 14:07:16+00:00
4876,1260622817,23212,2021-11-13 08:44:47+00:00
4877,1260622817,23206,2021-11-12 16:29:24+00:00
4878,1260622817,23199,2021-11-12 14:23:50+00:00
4879,1260622817,23196,2021-11-12 13:45:37+00:00
4880,1260622817,23194,2021-11-12 13:12:10+00:00
4881,1260622817,23189,2021-11-12 11:08:24+00:00
4882,1260622817,23188,2021-11-12 10:57:12+00:00
4883,1260622817,23187,2021-11-12 10:32:14+00:00
4884,1260622817,23180,2021-11-12 07:08:08+00:00
4885,1260622817,23178,2021-11-12 06:12:45+00:00
4886,1260622817,23177,2021-11-12 05:55:03+00:00
4887,1260622817,23167,2021-11-11 14:17:15+00:00
4888,1260622817,23163,2021-11-11 13:00:18+00:00
4889,1260622817,23153,2021-11-11 07:04:12+00:00
4890,1260622817,23143,2021-11-10 13:48:12+00:00
4891,1260622817,23141,2021-11-10 13:25:15+00:00
4892,1260622817,23137,2021-11-10 10:57:57+00:00
4893,1260622817,23136,2021-11-10 10:38:50+00:00
4894,1260622817,23135,2021-11-10 10:02:30+00:00
4895,1260622817,23126,2021-11-09 16:43:21+00:00
4896,1260622817,23125,2021-11-09 16:02:39+00:00
4897,1260622817,23118,2021-11-09 11:54:25+00:00
4898,1260622817,23111,2021-11-09 08:37:42+00:00
4899,1260622817,23104,2021-11-08 17:15:00+00:00
4900,1260622817,23101,2021-11-08 15:37:12+00:00
4901,1260622817,23100,2021-11-08 13:59:09+00:00
4902,1260622817,23096,2021-11-08 11:19:42+00:00
4903,1260622817,23095,2021-11-08 10:30:39+00:00
4904,1260622817,23089,2021-11-08 07:46:31+00:00
4905,1260622817,23087,2021-11-08 07:06:28+00:00
4906,1260622817,23082,2021-11-07 14:36:18+00:00
4907,1260622817,23079,2021-11-07 13:42:43+00:00
4908,1260622817,23077,2021-11-07 12:18:06+00:00
4909,1260622817,23076,2021-11-07 11:46:06+00:00
4910,1260622817,23075,2021-11-07 09:57:28+00:00
4911,1260622817,23060,2021-11-06 07:38:04+00:00
4912,1260622817,23054,2021-11-05 18:41:09+00:00
4913,1260622817,23052,2021-11-05 17:53:17+00:00
4914,1260622817,23049,2021-11-05 16:29:56+00:00
4915,1260622817,23046,2021-11-05 15:05:18+00:00
4916,1260622817,23045,2021-11-05 13:49:15+00:00
4917,1260622817,23042,2021-11-05 11:14:40+00:00
4918,1260622817,23038,2021-11-05 10:15:28+00:00
4919,1260622817,23037,2021-11-05 10:06:40+00:00
4920,1260622817,23031,2021-11-05 07:53:15+00:00
4921,1260622817,23026,2021-11-04 16:40:17+00:00
4922,1260622817,23023,2021-11-04 15:23:56+00:00
4923,1260622817,23018,2021-11-04 12:17:41+00:00
4924,1260622817,23017,2021-11-04 12:03:42+00:00
4925,1260622817,23008,2021-11-03 18:03:34+00:00
4926,1260622817,23005,2021-11-03 15:59:59+00:00
4927,1260622817,22998,2021-11-03 11:48:57+00:00
4928,1260622817,22991,2021-11-03 08:07:05+00:00
4929,1260622817,22990,2021-11-03 07:08:16+00:00
4930,1260622817,22983,2021-11-02 15:01:59+00:00
4931,1260622817,22977,2021-11-02 12:11:50+00:00
4932,1260622817,22976,2021-11-02 11:45:20+00:00
4933,1260622817,22972,2021-11-02 07:55:28+00:00
4934,1260622817,22969,2021-11-02 06:56:44+00:00
4935,1260622817,22955,2021-11-01 15:51:52+00:00
4936,1260622817,22950,2021-11-01 12:18:38+00:00
4937,1260622817,22947,2021-11-01 10:35:48+00:00
4938,1260622817,22945,2021-11-01 09:06:53+00:00
4939,1260622817,22942,2021-11-01 07:54:05+00:00
4940,1260622817,22939,2021-10-31 17:11:32+00:00
4941,1260622817,22930,2021-10-31 10:47:01+00:00
4942,1260622817,22928,2021-10-31 09:15:44+00:00
4943,1260622817,22927,2021-10-31 08:18:36+00:00
4944,1260622817,22924,2021-10-30 18:10:26+00:00
4945,1260622817,22921,2021-10-30 16:17:30+00:00
4946,1260622817,22919,2021-10-30 15:25:46+00:00
4947,1260622817,22917,2021-10-30 13:48:17+00:00
4948,1260622817,22913,2021-10-30 10:06:29+00:00
4949,1260622817,22904,2021-10-29 15:42:00+00:00
4950,1260622817,22903,2021-10-29 15:10:58+00:00
4951,1260622817,22902,2021-10-29 14:39:22+00:00
4952,1260622817,22901,2021-10-29 14:04:59+00:00
4953,1260622817,22900,2021-10-29 13:47:02+00:00
4954,1260622817,22899,2021-10-29 11:54:13+00:00
4955,1260622817,22892,2021-10-29 09:05:12+00:00
4956,1260622817,22879,2021-10-28 18:45:06+00:00
4957,1260622817,22876,2021-10-28 16:46:57+00:00
4958,1260622817,22875,2021-10-28 16:34:59+00:00
4959,1260622817,22867,2021-10-28 10:17:34+00:00
4960,1260622817,22866,2021-10-28 09:57:07+00:00
4961,1260622817,22864,2021-10-28 09:26:13+00:00
4962,1260622817,22855,2021-10-27 16:18:53+00:00
4963,1260622817,22854,2021-10-27 15:50:58+00:00
4964,1260622817,22852,2021-10-27 14:34:15+00:00
4965,1260622817,22851,2021-10-27 14:16:01+00:00
4966,1260622817,22850,2021-10-27 13:50:36+00:00
4967,1260622817,22844,2021-10-27 09:52:01+00:00
4968,1260622817,22842,2021-10-27 09:28:01+00:00
4969,1260622817,22841,2021-10-27 09:14:48+00:00
4970,1260622817,22831,2021-10-26 17:15:20+00:00
4971,1260622817,22820,2021-10-26 13:06:13+00:00
4972,1260622817,22814,2021-10-26 10:23:57+00:00
4973,1260622817,22812,2021-10-26 09:38:32+00:00
4974,1260622817,22809,2021-10-26 08:46:33+00:00
4975,1260622817,22806,2021-10-26 07:35:00+00:00
4976,1260622817,22799,2021-10-25 17:10:15+00:00
4977,1260622817,22798,2021-10-25 16:52:01+00:00
4978,1260622817,22797,2021-10-25 16:37:31+00:00
4979,1260622817,22793,2021-10-25 15:18:30+00:00
4980,1260622817,22789,2021-10-25 14:28:39+00:00
4981,1260622817,22787,2021-10-25 13:59:51+00:00
4982,1260622817,22784,2021-10-25 12:27:43+00:00
4983,1260622817,22778,2021-10-25 10:20:42+00:00
4984,1260622817,22774,2021-10-25 07:58:29+00:00
4985,1260622817,22772,2021-10-25 06:01:51+00:00
4986,1260622817,22765,2021-10-24 15:04:01+00:00
4987,1260622817,22758,2021-10-24 11:49:13+00:00
4988,1260622817,22757,2021-10-24 11:34:09+00:00
4989,1260622817,22755,2021-10-24 10:34:58+00:00
4990,1260622817,22750,2021-10-24 07:05:11+00:00
4991,1260622817,22736,2021-10-23 09:54:16+00:00
4992,1260622817,22735,2021-10-23 09:08:34+00:00
4993,1260622817,22729,2021-10-23 07:01:26+00:00
4994,1260622817,22723,2021-10-22 15:11:45+00:00
4995,1260622817,22721,2021-10-22 13:50:06+00:00
4996,1260622817,22720,2021-10-22 13:24:36+00:00
4997,1260622817,22712,2021-10-22 09:30:56+00:00
4998,1260622817,22709,2021-10-22 08:05:00+00:00
4999,1260622817,22707,2021-10-22 07:29:29+00:00
5000,1260622817,22705,2021-10-22 06:48:44+00:00
5001,1260622817,22700,2021-10-21 17:05:10+00:00
5002,1260622817,22699,2021-10-21 16:40:00+00:00
5003,1260622817,22693,2021-10-21 12:01:48+00:00
5004,1260622817,22692,2021-10-21 11:45:34+00:00
5005,1260622817,22685,2021-10-21 08:20:00+00:00
5006,1260622817,22683,2021-10-21 07:37:56+00:00
5007,1260622817,22679,2021-10-20 17:02:01+00:00
5008,1260622817,22673,2021-10-20 13:20:26+00:00
5009,1260622817,22670,2021-10-20 12:33:54+00:00
5010,1260622817,22668,2021-10-20 11:52:47+00:00
5011,1260622817,22665,2021-10-20 10:01:19+00:00
5012,1260622817,22663,2021-10-20 08:29:54+00:00
5013,1260622817,22660,2021-10-20 06:17:49+00:00
5014,1260622817,22658,2021-10-19 18:50:05+00:00
5015,1260622817,22652,2021-10-19 15:53:54+00:00
5016,1260622817,22643,2021-10-19 11:05:00+00:00
5017,1260622817,22630,2021-10-18 15:03:57+00:00
5018,1260622817,22628,2021-10-18 12:42:32+00:00
5019,1260622817,22618,2021-10-17 19:17:14+00:00
5020,1260622817,22616,2021-10-17 17:30:14+00:00
5021,1260622817,22609,2021-10-17 11:56:45+00:00
5022,1260622817,22604,2021-10-17 07:25:09+00:00
5023,1260622817,22602,2021-10-16 18:19:27+00:00
5024,1260622817,22600,2021-10-16 17:00:41+00:00
5025,1260622817,22598,2021-10-16 15:00:02+00:00
5026,1260622817,22580,2021-10-15 16:35:00+00:00
5027,1260622817,22568,2021-10-15 09:18:21+00:00
5028,1260622817,22567,2021-10-15 08:35:50+00:00
5029,1260622817,22566,2021-10-15 08:25:10+00:00
5030,1260622817,22565,2021-10-15 07:45:59+00:00
5031,1260622817,22564,2021-10-15 06:39:48+00:00
5032,1260622817,22558,2021-10-14 16:55:16+00:00
5033,1260622817,22554,2021-10-14 15:02:06+00:00
5034,1260622817,22551,2021-10-14 13:03:12+00:00
5035,1260622817,22548,2021-10-14 11:12:25+00:00
5036,1260622817,22546,2021-10-14 10:22:05+00:00
5037,1260622817,22542,2021-10-14 07:19:02+00:00
5038,1260622817,22541,2021-10-14 07:14:16+00:00
5039,1260622817,22533,2021-10-13 19:21:37+00:00
5040,1260622817,22532,2021-10-13 18:45:52+00:00
5041,1260622817,22530,2021-10-13 18:15:01+00:00
5042,1260622817,22529,2021-10-13 17:20:16+00:00
5043,1260622817,22522,2021-10-13 13:49:10+00:00
5044,1260622817,22519,2021-10-13 13:12:06+00:00
5045,1260622817,22516,2021-10-13 11:01:01+00:00
5046,1260622817,22514,2021-10-13 10:30:04+00:00
5047,1260622817,22511,2021-10-13 08:39:39+00:00
5048,1260622817,22501,2021-10-12 17:35:19+00:00
5049,1260622817,22488,2021-10-12 08:43:03+00:00
5050,1260622817,22486,2021-10-12 08:17:08+00:00
5051,1260622817,22483,2021-10-12 06:23:25+00:00
5052,1260622817,22481,2021-10-11 18:35:00+00:00
5053,1260622817,22478,2021-10-11 16:35:15+00:00
5054,1260622817,22470,2021-10-11 10:35:57+00:00
5055,1260622817,22469,2021-10-11 09:38:32+00:00
5056,1260622817,22468,2021-10-11 09:26:33+00:00
5057,1260622817,22463,2021-10-10 18:28:00+00:00
5058,1260622817,22461,2021-10-10 16:41:40+00:00
5059,1260622817,22449,2021-10-10 10:09:45+00:00
5060,1260622817,22443,2021-10-10 07:01:12+00:00
5061,1260622817,22434,2021-10-09 14:43:49+00:00
5062,1260622817,22429,2021-10-09 10:25:50+00:00
5063,1260622817,22428,2021-10-09 10:06:11+00:00
5064,1260622817,22423,2021-10-08 18:54:17+00:00
5065,1260622817,22421,2021-10-08 18:05:21+00:00
5066,1260622817,22416,2021-10-08 15:03:30+00:00
5067,1260622817,22410,2021-10-08 12:20:00+00:00
5068,1260622817,22408,2021-10-08 11:36:56+00:00
5069,1260622817,22400,2021-10-08 09:04:58+00:00
5070,1260622817,22398,2021-10-08 08:12:00+00:00
5071,1260622817,22393,2021-10-07 18:45:10+00:00
5072,1260622817,22388,2021-10-07 15:14:17+00:00
5073,1260622817,22387,2021-10-07 14:56:00+00:00
5074,1260622817,22375,2021-10-07 08:34:35+00:00
5075,1260622817,22372,2021-10-07 06:51:16+00:00
5076,1260622817,22367,2021-10-06 18:20:11+00:00
5077,1260622817,22360,2021-10-06 16:38:03+00:00
5078,1260622817,22358,2021-10-06 15:17:53+00:00
5079,1260622817,22357,2021-10-06 14:53:21+00:00
5080,1260622817,22356,2021-10-06 14:47:17+00:00
5081,1260622817,22355,2021-10-06 13:35:20+00:00
5082,1260622817,22354,2021-10-06 13:16:47+00:00
5083,1260622817,22350,2021-10-06 11:58:34+00:00
5084,1260622817,22349,2021-10-06 11:30:00+00:00
5085,1260622817,22340,2021-10-06 06:44:24+00:00
5086,1260622817,22338,2021-10-05 17:55:11+00:00
5087,1260622817,22332,2021-10-05 14:50:00+00:00
5088,1260622817,22318,2021-10-05 09:01:40+00:00
5089,1260622817,22304,2021-10-04 17:28:01+00:00
5090,1260622817,22303,2021-10-04 17:11:16+00:00
5091,1260622817,22302,2021-10-04 16:58:38+00:00
5092,1260622817,22301,2021-10-04 16:30:58+00:00
5093,1260622817,22295,2021-10-04 15:10:13+00:00
5094,1260622817,22284,2021-10-04 09:50:34+00:00
5095,1260622817,22282,2021-10-04 08:55:52+00:00
5096,1260622817,22281,2021-10-04 08:24:15+00:00
5097,1260622817,22279,2021-10-04 06:43:54+00:00
5098,1260622817,22278,2021-10-03 20:37:03+00:00
5099,1260622817,22277,2021-10-03 18:05:58+00:00
5100,1260622817,22270,2021-10-03 07:58:48+00:00
5101,1260622817,22267,2021-10-02 17:09:25+00:00
5102,1260622817,22263,2021-10-02 12:24:14+00:00
5103,1260622817,22261,2021-10-02 11:30:05+00:00
5104,1260622817,22259,2021-10-02 08:45:20+00:00
5105,1260622817,22256,2021-10-02 07:37:29+00:00
5106,1260622817,22251,2021-10-01 16:35:06+00:00
5107,1260622817,22245,2021-10-01 13:22:01+00:00
5108,1260622817,22244,2021-10-01 12:48:21+00:00
5109,1260622817,22239,2021-10-01 09:21:31+00:00
5110,1260622817,22238,2021-10-01 08:54:01+00:00
5111,1260622817,22237,2021-10-01 08:32:23+00:00
5112,1260622817,22236,2021-10-01 07:52:46+00:00
5113,1260622817,22229,2021-09-30 14:23:35+00:00
5114,1260622817,22225,2021-09-30 12:09:17+00:00
5115,1260622817,22215,2021-09-29 20:08:18+00:00
5116,1260622817,22213,2021-09-29 18:05:09+00:00
5117,1260622817,22211,2021-09-29 17:19:02+00:00
5118,1260622817,22210,2021-09-29 17:05:13+00:00
5119,1260622817,22203,2021-09-29 13:55:18+00:00
5120,1260622817,22191,2021-09-28 18:03:25+00:00
5121,1260622817,22174,2021-09-28 07:15:11+00:00
5122,1260622817,22172,2021-09-27 17:45:09+00:00
5123,1260622817,22171,2021-09-27 16:55:11+00:00
5124,1260622817,22168,2021-09-27 14:45:10+00:00
5125,1260622817,22161,2021-09-27 11:19:34+00:00
5126,1260622817,22158,2021-09-27 09:20:46+00:00
5127,1260622817,22154,2021-09-26 18:17:56+00:00
5128,1260622817,22152,2021-09-26 14:29:37+00:00
5129,1260622817,22151,2021-09-26 13:03:24+00:00
5130,1260622817,22149,2021-09-26 11:55:23+00:00
5131,1260622817,22148,2021-09-26 10:44:30+00:00
5132,1260622817,22147,2021-09-26 09:38:07+00:00
5133,1260622817,22143,2021-09-26 07:22:01+00:00
5134,1260622817,22129,2021-09-25 11:00:35+00:00
5135,1260622817,22126,2021-09-25 08:38:12+00:00
5136,1260622817,22121,2021-09-24 18:54:25+00:00
5137,1260622817,22117,2021-09-24 15:09:47+00:00
5138,1260622817,22111,2021-09-24 12:54:53+00:00
5139,1260622817,22110,2021-09-24 12:25:17+00:00
5140,1260622817,22108,2021-09-24 11:19:47+00:00
5141,1260622817,22101,2021-09-24 07:51:33+00:00
5142,1260622817,22094,2021-09-23 16:20:00+00:00
5143,1260622817,22089,2021-09-23 13:15:02+00:00
5144,1260622817,22088,2021-09-23 13:03:22+00:00
5145,1260622817,22076,2021-09-22 17:00:11+00:00
5146,1260622817,22074,2021-09-22 15:47:50+00:00
5147,1260622817,22064,2021-09-22 09:44:40+00:00
5148,1260622817,22058,2021-09-22 07:43:45+00:00
5149,1260622817,22054,2021-09-21 16:14:48+00:00
5150,1260622817,22050,2021-09-21 12:57:16+00:00
5151,1260622817,22046,2021-09-21 09:36:29+00:00
5152,1260622817,22041,2021-09-21 06:57:18+00:00
5153,1260622817,22030,2021-09-20 15:49:59+00:00
5154,1260622817,22011,2021-09-20 07:48:59+00:00
5155,1260622817,22010,2021-09-20 07:42:31+00:00
5156,1260622817,22006,2021-09-20 07:13:56+00:00
5157,1260622817,22003,2021-09-20 07:02:53+00:00
5158,1260622817,21997,2021-09-19 19:03:27+00:00
5159,1260622817,21996,2021-09-19 18:17:05+00:00
5160,1260622817,21991,2021-09-19 14:05:07+00:00
5161,1260622817,21986,2021-09-19 11:44:12+00:00
5162,1260622817,21983,2021-09-19 09:50:04+00:00
5163,1260622817,21979,2021-09-19 08:34:33+00:00
5164,1260622817,21974,2021-09-18 14:30:09+00:00
5165,1260622817,21970,2021-09-18 10:43:55+00:00
5166,1260622817,21955,2021-09-17 17:06:03+00:00
5167,1260622817,21950,2021-09-17 13:53:35+00:00
5168,1260622817,21945,2021-09-17 11:42:54+00:00
5169,1260622817,21942,2021-09-17 10:46:14+00:00
5170,1260622817,21940,2021-09-17 09:54:36+00:00
5171,1260622817,21934,2021-09-17 07:37:19+00:00
5172,1260622817,21931,2021-09-16 19:16:59+00:00
5173,1260622817,21926,2021-09-16 15:48:01+00:00
5174,1260622817,21922,2021-09-16 13:12:55+00:00
5175,1260622817,21915,2021-09-16 10:34:35+00:00
5176,1260622817,21910,2021-09-16 08:55:01+00:00
5177,1260622817,21907,2021-09-16 07:42:55+00:00
5178,1260622817,21900,2021-09-15 17:42:03+00:00
5179,1260622817,21896,2021-09-15 14:35:15+00:00
5180,1260622817,21890,2021-09-15 11:30:01+00:00
5181,1260622817,21880,2021-09-14 15:46:10+00:00
5182,1260622817,21877,2021-09-14 12:42:00+00:00
5183,1260622817,21876,2021-09-14 12:13:34+00:00
5184,1260622817,21872,2021-09-14 08:58:54+00:00
5185,1260622817,21864,2021-09-13 16:49:01+00:00
5186,1260622817,21853,2021-09-13 07:43:15+00:00
5187,1260622817,21852,2021-09-13 06:33:01+00:00
5188,1260622817,21849,2021-09-12 19:52:54+00:00
5189,1260622817,21847,2021-09-12 17:47:47+00:00
5190,1260622817,21840,2021-09-12 13:54:47+00:00
5191,1260622817,21837,2021-09-12 12:12:42+00:00
5192,1260622817,21832,2021-09-12 09:42:16+00:00
5193,1260622817,21827,2021-09-11 17:01:35+00:00
5194,1260622817,21821,2021-09-11 10:38:32+00:00
5195,1260622817,21812,2021-09-10 17:20:06+00:00
5196,1260622817,21807,2021-09-10 14:03:30+00:00
5197,1260622817,21806,2021-09-10 13:48:10+00:00
5198,1260622817,21805,2021-09-10 13:31:20+00:00
5199,1260622817,21803,2021-09-10 13:10:31+00:00
5200,1260622817,21801,2021-09-10 12:15:30+00:00
5201,1260622817,21800,2021-09-10 12:01:16+00:00
5202,1260622817,21799,2021-09-10 11:17:15+00:00
5203,1260622817,21792,2021-09-10 07:26:54+00:00
5204,1260622817,21787,2021-09-10 05:22:49+00:00
5205,1260622817,21763,2021-09-08 18:35:16+00:00
5206,1260622817,21757,2021-09-08 15:24:02+00:00
5207,1260622817,21756,2021-09-08 15:12:32+00:00
5208,1260622817,21754,2021-09-08 13:23:13+00:00
5209,1260622817,21750,2021-09-08 10:38:08+00:00
5210,1260622817,21745,2021-09-08 10:21:12+00:00
5211,1260622817,21744,2021-09-08 10:01:23+00:00
5212,1260622817,21740,2021-09-08 08:42:44+00:00
5213,1260622817,21737,2021-09-08 07:20:28+00:00
5214,1260622817,21730,2021-09-08 05:24:07+00:00
5215,1260622817,21727,2021-09-07 17:10:01+00:00
5216,1260622817,21726,2021-09-07 16:51:22+00:00
5217,1260622817,21724,2021-09-07 15:50:00+00:00
5218,1260622817,21716,2021-09-07 11:01:45+00:00
5219,1260622817,21714,2021-09-07 10:08:07+00:00
5220,1260622817,21713,2021-09-07 10:00:43+00:00
5221,1260622817,21708,2021-09-07 07:45:06+00:00
5222,1260622817,21704,2021-09-06 18:52:25+00:00
5223,1260622817,21698,2021-09-06 15:52:10+00:00
5224,1260622817,21693,2021-09-06 11:45:00+00:00
5225,1260622817,21692,2021-09-06 11:02:46+00:00
5226,1260622817,21689,2021-09-06 08:59:01+00:00
5227,1260622817,21688,2021-09-06 08:36:36+00:00
5228,1260622817,21686,2021-09-06 06:53:38+00:00
5229,1260622817,21685,2021-09-05 18:44:44+00:00
5230,1260622817,21683,2021-09-05 16:25:05+00:00
5231,1260622817,21677,2021-09-05 10:53:42+00:00
5232,1260622817,21675,2021-09-05 09:01:00+00:00
5233,1260622817,21663,2021-09-04 14:09:41+00:00
5234,1260622817,21662,2021-09-04 13:53:31+00:00
5235,1260622817,21660,2021-09-04 10:19:52+00:00
5236,1260622817,21659,2021-09-04 08:16:52+00:00
5237,1260622817,21656,2021-09-03 16:45:16+00:00
5238,1260622817,21653,2021-09-03 14:56:58+00:00
5239,1260622817,21643,2021-09-03 09:45:01+00:00
5240,1260622817,21640,2021-09-03 08:20:00+00:00
5241,1260622817,21638,2021-09-03 07:44:06+00:00
5242,1260622817,21636,2021-09-02 17:55:00+00:00
5243,1260622817,21634,2021-09-02 17:05:17+00:00
5244,1260622817,21630,2021-09-02 15:15:20+00:00
5245,1260622817,21625,2021-09-02 13:11:57+00:00
5246,1260622817,21618,2021-09-02 09:06:42+00:00
5247,1260622817,21608,2021-09-01 13:45:15+00:00
5248,1260622817,21607,2021-09-01 12:10:44+00:00
5249,1260622817,21605,2021-09-01 10:41:30+00:00
5250,1260622817,21604,2021-09-01 10:10:00+00:00
5251,1260622817,21603,2021-09-01 09:36:47+00:00
5252,1260622817,21600,2021-09-01 08:36:42+00:00
5253,1260622817,21597,2021-08-31 17:05:08+00:00
5254,1260622817,21596,2021-08-31 16:14:47+00:00
5255,1260622817,21587,2021-08-31 10:07:41+00:00
5256,1260622817,21584,2021-08-31 07:37:06+00:00
5257,1260622817,21578,2021-08-30 14:01:37+00:00
5258,1260622817,21577,2021-08-30 13:49:05+00:00
5259,1260622817,21572,2021-08-30 12:10:06+00:00
5260,1260622817,21564,2021-08-29 16:41:37+00:00
5261,1260622817,21563,2021-08-29 16:19:18+00:00
5262,1260622817,21562,2021-08-29 14:33:45+00:00
5263,1260622817,21551,2021-08-29 11:11:53+00:00
5264,1260622817,21548,2021-08-29 09:30:04+00:00
5265,1260622817,21547,2021-08-29 09:12:52+00:00
5266,1260622817,21546,2021-08-29 08:30:09+00:00
5267,1260622817,21539,2021-08-28 12:25:32+00:00
5268,1260622817,21537,2021-08-28 10:42:07+00:00
5269,1260622817,21531,2021-08-27 18:05:06+00:00
5270,1260622817,21502,2021-08-26 16:04:22+00:00
5271,1260622817,21500,2021-08-26 14:59:47+00:00
5272,1260622817,21499,2021-08-26 14:50:58+00:00
5273,1260622817,21497,2021-08-26 14:26:09+00:00
5274,1260622817,21494,2021-08-26 14:07:20+00:00
5275,1260622817,21488,2021-08-26 13:01:20+00:00
5276,1260622817,21485,2021-08-26 11:05:56+00:00
5277,1260622817,21480,2021-08-25 20:13:03+00:00
5278,1260622817,21472,2021-08-25 13:58:57+00:00
5279,1260622817,21471,2021-08-25 13:27:29+00:00
5280,1260622817,21463,2021-08-25 10:55:30+00:00
5281,1260622817,21456,2021-08-24 18:15:00+00:00
5282,1260622817,21446,2021-08-24 12:54:50+00:00
5283,1260622817,21443,2021-08-24 10:24:32+00:00
5284,1260622817,21440,2021-08-24 08:15:13+00:00
5285,1260622817,21431,2021-08-23 16:01:10+00:00
5286,1260622817,21430,2021-08-23 15:31:53+00:00
5287,1260622817,21429,2021-08-23 14:52:31+00:00
5288,1260622817,21426,2021-08-23 13:21:58+00:00
5289,1260622817,21419,2021-08-23 09:20:03+00:00
5290,1260622817,21404,2021-08-22 11:50:50+00:00
5291,1260622817,21393,2021-08-21 15:49:43+00:00
5292,1260622817,21386,2021-08-21 13:08:25+00:00
5293,1260622817,21379,2021-08-21 07:51:03+00:00
5294,1260622817,21375,2021-08-20 20:00:27+00:00
5295,1260622817,21371,2021-08-20 17:18:08+00:00
5296,1260622817,21361,2021-08-20 14:06:07+00:00
5297,1260622817,21357,2021-08-20 11:42:32+00:00
5298,1260622817,21349,2021-08-20 06:04:53+00:00
5299,1260622817,21346,2021-08-19 17:18:05+00:00
5300,1260622817,21342,2021-08-19 15:45:16+00:00
5301,1260622817,21341,2021-08-19 15:31:59+00:00
5302,1260622817,21340,2021-08-19 14:44:00+00:00
5303,1260622817,21339,2021-08-19 14:30:06+00:00
5304,1260622817,21338,2021-08-19 14:06:21+00:00
5305,1260622817,21323,2021-08-19 06:29:46+00:00
5306,1260622817,21308,2021-08-18 10:15:47+00:00
5307,1260622817,21305,2021-08-18 08:55:20+00:00
5308,1260622817,21299,2021-08-17 17:25:26+00:00
5309,1260622817,21295,2021-08-17 14:30:24+00:00
5310,1260622817,21292,2021-08-17 12:51:11+00:00
5311,1260622817,21286,2021-08-17 09:17:36+00:00
5312,1260622817,21279,2021-08-17 07:44:42+00:00
5313,1260622817,21277,2021-08-16 18:24:04+00:00
5314,1260622817,21276,2021-08-16 17:42:09+00:00
5315,1260622817,21275,2021-08-16 16:45:10+00:00
5316,1260622817,21272,2021-08-16 14:53:48+00:00
5317,1260622817,21271,2021-08-16 14:29:34+00:00
5318,1260622817,21269,2021-08-16 12:55:05+00:00
5319,1260622817,21266,2021-08-16 10:45:12+00:00
5320,1260622817,21265,2021-08-16 10:22:05+00:00
5321,1260622817,21262,2021-08-16 09:21:23+00:00
5322,1260622817,21260,2021-08-16 08:18:46+00:00
5323,1260622817,21251,2021-08-15 14:20:01+00:00
5324,1260622817,21250,2021-08-15 13:51:36+00:00
5325,1260622817,21248,2021-08-15 11:47:54+00:00
5326,1260622817,21238,2021-08-14 18:25:00+00:00
5327,1260622817,21228,2021-08-14 12:38:09+00:00
5328,1260622817,21226,2021-08-14 11:46:26+00:00
5329,1260622817,21218,2021-08-13 15:50:10+00:00
5330,1260622817,21215,2021-08-13 12:50:18+00:00
5331,1260622817,21205,2021-08-13 07:41:32+00:00
5332,1260622817,21195,2021-08-12 19:44:09+00:00
5333,1260622817,21182,2021-08-12 14:59:15+00:00
5334,1260622817,21176,2021-08-12 11:30:16+00:00
5335,1260622817,21174,2021-08-12 10:44:13+00:00
5336,1260622817,21172,2021-08-12 08:11:21+00:00
5337,1260622817,21171,2021-08-12 07:01:58+00:00
5338,1260622817,21166,2021-08-11 16:02:23+00:00
5339,1260622817,21165,2021-08-11 14:54:24+00:00
5340,1260622817,21162,2021-08-11 12:21:01+00:00
5341,1260622817,21161,2021-08-11 10:52:49+00:00
5342,1260622817,21157,2021-08-11 06:44:33+00:00
5343,1260622817,21155,2021-08-10 17:44:08+00:00
5344,1260622817,21148,2021-08-10 13:32:21+00:00
5345,1260622817,21139,2021-08-09 17:27:01+00:00
5346,1260622817,21132,2021-08-09 12:50:11+00:00
5347,1260622817,21125,2021-08-09 09:55:05+00:00
5348,1260622817,21123,2021-08-09 07:23:56+00:00
5349,1260622817,21119,2021-08-08 14:53:45+00:00
5350,1260622817,21118,2021-08-08 13:54:18+00:00
5351,1260622817,21094,2021-08-06 17:05:15+00:00
5352,1260622817,21092,2021-08-06 15:54:44+00:00
5353,1260622817,21089,2021-08-06 14:34:01+00:00
5354,1260622817,21075,2021-08-05 15:26:26+00:00
5355,1260622817,21067,2021-08-05 09:34:21+00:00
5356,1260622817,21050,2021-08-04 13:54:16+00:00
5357,1260622817,21045,2021-08-04 08:30:35+00:00
5358,1260622817,21043,2021-08-03 17:29:14+00:00
5359,1260622817,21042,2021-08-03 15:53:08+00:00
5360,1260622817,21030,2021-08-03 08:14:31+00:00
5361,1260622817,21029,2021-08-03 07:49:24+00:00
5362,1260622817,21028,2021-08-03 06:56:43+00:00
5363,1260622817,21024,2021-08-02 18:05:16+00:00
5364,1260622817,21022,2021-08-02 16:25:12+00:00
5365,1260622817,21020,2021-08-02 14:18:48+00:00
5366,1260622817,21018,2021-08-02 13:13:18+00:00
5367,1260622817,21016,2021-08-02 11:43:02+00:00
5368,1260622817,20993,2021-08-01 07:05:08+00:00
5369,1260622817,20990,2021-07-31 15:45:44+00:00
5370,1260622817,20987,2021-07-31 13:05:24+00:00
5371,1260622817,20986,2021-07-31 11:41:22+00:00
5372,1260622817,20981,2021-07-31 07:10:08+00:00
5373,1260622817,20978,2021-07-30 15:04:57+00:00
5374,1260622817,20977,2021-07-30 14:13:20+00:00
5375,1260622817,20969,2021-07-30 06:51:00+00:00
5376,1260622817,20960,2021-07-29 14:40:52+00:00
5377,1260622817,20957,2021-07-29 12:54:13+00:00
5378,1260622817,20952,2021-07-29 09:13:30+00:00
5379,1260622817,20951,2021-07-29 07:25:58+00:00
5380,1260622817,20949,2021-07-28 18:05:10+00:00
5381,1260622817,20943,2021-07-28 13:31:47+00:00
5382,1260622817,20934,2021-07-28 08:00:01+00:00
5383,1260622817,20925,2021-07-27 16:41:35+00:00
5384,1260622817,20922,2021-07-27 13:47:07+00:00
5385,1260622817,20915,2021-07-27 10:23:11+00:00
5386,1260622817,20912,2021-07-27 07:01:44+00:00
5387,1260622817,20909,2021-07-26 15:56:59+00:00
5388,1260622817,20901,2021-07-26 11:51:56+00:00
5389,1260622817,20897,2021-07-26 08:45:50+00:00
5390,1260622817,20894,2021-07-26 07:25:53+00:00
5391,1260622817,20892,2021-07-25 17:50:11+00:00
5392,1260622817,20884,2021-07-25 10:11:11+00:00
5393,1260622817,20881,2021-07-24 18:05:13+00:00
5394,1260622817,20865,2021-07-23 15:55:23+00:00
5395,1260622817,20860,2021-07-23 12:55:10+00:00
5396,1260622817,20859,2021-07-23 12:37:29+00:00
5397,1260622817,20850,2021-07-22 18:10:00+00:00
5398,1260622817,20844,2021-07-22 11:59:23+00:00
5399,1260622817,20843,2021-07-22 11:25:08+00:00
5400,1260622817,20840,2021-07-22 09:45:11+00:00
5401,1260622817,20834,2021-07-21 17:06:06+00:00
5402,1260622817,20829,2021-07-21 13:29:38+00:00
5403,1260622817,20827,2021-07-21 11:48:52+00:00
5404,1260622817,20823,2021-07-21 08:30:05+00:00
5405,1260622817,20821,2021-07-21 07:25:39+00:00
5406,1260622817,20820,2021-07-20 17:28:01+00:00
5407,1260622817,20817,2021-07-20 12:50:18+00:00
5408,1260622817,20816,2021-07-20 11:44:01+00:00
5409,1260622817,20809,2021-07-20 09:39:19+00:00
5410,1260622817,20805,2021-07-19 18:18:46+00:00
5411,1260622817,20796,2021-07-19 10:54:47+00:00
5412,1260622817,20788,2021-07-18 13:54:12+00:00
5413,1260622817,20786,2021-07-18 10:56:36+00:00
5414,1260622817,20783,2021-07-17 19:30:29+00:00
5415,1260622817,20779,2021-07-17 13:03:33+00:00
5416,1260622817,20773,2021-07-16 18:49:25+00:00
5417,1260622817,20768,2021-07-16 14:57:09+00:00
5418,1260622817,20758,2021-07-16 10:10:41+00:00
5419,1260622817,20742,2021-07-15 09:24:37+00:00
5420,1260622817,20741,2021-07-15 09:06:36+00:00
5421,1260622817,20740,2021-07-15 08:41:57+00:00
5422,1260622817,20734,2021-07-14 16:31:39+00:00
5423,1260622817,20731,2021-07-14 14:50:05+00:00
5424,1260622817,20721,2021-07-13 18:18:01+00:00
5425,1260622817,20714,2021-07-13 12:10:00+00:00
5426,1260622817,20713,2021-07-13 11:25:01+00:00
5427,1260622817,20709,2021-07-13 10:40:00+00:00
5428,1260622817,20708,2021-07-13 09:55:51+00:00
5429,1260622817,20703,2021-07-13 06:13:10+00:00
5430,1260622817,20696,2021-07-12 11:50:36+00:00
5431,1260622817,20694,2021-07-12 09:15:43+00:00
5432,1260622817,20689,2021-07-11 15:29:44+00:00
5433,1260622817,20677,2021-07-10 14:12:52+00:00
5434,1260622817,20658,2021-07-09 08:32:08+00:00
5435,1260622817,20657,2021-07-09 06:48:09+00:00
5436,1260622817,20647,2021-07-08 13:21:01+00:00
5437,1260622817,20636,2021-07-07 17:05:23+00:00
5438,1260622817,20635,2021-07-07 16:03:51+00:00
5439,1260622817,20631,2021-07-07 12:38:23+00:00
5440,1260622817,20626,2021-07-07 08:07:03+00:00
5441,1260622817,20624,2021-07-07 06:32:29+00:00
5442,1260622817,20620,2021-07-06 16:12:21+00:00
5443,1260622817,20602,2021-07-05 14:17:24+00:00
5444,1260622817,20598,2021-07-05 10:14:07+00:00
5445,1260622817,20596,2021-07-05 08:17:17+00:00
5446,1260622817,20593,2021-07-05 06:05:16+00:00
5447,1260622817,20592,2021-07-05 05:38:53+00:00
5448,1260622817,20591,2021-07-04 19:06:16+00:00
5449,1260622817,20590,2021-07-04 18:10:25+00:00
5450,1260622817,20583,2021-07-04 11:40:14+00:00
5451,1260622817,20582,2021-07-04 10:40:09+00:00
5452,1260622817,20572,2021-07-03 10:19:58+00:00
5453,1260622817,20566,2021-07-02 18:33:13+00:00
5454,1260622817,20564,2021-07-02 15:28:01+00:00
5455,1260622817,20561,2021-07-02 12:07:49+00:00
5456,1260622817,20560,2021-07-02 11:33:48+00:00
5457,1260622817,20547,2021-07-01 13:57:48+00:00
5458,1260622817,20526,2021-06-30 11:18:39+00:00
5459,1260622817,20522,2021-06-30 10:19:17+00:00
5460,1260622817,20510,2021-06-30 09:08:54+00:00
5461,1260622817,20500,2021-06-29 11:35:50+00:00
5462,1260622817,20488,2021-06-28 15:38:29+00:00
5463,1260622817,20486,2021-06-28 12:41:59+00:00
5464,1260622817,20474,2021-06-27 16:17:40+00:00
5465,1260622817,20471,2021-06-27 13:26:37+00:00
5466,1260622817,20468,2021-06-27 11:23:27+00:00
5467,1260622817,20464,2021-06-27 08:29:05+00:00
5468,1260622817,20459,2021-06-26 15:49:39+00:00
5469,1260622817,20456,2021-06-26 14:27:54+00:00
5470,1260622817,20454,2021-06-26 14:11:21+00:00
5471,1260622817,20453,2021-06-26 13:20:00+00:00
5472,1260622817,20448,2021-06-26 09:10:19+00:00
5473,1260622817,20444,2021-06-25 19:56:45+00:00
5474,1260622817,20427,2021-06-25 06:04:13+00:00
5475,1260622817,20420,2021-06-24 15:59:14+00:00
5476,1260622817,20417,2021-06-24 15:12:38+00:00
5477,1260622817,20409,2021-06-24 09:10:57+00:00
5478,1260622817,20404,2021-06-23 16:29:15+00:00
5479,1260622817,20403,2021-06-23 15:49:10+00:00
5480,1260622817,20400,2021-06-23 12:54:50+00:00
5481,1260622817,20398,2021-06-23 11:14:45+00:00
5482,1260622817,20393,2021-06-22 18:15:34+00:00
5483,1260622817,20391,2021-06-22 16:37:28+00:00
5484,1260622817,20381,2021-06-22 08:50:38+00:00
5485,1260622817,20376,2021-06-21 20:51:16+00:00
5486,1260622817,20369,2021-06-21 16:20:06+00:00
5487,1260622817,20365,2021-06-21 14:15:23+00:00
5488,1260622817,20361,2021-06-21 09:39:54+00:00
5489,1260622817,20358,2021-06-21 06:35:11+00:00
5490,1260622817,20347,2021-06-20 09:27:14+00:00
5491,1260622817,20345,2021-06-20 07:21:42+00:00
5492,1260622817,20344,2021-06-19 18:16:35+00:00
5493,1260622817,20343,2021-06-19 17:29:29+00:00
5494,1260622817,20341,2021-06-19 15:27:30+00:00
5495,1260622817,20337,2021-06-19 13:24:49+00:00
5496,1260622817,20334,2021-06-19 11:25:56+00:00
5497,1260622817,20325,2021-06-19 06:48:21+00:00
5498,1260622817,20310,2021-06-18 09:57:23+00:00
5499,1260622817,20309,2021-06-18 09:02:00+00:00
5500,1260622817,20307,2021-06-18 08:17:46+00:00
5501,1260622817,20304,2021-06-18 06:49:46+00:00
5502,1260622817,20303,2021-06-17 18:10:08+00:00
5503,1260622817,20302,2021-06-17 17:39:53+00:00
5504,1260622817,20300,2021-06-17 15:54:51+00:00
5505,1260622817,20299,2021-06-17 14:39:53+00:00
5506,1260622817,20292,2021-06-17 09:00:42+00:00
5507,1260622817,20288,2021-06-16 19:20:06+00:00
5508,1260622817,20276,2021-06-16 14:59:21+00:00
5509,1260622817,20272,2021-06-16 13:29:30+00:00
5510,1260622817,20270,2021-06-16 11:50:27+00:00
5511,1260622817,20268,2021-06-16 10:25:16+00:00
5512,1260622817,20265,2021-06-16 09:27:44+00:00
5513,1260622817,20261,2021-06-16 07:40:27+00:00
5514,1260622817,20258,2021-06-15 18:21:59+00:00
5515,1260622817,20257,2021-06-15 17:43:33+00:00
5516,1260622817,20256,2021-06-15 17:18:39+00:00
5517,1260622817,20254,2021-06-15 15:53:00+00:00
5518,1260622817,20253,2021-06-15 14:28:01+00:00
5519,1260622817,20248,2021-06-15 10:16:21+00:00
5520,1260622817,20237,2021-06-14 14:02:07+00:00
5521,1260622817,20231,2021-06-14 10:15:30+00:00
5522,1260622817,20227,2021-06-13 18:28:50+00:00
5523,1260622817,20225,2021-06-13 16:31:13+00:00
5524,1260622817,20224,2021-06-13 15:58:26+00:00
5525,1260622817,20213,2021-06-13 12:17:05+00:00
5526,1260622817,20208,2021-06-13 07:58:05+00:00
5527,1260622817,20207,2021-06-13 07:21:22+00:00
5528,1260622817,20200,2021-06-12 19:09:12+00:00
5529,1260622817,20194,2021-06-12 16:52:03+00:00
5530,1260622817,20191,2021-06-12 14:26:19+00:00
5531,1260622817,20187,2021-06-12 11:38:27+00:00
5532,1260622817,20177,2021-06-12 06:10:10+00:00
5533,1260622817,20164,2021-06-11 13:06:30+00:00
5534,1260622817,20162,2021-06-11 12:09:46+00:00
5535,1260622817,20159,2021-06-11 11:37:56+00:00
5536,1260622817,20155,2021-06-11 09:40:32+00:00
5537,1260622817,20140,2021-06-10 18:06:25+00:00
5538,1260622817,20135,2021-06-10 14:43:23+00:00
5539,1260622817,20133,2021-06-10 13:39:57+00:00
5540,1260622817,20130,2021-06-10 11:58:33+00:00
5541,1260622817,20125,2021-06-10 09:38:00+00:00
5542,1260622817,20123,2021-06-10 07:38:46+00:00
5543,1260622817,20117,2021-06-09 16:49:34+00:00
5544,1260622817,20116,2021-06-09 16:33:41+00:00
5545,1260622817,20112,2021-06-09 14:41:01+00:00
5546,1260622817,20108,2021-06-09 12:38:44+00:00
5547,1260622817,20107,2021-06-09 11:34:38+00:00
5548,1260622817,20101,2021-06-09 08:30:43+00:00
5549,1260622817,20096,2021-06-09 07:23:56+00:00
5550,1260622817,20095,2021-06-09 06:19:57+00:00
5551,1260622817,20092,2021-06-08 15:43:44+00:00
5552,1260622817,20089,2021-06-08 14:30:40+00:00
5553,1260622817,20079,2021-06-08 07:04:52+00:00
5554,1260622817,20077,2021-06-07 16:33:18+00:00
5555,1260622817,20072,2021-06-07 11:22:00+00:00
5556,1260622817,20064,2021-06-06 18:12:28+00:00
5557,1260622817,20061,2021-06-06 14:23:43+00:00
5558,1260622817,20057,2021-06-06 09:15:26+00:00
5559,1260622817,20052,2021-06-05 13:48:28+00:00
5560,1260622817,20050,2021-06-05 10:58:59+00:00
5561,1260622817,20049,2021-06-05 09:48:26+00:00
5562,1260622817,20048,2021-06-05 08:43:21+00:00
5563,1260622817,20045,2021-06-04 18:45:22+00:00
5564,1260622817,20038,2021-06-04 11:51:15+00:00
5565,1260622817,20036,2021-06-04 11:20:01+00:00
5566,1260622817,20011,2021-06-03 05:53:57+00:00
5567,1260622817,20007,2021-06-02 16:47:19+00:00
5568,1260622817,20006,2021-06-02 16:17:01+00:00
5569,1260622817,20004,2021-06-02 14:02:17+00:00
5570,1260622817,19997,2021-06-02 08:40:38+00:00
5571,1260622817,19993,2021-06-02 06:48:43+00:00
5572,1260622817,19992,2021-06-01 20:12:17+00:00
5573,1260622817,19978,2021-06-01 10:53:04+00:00
5574,1260622817,19977,2021-06-01 10:01:00+00:00
5575,1260622817,19975,2021-06-01 07:49:39+00:00
5576,1260622817,19974,2021-06-01 05:51:42+00:00
5577,1260622817,19973,2021-05-31 19:49:07+00:00
5578,1260622817,19967,2021-05-31 14:52:50+00:00
5579,1260622817,19966,2021-05-31 14:13:41+00:00
5580,1260622817,19964,2021-05-31 12:24:55+00:00
5581,1260622817,19960,2021-05-31 09:46:20+00:00
5582,1260622817,19956,2021-05-30 19:03:02+00:00
5583,1260622817,19953,2021-05-30 17:24:01+00:00
5584,1260622817,19948,2021-05-30 15:24:50+00:00
5585,1260622817,19947,2021-05-30 13:26:10+00:00
5586,1260622817,19939,2021-05-29 18:05:36+00:00
5587,1260622817,19932,2021-05-29 15:38:25+00:00
5588,1260622817,19931,2021-05-29 14:15:40+00:00
5589,1260622817,19927,2021-05-29 09:34:57+00:00
5590,1260622817,19926,2021-05-29 07:46:44+00:00
5591,1260622817,19919,2021-05-28 12:43:34+00:00
5592,1260622817,19912,2021-05-28 07:13:08+00:00
5593,1260622817,19909,2021-05-27 16:45:33+00:00
5594,1260622817,19900,2021-05-27 11:05:00+00:00
5595,1260622817,19898,2021-05-27 09:56:50+00:00
5596,1260622817,19894,2021-05-27 07:51:10+00:00
5597,1260622817,19892,2021-05-27 06:12:45+00:00
5598,1260622817,19888,2021-05-26 15:29:54+00:00
5599,1260622817,19886,2021-05-26 13:28:49+00:00
5600,1260622817,19885,2021-05-26 13:17:38+00:00
5601,1260622817,19873,2021-05-26 05:59:51+00:00
5602,1260622817,19858,2021-05-25 10:58:27+00:00
5603,1260622817,19852,2021-05-24 19:30:21+00:00
5604,1260622817,19841,2021-05-24 12:35:00+00:00
5605,1260622817,19839,2021-05-24 10:35:49+00:00
5606,1260622817,19838,2021-05-24 09:11:26+00:00
5607,1260622817,19837,2021-05-24 06:38:24+00:00
5608,1260622817,19831,2021-05-23 16:24:02+00:00
5609,1260622817,19830,2021-05-23 15:25:14+00:00
5610,1260622817,19825,2021-05-23 10:06:51+00:00
5611,1260622817,19821,2021-05-22 14:45:06+00:00
5612,1260622817,19819,2021-05-22 11:51:14+00:00
5613,1260622817,19813,2021-05-21 17:37:33+00:00
5614,1260622817,19811,2021-05-21 15:05:58+00:00
5615,1260622817,19810,2021-05-21 13:18:14+00:00
5616,1260622817,19806,2021-05-21 09:53:48+00:00
5617,1260622817,19803,2021-05-21 08:31:42+00:00
5618,1260622817,19797,2021-05-20 18:31:38+00:00
5619,1260622817,19795,2021-05-20 16:40:36+00:00
5620,1260622817,19791,2021-05-20 13:48:22+00:00
5621,1260622817,19785,2021-05-20 11:31:06+00:00
5622,1260622817,19779,2021-05-20 06:01:46+00:00
5623,1260622817,19778,2021-05-19 20:17:41+00:00
5624,1260622817,19777,2021-05-19 16:50:00+00:00
5625,1260622817,19776,2021-05-19 15:06:47+00:00
5626,1260622817,19775,2021-05-19 14:32:18+00:00
5627,1260622817,19770,2021-05-19 11:15:46+00:00
5628,1260622817,19769,2021-05-19 10:51:13+00:00
5629,1260622817,19743,2021-05-17 20:47:49+00:00
5630,1260622817,19739,2021-05-17 15:50:32+00:00
5631,1260622817,19737,2021-05-17 14:56:38+00:00
5632,1260622817,19733,2021-05-17 12:45:00+00:00
5633,1260622817,19731,2021-05-17 11:18:06+00:00
5634,1260622817,19725,2021-05-17 07:59:04+00:00
5635,1260622817,19724,2021-05-17 07:40:13+00:00
5636,1260622817,19715,2021-05-16 16:17:03+00:00
5637,1260622817,19712,2021-05-16 12:13:19+00:00
5638,1260622817,19710,2021-05-16 11:38:33+00:00
5639,1260622817,19704,2021-05-15 15:22:01+00:00
5640,1260622817,19701,2021-05-15 12:58:47+00:00
5641,1260622817,19693,2021-05-15 09:06:11+00:00
5642,1260622817,19690,2021-05-14 17:20:00+00:00
5643,1260622817,19688,2021-05-14 16:37:25+00:00
5644,1260622817,19685,2021-05-14 16:00:00+00:00
5645,1260622817,19681,2021-05-14 13:43:21+00:00
5646,1260622817,19667,2021-05-13 16:42:44+00:00
5647,1260622817,19659,2021-05-13 12:47:23+00:00
5648,1260622817,19652,2021-05-13 08:19:31+00:00
5649,1260622817,19651,2021-05-13 07:53:32+00:00
5650,1260622817,19637,2021-05-12 12:10:11+00:00
5651,1260622817,19636,2021-05-12 12:01:22+00:00
5652,1260622817,19634,2021-05-12 10:23:18+00:00
5653,1260622817,19627,2021-05-11 17:53:54+00:00
5654,1260622817,19623,2021-05-11 14:37:18+00:00
5655,1260622817,19622,2021-05-11 14:10:50+00:00
5656,1260622817,19617,2021-05-11 13:03:16+00:00
5657,1260622817,19616,2021-05-11 12:52:21+00:00
5658,1260622817,19611,2021-05-11 11:16:59+00:00
5659,1260622817,19607,2021-05-11 10:06:54+00:00
5660,1260622817,19591,2021-05-11 07:19:23+00:00
5661,1260622817,19579,2021-05-10 12:36:28+00:00
5662,1260622817,19572,2021-05-09 17:17:41+00:00
5663,1260622817,19569,2021-05-09 12:38:15+00:00
5664,1260622817,19568,2021-05-09 11:41:53+00:00
5665,1260622817,19565,2021-05-09 09:27:24+00:00
5666,1260622817,19557,2021-05-08 17:08:11+00:00
5667,1260622817,19552,2021-05-08 12:30:24+00:00
5668,1260622817,19551,2021-05-08 11:13:39+00:00
5669,1260622817,19544,2021-05-08 07:47:48+00:00
5670,1260622817,19543,2021-05-07 17:07:33+00:00
5671,1260622817,19539,2021-05-07 13:07:59+00:00
5672,1260622817,19537,2021-05-07 11:01:06+00:00
5673,1260622817,19536,2021-05-07 10:36:37+00:00
5674,1260622817,19533,2021-05-07 07:32:46+00:00
5675,1260622817,19532,2021-05-07 06:25:16+00:00
5676,1260622817,19526,2021-05-06 16:09:15+00:00
5677,1260622817,19524,2021-05-06 14:51:29+00:00
5678,1260622817,19519,2021-05-06 12:37:49+00:00
5679,1260622817,19509,2021-05-06 06:49:36+00:00
5680,1260622817,19506,2021-05-05 16:49:04+00:00
5681,1260622817,19497,2021-05-04 18:28:43+00:00
5682,1260622817,19495,2021-05-04 17:55:28+00:00
5683,1260622817,19469,2021-05-03 15:00:26+00:00
5684,1260622817,19467,2021-05-03 14:13:01+00:00
5685,1260622817,19465,2021-05-03 12:22:06+00:00
5686,1260622817,19462,2021-05-03 10:44:25+00:00
5687,1260622817,19456,2021-05-03 07:12:52+00:00
5688,1260622817,19440,2021-05-02 10:25:16+00:00
5689,1260622817,19438,2021-05-01 17:27:43+00:00
5690,1260622817,19436,2021-05-01 15:13:10+00:00
5691,1260622817,19432,2021-05-01 11:13:46+00:00
5692,1260622817,19423,2021-04-30 17:26:33+00:00
5693,1260622817,19411,2021-04-30 15:17:28+00:00
5694,1260622817,19407,2021-04-30 14:28:28+00:00
5695,1260622817,19404,2021-04-30 14:17:24+00:00
5696,1260622817,19403,2021-04-30 13:05:42+00:00
5697,1260622817,19401,2021-04-30 11:31:19+00:00
5698,1260622817,19394,2021-04-29 18:44:13+00:00
5699,1260622817,19389,2021-04-29 15:29:40+00:00
5700,1260622817,19365,2021-04-29 08:03:31+00:00
5701,1260622817,19355,2021-04-28 16:52:41+00:00
5702,1260622817,19349,2021-04-28 11:34:29+00:00
5703,1260622817,19341,2021-04-28 06:36:54+00:00
5704,1260622817,19339,2021-04-27 17:14:45+00:00
5705,1260622817,19323,2021-04-27 07:58:48+00:00
5706,1260622817,19314,2021-04-26 13:22:01+00:00
5707,1260622817,19303,2021-04-26 08:08:53+00:00
5708,1260622817,19292,2021-04-25 11:41:29+00:00
5709,1260622817,19281,2021-04-24 19:17:47+00:00
5710,1260622817,19272,2021-04-24 13:55:27+00:00
5711,1260622817,19271,2021-04-24 13:18:56+00:00
5712,1260622817,19263,2021-04-24 10:05:25+00:00
5713,1260622817,19262,2021-04-24 09:40:16+00:00
5714,1260622817,19261,2021-04-24 09:14:57+00:00
5715,1260622817,19234,2021-04-22 16:52:50+00:00
5716,1260622817,19227,2021-04-22 09:53:02+00:00
5717,1260622817,19216,2021-04-21 19:19:41+00:00
5718,1260622817,19215,2021-04-21 19:17:11+00:00
5719,1260622817,19214,2021-04-21 19:10:58+00:00
5720,1260622817,19204,2021-04-21 17:47:19+00:00
5721,1260622817,19193,2021-04-21 16:51:39+00:00
5722,1260622817,19192,2021-04-21 16:48:29+00:00
5723,1260622817,19189,2021-04-21 16:29:26+00:00
5724,1260622817,19188,2021-04-21 16:18:28+00:00
5725,1260622817,19187,2021-04-21 16:12:45+00:00
5726,1260622817,19186,2021-04-21 16:05:55+00:00
5727,1260622817,19180,2021-04-21 15:26:29+00:00
5728,1260622817,19172,2021-04-21 13:58:39+00:00
5729,1260622817,19171,2021-04-21 13:50:07+00:00
5730,1260622817,19151,2021-04-21 10:24:44+00:00
5731,1260622817,19150,2021-04-21 10:17:19+00:00
5732,1260622817,19145,2021-04-21 09:53:09+00:00
5733,1260622817,19140,2021-04-21 09:30:49+00:00
5734,1260622817,19130,2021-04-20 18:37:35+00:00
5735,1260622817,19123,2021-04-20 14:10:00+00:00
5736,1260622817,19121,2021-04-20 13:31:23+00:00
5737,1260622817,19119,2021-04-20 11:22:45+00:00
5738,1260622817,19117,2021-04-20 08:14:53+00:00
5739,1260622817,19115,2021-04-20 05:39:17+00:00
5740,1260622817,19113,2021-04-19 17:17:31+00:00
5741,1260622817,19112,2021-04-19 16:41:43+00:00
5742,1260622817,19109,2021-04-19 12:55:24+00:00
5743,1260622817,19107,2021-04-19 10:47:31+00:00
5744,1260622817,19104,2021-04-19 07:13:17+00:00
5745,1260622817,19100,2021-04-18 16:44:51+00:00
5746,1260622817,19098,2021-04-18 14:45:47+00:00
5747,1260622817,19097,2021-04-18 13:41:16+00:00
5748,1260622817,19095,2021-04-18 12:02:21+00:00
5749,1260622817,19092,2021-04-18 11:27:23+00:00
5750,1260622817,19087,2021-04-17 18:43:20+00:00
5751,1260622817,19085,2021-04-17 15:33:07+00:00
5752,1260622817,19068,2021-04-16 13:56:06+00:00
5753,1260622817,19067,2021-04-16 13:22:24+00:00
5754,1260622817,19065,2021-04-16 12:42:54+00:00
5755,1260622817,19063,2021-04-16 12:07:06+00:00
5756,1260622817,19057,2021-04-16 09:25:56+00:00
5757,1260622817,19050,2021-04-15 16:03:55+00:00
5758,1260622817,19033,2021-04-15 06:24:03+00:00
5759,1260622817,19032,2021-04-14 20:04:06+00:00
5760,1260622817,19030,2021-04-14 18:52:43+00:00
5761,1260622817,19024,2021-04-14 16:49:18+00:00
5762,1255428755,12338,2021-11-30 16:18:51+00:00
5763,1255428755,12336,2021-11-30 15:42:06+00:00
5764,1255428755,12334,2021-11-30 14:47:28+00:00
5765,1255428755,12331,2021-11-30 08:02:01+00:00
5766,1255428755,12330,2021-11-30 07:35:00+00:00
5767,1255428755,12323,2021-11-30 06:18:00+00:00
5768,1255428755,12322,2021-11-30 03:13:12+00:00
5769,1255428755,12320,2021-11-29 20:59:55+00:00
5770,1255428755,12315,2021-11-29 16:02:01+00:00
5771,1255428755,12314,2021-11-29 15:01:07+00:00
5772,1255428755,12308,2021-11-29 13:14:19+00:00
5773,1255428755,12307,2021-11-29 12:44:05+00:00
5774,1255428755,12306,2021-11-29 09:23:34+00:00
5775,1255428755,12305,2021-11-29 09:03:17+00:00
5776,1255428755,12304,2021-11-28 18:56:01+00:00
5777,1255428755,12302,2021-11-28 15:44:32+00:00
5778,1255428755,12301,2021-11-28 12:04:29+00:00
5779,1255428755,12297,2021-11-28 10:31:25+00:00
5780,1255428755,12296,2021-11-28 04:19:58+00:00
5781,1255428755,12293,2021-11-27 18:15:03+00:00
5782,1255428755,12292,2021-11-27 16:53:31+00:00
5783,1255428755,12291,2021-11-27 14:53:39+00:00
5784,1255428755,12289,2021-11-27 12:50:47+00:00
5785,1255428755,12285,2021-11-27 11:24:22+00:00
5786,1255428755,12284,2021-11-27 08:53:42+00:00
5787,1255428755,12280,2021-11-26 18:15:55+00:00
5788,1255428755,12278,2021-11-26 17:13:36+00:00
5789,1255428755,12276,2021-11-26 16:51:52+00:00
5790,1255428755,12272,2021-11-26 13:49:25+00:00
5791,1255428755,12270,2021-11-26 10:09:33+00:00
5792,1255428755,12268,2021-11-26 10:03:03+00:00
5793,1255428755,12265,2021-11-26 09:43:48+00:00
5794,1255428755,12264,2021-11-26 09:33:20+00:00
5795,1255428755,12259,2021-11-25 19:58:34+00:00
5796,1255428755,12258,2021-11-25 19:40:56+00:00
5797,1255428755,12256,2021-11-25 19:35:47+00:00
5798,1255428755,12255,2021-11-25 19:32:44+00:00
5799,1255428755,12248,2021-11-25 16:05:09+00:00
5800,1255428755,12246,2021-11-25 14:53:08+00:00
5801,1255428755,12245,2021-11-25 13:30:08+00:00
5802,1255428755,12241,2021-11-25 13:26:53+00:00
5803,1255428755,12240,2021-11-25 13:21:13+00:00
5804,1255428755,12237,2021-11-25 09:53:42+00:00
5805,1255428755,12235,2021-11-25 08:29:31+00:00
5806,1255428755,12234,2021-11-25 08:27:24+00:00
5807,1255428755,12232,2021-11-25 08:19:25+00:00
5808,1255428755,12228,2021-11-24 19:43:50+00:00
5809,1255428755,12227,2021-11-24 19:07:05+00:00
5810,1255428755,12226,2021-11-24 17:27:27+00:00
5811,1255428755,12225,2021-11-24 17:22:21+00:00
5812,1255428755,12223,2021-11-24 17:16:09+00:00
5813,1255428755,12222,2021-11-24 15:21:51+00:00
5814,1255428755,12220,2021-11-24 12:15:51+00:00
5815,1255428755,12219,2021-11-24 12:10:29+00:00
5816,1255428755,12218,2021-11-24 10:48:27+00:00
5817,1255428755,12216,2021-11-24 07:36:07+00:00
5818,1255428755,12215,2021-11-24 07:30:54+00:00
5819,1255428755,12214,2021-11-23 19:46:48+00:00
5820,1255428755,12212,2021-11-23 19:43:22+00:00
5821,1255428755,12211,2021-11-23 19:28:19+00:00
5822,1255428755,12207,2021-11-23 13:30:42+00:00
5823,1255428755,12206,2021-11-23 13:22:18+00:00
5824,1255428755,12203,2021-11-23 10:06:23+00:00
5825,1255428755,12200,2021-11-22 18:19:23+00:00
5826,1255428755,12199,2021-11-22 16:52:48+00:00
5827,1255428755,12187,2021-11-22 14:38:32+00:00
5828,1255428755,12186,2021-11-22 12:49:51+00:00
5829,1255428755,12183,2021-11-22 12:28:36+00:00
5830,1255428755,12182,2021-11-22 12:15:11+00:00
5831,1255428755,12181,2021-11-22 11:15:04+00:00
5832,1255428755,12180,2021-11-22 08:54:30+00:00
5833,1255428755,12174,2021-11-21 16:55:04+00:00
5834,1255428755,12172,2021-11-21 13:53:36+00:00
5835,1255428755,12171,2021-11-21 11:21:36+00:00
5836,1255428755,12170,2021-11-21 09:21:31+00:00
5837,1255428755,12167,2021-11-20 18:00:01+00:00
5838,1255428755,12157,2021-11-20 15:48:35+00:00
5839,1255428755,12156,2021-11-20 14:36:26+00:00
5840,1255428755,12152,2021-11-20 13:44:11+00:00
5841,1255428755,12150,2021-11-20 11:02:55+00:00
5842,1255428755,12148,2021-11-20 08:28:10+00:00
5843,1255428755,12147,2021-11-20 08:00:39+00:00
5844,1255428755,12143,2021-11-19 16:01:44+00:00
5845,1255428755,12142,2021-11-19 14:51:31+00:00
5846,1255428755,12141,2021-11-19 14:42:54+00:00
5847,1255428755,12138,2021-11-19 12:15:07+00:00
5848,1255428755,12134,2021-11-19 07:22:29+00:00
5849,1255428755,12122,2021-11-18 13:28:20+00:00
5850,1255428755,12111,2021-11-17 18:43:39+00:00
5851,1255428755,12110,2021-11-17 18:38:06+00:00
5852,1255428755,12102,2021-11-17 14:54:18+00:00
5853,1255428755,12098,2021-11-17 11:01:46+00:00
5854,1255428755,12094,2021-11-17 10:54:37+00:00
5855,1255428755,12092,2021-11-17 10:33:12+00:00
5856,1255428755,12089,2021-11-17 08:20:39+00:00
5857,1255428755,12087,2021-11-17 08:09:48+00:00
5858,1255428755,12086,2021-11-17 07:33:47+00:00
5859,1255428755,12085,2021-11-17 07:28:54+00:00
5860,1255428755,12083,2021-11-16 20:32:02+00:00
5861,1255428755,12081,2021-11-16 19:21:07+00:00
5862,1255428755,12078,2021-11-16 16:03:41+00:00
5863,1255428755,12076,2021-11-16 15:51:17+00:00
5864,1255428755,12075,2021-11-16 14:05:58+00:00
5865,1255428755,12072,2021-11-16 10:36:28+00:00
5866,1255428755,12059,2021-11-15 18:30:12+00:00
5867,1255428755,12058,2021-11-15 16:14:01+00:00
5868,1255428755,12054,2021-11-15 12:55:53+00:00
5869,1255428755,12050,2021-11-15 11:25:26+00:00
5870,1255428755,12049,2021-11-15 11:19:17+00:00
5871,1255428755,12043,2021-11-15 06:49:41+00:00
5872,1255428755,12042,2021-11-15 06:36:23+00:00
5873,1255428755,12041,2021-11-14 21:27:24+00:00
5874,1255428755,12037,2021-11-14 16:27:45+00:00
5875,1255428755,12036,2021-11-14 14:00:47+00:00
5876,1255428755,12035,2021-11-14 13:26:31+00:00
5877,1255428755,12032,2021-11-14 12:26:01+00:00
5878,1255428755,12030,2021-11-14 10:36:32+00:00
5879,1255428755,12027,2021-11-14 10:22:34+00:00
5880,1255428755,12025,2021-11-14 06:38:18+00:00
5881,1255428755,12013,2021-11-13 12:54:04+00:00
5882,1255428755,12008,2021-11-12 18:49:01+00:00
5883,1255428755,12000,2021-11-12 17:05:53+00:00
5884,1255428755,11999,2021-11-12 16:48:48+00:00
5885,1255428755,11998,2021-11-12 16:39:00+00:00
5886,1255428755,11995,2021-11-12 13:45:07+00:00
5887,1255428755,11994,2021-11-12 12:37:08+00:00
5888,1255428755,11989,2021-11-12 10:26:41+00:00
5889,1255428755,11988,2021-11-12 08:56:06+00:00
5890,1255428755,11987,2021-11-12 07:55:45+00:00
5891,1255428755,11982,2021-11-11 17:27:00+00:00
5892,1255428755,11981,2021-11-11 16:25:46+00:00
5893,1255428755,11979,2021-11-11 12:06:16+00:00
5894,1255428755,11972,2021-11-11 09:16:02+00:00
5895,1255428755,11969,2021-11-11 08:02:03+00:00
5896,1255428755,11967,2021-11-11 07:13:02+00:00
5897,1255428755,11962,2021-11-10 19:05:58+00:00
5898,1255428755,11959,2021-11-10 14:44:45+00:00
5899,1255428755,11954,2021-11-10 09:11:12+00:00
5900,1255428755,11945,2021-11-09 20:00:18+00:00
5901,1255428755,11944,2021-11-09 19:52:09+00:00
5902,1255428755,11942,2021-11-09 19:46:43+00:00
5903,1255428755,11936,2021-11-09 09:18:39+00:00
5904,1255428755,11929,2021-11-08 18:33:01+00:00
5905,1255428755,11926,2021-11-08 16:16:28+00:00
5906,1255428755,11925,2021-11-08 16:09:15+00:00
5907,1255428755,11924,2021-11-08 13:05:11+00:00
5908,1255428755,11920,2021-11-08 10:37:00+00:00
5909,1255428755,11918,2021-11-08 06:25:28+00:00
5910,1255428755,11916,2021-11-08 06:12:05+00:00
5911,1255428755,11909,2021-11-07 18:19:11+00:00
5912,1255428755,11904,2021-11-07 17:52:24+00:00
5913,1255428755,11897,2021-11-06 19:27:12+00:00
5914,1255428755,11896,2021-11-06 18:02:01+00:00
5915,1255428755,11893,2021-11-06 16:04:27+00:00
5916,1255428755,11892,2021-11-06 14:49:01+00:00
5917,1255428755,11876,2021-11-06 07:11:01+00:00
5918,1255428755,11873,2021-11-06 06:15:10+00:00
5919,1255428755,11871,2021-11-05 20:37:47+00:00
5920,1255428755,11865,2021-11-05 15:00:08+00:00
5921,1255428755,11861,2021-11-05 10:45:13+00:00
5922,1255428755,11857,2021-11-05 10:10:16+00:00
5923,1255428755,11855,2021-11-05 10:03:00+00:00
5924,1255428755,11854,2021-11-05 08:00:12+00:00
5925,1255428755,11852,2021-11-05 06:14:01+00:00
5926,1255428755,11851,2021-11-04 20:22:49+00:00
5927,1255428755,11844,2021-11-04 16:51:01+00:00
5928,1255428755,11842,2021-11-04 15:06:44+00:00
5929,1255428755,11841,2021-11-04 11:48:26+00:00
5930,1255428755,11839,2021-11-03 19:32:38+00:00
5931,1255428755,11836,2021-11-03 17:29:09+00:00
5932,1255428755,11829,2021-11-03 14:47:09+00:00
5933,1255428755,11828,2021-11-03 14:28:58+00:00
5934,1255428755,11827,2021-11-03 11:13:41+00:00
5935,1255428755,11825,2021-11-03 10:59:42+00:00
5936,1255428755,11822,2021-11-02 19:11:54+00:00
5937,1255428755,11820,2021-11-02 17:22:11+00:00
5938,1255428755,11798,2021-11-02 12:39:40+00:00
5939,1255428755,11797,2021-11-02 11:54:00+00:00
5940,1255428755,11793,2021-11-02 11:49:43+00:00
5941,1255428755,11791,2021-11-02 10:36:59+00:00
5942,1255428755,11790,2021-11-02 09:47:46+00:00
5943,1255428755,11786,2021-11-01 20:09:54+00:00
5944,1255428755,11784,2021-11-01 15:08:12+00:00
5945,1255428755,11783,2021-11-01 14:52:11+00:00
5946,1255428755,11778,2021-11-01 13:22:03+00:00
5947,1255428755,11777,2021-11-01 12:46:03+00:00
5948,1255428755,11774,2021-11-01 11:51:06+00:00
5949,1255428755,11770,2021-11-01 05:00:14+00:00
5950,1255428755,11769,2021-10-31 20:32:12+00:00
5951,1255428755,11766,2021-10-31 12:24:40+00:00
5952,1255428755,11732,2021-10-30 11:23:44+00:00
5953,1255428755,11728,2021-10-30 11:01:05+00:00
5954,1255428755,11726,2021-10-30 09:27:55+00:00
5955,1255428755,11724,2021-10-29 23:58:49+00:00
5956,1255428755,11719,2021-10-29 18:37:31+00:00
5957,1255428755,11712,2021-10-29 14:35:05+00:00
5958,1255428755,11711,2021-10-29 13:52:36+00:00
5959,1255428755,11707,2021-10-29 13:32:14+00:00
5960,1255428755,11698,2021-10-29 12:27:38+00:00
5961,1255428755,11695,2021-10-29 11:39:16+00:00
5962,1255428755,11694,2021-10-29 11:09:04+00:00
5963,1255428755,11693,2021-10-29 09:21:19+00:00
5964,1255428755,11690,2021-10-28 21:59:44+00:00
5965,1255428755,11680,2021-10-28 20:01:29+00:00
5966,1255428755,11675,2021-10-28 18:31:50+00:00
5967,1255428755,11674,2021-10-28 17:33:44+00:00
5968,1255428755,11670,2021-10-28 15:57:55+00:00
5969,1255428755,11669,2021-10-28 14:35:10+00:00
5970,1255428755,11663,2021-10-28 08:49:05+00:00
5971,1255428755,11659,2021-10-27 20:44:06+00:00
5972,1255428755,11655,2021-10-27 20:12:11+00:00
5973,1255428755,11651,2021-10-27 19:16:21+00:00
5974,1255428755,11645,2021-10-27 18:52:11+00:00
5975,1255428755,11640,2021-10-27 18:49:16+00:00
5976,1255428755,11639,2021-10-27 18:45:01+00:00
5977,1255428755,11638,2021-10-27 18:41:06+00:00
5978,1255428755,11636,2021-10-27 17:30:00+00:00
5979,1255428755,11634,2021-10-27 17:08:05+00:00
5980,1255428755,11631,2021-10-27 16:27:10+00:00
5981,1255428755,11629,2021-10-27 16:02:35+00:00
5982,1255428755,11628,2021-10-27 13:50:42+00:00
5983,1255428755,11627,2021-10-27 11:32:35+00:00
5984,1255428755,11626,2021-10-27 10:35:10+00:00
5985,1255428755,11625,2021-10-27 09:45:00+00:00
5986,1255428755,11621,2021-10-27 06:03:06+00:00
5987,1255428755,11618,2021-10-26 16:36:28+00:00
5988,1255428755,11610,2021-10-26 13:25:08+00:00
5989,1255428755,11607,2021-10-26 11:08:00+00:00
5990,1255428755,11606,2021-10-26 10:38:46+00:00
5991,1255428755,11605,2021-10-26 09:38:57+00:00
5992,1255428755,11598,2021-10-25 19:18:32+00:00
5993,1255428755,11597,2021-10-25 16:46:17+00:00
5994,1255428755,11585,2021-10-25 08:43:23+00:00
5995,1255428755,11582,2021-10-24 21:23:14+00:00
5996,1255428755,11577,2021-10-24 19:29:16+00:00
5997,1255428755,11573,2021-10-24 12:17:09+00:00
5998,1255428755,11571,2021-10-24 09:24:21+00:00
5999,1255428755,11563,2021-10-23 20:54:16+00:00
6000,1255428755,11558,2021-10-23 20:32:01+00:00
6001,1255428755,11557,2021-10-23 19:22:47+00:00
6002,1255428755,11554,2021-10-23 16:05:13+00:00
6003,1255428755,11553,2021-10-23 15:03:30+00:00
6004,1255428755,11551,2021-10-23 14:16:11+00:00
6005,1255428755,11550,2021-10-23 11:39:32+00:00
6006,1255428755,11545,2021-10-23 06:57:06+00:00
6007,1255428755,11532,2021-10-22 19:37:06+00:00
6008,1255428755,11522,2021-10-22 18:16:11+00:00
6009,1255428755,11517,2021-10-22 16:16:06+00:00
6010,1255428755,11515,2021-10-22 14:24:59+00:00
6011,1255428755,11512,2021-10-22 12:05:03+00:00
6012,1255428755,11511,2021-10-22 11:10:42+00:00
6013,1255428755,11506,2021-10-22 06:09:06+00:00
6014,1255428755,11500,2021-10-21 20:20:16+00:00
6015,1255428755,11499,2021-10-21 20:17:42+00:00
6016,1255428755,11496,2021-10-21 20:15:38+00:00
6017,1255428755,11494,2021-10-21 19:15:15+00:00
6018,1255428755,11490,2021-10-21 17:43:45+00:00
6019,1255428755,11488,2021-10-21 17:23:19+00:00
6020,1255428755,11486,2021-10-21 16:46:23+00:00
6021,1255428755,11480,2021-10-21 14:21:24+00:00
6022,1255428755,11479,2021-10-21 14:04:28+00:00
6023,1255428755,11473,2021-10-21 09:44:32+00:00
6024,1255428755,11472,2021-10-21 08:46:00+00:00
6025,1255428755,11465,2021-10-20 20:38:06+00:00
6026,1255428755,11459,2021-10-20 17:17:18+00:00
6027,1255428755,11454,2021-10-20 12:02:55+00:00
6028,1255428755,11453,2021-10-20 10:24:24+00:00
6029,1255428755,11450,2021-10-20 08:04:54+00:00
6030,1255428755,11446,2021-10-19 20:04:07+00:00
6031,1255428755,11434,2021-10-19 13:49:03+00:00
6032,1255428755,11431,2021-10-19 13:29:08+00:00
6033,1255428755,11430,2021-10-19 13:20:16+00:00
6034,1255428755,11428,2021-10-19 09:24:24+00:00
6035,1255428755,11421,2021-10-18 20:32:58+00:00
6036,1255428755,11420,2021-10-18 18:46:59+00:00
6037,1255428755,11417,2021-10-18 17:56:08+00:00
6038,1255428755,11414,2021-10-18 15:42:32+00:00
6039,1255428755,11408,2021-10-18 09:45:06+00:00
6040,1255428755,11398,2021-10-17 18:53:07+00:00
6041,1255428755,11397,2021-10-17 17:00:23+00:00
6042,1255428755,11390,2021-10-17 16:43:49+00:00
6043,1255428755,11387,2021-10-17 14:24:47+00:00
6044,1255428755,11385,2021-10-17 13:51:39+00:00
6045,1255428755,11384,2021-10-17 12:24:34+00:00
6046,1255428755,11382,2021-10-17 09:07:52+00:00
6047,1255428755,11381,2021-10-17 04:13:14+00:00
6048,1255428755,11378,2021-10-16 20:43:27+00:00
6049,1255428755,11373,2021-10-16 17:21:13+00:00
6050,1255428755,11372,2021-10-16 12:40:01+00:00
6051,1255428755,11366,2021-10-16 10:53:00+00:00
6052,1255428755,11364,2021-10-16 06:52:01+00:00
6053,1255428755,11362,2021-10-15 21:01:06+00:00
6054,1255428755,11352,2021-10-15 15:48:09+00:00
6055,1255428755,11351,2021-10-15 12:36:11+00:00
6056,1255428755,11349,2021-10-15 08:56:17+00:00
6057,1255428755,11343,2021-10-14 17:08:24+00:00
6058,1255428755,11342,2021-10-14 15:02:35+00:00
6059,1255428755,11339,2021-10-14 13:55:11+00:00
6060,1255428755,11338,2021-10-14 13:20:55+00:00
6061,1255428755,11334,2021-10-14 10:14:44+00:00
6062,1255428755,11327,2021-10-13 19:35:35+00:00
6063,1255428755,11326,2021-10-13 17:34:50+00:00
6064,1255428755,11323,2021-10-13 15:48:48+00:00
6065,1255428755,11313,2021-10-13 08:39:52+00:00
6066,1255428755,11311,2021-10-13 08:30:16+00:00
6067,1255428755,11308,2021-10-12 21:10:37+00:00
6068,1255428755,11302,2021-10-12 15:30:15+00:00
6069,1255428755,11300,2021-10-12 14:22:18+00:00
6070,1255428755,11294,2021-10-12 13:53:38+00:00
6071,1255428755,11292,2021-10-12 12:12:15+00:00
6072,1255428755,11289,2021-10-12 08:46:00+00:00
6073,1255428755,11287,2021-10-12 08:32:52+00:00
6074,1255428755,11279,2021-10-11 22:56:43+00:00
6075,1255428755,11270,2021-10-11 16:57:50+00:00
6076,1255428755,11264,2021-10-11 12:47:07+00:00
6077,1255428755,11263,2021-10-11 11:20:48+00:00
6078,1255428755,11258,2021-10-11 08:59:25+00:00
6079,1255428755,11252,2021-10-10 13:56:23+00:00
6080,1255428755,11249,2021-10-10 12:18:33+00:00
6081,1255428755,11247,2021-10-10 11:59:47+00:00
6082,1255428755,11246,2021-10-10 10:40:52+00:00
6083,1255428755,11242,2021-10-09 19:52:48+00:00
6084,1255428755,11240,2021-10-09 19:51:12+00:00
6085,1255428755,11235,2021-10-09 17:33:36+00:00
6086,1255428755,11233,2021-10-09 16:27:07+00:00
6087,1255428755,11223,2021-10-09 09:05:46+00:00
6088,1255428755,11221,2021-10-09 06:26:48+00:00
6089,1255428755,11218,2021-10-08 19:11:07+00:00
6090,1255428755,11217,2021-10-08 16:59:58+00:00
6091,1255428755,11216,2021-10-08 16:55:46+00:00
6092,1255428755,11215,2021-10-08 16:27:29+00:00
6093,1255428755,11214,2021-10-08 15:14:30+00:00
6094,1255428755,11208,2021-10-08 15:11:23+00:00
6095,1255428755,11207,2021-10-08 12:53:49+00:00
6096,1255428755,11205,2021-10-08 10:03:29+00:00
6097,1255428755,11204,2021-10-08 09:09:58+00:00
6098,1255428755,11199,2021-10-07 22:09:09+00:00
6099,1255428755,11191,2021-10-07 16:30:56+00:00
6100,1255428755,11172,2021-10-06 18:17:15+00:00
6101,1255428755,11165,2021-10-06 15:20:23+00:00
6102,1255428755,11164,2021-10-06 15:03:06+00:00
6103,1255428755,11162,2021-10-06 13:11:50+00:00
6104,1255428755,11155,2021-10-06 12:06:58+00:00
6105,1255428755,11151,2021-10-06 11:37:10+00:00
6106,1255428755,11149,2021-10-06 08:07:56+00:00
6107,1255428755,11146,2021-10-05 20:10:35+00:00
6108,1255428755,11141,2021-10-05 14:19:07+00:00
6109,1255428755,11138,2021-10-05 12:28:17+00:00
6110,1255428755,11132,2021-10-05 09:10:02+00:00
6111,1255428755,11131,2021-10-05 07:46:15+00:00
6112,1255428755,11130,2021-10-05 07:36:32+00:00
6113,1255428755,11127,2021-10-04 21:11:06+00:00
6114,1255428755,11124,2021-10-04 20:27:16+00:00
6115,1255428755,11122,2021-10-04 20:23:24+00:00
6116,1255428755,11121,2021-10-04 20:19:20+00:00
6117,1255428755,11120,2021-10-04 20:11:03+00:00
6118,1255428755,11116,2021-10-04 20:07:10+00:00
6119,1255428755,11115,2021-10-04 20:04:35+00:00
6120,1255428755,11114,2021-10-04 19:55:05+00:00
6121,1255428755,11110,2021-10-04 19:39:03+00:00
6122,1255428755,11106,2021-10-04 19:14:05+00:00
6123,1255428755,11105,2021-10-04 19:05:54+00:00
6124,1255428755,11098,2021-10-04 17:24:12+00:00
6125,1255428755,11095,2021-10-04 16:00:31+00:00
6126,1255428755,11091,2021-10-04 15:25:23+00:00
6127,1255428755,11089,2021-10-04 13:36:30+00:00
6128,1255428755,11085,2021-10-04 08:13:08+00:00
6129,1255428755,11082,2021-10-03 20:21:22+00:00
6130,1255428755,11080,2021-10-03 18:02:06+00:00
6131,1255428755,11076,2021-10-03 17:26:19+00:00
6132,1255428755,11075,2021-10-03 17:19:58+00:00
6133,1255428755,11074,2021-10-03 16:59:11+00:00
6134,1255428755,11072,2021-10-03 15:43:09+00:00
6135,1255428755,11069,2021-10-03 13:50:02+00:00
6136,1255428755,11066,2021-10-03 11:24:56+00:00
6137,1255428755,11062,2021-10-03 09:48:48+00:00
6138,1255428755,11060,2021-10-03 08:01:29+00:00
6139,1255428755,11059,2021-10-03 07:55:52+00:00
6140,1255428755,11057,2021-10-03 06:53:10+00:00
6141,1255428755,11053,2021-10-02 20:31:06+00:00
6142,1255428755,11051,2021-10-02 17:41:17+00:00
6143,1255428755,11049,2021-10-02 15:43:00+00:00
6144,1255428755,11044,2021-10-02 12:29:21+00:00
6145,1255428755,11033,2021-10-02 09:00:09+00:00
6146,1255428755,11026,2021-10-02 08:06:46+00:00
6147,1255428755,11020,2021-10-01 19:18:02+00:00
6148,1255428755,11017,2021-10-01 18:31:31+00:00
6149,1255428755,11015,2021-10-01 17:50:57+00:00
6150,1255428755,11012,2021-10-01 12:56:23+00:00
6151,1255428755,11008,2021-10-01 12:00:48+00:00
6152,1255428755,10997,2021-10-01 07:08:44+00:00
6153,1255428755,10996,2021-10-01 00:37:14+00:00
6154,1255428755,10993,2021-09-30 17:27:59+00:00
6155,1255428755,10991,2021-09-30 14:07:39+00:00
6156,1255428755,10990,2021-09-30 14:03:44+00:00
6157,1255428755,10985,2021-09-30 13:33:33+00:00
6158,1255428755,10983,2021-09-30 11:40:34+00:00
6159,1255428755,10982,2021-09-30 11:29:07+00:00
6160,1255428755,10979,2021-09-30 10:01:13+00:00
6161,1255428755,10973,2021-09-30 06:17:31+00:00
6162,1255428755,10972,2021-09-29 20:50:12+00:00
6163,1255428755,10968,2021-09-29 18:50:44+00:00
6164,1255428755,10967,2021-09-29 18:41:58+00:00
6165,1255428755,10961,2021-09-29 15:52:15+00:00
6166,1255428755,10949,2021-09-29 09:59:33+00:00
6167,1255428755,10944,2021-09-28 20:02:48+00:00
6168,1255428755,10935,2021-09-28 16:28:55+00:00
6169,1255428755,10934,2021-09-28 15:52:55+00:00
6170,1255428755,10915,2021-09-27 18:43:13+00:00
6171,1255428755,10914,2021-09-27 17:48:08+00:00
6172,1255428755,10911,2021-09-27 15:49:32+00:00
6173,1255428755,10910,2021-09-27 14:25:58+00:00
6174,1255428755,10909,2021-09-27 07:11:06+00:00
6175,1255428755,10904,2021-09-26 16:59:41+00:00
6176,1255428755,10903,2021-09-26 15:55:02+00:00
6177,1255428755,10902,2021-09-26 14:33:54+00:00
6178,1255428755,10901,2021-09-26 13:08:27+00:00
6179,1255428755,10888,2021-09-25 17:39:06+00:00
6180,1255428755,10885,2021-09-25 12:47:53+00:00
6181,1255428755,10884,2021-09-25 12:37:59+00:00
6182,1255428755,10883,2021-09-25 12:35:13+00:00
6183,1255428755,10880,2021-09-25 12:15:33+00:00
6184,1255428755,10868,2021-09-24 16:24:43+00:00
6185,1255428755,10863,2021-09-24 14:59:45+00:00
6186,1255428755,10861,2021-09-24 14:00:47+00:00
6187,1255428755,10860,2021-09-24 09:35:06+00:00
6188,1255428755,10858,2021-09-24 09:16:03+00:00
6189,1255428755,10851,2021-09-23 14:21:51+00:00
6190,1255428755,10850,2021-09-23 14:17:51+00:00
6191,1255428755,10844,2021-09-23 09:00:43+00:00
6192,1255428755,10841,2021-09-23 08:14:41+00:00
6193,1255428755,10839,2021-09-23 07:06:42+00:00
6194,1255428755,10836,2021-09-23 00:48:33+00:00
6195,1255428755,10824,2021-09-22 19:57:44+00:00
6196,1255428755,10820,2021-09-22 12:30:35+00:00
6197,1255428755,10819,2021-09-22 11:46:27+00:00
6198,1255428755,10818,2021-09-22 10:04:56+00:00
6199,1255428755,10816,2021-09-22 07:24:27+00:00
6200,1255428755,10815,2021-09-21 23:13:59+00:00
6201,1255428755,10730,2021-09-19 19:56:24+00:00
6202,1255428755,10725,2021-09-19 17:51:57+00:00
6203,1255428755,10724,2021-09-19 16:29:41+00:00
6204,1255428755,10709,2021-09-18 15:47:14+00:00
6205,1255428755,10707,2021-09-18 09:49:46+00:00
6206,1255428755,10699,2021-09-17 15:15:30+00:00
6207,1255428755,10697,2021-09-17 14:45:59+00:00
6208,1255428755,10695,2021-09-17 12:21:23+00:00
6209,1255428755,10687,2021-09-17 05:11:57+00:00
6210,1255428755,10676,2021-09-16 17:09:47+00:00
6211,1255428755,10673,2021-09-16 16:29:16+00:00
6212,1255428755,10666,2021-09-16 07:53:03+00:00
6213,1255428755,10659,2021-09-15 18:54:07+00:00
6214,1255428755,10656,2021-09-15 18:00:06+00:00
6215,1255428755,10653,2021-09-15 17:51:00+00:00
6216,1255428755,10649,2021-09-15 10:02:06+00:00
6217,1255428755,10648,2021-09-15 09:00:17+00:00
6218,1255428755,10644,2021-09-14 20:44:33+00:00
6219,1255428755,10641,2021-09-14 19:13:14+00:00
6220,1255428755,10633,2021-09-14 16:53:46+00:00
6221,1255428755,10632,2021-09-14 15:34:33+00:00
6222,1255428755,10630,2021-09-14 14:30:13+00:00
6223,1255428755,10628,2021-09-14 13:09:14+00:00
6224,1255428755,10625,2021-09-14 09:05:09+00:00
6225,1255428755,10620,2021-09-14 08:53:14+00:00
6226,1255428755,10618,2021-09-14 08:49:14+00:00
6227,1255428755,10611,2021-09-14 08:45:42+00:00
6228,1255428755,10604,2021-09-13 23:25:30+00:00
6229,1255428755,10603,2021-09-13 23:22:04+00:00
6230,1255428755,10585,2021-09-13 22:20:52+00:00
6231,1255428755,10583,2021-09-13 19:47:39+00:00
6232,1255428755,10575,2021-09-13 18:41:09+00:00
6233,1255428755,10570,2021-09-13 16:42:16+00:00
6234,1255428755,10566,2021-09-13 16:04:39+00:00
6235,1255428755,10552,2021-09-12 14:53:34+00:00
6236,1255428755,10550,2021-09-12 09:47:37+00:00
6237,1255428755,10541,2021-09-11 10:47:51+00:00
6238,1255428755,10537,2021-09-11 10:39:38+00:00
6239,1255428755,10536,2021-09-11 10:22:37+00:00
6240,1255428755,10529,2021-09-10 20:01:17+00:00
6241,1255428755,10524,2021-09-10 17:03:53+00:00
6242,1255428755,10518,2021-09-10 15:10:00+00:00
6243,1255428755,10515,2021-09-10 12:59:25+00:00
6244,1255428755,10511,2021-09-10 09:22:50+00:00
6245,1255428755,10504,2021-09-10 08:56:31+00:00
6246,1255428755,10499,2021-09-10 07:44:12+00:00
6247,1255428755,10496,2021-09-09 16:29:34+00:00
6248,1255428755,10493,2021-09-09 13:59:43+00:00
6249,1255428755,10492,2021-09-09 13:55:44+00:00
6250,1255428755,10491,2021-09-09 12:37:54+00:00
6251,1255428755,10490,2021-09-09 09:22:52+00:00
6252,1255428755,10483,2021-09-08 12:22:24+00:00
6253,1255428755,10481,2021-09-08 10:10:44+00:00
6254,1255428755,10480,2021-09-08 09:58:36+00:00
6255,1255428755,10479,2021-09-08 08:46:00+00:00
6256,1255428755,10477,2021-09-08 08:05:03+00:00
6257,1255428755,10473,2021-09-07 20:25:35+00:00
6258,1255428755,10471,2021-09-07 19:18:44+00:00
6259,1255428755,10463,2021-09-07 10:27:06+00:00
6260,1255428755,10462,2021-09-06 20:08:00+00:00
6261,1255428755,10460,2021-09-06 18:00:09+00:00
6262,1255428755,10459,2021-09-06 17:42:06+00:00
6263,1255428755,10458,2021-09-06 17:12:58+00:00
6264,1255428755,10448,2021-09-06 08:26:47+00:00
6265,1255428755,10433,2021-09-05 11:27:00+00:00
6266,1255428755,10432,2021-09-05 05:15:58+00:00
6267,1255428755,10430,2021-09-04 18:03:20+00:00
6268,1255428755,10423,2021-09-04 13:21:24+00:00
6269,1255428755,10418,2021-09-04 11:45:19+00:00
6270,1255428755,10416,2021-09-04 05:56:55+00:00
6271,1255428755,10413,2021-09-03 18:56:13+00:00
6272,1255428755,10412,2021-09-03 17:40:56+00:00
6273,1255428755,10403,2021-09-03 14:33:16+00:00
6274,1255428755,10399,2021-09-03 13:24:21+00:00
6275,1255428755,10398,2021-09-03 12:47:16+00:00
6276,1255428755,10393,2021-09-03 12:03:11+00:00
6277,1255428755,10388,2021-09-03 09:00:17+00:00
6278,1255428755,10379,2021-09-02 21:34:58+00:00
6279,1255428755,10378,2021-09-02 18:20:25+00:00
6280,1255428755,10371,2021-09-02 18:17:32+00:00
6281,1255428755,10366,2021-09-02 14:03:11+00:00
6282,1255428755,10364,2021-09-02 13:06:06+00:00
6283,1255428755,10354,2021-09-02 05:03:39+00:00
6284,1255428755,10349,2021-09-01 16:33:52+00:00
6285,1255428755,10347,2021-09-01 16:24:09+00:00
6286,1255428755,10345,2021-09-01 14:47:09+00:00
6287,1255428755,10344,2021-09-01 14:00:22+00:00
6288,1255428755,10343,2021-09-01 11:45:38+00:00
6289,1255428755,10341,2021-09-01 11:12:33+00:00
6290,1255428755,10332,2021-08-31 22:37:42+00:00
6291,1255428755,10328,2021-08-31 19:49:54+00:00
6292,1255428755,10326,2021-08-31 18:25:41+00:00
6293,1255428755,10325,2021-08-31 18:02:10+00:00
6294,1255428755,10317,2021-08-31 16:34:25+00:00
6295,1255428755,10316,2021-08-31 16:33:19+00:00
6296,1255428755,10314,2021-08-31 16:26:51+00:00
6297,1255428755,10313,2021-08-31 16:23:43+00:00
6298,1255428755,10312,2021-08-31 15:07:29+00:00
6299,1255428755,10300,2021-08-31 13:42:47+00:00
6300,1255428755,10292,2021-08-31 13:27:03+00:00
6301,1255428755,10281,2021-08-31 09:50:47+00:00
6302,1255428755,10280,2021-08-31 09:00:29+00:00
6303,1255428755,10270,2021-08-30 19:33:22+00:00
6304,1255428755,10267,2021-08-30 14:44:56+00:00
6305,1255428755,10265,2021-08-30 12:13:41+00:00
6306,1255428755,10259,2021-08-29 17:11:40+00:00
6307,1255428755,10256,2021-08-29 16:17:06+00:00
6308,1255428755,10254,2021-08-29 15:14:06+00:00
6309,1255428755,10253,2021-08-29 13:48:50+00:00
6310,1255428755,10251,2021-08-28 17:48:44+00:00
6311,1255428755,10246,2021-08-28 13:35:53+00:00
6312,1255428755,10244,2021-08-28 08:24:16+00:00
6313,1255428755,10243,2021-08-28 00:33:29+00:00
6314,1255428755,10235,2021-08-27 07:00:18+00:00
6315,1255428755,10234,2021-08-26 21:14:22+00:00
6316,1255428755,10233,2021-08-26 20:29:14+00:00
6317,1255428755,10223,2021-08-26 14:58:23+00:00
6318,1255428755,10219,2021-08-26 12:57:06+00:00
6319,1255428755,10215,2021-08-26 09:46:06+00:00
6320,1255428755,10214,2021-08-26 08:46:00+00:00
6321,1255428755,10204,2021-08-25 15:12:06+00:00
6322,1255428755,10203,2021-08-25 14:12:30+00:00
6323,1255428755,10198,2021-08-25 10:06:25+00:00
6324,1255428755,10197,2021-08-25 02:13:24+00:00
6325,1255428755,10190,2021-08-24 17:32:16+00:00
6326,1255428755,10185,2021-08-24 15:58:41+00:00
6327,1255428755,10183,2021-08-24 14:35:58+00:00
6328,1255428755,10180,2021-08-24 13:23:15+00:00
6329,1255428755,10176,2021-08-24 10:28:47+00:00
6330,1255428755,10174,2021-08-24 08:00:16+00:00
6331,1255428755,10170,2021-08-23 19:27:14+00:00
6332,1255428755,10165,2021-08-23 14:01:19+00:00
6333,1255428755,10164,2021-08-23 13:43:29+00:00
6334,1255428755,10161,2021-08-23 11:51:23+00:00
6335,1255428755,10157,2021-08-23 10:17:16+00:00
6336,1255428755,10154,2021-08-22 18:56:24+00:00
6337,1255428755,10152,2021-08-22 18:05:24+00:00
6338,1255428755,10145,2021-08-22 10:42:46+00:00
6339,1255428755,10144,2021-08-22 09:07:17+00:00
6340,1255428755,10143,2021-08-22 08:24:27+00:00
6341,1255428755,10142,2021-08-22 07:52:54+00:00
6342,1255428755,10135,2021-08-21 18:15:44+00:00
6343,1255428755,10120,2021-08-21 14:20:37+00:00
6344,1255428755,10110,2021-08-20 20:21:06+00:00
6345,1255428755,10095,2021-08-20 17:14:30+00:00
6346,1255428755,10092,2021-08-20 12:29:21+00:00
6347,1255428755,10089,2021-08-20 10:15:19+00:00
6348,1255428755,10087,2021-08-20 10:01:01+00:00
6349,1255428755,10085,2021-08-20 08:13:45+00:00
6350,1255428755,10083,2021-08-19 22:02:57+00:00
6351,1255428755,10080,2021-08-19 20:43:56+00:00
6352,1255428755,10073,2021-08-19 11:52:47+00:00
6353,1255428755,10070,2021-08-19 11:45:28+00:00
6354,1255428755,10054,2021-08-18 21:25:06+00:00
6355,1255428755,10044,2021-08-18 21:19:27+00:00
6356,1255428755,10042,2021-08-18 18:32:38+00:00
6357,1255428755,10040,2021-08-18 18:25:23+00:00
6358,1255428755,10036,2021-08-18 15:11:01+00:00
6359,1255428755,10030,2021-08-18 09:07:06+00:00
6360,1255428755,10019,2021-08-17 16:08:59+00:00
6361,1255428755,10018,2021-08-17 16:02:09+00:00
6362,1255428755,10001,2021-08-16 18:05:19+00:00
6363,1255428755,10000,2021-08-16 16:46:47+00:00
6364,1255428755,9999,2021-08-16 15:26:22+00:00
6365,1255428755,9995,2021-08-16 10:03:09+00:00
6366,1255428755,9993,2021-08-16 09:44:59+00:00
6367,1255428755,9992,2021-08-16 08:30:11+00:00
6368,1255428755,9988,2021-08-15 15:52:39+00:00
6369,1255428755,9983,2021-08-15 11:10:17+00:00
6370,1255428755,9977,2021-08-15 09:01:53+00:00
6371,1255428755,9975,2021-08-14 19:30:47+00:00
6372,1255428755,9969,2021-08-14 15:20:49+00:00
6373,1255428755,9962,2021-08-14 15:01:29+00:00
6374,1255428755,9954,2021-08-14 14:05:41+00:00
6375,1255428755,9944,2021-08-13 16:07:44+00:00
6376,1255428755,9943,2021-08-13 15:21:06+00:00
6377,1255428755,9941,2021-08-13 14:30:17+00:00
6378,1255428755,9937,2021-08-13 07:50:29+00:00
6379,1255428755,9933,2021-08-12 15:15:17+00:00
6380,1255428755,9929,2021-08-12 14:38:20+00:00
6381,1255428755,9925,2021-08-12 12:08:48+00:00
6382,1255428755,9924,2021-08-12 11:00:44+00:00
6383,1255428755,9923,2021-08-12 10:10:36+00:00
6384,1255428755,9921,2021-08-11 19:17:25+00:00
6385,1255428755,9913,2021-08-11 12:39:43+00:00
6386,1255428755,9910,2021-08-11 09:34:52+00:00
6387,1255428755,9906,2021-08-11 07:59:02+00:00
6388,1255428755,9903,2021-08-10 18:42:25+00:00
6389,1255428755,9901,2021-08-10 17:22:11+00:00
6390,1255428755,9900,2021-08-10 16:19:52+00:00
6391,1255428755,9899,2021-08-10 15:41:06+00:00
6392,1255428755,9897,2021-08-10 14:17:21+00:00
6393,1255428755,9891,2021-08-10 13:53:08+00:00
6394,1255428755,9889,2021-08-10 10:55:43+00:00
6395,1255428755,9873,2021-08-09 21:18:12+00:00
6396,1255428755,9871,2021-08-09 19:57:22+00:00
6397,1255428755,9869,2021-08-09 17:42:08+00:00
6398,1255428755,9868,2021-08-09 16:50:18+00:00
6399,1255428755,9865,2021-08-09 14:37:17+00:00
6400,1255428755,9860,2021-08-09 12:06:01+00:00
6401,1255428755,9852,2021-08-09 10:07:29+00:00
6402,1255428755,9847,2021-08-08 19:58:52+00:00
6403,1255428755,9846,2021-08-08 19:23:34+00:00
6404,1255428755,9844,2021-08-08 17:40:42+00:00
6405,1255428755,9842,2021-08-08 16:15:00+00:00
6406,1255428755,9841,2021-08-08 12:38:35+00:00
6407,1255428755,9836,2021-08-07 15:34:46+00:00
6408,1255428755,9833,2021-08-07 13:41:41+00:00
6409,1255428755,9830,2021-08-07 12:10:36+00:00
6410,1255428755,9827,2021-08-07 09:38:02+00:00
6411,1255428755,9826,2021-08-07 08:44:45+00:00
6412,1255428755,9825,2021-08-07 07:59:01+00:00
6413,1255428755,9824,2021-08-07 07:34:49+00:00
6414,1255428755,9823,2021-08-07 06:02:28+00:00
6415,1255428755,9813,2021-08-06 20:52:03+00:00
6416,1255428755,9810,2021-08-06 20:03:11+00:00
6417,1255428755,9799,2021-08-06 17:53:18+00:00
6418,1255428755,9796,2021-08-06 09:10:51+00:00
6419,1255428755,9795,2021-08-06 08:35:10+00:00
6420,1255428755,9785,2021-08-05 21:26:35+00:00
6421,1255428755,9781,2021-08-05 21:00:13+00:00
6422,1255428755,9776,2021-08-05 20:51:10+00:00
6423,1255428755,9771,2021-08-05 14:24:40+00:00
6424,1255428755,9770,2021-08-05 13:40:13+00:00
6425,1255428755,9768,2021-08-05 11:45:50+00:00
6426,1255428755,9761,2021-08-05 06:09:09+00:00
6427,1255428755,9752,2021-08-04 18:10:57+00:00
6428,1255428755,9749,2021-08-04 15:51:06+00:00
6429,1255428755,9746,2021-08-04 13:49:18+00:00
6430,1255428755,9743,2021-08-04 08:37:05+00:00
6431,1255428755,9736,2021-08-04 07:30:45+00:00
6432,1255428755,9734,2021-08-03 17:43:06+00:00
6433,1255428755,9732,2021-08-03 17:31:06+00:00
6434,1255428755,9730,2021-08-03 17:03:06+00:00
6435,1255428755,9713,2021-08-03 11:39:52+00:00
6436,1255428755,9712,2021-08-03 09:20:00+00:00
6437,1255428755,9704,2021-08-03 09:02:46+00:00
6438,1255428755,9688,2021-08-02 12:21:49+00:00
6439,1255428755,9685,2021-08-02 07:40:06+00:00
6440,1255428755,9674,2021-08-01 16:09:19+00:00
6441,1255428755,9671,2021-08-01 14:42:31+00:00
6442,1255428755,9670,2021-08-01 14:06:06+00:00
6443,1255428755,9662,2021-07-31 19:48:59+00:00
6444,1255428755,9661,2021-07-31 17:46:22+00:00
6445,1255428755,9650,2021-07-31 16:50:01+00:00
6446,1255428755,9649,2021-07-31 15:55:54+00:00
6447,1255428755,9639,2021-07-31 13:51:06+00:00
6448,1255428755,9634,2021-07-31 10:54:50+00:00
6449,1255428755,9633,2021-07-31 08:52:28+00:00
6450,1255428755,9628,2021-07-30 14:47:41+00:00
6451,1255428755,9627,2021-07-30 13:57:49+00:00
6452,1255428755,9624,2021-07-30 09:08:50+00:00
6453,1255428755,9621,2021-07-29 19:33:28+00:00
6454,1255428755,9619,2021-07-29 18:05:06+00:00
6455,1255428755,9617,2021-07-29 17:15:12+00:00
6456,1255428755,9616,2021-07-29 16:25:41+00:00
6457,1255428755,9610,2021-07-29 15:22:09+00:00
6458,1255428755,9605,2021-07-29 12:31:02+00:00
6459,1255428755,9599,2021-07-29 08:56:09+00:00
6460,1255428755,9598,2021-07-29 07:59:44+00:00
6461,1255428755,9596,2021-07-28 21:20:26+00:00
6462,1255428755,9594,2021-07-28 20:43:21+00:00
6463,1255428755,9593,2021-07-28 18:51:57+00:00
6464,1255428755,9590,2021-07-28 17:24:05+00:00
6465,1255428755,9589,2021-07-28 17:17:41+00:00
6466,1255428755,9588,2021-07-28 13:08:56+00:00
6467,1255428755,9570,2021-07-27 17:48:17+00:00
6468,1255428755,9567,2021-07-27 14:39:00+00:00
6469,1255428755,9560,2021-07-27 12:40:36+00:00
6470,1255428755,9558,2021-07-27 10:00:04+00:00
6471,1255428755,9557,2021-07-27 09:27:13+00:00
6472,1255428755,9547,2021-07-26 20:43:36+00:00
6473,1255428755,9546,2021-07-26 19:50:31+00:00
6474,1255428755,9543,2021-07-26 18:37:31+00:00
6475,1255428755,9539,2021-07-26 15:04:31+00:00
6476,1255428755,9538,2021-07-26 12:55:50+00:00
6477,1255428755,9537,2021-07-26 11:40:03+00:00
6478,1255428755,9530,2021-07-25 20:20:03+00:00
6479,1255428755,9524,2021-07-25 13:58:09+00:00
6480,1255428755,9523,2021-07-25 12:57:12+00:00
6481,1255428755,9522,2021-07-25 08:16:55+00:00
6482,1255428755,9518,2021-07-24 16:06:49+00:00
6483,1255428755,9517,2021-07-24 14:31:21+00:00
6484,1255428755,9515,2021-07-24 14:03:49+00:00
6485,1255428755,9514,2021-07-24 11:00:05+00:00
6486,1255428755,9510,2021-07-24 08:24:54+00:00
6487,1255428755,9501,2021-07-24 07:13:06+00:00
6488,1255428755,9497,2021-07-23 23:51:25+00:00
6489,1255428755,9490,2021-07-23 16:50:48+00:00
6490,1255428755,9489,2021-07-23 15:00:48+00:00
6491,1255428755,9483,2021-07-23 10:59:42+00:00
6492,1255428755,9482,2021-07-23 07:29:33+00:00
6493,1255428755,9480,2021-07-22 19:22:06+00:00
6494,1255428755,9475,2021-07-22 18:36:09+00:00
6495,1255428755,9474,2021-07-22 16:41:15+00:00
6496,1255428755,9472,2021-07-22 12:42:42+00:00
6497,1255428755,9471,2021-07-22 08:35:49+00:00
6498,1255428755,9468,2021-07-22 08:10:00+00:00
6499,1255428755,9467,2021-07-21 18:41:45+00:00
6500,1255428755,9464,2021-07-21 17:14:37+00:00
6501,1255428755,9460,2021-07-21 11:05:46+00:00
6502,1255428755,9449,2021-07-21 09:30:27+00:00
6503,1255428755,9448,2021-07-21 09:11:28+00:00
6504,1255428755,9444,2021-07-21 07:50:22+00:00
6505,1255428755,9441,2021-07-20 17:31:28+00:00
6506,1255428755,9431,2021-07-20 17:28:23+00:00
6507,1255428755,9429,2021-07-20 17:20:44+00:00
6508,1255428755,9426,2021-07-20 17:17:14+00:00
6509,1255428755,9424,2021-07-20 15:29:48+00:00
6510,1255428755,9417,2021-07-20 13:38:52+00:00
6511,1255428755,9412,2021-07-20 13:06:58+00:00
6512,1255428755,9411,2021-07-20 09:48:37+00:00
6513,1255428755,9402,2021-07-19 20:12:26+00:00
6514,1255428755,9392,2021-07-19 19:10:12+00:00
6515,1255428755,9390,2021-07-19 18:19:46+00:00
6516,1255428755,9389,2021-07-19 16:09:49+00:00
6517,1255428755,9387,2021-07-19 14:57:06+00:00
6518,1255428755,9385,2021-07-19 14:37:56+00:00
6519,1255428755,9369,2021-07-18 19:28:06+00:00
6520,1255428755,9366,2021-07-18 17:35:24+00:00
6521,1255428755,9347,2021-07-17 17:55:53+00:00
6522,1255428755,9343,2021-07-17 08:48:45+00:00
6523,1255428755,9341,2021-07-17 06:54:53+00:00
6524,1255428755,9339,2021-07-16 18:51:18+00:00
6525,1255428755,9334,2021-07-16 18:27:05+00:00
6526,1255428755,9333,2021-07-16 17:45:34+00:00
6527,1255428755,9328,2021-07-16 16:00:16+00:00
6528,1255428755,9325,2021-07-16 11:53:17+00:00
6529,1255428755,9323,2021-07-16 11:05:05+00:00
6530,1255428755,9313,2021-07-15 18:05:11+00:00
6531,1255428755,9305,2021-07-15 16:58:30+00:00
6532,1255428755,9299,2021-07-15 15:36:15+00:00
6533,1255428755,9278,2021-07-15 11:55:45+00:00
6534,1255428755,9277,2021-07-15 11:20:34+00:00
6535,1255428755,9276,2021-07-15 11:06:46+00:00
6536,1255428755,9271,2021-07-15 08:27:10+00:00
6537,1255428755,9269,2021-07-15 08:06:19+00:00
6538,1255428755,9266,2021-07-14 18:31:42+00:00
6539,1255428755,9258,2021-07-14 17:20:43+00:00
6540,1255428755,9254,2021-07-14 15:21:40+00:00
6541,1255428755,9252,2021-07-14 15:12:38+00:00
6542,1255428755,9251,2021-07-14 14:25:49+00:00
6543,1255428755,9249,2021-07-14 13:09:17+00:00
6544,1255428755,9248,2021-07-14 11:45:38+00:00
6545,1255428755,9243,2021-07-14 07:31:34+00:00
6546,1255428755,9241,2021-07-13 16:35:23+00:00
6547,1255428755,9237,2021-07-13 16:08:00+00:00
6548,1255428755,9195,2021-07-12 08:45:58+00:00
6549,1255428755,9194,2021-07-12 08:17:42+00:00
6550,1255428755,9192,2021-07-12 06:50:58+00:00
6551,1255428755,9185,2021-07-11 18:31:51+00:00
6552,1255428755,9179,2021-07-11 15:26:27+00:00
6553,1255428755,9170,2021-07-11 13:46:34+00:00
6554,1255428755,9169,2021-07-11 13:31:57+00:00
6555,1255428755,9166,2021-07-11 10:25:30+00:00
6556,1255428755,9158,2021-07-10 19:28:49+00:00
6557,1255428755,9157,2021-07-10 16:02:20+00:00
6558,1255428755,9153,2021-07-10 13:58:49+00:00
6559,1255428755,9150,2021-07-10 12:05:32+00:00
6560,1255428755,9147,2021-07-10 09:33:39+00:00
6561,1255428755,9145,2021-07-10 09:20:34+00:00
6562,1255428755,9137,2021-07-09 18:52:11+00:00
6563,1255428755,9135,2021-07-09 17:27:30+00:00
6564,1255428755,9134,2021-07-09 12:39:56+00:00
6565,1255428755,9131,2021-07-09 12:12:52+00:00
6566,1255428755,9128,2021-07-09 11:28:36+00:00
6567,1255428755,9123,2021-07-09 11:19:46+00:00
6568,1255428755,9121,2021-07-09 08:34:21+00:00
6569,1255428755,9119,2021-07-09 07:42:53+00:00
6570,1255428755,9117,2021-07-09 07:36:02+00:00
6571,1255428755,9114,2021-07-08 21:36:06+00:00
6572,1255428755,9112,2021-07-08 17:49:12+00:00
6573,1255428755,9107,2021-07-08 15:21:19+00:00
6574,1255428755,9105,2021-07-08 14:03:01+00:00
6575,1255428755,9104,2021-07-08 13:18:04+00:00
6576,1255428755,9101,2021-07-08 10:48:17+00:00
6577,1255428755,9097,2021-07-08 09:54:42+00:00
6578,1255428755,9093,2021-07-08 06:53:06+00:00
6579,1255428755,9085,2021-07-07 20:12:37+00:00
6580,1255428755,9083,2021-07-07 18:07:29+00:00
6581,1255428755,9073,2021-07-07 16:36:49+00:00
6582,1255428755,9069,2021-07-07 16:14:06+00:00
6583,1255428755,9068,2021-07-07 15:14:41+00:00
6584,1255428755,9062,2021-07-07 10:59:46+00:00
6585,1255428755,9061,2021-07-07 08:16:59+00:00
6586,1255428755,9056,2021-07-06 18:39:10+00:00
6587,1255428755,9051,2021-07-06 07:38:50+00:00
6588,1255428755,9046,2021-07-05 18:43:11+00:00
6589,1255428755,9043,2021-07-05 17:14:54+00:00
6590,1255428755,9042,2021-07-05 13:03:20+00:00
6591,1255428755,9040,2021-07-05 11:18:06+00:00
6592,1255428755,9039,2021-07-05 11:10:18+00:00
6593,1255428755,9038,2021-07-05 10:06:06+00:00
6594,1255428755,9037,2021-07-05 09:19:06+00:00
6595,1255428755,9036,2021-07-05 08:39:06+00:00
6596,1255428755,9029,2021-07-05 07:20:11+00:00
6597,1255428755,9023,2021-07-05 06:03:06+00:00
6598,1255428755,9014,2021-07-04 18:13:36+00:00
6599,1255428755,9012,2021-07-04 13:35:56+00:00
6600,1255428755,9009,2021-07-04 09:58:11+00:00
6601,1255428755,9006,2021-07-03 20:04:18+00:00
6602,1255428755,9003,2021-07-03 19:37:46+00:00
6603,1255428755,9002,2021-07-03 15:40:44+00:00
6604,1255428755,9001,2021-07-03 14:08:00+00:00
6605,1255428755,9000,2021-07-03 14:01:17+00:00
6606,1255428755,8990,2021-07-03 08:16:36+00:00
6607,1255428755,8981,2021-07-02 16:59:04+00:00
6608,1255428755,8977,2021-07-02 12:18:51+00:00
6609,1255428755,8970,2021-07-02 09:07:22+00:00
6610,1255428755,8969,2021-07-02 06:26:57+00:00
6611,1255428755,8968,2021-07-01 18:40:52+00:00
6612,1255428755,8964,2021-07-01 10:06:24+00:00
6613,1255428755,8960,2021-07-01 06:58:29+00:00
6614,1255428755,8954,2021-06-30 17:46:11+00:00
6615,1255428755,8938,2021-06-30 11:52:43+00:00
6616,1255428755,8933,2021-06-30 10:47:52+00:00
6617,1255428755,8930,2021-06-30 09:23:06+00:00
6618,1255428755,8926,2021-06-30 07:30:00+00:00
6619,1255428755,8925,2021-06-30 06:57:07+00:00
6620,1255428755,8923,2021-06-29 18:17:09+00:00
6621,1255428755,8922,2021-06-29 18:02:11+00:00
6622,1255428755,8921,2021-06-29 17:29:01+00:00
6623,1255428755,8915,2021-06-29 12:19:24+00:00
6624,1255428755,8914,2021-06-29 11:25:10+00:00
6625,1255428755,8905,2021-06-29 07:21:04+00:00
6626,1255428755,8904,2021-06-28 19:34:21+00:00
6627,1255428755,8903,2021-06-28 17:20:02+00:00
6628,1255428755,8901,2021-06-28 16:50:23+00:00
6629,1255428755,8897,2021-06-28 12:36:33+00:00
6630,1255428755,8896,2021-06-28 10:57:31+00:00
6631,1255428755,8895,2021-06-28 10:25:00+00:00
6632,1255428755,8894,2021-06-28 10:15:53+00:00
6633,1255428755,8885,2021-06-28 07:33:11+00:00
6634,1255428755,8884,2021-06-27 19:43:21+00:00
6635,1255428755,8883,2021-06-27 19:15:27+00:00
6636,1255428755,8882,2021-06-27 18:04:11+00:00
6637,1255428755,8880,2021-06-27 16:35:04+00:00
6638,1255428755,8877,2021-06-27 16:17:24+00:00
6639,1255428755,8875,2021-06-27 16:17:09+00:00
6640,1255428755,8869,2021-06-27 15:37:33+00:00
6641,1255428755,8867,2021-06-27 15:25:13+00:00
6642,1255428755,8864,2021-06-27 15:07:45+00:00
6643,1255428755,8863,2021-06-27 15:00:55+00:00
6644,1255428755,8860,2021-06-27 14:25:39+00:00
6645,1255428755,8859,2021-06-27 13:25:42+00:00
6646,1255428755,8856,2021-06-27 12:22:16+00:00
6647,1255428755,8853,2021-06-27 10:18:13+00:00
6648,1255428755,8852,2021-06-27 09:21:40+00:00
6649,1255428755,8850,2021-06-27 07:42:06+00:00
6650,1255428755,8849,2021-06-27 06:31:06+00:00
6651,1255428755,8846,2021-06-26 22:24:41+00:00
6652,1255428755,8840,2021-06-26 22:17:27+00:00
6653,1255428755,8839,2021-06-26 20:50:20+00:00
6654,1255428755,8838,2021-06-26 15:33:24+00:00
6655,1255428755,8836,2021-06-26 10:01:15+00:00
6656,1255428755,8827,2021-06-26 09:11:26+00:00
6657,1255428755,8826,2021-06-25 19:07:13+00:00
6658,1255428755,8824,2021-06-25 14:56:30+00:00
6659,1255428755,8823,2021-06-25 14:06:22+00:00
6660,1255428755,8821,2021-06-25 12:50:30+00:00
6661,1255428755,8820,2021-06-25 12:37:41+00:00
6662,1255428755,8819,2021-06-25 10:00:33+00:00
6663,1255428755,8808,2021-06-24 18:38:50+00:00
6664,1255428755,8807,2021-06-24 16:25:41+00:00
6665,1255428755,8806,2021-06-24 16:21:10+00:00
6666,1255428755,8804,2021-06-24 14:04:23+00:00
6667,1255428755,8798,2021-06-24 09:11:21+00:00
6668,1255428755,8795,2021-06-24 09:04:04+00:00
6669,1255428755,8794,2021-06-23 20:23:12+00:00
6670,1255428755,8787,2021-06-23 19:38:44+00:00
6671,1255428755,8779,2021-06-23 15:22:42+00:00
6672,1255428755,8772,2021-06-23 08:32:52+00:00
6673,1255428755,8767,2021-06-22 19:34:22+00:00
6674,1255428755,8766,2021-06-22 16:45:04+00:00
6675,1255428755,8762,2021-06-22 12:45:21+00:00
6676,1255428755,8755,2021-06-22 09:46:09+00:00
6677,1255428755,8743,2021-06-21 21:18:54+00:00
6678,1255428755,8730,2021-06-21 19:51:23+00:00
6679,1255428755,8720,2021-06-21 15:41:00+00:00
6680,1255428755,8719,2021-06-21 14:21:10+00:00
6681,1255428755,8716,2021-06-21 10:01:18+00:00
6682,1255428755,8715,2021-06-21 08:40:22+00:00
6683,1255428755,8714,2021-06-21 07:00:26+00:00
6684,1255428755,8707,2021-06-20 21:58:17+00:00
6685,1255428755,8706,2021-06-20 20:54:40+00:00
6686,1255428755,8699,2021-06-20 16:14:23+00:00
6687,1255428755,8694,2021-06-20 13:05:59+00:00
6688,1255428755,8692,2021-06-20 07:47:04+00:00
6689,1255428755,8689,2021-06-20 06:31:57+00:00
6690,1255428755,8685,2021-06-19 19:51:43+00:00
6691,1255428755,8680,2021-06-19 18:27:34+00:00
6692,1255428755,8679,2021-06-19 17:26:52+00:00
6693,1255428755,8678,2021-06-19 15:15:32+00:00
6694,1255428755,8675,2021-06-19 14:45:32+00:00
6695,1255428755,8671,2021-06-19 07:52:06+00:00
6696,1255428755,8665,2021-06-18 19:02:48+00:00
6697,1255428755,8664,2021-06-18 18:03:30+00:00
6698,1255428755,8663,2021-06-18 16:00:14+00:00
6699,1255428755,8660,2021-06-18 12:49:48+00:00
6700,1255428755,8659,2021-06-18 10:33:46+00:00
6701,1255428755,8653,2021-06-17 19:26:12+00:00
6702,1255428755,8632,2021-06-17 10:29:50+00:00
6703,1255428755,8621,2021-06-16 17:00:43+00:00
6704,1255428755,8619,2021-06-16 14:51:09+00:00
6705,1255428755,8616,2021-06-16 12:17:04+00:00
6706,1255428755,8612,2021-06-16 08:59:55+00:00
6707,1255428755,8607,2021-06-15 20:05:58+00:00
6708,1255428755,8605,2021-06-15 18:03:06+00:00
6709,1255428755,8602,2021-06-15 17:02:16+00:00
6710,1255428755,8595,2021-06-15 14:24:53+00:00
6711,1255428755,8584,2021-06-15 08:07:27+00:00
6712,1255428755,8573,2021-06-14 19:32:47+00:00
6713,1255428755,8571,2021-06-14 19:22:33+00:00
6714,1255428755,8564,2021-06-14 18:19:57+00:00
6715,1255428755,8552,2021-06-14 12:23:28+00:00
6716,1255428755,8550,2021-06-14 11:34:42+00:00
6717,1255428755,8546,2021-06-13 19:14:59+00:00
6718,1255428755,8540,2021-06-13 09:15:08+00:00
6719,1255428755,8539,2021-06-12 23:08:42+00:00
6720,1255428755,8537,2021-06-12 22:21:31+00:00
6721,1255428755,8533,2021-06-12 16:26:21+00:00
6722,1255428755,8531,2021-06-12 15:55:14+00:00
6723,1255428755,8529,2021-06-12 14:42:19+00:00
6724,1255428755,8527,2021-06-12 12:31:09+00:00
6725,1255428755,8526,2021-06-12 07:28:06+00:00
6726,1255428755,8524,2021-06-11 22:13:15+00:00
6727,1255428755,8521,2021-06-11 16:52:56+00:00
6728,1255428755,8520,2021-06-11 16:36:15+00:00
6729,1255428755,8519,2021-06-11 13:54:51+00:00
6730,1255428755,8516,2021-06-11 12:17:21+00:00
6731,1255428755,8515,2021-06-11 08:59:02+00:00
6732,1255428755,8512,2021-06-10 19:47:19+00:00
6733,1255428755,8508,2021-06-10 19:27:09+00:00
6734,1255428755,8507,2021-06-10 18:54:39+00:00
6735,1255428755,8500,2021-06-10 17:30:02+00:00
6736,1255428755,8498,2021-06-10 17:20:52+00:00
6737,1255428755,8497,2021-06-10 17:08:06+00:00
6738,1255428755,8496,2021-06-10 16:41:12+00:00
6739,1255428755,8494,2021-06-10 15:00:51+00:00
6740,1255428755,8492,2021-06-10 14:59:31+00:00
6741,1255428755,8491,2021-06-10 14:48:39+00:00
6742,1255428755,8479,2021-06-09 19:16:42+00:00
6743,1255428755,8472,2021-06-09 15:51:36+00:00
6744,1255428755,8471,2021-06-09 15:31:19+00:00
6745,1255428755,8459,2021-06-09 14:45:51+00:00
6746,1255428755,8458,2021-06-09 14:12:39+00:00
6747,1255428755,8456,2021-06-09 14:08:21+00:00
6748,1255428755,8450,2021-06-09 09:40:46+00:00
6749,1255428755,8442,2021-06-08 22:51:51+00:00
6750,1255428755,8441,2021-06-08 22:46:51+00:00
6751,1255428755,8434,2021-06-08 21:25:43+00:00
6752,1255428755,8426,2021-06-08 17:48:46+00:00
6753,1255428755,8416,2021-06-08 17:02:46+00:00
6754,1255428755,8407,2021-06-08 11:01:58+00:00
6755,1255428755,8399,2021-06-07 20:06:18+00:00
6756,1255428755,8396,2021-06-07 19:00:34+00:00
6757,1255428755,8392,2021-06-07 17:56:13+00:00
6758,1255428755,8389,2021-06-07 14:19:13+00:00
6759,1255428755,8384,2021-06-06 22:40:29+00:00
6760,1255428755,8383,2021-06-06 20:05:01+00:00
6761,1255428755,8381,2021-06-06 19:57:40+00:00
6762,1254661214,3302,2021-11-30 17:29:13+00:00
6763,1254661214,3300,2021-11-30 13:54:24+00:00
6764,1254661214,3299,2021-11-30 13:48:28+00:00
6765,1254661214,3298,2021-11-30 12:23:35+00:00
6766,1254661214,3296,2021-11-30 10:25:41+00:00
6767,1254661214,3295,2021-11-30 09:26:48+00:00
6768,1254661214,3294,2021-11-30 05:40:07+00:00
6769,1254661214,3293,2021-11-30 05:18:27+00:00
6770,1254661214,3292,2021-11-29 19:16:17+00:00
6771,1254661214,3291,2021-11-29 15:58:48+00:00
6772,1254661214,3290,2021-11-29 14:29:22+00:00
6773,1254661214,3289,2021-11-29 13:31:11+00:00
6774,1254661214,3287,2021-11-29 11:38:13+00:00
6775,1254661214,3286,2021-11-29 09:51:26+00:00
6776,1254661214,3285,2021-11-29 08:36:25+00:00
6777,1254661214,3284,2021-11-28 18:54:30+00:00
6778,1254661214,3282,2021-11-28 11:30:45+00:00
6779,1254661214,3281,2021-11-28 08:49:23+00:00
6780,1254661214,3280,2021-11-28 05:07:43+00:00
6781,1254661214,3277,2021-11-27 11:21:20+00:00
6782,1254661214,3272,2021-11-26 18:03:55+00:00
6783,1254661214,3270,2021-11-26 15:46:51+00:00
6784,1254661214,3269,2021-11-26 14:33:30+00:00
6785,1254661214,3268,2021-11-26 14:07:23+00:00
6786,1254661214,3267,2021-11-26 13:00:18+00:00
6787,1254661214,3266,2021-11-26 12:27:01+00:00
6788,1254661214,3265,2021-11-26 09:59:57+00:00
6789,1254661214,3264,2021-11-26 09:41:49+00:00
6790,1254661214,3263,2021-11-26 08:35:57+00:00
6791,1254661214,3260,2021-11-25 19:36:21+00:00
6792,1254661214,3257,2021-11-25 18:18:58+00:00
6793,1254661214,3256,2021-11-25 17:56:44+00:00
6794,1254661214,3254,2021-11-25 16:21:39+00:00
6795,1254661214,3249,2021-11-25 12:36:39+00:00
6796,1254661214,3248,2021-11-25 11:56:11+00:00
6797,1254661214,3247,2021-11-25 10:42:45+00:00
6798,1254661214,3246,2021-11-25 10:33:19+00:00
6799,1254661214,3243,2021-11-25 09:43:48+00:00
6800,1254661214,3242,2021-11-25 08:30:19+00:00
6801,1254661214,3240,2021-11-25 07:43:55+00:00
6802,1254661214,3238,2021-11-25 07:22:58+00:00
6803,1254661214,3237,2021-11-25 06:51:46+00:00
6804,1254661214,3236,2021-11-25 06:36:30+00:00
6805,1254661214,3232,2021-11-24 14:04:02+00:00
6806,1254661214,3230,2021-11-24 13:22:24+00:00
6807,1254661214,3229,2021-11-24 12:10:28+00:00
6808,1254661214,3227,2021-11-24 11:03:39+00:00
6809,1254661214,3226,2021-11-24 10:03:15+00:00
6810,1254661214,3225,2021-11-24 09:13:18+00:00
6811,1254661214,3224,2021-11-24 07:30:56+00:00
6812,1254661214,3218,2021-11-23 17:10:53+00:00
6813,1254661214,3217,2021-11-23 15:37:49+00:00
6814,1254661214,3216,2021-11-23 14:47:55+00:00
6815,1254661214,3215,2021-11-23 14:18:50+00:00
6816,1254661214,3214,2021-11-23 13:15:25+00:00
6817,1254661214,3211,2021-11-23 08:06:50+00:00
6818,1254661214,3210,2021-11-23 06:27:25+00:00
6819,1254661214,3209,2021-11-22 17:42:36+00:00
6820,1254661214,3207,2021-11-22 15:54:47+00:00
6821,1254661214,3206,2021-11-22 15:00:47+00:00
6822,1254661214,3205,2021-11-22 13:50:50+00:00
6823,1254661214,3201,2021-11-22 12:51:57+00:00
6824,1254661214,3200,2021-11-22 12:34:53+00:00
6825,1254661214,3199,2021-11-22 12:32:48+00:00
6826,1254661214,3198,2021-11-22 11:52:07+00:00
6827,1254661214,3197,2021-11-22 11:14:42+00:00
6828,1254661214,3196,2021-11-22 10:44:17+00:00
6829,1254661214,3195,2021-11-22 07:48:20+00:00
6830,1254661214,3192,2021-11-21 14:55:49+00:00
6831,1254661214,3191,2021-11-21 13:06:45+00:00
6832,1254661214,3190,2021-11-21 09:55:53+00:00
6833,1254661214,3189,2021-11-20 18:56:48+00:00
6834,1254661214,3186,2021-11-20 13:33:13+00:00
6835,1254661214,3184,2021-11-20 13:16:17+00:00
6836,1254661214,3183,2021-11-20 10:43:01+00:00
6837,1254661214,3179,2021-11-19 20:02:29+00:00
6838,1254661214,3178,2021-11-19 19:17:00+00:00
6839,1254661214,3177,2021-11-19 18:26:33+00:00
6840,1254661214,3175,2021-11-19 16:46:18+00:00
6841,1254661214,3174,2021-11-19 15:47:14+00:00
6842,1254661214,3173,2021-11-19 14:21:00+00:00
6843,1254661214,3171,2021-11-19 12:05:46+00:00
6844,1254661214,3169,2021-11-19 11:38:47+00:00
6845,1254661214,3168,2021-11-19 09:50:52+00:00
6846,1254661214,3167,2021-11-19 09:18:49+00:00
6847,1254661214,3165,2021-11-18 20:51:45+00:00
6848,1254661214,3164,2021-11-18 19:27:54+00:00
6849,1254661214,3163,2021-11-18 14:57:54+00:00
6850,1254661214,3162,2021-11-18 12:33:25+00:00
6851,1254661214,3161,2021-11-18 11:28:28+00:00
6852,1254661214,3160,2021-11-18 09:52:30+00:00
6853,1254661214,3159,2021-11-18 08:17:44+00:00
6854,1254661214,3158,2021-11-18 05:45:29+00:00
6855,1254661214,3157,2021-11-17 17:01:23+00:00
6856,1254661214,3155,2021-11-17 14:34:26+00:00
6857,1254661214,3154,2021-11-17 14:04:03+00:00
6858,1254661214,3152,2021-11-17 12:00:36+00:00
6859,1254661214,3151,2021-11-17 11:46:38+00:00
6860,1254661214,3150,2021-11-17 11:05:51+00:00
6861,1254661214,3149,2021-11-17 09:55:54+00:00
6862,1254661214,3147,2021-11-17 07:10:45+00:00
6863,1254661214,3146,2021-11-16 16:10:28+00:00
6864,1254661214,3145,2021-11-16 14:55:59+00:00
6865,1254661214,3144,2021-11-16 13:42:29+00:00
6866,1254661214,3140,2021-11-16 09:28:10+00:00
6867,1254661214,3139,2021-11-16 09:11:19+00:00
6868,1254661214,3138,2021-11-16 08:52:04+00:00
6869,1254661214,3136,2021-11-15 16:21:23+00:00
6870,1254661214,3135,2021-11-15 13:52:33+00:00
6871,1254661214,3134,2021-11-15 12:15:56+00:00
6872,1254661214,3133,2021-11-15 11:13:00+00:00
6873,1254661214,3130,2021-11-15 10:10:07+00:00
6874,1254661214,3129,2021-11-15 09:40:47+00:00
6875,1254661214,3128,2021-11-15 08:37:04+00:00
6876,1254661214,3126,2021-11-14 16:01:02+00:00
6877,1254661214,3125,2021-11-14 15:53:35+00:00
6878,1254661214,3123,2021-11-14 11:26:39+00:00
6879,1254661214,3121,2021-11-14 10:39:37+00:00
6880,1254661214,3120,2021-11-14 09:00:38+00:00
6881,1254661214,3116,2021-11-12 20:01:07+00:00
6882,1254661214,3113,2021-11-12 18:02:46+00:00
6883,1254661214,3111,2021-11-12 14:38:04+00:00
6884,1254661214,3110,2021-11-12 13:04:55+00:00
6885,1254661214,3109,2021-11-12 12:13:00+00:00
6886,1254661214,3107,2021-11-12 07:40:12+00:00
6887,1254661214,3106,2021-11-11 19:14:56+00:00
6888,1254661214,3105,2021-11-11 18:50:34+00:00
6889,1254661214,3104,2021-11-11 18:24:10+00:00
6890,1254661214,3103,2021-11-11 17:04:09+00:00
6891,1254661214,3102,2021-11-11 16:05:46+00:00
6892,1254661214,3101,2021-11-11 15:17:16+00:00
6893,1254661214,3100,2021-11-11 14:35:30+00:00
6894,1254661214,3099,2021-11-11 13:55:48+00:00
6895,1254661214,3098,2021-11-11 13:39:13+00:00
6896,1254661214,3096,2021-11-11 12:09:48+00:00
6897,1254661214,3093,2021-11-11 09:11:38+00:00
6898,1254661214,3092,2021-11-10 17:51:32+00:00
6899,1254661214,3090,2021-11-10 14:51:35+00:00
6900,1254661214,3087,2021-11-10 13:59:07+00:00
6901,1254661214,3084,2021-11-10 12:37:15+00:00
6902,1254661214,3083,2021-11-10 11:45:05+00:00
6903,1254661214,3081,2021-11-10 09:43:50+00:00
6904,1254661214,3080,2021-11-10 08:48:01+00:00
6905,1254661214,3079,2021-11-09 17:57:28+00:00
6906,1254661214,3077,2021-11-09 13:58:22+00:00
6907,1254661214,3076,2021-11-09 12:01:34+00:00
6908,1254661214,3075,2021-11-09 10:49:08+00:00
6909,1254661214,3074,2021-11-09 10:21:43+00:00
6910,1254661214,3069,2021-11-09 09:13:06+00:00
6911,1254661214,3068,2021-11-09 08:40:58+00:00
6912,1254661214,3067,2021-11-09 07:20:05+00:00
6913,1254661214,3065,2021-11-08 17:41:14+00:00
6914,1254661214,3064,2021-11-08 17:07:44+00:00
6915,1254661214,3063,2021-11-08 15:35:22+00:00
6916,1254661214,3062,2021-11-08 14:03:24+00:00
6917,1254661214,3061,2021-11-08 12:43:22+00:00
6918,1254661214,3060,2021-11-08 12:24:36+00:00
6919,1254661214,3055,2021-11-08 10:59:32+00:00
6920,1254661214,3054,2021-11-08 09:55:57+00:00
6921,1254661214,3052,2021-11-08 01:00:03+00:00
6922,1254661214,3045,2021-11-07 17:21:17+00:00
6923,1254661214,3044,2021-11-07 16:23:27+00:00
6924,1254661214,3038,2021-11-07 10:26:22+00:00
6925,1254661214,3036,2021-11-07 07:13:53+00:00
6926,1254661214,3034,2021-11-06 15:58:47+00:00
6927,1254661214,3033,2021-11-06 14:48:37+00:00
6928,1254661214,3032,2021-11-06 14:01:02+00:00
6929,1254661214,3030,2021-11-06 12:03:35+00:00
6930,1254661214,3028,2021-11-06 01:06:38+00:00
6931,1254661214,3027,2021-11-05 18:54:46+00:00
6932,1254661214,3025,2021-11-05 18:46:20+00:00
6933,1254661214,3023,2021-11-05 15:30:05+00:00
6934,1254661214,3022,2021-11-05 13:25:50+00:00
6935,1254661214,3021,2021-11-05 12:40:05+00:00
6936,1254661214,3020,2021-11-05 11:12:28+00:00
6937,1254661214,3019,2021-11-05 10:37:44+00:00
6938,1254661214,3018,2021-11-05 09:50:33+00:00
6939,1254661214,3016,2021-11-05 09:42:29+00:00
6940,1254661214,3015,2021-11-05 08:03:27+00:00
6941,1254661214,3013,2021-11-04 17:06:23+00:00
6942,1254661214,3012,2021-11-04 15:51:07+00:00
6943,1254661214,3009,2021-11-04 13:19:55+00:00
6944,1254661214,3008,2021-11-04 12:50:37+00:00
6945,1254661214,3007,2021-11-04 12:22:01+00:00
6946,1254661214,3006,2021-11-04 11:01:15+00:00
6947,1254661214,3005,2021-11-04 08:34:31+00:00
6948,1254661214,3003,2021-11-04 07:03:58+00:00
6949,1254661214,3002,2021-11-03 21:07:30+00:00
6950,1254661214,3001,2021-11-03 17:19:57+00:00
6951,1254661214,3000,2021-11-03 16:13:07+00:00
6952,1254661214,2998,2021-11-03 15:18:10+00:00
6953,1254661214,2996,2021-11-03 15:02:53+00:00
6954,1254661214,2993,2021-11-03 12:52:12+00:00
6955,1254661214,2991,2021-11-03 12:46:37+00:00
6956,1254661214,2984,2021-11-02 16:14:49+00:00
6957,1254661214,2983,2021-11-02 15:46:53+00:00
6958,1254661214,2981,2021-11-02 14:07:31+00:00
6959,1254661214,2980,2021-11-02 13:38:13+00:00
6960,1254661214,2978,2021-11-02 11:58:17+00:00
6961,1254661214,2977,2021-11-02 10:31:35+00:00
6962,1254661214,2975,2021-11-02 08:08:40+00:00
6963,1254661214,2974,2021-11-02 06:51:00+00:00
6964,1254661214,2973,2021-11-01 18:38:15+00:00
6965,1254661214,2971,2021-11-01 12:15:14+00:00
6966,1254661214,2970,2021-11-01 09:32:51+00:00
6967,1254661214,2969,2021-10-31 20:49:56+00:00
6968,1254661214,2968,2021-10-31 16:39:05+00:00
6969,1254661214,2967,2021-10-31 14:32:20+00:00
6970,1254661214,2964,2021-10-31 12:23:25+00:00
6971,1254661214,2962,2021-10-30 21:42:46+00:00
6972,1254661214,2960,2021-10-30 11:32:34+00:00
6973,1254661214,2959,2021-10-30 09:57:09+00:00
6974,1254661214,2956,2021-10-29 15:24:59+00:00
6975,1254661214,2955,2021-10-29 12:34:19+00:00
6976,1254661214,2954,2021-10-29 11:30:47+00:00
6977,1254661214,2953,2021-10-29 10:03:27+00:00
6978,1254661214,2951,2021-10-29 09:01:34+00:00
6979,1254661214,2950,2021-10-29 08:04:06+00:00
6980,1254661214,2947,2021-10-29 05:36:13+00:00
6981,1254661214,2946,2021-10-28 21:12:31+00:00
6982,1254661214,2945,2021-10-28 20:20:00+00:00
6983,1254661214,2943,2021-10-28 18:40:28+00:00
6984,1254661214,2942,2021-10-28 18:28:54+00:00
6985,1254661214,2940,2021-10-28 17:36:00+00:00
6986,1254661214,2939,2021-10-28 16:30:10+00:00
6987,1254661214,2937,2021-10-28 12:53:09+00:00
6988,1254661214,2936,2021-10-28 11:46:45+00:00
6989,1254661214,2935,2021-10-28 10:26:41+00:00
6990,1254661214,2934,2021-10-28 09:39:57+00:00
6991,1254661214,2933,2021-10-28 08:39:01+00:00
6992,1254661214,2932,2021-10-28 08:03:28+00:00
6993,1254661214,2931,2021-10-28 06:00:07+00:00
6994,1254661214,2930,2021-10-27 17:11:34+00:00
6995,1254661214,2929,2021-10-27 14:51:52+00:00
6996,1254661214,2928,2021-10-27 14:29:35+00:00
6997,1254661214,2927,2021-10-27 14:04:43+00:00
6998,1254661214,2926,2021-10-27 13:04:16+00:00
6999,1254661214,2925,2021-10-27 11:04:58+00:00
7000,1254661214,2924,2021-10-27 08:55:50+00:00
7001,1254661214,2923,2021-10-27 07:38:01+00:00
7002,1254661214,2922,2021-10-27 05:50:06+00:00
7003,1254661214,2921,2021-10-27 05:25:10+00:00
7004,1254661214,2920,2021-10-26 16:10:23+00:00
7005,1254661214,2919,2021-10-26 15:11:40+00:00
7006,1254661214,2917,2021-10-26 13:50:20+00:00
7007,1254661214,2916,2021-10-26 12:48:16+00:00
7008,1254661214,2915,2021-10-26 11:30:24+00:00
7009,1254661214,2914,2021-10-26 10:00:26+00:00
7010,1254661214,2913,2021-10-26 08:36:09+00:00
7011,1254661214,2912,2021-10-26 05:30:04+00:00
7012,1254661214,2910,2021-10-25 18:58:11+00:00
7013,1254661214,2909,2021-10-25 17:54:30+00:00
7014,1254661214,2908,2021-10-25 16:23:12+00:00
7015,1254661214,2906,2021-10-25 15:07:11+00:00
7016,1254661214,2905,2021-10-25 14:44:23+00:00
7017,1254661214,2904,2021-10-25 14:31:51+00:00
7018,1254661214,2903,2021-10-25 14:28:05+00:00
7019,1254661214,2902,2021-10-25 13:12:09+00:00
7020,1254661214,2901,2021-10-25 11:41:01+00:00
7021,1254661214,2900,2021-10-25 10:08:03+00:00
7022,1254661214,2898,2021-10-25 07:38:14+00:00
7023,1254661214,2896,2021-10-24 13:26:13+00:00
7024,1254661214,2891,2021-10-23 12:29:20+00:00
7025,1254661214,2890,2021-10-23 11:23:51+00:00
7026,1254661214,2888,2021-10-23 10:00:37+00:00
7027,1254661214,2886,2021-10-23 07:59:45+00:00
7028,1254661214,2883,2021-10-22 16:48:59+00:00
7029,1254661214,2882,2021-10-22 15:50:59+00:00
7030,1254661214,2880,2021-10-22 15:01:33+00:00
7031,1254661214,2879,2021-10-22 14:31:58+00:00
7032,1254661214,2877,2021-10-22 11:10:02+00:00
7033,1254661214,2876,2021-10-22 10:15:18+00:00
7034,1254661214,2875,2021-10-22 09:24:26+00:00
7035,1254661214,2873,2021-10-22 08:12:48+00:00
7036,1254661214,2872,2021-10-22 07:17:16+00:00
7037,1254661214,2868,2021-10-22 04:20:25+00:00
7038,1254661214,2867,2021-10-21 18:12:56+00:00
7039,1254661214,2866,2021-10-21 16:35:30+00:00
7040,1254661214,2865,2021-10-21 15:35:21+00:00
7041,1254661214,2864,2021-10-21 14:35:01+00:00
7042,1254661214,2863,2021-10-21 13:43:20+00:00
7043,1254661214,2862,2021-10-21 11:29:46+00:00
7044,1254661214,2861,2021-10-21 10:24:39+00:00
7045,1254661214,2856,2021-10-21 08:34:13+00:00
7046,1254661214,2852,2021-10-20 16:09:30+00:00
7047,1254661214,2848,2021-10-20 12:43:10+00:00
7048,1254661214,2846,2021-10-20 12:13:16+00:00
7049,1254661214,2845,2021-10-20 12:05:19+00:00
7050,1254661214,2844,2021-10-20 12:01:38+00:00
7051,1254661214,2843,2021-10-20 10:34:58+00:00
7052,1254661214,2842,2021-10-20 09:44:50+00:00
7053,1254661214,2841,2021-10-20 09:03:37+00:00
7054,1254661214,2840,2021-10-20 08:04:43+00:00
7055,1254661214,2839,2021-10-19 16:59:45+00:00
7056,1254661214,2838,2021-10-19 16:00:50+00:00
7057,1254661214,2837,2021-10-19 15:32:52+00:00
7058,1254661214,2835,2021-10-19 14:35:20+00:00
7059,1254661214,2833,2021-10-19 12:39:38+00:00
7060,1254661214,2832,2021-10-19 11:19:56+00:00
7061,1254661214,2830,2021-10-19 11:05:45+00:00
7062,1254661214,2826,2021-10-19 10:15:58+00:00
7063,1254661214,2824,2021-10-19 08:32:42+00:00
7064,1254661214,2823,2021-10-19 07:14:24+00:00
7065,1254661214,2822,2021-10-18 20:31:11+00:00
7066,1254661214,2821,2021-10-18 20:02:29+00:00
7067,1254661214,2820,2021-10-18 18:03:26+00:00
7068,1254661214,2818,2021-10-18 17:25:54+00:00
7069,1254661214,2817,2021-10-18 16:07:56+00:00
7070,1254661214,2816,2021-10-18 14:56:38+00:00
7071,1254661214,2814,2021-10-18 13:22:43+00:00
7072,1254661214,2812,2021-10-18 12:55:42+00:00
7073,1254661214,2809,2021-10-18 11:57:57+00:00
7074,1254661214,2806,2021-10-18 11:29:17+00:00
7075,1254661214,2805,2021-10-18 11:14:33+00:00
7076,1254661214,2804,2021-10-18 11:00:10+00:00
7077,1254661214,2802,2021-10-18 10:24:54+00:00
7078,1254661214,2800,2021-10-18 08:26:50+00:00
7079,1254661214,2799,2021-10-18 07:07:54+00:00
7080,1254661214,2798,2021-10-18 05:45:24+00:00
7081,1254661214,2795,2021-10-17 17:48:57+00:00
7082,1254661214,2793,2021-10-17 12:16:22+00:00
7083,1254661214,2792,2021-10-17 09:37:41+00:00
7084,1254661214,2791,2021-10-17 06:15:39+00:00
7085,1254661214,2790,2021-10-16 20:54:40+00:00
7086,1254661214,2787,2021-10-16 14:36:19+00:00
7087,1254661214,2783,2021-10-16 14:04:39+00:00
7088,1254661214,2782,2021-10-16 12:44:49+00:00
7089,1254661214,2781,2021-10-16 10:25:38+00:00
7090,1254661214,2780,2021-10-16 08:23:03+00:00
7091,1254661214,2779,2021-10-15 18:21:36+00:00
7092,1254661214,2777,2021-10-15 18:07:31+00:00
7093,1254661214,2775,2021-10-15 15:17:10+00:00
7094,1254661214,2774,2021-10-15 14:14:51+00:00
7095,1254661214,2772,2021-10-15 12:12:33+00:00
7096,1254661214,2771,2021-10-15 10:36:36+00:00
7097,1254661214,2770,2021-10-15 10:04:10+00:00
7098,1254661214,2769,2021-10-15 09:13:07+00:00
7099,1254661214,2768,2021-10-15 08:57:46+00:00
7100,1254661214,2763,2021-10-14 22:02:24+00:00
7101,1254661214,2761,2021-10-14 17:31:03+00:00
7102,1254661214,2760,2021-10-14 17:19:27+00:00
7103,1254661214,2759,2021-10-14 16:04:08+00:00
7104,1254661214,2757,2021-10-14 13:40:21+00:00
7105,1254661214,2756,2021-10-14 11:56:56+00:00
7106,1254661214,2754,2021-10-14 11:02:16+00:00
7107,1254661214,2753,2021-10-14 08:59:44+00:00
7108,1254661214,2752,2021-10-14 07:21:21+00:00
7109,1254661214,2750,2021-10-13 19:03:21+00:00
7110,1254661214,2749,2021-10-13 18:08:07+00:00
7111,1254661214,2748,2021-10-13 15:53:30+00:00
7112,1254661214,2747,2021-10-13 15:01:27+00:00
7113,1254661214,2742,2021-10-13 14:42:45+00:00
7114,1254661214,2741,2021-10-13 13:35:59+00:00
7115,1254661214,2740,2021-10-13 13:17:15+00:00
7116,1254661214,2739,2021-10-13 12:00:05+00:00
7117,1254661214,2738,2021-10-13 10:44:20+00:00
7118,1254661214,2736,2021-10-13 10:05:55+00:00
7119,1254661214,2735,2021-10-13 09:24:15+00:00
7120,1254661214,2734,2021-10-13 08:39:01+00:00
7121,1254661214,2733,2021-10-13 08:08:50+00:00
7122,1254661214,2732,2021-10-12 20:46:15+00:00
7123,1254661214,2731,2021-10-12 18:24:14+00:00
7124,1254661214,2730,2021-10-12 16:16:21+00:00
7125,1254661214,2728,2021-10-12 11:12:20+00:00
7126,1254661214,2726,2021-10-12 10:12:20+00:00
7127,1254661214,2725,2021-10-12 09:07:42+00:00
7128,1254661214,2724,2021-10-12 08:16:14+00:00
7129,1254661214,2720,2021-10-11 20:42:04+00:00
7130,1254661214,2719,2021-10-11 18:37:24+00:00
7131,1254661214,2718,2021-10-11 16:46:46+00:00
7132,1254661214,2717,2021-10-11 15:44:32+00:00
7133,1254661214,2715,2021-10-11 14:51:45+00:00
7134,1254661214,2714,2021-10-11 12:53:25+00:00
7135,1254661214,2709,2021-10-10 16:58:20+00:00
7136,1254661214,2708,2021-10-10 13:09:09+00:00
7137,1254661214,2706,2021-10-10 08:18:37+00:00
7138,1254661214,2705,2021-10-10 07:16:03+00:00
7139,1254661214,2704,2021-10-10 07:04:40+00:00
7140,1254661214,2703,2021-10-09 19:04:35+00:00
7141,1254661214,2702,2021-10-09 18:03:42+00:00
7142,1254661214,2697,2021-10-09 07:20:30+00:00
7143,1254661214,2696,2021-10-08 20:37:31+00:00
7144,1254661214,2695,2021-10-08 19:02:53+00:00
7145,1254661214,2694,2021-10-08 16:07:27+00:00
7146,1254661214,2690,2021-10-08 14:27:36+00:00
7147,1254661214,2688,2021-10-08 14:21:03+00:00
7148,1254661214,2686,2021-10-08 13:51:40+00:00
7149,1254661214,2684,2021-10-08 11:50:42+00:00
7150,1254661214,2683,2021-10-08 11:38:21+00:00
7151,1254661214,2682,2021-10-08 11:33:34+00:00
7152,1254661214,2681,2021-10-08 10:33:10+00:00
7153,1254661214,2677,2021-10-08 08:49:45+00:00
7154,1254661214,2675,2021-10-08 07:48:30+00:00
7155,1254661214,2673,2021-10-08 01:02:21+00:00
7156,1254661214,2672,2021-10-07 18:46:44+00:00
7157,1254661214,2671,2021-10-07 16:24:55+00:00
7158,1254661214,2670,2021-10-07 14:49:38+00:00
7159,1254661214,2665,2021-10-07 13:59:26+00:00
7160,1254661214,2664,2021-10-07 11:50:33+00:00
7161,1254661214,2663,2021-10-07 11:22:05+00:00
7162,1254661214,2662,2021-10-07 09:43:03+00:00
7163,1254661214,2661,2021-10-07 08:27:47+00:00
7164,1254661214,2659,2021-10-07 06:09:40+00:00
7165,1254661214,2657,2021-10-06 18:11:14+00:00
7166,1254661214,2656,2021-10-06 18:03:41+00:00
7167,1254661214,2655,2021-10-06 18:02:49+00:00
7168,1254661214,2654,2021-10-06 16:14:53+00:00
7169,1254661214,2653,2021-10-06 15:59:09+00:00
7170,1254661214,2652,2021-10-06 15:33:09+00:00
7171,1254661214,2651,2021-10-06 15:29:02+00:00
7172,1254661214,2649,2021-10-06 15:08:43+00:00
7173,1254661214,2648,2021-10-06 14:20:59+00:00
7174,1254661214,2646,2021-10-06 12:08:16+00:00
7175,1254661214,2644,2021-10-06 10:08:28+00:00
7176,1254661214,2643,2021-10-06 09:48:10+00:00
7177,1254661214,2640,2021-10-06 07:39:08+00:00
7178,1254661214,2639,2021-10-06 06:28:39+00:00
7179,1254661214,2636,2021-10-05 18:17:00+00:00
7180,1254661214,2632,2021-10-05 15:56:46+00:00
7181,1254661214,2631,2021-10-05 14:16:19+00:00
7182,1254661214,2627,2021-10-05 12:17:53+00:00
7183,1254661214,2626,2021-10-05 11:56:08+00:00
7184,1254661214,2623,2021-10-05 11:13:29+00:00
7185,1254661214,2620,2021-10-05 10:43:54+00:00
7186,1254661214,2617,2021-10-05 08:57:50+00:00
7187,1254661214,2616,2021-10-05 08:24:32+00:00
7188,1254661214,2615,2021-10-05 06:02:18+00:00
7189,1254661214,2613,2021-10-04 21:36:39+00:00
7190,1254661214,2611,2021-10-04 20:32:45+00:00
7191,1254661214,2610,2021-10-04 20:15:02+00:00
7192,1254661214,2609,2021-10-04 20:00:45+00:00
7193,1254661214,2607,2021-10-04 19:32:49+00:00
7194,1254661214,2605,2021-10-04 19:11:57+00:00
7195,1254661214,2604,2021-10-04 18:49:42+00:00
7196,1254661214,2603,2021-10-04 18:15:39+00:00
7197,1254661214,2602,2021-10-04 16:24:21+00:00
7198,1254661214,2601,2021-10-04 14:44:34+00:00
7199,1254661214,2600,2021-10-04 14:09:01+00:00
7200,1254661214,2599,2021-10-04 13:38:05+00:00
7201,1254661214,2598,2021-10-04 12:37:22+00:00
7202,1254661214,2595,2021-10-04 10:00:50+00:00
7203,1254661214,2594,2021-10-04 08:42:47+00:00
7204,1254661214,2593,2021-10-04 07:38:58+00:00
7205,1254661214,2587,2021-10-03 19:02:44+00:00
7206,1254661214,2585,2021-10-03 17:58:26+00:00
7207,1254661214,2583,2021-10-03 15:12:43+00:00
7208,1254661214,2582,2021-10-03 10:48:03+00:00
7209,1254661214,2579,2021-10-02 15:23:39+00:00
7210,1254661214,2578,2021-10-02 12:20:17+00:00
7211,1254661214,2577,2021-10-02 10:30:59+00:00
7212,1254661214,2575,2021-10-01 19:25:56+00:00
7213,1254661214,2573,2021-10-01 16:06:02+00:00
7214,1254661214,2572,2021-10-01 15:59:02+00:00
7215,1254661214,2571,2021-10-01 15:50:08+00:00
7216,1254661214,2570,2021-10-01 14:25:15+00:00
7217,1254661214,2569,2021-10-01 13:45:55+00:00
7218,1254661214,2566,2021-10-01 10:49:04+00:00
7219,1254661214,2564,2021-10-01 09:49:54+00:00
7220,1254661214,2563,2021-10-01 09:20:29+00:00
7221,1254661214,2562,2021-10-01 08:21:43+00:00
7222,1254661214,2559,2021-09-30 15:54:00+00:00
7223,1254661214,2558,2021-09-30 15:15:27+00:00
7224,1254661214,2555,2021-09-30 12:30:38+00:00
7225,1254661214,2554,2021-09-30 12:13:01+00:00
7226,1254661214,2553,2021-09-30 11:15:21+00:00
7227,1254661214,2552,2021-09-30 10:23:51+00:00
7228,1254661214,2551,2021-09-30 09:38:18+00:00
7229,1254661214,2550,2021-09-30 08:58:46+00:00
7230,1254661214,2548,2021-09-30 07:43:26+00:00
7231,1254661214,2546,2021-09-30 07:30:10+00:00
7232,1254661214,2545,2021-09-30 07:14:54+00:00
7233,1254661214,2544,2021-09-30 07:06:55+00:00
7234,1254661214,2543,2021-09-30 07:03:38+00:00
7235,1254661214,2542,2021-09-30 06:59:13+00:00
7236,1254661214,2541,2021-09-29 22:27:19+00:00
7237,1254661214,2540,2021-09-29 19:56:06+00:00
7238,1254661214,2539,2021-09-29 18:19:18+00:00
7239,1254661214,2538,2021-09-29 17:58:44+00:00
7240,1254661214,2534,2021-09-29 15:17:09+00:00
7241,1254661214,2531,2021-09-29 11:10:37+00:00
7242,1254661214,2530,2021-09-29 09:55:37+00:00
7243,1254661214,2529,2021-09-29 08:46:45+00:00
7244,1254661214,2528,2021-09-29 07:49:24+00:00
7245,1254661214,2526,2021-09-29 06:07:59+00:00
7246,1254661214,2525,2021-09-28 20:54:00+00:00
7247,1254661214,2524,2021-09-28 17:16:05+00:00
7248,1254661214,2522,2021-09-28 13:27:55+00:00
7249,1254661214,2521,2021-09-28 12:05:47+00:00
7250,1254661214,2519,2021-09-28 10:55:13+00:00
7251,1254661214,2517,2021-09-28 08:33:31+00:00
7252,1254661214,2514,2021-09-28 07:58:44+00:00
7253,1254661214,2513,2021-09-27 17:37:19+00:00
7254,1254661214,2512,2021-09-27 14:20:09+00:00
7255,1254661214,2511,2021-09-27 12:15:12+00:00
7256,1254661214,2510,2021-09-27 11:27:58+00:00
7257,1254661214,2507,2021-09-27 09:08:01+00:00
7258,1254661214,2506,2021-09-27 07:57:00+00:00
7259,1254661214,2504,2021-09-26 15:43:02+00:00
7260,1254661214,2503,2021-09-26 13:27:44+00:00
7261,1254661214,2502,2021-09-26 12:38:35+00:00
7262,1254661214,2501,2021-09-26 09:09:11+00:00
7263,1254661214,2500,2021-09-26 08:06:59+00:00
7264,1254661214,2498,2021-09-25 15:33:40+00:00
7265,1254661214,2496,2021-09-25 13:31:11+00:00
7266,1254661214,2495,2021-09-25 12:16:35+00:00
7267,1254661214,2494,2021-09-25 11:44:10+00:00
7268,1254661214,2493,2021-09-25 11:20:24+00:00
7269,1254661214,2492,2021-09-25 11:02:51+00:00
7270,1254661214,2491,2021-09-25 08:57:35+00:00
7271,1254661214,2490,2021-09-25 07:53:59+00:00
7272,1254661214,2489,2021-09-24 16:05:21+00:00
7273,1254661214,2488,2021-09-24 15:31:14+00:00
7274,1254661214,2485,2021-09-24 12:19:04+00:00
7275,1254661214,2484,2021-09-24 11:30:57+00:00
7276,1254661214,2483,2021-09-24 10:37:29+00:00
7277,1254661214,2479,2021-09-24 09:33:40+00:00
7278,1254661214,2476,2021-09-23 21:04:55+00:00
7279,1254661214,2474,2021-09-23 19:57:53+00:00
7280,1254661214,2473,2021-09-23 18:21:34+00:00
7281,1254661214,2472,2021-09-23 16:07:53+00:00
7282,1254661214,2471,2021-09-23 14:47:42+00:00
7283,1254661214,2470,2021-09-23 13:56:45+00:00
7284,1254661214,2469,2021-09-23 12:38:56+00:00
7285,1254661214,2468,2021-09-23 12:21:15+00:00
7286,1254661214,2467,2021-09-23 11:25:28+00:00
7287,1254661214,2466,2021-09-23 09:50:15+00:00
7288,1254661214,2465,2021-09-23 09:36:18+00:00
7289,1254661214,2463,2021-09-23 09:01:01+00:00
7290,1254661214,2462,2021-09-23 08:45:21+00:00
7291,1254661214,2461,2021-09-23 08:23:07+00:00
7292,1254661214,2460,2021-09-23 07:10:21+00:00
7293,1254661214,2456,2021-09-22 15:54:11+00:00
7294,1254661214,2455,2021-09-22 13:56:04+00:00
7295,1254661214,2454,2021-09-22 12:59:17+00:00
7296,1254661214,2451,2021-09-22 10:50:22+00:00
7297,1254661214,2449,2021-09-22 10:04:57+00:00
7298,1254661214,2447,2021-09-22 09:49:30+00:00
7299,1254661214,2446,2021-09-22 08:47:57+00:00
7300,1254661214,2443,2021-09-22 07:06:15+00:00
7301,1254661214,2438,2021-09-21 16:15:02+00:00
7302,1254661214,2435,2021-09-21 14:03:44+00:00
7303,1254661214,2434,2021-09-21 12:55:00+00:00
7304,1254661214,2432,2021-09-21 11:02:24+00:00
7305,1254661214,2431,2021-09-21 09:52:37+00:00
7306,1254661214,2430,2021-09-21 09:37:09+00:00
7307,1254661214,2429,2021-09-21 09:19:36+00:00
7308,1254661214,2428,2021-09-21 08:33:02+00:00
7309,1254661214,2427,2021-09-21 07:23:22+00:00
7310,1254661214,2426,2021-09-21 05:51:20+00:00
7311,1254661214,2423,2021-09-21 04:27:22+00:00
7312,1254661214,2419,2021-09-20 17:00:24+00:00
7313,1254661214,2416,2021-09-20 14:34:42+00:00
7314,1254661214,2414,2021-09-20 13:51:37+00:00
7315,1254661214,2412,2021-09-20 13:04:04+00:00
7316,1254661214,2411,2021-09-20 12:56:11+00:00
7317,1254661214,2407,2021-09-20 11:29:00+00:00
7318,1254661214,2406,2021-09-20 11:07:23+00:00
7319,1254661214,2405,2021-09-20 10:45:21+00:00
7320,1254661214,2403,2021-09-20 10:24:11+00:00
7321,1254661214,2402,2021-09-20 10:19:57+00:00
7322,1254661214,2399,2021-09-20 09:52:51+00:00
7323,1254661214,2398,2021-09-20 09:38:22+00:00
7324,1254661214,2393,2021-09-20 09:05:31+00:00
7325,1254661214,2388,2021-09-20 08:18:32+00:00
7326,1254661214,2387,2021-09-20 08:12:09+00:00
7327,1254661214,2386,2021-09-20 08:03:22+00:00
7328,1254661214,2382,2021-09-20 07:46:03+00:00
7329,1254661214,2378,2021-09-20 07:34:21+00:00
7330,1254661214,2375,2021-09-20 07:14:48+00:00
7331,1254661214,2370,2021-09-20 07:01:37+00:00
7332,1254661214,2359,2021-09-20 06:58:32+00:00
7333,1254661214,2358,2021-09-20 06:52:50+00:00
7334,1254661214,2355,2021-09-20 06:18:47+00:00
7335,1254661214,2352,2021-09-19 21:49:23+00:00
7336,1254661214,2350,2021-09-19 20:30:14+00:00
7337,1254661214,2349,2021-09-19 20:11:08+00:00
7338,1254661214,2348,2021-09-19 19:56:15+00:00
7339,1254661214,2347,2021-09-19 19:35:05+00:00
7340,1254661214,2346,2021-09-19 19:19:51+00:00
7341,1254661214,2345,2021-09-19 19:01:12+00:00
7342,1254661214,2344,2021-09-19 18:49:23+00:00
7343,1254661214,2343,2021-09-19 18:13:22+00:00
7344,1254661214,2340,2021-09-19 17:42:20+00:00
7345,1254661214,2339,2021-09-19 17:18:01+00:00
7346,1254661214,2338,2021-09-19 16:13:24+00:00
7347,1254661214,2336,2021-09-19 14:33:19+00:00
7348,1254661214,2335,2021-09-19 13:45:17+00:00
7349,1254661214,2334,2021-09-19 12:40:05+00:00
7350,1254661214,2333,2021-09-19 11:10:25+00:00
7351,1254661214,2330,2021-09-19 09:46:44+00:00
7352,1254661214,2329,2021-09-19 09:12:59+00:00
7353,1254661214,2328,2021-09-19 08:04:04+00:00
7354,1254661214,2327,2021-09-19 07:32:07+00:00
7355,1254661214,2326,2021-09-18 22:32:10+00:00
7356,1254661214,2324,2021-09-18 15:00:20+00:00
7357,1254661214,2323,2021-09-18 14:00:19+00:00
7358,1254661214,2321,2021-09-18 12:30:16+00:00
7359,1254661214,2320,2021-09-18 12:01:01+00:00
7360,1254661214,2319,2021-09-18 11:32:36+00:00
7361,1254661214,2318,2021-09-18 09:09:39+00:00
7362,1254661214,2308,2021-09-18 08:20:19+00:00
7363,1254661214,2306,2021-09-18 07:16:19+00:00
7364,1254661214,2303,2021-09-17 21:09:24+00:00
7365,1254661214,2302,2021-09-17 17:38:53+00:00
7366,1254661214,2301,2021-09-17 17:00:42+00:00
7367,1254661214,2294,2021-09-17 13:48:34+00:00
7368,1254661214,2293,2021-09-17 13:35:04+00:00
7369,1254661214,2292,2021-09-17 12:18:39+00:00
7370,1254661214,2290,2021-09-17 11:35:09+00:00
7371,1254661214,2288,2021-09-17 10:59:43+00:00
7372,1254661214,2285,2021-09-17 10:19:23+00:00
7373,1254661214,2282,2021-09-17 09:51:23+00:00
7374,1254661214,2281,2021-09-17 08:14:12+00:00
7375,1254661214,2279,2021-09-17 05:38:43+00:00
7376,1254661214,2278,2021-09-17 05:29:02+00:00
7377,1254661214,2276,2021-09-17 04:35:03+00:00
7378,1254661214,2275,2021-09-16 20:29:11+00:00
7379,1254661214,2273,2021-09-16 15:29:03+00:00
7380,1254661214,2271,2021-09-16 11:46:04+00:00
7381,1254661214,2270,2021-09-16 10:51:49+00:00
7382,1254661214,2268,2021-09-16 10:33:20+00:00
7383,1254661214,2266,2021-09-16 09:56:24+00:00
7384,1254661214,2265,2021-09-16 09:13:37+00:00
7385,1254661214,2263,2021-09-16 08:57:53+00:00
7386,1254661214,2262,2021-09-16 08:49:13+00:00
7387,1254661214,2260,2021-09-16 08:14:06+00:00
7388,1254661214,2259,2021-09-16 07:16:09+00:00
7389,1254661214,2258,2021-09-16 06:59:57+00:00
7390,1254661214,2254,2021-09-16 06:51:57+00:00
7391,1254661214,2251,2021-09-16 05:11:45+00:00
7392,1254661214,2249,2021-09-15 17:58:00+00:00
7393,1254661214,2248,2021-09-15 16:41:24+00:00
7394,1254661214,2247,2021-09-15 15:07:25+00:00
7395,1254661214,2245,2021-09-15 12:30:12+00:00
7396,1254661214,2244,2021-09-15 11:24:56+00:00
7397,1254661214,2243,2021-09-15 09:24:06+00:00
7398,1254661214,2242,2021-09-15 08:34:16+00:00
7399,1254661214,2241,2021-09-15 08:04:16+00:00
7400,1254661214,2239,2021-09-14 20:51:32+00:00
7401,1254661214,2238,2021-09-14 18:18:39+00:00
7402,1254661214,2236,2021-09-14 17:56:49+00:00
7403,1254661214,2233,2021-09-14 17:33:44+00:00
7404,1254661214,2232,2021-09-14 16:01:44+00:00
7405,1254661214,2229,2021-09-14 11:37:50+00:00
7406,1254661214,2228,2021-09-14 10:23:57+00:00
7407,1254661214,2226,2021-09-14 09:53:31+00:00
7408,1254661214,2225,2021-09-14 08:30:58+00:00
7409,1254661214,2223,2021-09-13 21:14:08+00:00
7410,1254661214,2222,2021-09-13 20:14:22+00:00
7411,1254661214,2221,2021-09-13 19:25:28+00:00
7412,1254661214,2218,2021-09-13 19:02:16+00:00
7413,1254661214,2217,2021-09-13 15:33:19+00:00
7414,1254661214,2215,2021-09-13 14:13:11+00:00
7415,1254661214,2214,2021-09-13 14:10:12+00:00
7416,1254661214,2213,2021-09-13 13:22:17+00:00
7417,1254661214,2211,2021-09-13 12:42:36+00:00
7418,1254661214,2209,2021-09-13 12:11:55+00:00
7419,1254661214,2208,2021-09-13 11:36:55+00:00
7420,1254661214,2205,2021-09-13 08:18:07+00:00
7421,1254661214,2204,2021-09-13 06:15:50+00:00
7422,1254661214,2203,2021-09-12 22:34:53+00:00
7423,1254661214,2200,2021-09-12 19:21:24+00:00
7424,1254661214,2198,2021-09-12 18:13:01+00:00
7425,1254661214,2190,2021-09-12 12:08:40+00:00
7426,1254661214,2187,2021-09-12 10:43:44+00:00
7427,1254661214,2184,2021-09-12 07:49:48+00:00
7428,1254661214,2182,2021-09-12 06:34:34+00:00
7429,1254661214,2172,2021-09-11 18:00:31+00:00
7430,1254661214,2171,2021-09-11 16:11:35+00:00
7431,1254661214,2170,2021-09-11 14:24:15+00:00
7432,1254661214,2169,2021-09-11 11:17:59+00:00
7433,1254661214,2168,2021-09-11 10:37:53+00:00
7434,1254661214,2167,2021-09-11 09:40:33+00:00
7435,1254661214,2166,2021-09-11 07:21:43+00:00
7436,1254661214,2161,2021-09-10 14:10:45+00:00
7437,1254661214,2159,2021-09-10 13:06:20+00:00
7438,1254661214,2156,2021-09-10 11:02:13+00:00
7439,1254661214,2155,2021-09-10 09:54:04+00:00
7440,1254661214,2152,2021-09-10 09:19:59+00:00
7441,1254661214,2150,2021-09-09 22:02:53+00:00
7442,1254661214,2149,2021-09-09 18:56:20+00:00
7443,1254661214,2148,2021-09-09 17:27:49+00:00
7444,1254661214,2146,2021-09-09 13:09:05+00:00
7445,1254661214,2145,2021-09-09 13:02:07+00:00
7446,1254661214,2144,2021-09-09 12:17:03+00:00
7447,1254661214,2142,2021-09-09 09:07:34+00:00
7448,1254661214,2141,2021-09-09 08:05:29+00:00
7449,1254661214,2140,2021-09-09 06:29:25+00:00
7450,1254661214,2138,2021-09-08 22:14:17+00:00
7451,1254661214,2137,2021-09-08 15:56:30+00:00
7452,1254661214,2136,2021-09-08 15:46:39+00:00
7453,1254661214,2135,2021-09-08 14:06:23+00:00
7454,1254661214,2134,2021-09-08 13:50:54+00:00
7455,1254661214,2132,2021-09-08 11:48:22+00:00
7456,1254661214,2130,2021-09-08 09:57:21+00:00
7457,1254661214,2129,2021-09-08 09:49:57+00:00
7458,1254661214,2128,2021-09-08 09:39:43+00:00
7459,1254661214,2127,2021-09-08 08:52:05+00:00
7460,1254661214,2126,2021-09-08 08:40:46+00:00
7461,1254661214,2121,2021-09-08 05:58:22+00:00
7462,1254661214,2120,2021-09-08 05:44:04+00:00
7463,1254661214,2119,2021-09-08 05:40:19+00:00
7464,1254661214,2118,2021-09-08 05:34:50+00:00
7465,1254661214,2116,2021-09-08 04:53:48+00:00
7466,1254661214,2114,2021-09-08 04:36:51+00:00
7467,1254661214,2112,2021-09-08 04:29:53+00:00
7468,1254661214,2111,2021-09-08 04:26:19+00:00
7469,1254661214,2109,2021-09-07 20:36:40+00:00
7470,1254661214,2108,2021-09-07 16:39:40+00:00
7471,1254661214,2107,2021-09-07 14:32:00+00:00
7472,1254661214,2105,2021-09-07 12:55:47+00:00
7473,1254661214,2102,2021-09-07 11:55:36+00:00
7474,1254661214,2101,2021-09-07 11:39:47+00:00
7475,1254661214,2100,2021-09-07 11:15:30+00:00
7476,1254661214,2099,2021-09-07 10:53:31+00:00
7477,1254661214,2098,2021-09-07 10:14:40+00:00
7478,1254661214,2097,2021-09-07 09:57:01+00:00
7479,1254661214,2096,2021-09-07 09:23:05+00:00
7480,1254661214,2095,2021-09-07 08:20:48+00:00
7481,1254661214,2094,2021-09-07 07:59:41+00:00
7482,1254661214,2091,2021-09-07 07:19:17+00:00
7483,1254661214,2089,2021-09-07 06:22:50+00:00
7484,1254661214,2088,2021-09-06 16:06:17+00:00
7485,1254661214,2086,2021-09-06 16:02:29+00:00
7486,1254661214,2085,2021-09-06 15:57:32+00:00
7487,1254661214,2084,2021-09-06 15:47:14+00:00
7488,1254661214,2083,2021-09-06 15:04:29+00:00
7489,1254661214,2081,2021-09-06 13:58:52+00:00
7490,1254661214,2080,2021-09-06 12:52:35+00:00
7491,1254661214,2079,2021-09-06 11:32:42+00:00
7492,1254661214,2078,2021-09-06 10:10:08+00:00
7493,1254661214,2076,2021-09-06 08:53:29+00:00
7494,1254661214,2075,2021-09-06 08:08:22+00:00
7495,1254661214,2072,2021-09-05 19:38:22+00:00
7496,1254661214,2071,2021-09-05 17:55:08+00:00
7497,1254661214,2070,2021-09-05 17:10:10+00:00
7498,1254661214,2068,2021-09-05 13:27:53+00:00
7499,1254661214,2067,2021-09-05 12:10:17+00:00
7500,1254661214,2064,2021-09-05 08:26:53+00:00
7501,1254661214,2063,2021-09-05 07:28:27+00:00
7502,1254661214,2062,2021-09-05 06:43:26+00:00
7503,1254661214,2061,2021-09-04 19:38:03+00:00
7504,1254661214,2057,2021-09-04 17:55:04+00:00
7505,1254661214,2055,2021-09-04 16:22:29+00:00
7506,1254661214,2054,2021-09-04 13:32:19+00:00
7507,1254661214,2051,2021-09-04 11:19:30+00:00
7508,1254661214,2050,2021-09-04 09:39:38+00:00
7509,1254661214,2048,2021-09-03 20:47:31+00:00
7510,1254661214,2047,2021-09-03 17:55:28+00:00
7511,1254661214,2045,2021-09-03 14:28:47+00:00
7512,1254661214,2044,2021-09-03 14:14:49+00:00
7513,1254661214,2042,2021-09-03 11:37:42+00:00
7514,1254661214,2040,2021-09-03 09:09:48+00:00
7515,1254661214,2038,2021-09-02 14:29:06+00:00
7516,1254661214,2037,2021-09-02 13:45:44+00:00
7517,1254661214,2036,2021-09-02 11:34:02+00:00
7518,1254661214,2035,2021-09-02 10:39:27+00:00
7519,1254661214,2034,2021-09-02 10:16:34+00:00
7520,1254661214,2032,2021-09-02 07:10:36+00:00
7521,1254661214,2031,2021-09-02 05:21:35+00:00
7522,1254661214,2030,2021-09-01 20:37:40+00:00
7523,1254661214,2028,2021-09-01 15:11:27+00:00
7524,1254661214,2027,2021-09-01 12:47:58+00:00
7525,1254661214,2026,2021-09-01 10:37:16+00:00
7526,1254661214,2024,2021-09-01 08:39:25+00:00
7527,1254661214,2022,2021-09-01 08:18:21+00:00
7528,1254661214,2018,2021-09-01 05:30:43+00:00
7529,1254661214,2017,2021-08-31 20:07:40+00:00
7530,1254661214,2015,2021-08-31 16:25:12+00:00
7531,1254661214,2014,2021-08-31 15:17:32+00:00
7532,1254661214,2013,2021-08-31 14:01:28+00:00
7533,1254661214,2012,2021-08-31 12:51:31+00:00
7534,1254661214,2011,2021-08-31 12:11:28+00:00
7535,1254661214,2008,2021-08-31 08:10:50+00:00
7536,1254661214,2000,2021-08-31 06:00:27+00:00
7537,1254661214,1997,2021-08-30 15:34:17+00:00
7538,1254661214,1996,2021-08-30 14:28:00+00:00
7539,1254661214,1995,2021-08-30 13:18:02+00:00
7540,1254661214,1993,2021-08-30 11:02:05+00:00
7541,1254661214,1992,2021-08-30 10:48:42+00:00
7542,1254661214,1990,2021-08-30 09:42:45+00:00
7543,1254661214,1989,2021-08-30 08:42:30+00:00
7544,1254661214,1987,2021-08-29 20:20:02+00:00
7545,1254661214,1986,2021-08-29 17:42:52+00:00
7546,1254661214,1985,2021-08-29 15:59:59+00:00
7547,1254661214,1984,2021-08-29 14:36:09+00:00
7548,1254661214,1983,2021-08-29 12:58:06+00:00
7549,1254661214,1981,2021-08-29 12:07:12+00:00
7550,1254661214,1979,2021-08-29 10:06:58+00:00
7551,1254661214,1978,2021-08-29 08:01:48+00:00
7552,1254661214,1976,2021-08-28 16:45:45+00:00
7553,1254661214,1973,2021-08-28 10:53:47+00:00
7554,1254661214,1972,2021-08-28 08:44:19+00:00
7555,1254661214,1969,2021-08-28 05:36:48+00:00
7556,1254661214,1966,2021-08-27 13:57:11+00:00
7557,1254661214,1965,2021-08-27 13:46:40+00:00
7558,1254661214,1962,2021-08-27 12:05:07+00:00
7559,1254661214,1961,2021-08-27 10:37:49+00:00
7560,1254661214,1960,2021-08-27 09:19:41+00:00
7561,1254661214,1958,2021-08-27 06:23:08+00:00
7562,1254661214,1957,2021-08-26 21:36:24+00:00
7563,1254661214,1955,2021-08-26 19:32:27+00:00
7564,1254661214,1953,2021-08-26 18:27:13+00:00
7565,1254661214,1952,2021-08-26 17:18:33+00:00
7566,1254661214,1951,2021-08-26 16:10:21+00:00
7567,1254661214,1949,2021-08-26 14:47:00+00:00
7568,1254661214,1947,2021-08-26 14:17:23+00:00
7569,1254661214,1938,2021-08-26 13:49:38+00:00
7570,1254661214,1935,2021-08-26 13:33:44+00:00
7571,1254661214,1934,2021-08-26 13:15:22+00:00
7572,1254661214,1933,2021-08-26 12:34:20+00:00
7573,1254661214,1931,2021-08-26 11:19:28+00:00
7574,1254661214,1925,2021-08-26 07:42:05+00:00
7575,1254661214,1924,2021-08-26 07:18:03+00:00
7576,1254661214,1923,2021-08-25 17:46:35+00:00
7577,1254661214,1922,2021-08-25 16:37:47+00:00
7578,1254661214,1921,2021-08-25 15:13:11+00:00
7579,1254661214,1919,2021-08-25 12:54:33+00:00
7580,1254661214,1918,2021-08-25 12:24:48+00:00
7581,1254661214,1917,2021-08-25 11:40:17+00:00
7582,1254661214,1916,2021-08-25 10:09:10+00:00
7583,1254661214,1913,2021-08-25 05:16:47+00:00
7584,1254661214,1910,2021-08-24 14:13:32+00:00
7585,1254661214,1907,2021-08-24 12:16:22+00:00
7586,1254661214,1906,2021-08-24 11:43:45+00:00
7587,1254661214,1905,2021-08-24 11:28:50+00:00
7588,1254661214,1903,2021-08-24 09:33:23+00:00
7589,1254661214,1901,2021-08-24 07:12:36+00:00
7590,1254661214,1899,2021-08-23 18:55:38+00:00
7591,1254661214,1897,2021-08-23 18:15:18+00:00
7592,1254661214,1896,2021-08-23 16:56:41+00:00
7593,1254661214,1892,2021-08-23 16:51:05+00:00
7594,1254661214,1888,2021-08-23 16:45:59+00:00
7595,1254661214,1887,2021-08-23 16:03:28+00:00
7596,1254661214,1885,2021-08-23 13:04:46+00:00
7597,1254661214,1880,2021-08-23 09:56:15+00:00
7598,1254661214,1879,2021-08-23 09:27:54+00:00
7599,1254661214,1878,2021-08-23 07:30:03+00:00
7600,1254661214,1876,2021-08-22 14:58:13+00:00
7601,1254661214,1875,2021-08-22 14:22:49+00:00
7602,1254661214,1874,2021-08-22 14:01:06+00:00
7603,1254661214,1873,2021-08-22 13:30:11+00:00
7604,1254661214,1871,2021-08-22 10:03:22+00:00
7605,1254661214,1870,2021-08-22 09:48:24+00:00
7606,1254661214,1869,2021-08-22 07:59:04+00:00
7607,1254661214,1865,2021-08-21 13:58:21+00:00
7608,1254661214,1864,2021-08-21 13:49:35+00:00
7609,1254661214,1862,2021-08-21 10:33:06+00:00
7610,1254661214,1856,2021-08-21 08:45:02+00:00
7611,1254661214,1854,2021-08-21 07:58:11+00:00
7612,1254661214,1850,2021-08-20 15:18:24+00:00
7613,1254661214,1846,2021-08-20 14:38:50+00:00
7614,1254661214,1845,2021-08-20 14:23:54+00:00
7615,1254661214,1843,2021-08-20 12:29:53+00:00
7616,1254661214,1842,2021-08-20 10:57:14+00:00
7617,1254661214,1841,2021-08-20 10:43:29+00:00
7618,1254661214,1840,2021-08-20 10:01:35+00:00
7619,1254661214,1839,2021-08-20 09:37:23+00:00
7620,1254661214,1838,2021-08-20 08:02:38+00:00
7621,1254661214,1835,2021-08-20 06:41:46+00:00
7622,1254661214,1834,2021-08-19 19:24:52+00:00
7623,1254661214,1831,2021-08-19 17:55:07+00:00
7624,1254661214,1830,2021-08-19 17:11:02+00:00
7625,1254661214,1829,2021-08-19 17:01:18+00:00
7626,1254661214,1827,2021-08-19 16:53:34+00:00
7627,1254661214,1826,2021-08-19 16:47:07+00:00
7628,1254661214,1824,2021-08-19 15:58:56+00:00
7629,1254661214,1823,2021-08-19 15:41:44+00:00
7630,1254661214,1822,2021-08-19 13:58:02+00:00
7631,1254661214,1821,2021-08-19 13:35:32+00:00
7632,1254661214,1820,2021-08-19 13:02:24+00:00
7633,1254661214,1819,2021-08-19 11:03:10+00:00
7634,1254661214,1818,2021-08-19 11:00:19+00:00
7635,1254661214,1817,2021-08-19 10:18:35+00:00
7636,1254661214,1815,2021-08-19 08:33:55+00:00
7637,1254661214,1811,2021-08-18 20:41:20+00:00
7638,1254661214,1809,2021-08-18 16:31:36+00:00
7639,1254661214,1805,2021-08-18 14:28:08+00:00
7640,1254661214,1804,2021-08-18 13:43:44+00:00
7641,1254661214,1803,2021-08-18 13:42:39+00:00
7642,1254661214,1802,2021-08-18 12:59:59+00:00
7643,1254661214,1798,2021-08-18 09:41:22+00:00
7644,1254661214,1797,2021-08-18 09:15:20+00:00
7645,1254661214,1796,2021-08-18 08:43:31+00:00
7646,1254661214,1794,2021-08-18 07:15:09+00:00
7647,1254661214,1793,2021-08-18 06:45:19+00:00
7648,1254661214,1792,2021-08-18 06:23:53+00:00
7649,1254661214,1790,2021-08-17 17:08:18+00:00
7650,1254661214,1787,2021-08-17 14:14:39+00:00
7651,1254661214,1786,2021-08-17 13:04:59+00:00
7652,1254661214,1785,2021-08-17 11:48:43+00:00
7653,1254661214,1784,2021-08-17 11:20:02+00:00
7654,1254661214,1783,2021-08-17 10:29:21+00:00
7655,1254661214,1782,2021-08-17 09:17:14+00:00
7656,1254661214,1781,2021-08-17 08:56:00+00:00
7657,1254661214,1775,2021-08-17 07:13:39+00:00
7658,1254661214,1774,2021-08-17 06:44:15+00:00
7659,1254661214,1773,2021-08-16 20:24:10+00:00
7660,1254661214,1772,2021-08-16 20:08:33+00:00
7661,1254661214,1771,2021-08-16 17:09:38+00:00
7662,1254661214,1770,2021-08-16 16:07:52+00:00
7663,1254661214,1769,2021-08-16 15:56:47+00:00
7664,1254661214,1768,2021-08-16 15:54:23+00:00
7665,1254661214,1766,2021-08-16 15:05:33+00:00
7666,1254661214,1765,2021-08-16 14:34:44+00:00
7667,1254661214,1764,2021-08-16 12:53:24+00:00
7668,1254661214,1762,2021-08-16 11:39:02+00:00
7669,1254661214,1759,2021-08-16 09:53:55+00:00
7670,1254661214,1756,2021-08-16 08:33:56+00:00
7671,1254661214,1752,2021-08-16 06:24:32+00:00
7672,1254661214,1751,2021-08-16 04:52:49+00:00
7673,1254661214,1749,2021-08-16 04:22:33+00:00
7674,1254661214,1748,2021-08-15 20:38:50+00:00
7675,1254661214,1746,2021-08-15 19:45:41+00:00
7676,1254661214,1745,2021-08-15 19:31:44+00:00
7677,1254661214,1744,2021-08-15 18:31:34+00:00
7678,1254661214,1743,2021-08-15 17:18:07+00:00
7679,1254661214,1742,2021-08-15 16:19:04+00:00
7680,1254661214,1741,2021-08-15 16:07:15+00:00
7681,1254661214,1740,2021-08-15 15:06:54+00:00
7682,1254661214,1736,2021-08-15 11:42:41+00:00
7683,1254661214,1735,2021-08-15 11:35:36+00:00
7684,1254661214,1734,2021-08-15 11:09:28+00:00
7685,1254661214,1733,2021-08-15 10:07:47+00:00
7686,1254661214,1732,2021-08-15 09:27:36+00:00
7687,1254661214,1731,2021-08-15 08:39:55+00:00
7688,1254661214,1730,2021-08-15 08:20:19+00:00
7689,1254661214,1729,2021-08-15 08:05:35+00:00
7690,1254661214,1728,2021-08-15 07:09:27+00:00
7691,1254661214,1726,2021-08-14 21:50:16+00:00
7692,1254661214,1724,2021-08-14 21:16:57+00:00
7693,1254661214,1720,2021-08-14 13:50:17+00:00
7694,1254661214,1718,2021-08-14 13:33:06+00:00
7695,1254661214,1713,2021-08-14 12:45:33+00:00
7696,1254661214,1712,2021-08-14 12:39:06+00:00
7697,1254661214,1710,2021-08-14 12:30:41+00:00
7698,1254661214,1709,2021-08-14 12:01:18+00:00
7699,1254661214,1708,2021-08-14 11:55:14+00:00
7700,1254661214,1707,2021-08-14 11:23:06+00:00
7701,1254661214,1706,2021-08-14 10:19:21+00:00
7702,1254661214,1705,2021-08-14 08:17:17+00:00
7703,1254661214,1704,2021-08-14 07:19:50+00:00
7704,1254661214,1703,2021-08-13 17:00:19+00:00
7705,1254661214,1702,2021-08-13 15:56:20+00:00
7706,1254661214,1701,2021-08-13 14:43:39+00:00
7707,1254661214,1699,2021-08-13 13:32:10+00:00
7708,1254661214,1697,2021-08-13 11:48:18+00:00
7709,1254661214,1696,2021-08-13 11:23:21+00:00
7710,1254661214,1695,2021-08-13 11:09:21+00:00
7711,1254661214,1693,2021-08-13 09:26:52+00:00
7712,1254661214,1682,2021-08-12 20:43:28+00:00
7713,1254661214,1681,2021-08-12 20:32:27+00:00
7714,1254661214,1680,2021-08-12 20:20:28+00:00
7715,1254661214,1678,2021-08-12 20:01:45+00:00
7716,1254661214,1677,2021-08-12 19:59:19+00:00
7717,1254661214,1675,2021-08-12 19:41:23+00:00
7718,1254661214,1674,2021-08-12 19:36:36+00:00
7719,1254661214,1672,2021-08-12 19:33:38+00:00
7720,1254661214,1671,2021-08-12 19:28:01+00:00
7721,1254661214,1669,2021-08-12 19:11:22+00:00
7722,1254661214,1668,2021-08-12 19:02:41+00:00
7723,1254661214,1667,2021-08-12 18:54:31+00:00
7724,1254661214,1665,2021-08-12 18:50:06+00:00
7725,1254661214,1664,2021-08-12 15:45:54+00:00
7726,1254661214,1663,2021-08-12 14:37:37+00:00
7727,1254661214,1662,2021-08-12 13:26:35+00:00
7728,1254661214,1659,2021-08-12 10:44:45+00:00
7729,1254661214,1656,2021-08-12 06:29:47+00:00
7730,1254661214,1654,2021-08-11 23:53:53+00:00
7731,1254661214,1651,2021-08-11 22:31:22+00:00
7732,1254661214,1649,2021-08-11 20:15:51+00:00
7733,1254661214,1648,2021-08-11 20:01:16+00:00
7734,1254661214,1647,2021-08-11 14:49:33+00:00
7735,1254661214,1646,2021-08-11 13:27:34+00:00
7736,1254661214,1645,2021-08-11 12:52:51+00:00
7737,1254661214,1644,2021-08-11 11:52:34+00:00
7738,1254661214,1643,2021-08-11 11:14:11+00:00
7739,1254661214,1642,2021-08-11 09:06:17+00:00
7740,1254661214,1641,2021-08-11 07:21:21+00:00
7741,1254661214,1637,2021-08-10 16:13:41+00:00
7742,1254661214,1636,2021-08-10 15:19:40+00:00
7743,1254661214,1635,2021-08-10 14:29:02+00:00
7744,1254661214,1632,2021-08-10 13:44:15+00:00
7745,1254661214,1631,2021-08-10 12:39:25+00:00
7746,1254661214,1630,2021-08-10 11:10:05+00:00
7747,1254661214,1627,2021-08-10 08:25:59+00:00
7748,1254661214,1626,2021-08-10 07:17:45+00:00
7749,1254661214,1623,2021-08-09 15:46:37+00:00
7750,1254661214,1621,2021-08-09 15:30:31+00:00
7751,1254661214,1620,2021-08-09 13:52:54+00:00
7752,1254661214,1619,2021-08-09 13:22:42+00:00
7753,1254661214,1618,2021-08-09 12:21:19+00:00
7754,1254661214,1617,2021-08-09 12:16:26+00:00
7755,1254661214,1616,2021-08-09 12:13:06+00:00
7756,1254661214,1615,2021-08-09 12:02:06+00:00
7757,1254661214,1614,2021-08-09 11:49:16+00:00
7758,1254661214,1613,2021-08-09 11:47:04+00:00
7759,1254661214,1612,2021-08-09 11:09:58+00:00
7760,1254661214,1611,2021-08-09 10:09:42+00:00
7761,1254661214,1609,2021-08-09 08:40:29+00:00
7762,1124038902,24944,2021-11-30 13:50:14+00:00
7763,1124038902,24938,2021-11-30 12:24:26+00:00
7764,1124038902,24931,2021-11-30 10:01:42+00:00
7765,1124038902,24929,2021-11-30 06:24:41+00:00
7766,1124038902,24927,2021-11-30 05:27:46+00:00
7767,1124038902,24926,2021-11-29 20:55:36+00:00
7768,1124038902,24922,2021-11-29 15:26:00+00:00
7769,1124038902,24919,2021-11-29 13:23:33+00:00
7770,1124038902,24917,2021-11-29 11:59:15+00:00
7771,1124038902,24914,2021-11-28 13:30:53+00:00
7772,1124038902,24913,2021-11-28 07:54:26+00:00
7773,1124038902,24908,2021-11-27 09:05:23+00:00
7774,1124038902,24904,2021-11-26 18:30:51+00:00
7775,1124038902,24902,2021-11-26 13:04:01+00:00
7776,1124038902,24901,2021-11-26 12:17:58+00:00
7777,1124038902,24897,2021-11-26 09:01:27+00:00
7778,1124038902,24891,2021-11-25 12:55:57+00:00
7779,1124038902,24890,2021-11-25 12:28:14+00:00
7780,1124038902,24878,2021-11-24 12:21:59+00:00
7781,1124038902,24875,2021-11-24 10:34:49+00:00
7782,1124038902,24867,2021-11-23 15:50:23+00:00
7783,1124038902,24866,2021-11-23 13:36:11+00:00
7784,1124038902,24864,2021-11-23 12:14:41+00:00
7785,1124038902,24855,2021-11-23 08:34:34+00:00
7786,1124038902,24854,2021-11-23 08:24:59+00:00
7787,1124038902,24837,2021-11-20 11:16:33+00:00
7788,1124038902,24832,2021-11-19 18:30:01+00:00
7789,1124038902,24830,2021-11-19 13:30:39+00:00
7790,1124038902,24829,2021-11-19 12:05:46+00:00
7791,1124038902,24824,2021-11-18 14:13:06+00:00
7792,1124038902,24823,2021-11-18 13:31:08+00:00
7793,1124038902,24822,2021-11-18 11:46:10+00:00
7794,1124038902,24809,2021-11-16 18:29:30+00:00
7795,1124038902,24798,2021-11-16 10:32:57+00:00
7796,1124038902,24782,2021-11-15 09:38:58+00:00
7797,1124038902,24779,2021-11-14 18:02:52+00:00
7798,1124038902,24778,2021-11-14 15:56:03+00:00
7799,1124038902,24776,2021-11-14 12:15:00+00:00
7800,1124038902,24774,2021-11-13 13:29:12+00:00
7801,1124038902,24769,2021-11-12 19:33:34+00:00
7802,1124038902,24766,2021-11-12 15:04:01+00:00
7803,1124038902,24763,2021-11-12 14:19:08+00:00
7804,1124038902,24762,2021-11-12 13:32:29+00:00
7805,1124038902,24759,2021-11-12 08:59:36+00:00
7806,1124038902,24758,2021-11-12 08:53:25+00:00
7807,1124038902,24752,2021-11-11 10:34:38+00:00
7808,1124038902,24751,2021-11-11 10:01:01+00:00
7809,1124038902,24750,2021-11-11 09:29:42+00:00
7810,1124038902,24731,2021-11-10 08:39:25+00:00
7811,1124038902,24727,2021-11-09 14:06:13+00:00
7812,1124038902,24725,2021-11-09 12:17:12+00:00
7813,1124038902,24724,2021-11-09 11:54:28+00:00
7814,1124038902,24719,2021-11-09 07:49:10+00:00
7815,1124038902,24702,2021-11-07 14:58:31+00:00
7816,1124038902,24700,2021-11-07 08:42:20+00:00
7817,1124038902,24673,2021-11-02 18:13:02+00:00
7818,1124038902,24667,2021-11-02 13:26:58+00:00
7819,1124038902,24657,2021-11-02 09:44:04+00:00
7820,1124038902,24655,2021-11-01 17:11:00+00:00
7821,1124038902,24650,2021-11-01 10:37:40+00:00
7822,1124038902,24646,2021-10-31 14:20:53+00:00
7823,1124038902,24645,2021-10-31 14:12:27+00:00
7824,1124038902,24641,2021-10-30 21:34:58+00:00
7825,1124038902,24640,2021-10-30 13:57:04+00:00
7826,1124038902,24639,2021-10-30 12:12:53+00:00
7827,1124038902,24637,2021-10-30 08:58:27+00:00
7828,1124038902,24636,2021-10-29 18:26:58+00:00
7829,1124038902,24631,2021-10-29 13:24:08+00:00
7830,1124038902,24629,2021-10-29 11:42:27+00:00
7831,1124038902,24626,2021-10-29 09:14:28+00:00
7832,1124038902,24617,2021-10-28 16:24:23+00:00
7833,1124038902,24613,2021-10-28 12:08:29+00:00
7834,1124038902,24612,2021-10-28 10:42:00+00:00
7835,1124038902,24606,2021-10-27 11:37:48+00:00
7836,1124038902,24602,2021-10-26 17:14:52+00:00
7837,1124038902,24597,2021-10-26 12:41:10+00:00
7838,1124038902,24592,2021-10-25 18:13:15+00:00
7839,1124038902,24583,2021-10-25 14:40:06+00:00
7840,1124038902,24578,2021-10-24 12:41:44+00:00
7841,1124038902,24575,2021-10-23 21:26:51+00:00
7842,1124038902,24573,2021-10-23 10:48:31+00:00
7843,1124038902,24572,2021-10-23 10:30:07+00:00
7844,1124038902,24571,2021-10-23 08:35:53+00:00
7845,1124038902,24569,2021-10-22 18:26:22+00:00
7846,1124038902,24554,2021-10-22 08:01:12+00:00
7847,1124038902,24550,2021-10-21 19:01:36+00:00
7848,1124038902,24548,2021-10-21 14:17:38+00:00
7849,1124038902,24546,2021-10-21 13:00:26+00:00
7850,1124038902,24540,2021-10-21 09:15:54+00:00
7851,1124038902,24535,2021-10-20 19:21:15+00:00
7852,1124038902,24529,2021-10-20 10:21:24+00:00
7853,1124038902,24525,2021-10-19 15:30:00+00:00
7854,1124038902,24523,2021-10-19 13:47:01+00:00
7855,1124038902,24521,2021-10-19 11:17:06+00:00
7856,1124038902,24514,2021-10-18 18:40:17+00:00
7857,1124038902,24508,2021-10-18 12:40:07+00:00
7858,1124038902,24507,2021-10-18 11:32:11+00:00
7859,1124038902,24502,2021-10-17 14:50:07+00:00
7860,1124038902,24501,2021-10-17 10:07:09+00:00
7861,1124038902,24496,2021-10-16 10:26:13+00:00
7862,1124038902,24491,2021-10-15 15:01:01+00:00
7863,1124038902,24481,2021-10-14 14:01:24+00:00
7864,1124038902,24477,2021-10-14 10:29:38+00:00
7865,1124038902,24475,2021-10-13 17:37:29+00:00
7866,1124038902,24473,2021-10-13 15:01:00+00:00
7867,1124038902,24471,2021-10-13 13:38:09+00:00
7868,1124038902,24466,2021-10-13 13:02:05+00:00
7869,1124038902,24465,2021-10-13 11:56:27+00:00
7870,1124038902,24460,2021-10-13 07:15:15+00:00
7871,1124038902,24456,2021-10-12 15:01:36+00:00
7872,1124038902,24454,2021-10-12 11:03:33+00:00
7873,1124038902,24449,2021-10-11 11:32:01+00:00
7874,1124038902,24442,2021-10-10 13:51:55+00:00
7875,1124038902,24433,2021-10-08 18:04:01+00:00
7876,1124038902,24431,2021-10-08 15:00:42+00:00
7877,1124038902,24429,2021-10-08 12:52:39+00:00
7878,1124038902,24419,2021-10-07 15:10:13+00:00
7879,1124038902,24414,2021-10-07 08:46:32+00:00
7880,1124038902,24411,2021-10-06 13:48:32+00:00
7881,1124038902,24406,2021-10-06 08:30:22+00:00
7882,1124038902,24401,2021-10-05 09:51:58+00:00
7883,1124038902,24397,2021-10-04 15:05:16+00:00
7884,1124038902,24391,2021-10-04 10:05:06+00:00
7885,1124038902,24388,2021-10-03 13:58:12+00:00
7886,1124038902,24387,2021-10-03 11:01:16+00:00
7887,1124038902,24376,2021-10-01 07:50:40+00:00
7888,1124038902,24371,2021-09-30 15:01:00+00:00
7889,1124038902,24370,2021-09-30 14:40:37+00:00
7890,1124038902,24362,2021-09-30 09:01:14+00:00
7891,1124038902,24357,2021-09-29 14:58:44+00:00
7892,1124038902,24350,2021-09-29 07:22:22+00:00
7893,1124038902,24347,2021-09-28 15:15:14+00:00
7894,1124038902,24342,2021-09-28 10:30:19+00:00
7895,1124038902,24340,2021-09-28 06:00:02+00:00
7896,1124038902,24337,2021-09-27 16:07:19+00:00
7897,1124038902,24336,2021-09-27 13:13:31+00:00
7898,1124038902,24329,2021-09-27 11:49:51+00:00
7899,1124038902,24325,2021-09-26 12:36:04+00:00
7900,1124038902,24320,2021-09-25 11:26:48+00:00
7901,1124038902,24319,2021-09-25 10:35:03+00:00
7902,1124038902,24318,2021-09-24 16:56:53+00:00
7903,1124038902,24317,2021-09-24 16:52:09+00:00
7904,1124038902,24313,2021-09-24 07:08:37+00:00
7905,1124038902,24310,2021-09-23 15:25:57+00:00
7906,1124038902,24307,2021-09-23 13:47:22+00:00
7907,1124038902,24306,2021-09-23 12:46:14+00:00
7908,1124038902,24305,2021-09-23 10:33:55+00:00
7909,1124038902,24302,2021-09-22 17:39:38+00:00
7910,1124038902,24290,2021-09-21 14:16:30+00:00
7911,1124038902,24286,2021-09-21 13:00:06+00:00
7912,1124038902,24283,2021-09-21 09:53:47+00:00
7913,1124038902,24282,2021-09-21 08:26:24+00:00
7914,1124038902,24265,2021-09-20 07:58:22+00:00
7915,1124038902,24237,2021-09-18 14:36:28+00:00
7916,1124038902,24236,2021-09-18 11:39:41+00:00
7917,1124038902,24225,2021-09-17 13:02:25+00:00
7918,1124038902,24220,2021-09-17 09:10:39+00:00
7919,1124038902,24216,2021-09-16 15:19:51+00:00
7920,1124038902,24207,2021-09-15 17:51:54+00:00
7921,1124038902,24206,2021-09-15 12:54:54+00:00
7922,1124038902,24203,2021-09-15 12:48:56+00:00
7923,1124038902,24194,2021-09-14 18:35:38+00:00
7924,1124038902,24186,2021-09-14 15:27:58+00:00
7925,1124038902,24185,2021-09-14 14:41:52+00:00
7926,1124038902,24184,2021-09-14 14:33:46+00:00
7927,1124038902,24181,2021-09-14 09:25:00+00:00
7928,1124038902,24180,2021-09-14 08:27:48+00:00
7929,1124038902,24179,2021-09-14 06:12:21+00:00
7930,1124038902,24175,2021-09-13 11:01:08+00:00
7931,1124038902,24173,2021-09-12 13:55:50+00:00
7932,1124038902,24172,2021-09-12 10:57:01+00:00
7933,1124038902,24168,2021-09-11 09:21:37+00:00
7934,1124038902,24167,2021-09-11 08:43:46+00:00
7935,1124038902,24164,2021-09-10 11:40:25+00:00
7936,1124038902,24163,2021-09-10 10:34:50+00:00
7937,1124038902,24156,2021-09-10 08:38:31+00:00
7938,1124038902,24154,2021-09-09 13:17:13+00:00
7939,1124038902,24151,2021-09-09 07:17:39+00:00
7940,1124038902,24145,2021-09-08 09:06:16+00:00
7941,1124038902,24137,2021-09-08 06:31:52+00:00
7942,1124038902,24135,2021-09-07 16:25:02+00:00
7943,1124038902,24128,2021-09-07 12:17:28+00:00
7944,1124038902,24124,2021-09-07 10:36:52+00:00
7945,1124038902,24111,2021-09-06 10:58:08+00:00
7946,1124038902,24110,2021-09-06 09:59:15+00:00
7947,1124038902,24109,2021-09-06 09:13:34+00:00
7948,1124038902,24103,2021-09-04 16:13:44+00:00
7949,1124038902,24102,2021-09-03 22:00:29+00:00
7950,1124038902,24093,2021-09-03 18:35:04+00:00
7951,1124038902,24087,2021-09-02 19:32:17+00:00
7952,1124038902,24082,2021-09-02 14:00:46+00:00
7953,1124038902,24081,2021-09-02 13:03:43+00:00
7954,1124038902,24072,2021-09-02 09:51:09+00:00
7955,1124038902,24066,2021-09-01 15:15:33+00:00
7956,1124038902,24064,2021-09-01 11:35:24+00:00
7957,1124038902,24063,2021-09-01 10:37:17+00:00
7958,1124038902,24062,2021-09-01 10:27:36+00:00
7959,1124038902,24057,2021-08-31 17:03:52+00:00
7960,1124038902,24056,2021-08-31 16:00:05+00:00
7961,1124038902,24039,2021-08-29 16:30:24+00:00
7962,1124038902,24024,2021-08-27 11:14:28+00:00
7963,1124038902,24023,2021-08-27 10:11:52+00:00
7964,1124038902,24016,2021-08-26 19:15:03+00:00
7965,1124038902,24009,2021-08-26 17:23:12+00:00
7966,1124038902,24000,2021-08-26 13:55:33+00:00
7967,1124038902,23998,2021-08-26 11:19:50+00:00
7968,1124038902,23990,2021-08-25 13:18:52+00:00
7969,1124038902,23987,2021-08-25 09:00:38+00:00
7970,1124038902,23985,2021-08-25 05:47:58+00:00
7971,1124038902,23977,2021-08-24 15:31:24+00:00
7972,1124038902,23971,2021-08-23 15:58:30+00:00
7973,1124038902,23967,2021-08-23 14:21:34+00:00
7974,1124038902,23965,2021-08-23 09:08:42+00:00
7975,1124038902,23957,2021-08-22 14:46:28+00:00
7976,1124038902,23954,2021-08-21 18:23:14+00:00
7977,1124038902,23942,2021-08-19 18:48:27+00:00
7978,1124038902,23939,2021-08-19 13:33:38+00:00
7979,1124038902,23936,2021-08-19 10:03:51+00:00
7980,1124038902,23932,2021-08-18 17:08:11+00:00
7981,1124038902,23922,2021-08-17 13:30:43+00:00
7982,1124038902,23918,2021-08-17 11:12:35+00:00
7983,1124038902,23911,2021-08-17 10:02:46+00:00
7984,1124038902,23908,2021-08-17 09:42:56+00:00
7985,1124038902,23907,2021-08-17 08:57:17+00:00
7986,1124038902,23904,2021-08-17 08:27:23+00:00
7987,1124038902,23901,2021-08-17 07:40:30+00:00
7988,1124038902,23899,2021-08-16 16:51:23+00:00
7989,1124038902,23893,2021-08-16 11:01:35+00:00
7990,1124038902,23888,2021-08-16 09:23:45+00:00
7991,1124038902,23883,2021-08-15 18:11:44+00:00
7992,1124038902,23869,2021-08-15 13:23:29+00:00
7993,1124038902,23853,2021-08-15 09:36:52+00:00
7994,1124038902,23850,2021-08-15 09:25:26+00:00
7995,1124038902,23818,2021-08-12 19:07:02+00:00
7996,1124038902,23817,2021-08-12 16:45:52+00:00
7997,1124038902,23816,2021-08-12 15:24:34+00:00
7998,1124038902,23812,2021-08-12 10:18:54+00:00
7999,1124038902,23808,2021-08-12 08:03:15+00:00
8000,1124038902,23807,2021-08-11 20:55:20+00:00
8001,1124038902,23800,2021-08-11 10:10:07+00:00
8002,1124038902,23796,2021-08-11 07:38:39+00:00
8003,1124038902,23792,2021-08-10 15:15:52+00:00
8004,1124038902,23791,2021-08-10 13:44:26+00:00
8005,1124038902,23789,2021-08-10 12:45:22+00:00
8006,1124038902,23781,2021-08-09 12:20:04+00:00
8007,1124038902,23775,2021-08-08 15:30:55+00:00
8008,1124038902,23769,2021-08-08 10:51:39+00:00
8009,1124038902,23761,2021-08-06 14:41:20+00:00
8010,1124038902,23752,2021-08-05 13:49:00+00:00
8011,1124038902,23738,2021-08-04 13:40:43+00:00
8012,1124038902,23735,2021-08-04 09:59:13+00:00
8013,1124038902,23733,2021-08-03 16:00:42+00:00
8014,1124038902,23724,2021-08-03 07:18:34+00:00
8015,1124038902,23718,2021-08-02 14:13:57+00:00
8016,1124038902,23717,2021-08-02 12:23:42+00:00
8017,1124038902,23710,2021-08-01 14:17:30+00:00
8018,1124038902,23709,2021-08-01 12:28:56+00:00
8019,1124038902,23707,2021-08-01 10:16:01+00:00
8020,1124038902,23706,2021-08-01 09:59:51+00:00
8021,1124038902,23701,2021-07-31 09:00:35+00:00
8022,1124038902,23699,2021-07-30 13:50:43+00:00
8023,1124038902,23695,2021-07-30 09:01:05+00:00
8024,1124038902,23689,2021-07-29 13:59:58+00:00
8025,1124038902,23688,2021-07-29 12:49:22+00:00
8026,1124038902,23682,2021-07-28 12:37:16+00:00
8027,1124038902,23679,2021-07-27 22:30:55+00:00
8028,1124038902,23668,2021-07-26 15:36:26+00:00
8029,1124038902,23664,2021-07-26 10:53:48+00:00
8030,1124038902,23659,2021-07-25 15:38:39+00:00
8031,1124038902,23652,2021-07-24 14:34:10+00:00
8032,1124038902,23643,2021-07-23 14:17:06+00:00
8033,1124038902,23642,2021-07-23 11:13:08+00:00
8034,1124038902,23641,2021-07-23 10:13:45+00:00
8035,1124038902,23636,2021-07-22 14:30:20+00:00
8036,1124038902,23630,2021-07-21 14:10:24+00:00
8037,1124038902,23627,2021-07-21 11:40:39+00:00
8038,1124038902,23625,2021-07-21 09:07:24+00:00
8039,1124038902,23623,2021-07-21 07:28:43+00:00
8040,1124038902,23620,2021-07-20 14:45:07+00:00
8041,1124038902,23619,2021-07-20 14:01:21+00:00
8042,1124038902,23611,2021-07-20 11:58:14+00:00
8043,1124038902,23610,2021-07-20 11:47:20+00:00
8044,1124038902,23603,2021-07-19 17:37:16+00:00
8045,1124038902,23592,2021-07-18 13:21:39+00:00
8046,1124038902,23586,2021-07-17 19:26:47+00:00
8047,1124038902,23585,2021-07-17 12:43:53+00:00
8048,1124038902,23581,2021-07-16 12:29:17+00:00
8049,1124038902,23549,2021-07-11 12:14:51+00:00
8050,1124038902,23530,2021-07-08 10:04:49+00:00
8051,1124038902,23520,2021-07-06 10:11:32+00:00
8052,1124038902,23518,2021-07-06 07:59:06+00:00
8053,1124038902,23516,2021-07-05 13:31:34+00:00
8054,1124038902,23508,2021-07-04 11:59:46+00:00
8055,1124038902,23475,2021-06-29 10:00:03+00:00
8056,1124038902,23474,2021-06-29 09:25:36+00:00
8057,1124038902,23471,2021-06-28 21:54:49+00:00
8058,1124038902,23460,2021-06-28 10:00:43+00:00
8059,1124038902,23444,2021-06-25 08:55:25+00:00
8060,1124038902,23439,2021-06-24 13:31:31+00:00
8061,1124038902,23435,2021-06-24 11:13:57+00:00
8062,1124038902,23429,2021-06-23 19:21:13+00:00
8063,1124038902,23420,2021-06-22 16:00:49+00:00
8064,1124038902,23410,2021-06-21 15:40:00+00:00
8065,1124038902,23401,2021-06-19 09:27:59+00:00
8066,1124038902,23386,2021-06-17 08:30:05+00:00
8067,1124038902,23384,2021-06-16 15:37:02+00:00
8068,1124038902,23383,2021-06-16 14:58:55+00:00
8069,1124038902,23375,2021-06-16 05:38:18+00:00
8070,1124038902,23373,2021-06-15 19:22:07+00:00
8071,1124038902,23351,2021-06-13 12:37:21+00:00
8072,1124038902,23339,2021-06-12 17:02:37+00:00
8073,1124038902,23337,2021-06-12 11:04:47+00:00
8074,1124038902,23331,2021-06-11 09:26:07+00:00
8075,1124038902,23325,2021-06-10 15:08:46+00:00
8076,1124038902,23324,2021-06-10 14:01:53+00:00
8077,1124038902,23310,2021-06-09 11:46:22+00:00
8078,1124038902,23305,2021-06-09 07:52:15+00:00
8079,1124038902,23299,2021-06-08 09:24:57+00:00
8080,1124038902,23289,2021-06-06 13:48:19+00:00
8081,1124038902,23277,2021-06-03 19:06:06+00:00
8082,1124038902,23270,2021-06-02 15:12:00+00:00
8083,1124038902,23265,2021-06-01 17:44:25+00:00
8084,1124038902,23262,2021-06-01 13:12:59+00:00
8085,1124038902,23246,2021-05-30 14:17:40+00:00
8086,1124038902,23242,2021-05-29 15:33:52+00:00
8087,1124038902,23236,2021-05-28 13:22:11+00:00
8088,1124038902,23230,2021-05-27 14:28:22+00:00
8089,1124038902,23208,2021-05-25 15:26:48+00:00
8090,1124038902,23190,2021-05-23 20:16:08+00:00
8091,1124038902,23189,2021-05-23 16:55:40+00:00
8092,1124038902,23184,2021-05-23 12:32:30+00:00
8093,1124038902,23177,2021-05-22 10:16:52+00:00
8094,1124038902,23170,2021-05-20 13:44:14+00:00
8095,1124038902,23167,2021-05-20 10:11:47+00:00
8096,1124038902,23165,2021-05-20 08:30:00+00:00
8097,1124038902,23161,2021-05-19 12:22:29+00:00
8098,1124038902,23151,2021-05-19 09:55:45+00:00
8099,1124038902,23145,2021-05-18 08:48:53+00:00
8100,1124038902,23143,2021-05-17 11:38:01+00:00
8101,1124038902,23139,2021-05-16 12:50:42+00:00
8102,1124038902,23129,2021-05-14 11:25:45+00:00
8103,1124038902,23126,2021-05-14 09:04:58+00:00
8104,1124038902,23121,2021-05-13 13:25:30+00:00
8105,1124038902,23119,2021-05-13 12:09:07+00:00
8106,1124038902,23118,2021-05-13 11:27:15+00:00
8107,1124038902,23115,2021-05-13 07:32:12+00:00
8108,1124038902,23105,2021-05-11 11:38:13+00:00
8109,1124038902,23095,2021-05-11 08:00:49+00:00
8110,1124038902,23087,2021-05-09 12:13:02+00:00
8111,1124038902,23074,2021-05-06 12:09:02+00:00
8112,1124038902,23060,2021-05-02 11:43:08+00:00
8113,1124038902,23053,2021-04-30 13:50:06+00:00
8114,1124038902,23051,2021-04-30 09:45:40+00:00
8115,1124038902,23046,2021-04-29 14:38:49+00:00
8116,1124038902,23038,2021-04-28 20:27:13+00:00
8117,1124038902,23035,2021-04-28 09:59:20+00:00
8118,1124038902,23030,2021-04-27 14:41:54+00:00
8119,1124038902,23024,2021-04-26 15:01:07+00:00
8120,1124038902,23021,2021-04-25 12:48:23+00:00
8121,1124038902,23017,2021-04-24 11:02:19+00:00
8122,1124038902,23005,2021-04-22 10:01:30+00:00
8123,1124038902,23000,2021-04-21 19:24:20+00:00
8124,1124038902,22989,2021-04-21 17:20:47+00:00
8125,1124038902,22966,2021-04-21 16:16:13+00:00
8126,1124038902,22965,2021-04-21 16:10:06+00:00
8127,1124038902,22960,2021-04-21 14:56:30+00:00
8128,1124038902,22949,2021-04-21 13:18:28+00:00
8129,1124038902,22948,2021-04-21 12:00:45+00:00
8130,1124038902,22940,2021-04-20 14:39:40+00:00
8131,1124038902,22934,2021-04-19 09:28:01+00:00
8132,1124038902,22928,2021-04-18 12:32:10+00:00
8133,1124038902,22925,2021-04-18 09:00:04+00:00
8134,1124038902,22923,2021-04-17 19:38:00+00:00
8135,1124038902,22913,2021-04-17 15:11:13+00:00
8136,1124038902,22906,2021-04-16 13:53:33+00:00
8137,1124038902,22902,2021-04-16 11:01:01+00:00
8138,1124038902,22895,2021-04-15 17:51:53+00:00
8139,1124038902,22894,2021-04-15 15:32:32+00:00
8140,1124038902,22889,2021-04-15 11:52:11+00:00
8141,1124038902,22881,2021-04-14 14:54:25+00:00
8142,1124038902,22880,2021-04-14 14:48:15+00:00
8143,1124038902,22876,2021-04-14 13:04:43+00:00
8144,1124038902,22864,2021-04-13 12:31:01+00:00
8145,1124038902,22859,2021-04-13 08:57:13+00:00
8146,1124038902,22840,2021-04-11 14:59:26+00:00
8147,1124038902,22838,2021-04-11 11:32:51+00:00
8148,1124038902,22837,2021-04-11 08:49:40+00:00
8149,1124038902,22826,2021-04-09 13:33:15+00:00
8150,1124038902,22815,2021-04-08 11:59:18+00:00
8151,1124038902,22809,2021-04-07 16:24:17+00:00
8152,1124038902,22804,2021-04-07 10:02:40+00:00
8153,1124038902,22790,2021-04-06 11:48:40+00:00
8154,1124038902,22788,2021-04-06 10:14:57+00:00
8155,1124038902,22781,2021-04-05 15:11:01+00:00
8156,1124038902,22770,2021-04-05 11:40:51+00:00
8157,1124038902,22769,2021-04-05 10:10:07+00:00
8158,1124038902,22761,2021-04-05 08:34:12+00:00
8159,1124038902,22750,2021-04-02 18:15:37+00:00
8160,1124038902,22742,2021-04-02 09:22:51+00:00
8161,1124038902,22740,2021-04-02 05:04:39+00:00
8162,1124038902,22739,2021-04-01 17:18:42+00:00
8163,1124038902,22735,2021-04-01 12:56:23+00:00
8164,1124038902,22733,2021-04-01 11:34:59+00:00
8165,1124038902,22728,2021-03-31 15:01:27+00:00
8166,1124038902,22707,2021-03-29 12:26:29+00:00
8167,1124038902,22705,2021-03-29 12:16:16+00:00
8168,1124038902,22704,2021-03-29 11:24:31+00:00
8169,1124038902,22696,2021-03-28 10:03:49+00:00
8170,1124038902,22695,2021-03-28 09:35:59+00:00
8171,1124038902,22687,2021-03-26 15:02:56+00:00
8172,1124038902,22676,2021-03-25 12:12:29+00:00
8173,1124038902,22668,2021-03-24 14:57:30+00:00
8174,1124038902,22665,2021-03-24 11:35:40+00:00
8175,1124038902,22657,2021-03-23 13:33:35+00:00
8176,1124038902,22653,2021-03-23 09:42:28+00:00
8177,1124038902,22643,2021-03-21 12:44:03+00:00
8178,1124038902,22641,2021-03-21 08:21:36+00:00
8179,1124038902,22633,2021-03-20 00:17:12+00:00
8180,1124038902,22628,2021-03-19 08:15:06+00:00
8181,1124038902,22619,2021-03-18 07:00:36+00:00
8182,1124038902,22613,2021-03-17 12:37:05+00:00
8183,1124038902,22612,2021-03-17 12:13:40+00:00
8184,1124038902,22610,2021-03-17 10:31:18+00:00
8185,1124038902,22604,2021-03-16 11:15:47+00:00
8186,1124038902,22601,2021-03-16 08:55:13+00:00
8187,1124038902,22598,2021-03-15 18:59:57+00:00
8188,1124038902,22597,2021-03-15 14:34:45+00:00
8189,1124038902,22593,2021-03-15 11:19:13+00:00
8190,1124038902,22592,2021-03-15 10:03:17+00:00
8191,1124038902,22590,2021-03-14 20:05:54+00:00
8192,1124038902,22588,2021-03-14 12:26:24+00:00
8193,1124038902,22583,2021-03-13 11:13:50+00:00
8194,1124038902,22582,2021-03-13 11:09:28+00:00
8195,1124038902,22576,2021-03-12 17:08:10+00:00
8196,1124038902,22569,2021-03-11 15:58:52+00:00
8197,1124038902,22552,2021-03-09 18:04:27+00:00
8198,1124038902,22550,2021-03-09 17:23:45+00:00
8199,1124038902,22540,2021-03-09 10:04:03+00:00
8200,1124038902,22535,2021-03-08 16:34:52+00:00
8201,1124038902,22532,2021-03-08 10:11:22+00:00
8202,1124038902,22530,2021-03-07 13:52:18+00:00
8203,1124038902,22525,2021-03-06 13:23:32+00:00
8204,1124038902,22524,2021-03-06 12:07:43+00:00
8205,1124038902,22523,2021-03-06 11:18:00+00:00
8206,1124038902,22517,2021-03-05 10:01:56+00:00
8207,1124038902,22509,2021-03-04 17:02:19+00:00
8208,1124038902,22505,2021-03-04 12:01:16+00:00
8209,1124038902,22495,2021-03-03 15:00:46+00:00
8210,1124038902,22487,2021-03-03 11:02:54+00:00
8211,1124038902,22486,2021-03-03 09:17:25+00:00
8212,1124038902,22485,2021-03-03 08:56:54+00:00
8213,1124038902,22470,2021-03-01 18:47:28+00:00
8214,1124038902,22468,2021-03-01 16:33:26+00:00
8215,1124038902,22463,2021-03-01 11:38:27+00:00
8216,1124038902,22461,2021-03-01 10:14:49+00:00
8217,1124038902,22457,2021-03-01 08:00:24+00:00
8218,1124038902,22447,2021-02-27 10:26:46+00:00
8219,1124038902,22446,2021-02-27 09:55:08+00:00
8220,1124038902,22443,2021-02-26 14:42:16+00:00
8221,1124038902,22440,2021-02-26 10:34:33+00:00
8222,1124038902,22437,2021-02-26 09:30:40+00:00
8223,1124038902,22436,2021-02-26 08:50:30+00:00
8224,1124038902,22435,2021-02-26 08:32:05+00:00
8225,1124038902,22433,2021-02-25 18:08:17+00:00
8226,1124038902,22429,2021-02-25 15:24:31+00:00
8227,1124038902,22427,2021-02-25 14:18:42+00:00
8228,1124038902,22424,2021-02-25 11:34:01+00:00
8229,1124038902,22404,2021-02-23 11:39:24+00:00
8230,1124038902,22396,2021-02-22 10:53:56+00:00
8231,1124038902,22395,2021-02-22 09:58:51+00:00
8232,1124038902,22389,2021-02-20 16:37:17+00:00
8233,1124038902,22387,2021-02-20 12:09:48+00:00
8234,1124038902,22380,2021-02-19 14:01:45+00:00
8235,1124038902,22378,2021-02-19 10:53:22+00:00
8236,1124038902,22377,2021-02-19 10:46:23+00:00
8237,1124038902,22375,2021-02-19 10:12:40+00:00
8238,1124038902,22369,2021-02-18 18:51:38+00:00
8239,1124038902,22364,2021-02-18 12:04:43+00:00
8240,1124038902,22361,2021-02-18 11:18:22+00:00
8241,1124038902,22358,2021-02-18 11:04:42+00:00
8242,1124038902,22355,2021-02-18 07:48:04+00:00
8243,1124038902,22350,2021-02-17 10:44:07+00:00
8244,1124038902,22347,2021-02-17 09:48:47+00:00
8245,1124038902,22338,2021-02-16 10:39:29+00:00
8246,1124038902,22307,2021-02-14 07:00:41+00:00
8247,1124038902,22306,2021-02-13 20:52:41+00:00
8248,1124038902,22304,2021-02-13 12:40:48+00:00
8249,1124038902,22302,2021-02-13 08:53:24+00:00
8250,1124038902,22281,2021-02-11 10:09:53+00:00
8251,1124038902,22279,2021-02-10 20:23:40+00:00
8252,1124038902,22277,2021-02-10 13:34:42+00:00
8253,1124038902,22274,2021-02-10 11:53:02+00:00
8254,1124038902,22272,2021-02-10 11:43:18+00:00
8255,1124038902,22244,2021-02-08 09:15:57+00:00
8256,1124038902,22243,2021-02-08 08:02:29+00:00
8257,1124038902,22241,2021-02-07 18:45:55+00:00
8258,1124038902,22240,2021-02-07 13:25:34+00:00
8259,1124038902,22226,2021-02-05 12:52:23+00:00
8260,1124038902,22222,2021-02-05 10:31:47+00:00
8261,1124038902,22213,2021-02-04 16:12:52+00:00
8262,1124038902,22212,2021-02-04 14:43:05+00:00
8263,1124038902,22185,2021-02-02 21:10:36+00:00
8264,1124038902,22183,2021-02-02 20:55:38+00:00
8265,1124038902,22161,2021-02-02 18:56:06+00:00
8266,1124038902,22128,2021-02-02 06:41:41+00:00
8267,1124038902,22119,2021-02-01 12:12:04+00:00
8268,1124038902,22107,2021-01-31 18:14:11+00:00
8269,1124038902,22087,2021-01-31 14:25:24+00:00
8270,1124038902,22077,2021-01-31 14:16:06+00:00
8271,1124038902,22072,2021-01-31 13:44:27+00:00
8272,1124038902,22059,2021-01-31 13:19:37+00:00
8273,1124038902,22030,2021-01-31 12:32:53+00:00
8274,1124038902,22029,2021-01-31 12:32:39+00:00
8275,1124038902,22026,2021-01-31 12:26:55+00:00
8276,1124038902,22018,2021-01-31 12:03:26+00:00
8277,1124038902,22013,2021-01-31 11:51:31+00:00
8278,1124038902,22011,2021-01-31 11:44:26+00:00
8279,1124038902,22005,2021-01-31 11:21:38+00:00
8280,1124038902,22000,2021-01-31 11:04:21+00:00
8281,1124038902,21998,2021-01-31 10:58:31+00:00
8282,1124038902,21994,2021-01-31 10:50:08+00:00
8283,1124038902,21990,2021-01-31 10:43:15+00:00
8284,1124038902,21982,2021-01-31 10:26:55+00:00
8285,1124038902,21980,2021-01-31 10:24:48+00:00
8286,1124038902,21976,2021-01-31 10:18:40+00:00
8287,1124038902,21965,2021-01-31 09:52:50+00:00
8288,1124038902,21938,2021-01-31 08:39:13+00:00
8289,1124038902,21936,2021-01-31 08:34:05+00:00
8290,1124038902,21928,2021-01-31 08:02:21+00:00
8291,1124038902,21927,2021-01-31 07:55:42+00:00
8292,1124038902,21926,2021-01-31 07:37:18+00:00
8293,1124038902,21913,2021-01-31 07:11:37+00:00
8294,1124038902,21911,2021-01-31 06:58:58+00:00
8295,1124038902,21909,2021-01-31 06:47:06+00:00
8296,1124038902,21902,2021-01-31 06:41:19+00:00
8297,1124038902,21881,2021-01-31 05:57:06+00:00
8298,1124038902,21872,2021-01-29 18:21:44+00:00
8299,1124038902,21869,2021-01-29 16:59:02+00:00
8300,1124038902,21864,2021-01-29 14:03:46+00:00
8301,1124038902,21862,2021-01-29 12:58:32+00:00
8302,1124038902,21859,2021-01-28 20:54:49+00:00
8303,1124038902,21848,2021-01-28 09:57:01+00:00
8304,1124038902,21822,2021-01-27 10:56:41+00:00
8305,1124038902,21812,2021-01-26 12:39:59+00:00
8306,1124038902,21800,2021-01-25 17:02:22+00:00
8307,1124038902,21798,2021-01-25 14:30:00+00:00
8308,1124038902,21786,2021-01-25 06:58:37+00:00
8309,1124038902,21784,2021-01-24 13:03:52+00:00
8310,1124038902,21751,2021-01-23 16:58:18+00:00
8311,1124038902,21749,2021-01-23 16:55:08+00:00
8312,1124038902,21740,2021-01-23 16:18:13+00:00
8313,1124038902,21725,2021-01-23 15:58:06+00:00
8314,1124038902,21627,2021-01-23 12:59:13+00:00
8315,1124038902,21577,2021-01-23 11:26:14+00:00
8316,1124038902,21537,2021-01-23 10:13:22+00:00
8317,1124038902,21529,2021-01-23 10:04:41+00:00
8318,1124038902,21515,2021-01-23 09:35:19+00:00
8319,1124038902,21508,2021-01-23 09:23:36+00:00
8320,1124038902,21499,2021-01-23 08:56:05+00:00
8321,1124038902,21489,2021-01-23 08:30:46+00:00
8322,1124038902,21476,2021-01-23 08:12:42+00:00
8323,1124038902,21458,2021-01-23 07:50:26+00:00
8324,1124038902,21452,2021-01-23 07:48:50+00:00
8325,1124038902,21448,2021-01-23 06:29:33+00:00
8326,1124038902,21446,2021-01-22 17:44:17+00:00
8327,1124038902,21434,2021-01-22 11:05:45+00:00
8328,1124038902,21427,2021-01-21 18:05:46+00:00
8329,1124038902,21421,2021-01-21 12:59:23+00:00
8330,1124038902,21401,2021-01-20 11:26:02+00:00
8331,1124038902,21397,2021-01-20 09:00:04+00:00
8332,1124038902,21391,2021-01-19 13:54:06+00:00
8333,1124038902,21390,2021-01-19 13:31:34+00:00
8334,1124038902,21389,2021-01-19 11:58:55+00:00
8335,1124038902,21370,2021-01-18 11:16:11+00:00
8336,1124038902,21369,2021-01-18 11:03:58+00:00
8337,1124038902,21354,2021-01-17 17:50:55+00:00
8338,1124038902,21318,2021-01-14 15:31:11+00:00
8339,1124038902,21314,2021-01-14 12:31:40+00:00
8340,1124038902,21313,2021-01-14 12:02:06+00:00
8341,1124038902,21312,2021-01-14 11:02:28+00:00
8342,1124038902,21310,2021-01-14 08:42:23+00:00
8343,1124038902,21298,2021-01-12 15:31:22+00:00
8344,1124038902,21288,2021-01-12 10:27:53+00:00
8345,1124038902,21286,2021-01-12 08:44:08+00:00
8346,1124038902,21282,2021-01-11 14:49:18+00:00
8347,1124038902,21279,2021-01-11 13:01:43+00:00
8348,1124038902,21278,2021-01-11 12:58:13+00:00
8349,1124038902,21270,2021-01-10 13:03:29+00:00
8350,1124038902,21269,2021-01-10 11:13:46+00:00
8351,1124038902,21268,2021-01-10 10:54:50+00:00
8352,1124038902,21267,2021-01-10 09:18:31+00:00
8353,1124038902,21264,2021-01-09 15:23:06+00:00
8354,1124038902,21263,2021-01-09 14:54:46+00:00
8355,1124038902,21259,2021-01-09 10:44:54+00:00
8356,1124038902,21256,2021-01-09 08:14:19+00:00
8357,1124038902,21241,2021-01-07 14:31:54+00:00
8358,1124038902,21240,2021-01-07 12:14:36+00:00
8359,1124038902,21234,2021-01-06 20:45:49+00:00
8360,1124038902,21219,2021-01-06 20:13:18+00:00
8361,1124038902,21208,2021-01-05 16:57:03+00:00
8362,1124038902,21200,2021-01-05 13:17:23+00:00
8363,1124038902,21188,2021-01-03 12:51:25+00:00
8364,1124038902,21179,2021-01-02 11:09:43+00:00
8365,1124038902,21178,2021-01-02 09:41:27+00:00
8366,1124038902,21176,2021-01-02 09:36:18+00:00
8367,1124038902,21175,2021-01-02 09:19:33+00:00
8368,1124038902,21171,2020-12-31 15:05:44+00:00
8369,1124038902,21164,2020-12-31 11:22:01+00:00
8370,1124038902,21152,2020-12-30 13:00:59+00:00
8371,1124038902,21151,2020-12-30 11:06:46+00:00
8372,1124038902,21123,2020-12-27 12:39:31+00:00
8373,1124038902,21113,2020-12-26 12:00:15+00:00
8374,1124038902,21111,2020-12-26 09:39:06+00:00
8375,1124038902,21109,2020-12-26 08:46:48+00:00
8376,1124038902,21104,2020-12-25 14:39:12+00:00
8377,1124038902,21087,2020-12-24 10:38:23+00:00
8378,1124038902,21080,2020-12-23 15:11:25+00:00
8379,1124038902,21076,2020-12-23 10:56:42+00:00
8380,1124038902,21060,2020-12-22 15:55:53+00:00
8381,1124038902,21059,2020-12-22 15:45:31+00:00
8382,1124038902,21057,2020-12-22 13:28:10+00:00
8383,1124038902,21054,2020-12-22 11:52:37+00:00
8384,1124038902,21029,2020-12-21 09:02:59+00:00
8385,1124038902,21022,2020-12-20 13:13:35+00:00
8386,1124038902,21014,2020-12-19 09:42:22+00:00
8387,1124038902,21012,2020-12-19 08:50:43+00:00
8388,1124038902,21001,2020-12-18 11:32:57+00:00
8389,1124038902,21000,2020-12-18 11:09:06+00:00
8390,1124038902,20991,2020-12-18 10:18:21+00:00
8391,1124038902,20979,2020-12-17 14:04:45+00:00
8392,1124038902,20967,2020-12-17 02:12:07+00:00
8393,1124038902,20965,2020-12-16 15:07:31+00:00
8394,1124038902,20953,2020-12-16 08:11:26+00:00
8395,1124038902,20948,2020-12-15 12:39:28+00:00
8396,1124038902,20947,2020-12-15 11:00:42+00:00
8397,1124038902,20945,2020-12-15 10:48:25+00:00
8398,1124038902,20941,2020-12-15 10:19:07+00:00
8399,1124038902,20939,2020-12-15 09:36:10+00:00
8400,1124038902,20930,2020-12-14 16:00:26+00:00
8401,1124038902,20924,2020-12-14 11:21:49+00:00
8402,1124038902,20921,2020-12-14 09:55:35+00:00
8403,1124038902,20920,2020-12-14 09:03:09+00:00
8404,1124038902,20918,2020-12-13 14:18:30+00:00
8405,1124038902,20915,2020-12-13 12:06:13+00:00
8406,1124038902,20909,2020-12-13 08:21:46+00:00
8407,1124038902,20907,2020-12-12 17:47:31+00:00
8408,1124038902,20906,2020-12-12 16:35:22+00:00
8409,1124038902,20904,2020-12-12 15:17:23+00:00
8410,1124038902,20902,2020-12-12 10:59:59+00:00
8411,1124038902,20872,2020-12-10 07:00:41+00:00
8412,1124038902,20869,2020-12-09 16:34:06+00:00
8413,1124038902,20867,2020-12-09 12:25:41+00:00
8414,1124038902,20862,2020-12-08 17:28:01+00:00
8415,1124038902,20859,2020-12-08 14:59:21+00:00
8416,1124038902,20857,2020-12-08 14:48:13+00:00
8417,1124038902,20855,2020-12-08 13:56:31+00:00
8418,1124038902,20854,2020-12-08 12:05:54+00:00
8419,1124038902,20852,2020-12-08 10:24:20+00:00
8420,1124038902,20850,2020-12-08 09:46:18+00:00
8421,1124038902,20843,2020-12-07 17:21:04+00:00
8422,1124038902,20830,2020-12-07 15:00:10+00:00
8423,1124038902,20821,2020-12-06 15:04:31+00:00
8424,1124038902,20820,2020-12-06 13:05:21+00:00
8425,1124038902,20819,2020-12-06 11:24:17+00:00
8426,1124038902,20813,2020-12-05 19:06:43+00:00
8427,1124038902,20811,2020-12-05 16:28:57+00:00
8428,1124038902,20807,2020-12-05 16:08:33+00:00
8429,1124038902,20806,2020-12-05 10:16:42+00:00
8430,1124038902,20805,2020-12-05 08:44:37+00:00
8431,1124038902,20798,2020-12-04 12:32:14+00:00
8432,1124038902,20781,2020-12-03 14:17:00+00:00
8433,1124038902,20768,2020-12-02 14:50:16+00:00
8434,1124038902,20751,2020-12-01 15:28:43+00:00
8435,1124038902,20741,2020-11-30 12:12:26+00:00
8436,1124038902,20731,2020-11-29 15:31:44+00:00
8437,1124038902,20730,2020-11-29 13:51:28+00:00
8438,1124038902,20724,2020-11-29 08:35:37+00:00
8439,1124038902,20722,2020-11-29 07:29:08+00:00
8440,1124038902,20711,2020-11-28 13:07:35+00:00
8441,1124038902,20703,2020-11-27 12:32:34+00:00
8442,1124038902,20696,2020-11-27 08:36:58+00:00
8443,1124038902,20684,2020-11-26 11:43:50+00:00
8444,1124038902,20683,2020-11-26 10:58:55+00:00
8445,1124038902,20675,2020-11-25 12:38:20+00:00
8446,1124038902,20670,2020-11-25 08:53:37+00:00
8447,1124038902,20662,2020-11-24 10:02:47+00:00
8448,1124038902,20653,2020-11-23 12:30:30+00:00
8449,1124038902,20652,2020-11-23 12:08:24+00:00
8450,1124038902,20648,2020-11-23 10:59:20+00:00
8451,1124038902,20644,2020-11-23 09:04:39+00:00
8452,1124038902,20642,2020-11-22 16:23:59+00:00
8453,1124038902,20640,2020-11-22 15:57:52+00:00
8454,1124038902,20638,2020-11-22 13:55:10+00:00
8455,1124038902,20636,2020-11-22 11:00:51+00:00
8456,1124038902,20627,2020-11-22 08:36:53+00:00
8457,1124038902,20626,2020-11-22 08:31:41+00:00
8458,1124038902,20623,2020-11-21 11:30:18+00:00
8459,1124038902,20617,2020-11-20 10:33:41+00:00
8460,1124038902,20615,2020-11-20 09:59:56+00:00
8461,1124038902,20609,2020-11-19 14:39:18+00:00
8462,1124038902,20605,2020-11-19 11:13:02+00:00
8463,1124038902,20588,2020-11-18 08:20:24+00:00
8464,1124038902,20585,2020-11-17 14:40:00+00:00
8465,1124038902,20584,2020-11-17 14:07:33+00:00
8466,1124038902,20579,2020-11-17 09:40:16+00:00
8467,1124038902,20568,2020-11-16 14:07:00+00:00
8468,1124038902,20567,2020-11-16 13:25:23+00:00
8469,1124038902,20557,2020-11-16 07:35:26+00:00
8470,1124038902,20556,2020-11-16 07:30:08+00:00
8471,1124038902,20552,2020-11-15 17:48:21+00:00
8472,1124038902,20548,2020-11-15 17:40:34+00:00
8473,1124038902,20534,2020-11-14 19:06:31+00:00
8474,1124038902,20533,2020-11-14 16:01:35+00:00
8475,1124038902,20527,2020-11-13 14:00:40+00:00
8476,1124038902,20510,2020-11-12 13:54:55+00:00
8477,1124038902,20489,2020-11-11 08:01:19+00:00
8478,1124038902,20480,2020-11-10 13:27:08+00:00
8479,1124038902,20478,2020-11-10 11:03:15+00:00
8480,1124038902,20476,2020-11-10 09:47:46+00:00
8481,1124038902,20465,2020-11-09 14:17:52+00:00
8482,1124038902,20464,2020-11-09 13:58:53+00:00
8483,1124038902,20463,2020-11-09 12:32:39+00:00
8484,1124038902,20458,2020-11-09 08:44:29+00:00
8485,1124038902,20457,2020-11-09 08:15:20+00:00
8486,1124038902,20454,2020-11-08 14:54:56+00:00
8487,1124038902,20448,2020-11-07 16:24:28+00:00
8488,1124038902,20447,2020-11-07 15:33:06+00:00
8489,1124038902,20444,2020-11-07 12:37:59+00:00
8490,1124038902,20441,2020-11-07 09:37:14+00:00
8491,1124038902,20440,2020-11-07 09:34:21+00:00
8492,1124038902,20433,2020-11-06 13:42:11+00:00
8493,1124038902,20428,2020-11-06 11:38:52+00:00
8494,1124038902,20427,2020-11-06 10:16:11+00:00
8495,1124038902,20426,2020-11-06 10:03:31+00:00
8496,1124038902,20425,2020-11-06 09:45:59+00:00
8497,1124038902,20421,2020-11-05 14:49:45+00:00
8498,1124038902,20417,2020-11-05 10:47:53+00:00
8499,1124038902,20416,2020-11-05 10:40:46+00:00
8500,1124038902,20400,2020-11-04 10:13:24+00:00
8501,1124038902,20399,2020-11-04 09:14:42+00:00
8502,1124038902,20392,2020-11-03 14:39:02+00:00
8503,1124038902,20375,2020-11-02 18:33:30+00:00
8504,1124038902,20369,2020-11-02 12:57:21+00:00
8505,1124038902,20368,2020-11-02 12:27:58+00:00
8506,1124038902,20366,2020-11-02 11:48:20+00:00
8507,1124038902,20360,2020-11-02 07:24:55+00:00
8508,1124038902,20358,2020-11-01 10:00:20+00:00
8509,1124038902,20351,2020-10-31 12:29:05+00:00
8510,1124038902,20349,2020-10-31 08:57:04+00:00
8511,1124038902,20347,2020-10-31 08:23:03+00:00
8512,1124038902,20345,2020-10-30 15:16:37+00:00
8513,1124038902,20340,2020-10-30 10:59:41+00:00
8514,1124038902,20337,2020-10-30 08:00:05+00:00
8515,1124038902,20326,2020-10-29 10:04:35+00:00
8516,1124038902,20325,2020-10-29 09:34:54+00:00
8517,1124038902,20322,2020-10-29 08:15:00+00:00
8518,1124038902,20315,2020-10-28 17:39:07+00:00
8519,1124038902,20306,2020-10-28 09:44:18+00:00
8520,1124038902,20301,2020-10-27 17:18:35+00:00
8521,1124038902,20296,2020-10-27 10:02:33+00:00
8522,1124038902,20294,2020-10-27 07:47:25+00:00
8523,1124038902,20291,2020-10-26 16:53:12+00:00
8524,1124038902,20277,2020-10-26 08:08:31+00:00
8525,1124038902,20272,2020-10-25 12:52:59+00:00
8526,1124038902,20256,2020-10-24 17:13:34+00:00
8527,1124038902,20248,2020-10-24 09:53:47+00:00
8528,1124038902,20236,2020-10-22 14:33:19+00:00
8529,1124038902,20233,2020-10-22 14:17:41+00:00
8530,1124038902,20229,2020-10-22 10:50:57+00:00
8531,1124038902,20225,2020-10-22 09:11:48+00:00
8532,1124038902,20221,2020-10-21 17:19:39+00:00
8533,1124038902,20190,2020-10-20 08:22:24+00:00
8534,1124038902,20188,2020-10-19 15:00:52+00:00
8535,1124038902,20185,2020-10-19 11:28:50+00:00
8536,1124038902,20181,2020-10-19 09:01:30+00:00
8537,1124038902,20166,2020-10-16 17:47:46+00:00
8538,1124038902,20164,2020-10-16 12:12:08+00:00
8539,1124038902,20158,2020-10-15 14:53:19+00:00
8540,1124038902,20156,2020-10-15 10:30:06+00:00
8541,1124038902,20153,2020-10-15 08:11:33+00:00
8542,1124038902,20142,2020-10-14 09:50:09+00:00
8543,1124038902,20131,2020-10-13 10:59:34+00:00
8544,1124038902,20122,2020-10-12 15:34:21+00:00
8545,1124038902,20095,2020-10-10 07:52:16+00:00
8546,1124038902,20090,2020-10-09 12:39:40+00:00
8547,1124038902,20081,2020-10-08 13:50:43+00:00
8548,1124038902,20060,2020-10-07 09:59:07+00:00
8549,1124038902,20052,2020-10-07 07:37:37+00:00
8550,1124038902,20050,2020-10-06 19:46:51+00:00
8551,1124038902,20018,2020-10-05 19:00:05+00:00
8552,1124038902,20017,2020-10-05 18:27:22+00:00
8553,1124038902,20016,2020-10-05 16:32:26+00:00
8554,1124038902,20008,2020-10-05 10:15:29+00:00
8555,1124038902,20004,2020-10-05 08:46:57+00:00
8556,1124038902,19994,2020-10-04 15:26:06+00:00
8557,1124038902,19993,2020-10-04 12:45:46+00:00
8558,1124038902,19982,2020-10-04 10:07:45+00:00
8559,1124038902,19975,2020-10-03 13:55:29+00:00
8560,1124038902,19974,2020-10-03 13:22:11+00:00
8561,1124038902,19969,2020-10-03 10:22:27+00:00
8562,1124038902,19958,2020-10-02 10:37:19+00:00
8563,1124038902,19952,2020-10-01 16:28:26+00:00
8564,1124038902,19928,2020-09-30 12:32:40+00:00
8565,1124038902,19924,2020-09-30 10:12:56+00:00
8566,1124038902,19910,2020-09-29 11:21:24+00:00
8567,1124038902,19900,2020-09-28 11:48:06+00:00
8568,1124038902,19891,2020-09-27 14:07:25+00:00
8569,1124038902,19882,2020-09-25 18:53:11+00:00
8570,1124038902,19873,2020-09-25 07:58:12+00:00
8571,1124038902,19870,2020-09-24 15:54:06+00:00
8572,1124038902,19867,2020-09-24 12:36:33+00:00
8573,1124038902,19866,2020-09-24 11:59:54+00:00
8574,1124038902,19863,2020-09-24 08:30:00+00:00
8575,1124038902,19836,2020-09-23 15:46:25+00:00
8576,1124038902,19832,2020-09-23 10:47:59+00:00
8577,1124038902,19831,2020-09-23 09:50:00+00:00
8578,1124038902,19830,2020-09-23 09:29:03+00:00
8579,1124038902,19813,2020-09-22 09:08:49+00:00
8580,1124038902,19809,2020-09-22 06:59:51+00:00
8581,1124038902,19808,2020-09-22 06:20:09+00:00
8582,1124038902,19798,2020-09-21 08:44:36+00:00
8583,1124038902,19793,2020-09-20 14:22:44+00:00
8584,1124038902,19792,2020-09-20 07:58:45+00:00
8585,1124038902,19785,2020-09-19 09:40:26+00:00
8586,1124038902,19784,2020-09-19 09:01:02+00:00
8587,1124038902,19783,2020-09-19 07:48:48+00:00
8588,1124038902,19781,2020-09-18 18:08:06+00:00
8589,1124038902,19780,2020-09-18 16:34:35+00:00
8590,1124038902,19778,2020-09-18 11:52:31+00:00
8591,1124038902,19774,2020-09-18 08:29:48+00:00
8592,1124038902,19747,2020-09-15 16:54:34+00:00
8593,1124038902,19741,2020-09-15 14:46:56+00:00
8594,1124038902,19732,2020-09-15 08:50:03+00:00
8595,1124038902,19731,2020-09-15 08:47:22+00:00
8596,1124038902,19726,2020-09-14 17:18:09+00:00
8597,1124038902,19724,2020-09-14 15:30:00+00:00
8598,1124038902,19722,2020-09-14 14:47:13+00:00
8599,1124038902,19717,2020-09-14 12:08:05+00:00
8600,1124038902,19702,2020-09-12 10:49:20+00:00
8601,1124038902,19700,2020-09-12 09:38:09+00:00
8602,1124038902,19696,2020-09-11 15:01:23+00:00
8603,1124038902,19695,2020-09-11 14:25:44+00:00
8604,1124038902,19692,2020-09-11 11:47:26+00:00
8605,1124038902,19689,2020-09-11 10:17:33+00:00
8606,1124038902,19685,2020-09-10 19:38:48+00:00
8607,1124038902,19681,2020-09-10 15:10:07+00:00
8608,1124038902,19679,2020-09-10 12:55:40+00:00
8609,1124038902,19674,2020-09-10 10:21:33+00:00
8610,1124038902,19671,2020-09-10 08:50:26+00:00
8611,1124038902,19662,2020-09-09 15:01:15+00:00
8612,1124038902,19660,2020-09-09 14:13:26+00:00
8613,1124038902,19655,2020-09-09 13:40:26+00:00
8614,1124038902,19653,2020-09-09 13:22:24+00:00
8615,1124038902,19640,2020-09-08 12:04:06+00:00
8616,1124038902,19639,2020-09-08 10:42:42+00:00
8617,1124038902,19631,2020-09-07 14:14:01+00:00
8618,1124038902,19626,2020-09-07 08:03:09+00:00
8619,1124038902,19618,2020-09-06 13:11:59+00:00
8620,1124038902,19600,2020-09-05 10:27:11+00:00
8621,1124038902,19599,2020-09-05 09:09:18+00:00
8622,1124038902,19589,2020-09-04 07:36:39+00:00
8623,1124038902,19585,2020-09-03 16:19:47+00:00
8624,1124038902,19584,2020-09-03 13:45:35+00:00
8625,1124038902,19583,2020-09-03 11:47:27+00:00
8626,1124038902,19553,2020-09-01 14:41:30+00:00
8627,1124038902,19549,2020-09-01 13:47:46+00:00
8628,1124038902,19541,2020-09-01 09:59:18+00:00
8629,1124038902,19535,2020-09-01 08:51:28+00:00
8630,1124038902,19517,2020-08-30 14:57:03+00:00
8631,1124038902,19514,2020-08-30 13:05:05+00:00
8632,1124038902,19507,2020-08-30 11:39:11+00:00
8633,1124038902,19505,2020-08-30 10:46:11+00:00
8634,1124038902,19499,2020-08-29 14:40:35+00:00
8635,1124038902,19492,2020-08-29 02:26:05+00:00
8636,1124038902,19489,2020-08-28 14:00:53+00:00
8637,1124038902,19485,2020-08-28 10:47:37+00:00
8638,1124038902,19484,2020-08-28 10:25:33+00:00
8639,1124038902,19480,2020-08-28 08:01:11+00:00
8640,1124038902,19477,2020-08-27 17:30:07+00:00
8641,1124038902,19476,2020-08-27 15:22:13+00:00
8642,1124038902,19472,2020-08-27 11:43:23+00:00
8643,1124038902,19471,2020-08-27 11:22:57+00:00
8644,1124038902,19467,2020-08-27 08:33:32+00:00
8645,1124038902,19460,2020-08-26 13:30:10+00:00
8646,1124038902,19454,2020-08-26 07:42:45+00:00
8647,1124038902,19450,2020-08-25 13:27:03+00:00
8648,1124038902,19449,2020-08-25 12:37:03+00:00
8649,1124038902,19429,2020-08-24 12:15:37+00:00
8650,1124038902,19415,2020-08-23 18:03:32+00:00
8651,1124038902,19410,2020-08-23 11:36:15+00:00
8652,1124038902,19388,2020-08-21 12:13:25+00:00
8653,1124038902,19368,2020-08-20 14:13:29+00:00
8654,1124038902,19361,2020-08-20 11:41:42+00:00
8655,1124038902,19344,2020-08-20 04:51:11+00:00
8656,1124038902,19338,2020-08-19 12:38:46+00:00
8657,1124038902,19336,2020-08-19 11:15:20+00:00
8658,1124038902,19330,2020-08-19 07:19:33+00:00
8659,1124038902,19329,2020-08-19 07:16:32+00:00
8660,1124038902,19326,2020-08-18 17:45:49+00:00
8661,1124038902,19323,2020-08-18 15:25:16+00:00
8662,1124038902,19314,2020-08-18 09:16:01+00:00
8663,1124038902,19302,2020-08-17 18:12:31+00:00
8664,1124038902,19299,2020-08-17 15:02:01+00:00
8665,1124038902,19292,2020-08-17 12:21:18+00:00
8666,1124038902,19276,2020-08-17 09:34:33+00:00
8667,1124038902,19272,2020-08-17 09:05:49+00:00
8668,1124038902,19263,2020-08-17 08:18:06+00:00
8669,1124038902,19256,2020-08-17 08:07:54+00:00
8670,1124038902,19251,2020-08-16 16:37:51+00:00
8671,1124038902,19244,2020-08-16 15:38:03+00:00
8672,1124038902,19226,2020-08-16 13:47:23+00:00
8673,1124038902,19220,2020-08-16 13:17:43+00:00
8674,1124038902,19206,2020-08-16 11:52:04+00:00
8675,1124038902,19178,2020-08-15 15:33:19+00:00
8676,1124038902,19175,2020-08-15 14:05:55+00:00
8677,1124038902,19173,2020-08-15 13:29:06+00:00
8678,1124038902,19170,2020-08-15 12:40:46+00:00
8679,1124038902,19157,2020-08-15 11:02:49+00:00
8680,1124038902,19141,2020-08-15 09:39:31+00:00
8681,1124038902,19139,2020-08-15 09:15:26+00:00
8682,1124038902,19137,2020-08-15 08:17:07+00:00
8683,1124038902,19136,2020-08-15 07:47:48+00:00
8684,1124038902,19123,2020-08-14 17:28:28+00:00
8685,1124038902,19119,2020-08-14 15:30:39+00:00
8686,1124038902,19115,2020-08-14 14:03:22+00:00
8687,1124038902,19113,2020-08-14 13:44:48+00:00
8688,1124038902,19107,2020-08-14 12:24:15+00:00
8689,1124038902,19102,2020-08-14 09:37:52+00:00
8690,1124038902,19096,2020-08-14 07:39:49+00:00
8691,1124038902,19094,2020-08-14 07:34:18+00:00
8692,1124038902,19088,2020-08-13 21:19:22+00:00
8693,1124038902,19086,2020-08-13 20:08:16+00:00
8694,1124038902,19084,2020-08-13 18:10:20+00:00
8695,1124038902,19083,2020-08-13 17:41:57+00:00
8696,1124038902,19066,2020-08-13 08:49:32+00:00
8697,1124038902,19065,2020-08-13 07:59:07+00:00
8698,1124038902,19062,2020-08-13 07:19:32+00:00
8699,1124038902,19061,2020-08-12 19:05:42+00:00
8700,1124038902,19059,2020-08-12 18:11:17+00:00
8701,1124038902,19045,2020-08-12 11:30:49+00:00
8702,1124038902,19039,2020-08-12 06:52:04+00:00
8703,1124038902,19000,2020-08-11 17:13:31+00:00
8704,1124038902,18998,2020-08-11 17:03:45+00:00
8705,1124038902,18996,2020-08-11 16:46:36+00:00
8706,1124038902,18992,2020-08-11 15:58:16+00:00
8707,1124038902,18988,2020-08-11 15:15:26+00:00
8708,1124038902,18985,2020-08-11 14:56:39+00:00
8709,1124038902,18983,2020-08-11 13:03:24+00:00
8710,1124038902,18980,2020-08-11 11:11:37+00:00
8711,1124038902,18978,2020-08-11 10:57:53+00:00
8712,1124038902,18960,2020-08-11 05:57:23+00:00
8713,1124038902,18949,2020-08-10 21:55:40+00:00
8714,1124038902,18909,2020-08-10 18:19:15+00:00
8715,1124038902,18899,2020-08-10 17:26:29+00:00
8716,1124038902,18889,2020-08-10 14:48:45+00:00
8717,1124038902,18888,2020-08-10 13:33:59+00:00
8718,1124038902,18887,2020-08-10 13:32:39+00:00
8719,1124038902,18884,2020-08-10 11:29:39+00:00
8720,1124038902,18883,2020-08-10 11:02:08+00:00
8721,1124038902,18881,2020-08-10 10:19:13+00:00
8722,1124038902,18812,2020-08-09 16:10:16+00:00
8723,1124038902,18811,2020-08-09 15:40:52+00:00
8724,1124038902,18804,2020-08-08 11:15:48+00:00
8725,1124038902,18799,2020-08-08 08:39:51+00:00
8726,1124038902,18797,2020-08-07 16:15:55+00:00
8727,1124038902,18796,2020-08-07 14:19:57+00:00
8728,1124038902,18795,2020-08-07 13:51:13+00:00
8729,1124038902,18794,2020-08-07 10:48:18+00:00
8730,1124038902,18787,2020-08-07 06:33:11+00:00
8731,1124038902,18781,2020-08-06 08:54:31+00:00
8732,1124038902,18778,2020-08-05 17:00:57+00:00
8733,1124038902,18776,2020-08-05 14:38:58+00:00
8734,1124038902,18773,2020-08-05 09:56:32+00:00
8735,1124038902,18772,2020-08-05 08:58:21+00:00
8736,1124038902,18771,2020-08-05 08:32:39+00:00
8737,1124038902,18768,2020-08-05 07:29:16+00:00
8738,1124038902,18736,2020-08-04 12:47:17+00:00
8739,1124038902,18735,2020-08-04 11:56:56+00:00
8740,1124038902,18724,2020-08-04 06:24:19+00:00
8741,1124038902,18722,2020-08-03 19:51:22+00:00
8742,1124038902,18717,2020-08-03 13:02:52+00:00
8743,1124038902,18715,2020-08-03 11:40:13+00:00
8744,1124038902,18708,2020-08-03 05:32:39+00:00
8745,1124038902,18706,2020-08-02 16:23:18+00:00
8746,1124038902,18698,2020-08-01 14:29:50+00:00
8747,1124038902,18690,2020-08-01 06:38:14+00:00
8748,1124038902,18687,2020-07-31 16:39:14+00:00
8749,1124038902,18680,2020-07-31 08:17:39+00:00
8750,1124038902,18676,2020-07-31 06:15:17+00:00
8751,1124038902,18675,2020-07-30 16:45:25+00:00
8752,1124038902,18670,2020-07-30 11:52:50+00:00
8753,1124038902,18658,2020-07-29 14:08:06+00:00
8754,1124038902,18654,2020-07-29 08:58:14+00:00
8755,1124038902,18631,2020-07-27 14:44:00+00:00
8756,1124038902,18628,2020-07-27 10:10:21+00:00
8757,1124038902,18626,2020-07-27 09:08:33+00:00
8758,1124038902,18624,2020-07-27 07:58:27+00:00
8759,1124038902,18618,2020-07-26 17:30:07+00:00
8760,1124038902,18617,2020-07-26 17:23:42+00:00
8761,1124038902,18616,2020-07-26 14:34:31+00:00
8762,1117628569,29518,2021-11-30 23:12:21+00:00
8763,1117628569,29517,2021-11-30 19:08:25+00:00
8764,1117628569,29514,2021-11-30 16:05:01+00:00
8765,1117628569,29513,2021-11-30 15:29:51+00:00
8766,1117628569,29511,2021-11-30 14:52:35+00:00
8767,1117628569,29510,2021-11-30 14:08:12+00:00
8768,1117628569,29509,2021-11-30 13:47:33+00:00
8769,1117628569,29507,2021-11-30 12:49:59+00:00
8770,1117628569,29503,2021-11-30 09:33:20+00:00
8771,1117628569,29502,2021-11-30 09:01:48+00:00
8772,1117628569,29501,2021-11-30 08:31:19+00:00
8773,1117628569,29499,2021-11-30 06:08:32+00:00
8774,1117628569,29494,2021-11-29 20:27:16+00:00
8775,1117628569,29493,2021-11-29 18:31:42+00:00
8776,1117628569,29492,2021-11-29 17:53:45+00:00
8777,1117628569,29470,2021-11-29 11:11:13+00:00
8778,1117628569,29460,2021-11-28 20:46:38+00:00
8779,1117628569,29456,2021-11-28 15:00:21+00:00
8780,1117628569,29447,2021-11-28 11:00:55+00:00
8781,1117628569,29445,2021-11-28 08:41:52+00:00
8782,1117628569,29432,2021-11-27 14:22:13+00:00
8783,1117628569,29424,2021-11-26 18:46:32+00:00
8784,1117628569,29420,2021-11-26 15:15:25+00:00
8785,1117628569,29417,2021-11-26 12:26:34+00:00
8786,1117628569,29410,2021-11-26 09:15:58+00:00
8787,1117628569,29406,2021-11-26 08:30:25+00:00
8788,1117628569,29398,2021-11-25 18:00:06+00:00
8789,1117628569,29390,2021-11-25 14:30:32+00:00
8790,1117628569,29386,2021-11-25 14:00:46+00:00
8791,1117628569,29376,2021-11-25 10:01:21+00:00
8792,1117628569,29375,2021-11-25 09:46:15+00:00
8793,1117628569,29369,2021-11-25 06:54:44+00:00
8794,1117628569,29361,2021-11-25 03:59:04+00:00
8795,1117628569,29355,2021-11-24 15:59:10+00:00
8796,1117628569,29354,2021-11-24 15:09:35+00:00
8797,1117628569,29352,2021-11-24 13:32:09+00:00
8798,1117628569,29348,2021-11-24 08:41:05+00:00
8799,1117628569,29333,2021-11-23 13:30:52+00:00
8800,1117628569,29327,2021-11-23 08:42:13+00:00
8801,1117628569,29325,2021-11-23 06:11:12+00:00
8802,1117628569,29323,2021-11-22 18:03:13+00:00
8803,1117628569,29312,2021-11-22 12:17:26+00:00
8804,1117628569,29308,2021-11-22 09:00:48+00:00
8805,1117628569,29306,2021-11-22 08:01:21+00:00
8806,1117628569,29302,2021-11-21 21:03:25+00:00
8807,1117628569,29299,2021-11-21 17:36:24+00:00
8808,1117628569,29293,2021-11-21 11:02:49+00:00
8809,1117628569,29290,2021-11-21 09:00:18+00:00
8810,1117628569,29288,2021-11-20 21:09:00+00:00
8811,1117628569,29286,2021-11-20 17:34:48+00:00
8812,1117628569,29278,2021-11-20 14:52:59+00:00
8813,1117628569,29276,2021-11-20 14:22:16+00:00
8814,1117628569,29269,2021-11-20 08:12:39+00:00
8815,1117628569,29265,2021-11-20 05:39:37+00:00
8816,1117628569,29262,2021-11-19 20:01:01+00:00
8817,1117628569,29260,2021-11-19 17:47:59+00:00
8818,1117628569,29259,2021-11-19 17:18:42+00:00
8819,1117628569,29250,2021-11-19 10:21:17+00:00
8820,1117628569,29249,2021-11-19 09:46:19+00:00
8821,1117628569,29242,2021-11-18 18:20:01+00:00
8822,1117628569,29239,2021-11-18 16:00:05+00:00
8823,1117628569,29237,2021-11-18 14:35:08+00:00
8824,1117628569,29236,2021-11-18 14:26:23+00:00
8825,1117628569,29235,2021-11-18 14:13:28+00:00
8826,1117628569,29227,2021-11-18 10:08:46+00:00
8827,1117628569,29225,2021-11-18 09:23:19+00:00
8828,1117628569,29223,2021-11-18 08:16:30+00:00
8829,1117628569,29219,2021-11-17 19:03:56+00:00
8830,1117628569,29216,2021-11-17 16:00:07+00:00
8831,1117628569,29213,2021-11-17 14:10:48+00:00
8832,1117628569,29211,2021-11-17 13:34:20+00:00
8833,1117628569,29206,2021-11-17 12:00:53+00:00
8834,1117628569,29205,2021-11-17 11:02:11+00:00
8835,1117628569,29204,2021-11-17 10:30:08+00:00
8836,1117628569,29200,2021-11-17 07:10:23+00:00
8837,1117628569,29199,2021-11-17 07:02:34+00:00
8838,1117628569,29190,2021-11-16 11:02:22+00:00
8839,1117628569,29182,2021-11-16 07:42:53+00:00
8840,1117628569,29181,2021-11-16 07:04:24+00:00
8841,1117628569,29180,2021-11-15 18:53:55+00:00
8842,1117628569,29179,2021-11-15 17:49:09+00:00
8843,1117628569,29178,2021-11-15 17:46:29+00:00
8844,1117628569,29176,2021-11-15 15:27:31+00:00
8845,1117628569,29174,2021-11-15 14:10:13+00:00
8846,1117628569,29173,2021-11-15 13:10:43+00:00
8847,1117628569,29168,2021-11-15 09:12:39+00:00
8848,1117628569,29162,2021-11-14 15:16:23+00:00
8849,1117628569,29143,2021-11-13 09:09:24+00:00
8850,1117628569,29142,2021-11-13 08:33:27+00:00
8851,1117628569,29137,2021-11-12 22:52:15+00:00
8852,1117628569,29136,2021-11-12 19:32:34+00:00
8853,1117628569,29129,2021-11-12 15:42:53+00:00
8854,1117628569,29117,2021-11-12 11:01:30+00:00
8855,1117628569,29113,2021-11-12 08:39:15+00:00
8856,1117628569,29101,2021-11-11 18:46:15+00:00
8857,1117628569,29098,2021-11-11 16:07:56+00:00
8858,1117628569,29097,2021-11-11 15:38:48+00:00
8859,1117628569,29095,2021-11-11 14:54:59+00:00
8860,1117628569,29089,2021-11-11 14:00:01+00:00
8861,1117628569,29085,2021-11-11 11:40:45+00:00
8862,1117628569,29084,2021-11-11 11:00:31+00:00
8863,1117628569,29083,2021-11-11 10:00:27+00:00
8864,1117628569,29081,2021-11-11 09:00:04+00:00
8865,1117628569,29080,2021-11-11 08:41:03+00:00
8866,1117628569,29078,2021-11-11 07:00:36+00:00
8867,1117628569,29068,2021-11-10 13:54:51+00:00
8868,1117628569,29064,2021-11-10 13:17:10+00:00
8869,1117628569,29061,2021-11-10 13:00:38+00:00
8870,1117628569,29056,2021-11-10 09:03:22+00:00
8871,1117628569,29055,2021-11-10 08:51:10+00:00
8872,1117628569,29049,2021-11-09 17:49:32+00:00
8873,1117628569,29047,2021-11-09 16:01:05+00:00
8874,1117628569,29046,2021-11-09 15:20:45+00:00
8875,1117628569,29042,2021-11-09 13:12:40+00:00
8876,1117628569,29041,2021-11-09 13:00:54+00:00
8877,1117628569,29040,2021-11-09 12:00:47+00:00
8878,1117628569,29038,2021-11-09 11:02:55+00:00
8879,1117628569,29037,2021-11-09 10:19:44+00:00
8880,1117628569,29035,2021-11-09 09:53:59+00:00
8881,1117628569,29031,2021-11-09 07:06:22+00:00
8882,1117628569,29030,2021-11-09 02:22:38+00:00
8883,1117628569,29027,2021-11-08 17:36:09+00:00
8884,1117628569,29023,2021-11-08 14:02:05+00:00
8885,1117628569,29021,2021-11-08 13:14:13+00:00
8886,1117628569,29015,2021-11-08 10:30:18+00:00
8887,1117628569,29014,2021-11-08 09:05:30+00:00
8888,1117628569,29005,2021-11-07 14:47:19+00:00
8889,1117628569,29004,2021-11-07 13:19:41+00:00
8890,1117628569,29001,2021-11-07 10:01:00+00:00
8891,1117628569,29000,2021-11-07 08:40:46+00:00
8892,1117628569,28998,2021-11-07 08:08:12+00:00
8893,1117628569,28989,2021-11-06 18:49:06+00:00
8894,1117628569,28987,2021-11-06 16:47:20+00:00
8895,1117628569,28976,2021-11-06 08:31:04+00:00
8896,1117628569,28974,2021-11-06 06:33:45+00:00
8897,1117628569,28971,2021-11-05 19:20:55+00:00
8898,1117628569,28964,2021-11-05 14:00:50+00:00
8899,1117628569,28958,2021-11-05 09:50:55+00:00
8900,1117628569,28954,2021-11-05 06:36:28+00:00
8901,1117628569,28953,2021-11-04 21:53:05+00:00
8902,1117628569,28949,2021-11-04 19:40:51+00:00
8903,1117628569,28935,2021-11-04 10:33:59+00:00
8904,1117628569,28934,2021-11-04 09:00:33+00:00
8905,1117628569,28932,2021-11-03 23:18:01+00:00
8906,1117628569,28930,2021-11-03 18:30:28+00:00
8907,1117628569,28927,2021-11-03 15:20:36+00:00
8908,1117628569,28926,2021-11-03 14:54:59+00:00
8909,1117628569,28924,2021-11-03 14:30:26+00:00
8910,1117628569,28923,2021-11-03 13:27:08+00:00
8911,1117628569,28922,2021-11-03 13:11:44+00:00
8912,1117628569,28910,2021-11-03 08:03:46+00:00
8913,1117628569,28906,2021-11-02 19:42:01+00:00
8914,1117628569,28903,2021-11-02 17:40:24+00:00
8915,1117628569,28902,2021-11-02 17:00:24+00:00
8916,1117628569,28898,2021-11-02 13:56:13+00:00
8917,1117628569,28897,2021-11-02 13:06:06+00:00
8918,1117628569,28895,2021-11-02 12:01:47+00:00
8919,1117628569,28892,2021-11-02 09:05:06+00:00
8920,1117628569,28887,2021-11-01 20:10:17+00:00
8921,1117628569,28878,2021-11-01 13:00:18+00:00
8922,1117628569,28877,2021-11-01 12:02:15+00:00
8923,1117628569,28876,2021-11-01 11:14:32+00:00
8924,1117628569,28871,2021-11-01 07:09:51+00:00
8925,1117628569,28861,2021-10-31 16:38:33+00:00
8926,1117628569,28858,2021-10-31 15:18:04+00:00
8927,1117628569,28854,2021-10-31 12:40:42+00:00
8928,1117628569,28842,2021-10-30 18:09:07+00:00
8929,1117628569,28840,2021-10-30 15:52:34+00:00
8930,1117628569,28838,2021-10-30 14:10:41+00:00
8931,1117628569,28837,2021-10-30 12:24:13+00:00
8932,1117628569,28831,2021-10-30 11:01:36+00:00
8933,1117628569,28820,2021-10-29 16:59:01+00:00
8934,1117628569,28814,2021-10-29 15:18:02+00:00
8935,1117628569,28812,2021-10-29 13:51:03+00:00
8936,1117628569,28805,2021-10-29 09:00:03+00:00
8937,1117628569,28802,2021-10-29 07:51:33+00:00
8938,1117628569,28801,2021-10-29 07:08:50+00:00
8939,1117628569,28791,2021-10-28 15:06:53+00:00
8940,1117628569,28788,2021-10-28 12:17:21+00:00
8941,1117628569,28787,2021-10-28 11:30:17+00:00
8942,1117628569,28786,2021-10-28 10:31:59+00:00
8943,1117628569,28785,2021-10-28 10:15:38+00:00
8944,1117628569,28784,2021-10-28 10:06:27+00:00
8945,1117628569,28782,2021-10-28 08:54:13+00:00
8946,1117628569,28780,2021-10-28 07:46:40+00:00
8947,1117628569,28768,2021-10-27 16:00:23+00:00
8948,1117628569,28765,2021-10-27 13:24:22+00:00
8949,1117628569,28756,2021-10-27 07:13:11+00:00
8950,1117628569,28755,2021-10-26 19:10:26+00:00
8951,1117628569,28742,2021-10-26 14:16:12+00:00
8952,1117628569,28741,2021-10-26 13:15:26+00:00
8953,1117628569,28728,2021-10-26 08:15:37+00:00
8954,1117628569,28727,2021-10-26 07:03:39+00:00
8955,1117628569,28717,2021-10-25 15:16:50+00:00
8956,1117628569,28715,2021-10-25 14:54:52+00:00
8957,1117628569,28712,2021-10-25 14:28:15+00:00
8958,1117628569,28711,2021-10-25 14:11:39+00:00
8959,1117628569,28706,2021-10-25 10:06:39+00:00
8960,1117628569,28705,2021-10-25 09:02:40+00:00
8961,1117628569,28697,2021-10-24 19:05:33+00:00
8962,1117628569,28690,2021-10-24 13:23:23+00:00
8963,1117628569,28687,2021-10-24 11:38:34+00:00
8964,1117628569,28684,2021-10-24 03:46:33+00:00
8965,1117628569,28675,2021-10-23 13:31:07+00:00
8966,1117628569,28673,2021-10-23 11:02:07+00:00
8967,1117628569,28671,2021-10-23 10:00:34+00:00
8968,1117628569,28659,2021-10-22 15:00:35+00:00
8969,1117628569,28650,2021-10-22 10:00:16+00:00
8970,1117628569,28642,2021-10-22 03:15:05+00:00
8971,1117628569,28640,2021-10-21 18:42:37+00:00
8972,1117628569,28629,2021-10-21 14:30:55+00:00
8973,1117628569,28607,2021-10-20 18:44:08+00:00
8974,1117628569,28604,2021-10-20 16:00:11+00:00
8975,1117628569,28599,2021-10-20 12:30:21+00:00
8976,1117628569,28597,2021-10-20 11:29:31+00:00
8977,1117628569,28592,2021-10-20 08:04:49+00:00
8978,1117628569,28591,2021-10-20 07:13:54+00:00
8979,1117628569,28589,2021-10-20 05:11:18+00:00
8980,1117628569,28586,2021-10-19 17:48:58+00:00
8981,1117628569,28585,2021-10-19 17:00:06+00:00
8982,1117628569,28578,2021-10-19 13:11:36+00:00
8983,1117628569,28577,2021-10-19 12:29:32+00:00
8984,1117628569,28574,2021-10-19 10:33:41+00:00
8985,1117628569,28566,2021-10-19 03:54:12+00:00
8986,1117628569,28558,2021-10-18 17:36:56+00:00
8987,1117628569,28547,2021-10-18 12:16:45+00:00
8988,1117628569,28542,2021-10-18 09:23:13+00:00
8989,1117628569,28540,2021-10-18 07:05:20+00:00
8990,1117628569,28537,2021-10-18 05:37:45+00:00
8991,1117628569,28536,2021-10-18 04:37:46+00:00
8992,1117628569,28519,2021-10-17 12:31:58+00:00
8993,1117628569,28517,2021-10-17 09:24:45+00:00
8994,1117628569,28512,2021-10-16 17:31:06+00:00
8995,1117628569,28504,2021-10-16 14:25:29+00:00
8996,1117628569,28470,2021-10-14 20:39:19+00:00
8997,1117628569,28466,2021-10-14 16:00:01+00:00
8998,1117628569,28458,2021-10-14 10:53:15+00:00
8999,1117628569,28453,2021-10-14 08:55:47+00:00
9000,1117628569,28452,2021-10-14 08:00:04+00:00
9001,1117628569,28450,2021-10-14 07:00:30+00:00
9002,1117628569,28449,2021-10-14 06:20:17+00:00
9003,1117628569,28441,2021-10-13 16:01:52+00:00
9004,1117628569,28437,2021-10-13 13:29:51+00:00
9005,1117628569,28431,2021-10-13 12:51:16+00:00
9006,1117628569,28429,2021-10-13 12:14:55+00:00
9007,1117628569,28424,2021-10-13 09:01:17+00:00
9008,1117628569,28421,2021-10-13 08:00:26+00:00
9009,1117628569,28417,2021-10-12 17:06:02+00:00
9010,1117628569,28415,2021-10-12 15:34:18+00:00
9011,1117628569,28412,2021-10-12 14:01:01+00:00
9012,1117628569,28410,2021-10-12 12:04:30+00:00
9013,1117628569,28406,2021-10-12 09:00:59+00:00
9014,1117628569,28392,2021-10-11 18:03:16+00:00
9015,1117628569,28391,2021-10-11 17:00:44+00:00
9016,1117628569,28388,2021-10-11 15:01:07+00:00
9017,1117628569,28387,2021-10-11 14:16:51+00:00
9018,1117628569,28385,2021-10-11 13:05:26+00:00
9019,1117628569,28383,2021-10-11 11:01:08+00:00
9020,1117628569,28364,2021-10-10 10:05:59+00:00
9021,1117628569,28361,2021-10-10 08:21:55+00:00
9022,1117628569,28360,2021-10-10 08:02:57+00:00
9023,1117628569,28359,2021-10-10 07:56:54+00:00
9024,1117628569,28358,2021-10-10 07:49:41+00:00
9025,1117628569,28342,2021-10-09 13:41:47+00:00
9026,1117628569,28333,2021-10-08 19:37:52+00:00
9027,1117628569,28332,2021-10-08 19:02:49+00:00
9028,1117628569,28330,2021-10-08 17:00:17+00:00
9029,1117628569,28323,2021-10-08 12:10:46+00:00
9030,1117628569,28317,2021-10-08 09:05:27+00:00
9031,1117628569,28310,2021-10-08 07:12:48+00:00
9032,1117628569,28308,2021-10-08 01:31:26+00:00
9033,1117628569,28306,2021-10-07 21:06:29+00:00
9034,1117628569,28299,2021-10-07 18:06:23+00:00
9035,1117628569,28297,2021-10-07 16:30:18+00:00
9036,1117628569,28296,2021-10-07 15:45:43+00:00
9037,1117628569,28294,2021-10-07 14:11:16+00:00
9038,1117628569,28292,2021-10-07 12:51:10+00:00
9039,1117628569,28288,2021-10-07 10:01:33+00:00
9040,1117628569,28287,2021-10-07 09:10:05+00:00
9041,1117628569,28285,2021-10-07 08:36:17+00:00
9042,1117628569,28279,2021-10-06 17:44:26+00:00
9043,1117628569,28278,2021-10-06 16:56:33+00:00
9044,1117628569,28276,2021-10-06 16:00:15+00:00
9045,1117628569,28273,2021-10-06 15:04:35+00:00
9046,1117628569,28269,2021-10-06 12:34:30+00:00
9047,1117628569,28262,2021-10-06 08:29:55+00:00
9048,1117628569,28261,2021-10-06 08:04:38+00:00
9049,1117628569,28260,2021-10-06 07:06:18+00:00
9050,1117628569,28257,2021-10-05 18:02:23+00:00
9051,1117628569,28253,2021-10-05 14:35:50+00:00
9052,1117628569,28252,2021-10-05 13:30:57+00:00
9053,1117628569,28241,2021-10-05 08:55:08+00:00
9054,1117628569,28237,2021-10-05 02:20:20+00:00
9055,1117628569,28235,2021-10-04 21:57:17+00:00
9056,1117628569,28228,2021-10-04 18:25:30+00:00
9057,1117628569,28226,2021-10-04 17:22:31+00:00
9058,1117628569,28224,2021-10-04 16:23:22+00:00
9059,1117628569,28221,2021-10-04 14:30:28+00:00
9060,1117628569,28220,2021-10-04 13:30:45+00:00
9061,1117628569,28216,2021-10-04 10:30:15+00:00
9062,1117628569,28213,2021-10-04 08:30:14+00:00
9063,1117628569,28211,2021-10-04 07:06:27+00:00
9064,1117628569,28210,2021-10-04 05:46:25+00:00
9065,1117628569,28208,2021-10-03 19:47:14+00:00
9066,1117628569,28197,2021-10-03 10:12:23+00:00
9067,1117628569,28196,2021-10-03 07:49:59+00:00
9068,1117628569,28193,2021-10-02 16:34:35+00:00
9069,1117628569,28184,2021-10-01 18:29:51+00:00
9070,1117628569,28182,2021-10-01 16:57:50+00:00
9071,1117628569,28179,2021-10-01 15:30:17+00:00
9072,1117628569,28172,2021-10-01 10:00:02+00:00
9073,1117628569,28171,2021-10-01 09:31:58+00:00
9074,1117628569,28170,2021-10-01 09:16:20+00:00
9075,1117628569,28156,2021-09-30 15:37:59+00:00
9076,1117628569,28155,2021-09-30 15:22:20+00:00
9077,1117628569,28146,2021-09-30 10:03:02+00:00
9078,1117628569,28140,2021-09-30 09:31:54+00:00
9079,1117628569,28138,2021-09-30 09:08:34+00:00
9080,1117628569,28134,2021-09-30 07:15:53+00:00
9081,1117628569,28128,2021-09-30 04:50:48+00:00
9082,1117628569,28126,2021-09-29 21:18:16+00:00
9083,1117628569,28124,2021-09-29 19:03:00+00:00
9084,1117628569,28123,2021-09-29 17:54:44+00:00
9085,1117628569,28121,2021-09-29 17:13:11+00:00
9086,1117628569,28117,2021-09-29 14:45:17+00:00
9087,1117628569,28113,2021-09-29 11:00:21+00:00
9088,1117628569,28110,2021-09-29 08:30:02+00:00
9089,1117628569,28109,2021-09-29 07:54:33+00:00
9090,1117628569,28107,2021-09-29 05:01:49+00:00
9091,1117628569,28100,2021-09-28 18:00:14+00:00
9092,1117628569,28097,2021-09-28 15:54:01+00:00
9093,1117628569,28094,2021-09-28 14:01:01+00:00
9094,1117628569,28076,2021-09-27 11:38:12+00:00
9095,1117628569,28071,2021-09-27 08:08:02+00:00
9096,1117628569,28067,2021-09-27 03:51:43+00:00
9097,1117628569,28066,2021-09-26 17:28:21+00:00
9098,1117628569,28064,2021-09-26 16:22:38+00:00
9099,1117628569,28062,2021-09-26 13:24:06+00:00
9100,1117628569,28055,2021-09-25 16:04:37+00:00
9101,1117628569,28054,2021-09-25 14:02:21+00:00
9102,1117628569,28053,2021-09-25 12:13:15+00:00
9103,1117628569,28045,2021-09-25 07:04:28+00:00
9104,1117628569,28044,2021-09-24 20:29:47+00:00
9105,1117628569,28040,2021-09-24 16:00:09+00:00
9106,1117628569,28029,2021-09-24 10:01:13+00:00
9107,1117628569,28026,2021-09-24 08:18:01+00:00
9108,1117628569,28023,2021-09-24 07:04:34+00:00
9109,1117628569,28013,2021-09-23 21:41:42+00:00
9110,1117628569,28012,2021-09-23 21:09:18+00:00
9111,1117628569,28007,2021-09-23 18:00:28+00:00
9112,1117628569,28005,2021-09-23 16:12:44+00:00
9113,1117628569,28004,2021-09-23 16:03:25+00:00
9114,1117628569,28001,2021-09-23 14:32:34+00:00
9115,1117628569,27999,2021-09-23 13:16:50+00:00
9116,1117628569,27995,2021-09-23 10:00:04+00:00
9117,1117628569,27988,2021-09-23 06:55:19+00:00
9118,1117628569,27986,2021-09-23 05:44:21+00:00
9119,1117628569,27980,2021-09-22 15:30:57+00:00
9120,1117628569,27978,2021-09-22 13:35:55+00:00
9121,1117628569,27977,2021-09-22 12:22:50+00:00
9122,1117628569,27969,2021-09-22 09:12:15+00:00
9123,1117628569,27954,2021-09-21 15:01:26+00:00
9124,1117628569,27951,2021-09-21 11:53:39+00:00
9125,1117628569,27939,2021-09-20 13:46:44+00:00
9126,1117628569,27935,2021-09-20 12:09:00+00:00
9127,1117628569,27932,2021-09-20 10:50:21+00:00
9128,1117628569,27927,2021-09-20 10:09:44+00:00
9129,1117628569,27925,2021-09-20 09:36:08+00:00
9130,1117628569,27923,2021-09-20 09:15:01+00:00
9131,1117628569,27910,2021-09-20 06:59:05+00:00
9132,1117628569,27908,2021-09-20 05:15:28+00:00
9133,1117628569,27895,2021-09-19 11:32:35+00:00
9134,1117628569,27894,2021-09-19 10:23:24+00:00
9135,1117628569,27893,2021-09-19 10:09:03+00:00
9136,1117628569,27892,2021-09-19 09:00:22+00:00
9137,1117628569,27891,2021-09-19 07:30:49+00:00
9138,1117628569,27882,2021-09-18 09:34:19+00:00
9139,1117628569,27863,2021-09-17 08:01:52+00:00
9140,1117628569,27859,2021-09-16 18:43:30+00:00
9141,1117628569,27856,2021-09-16 15:31:16+00:00
9142,1117628569,27855,2021-09-16 14:54:14+00:00
9143,1117628569,27854,2021-09-16 14:32:13+00:00
9144,1117628569,27849,2021-09-16 10:36:10+00:00
9145,1117628569,27843,2021-09-16 07:35:53+00:00
9146,1117628569,27838,2021-09-15 15:43:23+00:00
9147,1117628569,27837,2021-09-15 14:31:14+00:00
9148,1117628569,27832,2021-09-15 10:26:32+00:00
9149,1117628569,27831,2021-09-15 09:24:42+00:00
9150,1117628569,27830,2021-09-15 09:11:44+00:00
9151,1117628569,27826,2021-09-14 18:06:31+00:00
9152,1117628569,27824,2021-09-14 17:30:14+00:00
9153,1117628569,27822,2021-09-14 17:20:49+00:00
9154,1117628569,27815,2021-09-14 12:00:33+00:00
9155,1117628569,27812,2021-09-14 10:21:20+00:00
9156,1117628569,27806,2021-09-14 06:15:22+00:00
9157,1117628569,27805,2021-09-14 05:29:37+00:00
9158,1117628569,27799,2021-09-13 18:38:16+00:00
9159,1117628569,27795,2021-09-13 16:00:30+00:00
9160,1117628569,27793,2021-09-13 15:25:06+00:00
9161,1117628569,27785,2021-09-13 11:36:55+00:00
9162,1117628569,27774,2021-09-12 22:44:43+00:00
9163,1117628569,27772,2021-09-12 21:07:52+00:00
9164,1117628569,27751,2021-09-12 12:54:47+00:00
9165,1117628569,27741,2021-09-11 18:24:00+00:00
9166,1117628569,27740,2021-09-11 17:36:46+00:00
9167,1117628569,27729,2021-09-11 09:02:21+00:00
9168,1117628569,27728,2021-09-11 07:47:30+00:00
9169,1117628569,27720,2021-09-10 16:03:28+00:00
9170,1117628569,27719,2021-09-10 15:38:08+00:00
9171,1117628569,27718,2021-09-10 15:03:59+00:00
9172,1117628569,27714,2021-09-10 12:20:38+00:00
9173,1117628569,27711,2021-09-10 09:03:15+00:00
9174,1117628569,27707,2021-09-10 05:49:52+00:00
9175,1117628569,27704,2021-09-09 18:36:03+00:00
9176,1117628569,27699,2021-09-09 16:01:28+00:00
9177,1117628569,27695,2021-09-09 13:08:52+00:00
9178,1117628569,27693,2021-09-09 12:06:40+00:00
9179,1117628569,27692,2021-09-09 11:50:31+00:00
9180,1117628569,27691,2021-09-09 11:00:21+00:00
9181,1117628569,27683,2021-09-09 07:06:18+00:00
9182,1117628569,27682,2021-09-09 06:37:38+00:00
9183,1117628569,27675,2021-09-08 17:54:08+00:00
9184,1117628569,27674,2021-09-08 16:31:20+00:00
9185,1117628569,27667,2021-09-08 11:03:17+00:00
9186,1117628569,27661,2021-09-08 07:40:01+00:00
9187,1117628569,27656,2021-09-08 06:20:42+00:00
9188,1117628569,27655,2021-09-08 05:58:53+00:00
9189,1117628569,27652,2021-09-08 04:51:14+00:00
9190,1117628569,27649,2021-09-07 20:36:08+00:00
9191,1117628569,27647,2021-09-07 18:38:46+00:00
9192,1117628569,27645,2021-09-07 17:08:55+00:00
9193,1117628569,27640,2021-09-07 14:00:05+00:00
9194,1117628569,27635,2021-09-07 11:20:02+00:00
9195,1117628569,27634,2021-09-07 10:54:15+00:00
9196,1117628569,27628,2021-09-07 07:52:31+00:00
9197,1117628569,27622,2021-09-06 18:03:32+00:00
9198,1117628569,27621,2021-09-06 17:03:40+00:00
9199,1117628569,27619,2021-09-06 15:38:45+00:00
9200,1117628569,27618,2021-09-06 15:00:28+00:00
9201,1117628569,27615,2021-09-06 14:00:31+00:00
9202,1117628569,27612,2021-09-06 11:39:14+00:00
9203,1117628569,27608,2021-09-06 09:10:39+00:00
9204,1117628569,27604,2021-09-06 05:01:38+00:00
9205,1117628569,27603,2021-09-05 21:10:23+00:00
9206,1117628569,27601,2021-09-05 18:01:02+00:00
9207,1117628569,27598,2021-09-05 14:48:02+00:00
9208,1117628569,27597,2021-09-05 13:43:50+00:00
9209,1117628569,27596,2021-09-05 12:02:35+00:00
9210,1117628569,27594,2021-09-05 08:40:19+00:00
9211,1117628569,27591,2021-09-04 17:54:27+00:00
9212,1117628569,27584,2021-09-04 10:00:03+00:00
9213,1117628569,27583,2021-09-04 08:13:55+00:00
9214,1117628569,27578,2021-09-03 17:03:55+00:00
9215,1117628569,27577,2021-09-03 16:09:45+00:00
9216,1117628569,27576,2021-09-03 15:28:37+00:00
9217,1117628569,27572,2021-09-03 13:15:36+00:00
9218,1117628569,27570,2021-09-03 11:32:32+00:00
9219,1117628569,27569,2021-09-03 11:06:06+00:00
9220,1117628569,27568,2021-09-03 10:01:34+00:00
9221,1117628569,27566,2021-09-03 09:12:29+00:00
9222,1117628569,27562,2021-09-03 07:01:09+00:00
9223,1117628569,27560,2021-09-02 18:44:02+00:00
9224,1117628569,27557,2021-09-02 16:00:26+00:00
9225,1117628569,27555,2021-09-02 14:30:53+00:00
9226,1117628569,27552,2021-09-02 11:50:21+00:00
9227,1117628569,27550,2021-09-02 10:38:20+00:00
9228,1117628569,27537,2021-09-01 14:20:49+00:00
9229,1117628569,27517,2021-08-31 14:47:19+00:00
9230,1117628569,27516,2021-08-31 14:05:08+00:00
9231,1117628569,27513,2021-08-31 10:35:16+00:00
9232,1117628569,27511,2021-08-31 09:01:02+00:00
9233,1117628569,27509,2021-08-31 08:00:50+00:00
9234,1117628569,27506,2021-08-31 04:54:00+00:00
9235,1117628569,27504,2021-08-30 18:02:24+00:00
9236,1117628569,27502,2021-08-30 16:42:35+00:00
9237,1117628569,27498,2021-08-30 12:36:58+00:00
9238,1117628569,27496,2021-08-30 10:33:48+00:00
9239,1117628569,27495,2021-08-30 10:17:19+00:00
9240,1117628569,27490,2021-08-30 08:31:37+00:00
9241,1117628569,27489,2021-08-30 07:05:47+00:00
9242,1117628569,27488,2021-08-30 06:03:07+00:00
9243,1117628569,27487,2021-08-29 17:40:34+00:00
9244,1117628569,27483,2021-08-29 13:02:09+00:00
9245,1117628569,27479,2021-08-29 06:56:35+00:00
9246,1117628569,27476,2021-08-28 14:00:41+00:00
9247,1117628569,27473,2021-08-28 11:04:57+00:00
9248,1117628569,27472,2021-08-28 10:35:51+00:00
9249,1117628569,27471,2021-08-28 09:01:24+00:00
9250,1117628569,27468,2021-08-28 07:11:28+00:00
9251,1117628569,27454,2021-08-27 13:55:13+00:00
9252,1117628569,27452,2021-08-27 12:05:06+00:00
9253,1117628569,27451,2021-08-27 11:22:54+00:00
9254,1117628569,27447,2021-08-27 09:06:26+00:00
9255,1117628569,27441,2021-08-26 23:46:27+00:00
9256,1117628569,27440,2021-08-26 21:36:44+00:00
9257,1117628569,27434,2021-08-26 17:35:03+00:00
9258,1117628569,27433,2021-08-26 17:29:49+00:00
9259,1117628569,27429,2021-08-26 15:25:46+00:00
9260,1117628569,27426,2021-08-26 14:49:54+00:00
9261,1117628569,27422,2021-08-26 14:06:51+00:00
9262,1117628569,27406,2021-08-25 14:43:05+00:00
9263,1117628569,27401,2021-08-25 09:14:30+00:00
9264,1117628569,27400,2021-08-25 07:30:41+00:00
9265,1117628569,27397,2021-08-24 18:42:15+00:00
9266,1117628569,27396,2021-08-24 18:01:18+00:00
9267,1117628569,27379,2021-08-23 18:21:00+00:00
9268,1117628569,27376,2021-08-23 14:55:37+00:00
9269,1117628569,27371,2021-08-23 10:34:38+00:00
9270,1117628569,27367,2021-08-23 08:20:50+00:00
9271,1117628569,27356,2021-08-22 16:29:34+00:00
9272,1117628569,27355,2021-08-22 15:28:43+00:00
9273,1117628569,27353,2021-08-22 13:41:10+00:00
9274,1117628569,27352,2021-08-22 11:37:32+00:00
9275,1117628569,27341,2021-08-21 16:00:26+00:00
9276,1117628569,27336,2021-08-21 14:30:39+00:00
9277,1117628569,27333,2021-08-21 11:39:38+00:00
9278,1117628569,27332,2021-08-21 11:25:01+00:00
9279,1117628569,27322,2021-08-21 08:00:17+00:00
9280,1117628569,27321,2021-08-20 19:25:28+00:00
9281,1117628569,27319,2021-08-20 17:17:04+00:00
9282,1117628569,27316,2021-08-20 14:43:30+00:00
9283,1117628569,27315,2021-08-20 14:23:39+00:00
9284,1117628569,27314,2021-08-20 12:36:15+00:00
9285,1117628569,27311,2021-08-20 10:31:42+00:00
9286,1117628569,27303,2021-08-19 18:01:07+00:00
9287,1117628569,27297,2021-08-19 15:19:47+00:00
9288,1117628569,27289,2021-08-19 08:41:16+00:00
9289,1117628569,27288,2021-08-19 07:52:32+00:00
9290,1117628569,27286,2021-08-19 06:00:12+00:00
9291,1117628569,27280,2021-08-18 16:01:30+00:00
9292,1117628569,27278,2021-08-18 14:47:01+00:00
9293,1117628569,27277,2021-08-18 14:00:57+00:00
9294,1117628569,27276,2021-08-18 13:11:43+00:00
9295,1117628569,27275,2021-08-18 12:36:02+00:00
9296,1117628569,27268,2021-08-18 07:01:13+00:00
9297,1117628569,27251,2021-08-17 08:51:30+00:00
9298,1117628569,27250,2021-08-17 08:47:02+00:00
9299,1117628569,27249,2021-08-17 08:14:15+00:00
9300,1117628569,27248,2021-08-17 06:51:44+00:00
9301,1117628569,27246,2021-08-16 20:22:13+00:00
9302,1117628569,27244,2021-08-16 18:20:52+00:00
9303,1117628569,27242,2021-08-16 17:45:32+00:00
9304,1117628569,27237,2021-08-16 14:10:15+00:00
9305,1117628569,27229,2021-08-16 12:41:23+00:00
9306,1117628569,27223,2021-08-16 09:29:05+00:00
9307,1117628569,27217,2021-08-16 07:00:45+00:00
9308,1117628569,27215,2021-08-16 05:47:06+00:00
9309,1117628569,27213,2021-08-15 20:58:52+00:00
9310,1117628569,27210,2021-08-15 19:16:00+00:00
9311,1117628569,27208,2021-08-15 16:10:50+00:00
9312,1117628569,27207,2021-08-15 15:49:38+00:00
9313,1117628569,27205,2021-08-15 13:03:22+00:00
9314,1117628569,27204,2021-08-15 11:45:02+00:00
9315,1117628569,27202,2021-08-15 10:11:13+00:00
9316,1117628569,27195,2021-08-14 20:02:08+00:00
9317,1117628569,27193,2021-08-14 17:29:26+00:00
9318,1117628569,27190,2021-08-14 14:25:26+00:00
9319,1117628569,27184,2021-08-14 12:50:01+00:00
9320,1117628569,27162,2021-08-13 10:06:10+00:00
9321,1117628569,27161,2021-08-13 09:56:34+00:00
9322,1117628569,27154,2021-08-12 22:20:07+00:00
9323,1117628569,27152,2021-08-12 21:11:52+00:00
9324,1117628569,27145,2021-08-12 19:40:47+00:00
9325,1117628569,27144,2021-08-12 19:24:44+00:00
9326,1117628569,27143,2021-08-12 19:01:11+00:00
9327,1117628569,27142,2021-08-12 18:22:08+00:00
9328,1117628569,27137,2021-08-12 14:25:11+00:00
9329,1117628569,27134,2021-08-12 12:04:24+00:00
9330,1117628569,27127,2021-08-12 07:32:28+00:00
9331,1117628569,27124,2021-08-12 00:30:56+00:00
9332,1117628569,27123,2021-08-12 00:14:59+00:00
9333,1117628569,27122,2021-08-11 23:32:50+00:00
9334,1117628569,27091,2021-08-11 09:03:02+00:00
9335,1117628569,27088,2021-08-11 06:32:59+00:00
9336,1117628569,27087,2021-08-10 20:20:32+00:00
9337,1117628569,27086,2021-08-10 18:28:25+00:00
9338,1117628569,27085,2021-08-10 16:53:17+00:00
9339,1117628569,27084,2021-08-10 15:43:05+00:00
9340,1117628569,27076,2021-08-10 11:05:52+00:00
9341,1117628569,27075,2021-08-10 10:11:07+00:00
9342,1117628569,27066,2021-08-09 16:53:30+00:00
9343,1117628569,27063,2021-08-09 14:51:30+00:00
9344,1117628569,27059,2021-08-09 11:47:46+00:00
9345,1117628569,27055,2021-08-09 10:32:07+00:00
9346,1117628569,27053,2021-08-09 08:41:08+00:00
9347,1117628569,27043,2021-08-08 12:00:03+00:00
9348,1117628569,27034,2021-08-07 17:17:08+00:00
9349,1117628569,27033,2021-08-07 17:04:45+00:00
9350,1117628569,27021,2021-08-06 19:36:44+00:00
9351,1117628569,27018,2021-08-06 16:03:49+00:00
9352,1117628569,27016,2021-08-06 14:26:40+00:00
9353,1117628569,27015,2021-08-06 13:46:50+00:00
9354,1117628569,27005,2021-08-06 08:58:03+00:00
9355,1117628569,26998,2021-08-06 06:00:08+00:00
9356,1117628569,26995,2021-08-05 17:53:03+00:00
9357,1117628569,26986,2021-08-05 11:57:47+00:00
9358,1117628569,26983,2021-08-05 09:34:01+00:00
9359,1117628569,26977,2021-08-04 21:20:05+00:00
9360,1117628569,26975,2021-08-04 20:33:17+00:00
9361,1117628569,26972,2021-08-04 18:16:48+00:00
9362,1117628569,26971,2021-08-04 17:21:12+00:00
9363,1117628569,26965,2021-08-04 16:34:08+00:00
9364,1117628569,26953,2021-08-04 09:41:45+00:00
9365,1117628569,26947,2021-08-04 07:47:47+00:00
9366,1117628569,26944,2021-08-03 22:39:12+00:00
9367,1117628569,26942,2021-08-03 17:30:18+00:00
9368,1117628569,26940,2021-08-03 16:05:15+00:00
9369,1117628569,26939,2021-08-03 15:28:27+00:00
9370,1117628569,26936,2021-08-03 13:09:20+00:00
9371,1117628569,26935,2021-08-03 12:30:07+00:00
9372,1117628569,26920,2021-08-02 19:43:06+00:00
9373,1117628569,26911,2021-08-02 16:43:33+00:00
9374,1117628569,26909,2021-08-02 15:08:55+00:00
9375,1117628569,26905,2021-08-02 11:56:14+00:00
9376,1117628569,26903,2021-08-02 10:45:34+00:00
9377,1117628569,26902,2021-08-02 10:16:35+00:00
9378,1117628569,26900,2021-08-02 09:35:21+00:00
9379,1117628569,26897,2021-08-02 07:10:30+00:00
9380,1117628569,26893,2021-08-01 16:02:37+00:00
9381,1117628569,26889,2021-08-01 12:25:29+00:00
9382,1117628569,26886,2021-08-01 10:33:19+00:00
9383,1117628569,26884,2021-08-01 07:54:40+00:00
9384,1117628569,26882,2021-07-31 21:00:54+00:00
9385,1117628569,26874,2021-07-31 10:00:32+00:00
9386,1117628569,26871,2021-07-31 08:00:09+00:00
9387,1117628569,26867,2021-07-30 20:32:28+00:00
9388,1117628569,26865,2021-07-30 18:04:34+00:00
9389,1117628569,26864,2021-07-30 17:04:03+00:00
9390,1117628569,26863,2021-07-30 16:10:40+00:00
9391,1117628569,26861,2021-07-30 15:07:11+00:00
9392,1117628569,26845,2021-07-29 22:24:59+00:00
9393,1117628569,26842,2021-07-29 18:02:40+00:00
9394,1117628569,26839,2021-07-29 16:00:02+00:00
9395,1117628569,26838,2021-07-29 14:58:53+00:00
9396,1117628569,26837,2021-07-29 13:57:53+00:00
9397,1117628569,26833,2021-07-29 12:04:00+00:00
9398,1117628569,26832,2021-07-29 11:01:15+00:00
9399,1117628569,26828,2021-07-29 09:33:48+00:00
9400,1117628569,26824,2021-07-29 07:00:11+00:00
9401,1117628569,26822,2021-07-28 18:57:19+00:00
9402,1117628569,26820,2021-07-28 16:30:07+00:00
9403,1117628569,26816,2021-07-28 12:52:39+00:00
9404,1117628569,26810,2021-07-28 10:14:20+00:00
9405,1117628569,26809,2021-07-28 09:32:23+00:00
9406,1117628569,26798,2021-07-28 02:36:25+00:00
9407,1117628569,26793,2021-07-27 18:13:13+00:00
9408,1117628569,26792,2021-07-27 17:16:06+00:00
9409,1117628569,26791,2021-07-27 16:01:32+00:00
9410,1117628569,26790,2021-07-27 15:03:44+00:00
9411,1117628569,26788,2021-07-27 13:32:21+00:00
9412,1117628569,26787,2021-07-27 12:39:31+00:00
9413,1117628569,26785,2021-07-27 10:31:35+00:00
9414,1117628569,26782,2021-07-27 08:23:19+00:00
9415,1117628569,26780,2021-07-27 06:18:43+00:00
9416,1117628569,26779,2021-07-26 19:05:36+00:00
9417,1117628569,26765,2021-07-26 06:32:05+00:00
9418,1117628569,26762,2021-07-25 16:42:28+00:00
9419,1117628569,26758,2021-07-25 11:10:21+00:00
9420,1117628569,26753,2021-07-25 07:46:11+00:00
9421,1117628569,26750,2021-07-24 19:04:07+00:00
9422,1117628569,26749,2021-07-24 18:16:20+00:00
9423,1117628569,26748,2021-07-24 17:56:29+00:00
9424,1117628569,26747,2021-07-24 16:00:37+00:00
9425,1117628569,26746,2021-07-24 15:00:10+00:00
9426,1117628569,26745,2021-07-24 14:00:29+00:00
9427,1117628569,26744,2021-07-24 13:20:33+00:00
9428,1117628569,26742,2021-07-24 12:00:14+00:00
9429,1117628569,26741,2021-07-24 11:00:33+00:00
9430,1117628569,26739,2021-07-24 09:36:19+00:00
9431,1117628569,26735,2021-07-24 00:52:04+00:00
9432,1117628569,26731,2021-07-23 17:02:50+00:00
9433,1117628569,26728,2021-07-23 15:00:03+00:00
9434,1117628569,26720,2021-07-23 12:25:59+00:00
9435,1117628569,26708,2021-07-22 17:00:54+00:00
9436,1117628569,26706,2021-07-22 15:35:50+00:00
9437,1117628569,26704,2021-07-22 14:12:13+00:00
9438,1117628569,26700,2021-07-22 11:07:58+00:00
9439,1117628569,26697,2021-07-22 09:29:30+00:00
9440,1117628569,26691,2021-07-22 04:56:36+00:00
9441,1117628569,26685,2021-07-21 15:33:13+00:00
9442,1117628569,26683,2021-07-21 13:01:41+00:00
9443,1117628569,26681,2021-07-21 11:02:53+00:00
9444,1117628569,26674,2021-07-21 07:04:12+00:00
9445,1117628569,26672,2021-07-20 22:23:58+00:00
9446,1117628569,26668,2021-07-20 16:30:21+00:00
9447,1117628569,26666,2021-07-20 15:19:26+00:00
9448,1117628569,26665,2021-07-20 15:03:12+00:00
9449,1117628569,26659,2021-07-20 12:23:27+00:00
9450,1117628569,26658,2021-07-20 11:33:06+00:00
9451,1117628569,26654,2021-07-20 11:17:54+00:00
9452,1117628569,26652,2021-07-20 10:19:45+00:00
9453,1117628569,26645,2021-07-20 08:16:50+00:00
9454,1117628569,26637,2021-07-19 17:11:21+00:00
9455,1117628569,26636,2021-07-19 16:58:02+00:00
9456,1117628569,26634,2021-07-19 16:00:40+00:00
9457,1117628569,26633,2021-07-19 15:20:44+00:00
9458,1117628569,26614,2021-07-18 10:19:38+00:00
9459,1117628569,26613,2021-07-18 08:31:26+00:00
9460,1117628569,26612,2021-07-18 06:58:15+00:00
9461,1117628569,26611,2021-07-17 23:47:26+00:00
9462,1117628569,26610,2021-07-17 21:53:00+00:00
9463,1117628569,26609,2021-07-17 19:37:41+00:00
9464,1117628569,26608,2021-07-17 19:26:26+00:00
9465,1117628569,26606,2021-07-17 18:14:59+00:00
9466,1117628569,26605,2021-07-17 17:20:30+00:00
9467,1117628569,26598,2021-07-17 10:00:15+00:00
9468,1117628569,26596,2021-07-16 22:45:43+00:00
9469,1117628569,26594,2021-07-16 18:31:14+00:00
9470,1117628569,26587,2021-07-16 15:53:06+00:00
9471,1117628569,26582,2021-07-16 14:01:14+00:00
9472,1117628569,26572,2021-07-16 12:00:19+00:00
9473,1117628569,26569,2021-07-16 11:37:19+00:00
9474,1117628569,26567,2021-07-16 11:31:28+00:00
9475,1117628569,26557,2021-07-16 07:06:55+00:00
9476,1117628569,26555,2021-07-15 20:22:13+00:00
9477,1117628569,26549,2021-07-15 19:07:38+00:00
9478,1117628569,26547,2021-07-15 18:06:23+00:00
9479,1117628569,26545,2021-07-15 17:08:07+00:00
9480,1117628569,26540,2021-07-15 13:39:44+00:00
9481,1117628569,26539,2021-07-15 13:16:11+00:00
9482,1117628569,26536,2021-07-15 11:48:00+00:00
9483,1117628569,26525,2021-07-14 19:24:22+00:00
9484,1117628569,26523,2021-07-14 17:16:08+00:00
9485,1117628569,26521,2021-07-14 16:00:18+00:00
9486,1117628569,26520,2021-07-14 14:51:21+00:00
9487,1117628569,26519,2021-07-14 14:09:52+00:00
9488,1117628569,26515,2021-07-14 12:01:09+00:00
9489,1117628569,26508,2021-07-14 07:29:37+00:00
9490,1117628569,26507,2021-07-14 07:11:49+00:00
9491,1117628569,26505,2021-07-13 19:13:26+00:00
9492,1117628569,26504,2021-07-13 18:07:24+00:00
9493,1117628569,26495,2021-07-13 11:24:10+00:00
9494,1117628569,26489,2021-07-13 10:55:34+00:00
9495,1117628569,26486,2021-07-13 10:29:08+00:00
9496,1117628569,26485,2021-07-13 10:13:56+00:00
9497,1117628569,26473,2021-07-12 21:45:06+00:00
9498,1117628569,26471,2021-07-12 20:05:02+00:00
9499,1117628569,26454,2021-07-12 11:41:43+00:00
9500,1117628569,26453,2021-07-12 10:36:09+00:00
9501,1117628569,26450,2021-07-12 06:49:34+00:00
9502,1117628569,26449,2021-07-12 05:01:47+00:00
9503,1117628569,26445,2021-07-11 18:52:39+00:00
9504,1117628569,26444,2021-07-11 17:44:32+00:00
9505,1117628569,26433,2021-07-11 06:02:21+00:00
9506,1117628569,26432,2021-07-11 04:44:11+00:00
9507,1117628569,26427,2021-07-10 14:26:47+00:00
9508,1117628569,26425,2021-07-10 13:06:05+00:00
9509,1117628569,26424,2021-07-10 11:30:28+00:00
9510,1117628569,26413,2021-07-09 13:01:03+00:00
9511,1117628569,26407,2021-07-09 09:31:10+00:00
9512,1117628569,26403,2021-07-09 06:36:24+00:00
9513,1117628569,26402,2021-07-08 19:32:16+00:00
9514,1117628569,26400,2021-07-08 18:14:27+00:00
9515,1117628569,26399,2021-07-08 17:27:06+00:00
9516,1117628569,26398,2021-07-08 17:03:41+00:00
9517,1117628569,26392,2021-07-08 15:01:20+00:00
9518,1117628569,26389,2021-07-08 13:35:01+00:00
9519,1117628569,26387,2021-07-08 12:50:00+00:00
9520,1117628569,26382,2021-07-08 09:35:33+00:00
9521,1117628569,26378,2021-07-07 21:36:10+00:00
9522,1117628569,26376,2021-07-07 20:20:43+00:00
9523,1117628569,26371,2021-07-07 16:00:22+00:00
9524,1117628569,26370,2021-07-07 15:30:36+00:00
9525,1117628569,26369,2021-07-07 14:51:00+00:00
9526,1117628569,26355,2021-07-07 07:22:51+00:00
9527,1117628569,26354,2021-07-07 07:18:16+00:00
9528,1117628569,26353,2021-07-07 07:04:32+00:00
9529,1117628569,26347,2021-07-06 19:41:12+00:00
9530,1117628569,26345,2021-07-06 18:14:24+00:00
9531,1117628569,26344,2021-07-06 17:14:15+00:00
9532,1117628569,26327,2021-07-06 06:02:17+00:00
9533,1117628569,26321,2021-07-05 16:00:22+00:00
9534,1117628569,26315,2021-07-05 12:35:46+00:00
9535,1117628569,26311,2021-07-05 09:37:44+00:00
9536,1117628569,26304,2021-07-04 20:07:32+00:00
9537,1117628569,26302,2021-07-04 17:32:20+00:00
9538,1117628569,26300,2021-07-04 15:55:03+00:00
9539,1117628569,26294,2021-07-04 09:07:37+00:00
9540,1117628569,26293,2021-07-04 08:32:22+00:00
9541,1117628569,26289,2021-07-03 19:53:56+00:00
9542,1117628569,26282,2021-07-03 12:53:45+00:00
9543,1117628569,26281,2021-07-03 12:14:30+00:00
9544,1117628569,26278,2021-07-03 09:43:55+00:00
9545,1117628569,26274,2021-07-02 20:32:39+00:00
9546,1117628569,26273,2021-07-02 18:44:48+00:00
9547,1117628569,26263,2021-07-02 12:50:04+00:00
9548,1117628569,26262,2021-07-02 12:39:55+00:00
9549,1117628569,26261,2021-07-02 12:00:24+00:00
9550,1117628569,26260,2021-07-02 11:39:49+00:00
9551,1117628569,26249,2021-07-02 06:37:44+00:00
9552,1117628569,26242,2021-07-01 18:00:04+00:00
9553,1117628569,26237,2021-07-01 13:52:05+00:00
9554,1117628569,26230,2021-07-01 09:10:37+00:00
9555,1117628569,26222,2021-06-30 17:19:13+00:00
9556,1117628569,26213,2021-06-30 12:23:30+00:00
9557,1117628569,26199,2021-06-30 09:36:29+00:00
9558,1117628569,26193,2021-06-30 08:31:02+00:00
9559,1117628569,26191,2021-06-30 07:25:08+00:00
9560,1117628569,26188,2021-06-29 21:34:20+00:00
9561,1117628569,26183,2021-06-29 14:27:27+00:00
9562,1117628569,26182,2021-06-29 13:27:09+00:00
9563,1117628569,26178,2021-06-29 09:34:17+00:00
9564,1117628569,26177,2021-06-29 08:21:00+00:00
9565,1117628569,26176,2021-06-29 07:42:46+00:00
9566,1117628569,26175,2021-06-29 06:13:50+00:00
9567,1117628569,26174,2021-06-28 22:04:21+00:00
9568,1117628569,26173,2021-06-28 21:45:56+00:00
9569,1117628569,26168,2021-06-28 19:10:55+00:00
9570,1117628569,26166,2021-06-28 17:07:04+00:00
9571,1117628569,26164,2021-06-28 15:08:10+00:00
9572,1117628569,26159,2021-06-28 11:46:36+00:00
9573,1117628569,26150,2021-06-27 17:01:09+00:00
9574,1117628569,26147,2021-06-27 13:30:22+00:00
9575,1117628569,26140,2021-06-26 19:38:47+00:00
9576,1117628569,26134,2021-06-26 18:00:00+00:00
9577,1117628569,26132,2021-06-26 16:04:30+00:00
9578,1117628569,26128,2021-06-26 12:06:19+00:00
9579,1117628569,26123,2021-06-26 07:09:25+00:00
9580,1117628569,26119,2021-06-25 19:08:04+00:00
9581,1117628569,26118,2021-06-25 17:52:25+00:00
9582,1117628569,26117,2021-06-25 17:08:01+00:00
9583,1117628569,26115,2021-06-25 15:22:18+00:00
9584,1117628569,26112,2021-06-25 13:00:20+00:00
9585,1117628569,26104,2021-06-25 08:31:25+00:00
9586,1117628569,26101,2021-06-25 07:48:10+00:00
9587,1117628569,26086,2021-06-24 15:33:55+00:00
9588,1117628569,26085,2021-06-24 14:33:29+00:00
9589,1117628569,26070,2021-06-23 18:01:32+00:00
9590,1117628569,26069,2021-06-23 17:20:20+00:00
9591,1117628569,26060,2021-06-23 08:15:56+00:00
9592,1117628569,26055,2021-06-22 16:32:09+00:00
9593,1117628569,26049,2021-06-22 13:00:09+00:00
9594,1117628569,26046,2021-06-22 10:46:24+00:00
9595,1117628569,26045,2021-06-22 09:40:01+00:00
9596,1117628569,26039,2021-06-22 06:17:49+00:00
9597,1117628569,26034,2021-06-21 20:50:15+00:00
9598,1117628569,26031,2021-06-21 17:40:17+00:00
9599,1117628569,26025,2021-06-21 13:46:37+00:00
9600,1117628569,26020,2021-06-21 12:19:12+00:00
9601,1117628569,26012,2021-06-20 16:42:01+00:00
9602,1117628569,26007,2021-06-20 10:12:25+00:00
9603,1117628569,26004,2021-06-20 08:30:25+00:00
9604,1117628569,26002,2021-06-20 01:10:23+00:00
9605,1117628569,26000,2021-06-19 18:20:53+00:00
9606,1117628569,25996,2021-06-19 15:19:30+00:00
9607,1117628569,25992,2021-06-19 14:00:46+00:00
9608,1117628569,25989,2021-06-19 11:27:13+00:00
9609,1117628569,25987,2021-06-19 08:50:18+00:00
9610,1117628569,25985,2021-06-19 08:12:13+00:00
9611,1117628569,25983,2021-06-19 06:53:42+00:00
9612,1117628569,25971,2021-06-18 17:40:45+00:00
9613,1117628569,25967,2021-06-18 15:12:44+00:00
9614,1117628569,25964,2021-06-18 13:27:48+00:00
9615,1117628569,25959,2021-06-18 09:01:18+00:00
9616,1117628569,25957,2021-06-18 07:41:20+00:00
9617,1117628569,25943,2021-06-17 13:33:18+00:00
9618,1117628569,25936,2021-06-17 08:46:31+00:00
9619,1117628569,25933,2021-06-17 08:36:45+00:00
9620,1117628569,25922,2021-06-16 13:00:54+00:00
9621,1117628569,25920,2021-06-16 11:28:29+00:00
9622,1117628569,25911,2021-06-15 23:22:28+00:00
9623,1117628569,25900,2021-06-15 13:11:21+00:00
9624,1117628569,25883,2021-06-15 06:49:02+00:00
9625,1117628569,25881,2021-06-14 20:58:55+00:00
9626,1117628569,25880,2021-06-14 17:31:13+00:00
9627,1117628569,25869,2021-06-14 08:00:49+00:00
9628,1117628569,25866,2021-06-13 20:52:48+00:00
9629,1117628569,25865,2021-06-13 17:59:40+00:00
9630,1117628569,25859,2021-06-13 13:51:15+00:00
9631,1117628569,25851,2021-06-12 20:52:28+00:00
9632,1117628569,25846,2021-06-12 18:11:25+00:00
9633,1117628569,25845,2021-06-12 18:05:02+00:00
9634,1117628569,25844,2021-06-12 17:57:15+00:00
9635,1117628569,25841,2021-06-12 17:07:58+00:00
9636,1117628569,25838,2021-06-12 16:00:16+00:00
9637,1117628569,25825,2021-06-12 08:00:51+00:00
9638,1117628569,25820,2021-06-11 16:00:11+00:00
9639,1117628569,25819,2021-06-11 15:01:23+00:00
9640,1117628569,25814,2021-06-11 09:54:06+00:00
9641,1117628569,25812,2021-06-11 08:39:19+00:00
9642,1117628569,25810,2021-06-11 07:00:03+00:00
9643,1117628569,25807,2021-06-10 16:51:23+00:00
9644,1117628569,25793,2021-06-10 13:20:25+00:00
9645,1117628569,25791,2021-06-10 11:04:33+00:00
9646,1117628569,25787,2021-06-10 09:06:05+00:00
9647,1117628569,25778,2021-06-09 17:55:30+00:00
9648,1117628569,25774,2021-06-09 14:13:20+00:00
9649,1117628569,25773,2021-06-09 13:32:46+00:00
9650,1117628569,25771,2021-06-09 11:54:23+00:00
9651,1117628569,25768,2021-06-09 09:34:22+00:00
9652,1117628569,25760,2021-06-09 08:06:42+00:00
9653,1117628569,25758,2021-06-09 07:23:50+00:00
9654,1117628569,25754,2021-06-08 19:20:42+00:00
9655,1117628569,25752,2021-06-08 17:03:04+00:00
9656,1117628569,25738,2021-06-07 21:47:13+00:00
9657,1117628569,25735,2021-06-07 16:20:16+00:00
9658,1117628569,25730,2021-06-07 12:33:33+00:00
9659,1117628569,25727,2021-06-07 09:38:09+00:00
9660,1117628569,25725,2021-06-07 07:00:12+00:00
9661,1117628569,25724,2021-06-06 19:57:00+00:00
9662,1117628569,25720,2021-06-06 14:00:35+00:00
9663,1117628569,25719,2021-06-06 12:38:20+00:00
9664,1117628569,25715,2021-06-05 22:54:17+00:00
9665,1117628569,25706,2021-06-05 09:29:40+00:00
9666,1117628569,25699,2021-06-04 16:22:42+00:00
9667,1117628569,25698,2021-06-04 15:32:46+00:00
9668,1117628569,25694,2021-06-04 11:50:35+00:00
9669,1117628569,25692,2021-06-04 09:29:04+00:00
9670,1117628569,25686,2021-06-03 18:41:31+00:00
9671,1117628569,25683,2021-06-03 16:22:31+00:00
9672,1117628569,25682,2021-06-03 16:06:41+00:00
9673,1117628569,25681,2021-06-03 15:41:23+00:00
9674,1117628569,25680,2021-06-03 15:03:28+00:00
9675,1117628569,25679,2021-06-03 14:23:28+00:00
9676,1117628569,25672,2021-06-03 11:52:26+00:00
9677,1117628569,25670,2021-06-03 09:48:11+00:00
9678,1117628569,25664,2021-06-02 22:37:12+00:00
9679,1117628569,25663,2021-06-02 19:26:39+00:00
9680,1117628569,25656,2021-06-02 15:30:54+00:00
9681,1117628569,25655,2021-06-02 14:37:30+00:00
9682,1117628569,25654,2021-06-02 14:08:19+00:00
9683,1117628569,25651,2021-06-02 13:00:40+00:00
9684,1117628569,25645,2021-06-02 09:47:08+00:00
9685,1117628569,25643,2021-06-02 08:33:34+00:00
9686,1117628569,25642,2021-06-02 08:01:22+00:00
9687,1117628569,25640,2021-06-02 07:13:19+00:00
9688,1117628569,25626,2021-06-01 14:06:56+00:00
9689,1117628569,25625,2021-06-01 13:05:04+00:00
9690,1117628569,25621,2021-06-01 09:01:22+00:00
9691,1117628569,25619,2021-06-01 07:00:56+00:00
9692,1117628569,25616,2021-05-31 19:17:10+00:00
9693,1117628569,25615,2021-05-31 18:13:40+00:00
9694,1117628569,25614,2021-05-31 17:22:18+00:00
9695,1117628569,25612,2021-05-31 16:30:23+00:00
9696,1117628569,25610,2021-05-31 14:30:33+00:00
9697,1117628569,25606,2021-05-31 11:45:45+00:00
9698,1117628569,25600,2021-05-31 05:51:03+00:00
9699,1117628569,25597,2021-05-30 18:36:26+00:00
9700,1117628569,25595,2021-05-30 17:58:03+00:00
9701,1117628569,25593,2021-05-30 17:36:06+00:00
9702,1117628569,25592,2021-05-30 17:15:11+00:00
9703,1117628569,25589,2021-05-30 16:42:32+00:00
9704,1117628569,25587,2021-05-30 16:12:38+00:00
9705,1117628569,25586,2021-05-30 16:01:45+00:00
9706,1117628569,25585,2021-05-30 15:00:04+00:00
9707,1117628569,25579,2021-05-30 10:00:19+00:00
9708,1117628569,25572,2021-05-29 14:32:12+00:00
9709,1117628569,25571,2021-05-29 13:30:02+00:00
9710,1117628569,25570,2021-05-29 12:00:37+00:00
9711,1117628569,25560,2021-05-28 13:54:45+00:00
9712,1117628569,25559,2021-05-28 12:42:02+00:00
9713,1117628569,25555,2021-05-28 09:15:32+00:00
9714,1117628569,25553,2021-05-28 08:01:27+00:00
9715,1117628569,25548,2021-05-27 17:00:49+00:00
9716,1117628569,25543,2021-05-27 12:11:12+00:00
9717,1117628569,25542,2021-05-27 11:31:24+00:00
9718,1117628569,25541,2021-05-27 10:32:21+00:00
9719,1117628569,25540,2021-05-27 09:44:40+00:00
9720,1117628569,25537,2021-05-27 06:37:22+00:00
9721,1117628569,25535,2021-05-26 19:14:38+00:00
9722,1117628569,25531,2021-05-26 16:00:06+00:00
9723,1117628569,25530,2021-05-26 15:03:58+00:00
9724,1117628569,25529,2021-05-26 14:34:41+00:00
9725,1117628569,25518,2021-05-26 06:12:00+00:00
9726,1117628569,25517,2021-05-26 03:32:49+00:00
9727,1117628569,25516,2021-05-25 18:45:22+00:00
9728,1117628569,25511,2021-05-25 15:06:31+00:00
9729,1117628569,25500,2021-05-25 08:24:15+00:00
9730,1117628569,25491,2021-05-24 15:00:18+00:00
9731,1117628569,25490,2021-05-24 13:49:45+00:00
9732,1117628569,25488,2021-05-24 11:56:37+00:00
9733,1117628569,25486,2021-05-24 10:42:29+00:00
9734,1117628569,25482,2021-05-24 08:04:16+00:00
9735,1117628569,25477,2021-05-23 17:30:48+00:00
9736,1117628569,25476,2021-05-23 16:37:26+00:00
9737,1117628569,25473,2021-05-23 14:14:16+00:00
9738,1117628569,25471,2021-05-23 12:42:38+00:00
9739,1117628569,25470,2021-05-23 11:58:04+00:00
9740,1117628569,25466,2021-05-23 07:09:33+00:00
9741,1117628569,25461,2021-05-22 14:01:25+00:00
9742,1117628569,25454,2021-05-21 22:52:22+00:00
9743,1117628569,25451,2021-05-21 16:02:16+00:00
9744,1117628569,25450,2021-05-21 15:02:36+00:00
9745,1117628569,25449,2021-05-21 14:03:00+00:00
9746,1117628569,25447,2021-05-21 12:47:06+00:00
9747,1117628569,25439,2021-05-21 08:01:59+00:00
9748,1117628569,25438,2021-05-21 07:52:24+00:00
9749,1117628569,25437,2021-05-21 07:23:18+00:00
9750,1117628569,25435,2021-05-21 05:59:12+00:00
9751,1117628569,25431,2021-05-20 16:00:50+00:00
9752,1117628569,25426,2021-05-20 11:19:47+00:00
9753,1117628569,25425,2021-05-20 10:45:50+00:00
9754,1117628569,25424,2021-05-20 09:42:39+00:00
9755,1117628569,25422,2021-05-20 07:14:15+00:00
9756,1117628569,25420,2021-05-20 04:33:13+00:00
9757,1117628569,25416,2021-05-19 15:21:19+00:00
9758,1117628569,25410,2021-05-19 12:20:25+00:00
9759,1117628569,25397,2021-05-18 14:13:24+00:00
9760,1117628569,25396,2021-05-18 13:13:01+00:00
9761,1117628569,25391,2021-05-18 10:01:33+00:00
9762,1100158992,32405,2021-11-30 18:33:43+00:00
9763,1100158992,32403,2021-11-30 15:27:01+00:00
9764,1100158992,32400,2021-11-30 13:47:27+00:00
9765,1100158992,32393,2021-11-30 13:13:48+00:00
9766,1100158992,32390,2021-11-30 07:56:57+00:00
9767,1100158992,32389,2021-11-30 06:30:01+00:00
9768,1100158992,32388,2021-11-29 20:54:21+00:00
9769,1100158992,32386,2021-11-29 17:01:01+00:00
9770,1100158992,32383,2021-11-29 14:02:14+00:00
9771,1100158992,32381,2021-11-29 13:22:47+00:00
9772,1100158992,32379,2021-11-29 11:00:22+00:00
9773,1100158992,32376,2021-11-29 09:01:26+00:00
9774,1100158992,32369,2021-11-28 18:54:35+00:00
9775,1100158992,32366,2021-11-28 08:07:36+00:00
9776,1100158992,32362,2021-11-27 16:29:27+00:00
9777,1100158992,32361,2021-11-27 14:28:45+00:00
9778,1100158992,32360,2021-11-27 12:31:25+00:00
9779,1100158992,32359,2021-11-27 10:02:09+00:00
9780,1100158992,32356,2021-11-26 18:38:40+00:00
9781,1100158992,32354,2021-11-26 17:24:11+00:00
9782,1100158992,32349,2021-11-26 15:20:26+00:00
9783,1100158992,32344,2021-11-26 12:25:41+00:00
9784,1100158992,32343,2021-11-26 10:16:39+00:00
9785,1100158992,32341,2021-11-26 09:04:19+00:00
9786,1100158992,32340,2021-11-26 08:36:19+00:00
9787,1100158992,32338,2021-11-26 08:27:44+00:00
9788,1100158992,32335,2021-11-26 06:22:34+00:00
9789,1100158992,32334,2021-11-26 05:40:46+00:00
9790,1100158992,32333,2021-11-25 20:22:32+00:00
9791,1100158992,32331,2021-11-25 17:36:35+00:00
9792,1100158992,32325,2021-11-25 10:27:20+00:00
9793,1100158992,32324,2021-11-25 10:02:33+00:00
9794,1100158992,32322,2021-11-25 09:35:22+00:00
9795,1100158992,32321,2021-11-25 09:13:49+00:00
9796,1100158992,32315,2021-11-25 07:37:05+00:00
9797,1100158992,32314,2021-11-25 05:17:47+00:00
9798,1100158992,32309,2021-11-24 13:37:17+00:00
9799,1100158992,32306,2021-11-24 11:14:58+00:00
9800,1100158992,32305,2021-11-24 09:21:27+00:00
9801,1100158992,32302,2021-11-24 07:50:28+00:00
9802,1100158992,32301,2021-11-24 07:03:54+00:00
9803,1100158992,32294,2021-11-23 13:13:14+00:00
9804,1100158992,32290,2021-11-23 08:43:04+00:00
9805,1100158992,32289,2021-11-23 08:08:53+00:00
9806,1100158992,32285,2021-11-23 05:42:34+00:00
9807,1100158992,32279,2021-11-22 13:26:13+00:00
9808,1100158992,32276,2021-11-22 11:32:47+00:00
9809,1100158992,32247,2021-11-20 12:33:45+00:00
9810,1100158992,32244,2021-11-20 07:23:22+00:00
9811,1100158992,32243,2021-11-19 21:12:40+00:00
9812,1100158992,32233,2021-11-19 13:40:01+00:00
9813,1100158992,32232,2021-11-19 12:34:23+00:00
9814,1100158992,32231,2021-11-19 11:23:37+00:00
9815,1100158992,32229,2021-11-19 10:15:45+00:00
9816,1100158992,32228,2021-11-19 10:10:06+00:00
9817,1100158992,32224,2021-11-19 05:44:03+00:00
9818,1100158992,32221,2021-11-18 21:09:34+00:00
9819,1100158992,32220,2021-11-18 17:50:55+00:00
9820,1100158992,32208,2021-11-18 13:00:01+00:00
9821,1100158992,32205,2021-11-18 10:28:24+00:00
9822,1100158992,32204,2021-11-18 08:48:37+00:00
9823,1100158992,32201,2021-11-18 07:00:15+00:00
9824,1100158992,32189,2021-11-17 10:00:46+00:00
9825,1100158992,32186,2021-11-17 08:30:01+00:00
9826,1100158992,32184,2021-11-17 07:07:05+00:00
9827,1100158992,32181,2021-11-17 05:30:26+00:00
9828,1100158992,32166,2021-11-16 14:58:57+00:00
9829,1100158992,32164,2021-11-16 14:36:49+00:00
9830,1100158992,32159,2021-11-16 12:21:35+00:00
9831,1100158992,32157,2021-11-16 11:33:20+00:00
9832,1100158992,32155,2021-11-16 10:50:48+00:00
9833,1100158992,32142,2021-11-16 09:04:37+00:00
9834,1100158992,32141,2021-11-16 08:58:47+00:00
9835,1100158992,32135,2021-11-15 17:49:29+00:00
9836,1100158992,32130,2021-11-15 15:46:01+00:00
9837,1100158992,32128,2021-11-15 14:56:48+00:00
9838,1100158992,32111,2021-11-15 10:24:11+00:00
9839,1100158992,32110,2021-11-15 10:14:55+00:00
9840,1100158992,32108,2021-11-15 09:54:37+00:00
9841,1100158992,32097,2021-11-14 17:30:00+00:00
9842,1100158992,32096,2021-11-14 16:34:11+00:00
9843,1100158992,32095,2021-11-14 15:52:48+00:00
9844,1100158992,32091,2021-11-14 12:42:32+00:00
9845,1100158992,32086,2021-11-14 08:06:43+00:00
9846,1100158992,32084,2021-11-13 19:29:49+00:00
9847,1100158992,32081,2021-11-13 13:35:29+00:00
9848,1100158992,32080,2021-11-13 13:00:01+00:00
9849,1100158992,32078,2021-11-13 08:55:18+00:00
9850,1100158992,32069,2021-11-12 20:14:25+00:00
9851,1100158992,32064,2021-11-12 17:22:21+00:00
9852,1100158992,32061,2021-11-12 14:35:06+00:00
9853,1100158992,32057,2021-11-12 13:51:16+00:00
9854,1100158992,32049,2021-11-12 09:45:01+00:00
9855,1100158992,32041,2021-11-12 08:27:41+00:00
9856,1100158992,32038,2021-11-12 06:56:26+00:00
9857,1100158992,32037,2021-11-12 05:02:15+00:00
9858,1100158992,32017,2021-11-11 14:03:19+00:00
9859,1100158992,32016,2021-11-11 13:24:02+00:00
9860,1100158992,32015,2021-11-11 12:43:57+00:00
9861,1100158992,32012,2021-11-11 11:23:40+00:00
9862,1100158992,32005,2021-11-11 08:05:52+00:00
9863,1100158992,31999,2021-11-11 06:57:04+00:00
9864,1100158992,31997,2021-11-10 18:10:15+00:00
9865,1100158992,31993,2021-11-10 16:14:43+00:00
9866,1100158992,31991,2021-11-10 15:07:23+00:00
9867,1100158992,31985,2021-11-10 13:24:08+00:00
9868,1100158992,31984,2021-11-10 12:41:54+00:00
9869,1100158992,31981,2021-11-10 09:32:42+00:00
9870,1100158992,31977,2021-11-10 07:42:26+00:00
9871,1100158992,31959,2021-11-09 12:28:39+00:00
9872,1100158992,31956,2021-11-09 09:54:30+00:00
9873,1100158992,31954,2021-11-09 09:26:01+00:00
9874,1100158992,31952,2021-11-09 08:44:59+00:00
9875,1100158992,31947,2021-11-08 17:20:44+00:00
9876,1100158992,31941,2021-11-08 13:54:33+00:00
9877,1100158992,31936,2021-11-08 11:20:46+00:00
9878,1100158992,31929,2021-11-08 08:40:22+00:00
9879,1100158992,31916,2021-11-07 12:12:39+00:00
9880,1100158992,31914,2021-11-07 10:30:59+00:00
9881,1100158992,31912,2021-11-07 08:10:47+00:00
9882,1100158992,31909,2021-11-06 18:04:37+00:00
9883,1100158992,31905,2021-11-06 15:39:06+00:00
9884,1100158992,31893,2021-11-05 18:47:26+00:00
9885,1100158992,31892,2021-11-05 17:21:45+00:00
9886,1100158992,31890,2021-11-05 16:35:07+00:00
9887,1100158992,31879,2021-11-05 08:14:39+00:00
9888,1100158992,31877,2021-11-05 08:08:31+00:00
9889,1100158992,31870,2021-11-04 16:24:33+00:00
9890,1100158992,31868,2021-11-04 13:06:52+00:00
9891,1100158992,31867,2021-11-04 09:57:48+00:00
9892,1100158992,31865,2021-11-04 08:10:34+00:00
9893,1100158992,31864,2021-11-04 07:18:59+00:00
9894,1100158992,31862,2021-11-03 23:30:13+00:00
9895,1100158992,31856,2021-11-03 15:03:34+00:00
9896,1100158992,31855,2021-11-03 14:30:00+00:00
9897,1100158992,31853,2021-11-03 13:29:08+00:00
9898,1100158992,31849,2021-11-03 12:49:57+00:00
9899,1100158992,31841,2021-11-03 09:00:06+00:00
9900,1100158992,31833,2021-11-03 06:28:38+00:00
9901,1100158992,31832,2021-11-03 05:20:00+00:00
9902,1100158992,31830,2021-11-02 21:51:33+00:00
9903,1100158992,31823,2021-11-02 15:06:32+00:00
9904,1100158992,31820,2021-11-02 12:00:01+00:00
9905,1100158992,31818,2021-11-02 09:55:37+00:00
9906,1100158992,31817,2021-11-02 09:26:21+00:00
9907,1100158992,31813,2021-11-02 06:48:58+00:00
9908,1100158992,31807,2021-11-01 15:51:47+00:00
9909,1100158992,31804,2021-11-01 13:02:56+00:00
9910,1100158992,31803,2021-11-01 12:34:21+00:00
9911,1100158992,31802,2021-11-01 10:40:20+00:00
9912,1100158992,31800,2021-11-01 09:45:11+00:00
9913,1100158992,31794,2021-11-01 08:52:25+00:00
9914,1100158992,31790,2021-11-01 05:33:25+00:00
9915,1100158992,31789,2021-10-31 23:03:12+00:00
9916,1100158992,31788,2021-10-31 17:44:22+00:00
9917,1100158992,31782,2021-10-31 12:19:58+00:00
9918,1100158992,31780,2021-10-31 09:00:10+00:00
9919,1100158992,31777,2021-10-31 07:43:55+00:00
9920,1100158992,31774,2021-10-30 20:46:20+00:00
9921,1100158992,31764,2021-10-30 09:16:28+00:00
9922,1100158992,31762,2021-10-30 08:57:54+00:00
9923,1100158992,31761,2021-10-30 07:33:48+00:00
9924,1100158992,31760,2021-10-30 06:00:16+00:00
9925,1100158992,31758,2021-10-29 17:30:24+00:00
9926,1100158992,31751,2021-10-29 14:03:12+00:00
9927,1100158992,31748,2021-10-29 12:23:56+00:00
9928,1100158992,31745,2021-10-29 10:20:17+00:00
9929,1100158992,31743,2021-10-29 09:01:17+00:00
9930,1100158992,31723,2021-10-28 17:16:47+00:00
9931,1100158992,31712,2021-10-28 10:53:08+00:00
9932,1100158992,31711,2021-10-28 10:29:35+00:00
9933,1100158992,31702,2021-10-28 08:13:18+00:00
9934,1100158992,31693,2021-10-27 14:00:21+00:00
9935,1100158992,31689,2021-10-27 11:59:54+00:00
9936,1100158992,31688,2021-10-27 11:27:44+00:00
9937,1100158992,31676,2021-10-27 08:04:06+00:00
9938,1100158992,31666,2021-10-27 04:55:35+00:00
9939,1100158992,31658,2021-10-26 13:20:37+00:00
9940,1100158992,31653,2021-10-26 12:03:23+00:00
9941,1100158992,31652,2021-10-26 11:26:39+00:00
9942,1100158992,31651,2021-10-26 10:57:51+00:00
9943,1100158992,31642,2021-10-26 07:50:24+00:00
9944,1100158992,31641,2021-10-26 06:47:25+00:00
9945,1100158992,31639,2021-10-26 05:19:32+00:00
9946,1100158992,31631,2021-10-25 15:35:24+00:00
9947,1100158992,31629,2021-10-25 15:08:09+00:00
9948,1100158992,31628,2021-10-25 15:04:48+00:00
9949,1100158992,31627,2021-10-25 15:01:22+00:00
9950,1100158992,31618,2021-10-25 13:14:41+00:00
9951,1100158992,31605,2021-10-25 08:46:01+00:00
9952,1100158992,31602,2021-10-25 08:30:59+00:00
9953,1100158992,31596,2021-10-24 17:15:00+00:00
9954,1100158992,31593,2021-10-24 13:03:21+00:00
9955,1100158992,31592,2021-10-24 12:42:04+00:00
9956,1100158992,31586,2021-10-24 08:25:19+00:00
9957,1100158992,31585,2021-10-24 03:45:38+00:00
9958,1100158992,31581,2021-10-23 15:12:26+00:00
9959,1100158992,31580,2021-10-23 13:45:42+00:00
9960,1100158992,31578,2021-10-23 10:02:13+00:00
9961,1100158992,31576,2021-10-23 09:31:55+00:00
9962,1100158992,31559,2021-10-22 14:36:20+00:00
9963,1100158992,31558,2021-10-22 14:15:22+00:00
9964,1100158992,31556,2021-10-22 13:28:19+00:00
9965,1100158992,31549,2021-10-22 10:17:03+00:00
9966,1100158992,31547,2021-10-22 08:53:15+00:00
9967,1100158992,31546,2021-10-22 08:33:12+00:00
9968,1100158992,31541,2021-10-22 06:43:14+00:00
9969,1100158992,31538,2021-10-22 04:58:50+00:00
9970,1100158992,31535,2021-10-21 17:48:14+00:00
9971,1100158992,31533,2021-10-21 14:00:48+00:00
9972,1100158992,31532,2021-10-21 13:05:01+00:00
9973,1100158992,31531,2021-10-21 12:45:13+00:00
9974,1100158992,31529,2021-10-21 12:00:11+00:00
9975,1100158992,31518,2021-10-21 08:11:19+00:00
9976,1100158992,31514,2021-10-20 20:53:32+00:00
9977,1100158992,31512,2021-10-20 18:00:30+00:00
9978,1100158992,31510,2021-10-20 17:02:32+00:00
9979,1100158992,31509,2021-10-20 16:33:47+00:00
9980,1100158992,31508,2021-10-20 16:19:21+00:00
9981,1100158992,31507,2021-10-20 15:36:11+00:00
9982,1100158992,31505,2021-10-20 14:16:53+00:00
9983,1100158992,31502,2021-10-20 13:04:17+00:00
9984,1100158992,31495,2021-10-20 09:46:57+00:00
9985,1100158992,31494,2021-10-20 09:17:32+00:00
9986,1100158992,31483,2021-10-20 07:17:07+00:00
9987,1100158992,31477,2021-10-20 07:07:00+00:00
9988,1100158992,31476,2021-10-20 05:19:45+00:00
9989,1100158992,31467,2021-10-19 14:39:25+00:00
9990,1100158992,31465,2021-10-19 13:23:59+00:00
9991,1100158992,31463,2021-10-19 12:19:09+00:00
9992,1100158992,31460,2021-10-19 10:30:01+00:00
9993,1100158992,31457,2021-10-19 08:42:59+00:00
9994,1100158992,31455,2021-10-19 08:02:57+00:00
9995,1100158992,31454,2021-10-19 07:20:12+00:00
9996,1100158992,31442,2021-10-18 14:51:47+00:00
9997,1100158992,31417,2021-10-17 17:51:51+00:00
9998,1100158992,31407,2021-10-17 11:07:12+00:00
9999,1100158992,31406,2021-10-17 10:37:16+00:00
10000,1100158992,31403,2021-10-17 08:46:31+00:00
10001,1100158992,31399,2021-10-17 05:32:11+00:00
10002,1100158992,31397,2021-10-17 04:39:12+00:00
10003,1100158992,31396,2021-10-17 03:30:36+00:00
10004,1100158992,31393,2021-10-16 17:00:42+00:00
10005,1100158992,31379,2021-10-15 18:36:04+00:00
10006,1100158992,31378,2021-10-15 18:10:07+00:00
10007,1100158992,31375,2021-10-15 14:00:14+00:00
10008,1100158992,31373,2021-10-15 11:33:43+00:00
10009,1100158992,31370,2021-10-15 11:04:54+00:00
10010,1100158992,31368,2021-10-15 09:42:20+00:00
10011,1100158992,31359,2021-10-15 05:42:43+00:00
10012,1100158992,31354,2021-10-14 14:37:25+00:00
10013,1100158992,31352,2021-10-14 12:58:08+00:00
10014,1100158992,31341,2021-10-14 09:16:52+00:00
10015,1100158992,31339,2021-10-14 08:45:31+00:00
10016,1100158992,31337,2021-10-14 07:32:49+00:00
10017,1100158992,31334,2021-10-13 19:05:07+00:00
10018,1100158992,31330,2021-10-13 16:00:34+00:00
10019,1100158992,31329,2021-10-13 15:51:00+00:00
10020,1100158992,31320,2021-10-13 14:23:12+00:00
10021,1100158992,31316,2021-10-13 13:19:43+00:00
10022,1100158992,31314,2021-10-13 11:31:33+00:00
10023,1100158992,31302,2021-10-13 05:29:24+00:00
10024,1100158992,31299,2021-10-12 14:41:48+00:00
10025,1100158992,31297,2021-10-12 13:54:06+00:00
10026,1100158992,31295,2021-10-12 12:40:42+00:00
10027,1100158992,31280,2021-10-11 20:41:57+00:00
10028,1100158992,31276,2021-10-11 16:36:28+00:00
10029,1100158992,31274,2021-10-11 13:56:48+00:00
10030,1100158992,31272,2021-10-11 12:30:01+00:00
10031,1100158992,31264,2021-10-11 08:00:09+00:00
10032,1100158992,31259,2021-10-11 05:02:43+00:00
10033,1100158992,31257,2021-10-10 16:19:31+00:00
10034,1100158992,31253,2021-10-10 13:34:24+00:00
10035,1100158992,31251,2021-10-10 12:38:58+00:00
10036,1100158992,31249,2021-10-10 11:52:39+00:00
10037,1100158992,31245,2021-10-10 07:29:45+00:00
10038,1100158992,31240,2021-10-10 07:04:52+00:00
10039,1100158992,31238,2021-10-10 06:58:46+00:00
10040,1100158992,31237,2021-10-10 06:51:17+00:00
10041,1100158992,31235,2021-10-10 05:54:05+00:00
10042,1100158992,31232,2021-10-09 19:20:03+00:00
10043,1100158992,31220,2021-10-09 15:05:12+00:00
10044,1100158992,31219,2021-10-09 13:00:15+00:00
10045,1100158992,31213,2021-10-09 06:00:00+00:00
10046,1100158992,31212,2021-10-08 20:37:54+00:00
10047,1100158992,31210,2021-10-08 18:17:18+00:00
10048,1100158992,31209,2021-10-08 16:30:15+00:00
10049,1100158992,31205,2021-10-08 13:12:23+00:00
10050,1100158992,31194,2021-10-08 07:39:00+00:00
10051,1100158992,31192,2021-10-08 00:51:16+00:00
10052,1100158992,31191,2021-10-07 21:07:06+00:00
10053,1100158992,31179,2021-10-07 12:36:10+00:00
10054,1100158992,31176,2021-10-07 11:09:38+00:00
10055,1100158992,31175,2021-10-07 10:57:04+00:00
10056,1100158992,31173,2021-10-07 09:36:37+00:00
10057,1100158992,31163,2021-10-07 06:20:27+00:00
10058,1100158992,31159,2021-10-06 22:03:13+00:00
10059,1100158992,31156,2021-10-06 18:43:11+00:00
10060,1100158992,31153,2021-10-06 16:32:04+00:00
10061,1100158992,31143,2021-10-06 15:17:19+00:00
10062,1100158992,31140,2021-10-06 13:30:03+00:00
10063,1100158992,31132,2021-10-06 09:04:22+00:00
10064,1100158992,31131,2021-10-06 08:29:34+00:00
10065,1100158992,31130,2021-10-06 08:01:16+00:00
10066,1100158992,31124,2021-10-05 14:04:24+00:00
10067,1100158992,31115,2021-10-05 11:27:11+00:00
10068,1100158992,31106,2021-10-05 09:06:41+00:00
10069,1100158992,31102,2021-10-05 07:14:21+00:00
10070,1100158992,31100,2021-10-05 06:30:15+00:00
10071,1100158992,31085,2021-10-04 16:45:27+00:00
10072,1100158992,31084,2021-10-04 15:50:01+00:00
10073,1100158992,31081,2021-10-04 11:51:54+00:00
10074,1100158992,31076,2021-10-04 09:10:00+00:00
10075,1100158992,31071,2021-10-03 18:32:43+00:00
10076,1100158992,31069,2021-10-03 17:30:26+00:00
10077,1100158992,31065,2021-10-03 12:00:43+00:00
10078,1100158992,31059,2021-10-03 06:41:21+00:00
10079,1100158992,31053,2021-10-02 11:50:33+00:00
10080,1100158992,31050,2021-10-02 07:35:32+00:00
10081,1100158992,31049,2021-10-02 06:41:06+00:00
10082,1100158992,31048,2021-10-02 06:14:24+00:00
10083,1100158992,31046,2021-10-02 01:53:33+00:00
10084,1100158992,31043,2021-10-01 17:00:23+00:00
10085,1100158992,31039,2021-10-01 16:02:13+00:00
10086,1100158992,31034,2021-10-01 12:30:46+00:00
10087,1100158992,31028,2021-10-01 11:29:05+00:00
10088,1100158992,31024,2021-10-01 09:49:15+00:00
10089,1100158992,31018,2021-10-01 07:10:48+00:00
10090,1100158992,31017,2021-10-01 06:00:07+00:00
10091,1100158992,31016,2021-10-01 00:08:24+00:00
10092,1100158992,31015,2021-09-30 19:23:48+00:00
10093,1100158992,31013,2021-09-30 16:45:23+00:00
10094,1100158992,31012,2021-09-30 16:30:01+00:00
10095,1100158992,31011,2021-09-30 16:00:24+00:00
10096,1100158992,31010,2021-09-30 15:37:01+00:00
10097,1100158992,31005,2021-09-30 11:57:06+00:00
10098,1100158992,31004,2021-09-30 10:47:42+00:00
10099,1100158992,31002,2021-09-30 09:50:40+00:00
10100,1100158992,31001,2021-09-30 09:37:02+00:00
10101,1100158992,30998,2021-09-30 08:32:15+00:00
10102,1100158992,30990,2021-09-29 20:11:29+00:00
10103,1100158992,30988,2021-09-29 18:15:10+00:00
10104,1100158992,30986,2021-09-29 16:45:21+00:00
10105,1100158992,30979,2021-09-29 12:33:44+00:00
10106,1100158992,30975,2021-09-29 10:14:53+00:00
10107,1100158992,30972,2021-09-29 09:28:18+00:00
10108,1100158992,30971,2021-09-29 08:01:59+00:00
10109,1100158992,30967,2021-09-28 17:56:10+00:00
10110,1100158992,30958,2021-09-28 12:27:26+00:00
10111,1100158992,30955,2021-09-28 11:21:53+00:00
10112,1100158992,30947,2021-09-28 08:06:32+00:00
10113,1100158992,30946,2021-09-28 07:26:49+00:00
10114,1100158992,30944,2021-09-28 05:00:08+00:00
10115,1100158992,30943,2021-09-28 04:25:50+00:00
10116,1100158992,30940,2021-09-27 19:41:38+00:00
10117,1100158992,30939,2021-09-27 17:05:11+00:00
10118,1100158992,30938,2021-09-27 14:35:37+00:00
10119,1100158992,30934,2021-09-27 12:38:10+00:00
10120,1100158992,30930,2021-09-27 11:05:01+00:00
10121,1100158992,30929,2021-09-27 10:59:24+00:00
10122,1100158992,30925,2021-09-27 09:07:02+00:00
10123,1100158992,30920,2021-09-27 05:57:52+00:00
10124,1100158992,30919,2021-09-27 04:57:09+00:00
10125,1100158992,30917,2021-09-27 03:28:29+00:00
10126,1100158992,30916,2021-09-27 00:31:47+00:00
10127,1100158992,30912,2021-09-26 13:32:59+00:00
10128,1100158992,30911,2021-09-26 12:29:59+00:00
10129,1100158992,30910,2021-09-26 11:23:59+00:00
10130,1100158992,30906,2021-09-26 09:00:56+00:00
10131,1100158992,30902,2021-09-25 21:03:47+00:00
10132,1100158992,30900,2021-09-25 12:32:42+00:00
10133,1100158992,30891,2021-09-24 17:00:21+00:00
10134,1100158992,30885,2021-09-24 12:40:02+00:00
10135,1100158992,30882,2021-09-24 11:54:31+00:00
10136,1100158992,30879,2021-09-24 10:45:01+00:00
10137,1100158992,30870,2021-09-24 08:00:12+00:00
10138,1100158992,30867,2021-09-24 07:45:10+00:00
10139,1100158992,30866,2021-09-24 07:31:18+00:00
10140,1100158992,30860,2021-09-23 21:49:40+00:00
10141,1100158992,30859,2021-09-23 19:43:54+00:00
10142,1100158992,30857,2021-09-23 18:21:26+00:00
10143,1100158992,30855,2021-09-23 15:44:02+00:00
10144,1100158992,30853,2021-09-23 14:53:01+00:00
10145,1100158992,30852,2021-09-23 14:40:10+00:00
10146,1100158992,30851,2021-09-23 13:51:01+00:00
10147,1100158992,30850,2021-09-23 13:06:07+00:00
10148,1100158992,30847,2021-09-23 11:01:05+00:00
10149,1100158992,30845,2021-09-23 10:14:52+00:00
10150,1100158992,30840,2021-09-23 08:44:59+00:00
10151,1100158992,30834,2021-09-22 15:15:01+00:00
10152,1100158992,30833,2021-09-22 14:51:18+00:00
10153,1100158992,30831,2021-09-22 12:36:44+00:00
10154,1100158992,30830,2021-09-22 11:57:26+00:00
10155,1100158992,30826,2021-09-22 10:20:56+00:00
10156,1100158992,30815,2021-09-22 07:48:43+00:00
10157,1100158992,30812,2021-09-22 06:45:35+00:00
10158,1100158992,30808,2021-09-21 16:57:26+00:00
10159,1100158992,30806,2021-09-21 15:28:05+00:00
10160,1100158992,30805,2021-09-21 14:39:01+00:00
10161,1100158992,30800,2021-09-21 12:29:16+00:00
10162,1100158992,30799,2021-09-21 11:11:06+00:00
10163,1100158992,30798,2021-09-21 11:00:01+00:00
10164,1100158992,30797,2021-09-21 10:47:31+00:00
10165,1100158992,30795,2021-09-21 10:08:52+00:00
10166,1100158992,30782,2021-09-20 14:06:05+00:00
10167,1100158992,30777,2021-09-20 11:54:47+00:00
10168,1100158992,30768,2021-09-20 10:41:30+00:00
10169,1100158992,30767,2021-09-20 10:25:10+00:00
10170,1100158992,30766,2021-09-20 10:17:56+00:00
10171,1100158992,30762,2021-09-20 08:29:38+00:00
10172,1100158992,30761,2021-09-20 07:52:16+00:00
10173,1100158992,30751,2021-09-19 13:03:23+00:00
10174,1100158992,30750,2021-09-19 12:00:21+00:00
10175,1100158992,30746,2021-09-19 08:48:54+00:00
10176,1100158992,30735,2021-09-18 15:43:12+00:00
10177,1100158992,30733,2021-09-18 09:29:56+00:00
10178,1100158992,30726,2021-09-17 14:07:09+00:00
10179,1100158992,30717,2021-09-17 08:15:54+00:00
10180,1100158992,30712,2021-09-16 18:37:30+00:00
10181,1100158992,30697,2021-09-16 12:21:40+00:00
10182,1100158992,30696,2021-09-16 12:11:31+00:00
10183,1100158992,30688,2021-09-16 08:14:06+00:00
10184,1100158992,30675,2021-09-15 16:00:16+00:00
10185,1100158992,30674,2021-09-15 15:38:00+00:00
10186,1100158992,30673,2021-09-15 14:58:31+00:00
10187,1100158992,30669,2021-09-15 13:08:25+00:00
10188,1100158992,30668,2021-09-15 11:37:36+00:00
10189,1100158992,30665,2021-09-15 10:43:58+00:00
10190,1100158992,30662,2021-09-15 09:19:07+00:00
10191,1100158992,30660,2021-09-15 06:00:06+00:00
10192,1100158992,30655,2021-09-14 18:20:40+00:00
10193,1100158992,30654,2021-09-14 17:58:46+00:00
10194,1100158992,30653,2021-09-14 17:31:36+00:00
10195,1100158992,30652,2021-09-14 17:22:49+00:00
10196,1100158992,30651,2021-09-14 17:18:30+00:00
10197,1100158992,30649,2021-09-14 16:20:24+00:00
10198,1100158992,30647,2021-09-14 15:40:01+00:00
10199,1100158992,30642,2021-09-14 13:55:04+00:00
10200,1100158992,30641,2021-09-14 13:00:22+00:00
10201,1100158992,30636,2021-09-14 09:20:39+00:00
10202,1100158992,30628,2021-09-13 19:42:50+00:00
10203,1100158992,30626,2021-09-13 16:21:59+00:00
10204,1100158992,30625,2021-09-13 14:25:27+00:00
10205,1100158992,30620,2021-09-13 12:22:43+00:00
10206,1100158992,30614,2021-09-13 09:17:42+00:00
10207,1100158992,30609,2021-09-12 20:02:06+00:00
10208,1100158992,30601,2021-09-12 18:05:27+00:00
10209,1100158992,30600,2021-09-12 17:57:02+00:00
10210,1100158992,30588,2021-09-11 18:15:09+00:00
10211,1100158992,30582,2021-09-11 09:36:15+00:00
10212,1100158992,30571,2021-09-11 07:49:57+00:00
10213,1100158992,30569,2021-09-11 06:25:36+00:00
10214,1100158992,30568,2021-09-11 05:26:18+00:00
10215,1100158992,30562,2021-09-10 23:24:42+00:00
10216,1100158992,30557,2021-09-10 18:19:13+00:00
10217,1100158992,30555,2021-09-10 16:33:45+00:00
10218,1100158992,30552,2021-09-10 15:02:49+00:00
10219,1100158992,30550,2021-09-10 14:40:10+00:00
10220,1100158992,30546,2021-09-10 11:31:14+00:00
10221,1100158992,30543,2021-09-10 10:10:05+00:00
10222,1100158992,30530,2021-09-10 07:44:17+00:00
10223,1100158992,30525,2021-09-09 17:00:03+00:00
10224,1100158992,30524,2021-09-09 16:00:14+00:00
10225,1100158992,30522,2021-09-09 15:26:14+00:00
10226,1100158992,30521,2021-09-09 14:51:18+00:00
10227,1100158992,30518,2021-09-09 13:11:18+00:00
10228,1100158992,30512,2021-09-09 10:37:46+00:00
10229,1100158992,30507,2021-09-09 09:13:08+00:00
10230,1100158992,30506,2021-09-09 08:47:36+00:00
10231,1100158992,30501,2021-09-09 05:30:03+00:00
10232,1100158992,30500,2021-09-08 21:58:52+00:00
10233,1100158992,30497,2021-09-08 16:45:37+00:00
10234,1100158992,30495,2021-09-08 15:00:19+00:00
10235,1100158992,30494,2021-09-08 14:36:24+00:00
10236,1100158992,30493,2021-09-08 13:56:39+00:00
10237,1100158992,30492,2021-09-08 13:30:08+00:00
10238,1100158992,30486,2021-09-08 12:00:01+00:00
10239,1100158992,30485,2021-09-08 10:57:21+00:00
10240,1100158992,30468,2021-09-08 07:20:38+00:00
10241,1100158992,30467,2021-09-08 07:13:25+00:00
10242,1100158992,30465,2021-09-08 06:44:37+00:00
10243,1100158992,30462,2021-09-08 06:04:05+00:00
10244,1100158992,30460,2021-09-08 04:53:10+00:00
10245,1100158992,30456,2021-09-07 20:36:10+00:00
10246,1100158992,30455,2021-09-07 19:40:12+00:00
10247,1100158992,30452,2021-09-07 16:51:57+00:00
10248,1100158992,30451,2021-09-07 15:01:53+00:00
10249,1100158992,30448,2021-09-07 12:15:00+00:00
10250,1100158992,30442,2021-09-07 08:29:36+00:00
10251,1100158992,30441,2021-09-07 08:13:19+00:00
10252,1100158992,30436,2021-09-07 05:58:57+00:00
10253,1100158992,30434,2021-09-07 05:43:59+00:00
10254,1100158992,30431,2021-09-06 14:25:12+00:00
10255,1100158992,30430,2021-09-06 13:55:23+00:00
10256,1100158992,30429,2021-09-06 12:58:46+00:00
10257,1100158992,30426,2021-09-06 10:45:09+00:00
10258,1100158992,30418,2021-09-06 07:12:50+00:00
10259,1100158992,30416,2021-09-05 20:42:48+00:00
10260,1100158992,30412,2021-09-05 13:42:30+00:00
10261,1100158992,30397,2021-09-04 17:54:48+00:00
10262,1100158992,30396,2021-09-04 16:40:33+00:00
10263,1100158992,30383,2021-09-04 12:59:22+00:00
10264,1100158992,30380,2021-09-04 10:06:43+00:00
10265,1100158992,30378,2021-09-04 08:30:23+00:00
10266,1100158992,30377,2021-09-04 07:00:23+00:00
10267,1100158992,30376,2021-09-03 21:17:10+00:00
10268,1100158992,30374,2021-09-03 20:02:52+00:00
10269,1100158992,30358,2021-09-03 13:48:04+00:00
10270,1100158992,30347,2021-09-03 08:39:40+00:00
10271,1100158992,30336,2021-09-03 07:07:23+00:00
10272,1100158992,30331,2021-09-03 03:23:47+00:00
10273,1100158992,30328,2021-09-02 17:08:46+00:00
10274,1100158992,30327,2021-09-02 16:08:40+00:00
10275,1100158992,30316,2021-09-02 15:00:05+00:00
10276,1100158992,30315,2021-09-02 14:34:10+00:00
10277,1100158992,30314,2021-09-02 14:09:51+00:00
10278,1100158992,30310,2021-09-02 13:26:16+00:00
10279,1100158992,30309,2021-09-02 12:03:16+00:00
10280,1100158992,30308,2021-09-02 11:50:17+00:00
10281,1100158992,30306,2021-09-02 11:23:11+00:00
10282,1100158992,30304,2021-09-02 09:26:38+00:00
10283,1100158992,30297,2021-09-01 20:39:55+00:00
10284,1100158992,30289,2021-09-01 15:29:15+00:00
10285,1100158992,30274,2021-09-01 12:00:33+00:00
10286,1100158992,30272,2021-09-01 10:40:26+00:00
10287,1100158992,30267,2021-09-01 06:30:07+00:00
10288,1100158992,30262,2021-08-31 17:45:03+00:00
10289,1100158992,30259,2021-08-31 16:27:24+00:00
10290,1100158992,30247,2021-08-31 14:15:35+00:00
10291,1100158992,30236,2021-08-31 11:03:28+00:00
10292,1100158992,30217,2021-08-31 08:50:50+00:00
10293,1100158992,30215,2021-08-31 07:20:20+00:00
10294,1100158992,30212,2021-08-30 18:15:54+00:00
10295,1100158992,30203,2021-08-30 13:44:59+00:00
10296,1100158992,30202,2021-08-30 12:30:23+00:00
10297,1100158992,30201,2021-08-30 11:33:04+00:00
10298,1100158992,30200,2021-08-30 11:00:41+00:00
10299,1100158992,30199,2021-08-30 10:43:48+00:00
10300,1100158992,30198,2021-08-30 09:47:43+00:00
10301,1100158992,30196,2021-08-30 09:29:29+00:00
10302,1100158992,30192,2021-08-30 05:20:37+00:00
10303,1100158992,30190,2021-08-29 17:40:58+00:00
10304,1100158992,30187,2021-08-29 14:35:30+00:00
10305,1100158992,30181,2021-08-29 14:00:03+00:00
10306,1100158992,30173,2021-08-29 06:36:01+00:00
10307,1100158992,30169,2021-08-28 13:27:19+00:00
10308,1100158992,30162,2021-08-28 12:45:43+00:00
10309,1100158992,30153,2021-08-27 19:30:43+00:00
10310,1100158992,30152,2021-08-27 18:48:13+00:00
10311,1100158992,30151,2021-08-27 17:11:36+00:00
10312,1100158992,30149,2021-08-27 16:34:58+00:00
10313,1100158992,30140,2021-08-27 14:06:07+00:00
10314,1100158992,30138,2021-08-27 13:42:53+00:00
10315,1100158992,30125,2021-08-27 11:40:28+00:00
10316,1100158992,30124,2021-08-27 11:24:14+00:00
10317,1100158992,30115,2021-08-27 06:39:08+00:00
10318,1100158992,30114,2021-08-27 05:45:08+00:00
10319,1100158992,30111,2021-08-26 18:15:52+00:00
10320,1100158992,30108,2021-08-26 17:01:47+00:00
10321,1100158992,30107,2021-08-26 16:45:41+00:00
10322,1100158992,30105,2021-08-26 15:02:01+00:00
10323,1100158992,30083,2021-08-26 12:48:25+00:00
10324,1100158992,30082,2021-08-26 11:28:07+00:00
10325,1100158992,30076,2021-08-26 09:00:08+00:00
10326,1100158992,30071,2021-08-26 07:42:05+00:00
10327,1100158992,30070,2021-08-26 07:40:14+00:00
10328,1100158992,30068,2021-08-26 07:18:48+00:00
10329,1100158992,30061,2021-08-26 06:00:41+00:00
10330,1100158992,30060,2021-08-26 05:45:26+00:00
10331,1100158992,30057,2021-08-25 17:18:51+00:00
10332,1100158992,30042,2021-08-25 10:14:17+00:00
10333,1100158992,30041,2021-08-25 06:57:52+00:00
10334,1100158992,30039,2021-08-25 06:01:59+00:00
10335,1100158992,30038,2021-08-25 05:33:53+00:00
10336,1100158992,30033,2021-08-24 18:35:21+00:00
10337,1100158992,30032,2021-08-24 16:59:59+00:00
10338,1100158992,30029,2021-08-24 15:34:59+00:00
10339,1100158992,30028,2021-08-24 15:16:05+00:00
10340,1100158992,30027,2021-08-24 14:43:32+00:00
10341,1100158992,30017,2021-08-24 11:13:26+00:00
10342,1100158992,30012,2021-08-24 07:42:59+00:00
10343,1100158992,30009,2021-08-24 06:50:43+00:00
10344,1100158992,30008,2021-08-24 05:59:23+00:00
10345,1100158992,30007,2021-08-23 16:59:58+00:00
10346,1100158992,30004,2021-08-23 11:20:55+00:00
10347,1100158992,30001,2021-08-23 09:34:19+00:00
10348,1100158992,30000,2021-08-23 09:14:58+00:00
10349,1100158992,29997,2021-08-23 08:18:32+00:00
10350,1100158992,29996,2021-08-23 08:12:28+00:00
10351,1100158992,29994,2021-08-23 05:23:16+00:00
10352,1100158992,29990,2021-08-22 13:59:58+00:00
10353,1100158992,29982,2021-08-22 02:10:57+00:00
10354,1100158992,29955,2021-08-21 15:07:45+00:00
10355,1100158992,29951,2021-08-21 09:57:27+00:00
10356,1100158992,29950,2021-08-21 09:48:55+00:00
10357,1100158992,29941,2021-08-21 08:34:22+00:00
10358,1100158992,29940,2021-08-21 07:40:10+00:00
10359,1100158992,29934,2021-08-20 14:38:08+00:00
10360,1100158992,29933,2021-08-20 14:25:20+00:00
10361,1100158992,29932,2021-08-20 14:08:41+00:00
10362,1100158992,29931,2021-08-20 13:48:25+00:00
10363,1100158992,29929,2021-08-20 11:16:47+00:00
10364,1100158992,29927,2021-08-20 10:07:51+00:00
10365,1100158992,29915,2021-08-20 06:30:07+00:00
10366,1100158992,29907,2021-08-19 16:13:32+00:00
10367,1100158992,29900,2021-08-19 12:25:01+00:00
10368,1100158992,29899,2021-08-19 11:49:05+00:00
10369,1100158992,29895,2021-08-19 09:31:44+00:00
10370,1100158992,29889,2021-08-19 07:41:46+00:00
10371,1100158992,29887,2021-08-19 06:00:34+00:00
10372,1100158992,29884,2021-08-18 18:25:03+00:00
10373,1100158992,29883,2021-08-18 17:51:28+00:00
10374,1100158992,29876,2021-08-18 14:29:36+00:00
10375,1100158992,29873,2021-08-18 13:30:21+00:00
10376,1100158992,29871,2021-08-18 12:40:58+00:00
10377,1100158992,29869,2021-08-18 10:07:58+00:00
10378,1100158992,29858,2021-08-17 15:52:11+00:00
10379,1100158992,29846,2021-08-17 11:49:25+00:00
10380,1100158992,29844,2021-08-17 11:20:25+00:00
10381,1100158992,29842,2021-08-17 10:36:25+00:00
10382,1100158992,29840,2021-08-17 09:36:26+00:00
10383,1100158992,29830,2021-08-17 09:03:58+00:00
10384,1100158992,29827,2021-08-17 08:48:35+00:00
10385,1100158992,29824,2021-08-17 07:51:18+00:00
10386,1100158992,29821,2021-08-17 06:52:44+00:00
10387,1100158992,29819,2021-08-17 05:35:27+00:00
10388,1100158992,29817,2021-08-16 20:22:30+00:00
10389,1100158992,29809,2021-08-16 12:39:42+00:00
10390,1100158992,29803,2021-08-16 11:17:52+00:00
10391,1100158992,29792,2021-08-16 06:29:51+00:00
10392,1100158992,29786,2021-08-15 20:11:35+00:00
10393,1100158992,29785,2021-08-15 19:47:05+00:00
10394,1100158992,29783,2021-08-15 17:48:46+00:00
10395,1100158992,29780,2021-08-15 16:37:27+00:00
10396,1100158992,29775,2021-08-15 14:55:22+00:00
10397,1100158992,29772,2021-08-15 13:29:34+00:00
10398,1100158992,29771,2021-08-15 13:10:25+00:00
10399,1100158992,29768,2021-08-15 10:55:46+00:00
10400,1100158992,29761,2021-08-15 07:27:40+00:00
10401,1100158992,29757,2021-08-14 21:05:44+00:00
10402,1100158992,29756,2021-08-14 19:45:24+00:00
10403,1100158992,29751,2021-08-14 15:19:41+00:00
10404,1100158992,29748,2021-08-14 13:49:35+00:00
10405,1100158992,29745,2021-08-14 12:54:08+00:00
10406,1100158992,29742,2021-08-14 12:22:58+00:00
10407,1100158992,29739,2021-08-14 10:45:36+00:00
10408,1100158992,29737,2021-08-14 06:23:38+00:00
10409,1100158992,29732,2021-08-13 15:34:47+00:00
10410,1100158992,29731,2021-08-13 14:47:55+00:00
10411,1100158992,29728,2021-08-13 12:52:12+00:00
10412,1100158992,29726,2021-08-13 11:18:08+00:00
10413,1100158992,29715,2021-08-13 09:02:47+00:00
10414,1100158992,29714,2021-08-13 08:40:28+00:00
10415,1100158992,29707,2021-08-13 05:18:31+00:00
10416,1100158992,29699,2021-08-12 21:19:45+00:00
10417,1100158992,29694,2021-08-12 19:02:07+00:00
10418,1100158992,29692,2021-08-12 17:03:15+00:00
10419,1100158992,29688,2021-08-12 15:15:47+00:00
10420,1100158992,29687,2021-08-12 14:59:30+00:00
10421,1100158992,29684,2021-08-12 14:44:01+00:00
10422,1100158992,29683,2021-08-12 14:15:00+00:00
10423,1100158992,29679,2021-08-12 12:47:59+00:00
10424,1100158992,29678,2021-08-12 12:42:46+00:00
10425,1100158992,29677,2021-08-12 10:17:59+00:00
10426,1100158992,29674,2021-08-12 08:10:59+00:00
10427,1100158992,29668,2021-08-12 04:32:46+00:00
10428,1100158992,29665,2021-08-11 23:44:01+00:00
10429,1100158992,29660,2021-08-11 20:16:08+00:00
10430,1100158992,29657,2021-08-11 16:10:12+00:00
10431,1100158992,29656,2021-08-11 15:42:05+00:00
10432,1100158992,29655,2021-08-11 15:10:52+00:00
10433,1100158992,29653,2021-08-11 13:18:54+00:00
10434,1100158992,29651,2021-08-11 11:46:06+00:00
10435,1100158992,29638,2021-08-11 06:01:36+00:00
10436,1100158992,29634,2021-08-10 20:17:44+00:00
10437,1100158992,29605,2021-08-09 16:30:14+00:00
10438,1100158992,29601,2021-08-09 13:40:31+00:00
10439,1100158992,29600,2021-08-09 13:23:12+00:00
10440,1100158992,29597,2021-08-09 12:45:07+00:00
10441,1100158992,29595,2021-08-09 12:03:56+00:00
10442,1100158992,29594,2021-08-09 11:50:40+00:00
10443,1100158992,29590,2021-08-09 09:26:55+00:00
10444,1100158992,29584,2021-08-08 22:25:50+00:00
10445,1100158992,29578,2021-08-08 11:56:18+00:00
10446,1100158992,29574,2021-08-08 09:00:09+00:00
10447,1100158992,29573,2021-08-08 07:29:21+00:00
10448,1100158992,29570,2021-08-07 17:05:43+00:00
10449,1100158992,29569,2021-08-07 15:16:45+00:00
10450,1100158992,29567,2021-08-07 13:01:53+00:00
10451,1100158992,29565,2021-08-07 11:49:04+00:00
10452,1100158992,29560,2021-08-07 09:32:29+00:00
10453,1100158992,29555,2021-08-07 03:16:34+00:00
10454,1100158992,29554,2021-08-06 20:39:03+00:00
10455,1100158992,29551,2021-08-06 16:19:13+00:00
10456,1100158992,29546,2021-08-06 12:41:20+00:00
10457,1100158992,29544,2021-08-06 11:21:50+00:00
10458,1100158992,29542,2021-08-06 10:32:04+00:00
10459,1100158992,29541,2021-08-06 09:57:26+00:00
10460,1100158992,29540,2021-08-06 09:49:01+00:00
10461,1100158992,29538,2021-08-06 09:04:32+00:00
10462,1100158992,29535,2021-08-06 08:45:29+00:00
10463,1100158992,29532,2021-08-06 06:30:07+00:00
10464,1100158992,29526,2021-08-06 05:33:47+00:00
10465,1100158992,29524,2021-08-05 17:52:14+00:00
10466,1100158992,29522,2021-08-05 16:55:52+00:00
10467,1100158992,29520,2021-08-05 15:33:30+00:00
10468,1100158992,29513,2021-08-05 11:46:20+00:00
10469,1100158992,29511,2021-08-05 11:08:23+00:00
10470,1100158992,29501,2021-08-05 06:34:32+00:00
10471,1100158992,29500,2021-08-05 05:50:44+00:00
10472,1100158992,29498,2021-08-05 01:29:43+00:00
10473,1100158992,29497,2021-08-04 20:29:24+00:00
10474,1100158992,29494,2021-08-04 18:00:03+00:00
10475,1100158992,29493,2021-08-04 17:20:24+00:00
10476,1100158992,29492,2021-08-04 16:32:05+00:00
10477,1100158992,29486,2021-08-04 14:57:50+00:00
10478,1100158992,29484,2021-08-04 14:15:00+00:00
10479,1100158992,29483,2021-08-04 13:50:21+00:00
10480,1100158992,29481,2021-08-04 13:02:34+00:00
10481,1100158992,29479,2021-08-04 11:43:34+00:00
10482,1100158992,29475,2021-08-04 09:19:55+00:00
10483,1100158992,29473,2021-08-04 09:01:28+00:00
10484,1100158992,29470,2021-08-04 07:43:31+00:00
10485,1100158992,29469,2021-08-04 06:50:11+00:00
10486,1100158992,29464,2021-08-03 18:00:29+00:00
10487,1100158992,29461,2021-08-03 16:20:02+00:00
10488,1100158992,29449,2021-08-03 10:06:31+00:00
10489,1100158992,29446,2021-08-03 08:28:33+00:00
10490,1100158992,29438,2021-08-02 18:04:16+00:00
10491,1100158992,29428,2021-08-02 12:44:31+00:00
10492,1100158992,29424,2021-08-02 11:57:16+00:00
10493,1100158992,29420,2021-08-02 10:40:08+00:00
10494,1100158992,29419,2021-08-02 10:20:53+00:00
10495,1100158992,29417,2021-08-02 09:44:58+00:00
10496,1100158992,29416,2021-08-02 09:42:25+00:00
10497,1100158992,29415,2021-08-02 09:12:12+00:00
10498,1100158992,29414,2021-08-02 08:44:16+00:00
10499,1100158992,29412,2021-08-02 08:14:21+00:00
10500,1100158992,29411,2021-08-02 07:30:16+00:00
10501,1100158992,29410,2021-08-02 07:13:37+00:00
10502,1100158992,29407,2021-08-01 19:47:04+00:00
10503,1100158992,29401,2021-08-01 13:55:19+00:00
10504,1100158992,29398,2021-08-01 12:00:38+00:00
10505,1100158992,29397,2021-08-01 11:20:18+00:00
10506,1100158992,29395,2021-08-01 10:03:01+00:00
10507,1100158992,29393,2021-08-01 10:00:13+00:00
10508,1100158992,29390,2021-08-01 07:54:11+00:00
10509,1100158992,29385,2021-07-31 19:17:19+00:00
10510,1100158992,29379,2021-07-31 12:31:53+00:00
10511,1100158992,29378,2021-07-31 12:03:19+00:00
10512,1100158992,29375,2021-07-31 09:52:05+00:00
10513,1100158992,29374,2021-07-31 08:50:50+00:00
10514,1100158992,29371,2021-07-31 06:26:03+00:00
10515,1100158992,29370,2021-07-31 05:03:12+00:00
10516,1100158992,29357,2021-07-30 11:28:59+00:00
10517,1100158992,29356,2021-07-30 10:45:16+00:00
10518,1100158992,29355,2021-07-30 10:39:35+00:00
10519,1100158992,29350,2021-07-30 08:01:27+00:00
10520,1100158992,29345,2021-07-30 06:30:02+00:00
10521,1100158992,29342,2021-07-30 02:05:09+00:00
10522,1100158992,29339,2021-07-29 17:00:17+00:00
10523,1100158992,29336,2021-07-29 14:00:15+00:00
10524,1100158992,29334,2021-07-29 12:58:22+00:00
10525,1100158992,29329,2021-07-29 12:21:15+00:00
10526,1100158992,29324,2021-07-29 09:06:26+00:00
10527,1100158992,29323,2021-07-29 07:19:42+00:00
10528,1100158992,29319,2021-07-29 02:53:43+00:00
10529,1100158992,29313,2021-07-28 19:15:59+00:00
10530,1100158992,29311,2021-07-28 16:41:51+00:00
10531,1100158992,29306,2021-07-28 14:08:43+00:00
10532,1100158992,29305,2021-07-28 13:54:31+00:00
10533,1100158992,29304,2021-07-28 13:19:30+00:00
10534,1100158992,29296,2021-07-28 12:00:00+00:00
10535,1100158992,29293,2021-07-28 11:11:37+00:00
10536,1100158992,29291,2021-07-28 10:34:04+00:00
10537,1100158992,29281,2021-07-28 07:18:28+00:00
10538,1100158992,29275,2021-07-28 05:45:06+00:00
10539,1100158992,29273,2021-07-28 01:57:57+00:00
10540,1100158992,29271,2021-07-27 21:54:54+00:00
10541,1100158992,29267,2021-07-27 16:15:10+00:00
10542,1100158992,29261,2021-07-27 15:44:58+00:00
10543,1100158992,29258,2021-07-27 13:01:59+00:00
10544,1100158992,29248,2021-07-27 11:46:25+00:00
10545,1100158992,29247,2021-07-27 10:13:57+00:00
10546,1100158992,29245,2021-07-27 09:02:36+00:00
10547,1100158992,29244,2021-07-27 08:40:53+00:00
10548,1100158992,29239,2021-07-27 07:04:21+00:00
10549,1100158992,29237,2021-07-27 06:54:23+00:00
10550,1100158992,29235,2021-07-27 02:57:41+00:00
10551,1100158992,29233,2021-07-26 23:28:49+00:00
10552,1100158992,29227,2021-07-26 13:16:14+00:00
10553,1100158992,29226,2021-07-26 13:06:45+00:00
10554,1100158992,29222,2021-07-26 12:00:06+00:00
10555,1100158992,29220,2021-07-26 11:32:23+00:00
10556,1100158992,29217,2021-07-26 10:33:13+00:00
10557,1100158992,29215,2021-07-26 09:38:20+00:00
10558,1100158992,29193,2021-07-25 11:32:12+00:00
10559,1100158992,29192,2021-07-25 11:12:03+00:00
10560,1100158992,29187,2021-07-25 10:11:08+00:00
10561,1100158992,29185,2021-07-25 07:57:24+00:00
10562,1100158992,29183,2021-07-25 07:12:17+00:00
10563,1100158992,29181,2021-07-25 02:45:01+00:00
10564,1100158992,29180,2021-07-24 23:01:49+00:00
10565,1100158992,29179,2021-07-24 18:41:29+00:00
10566,1100158992,29177,2021-07-24 15:42:21+00:00
10567,1100158992,29175,2021-07-24 11:40:51+00:00
10568,1100158992,29172,2021-07-24 10:13:03+00:00
10569,1100158992,29169,2021-07-24 07:47:42+00:00
10570,1100158992,29163,2021-07-23 21:06:52+00:00
10571,1100158992,29161,2021-07-23 20:23:36+00:00
10572,1100158992,29156,2021-07-23 19:10:37+00:00
10573,1100158992,29147,2021-07-23 13:30:18+00:00
10574,1100158992,29144,2021-07-23 11:24:09+00:00
10575,1100158992,29139,2021-07-23 09:21:41+00:00
10576,1100158992,29138,2021-07-23 09:00:01+00:00
10577,1100158992,29125,2021-07-22 18:00:26+00:00
10578,1100158992,29118,2021-07-22 13:30:15+00:00
10579,1100158992,29116,2021-07-22 12:35:46+00:00
10580,1100158992,29110,2021-07-22 10:00:01+00:00
10581,1100158992,29106,2021-07-22 08:16:19+00:00
10582,1100158992,29100,2021-07-22 06:34:49+00:00
10583,1100158992,29086,2021-07-21 13:28:48+00:00
10584,1100158992,29077,2021-07-21 08:27:15+00:00
10585,1100158992,29074,2021-07-21 05:40:04+00:00
10586,1100158992,29068,2021-07-20 15:58:16+00:00
10587,1100158992,29057,2021-07-20 13:35:54+00:00
10588,1100158992,29056,2021-07-20 13:24:35+00:00
10589,1100158992,29027,2021-07-19 20:55:07+00:00
10590,1100158992,29022,2021-07-19 17:11:32+00:00
10591,1100158992,29014,2021-07-19 13:20:33+00:00
10592,1100158992,29013,2021-07-19 12:45:14+00:00
10593,1100158992,29008,2021-07-19 11:47:05+00:00
10594,1100158992,29007,2021-07-19 11:15:20+00:00
10595,1100158992,29003,2021-07-19 10:15:01+00:00
10596,1100158992,28997,2021-07-18 20:26:06+00:00
10597,1100158992,28996,2021-07-18 19:59:05+00:00
10598,1100158992,28986,2021-07-18 12:30:42+00:00
10599,1100158992,28983,2021-07-18 10:52:11+00:00
10600,1100158992,28981,2021-07-18 10:44:02+00:00
10601,1100158992,28976,2021-07-18 08:33:31+00:00
10602,1100158992,28974,2021-07-18 06:00:33+00:00
10603,1100158992,28972,2021-07-18 02:10:47+00:00
10604,1100158992,28969,2021-07-17 19:30:07+00:00
10605,1100158992,28966,2021-07-17 18:01:33+00:00
10606,1100158992,28965,2021-07-17 17:30:23+00:00
10607,1100158992,28962,2021-07-17 13:42:59+00:00
10608,1100158992,28961,2021-07-17 12:53:01+00:00
10609,1100158992,28959,2021-07-17 11:29:01+00:00
10610,1100158992,28956,2021-07-17 10:00:10+00:00
10611,1100158992,28955,2021-07-17 09:10:03+00:00
10612,1100158992,28950,2021-07-17 07:07:41+00:00
10613,1100158992,28943,2021-07-16 17:22:13+00:00
10614,1100158992,28925,2021-07-16 12:31:29+00:00
10615,1100158992,28915,2021-07-16 11:09:36+00:00
10616,1100158992,28900,2021-07-16 07:06:15+00:00
10617,1100158992,28899,2021-07-16 06:39:04+00:00
10618,1100158992,28898,2021-07-16 06:03:22+00:00
10619,1100158992,28897,2021-07-16 05:35:22+00:00
10620,1100158992,28896,2021-07-16 05:17:58+00:00
10621,1100158992,28894,2021-07-15 18:49:14+00:00
10622,1100158992,28891,2021-07-15 18:03:01+00:00
10623,1100158992,28882,2021-07-15 14:42:23+00:00
10624,1100158992,28859,2021-07-15 10:16:34+00:00
10625,1100158992,28850,2021-07-15 06:34:45+00:00
10626,1100158992,28847,2021-07-14 16:16:02+00:00
10627,1100158992,28834,2021-07-14 15:05:12+00:00
10628,1100158992,28833,2021-07-14 14:09:47+00:00
10629,1100158992,28832,2021-07-14 13:37:36+00:00
10630,1100158992,28825,2021-07-14 10:38:48+00:00
10631,1100158992,28821,2021-07-14 09:20:39+00:00
10632,1100158992,28818,2021-07-14 06:50:00+00:00
10633,1100158992,28811,2021-07-14 06:07:26+00:00
10634,1100158992,28800,2021-07-13 17:00:12+00:00
10635,1100158992,28798,2021-07-13 16:30:56+00:00
10636,1100158992,28794,2021-07-13 14:15:55+00:00
10637,1100158992,28793,2021-07-13 13:36:22+00:00
10638,1100158992,28784,2021-07-13 11:24:36+00:00
10639,1100158992,28772,2021-07-13 10:30:35+00:00
10640,1100158992,28767,2021-07-13 09:59:37+00:00
10641,1100158992,28764,2021-07-13 08:58:17+00:00
10642,1100158992,28754,2021-07-12 21:50:32+00:00
10643,1100158992,28752,2021-07-12 19:24:55+00:00
10644,1100158992,28751,2021-07-12 19:13:23+00:00
10645,1100158992,28749,2021-07-12 16:00:11+00:00
10646,1100158992,28748,2021-07-12 14:47:56+00:00
10647,1100158992,28746,2021-07-12 12:22:37+00:00
10648,1100158992,28744,2021-07-12 11:39:17+00:00
10649,1100158992,28740,2021-07-12 09:55:00+00:00
10650,1100158992,28732,2021-07-11 21:54:45+00:00
10651,1100158992,28729,2021-07-11 19:08:40+00:00
10652,1100158992,28727,2021-07-11 18:35:13+00:00
10653,1100158992,28717,2021-07-11 09:29:29+00:00
10654,1100158992,28713,2021-07-11 06:24:43+00:00
10655,1100158992,28712,2021-07-11 06:06:43+00:00
10656,1100158992,28710,2021-07-10 21:50:37+00:00
10657,1100158992,28699,2021-07-10 10:32:13+00:00
10658,1100158992,28696,2021-07-10 05:50:30+00:00
10659,1100158992,28695,2021-07-09 18:51:34+00:00
10660,1100158992,28694,2021-07-09 14:36:38+00:00
10661,1100158992,28693,2021-07-09 13:41:04+00:00
10662,1100158992,28692,2021-07-09 12:28:24+00:00
10663,1100158992,28691,2021-07-09 11:44:17+00:00
10664,1100158992,28681,2021-07-09 08:19:09+00:00
10665,1100158992,28676,2021-07-08 17:00:20+00:00
10666,1100158992,28658,2021-07-07 23:50:29+00:00
10667,1100158992,28655,2021-07-07 16:11:20+00:00
10668,1100158992,28647,2021-07-07 10:53:49+00:00
10669,1100158992,28645,2021-07-07 09:39:47+00:00
10670,1100158992,28643,2021-07-07 09:17:42+00:00
10671,1100158992,28628,2021-07-06 21:40:28+00:00
10672,1100158992,28627,2021-07-06 19:14:35+00:00
10673,1100158992,28626,2021-07-06 17:30:18+00:00
10674,1100158992,28622,2021-07-06 15:41:42+00:00
10675,1100158992,28601,2021-07-06 06:43:56+00:00
10676,1100158992,28594,2021-07-05 21:51:55+00:00
10677,1100158992,28587,2021-07-05 16:45:58+00:00
10678,1100158992,28586,2021-07-05 16:06:09+00:00
10679,1100158992,28582,2021-07-05 13:13:00+00:00
10680,1100158992,28569,2021-07-05 08:43:04+00:00
10681,1100158992,28559,2021-07-05 04:52:51+00:00
10682,1100158992,28553,2021-07-04 15:20:23+00:00
10683,1100158992,28551,2021-07-04 15:00:01+00:00
10684,1100158992,28548,2021-07-04 12:29:27+00:00
10685,1100158992,28546,2021-07-04 10:33:16+00:00
10686,1100158992,28544,2021-07-04 08:47:34+00:00
10687,1100158992,28541,2021-07-04 06:31:00+00:00
10688,1100158992,28532,2021-07-03 18:20:07+00:00
10689,1100158992,28529,2021-07-03 16:35:40+00:00
10690,1100158992,28522,2021-07-03 12:46:10+00:00
10691,1100158992,28520,2021-07-03 11:54:48+00:00
10692,1100158992,28518,2021-07-03 11:08:17+00:00
10693,1100158992,28517,2021-07-03 09:40:16+00:00
10694,1100158992,28504,2021-07-02 13:33:15+00:00
10695,1100158992,28503,2021-07-02 12:56:06+00:00
10696,1100158992,28496,2021-07-02 09:29:24+00:00
10697,1100158992,28493,2021-07-02 08:52:00+00:00
10698,1100158992,28487,2021-07-02 06:26:10+00:00
10699,1100158992,28486,2021-07-02 06:05:39+00:00
10700,1100158992,28480,2021-07-01 13:13:15+00:00
10701,1100158992,28476,2021-07-01 11:15:15+00:00
10702,1100158992,28475,2021-07-01 10:52:41+00:00
10703,1100158992,28474,2021-07-01 09:48:48+00:00
10704,1100158992,28473,2021-07-01 09:00:11+00:00
10705,1100158992,28471,2021-07-01 07:30:11+00:00
10706,1100158992,28470,2021-07-01 07:00:17+00:00
10707,1100158992,28462,2021-06-30 16:59:55+00:00
10708,1100158992,28458,2021-06-30 13:54:49+00:00
10709,1100158992,28450,2021-06-30 12:19:54+00:00
10710,1100158992,28442,2021-06-30 10:47:25+00:00
10711,1100158992,28441,2021-06-30 10:40:56+00:00
10712,1100158992,28435,2021-06-30 09:43:41+00:00
10713,1100158992,28434,2021-06-30 09:43:02+00:00
10714,1100158992,28433,2021-06-30 09:30:46+00:00
10715,1100158992,28426,2021-06-30 08:12:23+00:00
10716,1100158992,28416,2021-06-29 21:41:14+00:00
10717,1100158992,28415,2021-06-29 21:34:43+00:00
10718,1100158992,28391,2021-06-29 08:29:10+00:00
10719,1100158992,28386,2021-06-28 18:48:06+00:00
10720,1100158992,28367,2021-06-28 10:59:42+00:00
10721,1100158992,28361,2021-06-28 08:42:05+00:00
10722,1100158992,28347,2021-06-27 16:57:08+00:00
10723,1100158992,28342,2021-06-27 14:04:50+00:00
10724,1100158992,28340,2021-06-27 12:17:18+00:00
10725,1100158992,28336,2021-06-27 07:46:31+00:00
10726,1100158992,28331,2021-06-26 17:45:11+00:00
10727,1100158992,28329,2021-06-26 16:14:51+00:00
10728,1100158992,28327,2021-06-26 13:23:38+00:00
10729,1100158992,28318,2021-06-26 09:44:49+00:00
10730,1100158992,28313,2021-06-26 08:18:56+00:00
10731,1100158992,28308,2021-06-26 06:30:19+00:00
10732,1100158992,28306,2021-06-25 21:42:47+00:00
10733,1100158992,28300,2021-06-25 16:43:46+00:00
10734,1100158992,28296,2021-06-25 14:48:58+00:00
10735,1100158992,28295,2021-06-25 13:27:19+00:00
10736,1100158992,28293,2021-06-25 12:30:00+00:00
10737,1100158992,28285,2021-06-25 08:42:55+00:00
10738,1100158992,28283,2021-06-25 08:00:01+00:00
10739,1100158992,28278,2021-06-25 05:32:25+00:00
10740,1100158992,28277,2021-06-24 18:23:31+00:00
10741,1100158992,28270,2021-06-24 17:35:19+00:00
10742,1100158992,28268,2021-06-24 15:25:02+00:00
10743,1100158992,28257,2021-06-24 09:10:01+00:00
10744,1100158992,28256,2021-06-24 08:58:37+00:00
10745,1100158992,28250,2021-06-24 06:19:59+00:00
10746,1100158992,28249,2021-06-24 05:00:30+00:00
10747,1100158992,28247,2021-06-23 21:05:50+00:00
10748,1100158992,28244,2021-06-23 16:33:12+00:00
10749,1100158992,28240,2021-06-23 14:31:43+00:00
10750,1100158992,28236,2021-06-23 13:39:44+00:00
10751,1100158992,28233,2021-06-23 12:47:08+00:00
10752,1100158992,28228,2021-06-23 10:36:38+00:00
10753,1100158992,28209,2021-06-22 11:30:18+00:00
10754,1100158992,28207,2021-06-22 09:19:59+00:00
10755,1100158992,28204,2021-06-22 08:19:20+00:00
10756,1100158992,28195,2021-06-21 20:41:32+00:00
10757,1100158992,28190,2021-06-21 16:16:45+00:00
10758,1100158992,28185,2021-06-21 14:24:32+00:00
10759,1100158992,28184,2021-06-21 14:10:46+00:00
10760,1100158992,28174,2021-06-21 08:24:44+00:00
10761,1100158992,28171,2021-06-20 15:43:19+00:00
10762,1050820672,91884,2021-11-30 17:46:21+00:00
10763,1050820672,91870,2021-11-30 16:53:20+00:00
10764,1050820672,91859,2021-11-30 15:40:55+00:00
10765,1050820672,91857,2021-11-30 15:39:58+00:00
10766,1050820672,91814,2021-11-30 14:07:20+00:00
10767,1050820672,91625,2021-11-30 07:29:48+00:00
10768,1050820672,91552,2021-11-29 17:50:53+00:00
10769,1050820672,91466,2021-11-29 11:46:34+00:00
10770,1050820672,91348,2021-11-29 03:31:21+00:00
10771,1050820672,91220,2021-11-28 04:37:15+00:00
10772,1050820672,91005,2021-11-26 16:25:44+00:00
10773,1050820672,90825,2021-11-26 09:33:30+00:00
10774,1050820672,90806,2021-11-26 08:42:06+00:00
10775,1050820672,90785,2021-11-26 08:00:10+00:00
10776,1050820672,90773,2021-11-26 07:41:44+00:00
10777,1050820672,90756,2021-11-26 07:06:51+00:00
10778,1050820672,90649,2021-11-25 14:00:52+00:00
10779,1050820672,90588,2021-11-25 10:52:38+00:00
10780,1050820672,90482,2021-11-25 05:35:16+00:00
10781,1050820672,90384,2021-11-24 14:03:49+00:00
10782,1050820672,90364,2021-11-24 13:24:59+00:00
10783,1050820672,90330,2021-11-24 11:56:42+00:00
10784,1050820672,90317,2021-11-24 10:46:55+00:00
10785,1050820672,90255,2021-11-24 07:31:31+00:00
10786,1050820672,90252,2021-11-24 07:25:55+00:00
10787,1050820672,90167,2021-11-23 16:58:14+00:00
10788,1050820672,90139,2021-11-23 14:24:07+00:00
10789,1050820672,90029,2021-11-23 09:46:23+00:00
10790,1050820672,90017,2021-11-23 09:15:20+00:00
10791,1050820672,90004,2021-11-23 08:26:40+00:00
10792,1050820672,89974,2021-11-23 03:44:12+00:00
10793,1050820672,89971,2021-11-23 01:01:50+00:00
10794,1050820672,89948,2021-11-22 19:30:55+00:00
10795,1050820672,89917,2021-11-22 17:45:11+00:00
10796,1050820672,89756,2021-11-22 09:12:51+00:00
10797,1050820672,89744,2021-11-22 08:49:18+00:00
10798,1050820672,89741,2021-11-22 08:38:52+00:00
10799,1050820672,89730,2021-11-22 07:55:43+00:00
10800,1050820672,89723,2021-11-22 07:34:29+00:00
10801,1050820672,89676,2021-11-21 19:31:02+00:00
10802,1050820672,89662,2021-11-21 17:00:31+00:00
10803,1050820672,89652,2021-11-21 16:32:10+00:00
10804,1050820672,89649,2021-11-21 15:40:35+00:00
10805,1050820672,89620,2021-11-21 11:04:28+00:00
10806,1050820672,89568,2021-11-20 20:31:52+00:00
10807,1050820672,89564,2021-11-20 19:44:18+00:00
10808,1050820672,89525,2021-11-20 13:50:45+00:00
10809,1050820672,89516,2021-11-20 11:53:35+00:00
10810,1050820672,89504,2021-11-20 10:13:55+00:00
10811,1050820672,89493,2021-11-20 08:51:39+00:00
10812,1050820672,89486,2021-11-20 08:29:46+00:00
10813,1050820672,89482,2021-11-20 07:49:33+00:00
10814,1050820672,89477,2021-11-20 06:01:04+00:00
10815,1050820672,89421,2021-11-19 17:42:52+00:00
10816,1050820672,89396,2021-11-19 16:35:37+00:00
10817,1050820672,89393,2021-11-19 16:19:56+00:00
10818,1050820672,89348,2021-11-19 12:35:08+00:00
10819,1050820672,89324,2021-11-19 11:18:11+00:00
10820,1050820672,89239,2021-11-19 00:30:39+00:00
10821,1050820672,89114,2021-11-18 13:36:21+00:00
10822,1050820672,89100,2021-11-18 13:25:23+00:00
10823,1050820672,89005,2021-11-18 07:44:49+00:00
10824,1050820672,89002,2021-11-18 07:28:03+00:00
10825,1050820672,88967,2021-11-18 03:56:06+00:00
10826,1050820672,88938,2021-11-17 17:30:20+00:00
10827,1050820672,88855,2021-11-17 12:06:37+00:00
10828,1050820672,88848,2021-11-17 11:50:09+00:00
10829,1050820672,88817,2021-11-17 10:44:29+00:00
10830,1050820672,88808,2021-11-17 10:12:43+00:00
10831,1050820672,88751,2021-11-17 07:51:40+00:00
10832,1050820672,88654,2021-11-16 15:02:57+00:00
10833,1050820672,88596,2021-11-16 11:23:34+00:00
10834,1050820672,88492,2021-11-16 07:48:51+00:00
10835,1050820672,88370,2021-11-15 16:18:28+00:00
10836,1050820672,88280,2021-11-15 11:24:22+00:00
10837,1050820672,88245,2021-11-15 09:52:46+00:00
10838,1050820672,88244,2021-11-15 09:50:23+00:00
10839,1050820672,88193,2021-11-15 07:36:45+00:00
10840,1050820672,88147,2021-11-14 21:31:40+00:00
10841,1050820672,88065,2021-11-14 12:06:14+00:00
10842,1050820672,88018,2021-11-14 09:02:30+00:00
10843,1050820672,87899,2021-11-13 11:06:12+00:00
10844,1050820672,87846,2021-11-13 01:07:40+00:00
10845,1050820672,87844,2021-11-13 00:30:38+00:00
10846,1050820672,87798,2021-11-12 17:00:02+00:00
10847,1050820672,87711,2021-11-12 12:40:01+00:00
10848,1050820672,87645,2021-11-12 09:57:28+00:00
10849,1050820672,87626,2021-11-12 09:31:39+00:00
10850,1050820672,87521,2021-11-11 18:49:30+00:00
10851,1050820672,87504,2021-11-11 17:20:30+00:00
10852,1050820672,87493,2021-11-11 15:41:06+00:00
10853,1050820672,87484,2021-11-11 15:09:44+00:00
10854,1050820672,87422,2021-11-11 10:54:34+00:00
10855,1050820672,87403,2021-11-11 10:11:04+00:00
10856,1050820672,87330,2021-11-11 06:25:58+00:00
10857,1050820672,87224,2021-11-10 14:55:13+00:00
10858,1050820672,87174,2021-11-10 12:46:41+00:00
10859,1050820672,87110,2021-11-10 10:01:48+00:00
10860,1050820672,87002,2021-11-10 02:11:34+00:00
10861,1050820672,86937,2021-11-09 13:48:08+00:00
10862,1050820672,86925,2021-11-09 12:45:24+00:00
10863,1050820672,86900,2021-11-09 11:44:41+00:00
10864,1050820672,86830,2021-11-09 08:44:19+00:00
10865,1050820672,86822,2021-11-09 08:10:31+00:00
10866,1050820672,86819,2021-11-09 08:01:39+00:00
10867,1050820672,86815,2021-11-09 07:50:26+00:00
10868,1050820672,86670,2021-11-08 11:34:32+00:00
10869,1050820672,86655,2021-11-08 10:45:04+00:00
10870,1050820672,86571,2021-11-07 17:45:52+00:00
10871,1050820672,86561,2021-11-07 16:53:08+00:00
10872,1050820672,86499,2021-11-07 10:30:06+00:00
10873,1050820672,86493,2021-11-07 09:35:13+00:00
10874,1050820672,86467,2021-11-06 19:24:43+00:00
10875,1050820672,86174,2021-11-04 16:30:45+00:00
10876,1050820672,86145,2021-11-04 13:13:19+00:00
10877,1050820672,86124,2021-11-04 08:39:56+00:00
10878,1050820672,86109,2021-11-04 01:40:55+00:00
10879,1050820672,86059,2021-11-03 17:45:57+00:00
10880,1050820672,86014,2021-11-03 15:08:42+00:00
10881,1050820672,85921,2021-11-03 10:41:43+00:00
10882,1050820672,85884,2021-11-03 08:43:02+00:00
10883,1050820672,85873,2021-11-03 07:34:46+00:00
10884,1050820672,85780,2021-11-02 16:07:05+00:00
10885,1050820672,85777,2021-11-02 15:48:06+00:00
10886,1050820672,85744,2021-11-02 12:42:09+00:00
10887,1050820672,85741,2021-11-02 12:25:33+00:00
10888,1050820672,85735,2021-11-02 11:49:44+00:00
10889,1050820672,85711,2021-11-02 10:54:00+00:00
10890,1050820672,85706,2021-11-02 10:20:28+00:00
10891,1050820672,85677,2021-11-02 09:05:41+00:00
10892,1050820672,85640,2021-11-02 06:01:26+00:00
10893,1050820672,85499,2021-11-01 10:01:09+00:00
10894,1050820672,85492,2021-11-01 09:50:01+00:00
10895,1050820672,85490,2021-11-01 09:48:43+00:00
10896,1050820672,85485,2021-11-01 09:30:48+00:00
10897,1050820672,85483,2021-11-01 09:26:56+00:00
10898,1050820672,85475,2021-11-01 09:07:52+00:00
10899,1050820672,85362,2021-10-31 09:45:01+00:00
10900,1050820672,85358,2021-10-31 08:58:21+00:00
10901,1050820672,85354,2021-10-31 08:12:48+00:00
10902,1050820672,85299,2021-10-30 17:16:01+00:00
10903,1050820672,85291,2021-10-30 16:11:59+00:00
10904,1050820672,85268,2021-10-30 14:19:12+00:00
10905,1050820672,85256,2021-10-30 13:11:38+00:00
10906,1050820672,85217,2021-10-30 09:45:06+00:00
10907,1050820672,85204,2021-10-30 07:35:20+00:00
10908,1050820672,85200,2021-10-30 06:07:59+00:00
10909,1050820672,85156,2021-10-29 17:31:58+00:00
10910,1050820672,85147,2021-10-29 16:45:03+00:00
10911,1050820672,85029,2021-10-29 10:56:03+00:00
10912,1050820672,85007,2021-10-29 10:05:53+00:00
10913,1050820672,84999,2021-10-29 09:53:45+00:00
10914,1050820672,84990,2021-10-29 09:45:11+00:00
10915,1050820672,84966,2021-10-29 08:45:11+00:00
10916,1050820672,84951,2021-10-29 07:44:05+00:00
10917,1050820672,84819,2021-10-28 11:54:30+00:00
10918,1050820672,84767,2021-10-28 09:36:02+00:00
10919,1050820672,84691,2021-10-27 23:23:37+00:00
10920,1050820672,84671,2021-10-27 18:50:20+00:00
10921,1050820672,84606,2021-10-27 13:10:20+00:00
10922,1050820672,84580,2021-10-27 12:02:07+00:00
10923,1050820672,84533,2021-10-27 09:27:21+00:00
10924,1050820672,84418,2021-10-26 16:39:19+00:00
10925,1050820672,84341,2021-10-26 12:25:04+00:00
10926,1050820672,84332,2021-10-26 11:53:51+00:00
10927,1050820672,84251,2021-10-26 07:40:51+00:00
10928,1050820672,84225,2021-10-25 23:15:19+00:00
10929,1050820672,84172,2021-10-25 18:01:54+00:00
10930,1050820672,83924,2021-10-24 16:14:07+00:00
10931,1050820672,83923,2021-10-24 16:05:25+00:00
10932,1050820672,83916,2021-10-24 13:20:07+00:00
10933,1050820672,83911,2021-10-24 13:00:02+00:00
10934,1050820672,83906,2021-10-24 12:07:18+00:00
10935,1050820672,83894,2021-10-24 10:56:19+00:00
10936,1050820672,83835,2021-10-23 17:00:04+00:00
10937,1050820672,83804,2021-10-23 08:50:55+00:00
10938,1050820672,83728,2021-10-22 17:36:20+00:00
10939,1050820672,83714,2021-10-22 17:05:16+00:00
10940,1050820672,83708,2021-10-22 16:23:43+00:00
10941,1050820672,83622,2021-10-22 12:05:07+00:00
10942,1050820672,83575,2021-10-22 09:46:29+00:00
10943,1050820672,83561,2021-10-22 09:01:45+00:00
10944,1050820672,83448,2021-10-21 18:29:14+00:00
10945,1050820672,83427,2021-10-21 17:34:23+00:00
10946,1050820672,83384,2021-10-21 15:50:08+00:00
10947,1050820672,83372,2021-10-21 15:31:55+00:00
10948,1050820672,83318,2021-10-21 13:16:35+00:00
10949,1050820672,83157,2021-10-20 18:08:58+00:00
10950,1050820672,83147,2021-10-20 16:36:01+00:00
10951,1050820672,83128,2021-10-20 15:18:09+00:00
10952,1050820672,83066,2021-10-20 12:11:03+00:00
10953,1050820672,82975,2021-10-20 08:54:47+00:00
10954,1050820672,82970,2021-10-20 08:50:01+00:00
10955,1050820672,82946,2021-10-20 07:25:29+00:00
10956,1050820672,82944,2021-10-20 07:11:49+00:00
10957,1050820672,82831,2021-10-19 14:26:42+00:00
10958,1050820672,82807,2021-10-19 13:11:33+00:00
10959,1050820672,82775,2021-10-19 11:41:12+00:00
10960,1050820672,82676,2021-10-19 06:40:42+00:00
10961,1050820672,82617,2021-10-18 19:15:25+00:00
10962,1050820672,82586,2021-10-18 17:31:02+00:00
10963,1050820672,82524,2021-10-18 12:30:12+00:00
10964,1050820672,82435,2021-10-18 08:02:45+00:00
10965,1050820672,82357,2021-10-17 16:30:36+00:00
10966,1050820672,82349,2021-10-17 15:22:42+00:00
10967,1050820672,82337,2021-10-17 14:20:47+00:00
10968,1050820672,82335,2021-10-17 14:08:55+00:00
10969,1050820672,82252,2021-10-17 06:45:03+00:00
10970,1050820672,82251,2021-10-17 06:39:04+00:00
10971,1050820672,82048,2021-10-15 12:46:20+00:00
10972,1050820672,82020,2021-10-15 11:01:02+00:00
10973,1050820672,81996,2021-10-15 09:53:40+00:00
10974,1050820672,81988,2021-10-15 09:31:02+00:00
10975,1050820672,81874,2021-10-14 16:36:32+00:00
10976,1050820672,81855,2021-10-14 14:37:38+00:00
10977,1050820672,81852,2021-10-14 14:32:03+00:00
10978,1050820672,81830,2021-10-14 12:53:15+00:00
10979,1050820672,81828,2021-10-14 12:48:07+00:00
10980,1050820672,81819,2021-10-14 12:12:45+00:00
10981,1050820672,81810,2021-10-14 11:34:25+00:00
10982,1050820672,81727,2021-10-14 07:34:57+00:00
10983,1050820672,81667,2021-10-13 20:12:52+00:00
10984,1050820672,81642,2021-10-13 18:15:14+00:00
10985,1050820672,81638,2021-10-13 18:01:12+00:00
10986,1050820672,81623,2021-10-13 16:24:03+00:00
10987,1050820672,81614,2021-10-13 15:56:32+00:00
10988,1050820672,81608,2021-10-13 15:18:09+00:00
10989,1050820672,81586,2021-10-13 13:48:54+00:00
10990,1050820672,81527,2021-10-13 11:45:43+00:00
10991,1050820672,81457,2021-10-13 07:23:31+00:00
10992,1050820672,81316,2021-10-12 11:39:52+00:00
10993,1050820672,81284,2021-10-12 10:00:01+00:00
10994,1050820672,81163,2021-10-11 16:27:42+00:00
10995,1050820672,81100,2021-10-11 11:10:19+00:00
10996,1050820672,81097,2021-10-11 10:40:01+00:00
10997,1050820672,81068,2021-10-11 09:37:03+00:00
10998,1050820672,81065,2021-10-11 09:25:01+00:00
10999,1050820672,81061,2021-10-11 09:17:05+00:00
11000,1050820672,81037,2021-10-11 08:04:32+00:00
11001,1050820672,80978,2021-10-10 18:04:49+00:00
11002,1050820672,80941,2021-10-10 15:17:10+00:00
11003,1050820672,80932,2021-10-10 14:25:31+00:00
11004,1050820672,80909,2021-10-10 12:50:50+00:00
11005,1050820672,80889,2021-10-10 11:26:00+00:00
11006,1050820672,80883,2021-10-10 10:45:48+00:00
11007,1050820672,80813,2021-10-10 05:39:04+00:00
11008,1050820672,80812,2021-10-10 05:24:00+00:00
11009,1050820672,80765,2021-10-09 16:57:16+00:00
11010,1050820672,80748,2021-10-09 14:56:08+00:00
11011,1050820672,80715,2021-10-09 11:15:58+00:00
11012,1050820672,80663,2021-10-08 17:30:53+00:00
11013,1050820672,80574,2021-10-08 11:31:42+00:00
11014,1050820672,80556,2021-10-08 10:00:01+00:00
11015,1050820672,80523,2021-10-08 07:30:11+00:00
11016,1050820672,80442,2021-10-07 15:37:53+00:00
11017,1050820672,80396,2021-10-07 12:55:26+00:00
11018,1050820672,80316,2021-10-07 08:25:02+00:00
11019,1050820672,80277,2021-10-07 05:41:58+00:00
11020,1050820672,80235,2021-10-06 17:22:39+00:00
11021,1050820672,80143,2021-10-06 11:29:13+00:00
11022,1050820672,80010,2021-10-05 16:04:46+00:00
11023,1050820672,79910,2021-10-05 12:34:24+00:00
11024,1050820672,79831,2021-10-05 08:36:53+00:00
11025,1050820672,79810,2021-10-05 08:08:33+00:00
11026,1050820672,79805,2021-10-05 07:59:39+00:00
11027,1050820672,79769,2021-10-05 01:58:30+00:00
11028,1050820672,79724,2021-10-04 16:24:37+00:00
11029,1050820672,79697,2021-10-04 14:10:02+00:00
11030,1050820672,79671,2021-10-04 12:49:53+00:00
11031,1050820672,79606,2021-10-04 09:45:47+00:00
11032,1050820672,79576,2021-10-04 07:27:09+00:00
11033,1050820672,79570,2021-10-04 07:03:50+00:00
11034,1050820672,79451,2021-10-02 16:53:37+00:00
11035,1050820672,79449,2021-10-02 16:30:55+00:00
11036,1050820672,79445,2021-10-02 16:12:36+00:00
11037,1050820672,79416,2021-10-02 10:00:24+00:00
11038,1050820672,79356,2021-10-01 19:02:50+00:00
11039,1050820672,79279,2021-10-01 14:12:35+00:00
11040,1050820672,79273,2021-10-01 13:50:34+00:00
11041,1050820672,79192,2021-10-01 07:41:49+00:00
11042,1050820672,79183,2021-10-01 07:18:25+00:00
11043,1050820672,79122,2021-09-30 17:00:38+00:00
11044,1050820672,79082,2021-09-30 14:11:06+00:00
11045,1050820672,79043,2021-09-30 13:00:08+00:00
11046,1050820672,78984,2021-09-30 09:55:17+00:00
11047,1050820672,78886,2021-09-29 17:00:43+00:00
11048,1050820672,78880,2021-09-29 16:32:19+00:00
11049,1050820672,78758,2021-09-29 07:27:14+00:00
11050,1050820672,78693,2021-09-28 17:35:26+00:00
11051,1050820672,78632,2021-09-28 11:54:28+00:00
11052,1050820672,78574,2021-09-28 08:50:39+00:00
11053,1050820672,78565,2021-09-28 08:19:18+00:00
11054,1050820672,78489,2021-09-27 19:01:47+00:00
11055,1050820672,78473,2021-09-27 17:37:09+00:00
11056,1050820672,78410,2021-09-27 14:06:20+00:00
11057,1050820672,78359,2021-09-27 10:36:09+00:00
11058,1050820672,78241,2021-09-26 17:15:57+00:00
11059,1050820672,78108,2021-09-25 15:17:57+00:00
11060,1050820672,78086,2021-09-25 13:53:58+00:00
11061,1050820672,78083,2021-09-25 13:28:24+00:00
11062,1050820672,78077,2021-09-25 12:47:34+00:00
11063,1050820672,78004,2021-09-24 17:30:07+00:00
11064,1050820672,77913,2021-09-24 11:16:58+00:00
11065,1050820672,77911,2021-09-24 11:11:32+00:00
11066,1050820672,77842,2021-09-24 08:30:33+00:00
11067,1050820672,77745,2021-09-23 17:40:21+00:00
11068,1050820672,77727,2021-09-23 16:33:11+00:00
11069,1050820672,77679,2021-09-23 13:24:46+00:00
11070,1050820672,77633,2021-09-23 10:29:25+00:00
11071,1050820672,77622,2021-09-23 09:53:36+00:00
11072,1050820672,77591,2021-09-23 07:37:42+00:00
11073,1050820672,77554,2021-09-22 22:06:36+00:00
11074,1050820672,77529,2021-09-22 16:50:06+00:00
11075,1050820672,77521,2021-09-22 16:00:01+00:00
11076,1050820672,77519,2021-09-22 15:55:33+00:00
11077,1050820672,77411,2021-09-22 09:50:19+00:00
11078,1050820672,77401,2021-09-22 08:55:24+00:00
11079,1050820672,77300,2021-09-21 15:26:58+00:00
11080,1050820672,77284,2021-09-21 14:02:14+00:00
11081,1050820672,77211,2021-09-21 09:59:32+00:00
11082,1050820672,77194,2021-09-21 08:54:11+00:00
11083,1050820672,77159,2021-09-21 00:00:23+00:00
11084,1050820672,77149,2021-09-20 18:35:05+00:00
11085,1050820672,77039,2021-09-20 12:42:18+00:00
11086,1050820672,76967,2021-09-20 10:10:26+00:00
11087,1050820672,76918,2021-09-20 08:19:49+00:00
11088,1050820672,76773,2021-09-19 17:03:38+00:00
11089,1050820672,76762,2021-09-19 16:11:12+00:00
11090,1050820672,76738,2021-09-19 14:05:55+00:00
11091,1050820672,76720,2021-09-19 12:26:26+00:00
11092,1050820672,76715,2021-09-19 12:16:55+00:00
11093,1050820672,76707,2021-09-19 11:50:09+00:00
11094,1050820672,76702,2021-09-19 11:41:05+00:00
11095,1050820672,76693,2021-09-19 11:00:48+00:00
11096,1050820672,76677,2021-09-19 10:03:17+00:00
11097,1050820672,76662,2021-09-19 09:32:09+00:00
11098,1050820672,76655,2021-09-19 09:07:43+00:00
11099,1050820672,76649,2021-09-19 08:42:01+00:00
11100,1050820672,76615,2021-09-18 21:09:12+00:00
11101,1050820672,76589,2021-09-18 17:24:10+00:00
11102,1050820672,76576,2021-09-18 15:11:32+00:00
11103,1050820672,76558,2021-09-18 12:16:57+00:00
11104,1050820672,76556,2021-09-18 11:39:30+00:00
11105,1050820672,76538,2021-09-18 09:45:50+00:00
11106,1050820672,76526,2021-09-18 08:20:10+00:00
11107,1050820672,76464,2021-09-17 16:35:19+00:00
11108,1050820672,76418,2021-09-17 13:20:18+00:00
11109,1050820672,76402,2021-09-17 12:42:36+00:00
11110,1050820672,76337,2021-09-17 09:36:22+00:00
11111,1050820672,76316,2021-09-17 09:15:00+00:00
11112,1050820672,76306,2021-09-17 08:49:10+00:00
11113,1050820672,76258,2021-09-17 02:35:06+00:00
11114,1050820672,76112,2021-09-16 08:14:52+00:00
11115,1050820672,76027,2021-09-15 16:35:04+00:00
11116,1050820672,75851,2021-09-14 17:00:08+00:00
11117,1050820672,75839,2021-09-14 15:52:09+00:00
11118,1050820672,75801,2021-09-14 12:58:13+00:00
11119,1050820672,75741,2021-09-14 08:26:12+00:00
11120,1050820672,75726,2021-09-14 07:25:32+00:00
11121,1050820672,75715,2021-09-14 05:54:31+00:00
11122,1050820672,75704,2021-09-13 21:34:34+00:00
11123,1050820672,75680,2021-09-13 15:44:15+00:00
11124,1050820672,75673,2021-09-13 14:58:39+00:00
11125,1050820672,75660,2021-09-13 13:53:58+00:00
11126,1050820672,75659,2021-09-13 13:51:44+00:00
11127,1050820672,75611,2021-09-13 09:54:10+00:00
11128,1050820672,75557,2021-09-13 05:53:21+00:00
11129,1050820672,75546,2021-09-13 04:39:28+00:00
11130,1050820672,75542,2021-09-13 03:00:57+00:00
11131,1050820672,75499,2021-09-12 16:53:28+00:00
11132,1050820672,75480,2021-09-12 14:08:24+00:00
11133,1050820672,75432,2021-09-11 19:50:56+00:00
11134,1050820672,75330,2021-09-11 08:00:23+00:00
11135,1050820672,75300,2021-09-11 02:32:31+00:00
11136,1050820672,75285,2021-09-10 19:44:43+00:00
11137,1050820672,75272,2021-09-10 18:04:18+00:00
11138,1050820672,75234,2021-09-10 14:56:20+00:00
11139,1050820672,75126,2021-09-10 10:08:55+00:00
11140,1050820672,75085,2021-09-10 08:12:30+00:00
11141,1050820672,75038,2021-09-09 21:29:37+00:00
11142,1050820672,74967,2021-09-09 17:16:03+00:00
11143,1050820672,74921,2021-09-09 14:04:57+00:00
11144,1050820672,74910,2021-09-09 13:09:06+00:00
11145,1050820672,74869,2021-09-09 10:27:45+00:00
11146,1050820672,74860,2021-09-09 10:02:07+00:00
11147,1050820672,74851,2021-09-09 09:34:12+00:00
11148,1050820672,74827,2021-09-09 08:30:22+00:00
11149,1050820672,74813,2021-09-09 07:22:45+00:00
11150,1050820672,74775,2021-09-08 19:20:24+00:00
11151,1050820672,74747,2021-09-08 17:20:05+00:00
11152,1050820672,74738,2021-09-08 17:00:04+00:00
11153,1050820672,74704,2021-09-08 13:57:36+00:00
11154,1050820672,74689,2021-09-08 13:10:03+00:00
11155,1050820672,74688,2021-09-08 13:00:03+00:00
11156,1050820672,74673,2021-09-08 12:20:04+00:00
11157,1050820672,74611,2021-09-08 09:54:19+00:00
11158,1050820672,74602,2021-09-08 09:38:01+00:00
11159,1050820672,74550,2021-09-08 07:38:10+00:00
11160,1050820672,74543,2021-09-08 07:13:15+00:00
11161,1050820672,74482,2021-09-07 18:34:42+00:00
11162,1050820672,74477,2021-09-07 17:49:39+00:00
11163,1050820672,74437,2021-09-07 13:42:44+00:00
11164,1050820672,74415,2021-09-07 12:39:50+00:00
11165,1050820672,74404,2021-09-07 11:50:01+00:00
11166,1050820672,74383,2021-09-07 10:15:50+00:00
11167,1050820672,74300,2021-09-06 19:55:09+00:00
11168,1050820672,74294,2021-09-06 18:23:49+00:00
11169,1050820672,74290,2021-09-06 17:30:09+00:00
11170,1050820672,74281,2021-09-06 16:53:23+00:00
11171,1050820672,74278,2021-09-06 16:30:55+00:00
11172,1050820672,74247,2021-09-06 14:53:14+00:00
11173,1050820672,74243,2021-09-06 14:11:08+00:00
11174,1050820672,74237,2021-09-06 13:54:34+00:00
11175,1050820672,74228,2021-09-06 13:09:18+00:00
11176,1050820672,74147,2021-09-06 07:17:13+00:00
11177,1050820672,74066,2021-09-05 16:40:09+00:00
11178,1050820672,74054,2021-09-05 15:00:28+00:00
11179,1050820672,74046,2021-09-05 13:28:39+00:00
11180,1050820672,74030,2021-09-05 11:39:31+00:00
11181,1050820672,74025,2021-09-05 11:17:03+00:00
11182,1050820672,73962,2021-09-04 18:48:28+00:00
11183,1050820672,73924,2021-09-04 13:57:17+00:00
11184,1050820672,73918,2021-09-04 12:50:04+00:00
11185,1050820672,73910,2021-09-04 11:50:03+00:00
11186,1050820672,73869,2021-09-04 01:02:53+00:00
11187,1050820672,73829,2021-09-03 16:23:49+00:00
11188,1050820672,73750,2021-09-03 10:03:46+00:00
11189,1050820672,73737,2021-09-03 09:38:38+00:00
11190,1050820672,73732,2021-09-03 09:24:25+00:00
11191,1050820672,73689,2021-09-03 07:26:52+00:00
11192,1050820672,73660,2021-09-03 06:15:36+00:00
11193,1050820672,73629,2021-09-03 01:44:53+00:00
11194,1050820672,73603,2021-09-02 18:16:02+00:00
11195,1050820672,73464,2021-09-02 09:38:00+00:00
11196,1050820672,73418,2021-09-02 08:29:17+00:00
11197,1050820672,73300,2021-09-01 17:45:03+00:00
11198,1050820672,73277,2021-09-01 16:00:00+00:00
11199,1050820672,73274,2021-09-01 15:50:19+00:00
11200,1050820672,73223,2021-09-01 12:41:30+00:00
11201,1050820672,73081,2021-09-01 06:59:46+00:00
11202,1050820672,73069,2021-09-01 03:50:58+00:00
11203,1050820672,73051,2021-08-31 20:00:06+00:00
11204,1050820672,73050,2021-08-31 19:46:58+00:00
11205,1050820672,73017,2021-08-31 15:53:47+00:00
11206,1050820672,72999,2021-08-31 15:02:15+00:00
11207,1050820672,72959,2021-08-31 11:13:24+00:00
11208,1050820672,72951,2021-08-31 10:48:55+00:00
11209,1050820672,72940,2021-08-31 09:50:34+00:00
11210,1050820672,72893,2021-08-31 05:21:15+00:00
11211,1050820672,72838,2021-08-30 15:55:06+00:00
11212,1050820672,72792,2021-08-30 12:03:45+00:00
11213,1050820672,72745,2021-08-30 08:45:46+00:00
11214,1050820672,72704,2021-08-29 22:22:54+00:00
11215,1050820672,72685,2021-08-29 16:45:30+00:00
11216,1050820672,72535,2021-08-28 14:21:38+00:00
11217,1050820672,72444,2021-08-27 19:10:34+00:00
11218,1050820672,72428,2021-08-27 17:45:26+00:00
11219,1050820672,72342,2021-08-27 11:57:39+00:00
11220,1050820672,72294,2021-08-27 09:51:34+00:00
11221,1050820672,72267,2021-08-27 07:25:25+00:00
11222,1050820672,72194,2021-08-26 17:09:10+00:00
11223,1050820672,72147,2021-08-26 14:59:12+00:00
11224,1050820672,72143,2021-08-26 14:48:45+00:00
11225,1050820672,72120,2021-08-26 13:37:51+00:00
11226,1050820672,72115,2021-08-26 12:57:14+00:00
11227,1050820672,72098,2021-08-26 11:35:40+00:00
11228,1050820672,72095,2021-08-26 11:15:06+00:00
11229,1050820672,72076,2021-08-26 10:24:46+00:00
11230,1050820672,71990,2021-08-25 16:30:24+00:00
11231,1050820672,71861,2021-08-25 09:16:51+00:00
11232,1050820672,71842,2021-08-25 08:22:29+00:00
11233,1050820672,71757,2021-08-24 15:23:20+00:00
11234,1050820672,71709,2021-08-24 13:26:23+00:00
11235,1050820672,71701,2021-08-24 12:59:44+00:00
11236,1050820672,71687,2021-08-24 12:19:09+00:00
11237,1050820672,71671,2021-08-24 11:40:05+00:00
11238,1050820672,71647,2021-08-24 10:09:46+00:00
11239,1050820672,71609,2021-08-24 07:31:51+00:00
11240,1050820672,71537,2021-08-23 14:37:51+00:00
11241,1050820672,71529,2021-08-23 13:28:45+00:00
11242,1050820672,71496,2021-08-23 11:06:44+00:00
11243,1050820672,71493,2021-08-23 11:01:03+00:00
11244,1050820672,71470,2021-08-23 09:37:36+00:00
11245,1050820672,71438,2021-08-23 07:19:14+00:00
11246,1050820672,71428,2021-08-23 06:00:15+00:00
11247,1050820672,71399,2021-08-22 17:41:26+00:00
11248,1050820672,71391,2021-08-22 16:45:50+00:00
11249,1050820672,71390,2021-08-22 16:45:03+00:00
11250,1050820672,71326,2021-08-22 10:47:59+00:00
11251,1050820672,71295,2021-08-22 09:10:15+00:00
11252,1050820672,71209,2021-08-21 12:58:53+00:00
11253,1050820672,71202,2021-08-21 12:09:55+00:00
11254,1050820672,71066,2021-08-20 14:59:43+00:00
11255,1050820672,71049,2021-08-20 14:41:32+00:00
11256,1050820672,70998,2021-08-20 11:03:24+00:00
11257,1050820672,70978,2021-08-20 09:15:21+00:00
11258,1050820672,70935,2021-08-19 19:15:59+00:00
11259,1050820672,70932,2021-08-19 19:12:17+00:00
11260,1050820672,70911,2021-08-19 17:45:05+00:00
11261,1050820672,70842,2021-08-19 11:18:32+00:00
11262,1050820672,70840,2021-08-19 10:53:06+00:00
11263,1050820672,70814,2021-08-19 08:37:06+00:00
11264,1050820672,70801,2021-08-19 07:22:56+00:00
11265,1050820672,70781,2021-08-19 05:23:01+00:00
11266,1050820672,70753,2021-08-18 19:32:39+00:00
11267,1050820672,70715,2021-08-18 16:40:03+00:00
11268,1050820672,70700,2021-08-18 15:47:28+00:00
11269,1050820672,70684,2021-08-18 14:46:08+00:00
11270,1050820672,70606,2021-08-18 11:10:55+00:00
11271,1050820672,70571,2021-08-18 08:11:02+00:00
11272,1050820672,70570,2021-08-18 07:58:20+00:00
11273,1050820672,70504,2021-08-17 17:15:56+00:00
11274,1050820672,70474,2021-08-17 15:11:51+00:00
11275,1050820672,70462,2021-08-17 14:25:29+00:00
11276,1050820672,70429,2021-08-17 12:29:57+00:00
11277,1050820672,70413,2021-08-17 11:31:53+00:00
11278,1050820672,70405,2021-08-17 11:26:00+00:00
11279,1050820672,70344,2021-08-17 08:31:31+00:00
11280,1050820672,70342,2021-08-17 08:20:25+00:00
11281,1050820672,70238,2021-08-16 15:22:19+00:00
11282,1050820672,70173,2021-08-16 11:13:43+00:00
11283,1050820672,70144,2021-08-16 09:18:37+00:00
11284,1050820672,70141,2021-08-16 09:06:48+00:00
11285,1050820672,70041,2021-08-15 17:30:41+00:00
11286,1050820672,69984,2021-08-15 12:43:44+00:00
11287,1050820672,69974,2021-08-15 11:47:29+00:00
11288,1050820672,69965,2021-08-15 10:32:40+00:00
11289,1050820672,69725,2021-08-13 15:16:28+00:00
11290,1050820672,69716,2021-08-13 14:23:49+00:00
11291,1050820672,69714,2021-08-13 14:10:36+00:00
11292,1050820672,69705,2021-08-13 13:15:25+00:00
11293,1050820672,69694,2021-08-13 12:50:53+00:00
11294,1050820672,69658,2021-08-13 10:19:28+00:00
11295,1050820672,69630,2021-08-13 08:44:22+00:00
11296,1050820672,69571,2021-08-12 20:34:22+00:00
11297,1050820672,69540,2021-08-12 16:39:48+00:00
11298,1050820672,69500,2021-08-12 12:07:06+00:00
11299,1050820672,69486,2021-08-12 10:43:16+00:00
11300,1050820672,69474,2021-08-12 09:58:19+00:00
11301,1050820672,69441,2021-08-12 07:51:47+00:00
11302,1050820672,69425,2021-08-12 06:00:53+00:00
11303,1050820672,69409,2021-08-12 00:07:41+00:00
11304,1050820672,69302,2021-08-11 12:04:30+00:00
11305,1050820672,69280,2021-08-11 10:15:47+00:00
11306,1050820672,69253,2021-08-11 08:19:37+00:00
11307,1050820672,69252,2021-08-11 08:17:49+00:00
11308,1050820672,69241,2021-08-11 07:39:41+00:00
11309,1050820672,69194,2021-08-10 19:01:43+00:00
11310,1050820672,69184,2021-08-10 17:45:22+00:00
11311,1050820672,69091,2021-08-10 10:54:25+00:00
11312,1050820672,69059,2021-08-10 09:21:38+00:00
11313,1050820672,69047,2021-08-10 08:37:12+00:00
11314,1050820672,69031,2021-08-10 06:55:38+00:00
11315,1050820672,69011,2021-08-09 19:59:08+00:00
11316,1050820672,69000,2021-08-09 17:16:04+00:00
11317,1050820672,68976,2021-08-09 15:09:25+00:00
11318,1050820672,68956,2021-08-09 13:46:30+00:00
11319,1050820672,68856,2021-08-09 09:40:25+00:00
11320,1050820672,68796,2021-08-09 05:26:11+00:00
11321,1050820672,68793,2021-08-09 04:42:05+00:00
11322,1050820672,68782,2021-08-08 20:46:40+00:00
11323,1050820672,68777,2021-08-08 18:04:41+00:00
11324,1050820672,68755,2021-08-08 13:39:27+00:00
11325,1050820672,68745,2021-08-08 13:37:01+00:00
11326,1050820672,68727,2021-08-08 11:09:07+00:00
11327,1050820672,68720,2021-08-08 10:40:05+00:00
11328,1050820672,68665,2021-08-08 04:08:43+00:00
11329,1050820672,68639,2021-08-07 16:30:58+00:00
11330,1050820672,68637,2021-08-07 16:02:52+00:00
11331,1050820672,68626,2021-08-07 15:19:00+00:00
11332,1050820672,68476,2021-08-06 16:46:01+00:00
11333,1050820672,68460,2021-08-06 15:57:20+00:00
11334,1050820672,68446,2021-08-06 14:45:40+00:00
11335,1050820672,68435,2021-08-06 13:46:48+00:00
11336,1050820672,68345,2021-08-06 10:24:38+00:00
11337,1050820672,68340,2021-08-06 10:09:05+00:00
11338,1050820672,68336,2021-08-06 10:00:20+00:00
11339,1050820672,68330,2021-08-06 09:45:49+00:00
11340,1050820672,68306,2021-08-06 08:53:05+00:00
11341,1050820672,68278,2021-08-06 07:17:08+00:00
11342,1050820672,68272,2021-08-06 06:25:00+00:00
11343,1050820672,68230,2021-08-05 16:35:04+00:00
11344,1050820672,68223,2021-08-05 15:17:45+00:00
11345,1050820672,68209,2021-08-05 14:57:32+00:00
11346,1050820672,68205,2021-08-05 14:40:22+00:00
11347,1050820672,68197,2021-08-05 13:37:54+00:00
11348,1050820672,68184,2021-08-05 12:59:06+00:00
11349,1050820672,68122,2021-08-05 09:13:55+00:00
11350,1050820672,68118,2021-08-05 08:38:38+00:00
11351,1050820672,68109,2021-08-05 07:59:21+00:00
11352,1050820672,68096,2021-08-05 06:42:47+00:00
11353,1050820672,68047,2021-08-04 17:22:43+00:00
11354,1050820672,68028,2021-08-04 14:42:39+00:00
11355,1050820672,68008,2021-08-04 13:11:03+00:00
11356,1050820672,67964,2021-08-04 10:28:41+00:00
11357,1050820672,67949,2021-08-04 09:30:35+00:00
11358,1050820672,67944,2021-08-04 09:19:56+00:00
11359,1050820672,67942,2021-08-04 09:08:32+00:00
11360,1050820672,67935,2021-08-04 08:50:07+00:00
11361,1050820672,67917,2021-08-04 08:00:37+00:00
11362,1050820672,67873,2021-08-03 20:31:56+00:00
11363,1050820672,67814,2021-08-03 14:19:08+00:00
11364,1050820672,67810,2021-08-03 13:43:25+00:00
11365,1050820672,67768,2021-08-03 10:59:33+00:00
11366,1050820672,67749,2021-08-03 09:37:25+00:00
11367,1050820672,67747,2021-08-03 09:23:35+00:00
11368,1050820672,67743,2021-08-03 09:03:23+00:00
11369,1050820672,67651,2021-08-02 15:44:59+00:00
11370,1050820672,67647,2021-08-02 15:27:16+00:00
11371,1050820672,67643,2021-08-02 14:30:58+00:00
11372,1050820672,67616,2021-08-02 11:47:04+00:00
11373,1050820672,67612,2021-08-02 11:21:19+00:00
11374,1050820672,67573,2021-08-02 09:10:11+00:00
11375,1050820672,67485,2021-08-01 14:35:59+00:00
11376,1050820672,67480,2021-08-01 14:12:27+00:00
11377,1050820672,67470,2021-08-01 13:10:55+00:00
11378,1050820672,67460,2021-08-01 12:46:45+00:00
11379,1050820672,67435,2021-08-01 10:51:45+00:00
11380,1050820672,67418,2021-08-01 08:57:15+00:00
11381,1050820672,67394,2021-08-01 04:05:39+00:00
11382,1050820672,67346,2021-07-31 15:15:54+00:00
11383,1050820672,67304,2021-07-31 10:44:39+00:00
11384,1050820672,67173,2021-07-30 13:40:45+00:00
11385,1050820672,67162,2021-07-30 12:25:07+00:00
11386,1050820672,67149,2021-07-30 12:08:59+00:00
11387,1050820672,67116,2021-07-30 09:58:06+00:00
11388,1050820672,66961,2021-07-29 14:12:18+00:00
11389,1050820672,66948,2021-07-29 13:56:10+00:00
11390,1050820672,66922,2021-07-29 12:17:11+00:00
11391,1050820672,66818,2021-07-28 18:27:42+00:00
11392,1050820672,66764,2021-07-28 14:34:57+00:00
11393,1050820672,66743,2021-07-28 13:08:54+00:00
11394,1050820672,66741,2021-07-28 13:05:12+00:00
11395,1050820672,66738,2021-07-28 12:48:01+00:00
11396,1050820672,66708,2021-07-28 11:00:17+00:00
11397,1050820672,66691,2021-07-28 10:11:45+00:00
11398,1050820672,66660,2021-07-28 08:30:12+00:00
11399,1050820672,66658,2021-07-28 08:24:29+00:00
11400,1050820672,66643,2021-07-28 07:36:13+00:00
11401,1050820672,66564,2021-07-27 16:44:31+00:00
11402,1050820672,66541,2021-07-27 14:09:40+00:00
11403,1050820672,66425,2021-07-27 03:39:17+00:00
11404,1050820672,66388,2021-07-26 18:00:59+00:00
11405,1050820672,66382,2021-07-26 17:31:09+00:00
11406,1050820672,66362,2021-07-26 15:26:49+00:00
11407,1050820672,66335,2021-07-26 13:03:10+00:00
11408,1050820672,66321,2021-07-26 12:24:28+00:00
11409,1050820672,66316,2021-07-26 12:05:20+00:00
11410,1050820672,66200,2021-07-25 20:14:24+00:00
11411,1050820672,66193,2021-07-25 17:45:11+00:00
11412,1050820672,66164,2021-07-25 12:43:16+00:00
11413,1050820672,66150,2021-07-25 11:08:03+00:00
11414,1050820672,66146,2021-07-25 10:55:24+00:00
11415,1050820672,66122,2021-07-25 09:34:35+00:00
11416,1050820672,66112,2021-07-25 08:22:36+00:00
11417,1050820672,66066,2021-07-24 17:45:41+00:00
11418,1050820672,66047,2021-07-24 16:00:04+00:00
11419,1050820672,66010,2021-07-24 12:02:01+00:00
11420,1050820672,65977,2021-07-24 07:58:35+00:00
11421,1050820672,65944,2021-07-24 03:56:38+00:00
11422,1050820672,65943,2021-07-24 03:44:37+00:00
11423,1050820672,65935,2021-07-24 02:19:50+00:00
11424,1050820672,65897,2021-07-23 18:21:41+00:00
11425,1050820672,65895,2021-07-23 18:00:16+00:00
11426,1050820672,65873,2021-07-23 16:13:41+00:00
11427,1050820672,65854,2021-07-23 15:15:35+00:00
11428,1050820672,65813,2021-07-23 13:18:46+00:00
11429,1050820672,65789,2021-07-23 12:17:43+00:00
11430,1050820672,65761,2021-07-23 11:05:43+00:00
11431,1050820672,65671,2021-07-23 05:39:34+00:00
11432,1050820672,65586,2021-07-22 15:07:41+00:00
11433,1050820672,65399,2021-07-21 17:15:02+00:00
11434,1050820672,65333,2021-07-21 14:03:17+00:00
11435,1050820672,65329,2021-07-21 13:44:15+00:00
11436,1050820672,65301,2021-07-21 11:12:54+00:00
11437,1050820672,65251,2021-07-21 06:32:01+00:00
11438,1050820672,65186,2021-07-20 16:25:02+00:00
11439,1050820672,65150,2021-07-20 13:36:06+00:00
11440,1050820672,65129,2021-07-20 12:06:45+00:00
11441,1050820672,65081,2021-07-20 08:54:00+00:00
11442,1050820672,65065,2021-07-20 07:48:53+00:00
11443,1050820672,65003,2021-07-19 17:16:46+00:00
11444,1050820672,64937,2021-07-19 13:55:35+00:00
11445,1050820672,64859,2021-07-19 09:23:42+00:00
11446,1050820672,64804,2021-07-18 17:30:07+00:00
11447,1050820672,64803,2021-07-18 17:19:26+00:00
11448,1050820672,64777,2021-07-18 12:21:18+00:00
11449,1050820672,64695,2021-07-17 17:54:33+00:00
11450,1050820672,64618,2021-07-17 08:05:48+00:00
11451,1050820672,64611,2021-07-17 07:17:36+00:00
11452,1050820672,64572,2021-07-16 17:15:59+00:00
11453,1050820672,64551,2021-07-16 16:00:45+00:00
11454,1050820672,64502,2021-07-16 12:55:19+00:00
11455,1050820672,64499,2021-07-16 12:39:36+00:00
11456,1050820672,64411,2021-07-16 08:37:00+00:00
11457,1050820672,64305,2021-07-15 13:57:48+00:00
11458,1050820672,64270,2021-07-15 11:04:44+00:00
11459,1050820672,64203,2021-07-15 06:40:49+00:00
11460,1050820672,64179,2021-07-14 19:04:18+00:00
11461,1050820672,64174,2021-07-14 18:05:59+00:00
11462,1050820672,64165,2021-07-14 17:35:33+00:00
11463,1050820672,64162,2021-07-14 16:56:33+00:00
11464,1050820672,64148,2021-07-14 15:15:55+00:00
11465,1050820672,64134,2021-07-14 13:08:38+00:00
11466,1050820672,64059,2021-07-14 08:05:58+00:00
11467,1050820672,64057,2021-07-14 08:00:37+00:00
11468,1050820672,64045,2021-07-14 06:13:40+00:00
11469,1050820672,64005,2021-07-13 16:42:59+00:00
11470,1050820672,63942,2021-07-13 11:05:06+00:00
11471,1050820672,63933,2021-07-13 10:38:03+00:00
11472,1050820672,63889,2021-07-13 07:20:02+00:00
11473,1050820672,63876,2021-07-13 06:00:52+00:00
11474,1050820672,63843,2021-07-12 17:45:17+00:00
11475,1050820672,63813,2021-07-12 15:20:26+00:00
11476,1050820672,63656,2021-07-11 16:46:10+00:00
11477,1050820672,63648,2021-07-11 15:20:52+00:00
11478,1050820672,63611,2021-07-11 07:25:48+00:00
11479,1050820672,63603,2021-07-11 06:00:17+00:00
11480,1050820672,63600,2021-07-11 04:43:51+00:00
11481,1050820672,63578,2021-07-10 15:07:11+00:00
11482,1050820672,63553,2021-07-10 07:09:41+00:00
11483,1050820672,63522,2021-07-09 19:03:11+00:00
11484,1050820672,63455,2021-07-09 13:03:08+00:00
11485,1050820672,63445,2021-07-09 12:26:02+00:00
11486,1050820672,63264,2021-07-08 14:27:27+00:00
11487,1050820672,63238,2021-07-08 13:36:57+00:00
11488,1050820672,63201,2021-07-08 11:30:31+00:00
11489,1050820672,63095,2021-07-07 18:45:45+00:00
11490,1050820672,63081,2021-07-07 16:30:47+00:00
11491,1050820672,63072,2021-07-07 16:03:04+00:00
11492,1050820672,63069,2021-07-07 15:47:26+00:00
11493,1050820672,63021,2021-07-07 12:02:45+00:00
11494,1050820672,63012,2021-07-07 11:18:57+00:00
11495,1050820672,62999,2021-07-07 10:19:01+00:00
11496,1050820672,62950,2021-07-07 07:02:53+00:00
11497,1050820672,62879,2021-07-06 14:42:16+00:00
11498,1050820672,62870,2021-07-06 13:31:38+00:00
11499,1050820672,62836,2021-07-06 10:27:00+00:00
11500,1050820672,62830,2021-07-06 09:59:21+00:00
11501,1050820672,62805,2021-07-06 08:50:17+00:00
11502,1050820672,62737,2021-07-05 17:17:50+00:00
11503,1050820672,62719,2021-07-05 15:33:24+00:00
11504,1050820672,62693,2021-07-05 13:08:44+00:00
11505,1050820672,62683,2021-07-05 12:22:28+00:00
11506,1050820672,62650,2021-07-05 09:27:21+00:00
11507,1050820672,62635,2021-07-05 08:48:47+00:00
11508,1050820672,62613,2021-07-05 07:51:31+00:00
11509,1050820672,62604,2021-07-05 06:53:09+00:00
11510,1050820672,62595,2021-07-05 05:55:18+00:00
11511,1050820672,62582,2021-07-05 01:25:14+00:00
11512,1050820672,62515,2021-07-04 09:45:36+00:00
11513,1050820672,62462,2021-07-03 15:23:39+00:00
11514,1050820672,62316,2021-07-02 13:20:35+00:00
11515,1050820672,62301,2021-07-02 11:36:54+00:00
11516,1050820672,62300,2021-07-02 11:34:53+00:00
11517,1050820672,62297,2021-07-02 11:28:13+00:00
11518,1050820672,62294,2021-07-02 11:14:33+00:00
11519,1050820672,62155,2021-07-01 12:57:30+00:00
11520,1050820672,62117,2021-07-01 10:50:36+00:00
11521,1050820672,62073,2021-07-01 07:55:24+00:00
11522,1050820672,62046,2021-06-30 23:12:02+00:00
11523,1050820672,62005,2021-06-30 16:11:11+00:00
11524,1050820672,61908,2021-06-30 11:29:16+00:00
11525,1050820672,61865,2021-06-30 09:48:15+00:00
11526,1050820672,61849,2021-06-30 09:14:10+00:00
11527,1050820672,61774,2021-06-29 17:30:55+00:00
11528,1050820672,61625,2021-06-29 05:20:08+00:00
11529,1050820672,61599,2021-06-28 18:51:09+00:00
11530,1050820672,61596,2021-06-28 18:15:07+00:00
11531,1050820672,61591,2021-06-28 17:40:58+00:00
11532,1050820672,61581,2021-06-28 16:04:38+00:00
11533,1050820672,61579,2021-06-28 15:56:31+00:00
11534,1050820672,61559,2021-06-28 14:07:44+00:00
11535,1050820672,61543,2021-06-28 13:10:51+00:00
11536,1050820672,61507,2021-06-28 11:39:35+00:00
11537,1050820672,61487,2021-06-28 10:42:48+00:00
11538,1050820672,61479,2021-06-28 09:49:05+00:00
11539,1050820672,61476,2021-06-28 09:36:47+00:00
11540,1050820672,61469,2021-06-28 09:17:48+00:00
11541,1050820672,61467,2021-06-28 09:16:54+00:00
11542,1050820672,61462,2021-06-28 09:06:14+00:00
11543,1050820672,61433,2021-06-28 07:33:41+00:00
11544,1050820672,61357,2021-06-27 10:05:07+00:00
11545,1050820672,61342,2021-06-27 07:25:59+00:00
11546,1050820672,61326,2021-06-27 02:31:40+00:00
11547,1050820672,61249,2021-06-26 08:28:44+00:00
11548,1050820672,61201,2021-06-25 21:13:16+00:00
11549,1050820672,61198,2021-06-25 20:33:58+00:00
11550,1050820672,61189,2021-06-25 19:15:40+00:00
11551,1050820672,61150,2021-06-25 15:15:05+00:00
11552,1050820672,61126,2021-06-25 13:25:30+00:00
11553,1050820672,61113,2021-06-25 12:07:37+00:00
11554,1050820672,61034,2021-06-25 07:50:22+00:00
11555,1050820672,60954,2021-06-24 17:02:18+00:00
11556,1050820672,60829,2021-06-24 08:13:42+00:00
11557,1050820672,60747,2021-06-23 17:16:44+00:00
11558,1050820672,60737,2021-06-23 16:33:00+00:00
11559,1050820672,60712,2021-06-23 14:03:21+00:00
11560,1050820672,60699,2021-06-23 13:30:21+00:00
11561,1050820672,60667,2021-06-23 12:24:23+00:00
11562,1050820672,60572,2021-06-23 08:30:40+00:00
11563,1050820672,60547,2021-06-23 07:03:11+00:00
11564,1050820672,60539,2021-06-23 06:42:30+00:00
11565,1050820672,60521,2021-06-23 06:08:53+00:00
11566,1050820672,60500,2021-06-22 19:07:57+00:00
11567,1050820672,60474,2021-06-22 16:01:50+00:00
11568,1050820672,60426,2021-06-22 12:01:14+00:00
11569,1050820672,60351,2021-06-22 07:09:52+00:00
11570,1050820672,60337,2021-06-22 05:06:00+00:00
11571,1050820672,60283,2021-06-21 17:30:22+00:00
11572,1050820672,60276,2021-06-21 16:54:25+00:00
11573,1050820672,60214,2021-06-21 10:57:10+00:00
11574,1050820672,60159,2021-06-21 08:56:22+00:00
11575,1050820672,60140,2021-06-21 07:44:56+00:00
11576,1050820672,60135,2021-06-21 07:17:06+00:00
11577,1050820672,60108,2021-06-20 22:31:04+00:00
11578,1050820672,60071,2021-06-20 14:20:38+00:00
11579,1050820672,60060,2021-06-20 11:27:43+00:00
11580,1050820672,60045,2021-06-20 09:40:57+00:00
11581,1050820672,59932,2021-06-19 10:45:31+00:00
11582,1050820672,59915,2021-06-19 07:34:35+00:00
11583,1050820672,59859,2021-06-18 17:46:02+00:00
11584,1050820672,59786,2021-06-18 13:44:27+00:00
11585,1050820672,59680,2021-06-18 07:56:09+00:00
11586,1050820672,59675,2021-06-18 07:37:31+00:00
11587,1050820672,59608,2021-06-17 17:28:54+00:00
11588,1050820672,59591,2021-06-17 16:45:01+00:00
11589,1050820672,59587,2021-06-17 16:35:04+00:00
11590,1050820672,59502,2021-06-17 11:07:39+00:00
11591,1050820672,59427,2021-06-17 07:50:02+00:00
11592,1050820672,59402,2021-06-16 20:38:21+00:00
11593,1050820672,59386,2021-06-16 18:36:11+00:00
11594,1050820672,59379,2021-06-16 18:07:28+00:00
11595,1050820672,59378,2021-06-16 18:00:07+00:00
11596,1050820672,59367,2021-06-16 17:40:12+00:00
11597,1050820672,59336,2021-06-16 16:49:50+00:00
11598,1050820672,59334,2021-06-16 16:46:50+00:00
11599,1050820672,59266,2021-06-16 13:40:48+00:00
11600,1050820672,59245,2021-06-16 11:58:30+00:00
11601,1050820672,59238,2021-06-16 11:45:46+00:00
11602,1050820672,59148,2021-06-16 06:40:32+00:00
11603,1050820672,59099,2021-06-15 17:10:05+00:00
11604,1050820672,59083,2021-06-15 15:30:10+00:00
11605,1050820672,59080,2021-06-15 15:12:20+00:00
11606,1050820672,59072,2021-06-15 14:47:48+00:00
11607,1050820672,59070,2021-06-15 14:36:40+00:00
11608,1050820672,59065,2021-06-15 14:21:40+00:00
11609,1050820672,59044,2021-06-15 12:45:53+00:00
11610,1050820672,59012,2021-06-15 10:39:27+00:00
11611,1050820672,59007,2021-06-15 10:16:36+00:00
11612,1050820672,58991,2021-06-15 09:47:47+00:00
11613,1050820672,58953,2021-06-15 06:15:46+00:00
11614,1050820672,58911,2021-06-14 17:50:52+00:00
11615,1050820672,58907,2021-06-14 17:05:08+00:00
11616,1050820672,58896,2021-06-14 15:49:26+00:00
11617,1050820672,58846,2021-06-14 13:16:13+00:00
11618,1050820672,58809,2021-06-14 11:30:10+00:00
11619,1050820672,58697,2021-06-13 14:21:47+00:00
11620,1050820672,58626,2021-06-13 07:38:54+00:00
11621,1050820672,58521,2021-06-12 03:11:57+00:00
11622,1050820672,58516,2021-06-11 22:46:58+00:00
11623,1050820672,58326,2021-06-10 15:09:52+00:00
11624,1050820672,58149,2021-06-09 17:45:13+00:00
11625,1050820672,57965,2021-06-08 16:50:52+00:00
11626,1050820672,57915,2021-06-08 10:47:15+00:00
11627,1050820672,57827,2021-06-07 16:01:19+00:00
11628,1050820672,57712,2021-06-07 06:47:53+00:00
11629,1050820672,57690,2021-06-06 23:03:54+00:00
11630,1050820672,57678,2021-06-06 18:49:51+00:00
11631,1050820672,57648,2021-06-06 10:58:35+00:00
11632,1050820672,57616,2021-06-06 04:01:05+00:00
11633,1050820672,57541,2021-06-05 08:45:06+00:00
11634,1050820672,57525,2021-06-05 07:39:12+00:00
11635,1050820672,57519,2021-06-05 06:58:39+00:00
11636,1050820672,57515,2021-06-05 06:37:32+00:00
11637,1050820672,57500,2021-06-04 21:47:16+00:00
11638,1050820672,57307,2021-06-04 09:53:04+00:00
11639,1050820672,57239,2021-06-03 17:26:42+00:00
11640,1050820672,57237,2021-06-03 17:15:46+00:00
11641,1050820672,57189,2021-06-03 13:19:57+00:00
11642,1050820672,57083,2021-06-03 06:04:48+00:00
11643,1050820672,56981,2021-06-02 13:03:30+00:00
11644,1050820672,56924,2021-06-02 09:24:32+00:00
11645,1050820672,56872,2021-06-02 07:28:10+00:00
11646,1050820672,56676,2021-05-31 19:52:41+00:00
11647,1050820672,56613,2021-05-31 12:26:14+00:00
11648,1050820672,56493,2021-05-30 17:52:04+00:00
11649,1050820672,56489,2021-05-30 17:35:16+00:00
11650,1050820672,56487,2021-05-30 17:04:08+00:00
11651,1050820672,56467,2021-05-30 14:12:42+00:00
11652,1050820672,56428,2021-05-30 06:52:00+00:00
11653,1050820672,56407,2021-05-29 23:54:06+00:00
11654,1050820672,56377,2021-05-29 14:59:58+00:00
11655,1050820672,56373,2021-05-29 13:39:59+00:00
11656,1050820672,56360,2021-05-29 11:31:03+00:00
11657,1050820672,56194,2021-05-28 09:59:16+00:00
11658,1050820672,56153,2021-05-28 07:29:42+00:00
11659,1050820672,56108,2021-05-27 17:09:50+00:00
11660,1050820672,56093,2021-05-27 16:07:23+00:00
11661,1050820672,56040,2021-05-27 11:36:16+00:00
11662,1050820672,55967,2021-05-27 07:13:50+00:00
11663,1050820672,55960,2021-05-27 06:36:17+00:00
11664,1050820672,55910,2021-05-26 16:40:09+00:00
11665,1050820672,55868,2021-05-26 12:47:54+00:00
11666,1050820672,55860,2021-05-26 11:48:38+00:00
11667,1050820672,55858,2021-05-26 11:39:35+00:00
11668,1050820672,55830,2021-05-26 10:11:25+00:00
11669,1050820672,55813,2021-05-26 09:22:33+00:00
11670,1050820672,55783,2021-05-26 08:11:26+00:00
11671,1050820672,55770,2021-05-26 07:43:54+00:00
11672,1050820672,55766,2021-05-26 07:31:28+00:00
11673,1050820672,55764,2021-05-26 07:29:45+00:00
11674,1050820672,55762,2021-05-26 07:26:18+00:00
11675,1050820672,55743,2021-05-26 05:39:08+00:00
11676,1050820672,55720,2021-05-25 22:42:56+00:00
11677,1050820672,55719,2021-05-25 21:34:45+00:00
11678,1050820672,55700,2021-05-25 17:16:18+00:00
11679,1050820672,55639,2021-05-25 13:55:54+00:00
11680,1050820672,55456,2021-05-24 16:47:04+00:00
11681,1050820672,55445,2021-05-24 16:04:46+00:00
11682,1050820672,55396,2021-05-24 12:35:37+00:00
11683,1050820672,55334,2021-05-24 08:39:15+00:00
11684,1050820672,55330,2021-05-24 08:21:19+00:00
11685,1050820672,55284,2021-05-23 18:56:49+00:00
11686,1050820672,55247,2021-05-23 14:09:50+00:00
11687,1050820672,55130,2021-05-22 07:46:15+00:00
11688,1050820672,55114,2021-05-22 04:26:13+00:00
11689,1050820672,55102,2021-05-21 18:30:14+00:00
11690,1050820672,55055,2021-05-21 15:02:51+00:00
11691,1050820672,55044,2021-05-21 13:47:45+00:00
11692,1050820672,54941,2021-05-21 07:53:13+00:00
11693,1050820672,54827,2021-05-20 14:10:13+00:00
11694,1050820672,54825,2021-05-20 13:57:47+00:00
11695,1050820672,54633,2021-05-19 16:30:05+00:00
11696,1050820672,54623,2021-05-19 15:41:35+00:00
11697,1050820672,54469,2021-05-18 22:48:06+00:00
11698,1050820672,54459,2021-05-18 21:22:26+00:00
11699,1050820672,54426,2021-05-18 17:00:58+00:00
11700,1050820672,54395,2021-05-18 14:14:12+00:00
11701,1050820672,54387,2021-05-18 13:30:09+00:00
11702,1050820672,54304,2021-05-18 08:43:41+00:00
11703,1050820672,54178,2021-05-17 14:05:34+00:00
11704,1050820672,54110,2021-05-17 09:12:21+00:00
11705,1050820672,53912,2021-05-15 13:27:38+00:00
11706,1050820672,53814,2021-05-14 16:29:44+00:00
11707,1050820672,53756,2021-05-14 11:24:09+00:00
11708,1050820672,53752,2021-05-14 11:10:39+00:00
11709,1050820672,53677,2021-05-14 06:33:54+00:00
11710,1050820672,53672,2021-05-14 05:36:05+00:00
11711,1050820672,53540,2021-05-13 11:55:35+00:00
11712,1050820672,53526,2021-05-13 11:25:43+00:00
11713,1050820672,53487,2021-05-13 09:32:08+00:00
11714,1050820672,53480,2021-05-13 08:58:33+00:00
11715,1050820672,53477,2021-05-13 08:46:33+00:00
11716,1050820672,53436,2021-05-13 04:46:23+00:00
11717,1050820672,53383,2021-05-12 16:31:01+00:00
11718,1050820672,53376,2021-05-12 16:07:32+00:00
11719,1050820672,53375,2021-05-12 16:03:12+00:00
11720,1050820672,53362,2021-05-12 15:19:04+00:00
11721,1050820672,53352,2021-05-12 14:13:44+00:00
11722,1050820672,53350,2021-05-12 14:07:36+00:00
11723,1050820672,53339,2021-05-12 13:28:05+00:00
11724,1050820672,53313,2021-05-12 12:05:36+00:00
11725,1050820672,53299,2021-05-12 11:32:32+00:00
11726,1050820672,53256,2021-05-12 10:06:15+00:00
11727,1050820672,53224,2021-05-12 09:03:39+00:00
11728,1050820672,53145,2021-05-11 22:18:31+00:00
11729,1050820672,53097,2021-05-11 17:30:42+00:00
11730,1050820672,53092,2021-05-11 17:20:12+00:00
11731,1050820672,53087,2021-05-11 16:51:05+00:00
11732,1050820672,53075,2021-05-11 15:50:45+00:00
11733,1050820672,53074,2021-05-11 15:48:26+00:00
11734,1050820672,53072,2021-05-11 15:42:41+00:00
11735,1050820672,53067,2021-05-11 15:10:16+00:00
11736,1050820672,53052,2021-05-11 14:26:42+00:00
11737,1050820672,53022,2021-05-11 12:42:58+00:00
11738,1050820672,53020,2021-05-11 12:37:18+00:00
11739,1050820672,53019,2021-05-11 12:33:56+00:00
11740,1050820672,52983,2021-05-11 10:32:28+00:00
11741,1050820672,52929,2021-05-11 08:27:43+00:00
11742,1050820672,52913,2021-05-11 07:56:37+00:00
11743,1050820672,52911,2021-05-11 07:49:58+00:00
11744,1050820672,52874,2021-05-11 01:07:16+00:00
11745,1050820672,52838,2021-05-10 18:06:22+00:00
11746,1050820672,52835,2021-05-10 17:58:26+00:00
11747,1050820672,52826,2021-05-10 17:14:02+00:00
11748,1050820672,52790,2021-05-10 12:41:22+00:00
11749,1050820672,52775,2021-05-10 10:13:27+00:00
11750,1050820672,52765,2021-05-10 08:39:15+00:00
11751,1050820672,52757,2021-05-10 07:25:21+00:00
11752,1050820672,52724,2021-05-09 18:05:55+00:00
11753,1050820672,52705,2021-05-09 15:20:27+00:00
11754,1050820672,52696,2021-05-09 14:44:59+00:00
11755,1050820672,52662,2021-05-09 11:55:34+00:00
11756,1050820672,52660,2021-05-09 11:42:51+00:00
11757,1050820672,52658,2021-05-09 11:40:58+00:00
11758,1050820672,52656,2021-05-09 11:33:13+00:00
11759,1050820672,52623,2021-05-09 10:12:47+00:00
11760,1050820672,52608,2021-05-09 09:27:03+00:00
11761,1050820672,52590,2021-05-09 09:02:48+00:00
,,,
,,,
,,,
,,,
,,,
,,,
,,,
,,,
,,,
,,,
,,,
,,,
,,,
,,,
,,,
,,,
,,,
,,,
,,,
,,,
,,,
,,,
,,,
,,,
,,,
,,,
,,,
,,,
,,,
,,,
,,,
,,,
,,,
,,,
,,,
,,,
,,,
,,,
,,,
,,,
,,,
,,,
,,,
,,,
,,,
,,,
,,,
,,,
,,,
,,,
,,,
,,,
,,,
,,,
,,,
,,,
,,,
,,,
,,,
,,,
,,,
,,,
,,,
,,,
,,,
,,,
,,,
,,,
,,,
,,,
,,,
,,,
,,,
,,,
,,,
,,,
,,,
,,,
,,,
,,,
,,,
,,,
,,,
,,,
,,,
,,,
,,,
,,,
,,,
,,,
,,,
,,,
,,,
,,,
,,,
,,,
,,,
,,,
,,,
,,,
,,,
,,,
,,,
,,,
,,,
,,,
,,,
,,,
,,,
,,,
,,,
,,,
,,,
,,,
,,,
,,,
,,,
,,,
,,,
,,,
,,,
,,,
,,,
,,,
,,,
,,,
,,,
,,,
,,,
,,,
,,,
,,,
,,,
,,,
,,,
,,,
,,,
,,,
,,,
,,,
,,,
,,,
,,,
,,,
,,,
,,,
,,,
,,,
,,,
,,,
,,,
,,,
,,,
,,,
,,,
,,,
,,,
,,,
,,,
,,,
,,,
,,,
,,,
,,,
,,,
,,,
,,,
,,,
,,,
,,,
,,,
,,,
,,,
,,,
,,,
,,,
,,,
,,,
,,,
,,,
,,,
,,,
,,,
,,,
,,,
,,,
,,,
,,,
,,,
,,,
,,,
,,,
,,,
,,,
,,,
,,,
,,,
,,,
,,,
,,,
,,,
,,,
,,,
,,,
,,,
,,,
,,,
,,,
,,,
,,,
,,,
,,,
,,,
,,,
,,,
,,,
,,,
,,,
,,,
,,,
,,,
,,,
,,,
,,,
,,,
,,,
,,,
,,,
,,,
,,,
,,,
,,,
,,,
,,,
,,,
,,,
,,,
,,,
,,,
,,,
,,,
,,,
,,,
,,,
,,,
,,,
,,,
,,,
,,,
,,,
,,,
,,,
,,,
,,,
,,,
,,,
,,,
,,,
,,,
,,,
,,,
,,,
,,,
,,,
,,,
,,,
,,,
,,,
,,,
,,,
,,,
,,,
,,,
,,,
,,,
,,,
,,,
,,,
,,,
,,,
,,,
,,,
,,,
,,,
,,,
,,,
,,,
,,,
,,,
,,,
,,,
,,,
,,,
,,,
,,,
,,,
,,,
,,,
,,,
,,,
,,,
,,,
,,,
,,,
,,,
,,,
,,,
,,,
,,,
,,,
,,,
,,,
,,,
,,,
,,,
,,,
,,,
,,,
,,,
,,,
,,,
,,,
,,,
,,,
,,,
,,,
,,,
,,,
,,,
,,,
,,,
,,,
,,,
,,,
,,,
,,,
,,,
,,,
,,,
,,,
,,,
,,,
,,,
,,,
,,,
,,,
,,,
,,,
,,,
,,,
,,,
,,,
,,,
,,,
,,,
,,,
,,,
,,,
,,,
,,,
,,,
,,,
,,,
,,,
,,,
,,,
,,,
,,,
,,,
,,,
,,,
,,,
,,,
,,,
,,,
,,,
,,,
,,,
,,,
,,,
,,,
,,,
,,,
,,,
,,,
,,,
,,,
,,,
,,,
,,,
,,,
,,,
,,,
,,,
,,,
,,,
,,,
,,,
,,,
,,,
,,,
,,,
,,,
,,,
,,,
,,,
,,,
,,,
,,,
,,,
,,,
,,,
,,,
,,,
,,,
,,,
,,,
,,,
,,,
,,,
,,,
,,,
,,,
,,,
,,,
,,,
,,,
,,,
,,,
,,,
,,,
,,,
,,,
,,,
,,,
,,,
,,,
,,,
,,,
,,,
,,,
,,,
,,,
,,,
,,,
,,,
,,,
,,,
,,,
,,,
,,,
,,,
,,,
,,,
,,,
,,,
,,,
,,,
,,,
,,,
,,,
,,,
,,,
,,,
,,,
,,,
,,,
,,,
,,,
,,,
,,,
,,,
,,,
,,,
,,,
,,,
,,,
,,,
,,,
,,,
,,,
,,,
,,,
,,,
,,,
,,,
,,,
,,,
,,,
,,,
,,,
,,,
,,,
,,,
,,,
,,,
,,,
,,,
,,,
,,,
,,,
,,,
,,,
,,,
,,,
,,,
,,,
,,,
,,,
,,,
,,,
,,,
,,,
,,,
,,,
,,,
,,,
,,,
,,,
,,,
,,,
,,,
,,,
,,,
,,,
,,,
,,,
,,,
,,,
,,,
,,,
,,,
,,,
,,,
,,,
,,,
,,,
,,,
,,,
,,,
,,,
,,,
,,,
,,,
,,,
,,,
,,,
,,,
,,,
,,,
,,,
,,,
,,,
,,,
,,,
,,,
,,,
,,,
,,,
,,,
,,,
,,,
,,,
,,,
,,,
,,,
,,,
,,,
,,,
,,,
,,,
,,,
,,,
,,,
,,,
,,,
,,,
,,,
,,,
,,,
,,,
,,,
,,,
,,,
,,,
,,,
,,,
,,,
,,,
,,,
,,,
,,,
,,,
,,,
,,,
,,,
,,,
,,,
,,,
,,,
,,,
,,,
,,,
,,,
,,,
,,,
,,,
,,,
,,,
,,,
,,,
,,,
,,,
,,,
,,,
,,,
,,,
,,,
,,,
,,,
,,,
,,,
,,,
,,,
,,,
,,,
,,,
,,,
,,,
,,,
,,,
,,,
,,,
,,,
,,,
,,,
,,,
,,,
,,,
,,,
,,,
,,,
,,,
,,,
,,,
,,,
,,,
,,,
,,,
,,,
,,,
,,,
,,,
,,,
,,,
,,,
,,,
,,,
,,,
,,,
,,,
,,,
,,,
,,,
,,,
,,,
,,,
,,,
,,,
,,,
,,,
,,,
,,,
,,,
,,,
,,,
,,,
,,,
,,,
,,,
,,,
,,,
,,,
,,,
,,,
,,,
,,,
,,,
,,,
,,,
,,,
,,,
,,,
,,,
,,,
,,,
,,,
,,,
,,,
,,,
,,,
,,,
,,,
,,,
,,,
,,,
,,,
,,,
,,,
,,,
,,,
,,,
,,,
,,,
,,,
,,,
,,,
,,,
,,,
,,,
,,,
,,,
,,,
,,,
,,,
,,,
,,,
,,,
,,,
,,,
,,,
,,,
,,,
,,,
,,,
,,,
,,,
,,,
,,,
,,,
,,,
,,,
,,,
,,,
,,,
,,,
,,,
,,,
,,,
,,,
,,,
,,,
,,,
,,,
,,,
,,,
,,,
,,,
,,,
,,,
,,,
,,,
,,,
,,,
,,,
,,,
,,,
,,,
,,,
,,,
,,,
,,,
,,,
,,,
,,,
,,,
,,,
,,,
,,,
,,,
,,,
,,,
,,,
,,,
,,,
,,,
,,,
,,,
,,,
,,,
,,,
,,,
,,,
,,,
,,,
,,,
,,,
,,,
,,,
,,,
,,,
,,,
,,,
,,,
,,,
,,,
,,,
,,,
,,,
,,,
,,,
,,,
,,,
,,,
,,,
,,,
,,,
,,,
,,,
,,,
,,,
,,,
,,,
,,,
,,,
,,,
,,,
,,,
,,,
,,,
,,,
,,,
,,,
,,,
,,,
,,,
,,,
,,,
,,,
,,,
,,,
,,,
,,,
,,,
,,,
,,,
,,,
,,,
,,,
,,,
,,,
,,,
,,,
,,,
,,,
,,,
,,,
,,,
,,,
,,,
,,,
,,,
,,,
,,,
,,,
,,,
,,,
,,,
,,,
,,,
,,,
,,,
,,,
,,,
,,,
,,,
,,,
,,,
,,,
,,,
,,,
,,,
,,,
,,,
,,,
,,,
,,,
,,,
,,,
,,,
,,,
,,,
,,,
,,,
,,,
,,,
,,,
,,,
,,,
,,,
,,,
,,,
,,,
,,,
,,,
,,,
,,,
,,,
,,,
,,,
,,,
,,,
,,,
,,,
,,,
,,,
,,,
,,,
,,,
,,,
,,,
,,,
,,,
,,,
,,,
,,,
,,,
,,,
,,,
,,,
,,,
,,,
,,,
,,,
,,,
,,,
,,,
,,,
,,,
,,,
,,,
,,,
,,,
,,,
,,,
,,,
,,,
,,,
,,,
,,,
,,,
,,,
,,,
,,,
,,,
,,,
,,,
,,,
,,,
,,,
,,,
,,,
,,,
,,,
,,,
,,,
,,,
,,,
,,,
,,,
,,,
,,,
,,,
,,,
,,,
,,,
,,,
,,,
,,,
,,,
,,,
,,,
,,,
,,,
,,,
,,,
,,,
,,,
,,,
,,,
,,,
,,,
,,,
,,,
,,,
,,,
,,,
,,,
,,,
,,,
,,,
,,,
,,,
,,,
,,,
,,,
,,,
,,,
,,,
,,,
,,,
,,,
,,,
,,,
,,,
,,,
,,,
,,,
,,,
,,,
,,,
,,,
,,,
,,,
,,,
,,,
,,,
,,,
,,,
,,,
,,,
,,,
,,,
,,,
,,,
,,,
,,,
,,,
,,,
,,,
,,,
,,,
,,,
,,,
,,,
,,,
,,,
,,,
,,,
,,,
,,,
,,,
,,,
,,,
,,,
,,,
,,,
,,,
,,,
,,,
,,,
,,,
,,,
,,,
,,,
,,,
,,,
,,,
,,,
,,,
,,,
,,,
,,,
,,,
,,,
,,,
,,,
,,,
,,,
,,,
,,,
,,,
,,,
,,,
,,,
,,,
,,,
,,,
,,,
,,,
,,,
,,,
,,,
,,,
,,,
,,,
,,,
,,,
,,,
,,,
,,,
,,,
,,,
,,,
,,,
,,,
,,,
,,,
,,,
,,,
,,,
,,,
,,,
,,,
,,,
,,,
,,,
,,,
,,,
,,,
,,,
,,,
,,,
,,,
,,,
,,,
,,,
,,,
,,,
,,,
,,,
,,,
,,,
,,,
,,,
,,,
,,,
,,,
,,,
,,,
,,,
,,,
,,,
,,,
,,,
,,,
,,,
,,,
,,,
,,,
,,,
,,,
,,,
,,,
,,,
,,,
,,,
,,,
,,,
,,,
,,,
,,,
,,,
,,,
,,,
,,,
,,,
,,,
,,,
,,,
,,,
,,,
,,,
,,,
,,,
,,,
,,,
,,,
,,,
,,,
,,,
,,,
,,,
,,,
,,,
,,,
,,,
,,,
,,,
,,,
,,,
,,,
,,,
,,,
,,,
,,,
,,,
,,,
,,,
,,,
,,,
,,,
,,,
,,,
,,,
,,,
,,,
,,,
,,,
,,,
,,,
,,,
,,,
,,,
,,,
,,,
,,,
,,,
,,,
,,,
,,,
,,,
,,,
,,,
,,,
,,,
,,,
,,,
,,,
,,,
,,,
,,,
,,,
,,,
,,,
,,,
,,,
,,,
,,,
,,,
,,,
,,,
,,,
,,,
,,,
,,,
,,,
,,,
,,,
,,,
,,,
,,,
,,,
,,,
,,,
,,,
,,,
,,,
,,,
,,,
,,,
,,,
,,,
,,,
,,,
,,,
,,,
,,,
,,,
,,,
,,,
,,,
,,,
,,,
,,,
,,,
,,,
,,,
,,,
,,,
,,,
,,,
,,,
,,,
,,,
,,,
,,,
,,,
,,,
,,,
,,,
,,,
,,,
,,,
,,,
,,,
,,,
,,,
,,,
,,,
,,,
,,,
,,,
,,,
,,,
,,,
,,,
,,,
,,,
,,,
,,,
,,,
,,,
,,,
,,,
,,,
,,,
,,,
,,,
,,,
,,,
,,,
,,,
,,,
,,,
,,,
,,,
,,,
,,,
,,,
,,,
,,,
,,,
,,,
,,,
,,,
,,,
,,,
,,,
,,,
,,,
,,,
,,,
,,,
,,,
,,,
,,,
,,,
,,,
,,,
,,,
,,,
,,,
,,,
,,,
,,,
,,,
,,,
,,,
,,,
,,,
,,,
,,,
,,,
,,,
,,,
,,,
,,,
,,,
,,,
,,,
,,,
,,,
,,,
,,,
,,,
,,,
,,,
,,,
,,,
,,,
,,,
,,,
,,,
,,,
,,,
,,,
,,,
,,,
,,,
,,,
,,,
,,,
,,,
,,,
,,,
,,,
,,,
,,,
,,,
,,,
,,,
,,,
,,,
,,,
,,,
,,,
,,,
,,,
,,,
,,,
,,,
,,,
,,,
,,,
,,,
,,,
,,,
,,,
,,,
,,,
,,,
,,,
,,,
,,,
,,,
,,,
,,,
,,,
,,,
,,,
,,,
,,,
,,,
,,,
,,,
,,,
,,,
,,,
,,,
,,,
,,,
,,,
,,,
,,,
,,,
,,,
,,,
,,,
,,,
,,,
,,,
,,,
,,,
,,,
,,,
,,,
,,,
,,,
,,,
,,,
,,,
,,,
,,,
,,,
,,,
,,,
,,,
,,,
,,,
,,,
,,,
,,,
,,,
,,,
,,,
,,,
,,,
,,,
,,,
,,,
,,,
,,,
,,,
,,,
,,,
,,,
,,,
,,,
,,,
,,,
,,,
,,,
,,,
,,,
,,,
,,,
,,,
,,,
,,,
,,,
,,,
,,,
,,,
,,,
,,,
,,,
,,,
,,,
,,,
,,,
,,,
,,,
,,,
,,,
,,,
,,,
,,,
,,,
,,,
,,,
,,,
,,,
,,,
,,,
,,,
,,,
,,,
,,,
,,,
,,,
,,,
,,,
,,,
,,,
,,,
,,,
,,,
,,,
,,,
,,,
,,,
,,,
,,,
,,,
,,,
,,,
,,,
,,,
,,,
,,,
,,,
,,,
,,,
,,,
,,,
,,,
,,,
,,,
,,,
,,,
,,,
,,,
,,,
,,,
,,,
,,,
,,,
,,,
,,,
,,,
,,,
,,,
,,,
,,,
,,,
,,,
,,,
,,,
,,,
,,,
,,,
,,,
,,,
,,,
,,,
,,,
,,,
,,,
,,,
,,,
,,,
,,,
,,,
,,,
,,,
,,,
,,,
,,,
,,,
,,,
,,,
,,,
,,,
,,,
,,,
,,,
,,,
,,,
,,,
,,,
,,,
,,,
,,,
,,,
,,,
,,,
,,,
,,,
,,,
,,,
,,,
,,,
,,,
,,,
,,,
,,,
,,,
,,,
,,,
,,,
,,,
,,,
,,,
,,,
,,,
,,,
,,,
,,,
,,,
,,,
,,,
,,,
,,,
,,,
,,,
,,,
,,,
,,,
,,,
,,,
,,,
,,,
,,,
,,,
,,,
,,,
,,,
,,,
,,,
,,,
,,,
,,,
,,,
,,,
,,,
,,,
,,,
,,,
,,,
,,,
,,,
,,,
,,,
,,,
,,,
,,,
,,,
,,,
,,,
,,,
,,,
,,,
,,,
,,,
,,,
,,,
,,,
,,,
,,,
,,,
,,,
,,,
,,,
,,,
,,,
,,,
,,,
,,,
,,,
,,,
,,,
,,,
,,,
,,,
,,,
,,,
,,,
,,,
,,,
,,,
,,,
,,,
,,,
,,,
,,,
,,,
,,,
,,,
,,,
,,,
,,,
,,,
,,,
,,,
,,,
,,,
,,,
,,,
,,,
,,,
,,,
,,,
,,,
,,,
,,,
,,,
,,,
,,,
,,,
,,,
,,,
,,,
,,,
,,,
,,,
,,,
,,,
,,,
,,,
,,,
,,,
,,,
,,,
,,,
,,,
,,,
,,,
,,,
,,,
,,,
,,,
,,,
,,,
,,,
,,,
,,,
,,,
,,,
,,,
,,,
,,,
,,,
,,,
,,,
,,,
,,,
,,,
,,,
,,,
,,,
,,,
,,,
,,,
,,,
,,,
,,,
,,,
,,,
,,,
,,,
,,,
,,,
,,,
,,,
,,,
,,,
,,,
,,,
,,,
,,,
,,,
,,,
,,,
,,,
,,,
,,,
,,,
,,,
,,,
,,,
,,,
,,,
,,,
,,,
,,,
,,,
,,,
,,,
,,,
,,,
,,,
,,,
,,,
,,,
,,,
,,,
,,,
,,,
,,,
,,,
,,,
,,,
,,,
,,,
,,,
,,,
,,,
,,,
,,,
,,,
,,,
,,,
,,,
,,,
,,,
,,,
,,,
,,,
,,,
,,,
,,,
,,,
,,,
,,,
,,,
,,,
,,,
,,,
,,,
,,,
,,,
,,,
,,,
,,,
,,,
,,,
,,,
,,,
,,,
,,,
,,,
,,,
,,,
,,,
,,,
,,,
,,,
,,,
,,,
,,,
,,,
,,,
,,,
,,,
,,,
,,,
,,,
,,,
,,,
,,,
,,,
,,,
,,,
,,,
,,,
,,,
,,,
,,,
,,,
,,,
,,,
,,,
,,,
,,,
,,,
,,,
,,,
,,,
,,,
,,,
,,,
,,,
,,,
,,,
,,,
,,,
,,,
,,,
,,,
,,,
,,,
,,,
,,,
,,,
,,,
,,,
,,,
,,,
,,,
,,,
,,,
,,,
,,,
,,,
,,,
,,,
,,,
,,,
,,,
,,,
,,,
,,,
,,,
,,,
,,,
,,,
,,,
,,,
,,,
,,,
,,,
,,,
,,,
,,,
,,,
,,,
,,,
,,,
,,,
,,,
,,,
,,,
,,,
,,,
,,,
,,,
,,,
,,,
,,,
,,,
,,,
,,,
,,,
,,,
,,,
,,,
,,,
,,,
,,,
,,,
,,,
,,,
,,,
,,,
,,,
,,,
,,,
,,,
,,,
,,,
,,,
,,,
,,,
,,,
,,,
,,,
,,,
,,,
,,,
,,,
,,,
,,,
,,,
,,,
,,,
,,,
,,,
,,,
,,,
,,,
,,,
,,,
,,,
,,,
,,,
,,,
,,,
,,,
,,,
,,,
,,,
,,,
,,,
,,,
,,,
,,,
,,,
,,,
,,,
,,,
,,,
,,,
,,,
,,,
,,,
,,,
,,,
,,,
,,,
,,,
,,,
,,,
,,,
,,,
,,,
,,,
,,,
,,,
,,,
,,,
,,,
,,,
,,,
,,,
,,,
,,,
,,,
,,,
,,,
,,,
,,,
,,,
,,,
,,,
,,,
,,,
,,,
,,,
,,,
,,,
,,,
,,,
,,,
,,,
,,,
,,,
,,,
,,,
,,,
,,,
,,,
,,,
,,,
,,,
,,,
,,,
,,,
,,,
,,,
,,,
,,,
,,,
,,,
,,,
,,,
,,,
,,,
,,,
,,,
,,,
,,,
,,,
,,,
,,,
,,,
,,,
,,,
,,,
,,,
,,,
,,,
,,,
,,,
,,,
,,,
,,,
,,,
,,,
,,,
,,,
,,,
,,,
,,,
,,,
,,,
,,,
,,,
,,,
,,,
,,,
,,,
,,,
,,,
,,,
,,,
,,,
,,,
,,,
,,,
,,,
,,,
,,,
,,,
,,,
,,,
,,,
,,,
,,,
,,,
,,,
,,,
,,,
,,,
,,,
,,,
,,,
,,,
,,,
,,,
,,,
,,,
,,,
,,,
,,,
,,,
,,,
,,,
,,,
,,,
,,,
,,,
,,,
,,,
,,,
,,,
,,,
,,,
,,,
,,,
,,,
,,,
,,,
,,,
,,,
,,,
,,,
,,,
,,,
,,,
,,,
,,,
,,,
,,,
,,,
,,,
,,,
,,,
,,,
,,,
,,,
,,,
,,,
,,,
,,,
,,,
,,,
,,,
,,,
,,,
,,,
,,,
,,,
,,,
,,,
,,,
,,,
,,,
,,,
,,,
,,,
,,,
,,,
,,,
,,,
,,,
,,,
,,,
,,,
,,,
,,,
,,,
,,,
,,,
,,,
,,,
,,,
,,,
,,,
,,,
,,,
,,,
,,,
,,,
,,,
,,,
,,,
,,,
,,,
,,,
,,,
,,,
,,,
,,,
,,,
,,,
,,,
,,,
,,,
,,,
,,,
,,,
,,,
,,,
,,,
,,,
,,,
,,,
,,,
,,,
,,,
,,,
,,,
,,,
,,,
,,,
,,,
,,,
,,,
,,,
,,,
,,,
,,,
,,,
,,,
,,,
,,,
,,,
,,,
,,,
,,,
,,,
,,,
,,,
,,,
,,,
,,,
,,,
,,,
,,,
,,,
,,,
,,,
,,,
,,,
,,,
,,,
,,,
,,,
,,,
,,,
,,,
,,,
,,,
,,,
,,,
,,,
,,,
,,,
,,,
,,,
,,,
,,,
,,,
,,,
,,,
,,,
,,,
,,,
,,,
,,,
,,,
,,,
,,,
,,,
,,,
,,,
,,,
,,,
,,,
,,,
,,,
,,,
,,,
,,,
,,,
,,,
,,,
,,,
,,,
,,,
,,,
,,,
,,,
,,,
,,,
,,,
,,,
,,,
,,,
,,,
,,,
,,,
,,,
,,,
,,,
,,,
,,,
,,,
,,,
,,,
,,,
,,,
,,,
,,,
,,,
,,,
,,,
,,,
,,,
,,,
,,,
,,,
,,,
,,,
,,,
,,,
,,,
,,,
,,,
,,,
,,,
,,,
,,,
,,,
,,,
,,,
,,,
,,,
,,,
,,,
,,,
,,,
,,,
,,,
,,,
,,,
,,,
,,,
,,,
,,,
,,,
,,,
,,,
,,,
,,,
,,,
,,,
,,,
,,,
,,,
,,,
,,,
,,,
,,,
,,,
,,,
,,,
,,,
,,,
,,,
,,,
,,,
,,,
,,,
,,,
,,,
,,,
,,,
,,,
,,,
,,,
,,,
,,,
,,,
,,,
,,,
,,,
,,,
,,,
,,,
,,,
,,,
,,,
,,,
,,,
,,,
,,,
,,,
,,,
,,,
,,,
,,,
,,,
,,,
,,,
,,,
,,,
,,,
,,,
,,,
,,,
,,,
,,,
,,,
,,,
,,,
,,,
,,,
,,,
,,,
,,,
,,,
,,,
,,,
,,,
,,,
,,,
,,,
,,,
,,,
,,,
,,,
,,,
,,,
,,,
,,,
,,,
,,,
,,,
,,,
,,,
,,,
,,,
,,,
,,,
,,,
,,,
,,,
,,,
,,,
,,,
,,,
,,,
,,,
,,,
,,,
,,,
,,,
,,,
,,,
,,,
,,,
,,,
,,,
,,,
,,,
,,,
,,,
,,,
,,,
,,,
,,,
,,,
,,,
,,,
,,,
,,,
,,,
,,,
,,,
,,,
,,,
,,,
,,,
,,,
,,,
,,,
,,,
,,,
,,,
,,,
,,,
,,,
,,,
,,,
,,,
,,,
,,,
,,,
,,,
,,,
,,,
,,,
,,,
,,,
,,,
,,,
,,,
,,,
,,,
,,,
,,,
,,,
,,,
,,,
,,,
,,,
,,,
,,,
,,,
,,,
,,,
,,,
,,,
,,,
,,,
,,,
,,,
,,,
,,,
,,,
,,,
,,,
,,,
,,,
,,,
,,,
,,,
,,,
,,,
,,,
,,,
,,,
,,,
,,,
,,,
,,,
,,,
,,,
,,,
,,,
,,,
,,,
,,,
,,,
,,,
,,,
,,,
,,,
,,,
,,,
,,,
,,,
,,,
,,,
,,,
,,,
,,,
,,,
,,,
,,,
,,,
,,,
,,,
,,,
,,,
,,,
,,,
,,,
,,,
,,,
,,,
,,,
,,,
,,,
,,,
,,,
,,,
,,,
,,,
,,,
,,,
,,,
,,,
,,,
,,,
,,,
,,,
,,,
,,,
,,,
,,,
,,,
,,,
,,,
,,,
,,,
,,,
,,,
,,,
,,,
,,,
,,,
,,,
,,,
,,,
,,,
,,,
,,,
,,,
,,,
,,,
,,,
,,,
,,,
,,,
,,,
,,,
,,,
,,,
,,,
,,,
,,,
,,,
,,,
,,,
,,,
,,,
,,,
,,,
,,,
,,,
,,,
,,,
,,,
,,,
,,,
,,,
,,,
,,,
,,,
,,,
,,,
,,,
,,,
,,,
,,,
,,,
,,,
,,,
,,,
,,,
,,,
,,,
,,,
,,,
,,,
,,,
,,,
,,,
,,,
,,,
,,,
,,,
,,,
,,,
,,,
,,,
,,,
,,,
,,,
,,,
,,,
,,,
,,,
,,,
,,,
,,,
,,,
,,,
,,,
,,,
,,,
,,,
,,,
,,,
,,,
,,,
,,,
,,,
,,,
,,,
,,,
,,,
,,,
,,,
,,,
,,,
,,,
,,,
,,,
,,,
,,,
,,,
,,,
,,,
,,,
,,,
,,,
,,,
,,,
,,,
,,,
,,,
,,,
,,,
,,,
,,,
,,,
,,,
,,,
,,,
,,,
,,,
,,,
,,,
,,,
,,,
,,,
,,,
,,,
,,,
,,,
,,,
,,,
,,,
,,,
,,,
,,,
,,,
,,,
,,,
,,,
,,,
,,,
,,,
,,,
,,,
,,,
,,,
,,,
,,,
,,,
,,,
,,,
,,,
,,,
,,,
,,,
,,,
,,,
,,,
,,,
,,,
,,,
,,,
,,,
,,,
,,,
,,,
,,,
,,,
,,,
,,,
,,,
,,,
,,,
,,,
,,,
,,,
,,,
,,,
,,,
,,,
,,,
,,,
,,,
,,,
,,,
,,,
,,,
,,,
,,,
,,,
,,,
,,,
,,,
,,,
,,,
,,,
,,,
,,,
,,,
,,,
,,,
,,,
,,,
,,,
,,,
,,,
,,,
,,,
,,,
,,,
,,,
,,,
,,,
,,,
,,,
,,,
,,,
,,,
,,,
,,,
,,,
,,,
,,,
,,,
,,,
,,,
,,,
,,,
,,,
,,,
,,,
,,,
,,,
,,,
,,,
,,,
,,,
,,,
,,,
,,,
,,,
,,,
,,,
,,,
,,,
,,,
,,,
,,,
,,,
,,,
,,,
,,,
,,,
,,,
,,,
,,,
,,,
,,,
,,,
,,,
,,,
,,,
,,,
,,,
,,,
,,,
,,,
,,,
,,,
,,,
,,,
,,,
,,,
,,,
,,,
,,,
,,,
,,,
,,,
,,,
,,,
,,,
,,,
,,,
,,,
,,,
,,,
,,,
,,,
,,,
,,,
,,,
,,,
,,,
,,,
,,,
,,,
,,,
,,,
,,,
,,,
,,,
,,,
,,,
,,,
,,,
,,,
,,,
,,,
,,,
,,,
,,,
,,,
,,,
,,,
,,,
,,,
,,,
,,,
,,,
,,,
,,,
,,,
,,,
,,,
,,,
,,,
,,,
,,,
,,,
,,,
,,,
,,,
,,,
,,,
,,,
,,,
,,,
,,,
,,,
,,,
,,,
,,,
,,,
,,,
,,,
,,,
,,,
,,,
,,,
,,,
,,,
,,,
,,,
,,,
,,,
,,,
,,,
,,,
,,,
,,,
,,,
,,,
,,,
,,,
,,,
,,,
,,,
,,,
,,,
,,,
,,,
,,,
,,,
,,,
,,,
,,,
,,,
,,,
,,,
,,,
,,,
,,,
,,,
,,,
,,,
,,,
,,,
,,,
,,,
,,,
,,,
,,,
,,,
,,,
,,,
,,,
,,,
,,,
,,,
,,,
,,,
,,,
,,,
,,,
,,,
,,,
,,,
,,,
,,,
,,,
,,,
,,,
,,,
,,,
,,,
,,,
,,,
,,,
,,,
,,,
,,,
,,,
,,,
,,,
,,,
,,,
,,,
,,,
,,,
,,,
,,,
,,,
,,,
,,,
,,,
,,,
,,,
,,,
,,,
,,,
,,,
,,,
,,,
,,,
,,,
,,,
,,,
,,,
,,,
,,,
,,,
,,,
,,,
,,,
,,,
,,,
,,,
,,,
,,,
,,,
,,,
,,,
,,,
,,,
,,,
,,,
,,,
,,,
,,,
,,,
,,,
,,,
,,,
,,,
,,,
,,,
,,,
,,,
,,,
,,,
,,,
,,,
,,,
,,,
,,,
,,,
,,,
,,,
,,,
,,,
,,,
,,,
,,,
,,,
,,,
,,,
,,,
,,,
,,,
,,,
,,,
,,,
,,,
,,,
,,,
,,,
,,,
,,,
,,,
,,,
,,,
,,,
,,,
,,,
,,,
,,,
,,,
,,,
,,,
,,,
,,,
,,,
,,,
,,,
,,,
,,,
,,,
,,,
,,,
,,,
,,,
,,,
,,,
,,,
,,,
,,,
,,,
,,,
,,,
,,,
,,,
,,,
,,,
,,,
,,,
,,,
,,,
,,,
,,,
,,,
,,,
,,,
,,,
,,,
,,,
,,,
,,,
,,,
,,,
,,,
,,,
,,,
,,,
,,,
,,,
,,,
,,,
,,,
,,,
,,,
,,,
,,,
,,,
,,,
,,,
,,,
,,,
,,,
,,,
,,,
,,,
,,,
,,,
,,,
,,,
,,,
,,,
,,,
,,,
,,,
,,,
,,,
,,,
,,,
,,,
,,,
,,,
,,,
,,,
,,,
,,,
,,,
,,,
,,,
,,,
,,,
,,,
,,,
,,,
,,,
,,,
,,,
,,,
,,,
,,,
,,,
,,,
,,,
,,,
,,,
,,,
,,,
,,,
,,,
,,,
,,,
,,,
,,,
,,,
,,,
,,,
,,,
,,,
,,,
,,,
,,,
,,,
,,,
,,,
,,,
,,,
,,,
,,,
,,,
,,,
,,,
,,,
,,,
,,,
,,,
,,,
,,,
,,,
,,,
,,,
,,,
,,,
,,,
,,,
,,,
,,,
,,,
,,,
,,,
,,,
,,,
,,,
,,,
,,,
,,,
,,,
,,,
,,,
,,,
,,,
,,,
,,,
,,,
,,,
,,,
,,,
,,,
,,,
,,,
,,,
,,,
,,,
,,,
,,,
,,,
,,,
,,,
,,,
,,,
,,,
,,,
,,,
,,,
,,,
,,,
,,,
,,,
,,,
,,,
,,,
,,,
,,,
,,,
,,,
,,,
,,,
,,,
,,,
,,,
,,,
,,,
,,,
,,,
,,,
,,,
,,,
,,,
,,,
,,,
,,,
,,,
,,,
,,,
,,,
,,,
,,,
,,,
,,,
,,,
,,,
,,,
,,,
,,,
,,,
,,,
,,,
,,,
,,,
,,,
,,,
,,,
,,,
,,,
,,,
,,,
,,,
,,,
,,,
,,,
,,,
,,,
,,,
,,,
,,,
,,,
,,,
,,,
,,,
,,,
,,,
,,,
,,,
,,,
,,,
,,,
,,,
,,,
,,,
,,,
,,,
,,,
,,,
,,,
,,,
,,,
,,,
,,,
,,,
,,,
,,,
,,,
,,,
,,,
,,,
,,,
,,,
,,,
,,,
,,,
,,,
,,,
,,,
,,,
,,,
,,,
,,,
,,,
,,,
,,,
,,,
,,,
,,,
,,,
,,,
,,,
,,,
,,,
,,,
,,,
,,,
,,,
,,,
,,,
,,,
,,,
,,,
,,,
,,,
,,,
,,,
,,,
,,,
,,,
,,,
,,,
,,,
,,,
,,,
,,,
,,,
,,,
,,,
,,,
,,,
,,,
,,,
,,,
,,,
,,,
,,,
,,,
,,,
,,,
,,,
,,,
,,,
,,,
,,,
,,,
,,,
,,,
,,,
,,,
,,,
,,,
,,,
,,,
,,,
,,,
,,,
,,,
,,,
,,,
,,,
,,,
,,,
,,,
,,,
,,,
,,,
,,,
,,,
,,,
,,,
,,,
,,,
,,,
,,,
,,,
,,,
,,,
,,,
,,,
,,,
,,,
,,,
,,,
,,,
,,,
,,,
,,,
,,,
,,,
,,,
,,,
,,,
,,,
,,,
,,,
,,,
,,,
,,,
,,,
,,,
,,,
,,,
,,,
,,,
,,,
,,,
,,,
,,,
,,,
,,,
,,,
,,,
,,,
,,,
,,,
,,,
,,,
,,,
,,,
,,,
,,,
,,,
,,,
,,,
,,,
,,,
,,,
,,,
,,,
,,,
,,,
,,,
,,,
,,,
,,,
,,,
,,,
,,,
,,,
,,,
,,,
,,,
,,,
,,,
,,,
,,,
,,,
,,,
,,,
,,,
,,,
,,,
,,,
,,,
,,,
,,,
,,,
,,,
,,,
,,,
,,,
,,,
,,,
,,,
,,,
,,,
,,,
,,,
,,,
,,,
,,,
,,,
,,,
,,,
,,,
,,,
,,,
,,,
,,,
,,,
,,,
,,,
,,,
,,,
,,,
,,,
,,,
,,,
,,,
,,,
,,,
,,,
,,,
,,,
,,,
,,,
,,,
,,,
,,,
,,,
,,,
,,,
,,,
,,,
,,,
,,,
,,,
,,,
,,,
,,,
,,,
,,,
,,,
,,,
,,,
,,,
,,,
,,,
,,,
,,,
,,,
,,,
,,,
,,,
,,,
,,,
,,,
,,,
,,,
,,,
,,,
,,,
,,,
,,,
,,,
,,,
,,,
,,,
,,,
,,,
,,,
,,,
,,,
,,,
,,,
,,,
,,,
,,,
,,,
,,,
,,,
,,,
,,,
,,,
,,,
,,,
,,,
,,,
,,,
,,,
,,,
,,,
,,,
,,,
,,,
,,,
,,,
,,,
,,,
,,,
,,,
,,,
,,,
,,,
,,,
,,,
,,,
,,,
,,,
,,,
,,,
,,,
,,,
,,,
,,,
,,,
,,,
,,,
,,,
,,,
,,,
,,,
,,,
,,,
,,,
,,,
,,,
,,,
,,,
,,,
,,,
,,,
,,,
,,,
,,,
,,,
,,,
,,,
,,,
,,,
,,,
,,,
,,,
,,,
,,,
,,,
,,,
,,,
,,,
,,,
,,,
,,,
,,,
,,,
,,,
,,,
,,,
,,,
,,,
,,,
,,,
,,,
,,,
,,,
,,,
,,,
,,,
,,,
,,,
,,,
,,,
,,,
,,,
,,,
,,,
,,,
,,,
,,,
,,,
,,,
,,,
,,,
,,,
,,,
,,,
,,,
,,,
,,,
,,,
,,,
,,,
,,,
,,,
,,,
,,,
,,,
,,,
,,,
,,,
,,,
,,,
,,,
,,,
,,,
,,,
,,,
,,,
,,,
,,,
,,,
,,,
,,,
,,,
,,,
,,,
,,,
,,,
,,,
,,,
,,,
,,,
,,,
,,,
,,,
,,,
,,,
,,,
,,,
,,,
,,,
,,,
,,,
,,,
,,,
,,,
,,,
,,,
,,,
,,,
,,,
,,,
,,,
,,,
,,,
,,,
,,,
,,,
,,,
,,,
,,,
,,,
,,,
,,,
,,,
,,,
,,,
,,,
,,,
,,,
,,,
,,,
,,,
,,,
,,,
,,,
,,,
,,,
,,,
,,,
,,,
,,,
,,,
,,,
,,,
,,,
,,,
,,,
,,,
,,,
,,,
,,,
,,,
,,,
,,,
,,,
,,,
,,,
,,,
,,,
,,,
,,,
,,,
,,,
,,,
,,,
,,,
,,,
,,,
,,,
,,,
,,,
,,,
,,,
,,,
,,,
,,,
,,,
,,,
,,,
,,,
,,,
,,,
,,,
,,,
,,,
,,,
,,,
,,,
,,,
,,,
,,,
,,,
,,,
,,,
,,,
,,,
,,,
,,,
,,,
,,,
,,,
,,,
,,,
,,,
,,,
,,,
,,,
,,,
,,,
,,,
,,,
,,,
,,,
,,,
,,,
,,,
,,,
,,,
,,,
,,,
,,,
,,,
,,,
,,,
,,,
,,,
,,,
,,,
,,,
,,,
,,,
,,,
,,,
,,,
,,,
,,,
,,,
,,,
,,,
,,,
,,,
,,,
,,,
,,,
,,,
,,,
,,,
,,,
,,,
,,,
,,,
,,,
,,,
,,,
,,,
,,,
,,,
,,,
,,,
,,,
,,,
,,,
,,,
,,,
,,,
,,,
,,,
,,,
,,,
,,,
,,,
,,,
,,,
,,,
,,,
,,,
,,,
,,,
,,,
,,,
,,,
,,,
,,,
,,,
,,,
,,,
,,,
,,,
,,,
,,,
,,,
,,,
,,,
,,,
,,,
,,,
,,,
,,,
,,,
,,,
,,,
,,,
,,,
,,,
,,,
,,,
,,,
,,,
,,,
,,,
,,,
,,,
,,,
,,,
,,,
,,,
,,,
,,,
,,,
,,,
,,,
,,,
,,,
,,,
,,,
,,,
,,,
,,,
,,,
,,,
,,,
,,,
,,,
,,,
,,,
,,,
,,,
,,,
,,,
,,,
,,,
,,,
,,,
,,,
,,,
,,,
,,,
,,,
,,,
,,,
,,,
,,,
,,,
,,,
,,,
,,,
,,,
,,,
,,,
,,,
,,,
,,,
,,,
,,,
,,,
,,,
,,,
,,,
,,,
,,,
,,,
,,,
,,,
,,,
,,,
,,,
,,,
,,,
,,,
,,,
,,,
,,,
,,,
,,,
,,,
,,,
,,,
,,,
,,,
,,,
,,,
,,,
,,,
,,,
,,,
,,,
,,,
,,,
,,,
,,,
,,,
,,,
,,,
,,,
,,,
,,,
,,,
,,,
,,,
,,,
,,,
,,,
,,,
,,,
,,,
,,,
,,,
,,,
,,,
,,,
,,,
,,,
,,,
,,,
,,,
,,,
,,,
,,,
,,,
,,,
,,,
,,,
,,,
,,,
,,,
,,,
,,,
,,,
,,,
,,,
,,,
,,,
,,,
,,,
,,,
,,,
,,,
,,,
,,,
,,,
,,,
,,,
,,,
,,,
,,,
,,,
,,,
,,,
,,,
,,,
,,,
,,,
,,,
,,,
,,,
,,,
,,,
,,,
,,,
,,,
,,,
,,,
,,,
,,,
,,,
,,,
,,,
,,,
,,,
,,,
,,,
,,,
,,,
,,,
,,,
,,,
,,,
,,,
,,,
,,,
,,,
,,,
,,,
,,,
,,,
,,,
,,,
,,,
,,,
,,,
,,,
,,,
,,,
,,,
,,,
,,,
,,,
,,,
,,,
,,,
,,,
,,,
,,,
,,,
,,,
,,,
,,,
,,,
,,,
,,,
,,,
,,,
,,,
,,,
,,,
,,,
,,,
,,,
,,,
,,,
,,,
,,,
,,,
,,,
,,,
,,,
,,,
,,,
,,,
,,,
,,,
,,,
,,,
,,,
,,,
,,,
,,,
,,,
,,,
,,,
,,,
,,,
,,,
,,,
,,,
,,,
,,,
,,,
,,,
,,,
,,,
,,,
,,,
,,,
,,,
,,,
,,,
,,,
,,,
,,,
,,,
,,,
,,,
,,,
,,,
,,,
,,,
,,,
,,,
,,,
,,,
,,,
,,,
,,,
,,,
,,,
,,,
,,,
,,,
,,,
,,,
,,,
,,,
,,,
,,,
,,,
,,,
,,,
,,,
,,,
,,,
,,,
,,,
,,,
,,,
,,,
,,,
,,,
,,,
,,,
,,,
,,,
,,,
,,,
,,,
,,,
,,,
,,,
,,,
,,,
,,,
,,,
,,,
,,,
,,,
,,,
,,,
,,,
,,,
,,,
,,,
,,,
,,,
,,,
,,,
,,,
,,,
,,,
,,,
,,,
,,,
,,,
,,,
,,,
,,,
,,,
,,,
,,,
,,,
,,,
,,,
,,,
,,,
,,,
,,,
,,,
,,,
,,,
,,,
,,,
,,,
,,,
,,,
,,,
,,,
,,,
,,,
,,,
,,,
,,,
,,,
,,,
,,,
,,,
,,,
,,,
,,,
,,,
,,,
,,,
,,,
,,,
,,,
,,,
,,,
,,,
,,,
,,,
,,,
,,,
,,,
,,,
,,,
,,,
,,,
,,,
,,,
,,,
,,,
,,,
,,,
,,,
,,,
,,,
,,,
,,,
,,,
,,,
,,,
,,,
,,,
,,,
,,,
,,,
,,,
,,,
,,,
,,,
,,,
,,,
,,,
,,,
,,,
,,,
,,,
,,,
,,,
,,,
,,,
,,,
,,,
,,,
,,,
,,,
,,,
,,,
,,,
,,,
,,,
,,,
,,,
,,,
,,,
,,,
,,,
,,,
,,,
,,,
,,,
,,,
,,,
,,,
,,,
,,,
,,,
,,,
,,,
,,,
,,,
,,,
,,,
,,,
,,,
,,,
,,,
,,,
,,,
,,,
,,,
,,,
,,,
,,,
,,,
,,,
,,,
,,,
,,,
,,,
,,,
,,,
,,,
,,,
,,,
,,,
,,,
,,,
,,,
,,,
,,,
,,,
,,,
,,,
,,,
,,,
,,,
,,,
,,,
,,,
,,,
,,,
,,,
,,,
,,,
,,,
,,,
,,,
,,,
,,,
,,,
,,,
,,,
,,,
,,,
,,,
,,,
,,,
,,,
,,,
,,,
,,,
,,,
,,,
,,,
,,,
,,,
,,,
,,,
,,,
,,,
,,,
,,,
,,,
,,,
,,,
,,,
,,,
,,,
,,,
,,,
,,,
,,,
,,,
,,,
,,,
,,,
,,,
,,,
,,,
,,,
,,,
,,,
,,,
,,,
,,,
,,,
,,,
,,,
,,,
,,,
,,,
,,,
,,,
,,,
,,,
,,,
,,,
,,,
,,,
,,,
,,,
,,,
,,,
,,,
,,,
,,,
,,,
,,,
,,,
,,,
,,,
,,,
,,,
,,,
,,,
,,,
,,,
,,,
,,,
,,,
,,,
,,,
,,,
,,,
,,,
,,,
,,,
,,,
,,,
,,,
,,,
,,,
,,,
,,,
,,,
,,,
,,,
,,,
,,,
,,,
,,,
,,,
,,,
,,,
,,,
,,,
,,,
,,,
,,,
,,,
,,,
,,,
,,,
,,,
,,,
,,,
,,,
,,,
,,,
,,,
,,,
,,,
,,,
,,,
,,,
,,,
,,,
,,,
,,,
,,,
,,,
,,,
,,,
,,,
,,,
,,,
,,,
,,,
,,,
,,,
,,,
,,,
,,,
,,,
,,,
,,,
,,,
,,,
,,,
,,,
,,,
,,,
,,,
,,,
,,,
,,,
,,,
,,,
,,,
,,,
,,,
,,,
,,,
,,,
,,,
,,,
,,,
,,,
,,,
,,,
,,,
,,,
,,,
,,,
,,,
,,,
,,,
,,,
,,,
,,,
,,,
,,,
,,,
,,,
,,,
,,,
,,,
,,,
,,,
,,,
,,,
,,,
,,,
,,,
,,,
,,,
,,,
,,,
,,,
,,,
,,,
,,,
,,,
,,,
,,,
,,,
,,,
,,,
,,,
,,,
,,,
,,,
,,,
,,,
,,,
,,,
,,,
,,,
,,,
,,,
,,,
,,,
,,,
,,,
,,,
,,,
,,,
,,,
,,,
,,,
,,,
,,,
,,,
,,,
,,,
,,,
,,,
,,,
,,,
,,,
,,,
,,,
,,,
,,,
,,,
,,,
,,,
,,,
,,,
,,,
,,,
,,,
,,,
,,,
,,,
,,,
,,,
,,,
,,,
,,,
,,,
,,,
,,,
,,,
,,,
,,,
,,,
,,,
,,,
,,,
,,,
,,,
,,,
,,,
,,,
,,,
,,,
,,,
,,,
,,,
,,,
,,,
,,,
,,,
,,,
,,,
,,,
,,,
,,,
,,,
,,,
,,,
,,,
,,,
,,,
,,,
,,,
,,,
,,,
,,,
,,,
,,,
,,,
,,,
,,,
,,,
,,,
,,,
,,,
,,,
,,,
,,,
,,,
,,,
,,,
,,,
,,,
,,,
,,,
,,,
,,,
,,,
,,,
,,,
,,,
,,,
,,,
,,,
,,,
,,,
,,,
,,,
,,,
,,,
,,,
,,,
,,,
,,,
,,,
,,,
,,,
,,,
,,,
,,,
,,,
,,,
,,,
,,,
,,,
,,,
,,,
,,,
,,,
,,,
,,,
,,,
,,,
,,,
,,,
,,,
,,,
,,,
,,,
,,,
,,,
,,,
,,,
,,,
,,,
,,,
,,,
,,,
,,,
,,,
,,,
,,,
,,,
,,,
,,,
,,,
,,,
,,,
,,,
,,,
,,,
,,,
,,,
,,,
,,,
,,,
,,,
,,,
,,,
,,,
,,,
,,,
,,,
,,,
,,,
,,,
,,,
,,,
,,,
,,,
,,,
,,,
,,,
,,,
,,,
,,,
,,,
,,,
,,,
,,,
,,,
,,,
,,,
,,,
,,,
,,,
,,,
,,,
,,,
,,,
,,,
,,,
,,,
,,,
,,,
,,,
,,,
,,,
,,,
,,,
,,,
,,,
,,,
,,,
,,,
,,,
,,,
,,,
,,,
,,,
,,,
,,,
,,,
,,,
,,,
,,,
,,,
,,,
,,,
,,,
,,,
,,,
,,,
,,,
,,,
,,,
,,,
,,,
,,,
,,,
,,,
,,,
,,,
,,,
,,,
,,,
,,,
,,,
,,,
,,,
,,,
,,,
,,,
,,,
,,,
,,,
,,,
,,,
,,,
,,,
,,,
,,,
,,,
,,,
,,,
,,,
,,,
,,,
,,,
,,,
,,,
,,,
,,,
,,,
,,,
,,,
,,,
,,,
,,,
,,,
,,,
,,,
,,,
,,,
,,,
,,,
,,,
,,,
,,,
,,,
,,,
,,,
,,,
,,,
,,,
,,,
,,,
,,,
,,,
,,,
,,,
,,,
,,,
,,,
,,,
,,,
,,,
,,,
,,,
,,,
,,,
,,,
,,,
,,,
,,,
,,,
,,,
,,,
,,,
,,,
,,,
,,,
,,,
,,,
,,,
,,,
,,,
,,,
,,,
,,,
,,,
,,,
,,,
,,,
,,,
,,,
,,,
,,,
,,,
,,,
,,,
,,,
,,,
,,,
,,,
,,,
,,,
,,,
,,,
,,,
,,,
,,,
,,,
,,,
,,,
,,,
,,,
,,,
,,,
,,,
,,,
,,,
,,,
,,,
,,,
,,,
,,,
,,,
,,,
,,,
,,,
,,,
,,,
,,,
,,,
,,,
,,,
,,,
,,,
,,,
,,,
,,,
,,,
,,,
,,,
,,,
,,,
,,,
,,,
,,,
,,,
,,,
,,,
,,,
,,,
,,,
,,,
,,,
,,,
,,,
,,,
,,,
,,,
,,,
,,,
,,,
,,,
,,,
,,,
,,,
,,,
,,,
,,,
,,,
,,,
,,,
,,,
,,,
,,,
,,,
,,,
,,,
,,,
,,,
,,,
,,,
,,,
,,,
,,,
,,,
,,,
,,,
,,,
,,,
,,,
,,,
,,,
,,,
,,,
,,,
,,,
,,,
,,,
,,,
,,,
,,,
,,,
,,,
,,,
,,,
,,,
,,,
,,,
,,,
,,,
,,,
,,,
,,,
,,,
,,,
,,,
,,,
,,,
,,,
,,,
,,,
,,,
,,,
,,,
,,,
,,,
,,,
,,,
,,,
,,,
,,,
,,,
,,,
,,,
,,,
,,,
,,,
,,,
,,,
,,,
,,,
,,,
,,,
,,,
,,,
,,,
,,,
,,,
,,,
,,,
,,,
,,,
,,,
,,,
,,,
,,,
,,,
,,,
,,,
,,,
,,,
,,,
,,,
,,,
,,,
,,,
,,,
,,,
,,,
,,,
,,,
,,,
,,,
,,,
,,,
,,,
,,,
,,,
,,,
,,,
,,,
,,,
,,,
,,,
,,,
,,,
,,,
,,,
,,,
,,,
,,,
,,,
,,,
,,,
,,,
,,,
,,,
,,,
,,,
,,,
,,,
,,,
,,,
,,,
,,,
,,,
,,,
,,,
,,,
,,,
,,,
,,,
,,,
,,,
,,,
,,,
,,,
,,,
,,,
,,,
,,,
,,,
,,,
,,,
,,,
,,,
,,,
,,,
,,,
,,,
,,,
,,,
,,,
,,,
,,,
,,,
,,,
,,,
,,,
,,,
,,,
,,,
,,,
,,,
,,,
,,,
,,,
,,,
,,,
,,,
,,,
,,,
,,,
,,,
,,,
,,,
,,,
,,,
,,,
,,,
,,,
,,,
,,,
,,,
,,,
,,,
,,,
,,,
,,,
,,,
,,,
,,,
,,,
,,,
,,,
,,,
,,,
,,,
,,,
,,,
,,,
,,,
,,,
,,,
,,,
,,,
,,,
,,,
,,,
,,,
,,,
,,,
,,,
,,,
,,,
,,,
,,,
,,,
,,,
,,,
,,,
,,,
,,,
,,,
,,,
,,,
,,,
,,,
,,,
,,,
,,,
,,,
,,,
,,,
,,,
,,,
,,,
,,,
,,,
,,,
,,,
,,,
,,,
,,,
,,,
,,,
,,,
,,,
,,,
,,,
,,,
,,,
,,,
,,,
,,,
,,,
,,,
,,,
,,,
,,,
,,,
,,,
,,,
,,,
,,,
,,,
,,,
,,,
,,,
,,,
,,,
,,,
,,,
,,,
,,,
,,,
,,,
,,,
,,,
,,,
,,,
,,,
,,,
,,,
,,,
,,,
,,,
,,,
,,,
,,,
,,,
,,,
,,,
,,,
,,,
,,,
,,,
,,,
,,,
,,,
,,,
,,,
,,,
,,,
,,,
,,,
,,,
,,,
,,,
,,,
,,,
,,,
,,,
,,,
,,,
,,,
,,,
,,,
,,,
,,,
,,,
,,,
,,,
,,,
,,,
,,,
,,,
,,,
,,,
,,,
,,,
,,,
,,,
,,,
,,,
,,,
,,,
,,,
,,,
,,,
,,,
,,,
,,,
,,,
,,,
,,,
,,,
,,,
,,,
,,,
,,,
,,,
,,,
,,,
,,,
,,,
,,,
,,,
,,,
,,,
,,,
,,,
,,,
,,,
,,,
,,,
,,,
,,,
,,,
,,,
,,,
,,,
,,,
,,,
,,,
,,,
,,,
,,,
,,,
,,,
,,,
,,,
,,,
,,,
,,,
,,,
,,,
,,,
,,,
,,,
,,,
,,,
,,,
,,,
,,,
,,,
,,,
,,,
,,,
,,,
,,,
,,,
,,,
,,,
,,,
,,,
,,,
,,,
,,,
,,,
,,,
,,,
,,,
,,,
,,,
,,,
,,,
,,,
,,,
,,,
,,,
,,,
,,,
,,,
,,,
,,,
,,,
,,,
,,,
,,,
,,,
,,,
,,,
,,,
,,,
,,,
,,,
,,,
,,,
,,,
,,,
,,,
,,,
,,,
,,,
,,,
,,,
,,,
,,,
,,,
,,,
,,,
,,,
,,,
,,,
,,,
,,,
,,,
,,,
,,,
,,,
,,,
,,,
,,,
,,,
,,,
,,,
,,,
,,,
,,,
,,,
,,,
,,,
,,,
,,,
,,,
,,,
,,,
,,,
,,,
,,,
,,,
,,,
,,,
,,,
,,,
,,,
,,,
,,,
,,,
,,,
,,,
,,,
,,,
,,,
,,,
,,,
,,,
,,,
,,,
,,,
,,,
,,,
,,,
,,,
,,,
,,,
,,,
,,,
,,,
,,,
,,,
,,,
,,,
,,,
,,,
,,,
,,,
,,,
,,,
,,,
,,,
,,,
,,,
,,,
,,,
,,,
,,,
,,,
,,,
,,,
,,,
,,,
,,,
,,,
,,,
,,,
,,,
,,,
,,,
,,,
,,,
,,,
,,,
,,,
,,,
,,,
,,,
,,,
,,,
,,,
,,,
,,,
,,,
,,,
,,,
,,,
,,,
,,,
,,,
,,,
,,,
,,,
,,,
,,,
,,,
,,,
,,,
,,,
,,,
,,,
,,,
,,,
,,,
,,,
,,,
,,,
,,,
,,,
,,,
,,,
,,,
,,,
,,,
,,,
,,,
,,,
,,,
,,,
,,,
,,,
,,,
,,,
,,,
,,,
,,,
,,,
,,,
,,,
,,,
,,,
,,,
,,,
,,,
,,,
,,,
,,,
,,,
,,,
,,,
,,,
,,,
,,,
,,,
,,,
,,,
,,,
,,,
,,,
,,,
,,,
,,,
,,,
,,,
,,,
,,,
,,,
,,,
,,,
,,,
,,,
,,,
,,,
,,,
,,,
,,,
,,,
,,,
,,,
,,,
,,,
,,,
,,,
,,,
,,,
,,,
,,,
,,,
,,,
,,,
,,,
,,,
,,,
,,,
,,,
,,,
,,,
,,,
,,,
,,,
,,,
,,,
,,,
,,,
,,,
,,,
,,,
,,,
,,,
,,,
,,,
,,,
,,,
,,,
,,,
,,,
,,,
,,,
,,,
,,,
,,,
,,,
,,,
,,,
,,,
,,,
,,,
,,,
,,,
,,,
,,,
,,,
,,,
,,,
,,,
,,,
,,,
,,,
,,,
,,,
,,,
,,,
,,,
,,,
,,,
,,,
,,,
,,,
,,,
,,,
,,,
,,,
,,,
,,,
,,,
,,,
,,,
,,,
,,,
,,,
,,,
,,,
,,,
,,,
,,,
,,,
,,,
,,,
,,,
,,,
,,,
,,,
,,,
,,,
,,,
,,,
,,,
,,,
,,,
,,,
,,,
,,,
,,,
,,,
,,,
,,,
,,,
,,,
,,,
,,,
,,,
,,,
,,,
,,,
,,,
,,,
,,,
,,,
,,,
,,,
,,,
,,,
,,,
,,,
,,,
,,,
,,,
,,,
,,,
,,,
,,,
,,,
,,,
,,,
,,,
,,,
,,,
,,,
,,,
,,,
,,,
,,,
,,,
,,,
,,,
,,,
,,,
,,,
,,,
,,,
,,,
,,,
,,,
,,,
,,,
,,,
,,,
,,,
,,,
,,,
,,,
,,,
,,,
,,,
,,,
,,,
,,,
,,,
,,,
,,,
,,,
,,,
,,,
,,,
,,,
,,,
,,,
,,,
,,,
,,,
,,,
,,,
,,,
,,,
,,,
,,,
,,,
,,,
,,,
,,,
,,,
,,,
,,,
,,,
,,,
,,,
,,,
,,,
,,,
,,,
,,,
,,,
,,,
,,,
,,,
,,,
,,,
,,,
,,,
,,,
,,,
,,,
,,,
,,,
,,,
,,,
,,,
,,,
,,,
,,,
,,,
,,,
,,,
,,,
,,,
,,,
,,,
,,,
,,,
,,,
,,,
,,,
,,,
,,,
,,,
,,,
,,,
,,,
,,,
,,,
,,,
,,,
,,,
,,,
,,,
,,,
,,,
,,,
,,,
,,,
,,,
,,,
,,,
,,,
,,,
,,,
,,,
,,,
,,,
,,,
,,,
,,,
,,,
,,,
,,,
,,,
,,,
,,,
,,,
,,,
,,,
,,,
,,,
,,,
,,,
,,,
,,,
,,,
,,,
,,,
,,,
,,,
,,,
,,,
,,,
,,,
,,,
,,,
,,,
,,,
,,,
,,,
,,,
,,,
,,,
,,,
,,,
,,,
,,,
,,,
,,,
,,,
,,,
,,,
,,,
,,,
,,,
,,,
,,,
,,,
,,,
,,,
,,,
,,,
,,,
,,,
,,,
,,,
,,,
,,,
,,,
,,,
,,,
,,,
,,,
,,,
,,,
,,,
,,,
,,,
,,,
,,,
,,,
,,,
,,,
,,,
,,,
,,,
,,,
,,,
,,,
,,,
,,,
,,,
,,,
,,,
,,,
,,,
,,,
,,,
,,,
,,,
,,,
,,,
,,,
,,,
,,,
,,,
,,,
,,,
,,,
,,,
,,,
,,,
,,,
,,,
,,,
,,,
,,,
,,,
,,,
,,,
,,,
,,,
,,,
,,,
,,,
,,,
,,,
,,,
,,,
,,,
,,,
,,,
,,,
,,,
,,,
,,,
,,,
,,,
,,,
,,,
,,,
,,,
,,,
,,,
,,,
,,,
,,,
,,,
,,,
,,,
,,,
,,,
,,,
,,,
,,,
,,,
,,,
,,,
,,,
,,,
,,,
,,,
,,,
,,,
,,,
,,,
,,,
,,,
,,,
,,,
,,,
,,,
,,,
,,,
,,,
,,,
,,,
,,,
,,,
,,,
,,,
,,,
,,,
,,,
,,,
,,,
,,,
,,,
,,,
,,,
,,,
,,,
,,,
,,,
,,,
,,,
,,,
,,,
,,,
,,,
,,,
,,,
,,,
,,,
,,,
,,,
,,,
,,,
,,,
,,,
,,,
,,,
,,,
,,,
,,,
,,,
,,,
,,,
,,,
,,,
,,,
,,,
,,,
,,,
,,,
,,,
,,,
,,,
,,,
,,,
,,,
,,,
,,,
,,,
,,,
,,,
,,,
,,,
,,,
,,,
,,,
,,,
,,,
,,,
,,,
,,,
,,,
,,,
,,,
,,,
,,,
,,,
,,,
,,,
,,,
,,,
,,,
,,,
,,,
,,,
,,,
,,,
,,,
,,,
,,,
,,,
,,,
,,,
,,,
,,,
,,,
,,,
,,,
,,,
,,,
,,,
,,,
,,,
,,,
,,,
,,,
,,,
,,,
,,,
,,,
,,,
,,,
,,,
,,,
,,,
,,,
,,,
,,,
,,,
,,,
,,,
,,,
,,,
,,,
,,,
,,,
,,,
,,,
,,,
,,,
,,,
,,,
,,,
,,,
,,,
,,,
,,,
,,,
,,,
,,,
,,,
,,,
,,,
,,,
,,,
,,,
,,,
,,,
,,,
,,,
,,,
,,,
,,,
,,,
,,,
,,,
,,,
,,,
,,,
,,,
,,,
,,,
,,,
,,,
,,,
,,,
,,,
,,,
,,,
,,,
,,,
,,,
,,,
,,,
,,,
,,,
,,,
,,,
,,,
,,,
,,,
,,,
,,,
,,,
,,,
,,,
,,,
,,,
,,,
,,,
,,,
,,,
,,,
,,,
,,,
,,,
,,,
,,,
,,,
,,,
,,,
,,,
,,,
,,,
,,,
,,,
,,,
,,,
,,,
,,,
,,,
,,,
,,,
,,,
,,,
,,,
,,,
,,,
,,,
,,,
,,,
,,,
,,,
,,,
,,,
,,,
,,,
,,,
,,,
,,,
,,,
,,,
,,,
,,,
,,,
,,,
,,,
,,,
,,,
,,,
,,,
,,,
,,,
,,,
,,,
,,,
,,,
,,,
,,,
,,,
,,,
,,,
,,,
,,,
,,,
,,,
,,,
,,,
,,,
,,,
,,,
,,,
,,,
,,,
,,,
,,,
,,,
,,,
,,,
,,,
,,,
,,,
,,,
,,,
,,,
,,,
,,,
,,,
,,,
,,,
,,,
,,,
,,,
,,,
,,,
,,,
,,,
,,,
,,,
,,,
,,,
,,,
,,,
,,,
,,,
,,,
,,,
,,,
,,,
,,,
,,,
,,,
,,,
,,,
,,,
,,,
,,,
,,,
,,,
,,,
,,,
,,,
,,,
,,,
,,,
,,,
,,,
,,,
,,,
,,,
,,,
,,,
,,,
,,,
,,,
,,,
,,,
,,,
,,,
,,,
,,,
,,,
,,,
,,,
,,,
,,,
,,,
,,,
,,,
,,,
,,,
,,,
,,,
,,,
,,,
,,,
,,,
,,,
,,,
,,,
,,,
,,,
,,,
,,,
,,,
,,,
,,,
,,,
,,,
,,,
,,,
,,,
,,,
,,,
,,,
,,,
,,,
,,,
,,,
,,,
,,,
,,,
,,,
,,,
,,,
,,,
,,,
,,,
,,,
,,,
,,,
,,,
,,,
,,,
,,,
,,,
,,,
,,,
,,,
,,,
,,,
,,,
,,,
,,,
,,,
,,,
,,,
,,,
,,,
,,,
,,,
,,,
,,,
,,,
,,,
,,,
,,,
,,,
,,,
,,,
,,,
,,,
,,,
,,,
,,,
,,,
,,,
,,,
,,,
,,,
,,,
,,,
,,,
,,,
,,,
,,,
,,,
,,,
,,,
,,,
,,,
,,,
,,,
,,,
,,,
,,,
,,,
,,,
,,,
,,,
,,,
,,,
,,,
,,,
,,,
,,,
,,,
,,,
,,,
,,,
,,,
,,,
,,,
,,,
,,,
,,,
,,,
,,,
,,,
,,,
,,,
,,,
,,,
,,,
,,,
,,,
,,,
,,,
,,,
,,,
,,,
,,,
,,,
,,,
,,,
,,,
,,,
,,,
,,,
,,,
,,,
,,,
,,,
,,,
,,,
,,,
,,,
,,,
,,,
,,,
,,,
,,,
,,,
,,,
,,,
,,,
,,,
,,,
,,,
,,,
,,,
,,,
,,,
,,,
,,,
,,,
,,,
,,,
,,,
,,,
,,,
,,,
,,,
,,,
,,,
,,,
,,,
,,,
,,,
,,,
,,,
,,,
,,,
,,,
,,,
,,,
,,,
,,,
,,,
,,,
,,,
,,,
,,,
,,,
,,,
,,,
,,,
,,,
,,,
,,,
,,,
,,,
,,,
,,,
,,,
,,,
,,,
,,,
,,,
,,,
,,,
,,,
,,,
,,,
,,,
,,,
,,,
,,,
,,,
,,,
,,,
,,,
,,,
,,,
,,,
,,,
,,,
,,,
,,,
,,,
,,,
,,,
,,,
,,,
,,,
,,,
,,,
,,,
,,,
,,,
,,,
,,,
,,,
,,,
,,,
,,,
,,,
,,,
,,,
,,,
,,,
,,,
,,,
,,,
,,,
,,,
,,,
,,,
,,,
,,,
,,,
,,,
,,,
,,,
,,,
,,,
,,,
,,,
,,,
,,,
,,,
,,,
,,,
,,,
,,,
,,,
,,,
,,,
,,,
,,,
,,,
,,,
,,,
,,,
,,,
,,,
,,,
,,,
,,,
,,,
,,,
,,,
,,,
,,,
,,,
,,,
,,,
,,,
,,,
,,,
,,,
,,,
,,,
,,,
,,,
,,,
,,,
,,,
,,,
,,,
,,,
,,,
,,,
,,,
,,,
,,,
,,,
,,,
,,,
,,,
,,,
,,,
,,,
,,,
,,,
,,,
,,,
,,,
,,,
,,,
,,,
,,,
,,,
,,,
,,,
,,,
,,,
,,,
,,,
,,,
,,,
,,,
,,,
,,,
,,,
,,,
,,,
,,,
,,,
,,,
,,,
,,,
,,,
,,,
,,,
,,,
,,,
,,,
,,,
,,,
,,,
,,,
,,,
,,,
,,,
,,,
,,,
,,,
,,,
,,,
,,,
,,,
,,,
,,,
,,,
,,,
,,,
,,,
,,,
,,,
,,,
,,,
,,,
,,,
,,,
,,,
,,,
,,,
,,,
,,,
,,,
,,,
,,,
,,,
,,,
,,,
,,,
,,,
,,,
,,,
,,,
,,,
,,,
,,,
,,,
,,,
,,,
,,,
,,,
,,,
,,,
,,,
,,,
,,,
,,,
,,,
,,,
,,,
,,,
,,,
,,,
,,,
,,,
,,,
,,,
,,,
,,,
,,,
,,,
,,,
,,,
,,,
,,,
,,,
,,,
,,,
,,,
,,,
,,,
,,,
,,,
,,,
,,,
,,,
,,,
,,,
,,,
,,,
,,,
,,,
,,,
,,,
,,,
,,,
,,,
,,,
,,,
,,,
,,,
,,,
,,,
,,,
,,,
,,,
,,,
,,,
,,,
,,,
,,,
,,,
,,,
,,,
,,,
,,,
,,,
,,,
,,,
,,,
,,,
,,,
,,,
,,,
,,,
,,,
,,,
,,,
,,,
,,,
,,,
,,,
,,,
,,,
,,,
,,,
,,,
,,,
,,,
,,,
,,,
,,,
,,,
,,,
,,,
,,,
,,,
,,,
,,,
,,,